siege-acceptance / siege-linux	UNKNOWN STEP	﻿2026-10-04T11:22:15.9570195Z Current runner version: '2.337.0'
siege-acceptance / siege-linux	UNKNOWN STEP	2026-10-04T11:22:15.9595570Z ##[group]Runner Image Provisioner
siege-acceptance / siege-linux	UNKNOWN STEP	2026-10-04T11:22:15.9596468Z Hosted Compute Agent
siege-acceptance / siege-linux	UNKNOWN STEP	2026-10-04T11:22:15.9597141Z Version: 20260901.588
siege-acceptance / siege-linux	UNKNOWN STEP	2026-10-04T11:22:15.9597783Z Commit: f88ec8081b781fac6c440065ac7ff9e710ce3d0b
siege-acceptance / siege-linux	UNKNOWN STEP	2026-10-04T11:22:15.9598512Z Build Date: 2026-09-01T19:56:44Z
siege-acceptance / siege-linux	UNKNOWN STEP	2026-10-04T11:22:15.9599290Z Worker ID: {eef50cb0-4d8c-4de2-a2fc-a9ed850d6695}
siege-acceptance / siege-linux	UNKNOWN STEP	2026-10-04T11:22:15.9600035Z Azure Region: northcentralus
siege-acceptance / siege-linux	UNKNOWN STEP	2026-10-04T11:22:15.9601048Z ##[endgroup]
siege-acceptance / siege-linux	UNKNOWN STEP	2026-10-04T11:22:15.9602610Z ##[group]Operating System
siege-acceptance / siege-linux	UNKNOWN STEP	2026-10-04T11:22:15.9603290Z Ubuntu
siege-acceptance / siege-linux	UNKNOWN STEP	2026-10-04T11:22:15.9603912Z 24.04.5
siege-acceptance / siege-linux	UNKNOWN STEP	2026-10-04T11:22:15.9604468Z LTS
siege-acceptance / siege-linux	UNKNOWN STEP	2026-10-04T11:22:15.9605031Z ##[endgroup]
siege-acceptance / siege-linux	UNKNOWN STEP	2026-10-04T11:22:15.9605651Z ##[group]Runner Image
siege-acceptance / siege-linux	UNKNOWN STEP	2026-10-04T11:22:15.9606257Z Image: ubuntu-24.04
siege-acceptance / siege-linux	UNKNOWN STEP	2026-10-04T11:22:15.9606885Z Version: 20260927.320.1
siege-acceptance / siege-linux	UNKNOWN STEP	2026-10-04T11:22:15.9608161Z Included Software: https://github.com/actions/runner-images/blob/ubuntu24/20260927.320/images/ubuntu/Ubuntu2404-Readme.md
siege-acceptance / siege-linux	UNKNOWN STEP	2026-10-04T11:22:15.9609760Z Image Release: https://github.com/actions/runner-images/releases/tag/ubuntu24%2F20260927.320
siege-acceptance / siege-linux	UNKNOWN STEP	2026-10-04T11:22:15.9611036Z ##[endgroup]
siege-acceptance / siege-linux	UNKNOWN STEP	2026-10-04T11:22:15.9612223Z ##[group]GITHUB_TOKEN Permissions
siege-acceptance / siege-linux	UNKNOWN STEP	2026-10-04T11:22:15.9614395Z Contents: read
siege-acceptance / siege-linux	UNKNOWN STEP	2026-10-04T11:22:15.9615461Z Metadata: read
siege-acceptance / siege-linux	UNKNOWN STEP	2026-10-04T11:22:15.9616050Z ##[endgroup]
siege-acceptance / siege-linux	UNKNOWN STEP	2026-10-04T11:22:15.9618225Z Secret source: Actions
siege-acceptance / siege-linux	UNKNOWN STEP	2026-10-04T11:22:15.9619228Z Cache mode: write
siege-acceptance / siege-linux	UNKNOWN STEP	2026-10-04T11:22:15.9619981Z Prepare workflow directory
siege-acceptance / siege-linux	UNKNOWN STEP	2026-10-04T11:22:16.0242055Z Prepare all required actions
siege-acceptance / siege-linux	UNKNOWN STEP	2026-10-04T11:22:16.0312338Z Getting action download info
siege-acceptance / siege-linux	UNKNOWN STEP	2026-10-04T11:22:16.3195251Z Download action repository 'actions/checkout@3d3c42e5aac5ba805825da76410c181273ba90b1' (SHA:3d3c42e5aac5ba805825da76410c181273ba90b1)
siege-acceptance / siege-linux	UNKNOWN STEP	2026-10-04T11:22:16.5204302Z Uses: Zombieliu/mir2/.github/workflows/sabuk-acceptance.yml@refs/heads/codex/crowded-combat-control-20261003 (51e8e49132bfb6fbce7582a9d1c21d8f685d09c9)
siege-acceptance / siege-linux	UNKNOWN STEP	2026-10-04T11:22:16.5209611Z ##[group] Inputs
siege-acceptance / siege-linux	UNKNOWN STEP	2026-10-04T11:22:16.5210480Z   release_tag: 20261004-native-r18
siege-acceptance / siege-linux	UNKNOWN STEP	2026-10-04T11:22:16.5211565Z   publish_r2: false
siege-acceptance / siege-linux	UNKNOWN STEP	2026-10-04T11:22:16.5212065Z ##[endgroup]
siege-acceptance / siege-linux	UNKNOWN STEP	2026-10-04T11:22:16.5212584Z Complete job name: siege-acceptance / siege-linux
siege-acceptance / siege-linux	UNKNOWN STEP	2026-10-04T11:22:16.5743613Z ##[group]Checking docker version
siege-acceptance / siege-linux	UNKNOWN STEP	2026-10-04T11:22:16.5756990Z ##[command]/usr/bin/docker version --format '{{.Server.APIVersion}}'
siege-acceptance / siege-linux	UNKNOWN STEP	2026-10-04T11:22:16.6501320Z '1.48'
siege-acceptance / siege-linux	UNKNOWN STEP	2026-10-04T11:22:16.6521193Z Docker daemon API version: '1.48'
siege-acceptance / siege-linux	UNKNOWN STEP	2026-10-04T11:22:16.6522121Z ##[command]/usr/bin/docker version --format '{{.Client.APIVersion}}'
siege-acceptance / siege-linux	UNKNOWN STEP	2026-10-04T11:22:16.6803911Z '1.48'
siege-acceptance / siege-linux	UNKNOWN STEP	2026-10-04T11:22:16.6817480Z Docker client API version: '1.48'
siege-acceptance / siege-linux	UNKNOWN STEP	2026-10-04T11:22:16.6824592Z ##[endgroup]
siege-acceptance / siege-linux	UNKNOWN STEP	2026-10-04T11:22:16.6828456Z ##[group]Clean up resources from previous jobs
siege-acceptance / siege-linux	UNKNOWN STEP	2026-10-04T11:22:16.6835421Z ##[command]/usr/bin/docker ps --all --quiet --no-trunc --filter "label=7dd40d"
siege-acceptance / siege-linux	UNKNOWN STEP	2026-10-04T11:22:16.7102449Z ##[command]/usr/bin/docker network prune --force --filter "label=7dd40d"
siege-acceptance / siege-linux	UNKNOWN STEP	2026-10-04T11:22:16.7237431Z ##[endgroup]
siege-acceptance / siege-linux	UNKNOWN STEP	2026-10-04T11:22:16.7237976Z ##[group]Create local container network
siege-acceptance / siege-linux	UNKNOWN STEP	2026-10-04T11:22:16.7248114Z ##[command]/usr/bin/docker network create --label 7dd40d github_network_8ca07e6944e742088cacddd3254132eb
siege-acceptance / siege-linux	UNKNOWN STEP	2026-10-04T11:22:16.7757181Z 8fbdb6474b1f656bbdeefc8c5237a3fb484043685d27fbb0c7bc9a52748b8112
siege-acceptance / siege-linux	UNKNOWN STEP	2026-10-04T11:22:16.7773931Z ##[endgroup]
siege-acceptance / siege-linux	UNKNOWN STEP	2026-10-04T11:22:16.7798636Z ##[group]Starting postgres service container
siege-acceptance / siege-linux	UNKNOWN STEP	2026-10-04T11:22:16.7820847Z ##[command]/usr/bin/docker pull postgres:16
siege-acceptance / siege-linux	UNKNOWN STEP	2026-10-04T11:22:17.1909382Z 16: Pulling from library/postgres
siege-acceptance / siege-linux	UNKNOWN STEP	2026-10-04T11:22:17.3062487Z 6b37362b3da7: Pulling fs layer
siege-acceptance / siege-linux	UNKNOWN STEP	2026-10-04T11:22:17.3064113Z b1fdda8975a0: Pulling fs layer
siege-acceptance / siege-linux	UNKNOWN STEP	2026-10-04T11:22:17.3065747Z 106e7e3cf19a: Pulling fs layer
siege-acceptance / siege-linux	UNKNOWN STEP	2026-10-04T11:22:17.3066896Z ba0e979d0818: Pulling fs layer
siege-acceptance / siege-linux	UNKNOWN STEP	2026-10-04T11:22:17.3067755Z ad29720ebbb9: Pulling fs layer
siege-acceptance / siege-linux	UNKNOWN STEP	2026-10-04T11:22:17.3068512Z 3a749597affc: Pulling fs layer
siege-acceptance / siege-linux	UNKNOWN STEP	2026-10-04T11:22:17.3069639Z 483fb6941c15: Pulling fs layer
siege-acceptance / siege-linux	UNKNOWN STEP	2026-10-04T11:22:17.3071260Z 359ae0fc975d: Pulling fs layer
siege-acceptance / siege-linux	UNKNOWN STEP	2026-10-04T11:22:17.3072605Z 56d4d190ef07: Pulling fs layer
siege-acceptance / siege-linux	UNKNOWN STEP	2026-10-04T11:22:17.3073288Z 74156cf9f063: Pulling fs layer
siege-acceptance / siege-linux	UNKNOWN STEP	2026-10-04T11:22:17.3074101Z f7c7d4dd80ba: Pulling fs layer
siege-acceptance / siege-linux	UNKNOWN STEP	2026-10-04T11:22:17.3074809Z 749acf6dc637: Pulling fs layer
siege-acceptance / siege-linux	UNKNOWN STEP	2026-10-04T11:22:17.3075464Z 4d848243a73e: Pulling fs layer
siege-acceptance / siege-linux	UNKNOWN STEP	2026-10-04T11:22:17.3076116Z 6ad4758748c1: Pulling fs layer
siege-acceptance / siege-linux	UNKNOWN STEP	2026-10-04T11:22:17.3076772Z ad29720ebbb9: Waiting
siege-acceptance / siege-linux	UNKNOWN STEP	2026-10-04T11:22:17.3077363Z 3a749597affc: Waiting
siege-acceptance / siege-linux	UNKNOWN STEP	2026-10-04T11:22:17.3077939Z ba0e979d0818: Waiting
siege-acceptance / siege-linux	UNKNOWN STEP	2026-10-04T11:22:17.3078514Z 483fb6941c15: Waiting
siege-acceptance / siege-linux	UNKNOWN STEP	2026-10-04T11:22:17.3079103Z 359ae0fc975d: Waiting
siege-acceptance / siege-linux	UNKNOWN STEP	2026-10-04T11:22:17.3079680Z 56d4d190ef07: Waiting
siege-acceptance / siege-linux	UNKNOWN STEP	2026-10-04T11:22:17.3080516Z 74156cf9f063: Waiting
siege-acceptance / siege-linux	UNKNOWN STEP	2026-10-04T11:22:17.3081143Z 749acf6dc637: Waiting
siege-acceptance / siege-linux	UNKNOWN STEP	2026-10-04T11:22:17.3081722Z f7c7d4dd80ba: Waiting
siege-acceptance / siege-linux	UNKNOWN STEP	2026-10-04T11:22:17.3082295Z 4d848243a73e: Waiting
siege-acceptance / siege-linux	UNKNOWN STEP	2026-10-04T11:22:17.3082861Z 6ad4758748c1: Waiting
siege-acceptance / siege-linux	UNKNOWN STEP	2026-10-04T11:22:17.3803354Z b1fdda8975a0: Download complete
siege-acceptance / siege-linux	UNKNOWN STEP	2026-10-04T11:22:17.4156874Z 106e7e3cf19a: Verifying Checksum
siege-acceptance / siege-linux	UNKNOWN STEP	2026-10-04T11:22:17.4158801Z 106e7e3cf19a: Download complete
siege-acceptance / siege-linux	UNKNOWN STEP	2026-10-04T11:22:17.4689654Z ba0e979d0818: Verifying Checksum
siege-acceptance / siege-linux	UNKNOWN STEP	2026-10-04T11:22:17.4692122Z ba0e979d0818: Download complete
siege-acceptance / siege-linux	UNKNOWN STEP	2026-10-04T11:22:17.5011925Z 6b37362b3da7: Verifying Checksum
siege-acceptance / siege-linux	UNKNOWN STEP	2026-10-04T11:22:17.5013575Z 6b37362b3da7: Download complete
siege-acceptance / siege-linux	UNKNOWN STEP	2026-10-04T11:22:17.5279776Z ad29720ebbb9: Verifying Checksum
siege-acceptance / siege-linux	UNKNOWN STEP	2026-10-04T11:22:17.5281383Z ad29720ebbb9: Download complete
siege-acceptance / siege-linux	UNKNOWN STEP	2026-10-04T11:22:17.5585902Z 3a749597affc: Verifying Checksum
siege-acceptance / siege-linux	UNKNOWN STEP	2026-10-04T11:22:17.5587166Z 3a749597affc: Download complete
siege-acceptance / siege-linux	UNKNOWN STEP	2026-10-04T11:22:17.5751147Z 483fb6941c15: Verifying Checksum
siege-acceptance / siege-linux	UNKNOWN STEP	2026-10-04T11:22:17.5753516Z 483fb6941c15: Download complete
siege-acceptance / siege-linux	UNKNOWN STEP	2026-10-04T11:22:17.6095256Z 359ae0fc975d: Verifying Checksum
siege-acceptance / siege-linux	UNKNOWN STEP	2026-10-04T11:22:17.6097212Z 359ae0fc975d: Download complete
siege-acceptance / siege-linux	UNKNOWN STEP	2026-10-04T11:22:17.6492874Z 74156cf9f063: Verifying Checksum
siege-acceptance / siege-linux	UNKNOWN STEP	2026-10-04T11:22:17.6497672Z 74156cf9f063: Download complete
siege-acceptance / siege-linux	UNKNOWN STEP	2026-10-04T11:22:17.6864803Z f7c7d4dd80ba: Download complete
siege-acceptance / siege-linux	UNKNOWN STEP	2026-10-04T11:22:17.7239211Z 749acf6dc637: Verifying Checksum
siege-acceptance / siege-linux	UNKNOWN STEP	2026-10-04T11:22:17.7242543Z 749acf6dc637: Download complete
siege-acceptance / siege-linux	UNKNOWN STEP	2026-10-04T11:22:17.7609602Z 4d848243a73e: Verifying Checksum
siege-acceptance / siege-linux	UNKNOWN STEP	2026-10-04T11:22:17.7613395Z 4d848243a73e: Download complete
siege-acceptance / siege-linux	UNKNOWN STEP	2026-10-04T11:22:17.7968156Z 6ad4758748c1: Verifying Checksum
siege-acceptance / siege-linux	UNKNOWN STEP	2026-10-04T11:22:17.7970221Z 6ad4758748c1: Download complete
siege-acceptance / siege-linux	UNKNOWN STEP	2026-10-04T11:22:18.0417434Z 56d4d190ef07: Verifying Checksum
siege-acceptance / siege-linux	UNKNOWN STEP	2026-10-04T11:22:18.0418443Z 56d4d190ef07: Download complete
siege-acceptance / siege-linux	UNKNOWN STEP	2026-10-04T11:22:18.6419538Z 6b37362b3da7: Pull complete
siege-acceptance / siege-linux	UNKNOWN STEP	2026-10-04T11:22:18.9464993Z b1fdda8975a0: Pull complete
siege-acceptance / siege-linux	UNKNOWN STEP	2026-10-04T11:22:19.1208851Z 106e7e3cf19a: Pull complete
siege-acceptance / siege-linux	UNKNOWN STEP	2026-10-04T11:22:19.1584378Z ba0e979d0818: Pull complete
siege-acceptance / siege-linux	UNKNOWN STEP	2026-10-04T11:22:19.4636184Z ad29720ebbb9: Pull complete
siege-acceptance / siege-linux	UNKNOWN STEP	2026-10-04T11:22:19.5372870Z 3a749597affc: Pull complete
siege-acceptance / siege-linux	UNKNOWN STEP	2026-10-04T11:22:19.5452445Z 483fb6941c15: Pull complete
siege-acceptance / siege-linux	UNKNOWN STEP	2026-10-04T11:22:19.5558873Z 359ae0fc975d: Pull complete
siege-acceptance / siege-linux	UNKNOWN STEP	2026-10-04T11:22:22.5569686Z 56d4d190ef07: Pull complete
siege-acceptance / siege-linux	UNKNOWN STEP	2026-10-04T11:22:22.5693703Z 74156cf9f063: Pull complete
siege-acceptance / siege-linux	UNKNOWN STEP	2026-10-04T11:22:22.5780537Z f7c7d4dd80ba: Pull complete
siege-acceptance / siege-linux	UNKNOWN STEP	2026-10-04T11:22:22.5871096Z 749acf6dc637: Pull complete
siege-acceptance / siege-linux	UNKNOWN STEP	2026-10-04T11:22:22.5957186Z 4d848243a73e: Pull complete
siege-acceptance / siege-linux	UNKNOWN STEP	2026-10-04T11:22:22.6045612Z 6ad4758748c1: Pull complete
siege-acceptance / siege-linux	UNKNOWN STEP	2026-10-04T11:22:22.6081519Z Digest: sha256:1a6ab3f5345eb6dbe04a1349529caabdb0ab09293a09590fad07b2246bfa4b54
siege-acceptance / siege-linux	UNKNOWN STEP	2026-10-04T11:22:22.6091978Z Status: Downloaded newer image for postgres:16
siege-acceptance / siege-linux	UNKNOWN STEP	2026-10-04T11:22:22.6103629Z docker.io/library/postgres:16
siege-acceptance / siege-linux	UNKNOWN STEP	2026-10-04T11:22:22.6165986Z ##[command]/usr/bin/docker create --name b5bbad7f1aa348b1b0bdcd5478ab7e71_postgres16_72863e --label 7dd40d --network github_network_8ca07e6944e742088cacddd3254132eb --network-alias postgres -p 5432:5432 --health-cmd pg_isready --health-interval 5s --health-timeout 5s --health-retries 12 -e "POSTGRES_DB=mir2_conquest_qa" -e "POSTGRES_USER=conquest_qa" -e "POSTGRES_PASSWORD=ci-only-isolated-conquest" -e GITHUB_ACTIONS=true -e CI=true postgres:16
siege-acceptance / siege-linux	UNKNOWN STEP	2026-10-04T11:22:22.6405754Z 5c728342533d2500eb29f87cfe23b123d71dcc0ef147db0644f77e77474cf8f0
siege-acceptance / siege-linux	UNKNOWN STEP	2026-10-04T11:22:22.6427462Z ##[command]/usr/bin/docker start 5c728342533d2500eb29f87cfe23b123d71dcc0ef147db0644f77e77474cf8f0
siege-acceptance / siege-linux	UNKNOWN STEP	2026-10-04T11:22:22.8487971Z 5c728342533d2500eb29f87cfe23b123d71dcc0ef147db0644f77e77474cf8f0
siege-acceptance / siege-linux	UNKNOWN STEP	2026-10-04T11:22:22.8524777Z ##[command]/usr/bin/docker ps --all --filter id=5c728342533d2500eb29f87cfe23b123d71dcc0ef147db0644f77e77474cf8f0 --filter status=running --no-trunc --format "{{.ID}} {{.Status}}"
siege-acceptance / siege-linux	UNKNOWN STEP	2026-10-04T11:22:22.8672949Z 5c728342533d2500eb29f87cfe23b123d71dcc0ef147db0644f77e77474cf8f0 Up Less than a second (health: starting)
siege-acceptance / siege-linux	UNKNOWN STEP	2026-10-04T11:22:22.8693518Z ##[command]/usr/bin/docker port 5c728342533d2500eb29f87cfe23b123d71dcc0ef147db0644f77e77474cf8f0
siege-acceptance / siege-linux	UNKNOWN STEP	2026-10-04T11:22:22.8827461Z 5432/tcp -> 0.0.0.0:5432
siege-acceptance / siege-linux	UNKNOWN STEP	2026-10-04T11:22:22.8828261Z 5432/tcp -> [::]:5432
siege-acceptance / siege-linux	UNKNOWN STEP	2026-10-04T11:22:22.8875014Z ##[endgroup]
siege-acceptance / siege-linux	UNKNOWN STEP	2026-10-04T11:22:22.8885026Z ##[group]Waiting for all services to be ready
siege-acceptance / siege-linux	UNKNOWN STEP	2026-10-04T11:22:22.8898815Z ##[command]/usr/bin/docker inspect --format="{{if .Config.Healthcheck}}{{print .State.Health.Status}}{{end}}" 5c728342533d2500eb29f87cfe23b123d71dcc0ef147db0644f77e77474cf8f0
siege-acceptance / siege-linux	UNKNOWN STEP	2026-10-04T11:22:22.9044705Z starting
siege-acceptance / siege-linux	UNKNOWN STEP	2026-10-04T11:22:22.9069376Z postgres service is starting, waiting 2 seconds before checking again.
siege-acceptance / siege-linux	UNKNOWN STEP	2026-10-04T11:22:24.9069077Z ##[command]/usr/bin/docker inspect --format="{{if .Config.Healthcheck}}{{print .State.Health.Status}}{{end}}" 5c728342533d2500eb29f87cfe23b123d71dcc0ef147db0644f77e77474cf8f0
siege-acceptance / siege-linux	UNKNOWN STEP	2026-10-04T11:22:24.9205773Z starting
siege-acceptance / siege-linux	UNKNOWN STEP	2026-10-04T11:22:24.9219139Z postgres service is starting, waiting 4 seconds before checking again.
siege-acceptance / siege-linux	UNKNOWN STEP	2026-10-04T11:22:28.9238085Z ##[command]/usr/bin/docker inspect --format="{{if .Config.Healthcheck}}{{print .State.Health.Status}}{{end}}" 5c728342533d2500eb29f87cfe23b123d71dcc0ef147db0644f77e77474cf8f0
siege-acceptance / siege-linux	UNKNOWN STEP	2026-10-04T11:22:28.9363627Z healthy
siege-acceptance / siege-linux	UNKNOWN STEP	2026-10-04T11:22:28.9379826Z postgres service is healthy.
siege-acceptance / siege-linux	UNKNOWN STEP	2026-10-04T11:22:28.9380860Z ##[endgroup]
siege-acceptance / siege-linux	UNKNOWN STEP	2026-10-04T11:22:28.9705192Z ##[group]Run actions/checkout@3d3c42e5aac5ba805825da76410c181273ba90b1
siege-acceptance / siege-linux	UNKNOWN STEP	2026-10-04T11:22:28.9705899Z with:
siege-acceptance / siege-linux	UNKNOWN STEP	2026-10-04T11:22:28.9706117Z   persist-credentials: false
siege-acceptance / siege-linux	UNKNOWN STEP	2026-10-04T11:22:28.9706371Z   repository: Zombieliu/mir2
siege-acceptance / siege-linux	UNKNOWN STEP	2026-10-04T11:22:28.9708609Z   token: ***
siege-acceptance / siege-linux	UNKNOWN STEP	2026-10-04T11:22:28.9708823Z   ssh-strict: true
siege-acceptance / siege-linux	UNKNOWN STEP	2026-10-04T11:22:28.9709035Z   ssh-user: git
siege-acceptance / siege-linux	UNKNOWN STEP	2026-10-04T11:22:28.9709227Z   clean: true
siege-acceptance / siege-linux	UNKNOWN STEP	2026-10-04T11:22:28.9709440Z   sparse-checkout-cone-mode: true
siege-acceptance / siege-linux	UNKNOWN STEP	2026-10-04T11:22:28.9709696Z   fetch-depth: 1
siege-acceptance / siege-linux	UNKNOWN STEP	2026-10-04T11:22:28.9710958Z   fetch-tags: false
siege-acceptance / siege-linux	UNKNOWN STEP	2026-10-04T11:22:28.9711940Z   show-progress: true
siege-acceptance / siege-linux	UNKNOWN STEP	2026-10-04T11:22:28.9712154Z   lfs: false
siege-acceptance / siege-linux	UNKNOWN STEP	2026-10-04T11:22:28.9713098Z   submodules: false
siege-acceptance / siege-linux	UNKNOWN STEP	2026-10-04T11:22:28.9713312Z   set-safe-directory: true
siege-acceptance / siege-linux	UNKNOWN STEP	2026-10-04T11:22:28.9713555Z   allow-unsafe-pr-checkout: false
siege-acceptance / siege-linux	UNKNOWN STEP	2026-10-04T11:22:28.9714865Z env:
siege-acceptance / siege-linux	UNKNOWN STEP	2026-10-04T11:22:28.9715602Z   MIR2_CONQUEST_TEST_DATABASE_URL: ***127.0.0.1:5432/mir2_conquest_qa
siege-acceptance / siege-linux	UNKNOWN STEP	2026-10-04T11:22:28.9716511Z   CARGO_BUILD_JOBS: 2
siege-acceptance / siege-linux	UNKNOWN STEP	2026-10-04T11:22:28.9717525Z ##[endgroup]
siege-acceptance / siege-linux	UNKNOWN STEP	2026-10-04T11:22:29.0773979Z Syncing repository: Zombieliu/mir2
siege-acceptance / siege-linux	UNKNOWN STEP	2026-10-04T11:22:29.0775862Z ##[group]Getting Git version info
siege-acceptance / siege-linux	UNKNOWN STEP	2026-10-04T11:22:29.0776466Z Working directory is '/home/runner/work/mir2/mir2'
siege-acceptance / siege-linux	UNKNOWN STEP	2026-10-04T11:22:29.0777369Z [command]/usr/bin/git version
siege-acceptance / siege-linux	UNKNOWN STEP	2026-10-04T11:22:29.0842551Z git version 2.55.0
siege-acceptance / siege-linux	UNKNOWN STEP	2026-10-04T11:22:29.0865923Z ##[endgroup]
siege-acceptance / siege-linux	UNKNOWN STEP	2026-10-04T11:22:29.0877520Z Temporarily overriding HOME='/home/runner/work/_temp/b511ed22-ff64-46d0-be78-7f023dd3a3c7' before making global git config changes
siege-acceptance / siege-linux	UNKNOWN STEP	2026-10-04T11:22:29.0878927Z Adding repository directory to the temporary git global config as a safe directory
siege-acceptance / siege-linux	UNKNOWN STEP	2026-10-04T11:22:29.0883964Z [command]/usr/bin/git config --global --add safe.directory /home/runner/work/mir2/mir2
siege-acceptance / siege-linux	UNKNOWN STEP	2026-10-04T11:22:29.0933202Z Deleting the contents of '/home/runner/work/mir2/mir2'
siege-acceptance / siege-linux	UNKNOWN STEP	2026-10-04T11:22:29.0936799Z ##[group]Determining repository object format
siege-acceptance / siege-linux	UNKNOWN STEP	2026-10-04T11:22:29.0938422Z ##[endgroup]
siege-acceptance / siege-linux	UNKNOWN STEP	2026-10-04T11:22:29.0938840Z ##[group]Initializing the repository
siege-acceptance / siege-linux	UNKNOWN STEP	2026-10-04T11:22:29.0943996Z [command]/usr/bin/git init /home/runner/work/mir2/mir2
siege-acceptance / siege-linux	UNKNOWN STEP	2026-10-04T11:22:29.1054869Z hint: Using 'master' as the name for the initial branch. This default branch name
siege-acceptance / siege-linux	UNKNOWN STEP	2026-10-04T11:22:29.1055730Z hint: will change to "main" in Git 3.0. To configure the initial branch name
siege-acceptance / siege-linux	UNKNOWN STEP	2026-10-04T11:22:29.1056263Z hint: to use in all of your new repositories, which will suppress this warning,
siege-acceptance / siege-linux	UNKNOWN STEP	2026-10-04T11:22:29.1056660Z hint: call:
siege-acceptance / siege-linux	UNKNOWN STEP	2026-10-04T11:22:29.1056850Z hint:
siege-acceptance / siege-linux	UNKNOWN STEP	2026-10-04T11:22:29.1057396Z hint: 	git config --global init.defaultBranch <name>
siege-acceptance / siege-linux	UNKNOWN STEP	2026-10-04T11:22:29.1058014Z hint:
siege-acceptance / siege-linux	UNKNOWN STEP	2026-10-04T11:22:29.1058542Z hint: Names commonly chosen instead of 'master' are 'main', 'trunk' and
siege-acceptance / siege-linux	UNKNOWN STEP	2026-10-04T11:22:29.1059649Z hint: 'development'. The just-created branch can be renamed via this command:
siege-acceptance / siege-linux	UNKNOWN STEP	2026-10-04T11:22:29.1060198Z hint:
siege-acceptance / siege-linux	UNKNOWN STEP	2026-10-04T11:22:29.1140793Z hint: 	git branch -m <name>
siege-acceptance / siege-linux	UNKNOWN STEP	2026-10-04T11:22:29.1141460Z hint:
siege-acceptance / siege-linux	UNKNOWN STEP	2026-10-04T11:22:29.1142082Z hint: Disable this message with "git config set advice.defaultBranchName false"
siege-acceptance / siege-linux	UNKNOWN STEP	2026-10-04T11:22:29.1143012Z Initialized empty Git repository in /home/runner/work/mir2/mir2/.git/
siege-acceptance / siege-linux	UNKNOWN STEP	2026-10-04T11:22:29.1145118Z [command]/usr/bin/git remote add origin https://github.com/Zombieliu/mir2
siege-acceptance / siege-linux	UNKNOWN STEP	2026-10-04T11:22:29.1146463Z ##[endgroup]
siege-acceptance / siege-linux	UNKNOWN STEP	2026-10-04T11:22:29.1147107Z ##[group]Disabling automatic garbage collection
siege-acceptance / siege-linux	UNKNOWN STEP	2026-10-04T11:22:29.1147781Z [command]/usr/bin/git config --local gc.auto 0
siege-acceptance / siege-linux	UNKNOWN STEP	2026-10-04T11:22:29.1167034Z ##[endgroup]
siege-acceptance / siege-linux	UNKNOWN STEP	2026-10-04T11:22:29.1167647Z ##[group]Setting up auth
siege-acceptance / siege-linux	UNKNOWN STEP	2026-10-04T11:22:29.1168927Z Removing SSH command configuration
siege-acceptance / siege-linux	UNKNOWN STEP	2026-10-04T11:22:29.1173044Z [command]/usr/bin/git config --local --name-only --get-regexp core\.sshCommand
siege-acceptance / siege-linux	UNKNOWN STEP	2026-10-04T11:22:29.1207403Z [command]/usr/bin/git submodule foreach --recursive sh -c "git config --local --name-only --get-regexp 'core\.sshCommand' && git config --local --unset-all 'core.sshCommand' || :"
siege-acceptance / siege-linux	UNKNOWN STEP	2026-10-04T11:22:29.1575378Z Removing HTTP extra header
siege-acceptance / siege-linux	UNKNOWN STEP	2026-10-04T11:22:29.1581768Z [command]/usr/bin/git config --local --name-only --get-regexp http\.https\:\/\/github\.com\/\.extraheader
siege-acceptance / siege-linux	UNKNOWN STEP	2026-10-04T11:22:29.1622751Z [command]/usr/bin/git submodule foreach --recursive sh -c "git config --local --name-only --get-regexp 'http\.https\:\/\/github\.com\/\.extraheader' && git config --local --unset-all 'http.https://github.com/.extraheader' || :"
siege-acceptance / siege-linux	UNKNOWN STEP	2026-10-04T11:22:29.1858982Z Removing includeIf entries pointing to credentials config files
siege-acceptance / siege-linux	UNKNOWN STEP	2026-10-04T11:22:29.1864966Z [command]/usr/bin/git config --local --name-only --get-regexp ^includeIf\.gitdir:
siege-acceptance / siege-linux	UNKNOWN STEP	2026-10-04T11:22:29.1900213Z [command]/usr/bin/git submodule foreach --recursive git config --local --show-origin --name-only --get-regexp remote.origin.url
siege-acceptance / siege-linux	UNKNOWN STEP	2026-10-04T11:22:29.2134975Z [command]/usr/bin/git config --file /home/runner/work/_temp/git-credentials-d5541464-8a0d-474c-93cf-c8d8b81b1d57.config http.https://github.com/.extraheader AUTHORIZATION: basic ***
siege-acceptance / siege-linux	UNKNOWN STEP	2026-10-04T11:22:29.2174124Z [command]/usr/bin/git config --local includeIf.gitdir:/home/runner/work/mir2/mir2/.git.path /home/runner/work/_temp/git-credentials-d5541464-8a0d-474c-93cf-c8d8b81b1d57.config
siege-acceptance / siege-linux	UNKNOWN STEP	2026-10-04T11:22:29.2209140Z [command]/usr/bin/git config --local includeIf.gitdir:/home/runner/work/mir2/mir2/.git/worktrees/*.path /home/runner/work/_temp/git-credentials-d5541464-8a0d-474c-93cf-c8d8b81b1d57.config
siege-acceptance / siege-linux	UNKNOWN STEP	2026-10-04T11:22:29.2246932Z [command]/usr/bin/git config --local includeIf.gitdir:/github/workspace/.git.path /github/runner_temp/git-credentials-d5541464-8a0d-474c-93cf-c8d8b81b1d57.config
siege-acceptance / siege-linux	UNKNOWN STEP	2026-10-04T11:22:29.2282058Z [command]/usr/bin/git config --local includeIf.gitdir:/github/workspace/.git/worktrees/*.path /github/runner_temp/git-credentials-d5541464-8a0d-474c-93cf-c8d8b81b1d57.config
siege-acceptance / siege-linux	UNKNOWN STEP	2026-10-04T11:22:29.2313388Z ##[endgroup]
siege-acceptance / siege-linux	UNKNOWN STEP	2026-10-04T11:22:29.2313895Z ##[group]Fetching the repository
siege-acceptance / siege-linux	UNKNOWN STEP	2026-10-04T11:22:29.2320143Z [command]/usr/bin/git -c protocol.version=2 fetch --no-tags --prune --no-recurse-submodules --depth=1 origin +51e8e49132bfb6fbce7582a9d1c21d8f685d09c9:refs/remotes/origin/codex/crowded-combat-control-20261003
siege-acceptance / siege-linux	UNKNOWN STEP	2026-10-04T11:22:48.2051705Z From https://github.com/Zombieliu/mir2
siege-acceptance / siege-linux	UNKNOWN STEP	2026-10-04T11:22:48.2052531Z  * [new ref]             51e8e49132bfb6fbce7582a9d1c21d8f685d09c9 -> origin/codex/crowded-combat-control-20261003
siege-acceptance / siege-linux	UNKNOWN STEP	2026-10-04T11:22:48.2062603Z [command]/usr/bin/git branch --list --remote origin/codex/crowded-combat-control-20261003
siege-acceptance / siege-linux	UNKNOWN STEP	2026-10-04T11:22:48.2098487Z   origin/codex/crowded-combat-control-20261003
siege-acceptance / siege-linux	UNKNOWN STEP	2026-10-04T11:22:48.2108284Z [command]/usr/bin/git rev-parse refs/remotes/origin/codex/crowded-combat-control-20261003
siege-acceptance / siege-linux	UNKNOWN STEP	2026-10-04T11:22:48.2136067Z 51e8e49132bfb6fbce7582a9d1c21d8f685d09c9
siege-acceptance / siege-linux	UNKNOWN STEP	2026-10-04T11:22:48.2140522Z ##[endgroup]
siege-acceptance / siege-linux	UNKNOWN STEP	2026-10-04T11:22:48.2141099Z ##[group]Determining the checkout info
siege-acceptance / siege-linux	UNKNOWN STEP	2026-10-04T11:22:48.2141676Z ##[endgroup]
siege-acceptance / siege-linux	UNKNOWN STEP	2026-10-04T11:22:48.2166099Z [command]/usr/bin/git sparse-checkout disable
siege-acceptance / siege-linux	UNKNOWN STEP	2026-10-04T11:22:48.2202208Z [command]/usr/bin/git config --local --unset-all extensions.worktreeConfig
siege-acceptance / siege-linux	UNKNOWN STEP	2026-10-04T11:22:48.2236309Z ##[group]Checking out the ref
siege-acceptance / siege-linux	UNKNOWN STEP	2026-10-04T11:22:48.2241710Z [command]/usr/bin/git checkout --progress --force -B codex/crowded-combat-control-20261003 refs/remotes/origin/codex/crowded-combat-control-20261003
siege-acceptance / siege-linux	UNKNOWN STEP	2026-10-04T11:22:49.3695173Z Updating files:   7% (8730/124059)
siege-acceptance / siege-linux	UNKNOWN STEP	2026-10-04T11:22:49.4372023Z Updating files:   8% (9925/124059)
siege-acceptance / siege-linux	UNKNOWN STEP	2026-10-04T11:22:49.5030033Z Updating files:   9% (11166/124059)
siege-acceptance / siege-linux	UNKNOWN STEP	2026-10-04T11:22:49.5629126Z Updating files:  10% (12406/124059)
siege-acceptance / siege-linux	UNKNOWN STEP	2026-10-04T11:22:49.6255036Z Updating files:  11% (13647/124059)
siege-acceptance / siege-linux	UNKNOWN STEP	2026-10-04T11:22:49.6931375Z Updating files:  12% (14888/124059)
siege-acceptance / siege-linux	UNKNOWN STEP	2026-10-04T11:22:49.7572094Z Updating files:  13% (16128/124059)
siege-acceptance / siege-linux	UNKNOWN STEP	2026-10-04T11:22:49.8163748Z Updating files:  14% (17369/124059)
siege-acceptance / siege-linux	UNKNOWN STEP	2026-10-04T11:22:49.8771883Z Updating files:  15% (18609/124059)
siege-acceptance / siege-linux	UNKNOWN STEP	2026-10-04T11:22:49.9473127Z Updating files:  16% (19850/124059)
siege-acceptance / siege-linux	UNKNOWN STEP	2026-10-04T11:22:50.0071314Z Updating files:  17% (21091/124059)
siege-acceptance / siege-linux	UNKNOWN STEP	2026-10-04T11:22:50.0731265Z Updating files:  18% (22331/124059)
siege-acceptance / siege-linux	UNKNOWN STEP	2026-10-04T11:22:50.1324293Z Updating files:  19% (23572/124059)
siege-acceptance / siege-linux	UNKNOWN STEP	2026-10-04T11:22:50.1891558Z Updating files:  20% (24812/124059)
siege-acceptance / siege-linux	UNKNOWN STEP	2026-10-04T11:22:50.2438262Z Updating files:  21% (26053/124059)
siege-acceptance / siege-linux	UNKNOWN STEP	2026-10-04T11:22:50.2928519Z Updating files:  22% (27293/124059)
siege-acceptance / siege-linux	UNKNOWN STEP	2026-10-04T11:22:50.2996421Z Updating files:  22% (28372/124059)
siege-acceptance / siege-linux	UNKNOWN STEP	2026-10-04T11:22:50.3544661Z Updating files:  23% (28534/124059)
siege-acceptance / siege-linux	UNKNOWN STEP	2026-10-04T11:22:50.4086258Z Updating files:  24% (29775/124059)
siege-acceptance / siege-linux	UNKNOWN STEP	2026-10-04T11:22:50.4621141Z Updating files:  25% (31015/124059)
siege-acceptance / siege-linux	UNKNOWN STEP	2026-10-04T11:22:50.5170487Z Updating files:  26% (32256/124059)
siege-acceptance / siege-linux	UNKNOWN STEP	2026-10-04T11:22:50.5747485Z Updating files:  27% (33496/124059)
siege-acceptance / siege-linux	UNKNOWN STEP	2026-10-04T11:22:50.6298011Z Updating files:  28% (34737/124059)
siege-acceptance / siege-linux	UNKNOWN STEP	2026-10-04T11:22:50.6860316Z Updating files:  29% (35978/124059)
siege-acceptance / siege-linux	UNKNOWN STEP	2026-10-04T11:22:50.7429564Z Updating files:  30% (37218/124059)
siege-acceptance / siege-linux	UNKNOWN STEP	2026-10-04T11:22:50.8026519Z Updating files:  31% (38459/124059)
siege-acceptance / siege-linux	UNKNOWN STEP	2026-10-04T11:22:50.8583983Z Updating files:  32% (39699/124059)
siege-acceptance / siege-linux	UNKNOWN STEP	2026-10-04T11:22:50.9175192Z Updating files:  33% (40940/124059)
siege-acceptance / siege-linux	UNKNOWN STEP	2026-10-04T11:22:50.9753818Z Updating files:  34% (42181/124059)
siege-acceptance / siege-linux	UNKNOWN STEP	2026-10-04T11:22:51.0312223Z Updating files:  35% (43421/124059)
siege-acceptance / siege-linux	UNKNOWN STEP	2026-10-04T11:22:51.0883775Z Updating files:  36% (44662/124059)
siege-acceptance / siege-linux	UNKNOWN STEP	2026-10-04T11:22:51.1459352Z Updating files:  37% (45902/124059)
siege-acceptance / siege-linux	UNKNOWN STEP	2026-10-04T11:22:51.2029221Z Updating files:  38% (47143/124059)
siege-acceptance / siege-linux	UNKNOWN STEP	2026-10-04T11:22:51.2601043Z Updating files:  39% (48384/124059)
siege-acceptance / siege-linux	UNKNOWN STEP	2026-10-04T11:22:51.2929332Z Updating files:  40% (49624/124059)
siege-acceptance / siege-linux	UNKNOWN STEP	2026-10-04T11:22:51.3191419Z Updating files:  40% (50309/124059)
siege-acceptance / siege-linux	UNKNOWN STEP	2026-10-04T11:22:51.3765359Z Updating files:  41% (50865/124059)
siege-acceptance / siege-linux	UNKNOWN STEP	2026-10-04T11:22:51.4351359Z Updating files:  42% (52105/124059)
siege-acceptance / siege-linux	UNKNOWN STEP	2026-10-04T11:22:51.4941488Z Updating files:  43% (53346/124059)
siege-acceptance / siege-linux	UNKNOWN STEP	2026-10-04T11:22:51.5511790Z Updating files:  44% (54586/124059)
siege-acceptance / siege-linux	UNKNOWN STEP	2026-10-04T11:22:51.6057962Z Updating files:  45% (55827/124059)
siege-acceptance / siege-linux	UNKNOWN STEP	2026-10-04T11:22:51.6598237Z Updating files:  46% (57068/124059)
siege-acceptance / siege-linux	UNKNOWN STEP	2026-10-04T11:22:51.7149622Z Updating files:  47% (58308/124059)
siege-acceptance / siege-linux	UNKNOWN STEP	2026-10-04T11:22:51.7699802Z Updating files:  48% (59549/124059)
siege-acceptance / siege-linux	UNKNOWN STEP	2026-10-04T11:22:51.8255553Z Updating files:  49% (60789/124059)
siege-acceptance / siege-linux	UNKNOWN STEP	2026-10-04T11:22:51.8804270Z Updating files:  50% (62030/124059)
siege-acceptance / siege-linux	UNKNOWN STEP	2026-10-04T11:22:51.9361229Z Updating files:  51% (63271/124059)
siege-acceptance / siege-linux	UNKNOWN STEP	2026-10-04T11:22:51.9910799Z Updating files:  52% (64511/124059)
siege-acceptance / siege-linux	UNKNOWN STEP	2026-10-04T11:22:52.0505230Z Updating files:  53% (65752/124059)
siege-acceptance / siege-linux	UNKNOWN STEP	2026-10-04T11:22:52.1100165Z Updating files:  54% (66992/124059)
siege-acceptance / siege-linux	UNKNOWN STEP	2026-10-04T11:22:52.1664829Z Updating files:  55% (68233/124059)
siege-acceptance / siege-linux	UNKNOWN STEP	2026-10-04T11:22:52.2243946Z Updating files:  56% (69474/124059)
siege-acceptance / siege-linux	UNKNOWN STEP	2026-10-04T11:22:52.2804639Z Updating files:  57% (70714/124059)
siege-acceptance / siege-linux	UNKNOWN STEP	2026-10-04T11:22:52.2932454Z Updating files:  58% (71955/124059)
siege-acceptance / siege-linux	UNKNOWN STEP	2026-10-04T11:22:52.3369081Z Updating files:  58% (72219/124059)
siege-acceptance / siege-linux	UNKNOWN STEP	2026-10-04T11:22:52.3929924Z Updating files:  59% (73195/124059)
siege-acceptance / siege-linux	UNKNOWN STEP	2026-10-04T11:22:52.4479919Z Updating files:  60% (74436/124059)
siege-acceptance / siege-linux	UNKNOWN STEP	2026-10-04T11:22:52.5046484Z Updating files:  61% (75676/124059)
siege-acceptance / siege-linux	UNKNOWN STEP	2026-10-04T11:22:52.5597948Z Updating files:  62% (76917/124059)
siege-acceptance / siege-linux	UNKNOWN STEP	2026-10-04T11:22:52.6609550Z Updating files:  63% (78158/124059)
siege-acceptance / siege-linux	UNKNOWN STEP	2026-10-04T11:22:52.7179637Z Updating files:  64% (79398/124059)
siege-acceptance / siege-linux	UNKNOWN STEP	2026-10-04T11:22:52.7749773Z Updating files:  65% (80639/124059)
siege-acceptance / siege-linux	UNKNOWN STEP	2026-10-04T11:22:52.8343302Z Updating files:  66% (81879/124059)
siege-acceptance / siege-linux	UNKNOWN STEP	2026-10-04T11:22:52.8880756Z Updating files:  67% (83120/124059)
siege-acceptance / siege-linux	UNKNOWN STEP	2026-10-04T11:22:52.9694108Z Updating files:  68% (84361/124059)
siege-acceptance / siege-linux	UNKNOWN STEP	2026-10-04T11:22:53.0379919Z Updating files:  69% (85601/124059)
siege-acceptance / siege-linux	UNKNOWN STEP	2026-10-04T11:22:53.0895089Z Updating files:  70% (86842/124059)
siege-acceptance / siege-linux	UNKNOWN STEP	2026-10-04T11:22:53.1546080Z Updating files:  71% (88082/124059)
siege-acceptance / siege-linux	UNKNOWN STEP	2026-10-04T11:22:53.2112891Z Updating files:  72% (89323/124059)
siege-acceptance / siege-linux	UNKNOWN STEP	2026-10-04T11:22:53.2658111Z Updating files:  73% (90564/124059)
siege-acceptance / siege-linux	UNKNOWN STEP	2026-10-04T11:22:53.2927966Z Updating files:  74% (91804/124059)
siege-acceptance / siege-linux	UNKNOWN STEP	2026-10-04T11:22:53.3224603Z Updating files:  74% (92410/124059)
siege-acceptance / siege-linux	UNKNOWN STEP	2026-10-04T11:22:53.3730130Z Updating files:  75% (93045/124059)
siege-acceptance / siege-linux	UNKNOWN STEP	2026-10-04T11:22:53.4246276Z Updating files:  76% (94285/124059)
siege-acceptance / siege-linux	UNKNOWN STEP	2026-10-04T11:22:53.4832644Z Updating files:  77% (95526/124059)
siege-acceptance / siege-linux	UNKNOWN STEP	2026-10-04T11:22:53.5422654Z Updating files:  78% (96767/124059)
siege-acceptance / siege-linux	UNKNOWN STEP	2026-10-04T11:22:53.5991128Z Updating files:  79% (98007/124059)
siege-acceptance / siege-linux	UNKNOWN STEP	2026-10-04T11:22:53.6549357Z Updating files:  80% (99248/124059)
siege-acceptance / siege-linux	UNKNOWN STEP	2026-10-04T11:22:53.7135511Z Updating files:  81% (100488/124059)
siege-acceptance / siege-linux	UNKNOWN STEP	2026-10-04T11:22:53.7624480Z Updating files:  82% (101729/124059)
siege-acceptance / siege-linux	UNKNOWN STEP	2026-10-04T11:22:53.8138337Z Updating files:  83% (102969/124059)
siege-acceptance / siege-linux	UNKNOWN STEP	2026-10-04T11:22:53.8678043Z Updating files:  84% (104210/124059)
siege-acceptance / siege-linux	UNKNOWN STEP	2026-10-04T11:22:53.9208729Z Updating files:  85% (105451/124059)
siege-acceptance / siege-linux	UNKNOWN STEP	2026-10-04T11:22:53.9732634Z Updating files:  86% (106691/124059)
siege-acceptance / siege-linux	UNKNOWN STEP	2026-10-04T11:22:54.0248991Z Updating files:  87% (107932/124059)
siege-acceptance / siege-linux	UNKNOWN STEP	2026-10-04T11:22:54.0792117Z Updating files:  88% (109172/124059)
siege-acceptance / siege-linux	UNKNOWN STEP	2026-10-04T11:22:54.1375732Z Updating files:  89% (110413/124059)
siege-acceptance / siege-linux	UNKNOWN STEP	2026-10-04T11:22:54.1995613Z Updating files:  90% (111654/124059)
siege-acceptance / siege-linux	UNKNOWN STEP	2026-10-04T11:22:54.2713795Z Updating files:  91% (112894/124059)
siege-acceptance / siege-linux	UNKNOWN STEP	2026-10-04T11:22:54.2930081Z Updating files:  92% (114135/124059)
siege-acceptance / siege-linux	UNKNOWN STEP	2026-10-04T11:22:54.3231928Z Updating files:  92% (114660/124059)
siege-acceptance / siege-linux	UNKNOWN STEP	2026-10-04T11:22:54.3750987Z Updating files:  93% (115375/124059)
siege-acceptance / siege-linux	UNKNOWN STEP	2026-10-04T11:22:54.4252481Z Updating files:  94% (116616/124059)
siege-acceptance / siege-linux	UNKNOWN STEP	2026-10-04T11:22:54.4788223Z Updating files:  95% (117857/124059)
siege-acceptance / siege-linux	UNKNOWN STEP	2026-10-04T11:22:54.5586219Z Updating files:  96% (119097/124059)
siege-acceptance / siege-linux	UNKNOWN STEP	2026-10-04T11:22:54.7719836Z Updating files:  97% (120338/124059)
siege-acceptance / siege-linux	UNKNOWN STEP	2026-10-04T11:22:55.2196839Z Updating files:  98% (121578/124059)
siege-acceptance / siege-linux	UNKNOWN STEP	2026-10-04T11:22:55.2929863Z Updating files:  99% (122819/124059)
siege-acceptance / siege-linux	UNKNOWN STEP	2026-10-04T11:22:55.4688827Z Updating files:  99% (123328/124059)
siege-acceptance / siege-linux	UNKNOWN STEP	2026-10-04T11:22:55.4689296Z Updating files: 100% (124059/124059)
siege-acceptance / siege-linux	UNKNOWN STEP	2026-10-04T11:22:55.4689728Z Updating files: 100% (124059/124059), done.
siege-acceptance / siege-linux	UNKNOWN STEP	2026-10-04T11:22:55.5656100Z Switched to a new branch 'codex/crowded-combat-control-20261003'
siege-acceptance / siege-linux	UNKNOWN STEP	2026-10-04T11:22:55.5658233Z branch 'codex/crowded-combat-control-20261003' set up to track 'origin/codex/crowded-combat-control-20261003'.
siege-acceptance / siege-linux	UNKNOWN STEP	2026-10-04T11:22:55.5779842Z ##[endgroup]
siege-acceptance / siege-linux	UNKNOWN STEP	2026-10-04T11:22:55.5828069Z [command]/usr/bin/git log -1 --format=%H
siege-acceptance / siege-linux	UNKNOWN STEP	2026-10-04T11:22:55.5858442Z 51e8e49132bfb6fbce7582a9d1c21d8f685d09c9
siege-acceptance / siege-linux	UNKNOWN STEP	2026-10-04T11:22:55.5868808Z ##[group]Removing auth
siege-acceptance / siege-linux	UNKNOWN STEP	2026-10-04T11:22:55.5869373Z Removing SSH command configuration
siege-acceptance / siege-linux	UNKNOWN STEP	2026-10-04T11:22:55.5873802Z [command]/usr/bin/git config --local --name-only --get-regexp core\.sshCommand
siege-acceptance / siege-linux	UNKNOWN STEP	2026-10-04T11:22:55.5908073Z [command]/usr/bin/git submodule foreach --recursive sh -c "git config --local --name-only --get-regexp 'core\.sshCommand' && git config --local --unset-all 'core.sshCommand' || :"
siege-acceptance / siege-linux	UNKNOWN STEP	2026-10-04T11:22:55.6198701Z Removing HTTP extra header
siege-acceptance / siege-linux	UNKNOWN STEP	2026-10-04T11:22:55.6203926Z [command]/usr/bin/git config --local --name-only --get-regexp http\.https\:\/\/github\.com\/\.extraheader
siege-acceptance / siege-linux	UNKNOWN STEP	2026-10-04T11:22:55.6249473Z [command]/usr/bin/git submodule foreach --recursive sh -c "git config --local --name-only --get-regexp 'http\.https\:\/\/github\.com\/\.extraheader' && git config --local --unset-all 'http.https://github.com/.extraheader' || :"
siege-acceptance / siege-linux	UNKNOWN STEP	2026-10-04T11:22:55.6541690Z Removing includeIf entries pointing to credentials config files
siege-acceptance / siege-linux	UNKNOWN STEP	2026-10-04T11:22:55.6545401Z [command]/usr/bin/git config --local --name-only --get-regexp ^includeIf\.gitdir:
siege-acceptance / siege-linux	UNKNOWN STEP	2026-10-04T11:22:55.6615716Z includeif.gitdir:/home/runner/work/mir2/mir2/.git.path
siege-acceptance / siege-linux	UNKNOWN STEP	2026-10-04T11:22:55.6616230Z includeif.gitdir:/home/runner/work/mir2/mir2/.git/worktrees/*.path
siege-acceptance / siege-linux	UNKNOWN STEP	2026-10-04T11:22:55.6616636Z includeif.gitdir:/github/workspace/.git.path
siege-acceptance / siege-linux	UNKNOWN STEP	2026-10-04T11:22:55.6616991Z includeif.gitdir:/github/workspace/.git/worktrees/*.path
siege-acceptance / siege-linux	UNKNOWN STEP	2026-10-04T11:22:55.6624664Z [command]/usr/bin/git config --local --get-all includeif.gitdir:/home/runner/work/mir2/mir2/.git.path
siege-acceptance / siege-linux	UNKNOWN STEP	2026-10-04T11:22:55.6652802Z /home/runner/work/_temp/git-credentials-d5541464-8a0d-474c-93cf-c8d8b81b1d57.config
siege-acceptance / siege-linux	UNKNOWN STEP	2026-10-04T11:22:55.6662065Z [command]/usr/bin/git config --local --unset includeif.gitdir:/home/runner/work/mir2/mir2/.git.path \/home\/runner\/work\/_temp\/git\-credentials\-d5541464\-8a0d\-474c\-93cf\-c8d8b81b1d57\.config
siege-acceptance / siege-linux	UNKNOWN STEP	2026-10-04T11:22:55.6700711Z [command]/usr/bin/git config --local --get-all includeif.gitdir:/home/runner/work/mir2/mir2/.git/worktrees/*.path
siege-acceptance / siege-linux	UNKNOWN STEP	2026-10-04T11:22:55.6735015Z /home/runner/work/_temp/git-credentials-d5541464-8a0d-474c-93cf-c8d8b81b1d57.config
siege-acceptance / siege-linux	UNKNOWN STEP	2026-10-04T11:22:55.6744376Z [command]/usr/bin/git config --local --unset includeif.gitdir:/home/runner/work/mir2/mir2/.git/worktrees/*.path \/home\/runner\/work\/_temp\/git\-credentials\-d5541464\-8a0d\-474c\-93cf\-c8d8b81b1d57\.config
siege-acceptance / siege-linux	UNKNOWN STEP	2026-10-04T11:22:55.6780843Z [command]/usr/bin/git config --local --get-all includeif.gitdir:/github/workspace/.git.path
siege-acceptance / siege-linux	UNKNOWN STEP	2026-10-04T11:22:55.6807438Z /github/runner_temp/git-credentials-d5541464-8a0d-474c-93cf-c8d8b81b1d57.config
siege-acceptance / siege-linux	UNKNOWN STEP	2026-10-04T11:22:55.6815672Z [command]/usr/bin/git config --local --unset includeif.gitdir:/github/workspace/.git.path \/github\/runner_temp\/git\-credentials\-d5541464\-8a0d\-474c\-93cf\-c8d8b81b1d57\.config
siege-acceptance / siege-linux	UNKNOWN STEP	2026-10-04T11:22:55.6850915Z [command]/usr/bin/git config --local --get-all includeif.gitdir:/github/workspace/.git/worktrees/*.path
siege-acceptance / siege-linux	UNKNOWN STEP	2026-10-04T11:22:55.6876894Z /github/runner_temp/git-credentials-d5541464-8a0d-474c-93cf-c8d8b81b1d57.config
siege-acceptance / siege-linux	UNKNOWN STEP	2026-10-04T11:22:55.6884342Z [command]/usr/bin/git config --local --unset includeif.gitdir:/github/workspace/.git/worktrees/*.path \/github\/runner_temp\/git\-credentials\-d5541464\-8a0d\-474c\-93cf\-c8d8b81b1d57\.config
siege-acceptance / siege-linux	UNKNOWN STEP	2026-10-04T11:22:55.6919610Z [command]/usr/bin/git submodule foreach --recursive git config --local --show-origin --name-only --get-regexp remote.origin.url
siege-acceptance / siege-linux	UNKNOWN STEP	2026-10-04T11:22:55.7206869Z Removing credentials config '/home/runner/work/_temp/git-credentials-d5541464-8a0d-474c-93cf-c8d8b81b1d57.config'
siege-acceptance / siege-linux	UNKNOWN STEP	2026-10-04T11:22:55.7218443Z ##[endgroup]
siege-acceptance / siege-linux	UNKNOWN STEP	2026-10-04T11:22:55.7405579Z ##[group]Run rustup toolchain install 1.89.0 --profile minimal
siege-acceptance / siege-linux	UNKNOWN STEP	2026-10-04T11:22:55.7406099Z ^[[36;1mrustup toolchain install 1.89.0 --profile minimal^[[0m
siege-acceptance / siege-linux	UNKNOWN STEP	2026-10-04T11:22:55.7607634Z shell: /usr/bin/bash -e {0}
siege-acceptance / siege-linux	UNKNOWN STEP	2026-10-04T11:22:55.7607946Z env:
siege-acceptance / siege-linux	UNKNOWN STEP	2026-10-04T11:22:55.7608712Z   MIR2_CONQUEST_TEST_DATABASE_URL: ***127.0.0.1:5432/mir2_conquest_qa
siege-acceptance / siege-linux	UNKNOWN STEP	2026-10-04T11:22:55.7609153Z   CARGO_BUILD_JOBS: 2
siege-acceptance / siege-linux	UNKNOWN STEP	2026-10-04T11:22:55.7609412Z ##[endgroup]
siege-acceptance / siege-linux	UNKNOWN STEP	2026-10-04T11:22:55.8757210Z info: syncing channel updates for 1.89.0-x86_64-unknown-linux-gnu
siege-acceptance / siege-linux	UNKNOWN STEP	2026-10-04T11:22:56.2006880Z info: latest update on 2025-08-07 for version 1.89.0 (29483883e 2025-08-04)
siege-acceptance / siege-linux	UNKNOWN STEP	2026-10-04T11:22:56.2007525Z info: downloading 3 components
siege-acceptance / siege-linux	UNKNOWN STEP	2026-10-04T11:23:03.4856940Z 
siege-acceptance / siege-linux	UNKNOWN STEP	2026-10-04T11:23:03.4930135Z   1.89.0-x86_64-unknown-linux-gnu installed - rustc 1.89.0 (29483883e 2025-08-04)
siege-acceptance / siege-linux	UNKNOWN STEP	2026-10-04T11:23:03.4930945Z 
siege-acceptance / siege-linux	UNKNOWN STEP	2026-10-04T11:23:03.5018850Z ##[group]Run cargo +1.89.0 test --locked -p mir2-simulation --lib conquest -- --test-threads=1
siege-acceptance / siege-linux	UNKNOWN STEP	2026-10-04T11:23:03.5019544Z ^[[36;1mcargo +1.89.0 test --locked -p mir2-simulation --lib conquest -- --test-threads=1^[[0m
siege-acceptance / siege-linux	UNKNOWN STEP	2026-10-04T11:23:03.5083915Z shell: /usr/bin/bash -e {0}
siege-acceptance / siege-linux	UNKNOWN STEP	2026-10-04T11:23:03.5084166Z env:
siege-acceptance / siege-linux	UNKNOWN STEP	2026-10-04T11:23:03.5084770Z   MIR2_CONQUEST_TEST_DATABASE_URL: ***127.0.0.1:5432/mir2_conquest_qa
siege-acceptance / siege-linux	UNKNOWN STEP	2026-10-04T11:23:03.5085130Z   CARGO_BUILD_JOBS: 2
siege-acceptance / siege-linux	UNKNOWN STEP	2026-10-04T11:23:03.5085344Z ##[endgroup]
siege-acceptance / siege-linux	UNKNOWN STEP	2026-10-04T11:23:03.5667942Z     Updating crates.io index
siege-acceptance / siege-linux	UNKNOWN STEP	2026-10-04T11:23:03.5848917Z     Updating git repository `https://github.com/commonwarexyz/monorepo.git`
siege-acceptance / siege-linux	UNKNOWN STEP	2026-10-04T11:23:07.7897265Z  Downloading crates ...
siege-acceptance / siege-linux	UNKNOWN STEP	2026-10-04T11:23:07.8325267Z   Downloaded atomic-waker v1.1.2
siege-acceptance / siege-linux	UNKNOWN STEP	2026-10-04T11:23:07.8393018Z   Downloaded cfg-if v1.0.4
siege-acceptance / siege-linux	UNKNOWN STEP	2026-10-04T11:23:07.8426677Z   Downloaded rustc_version v0.4.1
siege-acceptance / siege-linux	UNKNOWN STEP	2026-10-04T11:23:07.8447598Z   Downloaded cfg_aliases v0.2.1
siege-acceptance / siege-linux	UNKNOWN STEP	2026-10-04T11:23:07.8467020Z   Downloaded postgres-types v0.2.13
siege-acceptance / siege-linux	UNKNOWN STEP	2026-10-04T11:23:07.8507589Z   Downloaded scopeguard v1.2.0
siege-acceptance / siege-linux	UNKNOWN STEP	2026-10-04T11:23:07.8528329Z   Downloaded tinyvec v1.11.0
siege-acceptance / siege-linux	UNKNOWN STEP	2026-10-04T11:23:07.8561710Z   Downloaded rand_core v0.10.1
siege-acceptance / siege-linux	UNKNOWN STEP	2026-10-04T11:23:07.8586558Z   Downloaded futures-io v0.3.32
siege-acceptance / siege-linux	UNKNOWN STEP	2026-10-04T11:23:07.8608571Z   Downloaded futures-core v0.3.32
siege-acceptance / siege-linux	UNKNOWN STEP	2026-10-04T11:23:07.8632053Z   Downloaded variadics_please v1.1.0
siege-acceptance / siege-linux	UNKNOWN STEP	2026-10-04T11:23:07.8653610Z   Downloaded bevy_platform v0.17.3
siege-acceptance / siege-linux	UNKNOWN STEP	2026-10-04T11:23:07.8692189Z   Downloaded version_check v0.9.5
siege-acceptance / siege-linux	UNKNOWN STEP	2026-10-04T11:23:07.8714065Z   Downloaded nonmax v0.5.5
siege-acceptance / siege-linux	UNKNOWN STEP	2026-10-04T11:23:07.8735042Z   Downloaded crypto-common v0.1.7
siege-acceptance / siege-linux	UNKNOWN STEP	2026-10-04T11:23:07.8750187Z   Downloaded generic-array v0.14.7
siege-acceptance / siege-linux	UNKNOWN STEP	2026-10-04T11:23:07.8771128Z   Downloaded tinyvec_macros v0.1.1
siege-acceptance / siege-linux	UNKNOWN STEP	2026-10-04T11:23:07.8784666Z   Downloaded erased-serde v0.4.10
siege-acceptance / siege-linux	UNKNOWN STEP	2026-10-04T11:23:07.8817515Z   Downloaded subtle v2.6.1
siege-acceptance / siege-linux	UNKNOWN STEP	2026-10-04T11:23:07.8836251Z   Downloaded postgres-protocol v0.6.11
siege-acceptance / siege-linux	UNKNOWN STEP	2026-10-04T11:23:07.8869619Z   Downloaded whoami v2.1.1
siege-acceptance / siege-linux	UNKNOWN STEP	2026-10-04T11:23:07.8905081Z   Downloaded zmij v1.0.21
siege-acceptance / siege-linux	UNKNOWN STEP	2026-10-04T11:23:07.8935436Z   Downloaded simd-adler32 v0.3.9
siege-acceptance / siege-linux	UNKNOWN STEP	2026-10-04T11:23:07.8965266Z   Downloaded thread_local v1.1.9
siege-acceptance / siege-linux	UNKNOWN STEP	2026-10-04T11:23:07.8990126Z   Downloaded thiserror-impl v2.0.18
siege-acceptance / siege-linux	UNKNOWN STEP	2026-10-04T11:23:07.9018994Z   Downloaded stringprep v0.1.5
siege-acceptance / siege-linux	UNKNOWN STEP	2026-10-04T11:23:07.9060566Z   Downloaded hashbrown v0.16.1
siege-acceptance / siege-linux	UNKNOWN STEP	2026-10-04T11:23:07.9105253Z   Downloaded toml_parser v1.1.2+spec-1.1.0
siege-acceptance / siege-linux	UNKNOWN STEP	2026-10-04T11:23:07.9136970Z   Downloaded unicode-properties v0.1.4
siege-acceptance / siege-linux	UNKNOWN STEP	2026-10-04T11:23:07.9164326Z   Downloaded thiserror v2.0.18
siege-acceptance / siege-linux	UNKNOWN STEP	2026-10-04T11:23:07.9240929Z   Downloaded portable-atomic v1.13.1
siege-acceptance / siege-linux	UNKNOWN STEP	2026-10-04T11:23:07.9320347Z   Downloaded smallvec v1.15.1
siege-acceptance / siege-linux	UNKNOWN STEP	2026-10-04T11:23:07.9348748Z   Downloaded uuid v1.23.1
siege-acceptance / siege-linux	UNKNOWN STEP	2026-10-04T11:23:07.9388515Z   Downloaded unicode-bidi v0.3.18
siege-acceptance / siege-linux	UNKNOWN STEP	2026-10-04T11:23:07.9420679Z   Downloaded toml_edit v0.23.10+spec-1.0.0
siege-acceptance / siege-linux	UNKNOWN STEP	2026-10-04T11:23:07.9472653Z   Downloaded slotmap v1.1.1
siege-acceptance / siege-linux	UNKNOWN STEP	2026-10-04T11:23:07.9500073Z   Downloaded typenum v1.19.0
siege-acceptance / siege-linux	UNKNOWN STEP	2026-10-04T11:23:07.9536441Z   Downloaded wgpu-types v26.0.0
siege-acceptance / siege-linux	UNKNOWN STEP	2026-10-04T11:23:07.9563791Z   Downloaded nix v0.31.2
siege-acceptance / siege-linux	UNKNOWN STEP	2026-10-04T11:23:07.9690375Z   Downloaded unicode-normalization v0.1.25
siege-acceptance / siege-linux	UNKNOWN STEP	2026-10-04T11:23:07.9731404Z   Downloaded rand v0.10.1
siege-acceptance / siege-linux	UNKNOWN STEP	2026-10-04T11:23:07.9788762Z   Downloaded unicode-segmentation v1.13.2
siege-acceptance / siege-linux	UNKNOWN STEP	2026-10-04T11:23:07.9829084Z   Downloaded tokio-util v0.7.18
siege-acceptance / siege-linux	UNKNOWN STEP	2026-10-04T11:23:07.9926559Z   Downloaded tokio-postgres v0.7.17
siege-acceptance / siege-linux	UNKNOWN STEP	2026-10-04T11:23:07.9998003Z   Downloaded winnow v0.7.15
siege-acceptance / siege-linux	UNKNOWN STEP	2026-10-04T11:23:08.0135446Z   Downloaded serde_json v1.0.149
siege-acceptance / siege-linux	UNKNOWN STEP	2026-10-04T11:23:08.0244416Z   Downloaded winnow v1.0.1
siege-acceptance / siege-linux	UNKNOWN STEP	2026-10-04T11:23:08.0384145Z   Downloaded serde v1.0.228
siege-acceptance / siege-linux	UNKNOWN STEP	2026-10-04T11:23:08.0433919Z   Downloaded serde_derive v1.0.228
siege-acceptance / siege-linux	UNKNOWN STEP	2026-10-04T11:23:08.0479425Z   Downloaded semver v1.0.28
siege-acceptance / siege-linux	UNKNOWN STEP	2026-10-04T11:23:08.0514715Z   Downloaded spin v0.10.0
siege-acceptance / siege-linux	UNKNOWN STEP	2026-10-04T11:23:08.0546243Z   Downloaded socket2 v0.6.3
siege-acceptance / siege-linux	UNKNOWN STEP	2026-10-04T11:23:08.0566971Z   Downloaded syn v2.0.117
siege-acceptance / siege-linux	UNKNOWN STEP	2026-10-04T11:23:08.0680610Z   Downloaded bevy_ecs v0.17.3
siege-acceptance / siege-linux	UNKNOWN STEP	2026-10-04T11:23:08.0864838Z   Downloaded serde_core v1.0.228
siege-acceptance / siege-linux	UNKNOWN STEP	2026-10-04T11:23:08.0895634Z   Downloaded unicode-ident v1.0.24
siege-acceptance / siege-linux	UNKNOWN STEP	2026-10-04T11:23:08.0927304Z   Downloaded sha2 v0.11.0
siege-acceptance / siege-linux	UNKNOWN STEP	2026-10-04T11:23:08.0973190Z   Downloaded bevy_reflect v0.17.3
siege-acceptance / siege-linux	UNKNOWN STEP	2026-10-04T11:23:08.1096396Z   Downloaded hashbrown v0.17.0
siege-acceptance / siege-linux	UNKNOWN STEP	2026-10-04T11:23:08.1150597Z   Downloaded futures-util v0.3.32
siege-acceptance / siege-linux	UNKNOWN STEP	2026-10-04T11:23:08.1286075Z   Downloaded glam v0.30.10
siege-acceptance / siege-linux	UNKNOWN STEP	2026-10-04T11:23:08.1574140Z   Downloaded mio v1.2.0
siege-acceptance / siege-linux	UNKNOWN STEP	2026-10-04T11:23:08.1642088Z   Downloaded libc v0.2.185
siege-acceptance / siege-linux	UNKNOWN STEP	2026-10-04T11:23:08.2046289Z   Downloaded indexmap v2.14.0
siege-acceptance / siege-linux	UNKNOWN STEP	2026-10-04T11:23:08.2089580Z   Downloaded derive_more-impl v2.1.1
siege-acceptance / siege-linux	UNKNOWN STEP	2026-10-04T11:23:08.2144032Z   Downloaded derive_more v2.1.1
siege-acceptance / siege-linux	UNKNOWN STEP	2026-10-04T11:23:08.2277209Z   Downloaded bumpalo v3.20.2
siege-acceptance / siege-linux	UNKNOWN STEP	2026-10-04T11:23:08.2309989Z   Downloaded slab v0.4.12
siege-acceptance / siege-linux	UNKNOWN STEP	2026-10-04T11:23:08.2329240Z   Downloaded memchr v2.8.0
siege-acceptance / siege-linux	UNKNOWN STEP	2026-10-04T11:23:08.2556511Z   Downloaded flate2 v1.1.9
siege-acceptance / siege-linux	UNKNOWN STEP	2026-10-04T11:23:08.2936731Z   Downloaded const-oid v0.10.2
siege-acceptance / siege-linux	UNKNOWN STEP	2026-10-04T11:23:08.2962147Z   Downloaded bevy_app v0.17.3
siege-acceptance / siege-linux	UNKNOWN STEP	2026-10-04T11:23:08.2984989Z   Downloaded proc-macro2 v1.0.106
siege-acceptance / siege-linux	UNKNOWN STEP	2026-10-04T11:23:08.3016700Z   Downloaded miniz_oxide v0.8.9
siege-acceptance / siege-linux	UNKNOWN STEP	2026-10-04T11:23:08.3043184Z   Downloaded log v0.4.29
siege-acceptance / siege-linux	UNKNOWN STEP	2026-10-04T11:23:08.3068556Z   Downloaded getrandom v0.4.2
siege-acceptance / siege-linux	UNKNOWN STEP	2026-10-04T11:23:08.3109118Z   Downloaded event-listener v5.4.1
siege-acceptance / siege-linux	UNKNOWN STEP	2026-10-04T11:23:08.3131357Z   Downloaded digest v0.10.7
siege-acceptance / siege-linux	UNKNOWN STEP	2026-10-04T11:23:08.3149987Z   Downloaded bytes v1.11.1
siege-acceptance / siege-linux	UNKNOWN STEP	2026-10-04T11:23:08.3192786Z   Downloaded postgres v0.19.13
siege-acceptance / siege-linux	UNKNOWN STEP	2026-10-04T11:23:08.3214806Z   Downloaded parking_lot v0.12.5
siege-acceptance / siege-linux	UNKNOWN STEP	2026-10-04T11:23:08.3240031Z   Downloaded crc32fast v1.5.0
siege-acceptance / siege-linux	UNKNOWN STEP	2026-10-04T11:23:08.3259372Z   Downloaded convert_case v0.10.0
siege-acceptance / siege-linux	UNKNOWN STEP	2026-10-04T11:23:08.3276582Z   Downloaded tokio v1.52.0
siege-acceptance / siege-linux	UNKNOWN STEP	2026-10-04T11:23:08.3842639Z   Downloaded bytemuck v1.25.0
siege-acceptance / siege-linux	UNKNOWN STEP	2026-10-04T11:23:08.3887229Z   Downloaded blake2 v0.10.6
siege-acceptance / siege-linux	UNKNOWN STEP	2026-10-04T11:23:08.3926070Z   Downloaded bevy_reflect_derive v0.17.3
siege-acceptance / siege-linux	UNKNOWN STEP	2026-10-04T11:23:08.3960818Z   Downloaded base64 v0.22.1
siege-acceptance / siege-linux	UNKNOWN STEP	2026-10-04T11:23:08.4021069Z   Downloaded typeid v1.0.3
siege-acceptance / siege-linux	UNKNOWN STEP	2026-10-04T11:23:08.4023199Z   Downloaded toml_datetime v0.7.5+spec-1.1.0
siege-acceptance / siege-linux	UNKNOWN STEP	2026-10-04T11:23:08.4037887Z   Downloaded hybrid-array v0.4.10
siege-acceptance / siege-linux	UNKNOWN STEP	2026-10-04T11:23:08.4062551Z   Downloaded getrandom v0.2.17
siege-acceptance / siege-linux	UNKNOWN STEP	2026-10-04T11:23:08.4093444Z   Downloaded futures-lite v2.6.1
siege-acceptance / siege-linux	UNKNOWN STEP	2026-10-04T11:23:08.4111681Z   Downloaded futures-channel v0.3.32
siege-acceptance / siege-linux	UNKNOWN STEP	2026-10-04T11:23:08.4131835Z   Downloaded ctutils v0.4.2
siege-acceptance / siege-linux	UNKNOWN STEP	2026-10-04T11:23:08.4152811Z   Downloaded crossbeam-utils v0.8.21
siege-acceptance / siege-linux	UNKNOWN STEP	2026-10-04T11:23:08.4180815Z   Downloaded bitflags v2.11.1
siege-acceptance / siege-linux	UNKNOWN STEP	2026-10-04T11:23:08.4235851Z   Downloaded pin-project-lite v0.2.17
siege-acceptance / siege-linux	UNKNOWN STEP	2026-10-04T11:23:08.4298772Z   Downloaded percent-encoding v2.3.2
siege-acceptance / siege-linux	UNKNOWN STEP	2026-10-04T11:23:08.4307433Z   Downloaded fixedbitset v0.5.7
siege-acceptance / siege-linux	UNKNOWN STEP	2026-10-04T11:23:08.4326367Z   Downloaded fallible-iterator v0.2.0
siege-acceptance / siege-linux	UNKNOWN STEP	2026-10-04T11:23:08.4337898Z   Downloaded digest v0.11.2
siege-acceptance / siege-linux	UNKNOWN STEP	2026-10-04T11:23:08.4361915Z   Downloaded critical-section v1.2.0
siege-acceptance / siege-linux	UNKNOWN STEP	2026-10-04T11:23:08.4378837Z   Downloaded cpufeatures v0.3.0
siege-acceptance / siege-linux	UNKNOWN STEP	2026-10-04T11:23:08.4393535Z   Downloaded cmov v0.5.3
siege-acceptance / siege-linux	UNKNOWN STEP	2026-10-04T11:23:08.4416870Z   Downloaded bevy_tasks v0.17.3
siege-acceptance / siege-linux	UNKNOWN STEP	2026-10-04T11:23:08.4448822Z   Downloaded phf v0.13.1
siege-acceptance / siege-linux	UNKNOWN STEP	2026-10-04T11:23:08.4459939Z   Downloaded password-hash v0.5.0
siege-acceptance / siege-linux	UNKNOWN STEP	2026-10-04T11:23:08.4477788Z   Downloaded parking_lot_core v0.9.12
siege-acceptance / siege-linux	UNKNOWN STEP	2026-10-04T11:23:08.4499054Z   Downloaded md-5 v0.11.0
siege-acceptance / siege-linux	UNKNOWN STEP	2026-10-04T11:23:08.4516056Z   Downloaded lock_api v0.4.14
siege-acceptance / siege-linux	UNKNOWN STEP	2026-10-04T11:23:08.4528974Z   Downloaded hmac v0.13.0
siege-acceptance / siege-linux	UNKNOWN STEP	2026-10-04T11:23:08.4551839Z   Downloaded fastrand v2.4.1
siege-acceptance / siege-linux	UNKNOWN STEP	2026-10-04T11:23:08.4567191Z   Downloaded chacha20 v0.10.0
siege-acceptance / siege-linux	UNKNOWN STEP	2026-10-04T11:23:08.4591787Z   Downloaded futures-task v0.3.32
siege-acceptance / siege-linux	UNKNOWN STEP	2026-10-04T11:23:08.4604097Z   Downloaded crypto-common v0.2.1
siege-acceptance / siege-linux	UNKNOWN STEP	2026-10-04T11:23:08.4616313Z   Downloaded disqualified v1.0.0
siege-acceptance / siege-linux	UNKNOWN STEP	2026-10-04T11:23:08.4627683Z   Downloaded crossbeam-queue v0.3.12
siege-acceptance / siege-linux	UNKNOWN STEP	2026-10-04T11:23:08.4641090Z   Downloaded async-task v4.7.1
siege-acceptance / siege-linux	UNKNOWN STEP	2026-10-04T11:23:08.4667545Z   Downloaded foldhash v0.2.0
siege-acceptance / siege-linux	UNKNOWN STEP	2026-10-04T11:23:08.4680164Z   Downloaded equivalent v1.0.2
siege-acceptance / siege-linux	UNKNOWN STEP	2026-10-04T11:23:08.4690460Z   Downloaded unicode-xid v0.2.6
siege-acceptance / siege-linux	UNKNOWN STEP	2026-10-04T11:23:08.4704035Z   Downloaded smol_str v0.2.2
siege-acceptance / siege-linux	UNKNOWN STEP	2026-10-04T11:23:08.4718043Z   Downloaded siphasher v1.0.2
siege-acceptance / siege-linux	UNKNOWN STEP	2026-10-04T11:23:08.4731946Z   Downloaded phf_shared v0.13.1
siege-acceptance / siege-linux	UNKNOWN STEP	2026-10-04T11:23:08.4742469Z   Downloaded bytemuck_derive v1.10.2
siege-acceptance / siege-linux	UNKNOWN STEP	2026-10-04T11:23:08.4756378Z   Downloaded block-buffer v0.10.4
siege-acceptance / siege-linux	UNKNOWN STEP	2026-10-04T11:23:08.4766624Z   Downloaded bevy_ptr v0.17.3
siege-acceptance / siege-linux	UNKNOWN STEP	2026-10-04T11:23:08.4776413Z   Downloaded bevy_ecs_macros v0.17.3
siege-acceptance / siege-linux	UNKNOWN STEP	2026-10-04T11:23:08.4789664Z   Downloaded event-listener-strategy v0.5.4
siege-acceptance / siege-linux	UNKNOWN STEP	2026-10-04T11:23:08.4803102Z   Downloaded ctrlc v3.5.2
siege-acceptance / siege-linux	UNKNOWN STEP	2026-10-04T11:23:08.4823589Z   Downloaded cpufeatures v0.2.17
siege-acceptance / siege-linux	UNKNOWN STEP	2026-10-04T11:23:08.4837918Z   Downloaded arrayvec v0.7.6
siege-acceptance / siege-linux	UNKNOWN STEP	2026-10-04T11:23:08.4858808Z   Downloaded byteorder v1.5.0
siege-acceptance / siege-linux	UNKNOWN STEP	2026-10-04T11:23:08.4875072Z   Downloaded base64ct v1.8.3
siege-acceptance / siege-linux	UNKNOWN STEP	2026-10-04T11:23:08.4904640Z   Downloaded quote v1.0.45
siege-acceptance / siege-linux	UNKNOWN STEP	2026-10-04T11:23:08.4933323Z   Downloaded parking v2.2.1
siege-acceptance / siege-linux	UNKNOWN STEP	2026-10-04T11:23:08.4944001Z   Downloaded itoa v1.0.18
siege-acceptance / siege-linux	UNKNOWN STEP	2026-10-04T11:23:08.4958409Z   Downloaded downcast-rs v2.0.2
siege-acceptance / siege-linux	UNKNOWN STEP	2026-10-04T11:23:08.4971761Z   Downloaded concurrent-queue v2.5.0
siege-acceptance / siege-linux	UNKNOWN STEP	2026-10-04T11:23:08.4988385Z   Downloaded rand_core v0.6.4
siege-acceptance / siege-linux	UNKNOWN STEP	2026-10-04T11:23:08.5001711Z   Downloaded block-buffer v0.12.0
siege-acceptance / siege-linux	UNKNOWN STEP	2026-10-04T11:23:08.5013830Z   Downloaded bevy_macro_utils v0.17.3
siege-acceptance / siege-linux	UNKNOWN STEP	2026-10-04T11:23:08.5027502Z   Downloaded bevy_derive v0.17.3
siege-acceptance / siege-linux	UNKNOWN STEP	2026-10-04T11:23:08.5038110Z   Downloaded async-trait v0.1.89
siege-acceptance / siege-linux	UNKNOWN STEP	2026-10-04T11:23:08.5075818Z   Downloaded async-executor v1.14.0
siege-acceptance / siege-linux	UNKNOWN STEP	2026-10-04T11:23:08.5094448Z   Downloaded async-channel v2.5.0
siege-acceptance / siege-linux	UNKNOWN STEP	2026-10-04T11:23:08.5106679Z   Downloaded assert_type_match v0.1.1
siege-acceptance / siege-linux	UNKNOWN STEP	2026-10-04T11:23:08.5159135Z   Downloaded argon2 v0.5.3
siege-acceptance / siege-linux	UNKNOWN STEP	2026-10-04T11:23:08.5175573Z   Downloaded futures-sink v0.3.32
siege-acceptance / siege-linux	UNKNOWN STEP	2026-10-04T11:23:08.5183886Z   Downloaded bevy_utils v0.17.3
siege-acceptance / siege-linux	UNKNOWN STEP	2026-10-04T11:23:08.5195878Z   Downloaded adler2 v2.0.1
siege-acceptance / siege-linux	UNKNOWN STEP	2026-10-04T11:23:08.7322666Z    Compiling cfg-if v1.0.4
siege-acceptance / siege-linux	UNKNOWN STEP	2026-10-04T11:23:08.7323702Z    Compiling proc-macro2 v1.0.106
siege-acceptance / siege-linux	UNKNOWN STEP	2026-10-04T11:23:08.7571784Z    Compiling unicode-ident v1.0.24
siege-acceptance / siege-linux	UNKNOWN STEP	2026-10-04T11:23:08.8022110Z    Compiling quote v1.0.45
siege-acceptance / siege-linux	UNKNOWN STEP	2026-10-04T11:23:09.7203210Z    Compiling libc v0.2.185
siege-acceptance / siege-linux	UNKNOWN STEP	2026-10-04T11:23:10.2901505Z    Compiling syn v2.0.117
siege-acceptance / siege-linux	UNKNOWN STEP	2026-10-04T11:23:10.8958090Z    Compiling typenum v1.19.0
siege-acceptance / siege-linux	UNKNOWN STEP	2026-10-04T11:23:11.5434687Z    Compiling serde_core v1.0.228
siege-acceptance / siege-linux	UNKNOWN STEP	2026-10-04T11:23:13.1002420Z    Compiling equivalent v1.0.2
siege-acceptance / siege-linux	UNKNOWN STEP	2026-10-04T11:23:13.1249935Z    Compiling parking_lot_core v0.9.12
siege-acceptance / siege-linux	UNKNOWN STEP	2026-10-04T11:23:13.2805528Z    Compiling pin-project-lite v0.2.17
siege-acceptance / siege-linux	UNKNOWN STEP	2026-10-04T11:23:13.3121419Z    Compiling version_check v0.9.5
siege-acceptance / siege-linux	UNKNOWN STEP	2026-10-04T11:23:13.4765931Z    Compiling scopeguard v1.2.0
siege-acceptance / siege-linux	UNKNOWN STEP	2026-10-04T11:23:13.5154227Z    Compiling lock_api v0.4.14
siege-acceptance / siege-linux	UNKNOWN STEP	2026-10-04T11:23:13.5434706Z    Compiling crossbeam-utils v0.8.21
siege-acceptance / siege-linux	UNKNOWN STEP	2026-10-04T11:23:13.6362618Z    Compiling futures-core v0.3.32
siege-acceptance / siege-linux	UNKNOWN STEP	2026-10-04T11:23:13.7072438Z    Compiling hybrid-array v0.4.10
siege-acceptance / siege-linux	UNKNOWN STEP	2026-10-04T11:23:13.9184121Z    Compiling serde v1.0.228
siege-acceptance / siege-linux	UNKNOWN STEP	2026-10-04T11:23:14.0508632Z    Compiling hashbrown v0.17.0
siege-acceptance / siege-linux	UNKNOWN STEP	2026-10-04T11:23:14.5568015Z    Compiling serde_derive v1.0.228
siege-acceptance / siege-linux	UNKNOWN STEP	2026-10-04T11:23:14.7102886Z    Compiling winnow v1.0.1
siege-acceptance / siege-linux	UNKNOWN STEP	2026-10-04T11:23:14.9114689Z    Compiling cmov v0.5.3
siege-acceptance / siege-linux	UNKNOWN STEP	2026-10-04T11:23:15.0200841Z    Compiling smallvec v1.15.1
siege-acceptance / siege-linux	UNKNOWN STEP	2026-10-04T11:23:15.2826950Z    Compiling ctutils v0.4.2
siege-acceptance / siege-linux	UNKNOWN STEP	2026-10-04T11:23:15.3878854Z    Compiling toml_parser v1.1.2+spec-1.1.0
siege-acceptance / siege-linux	UNKNOWN STEP	2026-10-04T11:23:15.7737758Z    Compiling indexmap v2.14.0
siege-acceptance / siege-linux	UNKNOWN STEP	2026-10-04T11:23:16.2056548Z    Compiling block-buffer v0.12.0
siege-acceptance / siege-linux	UNKNOWN STEP	2026-10-04T11:23:16.2751383Z    Compiling crypto-common v0.2.1
siege-acceptance / siege-linux	UNKNOWN STEP	2026-10-04T11:23:17.0869162Z    Compiling parking v2.2.1
siege-acceptance / siege-linux	UNKNOWN STEP	2026-10-04T11:23:17.1336703Z    Compiling const-oid v0.10.2
siege-acceptance / siege-linux	UNKNOWN STEP	2026-10-04T11:23:17.1546325Z    Compiling winnow v0.7.15
siege-acceptance / siege-linux	UNKNOWN STEP	2026-10-04T11:23:17.2286531Z    Compiling toml_datetime v0.7.5+spec-1.1.0
siege-acceptance / siege-linux	UNKNOWN STEP	2026-10-04T11:23:17.3367141Z    Compiling digest v0.11.2
siege-acceptance / siege-linux	UNKNOWN STEP	2026-10-04T11:23:17.4192437Z    Compiling parking_lot v0.12.5
siege-acceptance / siege-linux	UNKNOWN STEP	2026-10-04T11:23:17.6530190Z    Compiling concurrent-queue v2.5.0
siege-acceptance / siege-linux	UNKNOWN STEP	2026-10-04T11:23:17.7415058Z    Compiling generic-array v0.14.7
siege-acceptance / siege-linux	UNKNOWN STEP	2026-10-04T11:23:17.8504667Z    Compiling zmij v1.0.21
siege-acceptance / siege-linux	UNKNOWN STEP	2026-10-04T11:23:17.9899269Z    Compiling rand_core v0.10.1
siege-acceptance / siege-linux	UNKNOWN STEP	2026-10-04T11:23:18.0503359Z    Compiling tinyvec_macros v0.1.1
siege-acceptance / siege-linux	UNKNOWN STEP	2026-10-04T11:23:18.0723292Z    Compiling unicode-segmentation v1.13.2
siege-acceptance / siege-linux	UNKNOWN STEP	2026-10-04T11:23:18.2469980Z    Compiling toml_edit v0.23.10+spec-1.0.0
siege-acceptance / siege-linux	UNKNOWN STEP	2026-10-04T11:23:18.4035758Z    Compiling getrandom v0.4.2
siege-acceptance / siege-linux	UNKNOWN STEP	2026-10-04T11:23:18.5379161Z    Compiling cpufeatures v0.3.0
siege-acceptance / siege-linux	UNKNOWN STEP	2026-10-04T11:23:18.5828138Z    Compiling convert_case v0.10.0
siege-acceptance / siege-linux	UNKNOWN STEP	2026-10-04T11:23:18.7322675Z    Compiling bevy_macro_utils v0.17.3
siege-acceptance / siege-linux	UNKNOWN STEP	2026-10-04T11:23:18.9229881Z    Compiling tinyvec v1.11.0
siege-acceptance / siege-linux	UNKNOWN STEP	2026-10-04T11:23:18.9720097Z    Compiling hashbrown v0.16.1
siege-acceptance / siege-linux	UNKNOWN STEP	2026-10-04T11:23:19.1440520Z    Compiling bytes v1.11.1
siege-acceptance / siege-linux	UNKNOWN STEP	2026-10-04T11:23:19.3641473Z    Compiling serde_json v1.0.149
siege-acceptance / siege-linux	UNKNOWN STEP	2026-10-04T11:23:19.4731662Z    Compiling memchr v2.8.0
siege-acceptance / siege-linux	UNKNOWN STEP	2026-10-04T11:23:19.5662470Z    Compiling foldhash v0.2.0
siege-acceptance / siege-linux	UNKNOWN STEP	2026-10-04T11:23:19.6530835Z    Compiling unicode-xid v0.2.6
siege-acceptance / siege-linux	UNKNOWN STEP	2026-10-04T11:23:19.6924804Z    Compiling typeid v1.0.3
siege-acceptance / siege-linux	UNKNOWN STEP	2026-10-04T11:23:19.8312668Z    Compiling spin v0.10.0
siege-acceptance / siege-linux	UNKNOWN STEP	2026-10-04T11:23:19.9224332Z    Compiling bevy_platform v0.17.3
siege-acceptance / siege-linux	UNKNOWN STEP	2026-10-04T11:23:19.9776016Z    Compiling derive_more-impl v2.1.1
siege-acceptance / siege-linux	UNKNOWN STEP	2026-10-04T11:23:20.0311532Z    Compiling unicode-normalization v0.1.25
siege-acceptance / siege-linux	UNKNOWN STEP	2026-10-04T11:23:20.9056445Z    Compiling chacha20 v0.10.0
siege-acceptance / siege-linux	UNKNOWN STEP	2026-10-04T11:23:21.0357597Z    Compiling event-listener v5.4.1
siege-acceptance / siege-linux	UNKNOWN STEP	2026-10-04T11:23:21.1717455Z    Compiling cfg_aliases v0.2.1
siege-acceptance / siege-linux	UNKNOWN STEP	2026-10-04T11:23:21.1948002Z    Compiling thiserror v2.0.18
siege-acceptance / siege-linux	UNKNOWN STEP	2026-10-04T11:23:21.3752068Z    Compiling fastrand v2.4.1
siege-acceptance / siege-linux	UNKNOWN STEP	2026-10-04T11:23:21.4811202Z    Compiling unicode-properties v0.1.4
siege-acceptance / siege-linux	UNKNOWN STEP	2026-10-04T11:23:21.5865098Z    Compiling futures-sink v0.3.32
siege-acceptance / siege-linux	UNKNOWN STEP	2026-10-04T11:23:21.6209068Z    Compiling itoa v1.0.18
siege-acceptance / siege-linux	UNKNOWN STEP	2026-10-04T11:23:21.7052330Z    Compiling unicode-bidi v0.3.18
siege-acceptance / siege-linux	UNKNOWN STEP	2026-10-04T11:23:22.1052320Z    Compiling futures-io v0.3.32
siege-acceptance / siege-linux	UNKNOWN STEP	2026-10-04T11:23:22.1699502Z    Compiling erased-serde v0.4.10
siege-acceptance / siege-linux	UNKNOWN STEP	2026-10-04T11:23:22.1850135Z    Compiling derive_more v2.1.1
siege-acceptance / siege-linux	UNKNOWN STEP	2026-10-04T11:23:22.2145148Z    Compiling futures-lite v2.6.1
siege-acceptance / siege-linux	UNKNOWN STEP	2026-10-04T11:23:22.3296713Z    Compiling stringprep v0.1.5
siege-acceptance / siege-linux	UNKNOWN STEP	2026-10-04T11:23:22.7302043Z    Compiling nix v0.31.2
siege-acceptance / siege-linux	UNKNOWN STEP	2026-10-04T11:23:22.9537783Z    Compiling event-listener-strategy v0.5.4
siege-acceptance / siege-linux	UNKNOWN STEP	2026-10-04T11:23:23.0025619Z    Compiling rand v0.10.1
siege-acceptance / siege-linux	UNKNOWN STEP	2026-10-04T11:23:23.4707921Z    Compiling sha2 v0.11.0
siege-acceptance / siege-linux	UNKNOWN STEP	2026-10-04T11:23:23.5284102Z    Compiling md-5 v0.11.0
siege-acceptance / siege-linux	UNKNOWN STEP	2026-10-04T11:23:23.6255492Z    Compiling hmac v0.13.0
siege-acceptance / siege-linux	UNKNOWN STEP	2026-10-04T11:23:23.7125461Z    Compiling thiserror-impl v2.0.18
siege-acceptance / siege-linux	UNKNOWN STEP	2026-10-04T11:23:24.0977816Z    Compiling slotmap v1.1.1
siege-acceptance / siege-linux	UNKNOWN STEP	2026-10-04T11:23:24.2116160Z    Compiling mio v1.2.0
siege-acceptance / siege-linux	UNKNOWN STEP	2026-10-04T11:23:24.5397929Z    Compiling socket2 v0.6.3
siege-acceptance / siege-linux	UNKNOWN STEP	2026-10-04T11:23:24.6495090Z    Compiling thread_local v1.1.9
siege-acceptance / siege-linux	UNKNOWN STEP	2026-10-04T11:23:24.7592142Z    Compiling disqualified v1.0.0
siege-acceptance / siege-linux	UNKNOWN STEP	2026-10-04T11:23:24.8198504Z    Compiling subtle v2.6.1
siege-acceptance / siege-linux	UNKNOWN STEP	2026-10-04T11:23:24.8638051Z    Compiling bitflags v2.11.1
siege-acceptance / siege-linux	UNKNOWN STEP	2026-10-04T11:23:24.8804065Z    Compiling async-task v4.7.1
siege-acceptance / siege-linux	UNKNOWN STEP	2026-10-04T11:23:24.9789929Z    Compiling byteorder v1.5.0
siege-acceptance / siege-linux	UNKNOWN STEP	2026-10-04T11:23:24.9863989Z    Compiling siphasher v1.0.2
siege-acceptance / siege-linux	UNKNOWN STEP	2026-10-04T11:23:25.0741478Z    Compiling base64 v0.22.1
siege-acceptance / siege-linux	UNKNOWN STEP	2026-10-04T11:23:25.0984147Z    Compiling fallible-iterator v0.2.0
siege-acceptance / siege-linux	UNKNOWN STEP	2026-10-04T11:23:25.2549818Z    Compiling log v0.4.29
siege-acceptance / siege-linux	UNKNOWN STEP	2026-10-04T11:23:25.2875525Z    Compiling slab v0.4.12
siege-acceptance / siege-linux	UNKNOWN STEP	2026-10-04T11:23:25.3489028Z    Compiling postgres-protocol v0.6.11
siege-acceptance / siege-linux	UNKNOWN STEP	2026-10-04T11:23:25.3648613Z    Compiling async-executor v1.14.0
siege-acceptance / siege-linux	UNKNOWN STEP	2026-10-04T11:23:25.5778345Z    Compiling phf_shared v0.13.1
siege-acceptance / siege-linux	UNKNOWN STEP	2026-10-04T11:23:25.7081363Z    Compiling bevy_utils v0.17.3
siege-acceptance / siege-linux	UNKNOWN STEP	2026-10-04T11:23:25.7256930Z    Compiling tokio v1.52.0
siege-acceptance / siege-linux	UNKNOWN STEP	2026-10-04T11:23:26.1381858Z    Compiling async-channel v2.5.0
siege-acceptance / siege-linux	UNKNOWN STEP	2026-10-04T11:23:26.2379753Z    Compiling block-buffer v0.10.4
siege-acceptance / siege-linux	UNKNOWN STEP	2026-10-04T11:23:26.2885645Z    Compiling crypto-common v0.1.7
siege-acceptance / siege-linux	UNKNOWN STEP	2026-10-04T11:23:26.3244849Z    Compiling bevy_reflect_derive v0.17.3
siege-acceptance / siege-linux	UNKNOWN STEP	2026-10-04T11:23:28.2213547Z    Compiling crossbeam-queue v0.3.12
siege-acceptance / siege-linux	UNKNOWN STEP	2026-10-04T11:23:28.2819311Z    Compiling assert_type_match v0.1.1
siege-acceptance / siege-linux	UNKNOWN STEP	2026-10-04T11:23:28.8759190Z    Compiling variadics_please v1.1.0
siege-acceptance / siege-linux	UNKNOWN STEP	2026-10-04T11:23:29.0260718Z    Compiling getrandom v0.2.17
siege-acceptance / siege-linux	UNKNOWN STEP	2026-10-04T11:23:29.1067389Z    Compiling atomic-waker v1.1.2
siege-acceptance / siege-linux	UNKNOWN STEP	2026-10-04T11:23:29.1459113Z    Compiling crc32fast v1.5.0
siege-acceptance / siege-linux	UNKNOWN STEP	2026-10-04T11:23:29.2361989Z    Compiling downcast-rs v2.0.2
siege-acceptance / siege-linux	UNKNOWN STEP	2026-10-04T11:23:29.2642118Z    Compiling bevy_ptr v0.17.3
siege-acceptance / siege-linux	UNKNOWN STEP	2026-10-04T11:23:29.2885240Z    Compiling futures-task v0.3.32
siege-acceptance / siege-linux	UNKNOWN STEP	2026-10-04T11:23:29.3249053Z    Compiling futures-util v0.3.32
siege-acceptance / siege-linux	UNKNOWN STEP	2026-10-04T11:23:29.3304452Z    Compiling bevy_reflect v0.17.3
siege-acceptance / siege-linux	UNKNOWN STEP	2026-10-04T11:23:30.2851997Z    Compiling bevy_tasks v0.17.3
siege-acceptance / siege-linux	UNKNOWN STEP	2026-10-04T11:23:30.6934793Z    Compiling rand_core v0.6.4
siege-acceptance / siege-linux	UNKNOWN STEP	2026-10-04T11:23:31.0084520Z    Compiling tokio-util v0.7.18
siege-acceptance / siege-linux	UNKNOWN STEP	2026-10-04T11:23:31.3384199Z    Compiling digest v0.10.7
siege-acceptance / siege-linux	UNKNOWN STEP	2026-10-04T11:23:32.1433911Z    Compiling phf v0.13.1
siege-acceptance / siege-linux	UNKNOWN STEP	2026-10-04T11:23:32.2142810Z    Compiling postgres-types v0.2.13
siege-acceptance / siege-linux	UNKNOWN STEP	2026-10-04T11:23:32.5571724Z    Compiling futures-channel v0.3.32
siege-acceptance / siege-linux	UNKNOWN STEP	2026-10-04T11:23:32.6684693Z    Compiling bevy_ecs_macros v0.17.3
siege-acceptance / siege-linux	UNKNOWN STEP	2026-10-04T11:23:34.0171122Z    Compiling async-trait v0.1.89
siege-acceptance / siege-linux	UNKNOWN STEP	2026-10-04T11:23:34.3952105Z    Compiling whoami v2.1.1
siege-acceptance / siege-linux	UNKNOWN STEP	2026-10-04T11:23:34.6564068Z    Compiling adler2 v2.0.1
siege-acceptance / siege-linux	UNKNOWN STEP	2026-10-04T11:23:34.7023126Z    Compiling simd-adler32 v0.3.9
siege-acceptance / siege-linux	UNKNOWN STEP	2026-10-04T11:23:34.7189404Z    Compiling nonmax v0.5.5
siege-acceptance / siege-linux	UNKNOWN STEP	2026-10-04T11:23:34.8079582Z    Compiling percent-encoding v2.3.2
siege-acceptance / siege-linux	UNKNOWN STEP	2026-10-04T11:23:34.8921110Z    Compiling bumpalo v3.20.2
siege-acceptance / siege-linux	UNKNOWN STEP	2026-10-04T11:23:34.8950429Z    Compiling base64ct v1.8.3
siege-acceptance / siege-linux	UNKNOWN STEP	2026-10-04T11:23:35.0247243Z    Compiling fixedbitset v0.5.7
siege-acceptance / siege-linux	UNKNOWN STEP	2026-10-04T11:23:35.0414844Z    Compiling password-hash v0.5.0
siege-acceptance / siege-linux	UNKNOWN STEP	2026-10-04T11:23:35.2165297Z    Compiling bevy_ecs v0.17.3
siege-acceptance / siege-linux	UNKNOWN STEP	2026-10-04T11:23:35.3208521Z    Compiling tokio-postgres v0.7.17
siege-acceptance / siege-linux	UNKNOWN STEP	2026-10-04T11:23:37.3688392Z    Compiling miniz_oxide v0.8.9
siege-acceptance / siege-linux	UNKNOWN STEP	2026-10-04T11:23:37.8411497Z    Compiling ctrlc v3.5.2
siege-acceptance / siege-linux	UNKNOWN STEP	2026-10-04T11:23:37.8983402Z    Compiling blake2 v0.10.6
siege-acceptance / siege-linux	UNKNOWN STEP	2026-10-04T11:23:38.2267010Z    Compiling bevy_derive v0.17.3
siege-acceptance / siege-linux	UNKNOWN STEP	2026-10-04T11:23:38.6572418Z    Compiling mir2-protocol v0.1.0 (/home/runner/work/mir2/mir2/mir2-web3/packages/protocol)
siege-acceptance / siege-linux	UNKNOWN STEP	2026-10-04T11:23:42.8272866Z    Compiling cpufeatures v0.2.17
siege-acceptance / siege-linux	UNKNOWN STEP	2026-10-04T11:23:42.8511357Z    Compiling argon2 v0.5.3
siege-acceptance / siege-linux	UNKNOWN STEP	2026-10-04T11:23:43.1754049Z    Compiling mir2-game-data v0.1.0 (/home/runner/work/mir2/mir2/mir2-web3/packages/game-data)
siege-acceptance / siege-linux	UNKNOWN STEP	2026-10-04T11:23:46.3377775Z    Compiling bevy_app v0.17.3
siege-acceptance / siege-linux	UNKNOWN STEP	2026-10-04T11:23:47.3848588Z    Compiling flate2 v1.1.9
siege-acceptance / siege-linux	UNKNOWN STEP	2026-10-04T11:23:47.6365992Z    Compiling postgres v0.19.13
siege-acceptance / siege-linux	UNKNOWN STEP	2026-10-04T11:23:50.9837398Z    Compiling mir2-simulation v0.1.0 (/home/runner/work/mir2/mir2/mir2-web3/apps/simulation)
siege-acceptance / siege-linux	UNKNOWN STEP	2026-10-04T11:23:53.1517809Z warning: unused import: `super::skills::crystal_magic_damage`
siege-acceptance / siege-linux	UNKNOWN STEP	2026-10-04T11:23:53.1518348Z   --> apps/simulation/src/runtime/hero_ai.rs:53:5
siege-acceptance / siege-linux	UNKNOWN STEP	2026-10-04T11:23:53.1518696Z    |
siege-acceptance / siege-linux	UNKNOWN STEP	2026-10-04T11:23:53.1518955Z 53 | use super::skills::crystal_magic_damage;
siege-acceptance / siege-linux	UNKNOWN STEP	2026-10-04T11:23:53.1519298Z    |     ^^^^^^^^^^^^^^^^^^^^^^^^^^^^^^^^^^^
siege-acceptance / siege-linux	UNKNOWN STEP	2026-10-04T11:23:53.1519607Z    |
siege-acceptance / siege-linux	UNKNOWN STEP	2026-10-04T11:23:53.1519854Z    = note: `#[warn(unused_imports)]` on by default
siege-acceptance / siege-linux	UNKNOWN STEP	2026-10-04T11:23:53.1520100Z 
siege-acceptance / siege-linux	UNKNOWN STEP	2026-10-04T11:23:53.1522913Z warning: unused import: `hero_registry_scan::validate_shared_hero_physical_custody`
siege-acceptance / siege-linux	UNKNOWN STEP	2026-10-04T11:23:53.1523681Z   --> apps/simulation/src/runtime/mod.rs:22:16
siege-acceptance / siege-linux	UNKNOWN STEP	2026-10-04T11:23:53.1524152Z    |
siege-acceptance / siege-linux	UNKNOWN STEP	2026-10-04T11:23:53.1524634Z 22 | pub(crate) use hero_registry_scan::validate_shared_hero_physical_custody;
siege-acceptance / siege-linux	UNKNOWN STEP	2026-10-04T11:23:53.1525313Z    |                ^^^^^^^^^^^^^^^^^^^^^^^^^^^^^^^^^^^^^^^^^^^^^^^^^^^^^^^^^
siege-acceptance / siege-linux	UNKNOWN STEP	2026-10-04T11:23:53.1525684Z 
siege-acceptance / siege-linux	UNKNOWN STEP	2026-10-04T11:23:53.1540539Z warning: unused import: `HeroInventoryResource`
siege-acceptance / siege-linux	UNKNOWN STEP	2026-10-04T11:23:53.1541298Z   --> apps/simulation/src/runtime/items.rs:58:19
siege-acceptance / siege-linux	UNKNOWN STEP	2026-10-04T11:23:53.1542123Z    |
siege-acceptance / siege-linux	UNKNOWN STEP	2026-10-04T11:23:53.1542724Z 58 |     BuffResource, HeroInventoryResource, InventoryResource, PlayerPermissionResource,
siege-acceptance / siege-linux	UNKNOWN STEP	2026-10-04T11:23:53.1543447Z    |                   ^^^^^^^^^^^^^^^^^^^^^
siege-acceptance / siege-linux	UNKNOWN STEP	2026-10-04T11:23:53.1543740Z 
siege-acceptance / siege-linux	UNKNOWN STEP	2026-10-04T11:23:53.1590146Z warning: unused import: `merged_user_item_stats`
siege-acceptance / siege-linux	UNKNOWN STEP	2026-10-04T11:23:53.1590925Z   --> apps/simulation/src/runtime/npc.rs:35:72
siege-acceptance / siege-linux	UNKNOWN STEP	2026-10-04T11:23:53.1591670Z    |
siege-acceptance / siege-linux	UNKNOWN STEP	2026-10-04T11:23:53.1592275Z 35 |     crystal_item_key_for_template, crystal_item_template_for_item_key, merged_user_item_stats,
siege-acceptance / siege-linux	UNKNOWN STEP	2026-10-04T11:23:53.1593082Z    |                                                                        ^^^^^^^^^^^^^^^^^^^^^^
siege-acceptance / siege-linux	UNKNOWN STEP	2026-10-04T11:23:53.1593513Z 
siege-acceptance / siege-linux	UNKNOWN STEP	2026-10-04T11:23:53.1617668Z warning: unused import: `hero_inventory_crystal_stat_total`
siege-acceptance / siege-linux	UNKNOWN STEP	2026-10-04T11:23:53.1618321Z   --> apps/simulation/src/runtime/packets.rs:72:22
siege-acceptance / siege-linux	UNKNOWN STEP	2026-10-04T11:23:53.1618798Z    |
siege-acceptance / siege-linux	UNKNOWN STEP	2026-10-04T11:23:53.1619358Z 72 | use super::hero_ai::{hero_inventory_crystal_stat_total, hero_inventory_equipment_slots};
siege-acceptance / siege-linux	UNKNOWN STEP	2026-10-04T11:23:53.1620066Z    |                      ^^^^^^^^^^^^^^^^^^^^^^^^^^^^^^^^^
siege-acceptance / siege-linux	UNKNOWN STEP	2026-10-04T11:23:53.1620604Z 
siege-acceptance / siege-linux	UNKNOWN STEP	2026-10-04T11:23:53.1620826Z warning: unused import: `crystal_quest_info_by_id`
siege-acceptance / siege-linux	UNKNOWN STEP	2026-10-04T11:23:53.1621386Z    --> apps/simulation/src/runtime/packets.rs:108:5
siege-acceptance / siege-linux	UNKNOWN STEP	2026-10-04T11:23:53.1621853Z     |
siege-acceptance / siege-linux	UNKNOWN STEP	2026-10-04T11:23:53.1622314Z 108 |     crystal_quest_info_by_id, crystal_quest_reward_selection_missing,
siege-acceptance / siege-linux	UNKNOWN STEP	2026-10-04T11:23:53.1622902Z     |     ^^^^^^^^^^^^^^^^^^^^^^^^
siege-acceptance / siege-linux	UNKNOWN STEP	2026-10-04T11:23:53.1623170Z 
siege-acceptance / siege-linux	UNKNOWN STEP	2026-10-04T11:23:53.1623419Z warning: unused import: `intelligent_creature_default_rules`
siege-acceptance / siege-linux	UNKNOWN STEP	2026-10-04T11:23:53.1624004Z    --> apps/simulation/src/runtime/packets.rs:125:5
siege-acceptance / siege-linux	UNKNOWN STEP	2026-10-04T11:23:53.1624459Z     |
siege-acceptance / siege-linux	UNKNOWN STEP	2026-10-04T11:23:53.1624980Z 125 |     intelligent_creature_default_rules, is_in_world, mark_crystal_packet_action,
siege-acceptance / siege-linux	UNKNOWN STEP	2026-10-04T11:23:53.1625654Z     |     ^^^^^^^^^^^^^^^^^^^^^^^^^^^^^^^^^^
siege-acceptance / siege-linux	UNKNOWN STEP	2026-10-04T11:23:53.1625936Z 
siege-acceptance / siege-linux	UNKNOWN STEP	2026-10-04T11:23:53.1977229Z warning: unused import: `ZoneExperienceProfile`
siege-acceptance / siege-linux	UNKNOWN STEP	2026-10-04T11:23:53.1977870Z  --> apps/simulation/src/runtime/zone/mod.rs:6:22
siege-acceptance / siege-linux	UNKNOWN STEP	2026-10-04T11:23:53.1978352Z   |
siege-acceptance / siege-linux	UNKNOWN STEP	2026-10-04T11:23:53.1979163Z 6 | pub use experience::{ZoneExperienceProfile,ZoneExperienceSelection,ZoneGuildExperienceMembership};
siege-acceptance / siege-linux	UNKNOWN STEP	2026-10-04T11:23:53.1980092Z   |                      ^^^^^^^^^^^^^^^^^^^^^
siege-acceptance / siege-linux	UNKNOWN STEP	2026-10-04T11:23:53.1980630Z 
siege-acceptance / siege-linux	UNKNOWN STEP	2026-10-04T11:23:57.4353341Z warning: use of deprecated method `bevy_ecs::world::World::iter_entities`: use world.query::<EntityRef>()` instead
siege-acceptance / siege-linux	UNKNOWN STEP	2026-10-04T11:23:57.4354374Z   --> apps/simulation/src/runtime/hero_cast.rs:61:22
siege-acceptance / siege-linux	UNKNOWN STEP	2026-10-04T11:23:57.4354884Z    |
siege-acceptance / siege-linux	UNKNOWN STEP	2026-10-04T11:23:57.4355290Z 61 |     let target=world.iter_entities().find_map(|entry| {
siege-acceptance / siege-linux	UNKNOWN STEP	2026-10-04T11:23:57.4355830Z    |                      ^^^^^^^^^^^^^
siege-acceptance / siege-linux	UNKNOWN STEP	2026-10-04T11:23:57.4356230Z    |
siege-acceptance / siege-linux	UNKNOWN STEP	2026-10-04T11:23:57.4356571Z    = note: `#[warn(deprecated)]` on by default
siege-acceptance / siege-linux	UNKNOWN STEP	2026-10-04T11:23:57.4356904Z 
siege-acceptance / siege-linux	UNKNOWN STEP	2026-10-04T11:23:57.4384981Z warning: use of deprecated method `bevy_ecs::world::World::iter_entities`: use world.query::<EntityRef>()` instead
siege-acceptance / siege-linux	UNKNOWN STEP	2026-10-04T11:23:57.4386000Z   --> apps/simulation/src/runtime/hero_cast.rs:99:27
siege-acceptance / siege-linux	UNKNOWN STEP	2026-10-04T11:23:57.4386557Z    |
siege-acceptance / siege-linux	UNKNOWN STEP	2026-10-04T11:23:57.4387213Z 99 |         let monster=world.iter_entities().find(|e|e.get::<Monster>().is_some()).unwrap().id();
siege-acceptance / siege-linux	UNKNOWN STEP	2026-10-04T11:23:57.4387985Z    |                           ^^^^^^^^^^^^^
siege-acceptance / siege-linux	UNKNOWN STEP	2026-10-04T11:23:57.4388298Z 
siege-acceptance / siege-linux	UNKNOWN STEP	2026-10-04T11:23:57.9580454Z warning: use of deprecated method `bevy_ecs::world::World::iter_entities`: use world.query::<EntityRef>()` instead
siege-acceptance / siege-linux	UNKNOWN STEP	2026-10-04T11:23:57.9581646Z    --> apps/simulation/src/runtime/monster_ai/great_fox_spirit.rs:163:28
siege-acceptance / siege-linux	UNKNOWN STEP	2026-10-04T11:23:57.9582266Z     |
siege-acceptance / siege-linux	UNKNOWN STEP	2026-10-04T11:23:57.9582664Z 163 |     for candidate in world.iter_entities() {
siege-acceptance / siege-linux	UNKNOWN STEP	2026-10-04T11:23:57.9583195Z     |                            ^^^^^^^^^^^^^
siege-acceptance / siege-linux	UNKNOWN STEP	2026-10-04T11:23:57.9583521Z 
siege-acceptance / siege-linux	UNKNOWN STEP	2026-10-04T11:23:58.5581966Z warning: use of deprecated method `bevy_ecs::world::World::iter_entities`: use world.query::<EntityRef>()` instead
siege-acceptance / siege-linux	UNKNOWN STEP	2026-10-04T11:23:58.5583590Z     --> apps/simulation/src/runtime/packets.rs:7894:25
siege-acceptance / siege-linux	UNKNOWN STEP	2026-10-04T11:23:58.5584108Z      |
siege-acceptance / siege-linux	UNKNOWN STEP	2026-10-04T11:23:58.5584503Z 7894 |     for entity in world.iter_entities() {
siege-acceptance / siege-linux	UNKNOWN STEP	2026-10-04T11:23:58.5585011Z      |                         ^^^^^^^^^^^^^
siege-acceptance / siege-linux	UNKNOWN STEP	2026-10-04T11:23:58.5585323Z 
siege-acceptance / siege-linux	UNKNOWN STEP	2026-10-04T11:23:59.3166679Z warning: use of deprecated method `bevy_ecs::world::World::iter_entities`: use world.query::<EntityRef>()` instead
siege-acceptance / siege-linux	UNKNOWN STEP	2026-10-04T11:23:59.3167911Z    --> apps/simulation/src/runtime/session.rs:760:14
siege-acceptance / siege-linux	UNKNOWN STEP	2026-10-04T11:23:59.3168436Z     |
siege-acceptance / siege-linux	UNKNOWN STEP	2026-10-04T11:23:59.3168755Z 760 |             .iter_entities()
siege-acceptance / siege-linux	UNKNOWN STEP	2026-10-04T11:23:59.3169171Z     |              ^^^^^^^^^^^^^
siege-acceptance / siege-linux	UNKNOWN STEP	2026-10-04T11:23:59.3169438Z 
siege-acceptance / siege-linux	UNKNOWN STEP	2026-10-04T11:24:01.6109382Z warning: use of deprecated method `bevy_ecs::world::World::iter_entities`: use world.query::<EntityRef>()` instead
siege-acceptance / siege-linux	UNKNOWN STEP	2026-10-04T11:24:01.6110724Z     --> apps/simulation/src/runtime/skills.rs:5017:10
siege-acceptance / siege-linux	UNKNOWN STEP	2026-10-04T11:24:01.6111250Z      |
siege-acceptance / siege-linux	UNKNOWN STEP	2026-10-04T11:24:01.6111593Z 5017 |         .iter_entities()
siege-acceptance / siege-linux	UNKNOWN STEP	2026-10-04T11:24:01.6112067Z      |          ^^^^^^^^^^^^^
siege-acceptance / siege-linux	UNKNOWN STEP	2026-10-04T11:24:01.6112329Z 
siege-acceptance / siege-linux	UNKNOWN STEP	2026-10-04T11:24:01.6133484Z warning: use of deprecated method `bevy_ecs::world::World::iter_entities`: use world.query::<EntityRef>()` instead
siege-acceptance / siege-linux	UNKNOWN STEP	2026-10-04T11:24:01.6134485Z     --> apps/simulation/src/runtime/skills.rs:5100:10
siege-acceptance / siege-linux	UNKNOWN STEP	2026-10-04T11:24:01.6134993Z      |
siege-acceptance / siege-linux	UNKNOWN STEP	2026-10-04T11:24:01.6135325Z 5100 |         .iter_entities()
siege-acceptance / siege-linux	UNKNOWN STEP	2026-10-04T11:24:01.6135743Z      |          ^^^^^^^^^^^^^
siege-acceptance / siege-linux	UNKNOWN STEP	2026-10-04T11:24:01.6136006Z 
siege-acceptance / siege-linux	UNKNOWN STEP	2026-10-04T11:24:16.1885532Z warning: type `hero_registry::HeroSourceVersions` is more private than the item `config::AccountStoreRepositorySave::heroes`
siege-acceptance / siege-linux	UNKNOWN STEP	2026-10-04T11:24:16.1886834Z    --> apps/simulation/src/config.rs:911:5
siege-acceptance / siege-linux	UNKNOWN STEP	2026-10-04T11:24:16.1887399Z     |
siege-acceptance / siege-linux	UNKNOWN STEP	2026-10-04T11:24:16.1887936Z 911 |     pub(crate) heroes: hero_registry::HeroSourceVersions,
siege-acceptance / siege-linux	UNKNOWN STEP	2026-10-04T11:24:16.1889117Z     |     ^^^^^^^^^^^^^^^^^^^^^^^^^^^^^^^^^^^^^^^^^^^^^^^^^^^^ field `config::AccountStoreRepositorySave::heroes` is reachable at visibility `pub(crate)`
siege-acceptance / siege-linux	UNKNOWN STEP	2026-10-04T11:24:16.1889728Z     |
siege-acceptance / siege-linux	UNKNOWN STEP	2026-10-04T11:24:16.1890169Z note: but type `hero_registry::HeroSourceVersions` is only usable at visibility `pub(in crate::config)`
siege-acceptance / siege-linux	UNKNOWN STEP	2026-10-04T11:24:16.1891065Z    --> apps/simulation/src/config_hero_registry.rs:93:1
siege-acceptance / siege-linux	UNKNOWN STEP	2026-10-04T11:24:16.1891391Z     |
siege-acceptance / siege-linux	UNKNOWN STEP	2026-10-04T11:24:16.1891623Z 93  | pub(super) struct HeroSourceVersions {
siege-acceptance / siege-linux	UNKNOWN STEP	2026-10-04T11:24:16.1891944Z     | ^^^^^^^^^^^^^^^^^^^^^^^^^^^^^^^^^^^^
siege-acceptance / siege-linux	UNKNOWN STEP	2026-10-04T11:24:16.1892266Z     = note: `#[warn(private_interfaces)]` on by default
siege-acceptance / siege-linux	UNKNOWN STEP	2026-10-04T11:24:16.1892505Z 
siege-acceptance / siege-linux	UNKNOWN STEP	2026-10-04T11:24:16.1940805Z warning: type `entity_combat::ZoneCombatEntityRef` is more private than the item `tree_queen_ai::TreeQueenRoot::source_ref`
siege-acceptance / siege-linux	UNKNOWN STEP	2026-10-04T11:24:16.1942223Z   --> apps/simulation/src/runtime/zone/runtime/tree_queen_ai.rs:39:5
siege-acceptance / siege-linux	UNKNOWN STEP	2026-10-04T11:24:16.1942950Z    |
siege-acceptance / siege-linux	UNKNOWN STEP	2026-10-04T11:24:16.1943473Z 39 |     pub source_ref: Option<ZoneCombatEntityRef>,
siege-acceptance / siege-linux	UNKNOWN STEP	2026-10-04T11:24:16.1944705Z    |     ^^^^^^^^^^^^^^^^^^^^^^^^^^^^^^^^^^^^^^^^^^^ field `tree_queen_ai::TreeQueenRoot::source_ref` is reachable at visibility `pub(in crate::runtime::zone)`
siege-acceptance / siege-linux	UNKNOWN STEP	2026-10-04T11:24:16.1945778Z    |
siege-acceptance / siege-linux	UNKNOWN STEP	2026-10-04T11:24:16.1946726Z note: but type `entity_combat::ZoneCombatEntityRef` is only usable at visibility `pub(in crate::runtime::zone::runtime)`
siege-acceptance / siege-linux	UNKNOWN STEP	2026-10-04T11:24:16.1948975Z   --> apps/simulation/src/runtime/zone/runtime/entity_combat.rs:7:1
siege-acceptance / siege-linux	UNKNOWN STEP	2026-10-04T11:24:16.1949566Z    |
siege-acceptance / siege-linux	UNKNOWN STEP	2026-10-04T11:24:16.1949927Z 7  | pub(super) enum ZoneCombatEntityRef {
siege-acceptance / siege-linux	UNKNOWN STEP	2026-10-04T11:24:16.1950674Z    | ^^^^^^^^^^^^^^^^^^^^^^^^^^^^^^^^^^^
siege-acceptance / siege-linux	UNKNOWN STEP	2026-10-04T11:24:16.1950974Z 
siege-acceptance / siege-linux	UNKNOWN STEP	2026-10-04T11:24:16.1951541Z warning: type `entity_combat::ZoneCombatEntityRef` is more private than the item `EvilMirState::target_ref`
siege-acceptance / siege-linux	UNKNOWN STEP	2026-10-04T11:24:16.1952469Z   --> apps/simulation/src/runtime/zone/runtime/evil_mir_ai.rs:11:5
siege-acceptance / siege-linux	UNKNOWN STEP	2026-10-04T11:24:16.1953048Z    |
siege-acceptance / siege-linux	UNKNOWN STEP	2026-10-04T11:24:16.1953432Z 11 |     pub target_ref: Option<ZoneCombatEntityRef>,
siege-acceptance / siege-linux	UNKNOWN STEP	2026-10-04T11:24:16.1954348Z    |     ^^^^^^^^^^^^^^^^^^^^^^^^^^^^^^^^^^^^^^^^^^^ field `EvilMirState::target_ref` is reachable at visibility `pub(in crate::runtime::zone)`
siege-acceptance / siege-linux	UNKNOWN STEP	2026-10-04T11:24:16.1955494Z    |
siege-acceptance / siege-linux	UNKNOWN STEP	2026-10-04T11:24:16.1956260Z note: but type `entity_combat::ZoneCombatEntityRef` is only usable at visibility `pub(in crate::runtime::zone::runtime)`
siege-acceptance / siege-linux	UNKNOWN STEP	2026-10-04T11:24:16.1957326Z   --> apps/simulation/src/runtime/zone/runtime/entity_combat.rs:7:1
siege-acceptance / siege-linux	UNKNOWN STEP	2026-10-04T11:24:16.1957898Z    |
siege-acceptance / siege-linux	UNKNOWN STEP	2026-10-04T11:24:16.1958422Z 7  | pub(super) enum ZoneCombatEntityRef {
siege-acceptance / siege-linux	UNKNOWN STEP	2026-10-04T11:24:16.1958749Z    | ^^^^^^^^^^^^^^^^^^^^^^^^^^^^^^^^^^^
siege-acceptance / siege-linux	UNKNOWN STEP	2026-10-04T11:24:16.1958936Z 
siege-acceptance / siege-linux	UNKNOWN STEP	2026-10-04T11:24:16.1959503Z warning: type `entity_combat::ZoneCombatEntityRef` is more private than the item `EvilMirPendingSource::source`
siege-acceptance / siege-linux	UNKNOWN STEP	2026-10-04T11:24:16.1960677Z   --> apps/simulation/src/runtime/zone/runtime/evil_mir_ai.rs:20:5
siege-acceptance / siege-linux	UNKNOWN STEP	2026-10-04T11:24:16.1961231Z    |
siege-acceptance / siege-linux	UNKNOWN STEP	2026-10-04T11:24:16.1961528Z 20 |     pub source: ZoneCombatEntityRef,
siege-acceptance / siege-linux	UNKNOWN STEP	2026-10-04T11:24:16.1962467Z    |     ^^^^^^^^^^^^^^^^^^^^^^^^^^^^^^^ field `EvilMirPendingSource::source` is reachable at visibility `pub(in crate::runtime::zone)`
siege-acceptance / siege-linux	UNKNOWN STEP	2026-10-04T11:24:16.1963327Z    |
siege-acceptance / siege-linux	UNKNOWN STEP	2026-10-04T11:24:16.1964098Z note: but type `entity_combat::ZoneCombatEntityRef` is only usable at visibility `pub(in crate::runtime::zone::runtime)`
siege-acceptance / siege-linux	UNKNOWN STEP	2026-10-04T11:24:16.1965170Z   --> apps/simulation/src/runtime/zone/runtime/entity_combat.rs:7:1
siege-acceptance / siege-linux	UNKNOWN STEP	2026-10-04T11:24:16.1965767Z    |
siege-acceptance / siege-linux	UNKNOWN STEP	2026-10-04T11:24:16.1966140Z 7  | pub(super) enum ZoneCombatEntityRef {
siege-acceptance / siege-linux	UNKNOWN STEP	2026-10-04T11:24:16.1966441Z    | ^^^^^^^^^^^^^^^^^^^^^^^^^^^^^^^^^^^
siege-acceptance / siege-linux	UNKNOWN STEP	2026-10-04T11:24:16.1966617Z 
siege-acceptance / siege-linux	UNKNOWN STEP	2026-10-04T11:24:16.1966992Z warning: type `entity_combat::ZoneCombatEntityRef` is more private than the item `GreatFoxState::target_ref`
siege-acceptance / siege-linux	UNKNOWN STEP	2026-10-04T11:24:16.1967583Z   --> apps/simulation/src/runtime/zone/runtime/great_fox_ai.rs:15:5
siege-acceptance / siege-linux	UNKNOWN STEP	2026-10-04T11:24:16.1967924Z    |
siege-acceptance / siege-linux	UNKNOWN STEP	2026-10-04T11:24:16.1968149Z 15 |     pub target_ref: Option<ZoneCombatEntityRef>,
siege-acceptance / siege-linux	UNKNOWN STEP	2026-10-04T11:24:16.1968697Z    |     ^^^^^^^^^^^^^^^^^^^^^^^^^^^^^^^^^^^^^^^^^^^ field `GreatFoxState::target_ref` is reachable at visibility `pub(in crate::runtime::zone)`
siege-acceptance / siege-linux	UNKNOWN STEP	2026-10-04T11:24:16.1969182Z    |
siege-acceptance / siege-linux	UNKNOWN STEP	2026-10-04T11:24:16.1969623Z note: but type `entity_combat::ZoneCombatEntityRef` is only usable at visibility `pub(in crate::runtime::zone::runtime)`
siege-acceptance / siege-linux	UNKNOWN STEP	2026-10-04T11:24:16.1970501Z   --> apps/simulation/src/runtime/zone/runtime/entity_combat.rs:7:1
siege-acceptance / siege-linux	UNKNOWN STEP	2026-10-04T11:24:16.1970889Z    |
siege-acceptance / siege-linux	UNKNOWN STEP	2026-10-04T11:24:16.1971209Z 7  | pub(super) enum ZoneCombatEntityRef {
siege-acceptance / siege-linux	UNKNOWN STEP	2026-10-04T11:24:16.1971682Z    | ^^^^^^^^^^^^^^^^^^^^^^^^^^^^^^^^^^^
siege-acceptance / siege-linux	UNKNOWN STEP	2026-10-04T11:24:16.1971978Z 
siege-acceptance / siege-linux	UNKNOWN STEP	2026-10-04T11:24:16.1972510Z warning: type `entity_combat::ZoneCombatEntityRef` is more private than the item `GreatFoxHit::source_ref`
siege-acceptance / siege-linux	UNKNOWN STEP	2026-10-04T11:24:16.1973471Z   --> apps/simulation/src/runtime/zone/runtime/great_fox_ai.rs:42:5
siege-acceptance / siege-linux	UNKNOWN STEP	2026-10-04T11:24:16.1974026Z    |
siege-acceptance / siege-linux	UNKNOWN STEP	2026-10-04T11:24:16.1974386Z 42 |     pub source_ref: Option<ZoneCombatEntityRef>,
siege-acceptance / siege-linux	UNKNOWN STEP	2026-10-04T11:24:16.1975122Z    |     ^^^^^^^^^^^^^^^^^^^^^^^^^^^^^^^^^^^^^^^^^^^ field `GreatFoxHit::source_ref` is reachable at visibility `pub(in crate::runtime::zone)`
siege-acceptance / siege-linux	UNKNOWN STEP	2026-10-04T11:24:16.1975597Z    |
siege-acceptance / siege-linux	UNKNOWN STEP	2026-10-04T11:24:16.1976033Z note: but type `entity_combat::ZoneCombatEntityRef` is only usable at visibility `pub(in crate::runtime::zone::runtime)`
siege-acceptance / siege-linux	UNKNOWN STEP	2026-10-04T11:24:16.1976637Z   --> apps/simulation/src/runtime/zone/runtime/entity_combat.rs:7:1
siege-acceptance / siege-linux	UNKNOWN STEP	2026-10-04T11:24:16.1976974Z    |
siege-acceptance / siege-linux	UNKNOWN STEP	2026-10-04T11:24:16.1977237Z 7  | pub(super) enum ZoneCombatEntityRef {
siege-acceptance / siege-linux	UNKNOWN STEP	2026-10-04T11:24:16.1977514Z    | ^^^^^^^^^^^^^^^^^^^^^^^^^^^^^^^^^^^
siege-acceptance / siege-linux	UNKNOWN STEP	2026-10-04T11:24:16.1977684Z 
siege-acceptance / siege-linux	UNKNOWN STEP	2026-10-04T11:24:16.1977984Z warning: type `entity_combat::ZoneCombatEntityRef` is more private than the item `GreatFoxHit::target_ref`
siege-acceptance / siege-linux	UNKNOWN STEP	2026-10-04T11:24:16.1978558Z   --> apps/simulation/src/runtime/zone/runtime/great_fox_ai.rs:44:5
siege-acceptance / siege-linux	UNKNOWN STEP	2026-10-04T11:24:16.1978887Z    |
siege-acceptance / siege-linux	UNKNOWN STEP	2026-10-04T11:24:16.1979113Z 44 |     pub target_ref: Option<ZoneCombatEntityRef>,
siege-acceptance / siege-linux	UNKNOWN STEP	2026-10-04T11:24:16.1979632Z    |     ^^^^^^^^^^^^^^^^^^^^^^^^^^^^^^^^^^^^^^^^^^^ field `GreatFoxHit::target_ref` is reachable at visibility `pub(in crate::runtime::zone)`
siege-acceptance / siege-linux	UNKNOWN STEP	2026-10-04T11:24:16.1980551Z    |
siege-acceptance / siege-linux	UNKNOWN STEP	2026-10-04T11:24:16.1981363Z note: but type `entity_combat::ZoneCombatEntityRef` is only usable at visibility `pub(in crate::runtime::zone::runtime)`
siege-acceptance / siege-linux	UNKNOWN STEP	2026-10-04T11:24:16.1982412Z   --> apps/simulation/src/runtime/zone/runtime/entity_combat.rs:7:1
siege-acceptance / siege-linux	UNKNOWN STEP	2026-10-04T11:24:16.1982995Z    |
siege-acceptance / siege-linux	UNKNOWN STEP	2026-10-04T11:24:16.1983344Z 7  | pub(super) enum ZoneCombatEntityRef {
siege-acceptance / siege-linux	UNKNOWN STEP	2026-10-04T11:24:16.1984045Z    | ^^^^^^^^^^^^^^^^^^^^^^^^^^^^^^^^^^^
siege-acceptance / siege-linux	UNKNOWN STEP	2026-10-04T11:24:16.1984371Z 
siege-acceptance / siege-linux	UNKNOWN STEP	2026-10-04T11:24:16.1984905Z warning: type `entity_combat::ZoneCombatEntityRef` is more private than the item `HornedEncounterState::target_ref`
siege-acceptance / siege-linux	UNKNOWN STEP	2026-10-04T11:24:16.1985571Z   --> apps/simulation/src/runtime/zone/runtime/horned_encounter_ai.rs:12:5
siege-acceptance / siege-linux	UNKNOWN STEP	2026-10-04T11:24:16.1985940Z    |
siege-acceptance / siege-linux	UNKNOWN STEP	2026-10-04T11:24:16.1986170Z 12 |     pub target_ref: Option<ZoneCombatEntityRef>,
siege-acceptance / siege-linux	UNKNOWN STEP	2026-10-04T11:24:16.1986753Z    |     ^^^^^^^^^^^^^^^^^^^^^^^^^^^^^^^^^^^^^^^^^^^ field `HornedEncounterState::target_ref` is reachable at visibility `pub(in crate::runtime::zone)`
siege-acceptance / siege-linux	UNKNOWN STEP	2026-10-04T11:24:16.1987271Z    |
siege-acceptance / siege-linux	UNKNOWN STEP	2026-10-04T11:24:16.1987713Z note: but type `entity_combat::ZoneCombatEntityRef` is only usable at visibility `pub(in crate::runtime::zone::runtime)`
siege-acceptance / siege-linux	UNKNOWN STEP	2026-10-04T11:24:16.1988327Z   --> apps/simulation/src/runtime/zone/runtime/entity_combat.rs:7:1
siege-acceptance / siege-linux	UNKNOWN STEP	2026-10-04T11:24:16.1988665Z    |
siege-acceptance / siege-linux	UNKNOWN STEP	2026-10-04T11:24:16.1988879Z 7  | pub(super) enum ZoneCombatEntityRef {
siege-acceptance / siege-linux	UNKNOWN STEP	2026-10-04T11:24:16.1989157Z    | ^^^^^^^^^^^^^^^^^^^^^^^^^^^^^^^^^^^
siege-acceptance / siege-linux	UNKNOWN STEP	2026-10-04T11:24:16.1989331Z 
siege-acceptance / siege-linux	UNKNOWN STEP	2026-10-04T11:24:16.1989661Z warning: type `entity_combat::ZoneCombatEntityRef` is more private than the item `HornedEncounterHit::source_ref`
siege-acceptance / siege-linux	UNKNOWN STEP	2026-10-04T11:24:16.1990573Z   --> apps/simulation/src/runtime/zone/runtime/horned_encounter_ai.rs:38:5
siege-acceptance / siege-linux	UNKNOWN STEP	2026-10-04T11:24:16.1990947Z    |
siege-acceptance / siege-linux	UNKNOWN STEP	2026-10-04T11:24:16.1991176Z 38 |     pub source_ref: Option<ZoneCombatEntityRef>,
siege-acceptance / siege-linux	UNKNOWN STEP	2026-10-04T11:24:16.1991739Z    |     ^^^^^^^^^^^^^^^^^^^^^^^^^^^^^^^^^^^^^^^^^^^ field `HornedEncounterHit::source_ref` is reachable at visibility `pub(in crate::runtime::zone)`
siege-acceptance / siege-linux	UNKNOWN STEP	2026-10-04T11:24:16.1992247Z    |
siege-acceptance / siege-linux	UNKNOWN STEP	2026-10-04T11:24:16.1992687Z note: but type `entity_combat::ZoneCombatEntityRef` is only usable at visibility `pub(in crate::runtime::zone::runtime)`
siege-acceptance / siege-linux	UNKNOWN STEP	2026-10-04T11:24:16.1993300Z   --> apps/simulation/src/runtime/zone/runtime/entity_combat.rs:7:1
siege-acceptance / siege-linux	UNKNOWN STEP	2026-10-04T11:24:16.1993632Z    |
siege-acceptance / siege-linux	UNKNOWN STEP	2026-10-04T11:24:16.1993834Z 7  | pub(super) enum ZoneCombatEntityRef {
siege-acceptance / siege-linux	UNKNOWN STEP	2026-10-04T11:24:16.1994103Z    | ^^^^^^^^^^^^^^^^^^^^^^^^^^^^^^^^^^^
siege-acceptance / siege-linux	UNKNOWN STEP	2026-10-04T11:24:16.1994272Z 
siege-acceptance / siege-linux	UNKNOWN STEP	2026-10-04T11:24:16.1994598Z warning: type `entity_combat::ZoneCombatEntityRef` is more private than the item `HornedEncounterHit::target_ref`
siege-acceptance / siege-linux	UNKNOWN STEP	2026-10-04T11:24:16.1995217Z   --> apps/simulation/src/runtime/zone/runtime/horned_encounter_ai.rs:41:5
siege-acceptance / siege-linux	UNKNOWN STEP	2026-10-04T11:24:16.1995573Z    |
siege-acceptance / siege-linux	UNKNOWN STEP	2026-10-04T11:24:16.1995791Z 41 |     pub target_ref: Option<ZoneCombatEntityRef>,
siege-acceptance / siege-linux	UNKNOWN STEP	2026-10-04T11:24:16.1996344Z    |     ^^^^^^^^^^^^^^^^^^^^^^^^^^^^^^^^^^^^^^^^^^^ field `HornedEncounterHit::target_ref` is reachable at visibility `pub(in crate::runtime::zone)`
siege-acceptance / siege-linux	UNKNOWN STEP	2026-10-04T11:24:16.1996845Z    |
siege-acceptance / siege-linux	UNKNOWN STEP	2026-10-04T11:24:16.1997281Z note: but type `entity_combat::ZoneCombatEntityRef` is only usable at visibility `pub(in crate::runtime::zone::runtime)`
siege-acceptance / siege-linux	UNKNOWN STEP	2026-10-04T11:24:16.1997895Z   --> apps/simulation/src/runtime/zone/runtime/entity_combat.rs:7:1
siege-acceptance / siege-linux	UNKNOWN STEP	2026-10-04T11:24:16.1998230Z    |
siege-acceptance / siege-linux	UNKNOWN STEP	2026-10-04T11:24:16.1998437Z 7  | pub(super) enum ZoneCombatEntityRef {
siege-acceptance / siege-linux	UNKNOWN STEP	2026-10-04T11:24:16.1998711Z    | ^^^^^^^^^^^^^^^^^^^^^^^^^^^^^^^^^^^
siege-acceptance / siege-linux	UNKNOWN STEP	2026-10-04T11:24:16.1998885Z 
siege-acceptance / siege-linux	UNKNOWN STEP	2026-10-04T11:24:16.1999207Z warning: type `entity_combat::ZoneCombatEntityRef` is more private than the item `HornedMapSpell::source_ref`
siege-acceptance / siege-linux	UNKNOWN STEP	2026-10-04T11:24:16.1999808Z   --> apps/simulation/src/runtime/zone/runtime/horned_encounter_ai.rs:60:5
siege-acceptance / siege-linux	UNKNOWN STEP	2026-10-04T11:24:16.2000166Z    |
siege-acceptance / siege-linux	UNKNOWN STEP	2026-10-04T11:24:16.2000765Z 60 |     pub source_ref: Option<ZoneCombatEntityRef>,
siege-acceptance / siege-linux	UNKNOWN STEP	2026-10-04T11:24:16.2001327Z    |     ^^^^^^^^^^^^^^^^^^^^^^^^^^^^^^^^^^^^^^^^^^^ field `HornedMapSpell::source_ref` is reachable at visibility `pub(in crate::runtime::zone)`
siege-acceptance / siege-linux	UNKNOWN STEP	2026-10-04T11:24:16.2001982Z    |
siege-acceptance / siege-linux	UNKNOWN STEP	2026-10-04T11:24:16.2002437Z note: but type `entity_combat::ZoneCombatEntityRef` is only usable at visibility `pub(in crate::runtime::zone::runtime)`
siege-acceptance / siege-linux	UNKNOWN STEP	2026-10-04T11:24:16.2003054Z   --> apps/simulation/src/runtime/zone/runtime/entity_combat.rs:7:1
siege-acceptance / siege-linux	UNKNOWN STEP	2026-10-04T11:24:16.2003386Z    |
siege-acceptance / siege-linux	UNKNOWN STEP	2026-10-04T11:24:16.2003692Z 7  | pub(super) enum ZoneCombatEntityRef {
siege-acceptance / siege-linux	UNKNOWN STEP	2026-10-04T11:24:16.2003969Z    | ^^^^^^^^^^^^^^^^^^^^^^^^^^^^^^^^^^^
siege-acceptance / siege-linux	UNKNOWN STEP	2026-10-04T11:24:16.2004140Z 
siege-acceptance / siege-linux	UNKNOWN STEP	2026-10-04T11:24:16.2004453Z warning: type `entity_combat::ZoneCombatEntityRef` is more private than the item `HornedState::target_ref`
siege-acceptance / siege-linux	UNKNOWN STEP	2026-10-04T11:24:16.2005032Z   --> apps/simulation/src/runtime/zone/runtime/horned_ai.rs:14:5
siege-acceptance / siege-linux	UNKNOWN STEP	2026-10-04T11:24:16.2005355Z    |
siege-acceptance / siege-linux	UNKNOWN STEP	2026-10-04T11:24:16.2005581Z 14 |     pub target_ref: Option<ZoneCombatEntityRef>,
siege-acceptance / siege-linux	UNKNOWN STEP	2026-10-04T11:24:16.2006122Z    |     ^^^^^^^^^^^^^^^^^^^^^^^^^^^^^^^^^^^^^^^^^^^ field `HornedState::target_ref` is reachable at visibility `pub(in crate::runtime::zone)`
siege-acceptance / siege-linux	UNKNOWN STEP	2026-10-04T11:24:16.2006618Z    |
siege-acceptance / siege-linux	UNKNOWN STEP	2026-10-04T11:24:16.2007063Z note: but type `entity_combat::ZoneCombatEntityRef` is only usable at visibility `pub(in crate::runtime::zone::runtime)`
siege-acceptance / siege-linux	UNKNOWN STEP	2026-10-04T11:24:16.2007682Z   --> apps/simulation/src/runtime/zone/runtime/entity_combat.rs:7:1
siege-acceptance / siege-linux	UNKNOWN STEP	2026-10-04T11:24:16.2008023Z    |
siege-acceptance / siege-linux	UNKNOWN STEP	2026-10-04T11:24:16.2008223Z 7  | pub(super) enum ZoneCombatEntityRef {
siege-acceptance / siege-linux	UNKNOWN STEP	2026-10-04T11:24:16.2008505Z    | ^^^^^^^^^^^^^^^^^^^^^^^^^^^^^^^^^^^
siege-acceptance / siege-linux	UNKNOWN STEP	2026-10-04T11:24:16.2008680Z 
siege-acceptance / siege-linux	UNKNOWN STEP	2026-10-04T11:24:16.2008987Z warning: type `entity_combat::ZoneCombatEntityRef` is more private than the item `HornedHit::source_ref`
siege-acceptance / siege-linux	UNKNOWN STEP	2026-10-04T11:24:16.2009557Z   --> apps/simulation/src/runtime/zone/runtime/horned_ai.rs:28:5
siege-acceptance / siege-linux	UNKNOWN STEP	2026-10-04T11:24:16.2009880Z    |
siege-acceptance / siege-linux	UNKNOWN STEP	2026-10-04T11:24:16.2010101Z 28 |     pub source_ref: Option<ZoneCombatEntityRef>,
siege-acceptance / siege-linux	UNKNOWN STEP	2026-10-04T11:24:16.2010923Z    |     ^^^^^^^^^^^^^^^^^^^^^^^^^^^^^^^^^^^^^^^^^^^ field `HornedHit::source_ref` is reachable at visibility `pub(in crate::runtime::zone)`
siege-acceptance / siege-linux	UNKNOWN STEP	2026-10-04T11:24:16.2011397Z    |
siege-acceptance / siege-linux	UNKNOWN STEP	2026-10-04T11:24:16.2011844Z note: but type `entity_combat::ZoneCombatEntityRef` is only usable at visibility `pub(in crate::runtime::zone::runtime)`
siege-acceptance / siege-linux	UNKNOWN STEP	2026-10-04T11:24:16.2012450Z   --> apps/simulation/src/runtime/zone/runtime/entity_combat.rs:7:1
siege-acceptance / siege-linux	UNKNOWN STEP	2026-10-04T11:24:16.2012783Z    |
siege-acceptance / siege-linux	UNKNOWN STEP	2026-10-04T11:24:16.2012982Z 7  | pub(super) enum ZoneCombatEntityRef {
siege-acceptance / siege-linux	UNKNOWN STEP	2026-10-04T11:24:16.2013262Z    | ^^^^^^^^^^^^^^^^^^^^^^^^^^^^^^^^^^^
siege-acceptance / siege-linux	UNKNOWN STEP	2026-10-04T11:24:16.2013429Z 
siege-acceptance / siege-linux	UNKNOWN STEP	2026-10-04T11:24:16.2013733Z warning: type `entity_combat::ZoneCombatEntityRef` is more private than the item `HornedHit::target_ref`
siege-acceptance / siege-linux	UNKNOWN STEP	2026-10-04T11:24:16.2014289Z   --> apps/simulation/src/runtime/zone/runtime/horned_ai.rs:30:5
siege-acceptance / siege-linux	UNKNOWN STEP	2026-10-04T11:24:16.2014609Z    |
siege-acceptance / siege-linux	UNKNOWN STEP	2026-10-04T11:24:16.2014829Z 30 |     pub target_ref: Option<ZoneCombatEntityRef>,
siege-acceptance / siege-linux	UNKNOWN STEP	2026-10-04T11:24:16.2015342Z    |     ^^^^^^^^^^^^^^^^^^^^^^^^^^^^^^^^^^^^^^^^^^^ field `HornedHit::target_ref` is reachable at visibility `pub(in crate::runtime::zone)`
siege-acceptance / siege-linux	UNKNOWN STEP	2026-10-04T11:24:16.2015804Z    |
siege-acceptance / siege-linux	UNKNOWN STEP	2026-10-04T11:24:16.2016245Z note: but type `entity_combat::ZoneCombatEntityRef` is only usable at visibility `pub(in crate::runtime::zone::runtime)`
siege-acceptance / siege-linux	UNKNOWN STEP	2026-10-04T11:24:16.2016858Z   --> apps/simulation/src/runtime/zone/runtime/entity_combat.rs:7:1
siege-acceptance / siege-linux	UNKNOWN STEP	2026-10-04T11:24:16.2017189Z    |
siege-acceptance / siege-linux	UNKNOWN STEP	2026-10-04T11:24:16.2017382Z 7  | pub(super) enum ZoneCombatEntityRef {
siege-acceptance / siege-linux	UNKNOWN STEP	2026-10-04T11:24:16.2017654Z    | ^^^^^^^^^^^^^^^^^^^^^^^^^^^^^^^^^^^
siege-acceptance / siege-linux	UNKNOWN STEP	2026-10-04T11:24:16.2017822Z 
siege-acceptance / siege-linux	UNKNOWN STEP	2026-10-04T11:24:16.2018187Z warning: type `entity_combat::ZoneCombatEntityRef` is more private than the item `HellState::explosion_source_ref`
siege-acceptance / siege-linux	UNKNOWN STEP	2026-10-04T11:24:16.2018784Z   --> apps/simulation/src/runtime/zone/runtime/hell_ai.rs:14:5
siege-acceptance / siege-linux	UNKNOWN STEP	2026-10-04T11:24:16.2019100Z    |
siege-acceptance / siege-linux	UNKNOWN STEP	2026-10-04T11:24:16.2019349Z 14 |     pub explosion_source_ref: Option<ZoneCombatEntityRef>,
siege-acceptance / siege-linux	UNKNOWN STEP	2026-10-04T11:24:16.2019947Z    |     ^^^^^^^^^^^^^^^^^^^^^^^^^^^^^^^^^^^^^^^^^^^^^^^^^^^^^ field `HellState::explosion_source_ref` is reachable at visibility `pub(in crate::runtime::zone)`
siege-acceptance / siege-linux	UNKNOWN STEP	2026-10-04T11:24:16.2020863Z    |
siege-acceptance / siege-linux	UNKNOWN STEP	2026-10-04T11:24:16.2021312Z note: but type `entity_combat::ZoneCombatEntityRef` is only usable at visibility `pub(in crate::runtime::zone::runtime)`
siege-acceptance / siege-linux	UNKNOWN STEP	2026-10-04T11:24:16.2021927Z   --> apps/simulation/src/runtime/zone/runtime/entity_combat.rs:7:1
siege-acceptance / siege-linux	UNKNOWN STEP	2026-10-04T11:24:16.2022259Z    |
siege-acceptance / siege-linux	UNKNOWN STEP	2026-10-04T11:24:16.2022459Z 7  | pub(super) enum ZoneCombatEntityRef {
siege-acceptance / siege-linux	UNKNOWN STEP	2026-10-04T11:24:16.2022858Z    | ^^^^^^^^^^^^^^^^^^^^^^^^^^^^^^^^^^^
siege-acceptance / siege-linux	UNKNOWN STEP	2026-10-04T11:24:16.2023035Z 
siege-acceptance / siege-linux	UNKNOWN STEP	2026-10-04T11:24:16.2023361Z warning: type `entity_combat::ZoneCombatEntityRef` is more private than the item `SpiderAiState::parent_ref`
siege-acceptance / siege-linux	UNKNOWN STEP	2026-10-04T11:24:16.2023935Z   --> apps/simulation/src/runtime/zone/runtime/spider_ai.rs:40:5
siege-acceptance / siege-linux	UNKNOWN STEP	2026-10-04T11:24:16.2024259Z    |
siege-acceptance / siege-linux	UNKNOWN STEP	2026-10-04T11:24:16.2024477Z 40 |     pub parent_ref: Option<ZoneCombatEntityRef>,
siege-acceptance / siege-linux	UNKNOWN STEP	2026-10-04T11:24:16.2025011Z    |     ^^^^^^^^^^^^^^^^^^^^^^^^^^^^^^^^^^^^^^^^^^^ field `SpiderAiState::parent_ref` is reachable at visibility `pub(in crate::runtime::zone)`
siege-acceptance / siege-linux	UNKNOWN STEP	2026-10-04T11:24:16.2025491Z    |
siege-acceptance / siege-linux	UNKNOWN STEP	2026-10-04T11:24:16.2025932Z note: but type `entity_combat::ZoneCombatEntityRef` is only usable at visibility `pub(in crate::runtime::zone::runtime)`
siege-acceptance / siege-linux	UNKNOWN STEP	2026-10-04T11:24:16.2026536Z   --> apps/simulation/src/runtime/zone/runtime/entity_combat.rs:7:1
siege-acceptance / siege-linux	UNKNOWN STEP	2026-10-04T11:24:16.2026870Z    |
siege-acceptance / siege-linux	UNKNOWN STEP	2026-10-04T11:24:16.2027065Z 7  | pub(super) enum ZoneCombatEntityRef {
siege-acceptance / siege-linux	UNKNOWN STEP	2026-10-04T11:24:16.2027340Z    | ^^^^^^^^^^^^^^^^^^^^^^^^^^^^^^^^^^^
siege-acceptance / siege-linux	UNKNOWN STEP	2026-10-04T11:24:16.2027506Z 
siege-acceptance / siege-linux	UNKNOWN STEP	2026-10-04T11:24:16.2027840Z warning: type `entity_combat::ZoneCombatEntityRef` is more private than the item `PendingRootSpiderSpawn::source`
siege-acceptance / siege-linux	UNKNOWN STEP	2026-10-04T11:24:16.2028422Z   --> apps/simulation/src/runtime/zone/runtime/spider_ai.rs:52:5
siege-acceptance / siege-linux	UNKNOWN STEP	2026-10-04T11:24:16.2028739Z    |
siege-acceptance / siege-linux	UNKNOWN STEP	2026-10-04T11:24:16.2028946Z 52 |     pub source: Option<ZoneCombatEntityRef>,
siege-acceptance / siege-linux	UNKNOWN STEP	2026-10-04T11:24:16.2029490Z    |     ^^^^^^^^^^^^^^^^^^^^^^^^^^^^^^^^^^^^^^^ field `PendingRootSpiderSpawn::source` is reachable at visibility `pub(in crate::runtime::zone)`
siege-acceptance / siege-linux	UNKNOWN STEP	2026-10-04T11:24:16.2029990Z    |
siege-acceptance / siege-linux	UNKNOWN STEP	2026-10-04T11:24:16.2030650Z note: but type `entity_combat::ZoneCombatEntityRef` is only usable at visibility `pub(in crate::runtime::zone::runtime)`
siege-acceptance / siege-linux	UNKNOWN STEP	2026-10-04T11:24:16.2031263Z   --> apps/simulation/src/runtime/zone/runtime/entity_combat.rs:7:1
siege-acceptance / siege-linux	UNKNOWN STEP	2026-10-04T11:24:16.2031595Z    |
siege-acceptance / siege-linux	UNKNOWN STEP	2026-10-04T11:24:16.2031789Z 7  | pub(super) enum ZoneCombatEntityRef {
siege-acceptance / siege-linux	UNKNOWN STEP	2026-10-04T11:24:16.2032060Z    | ^^^^^^^^^^^^^^^^^^^^^^^^^^^^^^^^^^^
siege-acceptance / siege-linux	UNKNOWN STEP	2026-10-04T11:24:16.2032232Z 
siege-acceptance / siege-linux	UNKNOWN STEP	2026-10-04T11:24:16.2032931Z warning: type `entity_combat::ZoneCombatEntityRef` is more private than the item `PendingRootSpiderSpawn::target`
siege-acceptance / siege-linux	UNKNOWN STEP	2026-10-04T11:24:16.2033998Z   --> apps/simulation/src/runtime/zone/runtime/spider_ai.rs:54:5
siege-acceptance / siege-linux	UNKNOWN STEP	2026-10-04T11:24:16.2034573Z    |
siege-acceptance / siege-linux	UNKNOWN STEP	2026-10-04T11:24:16.2034955Z 54 |     pub target: Option<ZoneCombatEntityRef>,
siege-acceptance / siege-linux	UNKNOWN STEP	2026-10-04T11:24:16.2035933Z    |     ^^^^^^^^^^^^^^^^^^^^^^^^^^^^^^^^^^^^^^^ field `PendingRootSpiderSpawn::target` is reachable at visibility `pub(in crate::runtime::zone)`
siege-acceptance / siege-linux	UNKNOWN STEP	2026-10-04T11:24:16.2036851Z    |
siege-acceptance / siege-linux	UNKNOWN STEP	2026-10-04T11:24:16.2037646Z note: but type `entity_combat::ZoneCombatEntityRef` is only usable at visibility `pub(in crate::runtime::zone::runtime)`
siege-acceptance / siege-linux	UNKNOWN STEP	2026-10-04T11:24:16.2038735Z   --> apps/simulation/src/runtime/zone/runtime/entity_combat.rs:7:1
siege-acceptance / siege-linux	UNKNOWN STEP	2026-10-04T11:24:16.2039323Z    |
siege-acceptance / siege-linux	UNKNOWN STEP	2026-10-04T11:24:16.2039748Z 7  | pub(super) enum ZoneCombatEntityRef {
siege-acceptance / siege-linux	UNKNOWN STEP	2026-10-04T11:24:16.2040462Z    | ^^^^^^^^^^^^^^^^^^^^^^^^^^^^^^^^^^^
siege-acceptance / siege-linux	UNKNOWN STEP	2026-10-04T11:24:16.2040778Z 
siege-acceptance / siege-linux	UNKNOWN STEP	2026-10-04T11:24:16.3603876Z warning: function `bootstrap_mirror` is never used
siege-acceptance / siege-linux	UNKNOWN STEP	2026-10-04T11:24:16.3604452Z    --> apps/simulation/src/config_item_identity.rs:143:15
siege-acceptance / siege-linux	UNKNOWN STEP	2026-10-04T11:24:16.3604881Z     |
siege-acceptance / siege-linux	UNKNOWN STEP	2026-10-04T11:24:16.3605162Z 143 | pub(super) fn bootstrap_mirror(
siege-acceptance / siege-linux	UNKNOWN STEP	2026-10-04T11:24:16.3605529Z     |               ^^^^^^^^^^^^^^^^
siege-acceptance / siege-linux	UNKNOWN STEP	2026-10-04T11:24:16.3605847Z     |
siege-acceptance / siege-linux	UNKNOWN STEP	2026-10-04T11:24:16.3606123Z     = note: `#[warn(dead_code)]` on by default
siege-acceptance / siege-linux	UNKNOWN STEP	2026-10-04T11:24:16.3606390Z 
siege-acceptance / siege-linux	UNKNOWN STEP	2026-10-04T11:24:16.3606555Z warning: function `mirror_client` is never used
siege-acceptance / siege-linux	UNKNOWN STEP	2026-10-04T11:24:16.3607024Z    --> apps/simulation/src/config_item_identity.rs:187:4
siege-acceptance / siege-linux	UNKNOWN STEP	2026-10-04T11:24:16.3608152Z     |
siege-acceptance / siege-linux	UNKNOWN STEP	2026-10-04T11:24:16.3608828Z 187 | fn mirror_client(config: &SimulationConfig) -> Result<postgres::Client, String> {
siege-acceptance / siege-linux	UNKNOWN STEP	2026-10-04T11:24:16.3609688Z     |    ^^^^^^^^^^^^^
siege-acceptance / siege-linux	UNKNOWN STEP	2026-10-04T11:24:16.3609976Z 
siege-acceptance / siege-linux	UNKNOWN STEP	2026-10-04T11:24:16.3610554Z warning: function `reserve_mirror` is never used
siege-acceptance / siege-linux	UNKNOWN STEP	2026-10-04T11:24:16.3611620Z    --> apps/simulation/src/config_item_identity.rs:203:15
siege-acceptance / siege-linux	UNKNOWN STEP	2026-10-04T11:24:16.3612227Z     |
siege-acceptance / siege-linux	UNKNOWN STEP	2026-10-04T11:24:16.3612555Z 203 | pub(super) fn reserve_mirror(
siege-acceptance / siege-linux	UNKNOWN STEP	2026-10-04T11:24:16.3612975Z     |               ^^^^^^^^^^^^^^
siege-acceptance / siege-linux	UNKNOWN STEP	2026-10-04T11:24:16.3613226Z 
siege-acceptance / siege-linux	UNKNOWN STEP	2026-10-04T11:24:16.3619083Z warning: method `refresh_shared_hero_authority` is never used
siege-acceptance / siege-linux	UNKNOWN STEP	2026-10-04T11:24:16.3619840Z  --> apps/simulation/src/config_hero_authority.rs:8:19
siege-acceptance / siege-linux	UNKNOWN STEP	2026-10-04T11:24:16.3620574Z   |
siege-acceptance / siege-linux	UNKNOWN STEP	2026-10-04T11:24:16.3620900Z 7 | impl SimulationConfig {
siege-acceptance / siege-linux	UNKNOWN STEP	2026-10-04T11:24:16.3621372Z   | --------------------- method in this implementation
siege-acceptance / siege-linux	UNKNOWN STEP	2026-10-04T11:24:16.3622052Z 8 |     pub(crate) fn refresh_shared_hero_authority(&self)->Result<(),String>{
siege-acceptance / siege-linux	UNKNOWN STEP	2026-10-04T11:24:16.3622708Z   |                   ^^^^^^^^^^^^^^^^^^^^^^^^^^^^^
siege-acceptance / siege-linux	UNKNOWN STEP	2026-10-04T11:24:16.3623019Z 
siege-acceptance / siege-linux	UNKNOWN STEP	2026-10-04T11:24:16.3623246Z warning: variant `MacAgility` is never constructed
siege-acceptance / siege-linux	UNKNOWN STEP	2026-10-04T11:24:16.3623653Z    --> apps/simulation/src/runtime/combat.rs:785:5
siege-acceptance / siege-linux	UNKNOWN STEP	2026-10-04T11:24:16.3623983Z     |
siege-acceptance / siege-linux	UNKNOWN STEP	2026-10-04T11:24:16.3624213Z 778 | pub(super) enum CrystalDefence {
siege-acceptance / siege-linux	UNKNOWN STEP	2026-10-04T11:24:16.3624539Z     |                 -------------- variant in this enum
siege-acceptance / siege-linux	UNKNOWN STEP	2026-10-04T11:24:16.3624842Z ...
siege-acceptance / siege-linux	UNKNOWN STEP	2026-10-04T11:24:16.3625041Z 785 |     MacAgility,
siege-acceptance / siege-linux	UNKNOWN STEP	2026-10-04T11:24:16.3625263Z     |     ^^^^^^^^^^
siege-acceptance / siege-linux	UNKNOWN STEP	2026-10-04T11:24:16.3625471Z     |
siege-acceptance / siege-linux	UNKNOWN STEP	2026-10-04T11:24:16.3626032Z     = note: `CrystalDefence` has derived impls for the traits `Debug` and `Clone`, but these are intentionally ignored during dead code analysis
siege-acceptance / siege-linux	UNKNOWN STEP	2026-10-04T11:24:16.3626691Z 
siege-acceptance / siege-linux	UNKNOWN STEP	2026-10-04T11:24:16.3626993Z warning: function `crystal_monster_drop_templates` is never used
siege-acceptance / siege-linux	UNKNOWN STEP	2026-10-04T11:24:16.3627652Z    --> apps/simulation/src/runtime/drops.rs:535:15
siege-acceptance / siege-linux	UNKNOWN STEP	2026-10-04T11:24:16.3628153Z     |
siege-acceptance / siege-linux	UNKNOWN STEP	2026-10-04T11:24:16.3628515Z 535 | pub(super) fn crystal_monster_drop_templates(
siege-acceptance / siege-linux	UNKNOWN STEP	2026-10-04T11:24:16.3628996Z     |               ^^^^^^^^^^^^^^^^^^^^^^^^^^^^^^
siege-acceptance / siege-linux	UNKNOWN STEP	2026-10-04T11:24:16.3629201Z 
siege-acceptance / siege-linux	UNKNOWN STEP	2026-10-04T11:24:16.3629373Z warning: function `crystal_resolve_group_drop` is never used
siege-acceptance / siege-linux	UNKNOWN STEP	2026-10-04T11:24:16.3629774Z    --> apps/simulation/src/runtime/drops.rs:610:15
siege-acceptance / siege-linux	UNKNOWN STEP	2026-10-04T11:24:16.3630075Z     |
siege-acceptance / siege-linux	UNKNOWN STEP	2026-10-04T11:24:16.3630608Z 610 | pub(super) fn crystal_resolve_group_drop(
siege-acceptance / siege-linux	UNKNOWN STEP	2026-10-04T11:24:16.3630937Z     |               ^^^^^^^^^^^^^^^^^^^^^^^^^^
siege-acceptance / siege-linux	UNKNOWN STEP	2026-10-04T11:24:16.3631137Z 
siege-acceptance / siege-linux	UNKNOWN STEP	2026-10-04T11:24:16.3631327Z warning: function `equipment_state_identified` is never used
siege-acceptance / siege-linux	UNKNOWN STEP	2026-10-04T11:24:16.3631740Z    --> apps/simulation/src/runtime/equipment.rs:309:15
siege-acceptance / siege-linux	UNKNOWN STEP	2026-10-04T11:24:16.3632067Z     |
siege-acceptance / siege-linux	UNKNOWN STEP	2026-10-04T11:24:16.3632402Z 309 | pub(super) fn equipment_state_identified(item: &EquipmentState) -> bool {
siege-acceptance / siege-linux	UNKNOWN STEP	2026-10-04T11:24:16.3632840Z     |               ^^^^^^^^^^^^^^^^^^^^^^^^^^
siege-acceptance / siege-linux	UNKNOWN STEP	2026-10-04T11:24:16.3633024Z 
siege-acceptance / siege-linux	UNKNOWN STEP	2026-10-04T11:24:16.3633190Z warning: function `equipment_state_soul_bound_id` is never used
siege-acceptance / siege-linux	UNKNOWN STEP	2026-10-04T11:24:16.3633612Z    --> apps/simulation/src/runtime/equipment.rs:314:15
siege-acceptance / siege-linux	UNKNOWN STEP	2026-10-04T11:24:16.3633901Z     |
siege-acceptance / siege-linux	UNKNOWN STEP	2026-10-04T11:24:16.3634206Z 314 | pub(super) fn equipment_state_soul_bound_id(item: &EquipmentState) -> i32 {
siege-acceptance / siege-linux	UNKNOWN STEP	2026-10-04T11:24:16.3634604Z     |               ^^^^^^^^^^^^^^^^^^^^^^^^^^^^^
siege-acceptance / siege-linux	UNKNOWN STEP	2026-10-04T11:24:16.3634786Z 
siege-acceptance / siege-linux	UNKNOWN STEP	2026-10-04T11:24:16.3634923Z warning: method `record_unresolved_legacy` is never used
siege-acceptance / siege-linux	UNKNOWN STEP	2026-10-04T11:24:16.3635309Z   --> apps/simulation/src/runtime/hero_registry_carriers.rs:42:12
siege-acceptance / siege-linux	UNKNOWN STEP	2026-10-04T11:24:16.3635630Z    |
siege-acceptance / siege-linux	UNKNOWN STEP	2026-10-04T11:24:16.3635825Z 14 | impl HeroCarrierCensus {
siege-acceptance / siege-linux	UNKNOWN STEP	2026-10-04T11:24:16.3636109Z    | ---------------------- method in this implementation
siege-acceptance / siege-linux	UNKNOWN STEP	2026-10-04T11:24:16.3636402Z ...
siege-acceptance / siege-linux	UNKNOWN STEP	2026-10-04T11:24:16.3636781Z 42 |     pub fn record_unresolved_legacy(&mut self,root:&super::items::ItemState)->Result<(),String>{
siege-acceptance / siege-linux	UNKNOWN STEP	2026-10-04T11:24:16.3637517Z    |            ^^^^^^^^^^^^^^^^^^^^^^^^
siege-acceptance / siege-linux	UNKNOWN STEP	2026-10-04T11:24:16.3637690Z 
siege-acceptance / siege-linux	UNKNOWN STEP	2026-10-04T11:24:16.3637787Z warning: function `decode` is never used
siege-acceptance / siege-linux	UNKNOWN STEP	2026-10-04T11:24:16.3638108Z  --> apps/simulation/src/runtime/hero_registry_scan.rs:8:4
siege-acceptance / siege-linux	UNKNOWN STEP	2026-10-04T11:24:16.3638411Z   |
siege-acceptance / siege-linux	UNKNOWN STEP	2026-10-04T11:24:16.3639112Z 8 | fn decode<T:DeserializeOwned>(value:&str)->Result<T,String>{serde_json::from_str(value).map_err(|error|format!("invalid Hero custody carr...
siege-acceptance / siege-linux	UNKNOWN STEP	2026-10-04T11:24:16.3639706Z   |    ^^^^^^
siege-acceptance / siege-linux	UNKNOWN STEP	2026-10-04T11:24:16.3639815Z 
siege-acceptance / siege-linux	UNKNOWN STEP	2026-10-04T11:24:16.3639921Z warning: function `add_wire` is never used
siege-acceptance / siege-linux	UNKNOWN STEP	2026-10-04T11:24:16.3640391Z  --> apps/simulation/src/runtime/hero_registry_scan.rs:9:4
siege-acceptance / siege-linux	UNKNOWN STEP	2026-10-04T11:24:16.3640696Z   |
siege-acceptance / siege-linux	UNKNOWN STEP	2026-10-04T11:24:16.3641145Z 9 | fn add_wire(census:&mut HeroCarrierCensus,item:&UserItem,origin:CarrierOrigin,forbidden_bind:u16)->Result<(),String>{
siege-acceptance / siege-linux	UNKNOWN STEP	2026-10-04T11:24:16.3641663Z   |    ^^^^^^^^
siege-acceptance / siege-linux	UNKNOWN STEP	2026-10-04T11:24:16.3641775Z 
siege-acceptance / siege-linux	UNKNOWN STEP	2026-10-04T11:24:16.3641876Z warning: function `add_items` is never used
siege-acceptance / siege-linux	UNKNOWN STEP	2026-10-04T11:24:16.3642226Z   --> apps/simulation/src/runtime/hero_registry_scan.rs:21:4
siege-acceptance / siege-linux	UNKNOWN STEP	2026-10-04T11:24:16.3642529Z    |
siege-acceptance / siege-linux	UNKNOWN STEP	2026-10-04T11:24:16.3642970Z 21 | fn add_items(census:&mut HeroCarrierCensus,encoded:&[String],origin:CarrierOrigin,forbidden:u16)->Result<(),String>{
siege-acceptance / siege-linux	UNKNOWN STEP	2026-10-04T11:24:16.3643479Z    |    ^^^^^^^^^
siege-acceptance / siege-linux	UNKNOWN STEP	2026-10-04T11:24:16.3643591Z 
siege-acceptance / siege-linux	UNKNOWN STEP	2026-10-04T11:24:16.3643713Z warning: function `add_character` is never used
siege-acceptance / siege-linux	UNKNOWN STEP	2026-10-04T11:24:16.3644055Z   --> apps/simulation/src/runtime/hero_registry_scan.rs:32:4
siege-acceptance / siege-linux	UNKNOWN STEP	2026-10-04T11:24:16.3644355Z    |
siege-acceptance / siege-linux	UNKNOWN STEP	2026-10-04T11:24:16.3644761Z 32 | fn add_character(census:&mut HeroCarrierCensus,save:&CharacterSaveRecord,mirrored:bool)->Result<(),String>{
siege-acceptance / siege-linux	UNKNOWN STEP	2026-10-04T11:24:16.3645251Z    |    ^^^^^^^^^^^^^
siege-acceptance / siege-linux	UNKNOWN STEP	2026-10-04T11:24:16.3645376Z 
siege-acceptance / siege-linux	UNKNOWN STEP	2026-10-04T11:24:16.3645558Z warning: function `validate_shared_hero_physical_custody` is never used
siege-acceptance / siege-linux	UNKNOWN STEP	2026-10-04T11:24:16.3645979Z   --> apps/simulation/src/runtime/hero_registry_scan.rs:86:15
siege-acceptance / siege-linux	UNKNOWN STEP	2026-10-04T11:24:16.3646286Z    |
siege-acceptance / siege-linux	UNKNOWN STEP	2026-10-04T11:24:16.3646637Z 86 | pub(crate) fn validate_shared_hero_physical_custody(store:&AccountStore)->Result<(),String>{
siege-acceptance / siege-linux	UNKNOWN STEP	2026-10-04T11:24:16.3647090Z    |               ^^^^^^^^^^^^^^^^^^^^^^^^^^^^^^^^^^^^^
siege-acceptance / siege-linux	UNKNOWN STEP	2026-10-04T11:24:16.3647276Z 
siege-acceptance / siege-linux	UNKNOWN STEP	2026-10-04T11:24:16.3647442Z warning: function `hero_inventory_item_is_broken` is never used
siege-acceptance / siege-linux	UNKNOWN STEP	2026-10-04T11:24:16.3647805Z     --> apps/simulation/src/runtime/items.rs:3456:4
siege-acceptance / siege-linux	UNKNOWN STEP	2026-10-04T11:24:16.3648089Z      |
siege-acceptance / siege-linux	UNKNOWN STEP	2026-10-04T11:24:16.3648349Z 3456 | fn hero_inventory_item_is_broken(item: &ItemState) -> bool {
siege-acceptance / siege-linux	UNKNOWN STEP	2026-10-04T11:24:16.3648681Z      |    ^^^^^^^^^^^^^^^^^^^^^^^^^^^^^
siege-acceptance / siege-linux	UNKNOWN STEP	2026-10-04T11:24:16.3648846Z 
siege-acceptance / siege-linux	UNKNOWN STEP	2026-10-04T11:24:16.3649015Z warning: function `hero_inventory_requirement_stat` is never used
siege-acceptance / siege-linux	UNKNOWN STEP	2026-10-04T11:24:16.3649384Z     --> apps/simulation/src/runtime/items.rs:3460:4
siege-acceptance / siege-linux	UNKNOWN STEP	2026-10-04T11:24:16.3649655Z      |
siege-acceptance / siege-linux	UNKNOWN STEP	2026-10-04T11:24:16.3649948Z 3460 | fn hero_inventory_requirement_stat(item: &ItemState, stat: u8) -> i32 {
siege-acceptance / siege-linux	UNKNOWN STEP	2026-10-04T11:24:16.3650579Z      |    ^^^^^^^^^^^^^^^^^^^^^^^^^^^^^^^
siege-acceptance / siege-linux	UNKNOWN STEP	2026-10-04T11:24:16.3650766Z 
siege-acceptance / siege-linux	UNKNOWN STEP	2026-10-04T11:24:16.3650901Z warning: function `repair_conquest_asset` is never used
siege-acceptance / siege-linux	UNKNOWN STEP	2026-10-04T11:24:16.3651247Z     --> apps/simulation/src/runtime/monsters.rs:1879:15
siege-acceptance / siege-linux	UNKNOWN STEP	2026-10-04T11:24:16.3651525Z      |
siege-acceptance / siege-linux	UNKNOWN STEP	2026-10-04T11:24:16.3651856Z 1879 | pub(super) fn repair_conquest_asset(world: &mut World, ai: u8, asset_id: u8) -> bool {
siege-acceptance / siege-linux	UNKNOWN STEP	2026-10-04T11:24:16.3652282Z      |               ^^^^^^^^^^^^^^^^^^^^^
siege-acceptance / siege-linux	UNKNOWN STEP	2026-10-04T11:24:16.3652448Z 
siege-acceptance / siege-linux	UNKNOWN STEP	2026-10-04T11:24:16.3652567Z warning: function `complete_quest` is never used
siege-acceptance / siege-linux	UNKNOWN STEP	2026-10-04T11:24:16.3652891Z     --> apps/simulation/src/runtime/quests.rs:1094:15
siege-acceptance / siege-linux	UNKNOWN STEP	2026-10-04T11:24:16.3653170Z      |
siege-acceptance / siege-linux	UNKNOWN STEP	2026-10-04T11:24:16.3653432Z 1094 | pub(super) fn complete_quest(world: &mut World, quest_id: i32) {
siege-acceptance / siege-linux	UNKNOWN STEP	2026-10-04T11:24:16.3653775Z      |               ^^^^^^^^^^^^^^
siege-acceptance / siege-linux	UNKNOWN STEP	2026-10-04T11:24:16.3653930Z 
siege-acceptance / siege-linux	UNKNOWN STEP	2026-10-04T11:24:16.3654078Z warning: function `quest_info_by_id_unchecked` is never used
siege-acceptance / siege-linux	UNKNOWN STEP	2026-10-04T11:24:16.3654444Z    --> apps/simulation/src/runtime/newcomer_v2.rs:231:27
siege-acceptance / siege-linux	UNKNOWN STEP	2026-10-04T11:24:16.3654867Z     |
siege-acceptance / siege-linux	UNKNOWN STEP	2026-10-04T11:24:16.3655234Z 231 | pub(in crate::runtime) fn quest_info_by_id_unchecked(quest_id: i32) -> Option<ClientQuestInfo> {
siege-acceptance / siege-linux	UNKNOWN STEP	2026-10-04T11:24:16.3655699Z     |                           ^^^^^^^^^^^^^^^^^^^^^^^^^^
siege-acceptance / siege-linux	UNKNOWN STEP	2026-10-04T11:24:16.3655886Z 
siege-acceptance / siege-linux	UNKNOWN STEP	2026-10-04T11:24:16.3656025Z warning: function `persist_character_save` is never used
siege-acceptance / siege-linux	UNKNOWN STEP	2026-10-04T11:24:16.3656466Z    --> apps/simulation/src/runtime/save.rs:926:15
siege-acceptance / siege-linux	UNKNOWN STEP	2026-10-04T11:24:16.3656740Z     |
siege-acceptance / siege-linux	UNKNOWN STEP	2026-10-04T11:24:16.3656936Z 926 | pub(super) fn persist_character_save(
siege-acceptance / siege-linux	UNKNOWN STEP	2026-10-04T11:24:16.3657202Z     |               ^^^^^^^^^^^^^^^^^^^^^^
siege-acceptance / siege-linux	UNKNOWN STEP	2026-10-04T11:24:16.3657369Z 
siege-acceptance / siege-linux	UNKNOWN STEP	2026-10-04T11:24:16.3657496Z warning: function `hell_can_move` is never used
siege-acceptance / siege-linux	UNKNOWN STEP	2026-10-04T11:24:16.3657848Z   --> apps/simulation/src/runtime/zone/runtime/hell_ai.rs:68:15
siege-acceptance / siege-linux	UNKNOWN STEP	2026-10-04T11:24:16.3658166Z    |
siege-acceptance / siege-linux	UNKNOWN STEP	2026-10-04T11:24:16.3658413Z 68 | pub(super) fn hell_can_move(m: &ZoneNativeMonster) -> bool {
siege-acceptance / siege-linux	UNKNOWN STEP	2026-10-04T11:24:16.3658735Z    |               ^^^^^^^^^^^^^
siege-acceptance / siege-linux	UNKNOWN STEP	2026-10-04T11:24:16.3658885Z 
siege-acceptance / siege-linux	UNKNOWN STEP	2026-10-04T11:24:16.3659002Z warning: function `hell_can_regen` is never used
siege-acceptance / siege-linux	UNKNOWN STEP	2026-10-04T11:24:16.3659350Z   --> apps/simulation/src/runtime/zone/runtime/hell_ai.rs:74:15
siege-acceptance / siege-linux	UNKNOWN STEP	2026-10-04T11:24:16.3659657Z    |
siege-acceptance / siege-linux	UNKNOWN STEP	2026-10-04T11:24:16.3659903Z 74 | pub(super) fn hell_can_regen(m: &ZoneNativeMonster) -> bool {
siege-acceptance / siege-linux	UNKNOWN STEP	2026-10-04T11:24:16.3660364Z    |               ^^^^^^^^^^^^^^
siege-acceptance / siege-linux	UNKNOWN STEP	2026-10-04T11:24:16.3660526Z 
siege-acceptance / siege-linux	UNKNOWN STEP	2026-10-04T11:24:16.4855626Z warning: unused `std::result::Result` that must be used
siege-acceptance / siege-linux	UNKNOWN STEP	2026-10-04T11:24:16.4856497Z   --> apps/simulation/src/runtime/mail_parcel_tests.rs:42:5
siege-acceptance / siege-linux	UNKNOWN STEP	2026-10-04T11:24:16.4856937Z    |
siege-acceptance / siege-linux	UNKNOWN STEP	2026-10-04T11:24:16.4857195Z 42 |     session.save_active_character();
siege-acceptance / siege-linux	UNKNOWN STEP	2026-10-04T11:24:16.4857538Z    |     ^^^^^^^^^^^^^^^^^^^^^^^^^^^^^^^
siege-acceptance / siege-linux	UNKNOWN STEP	2026-10-04T11:24:16.4857839Z    |
siege-acceptance / siege-linux	UNKNOWN STEP	2026-10-04T11:24:16.4858173Z    = note: this `Result` may be an `Err` variant, which should be handled
siege-acceptance / siege-linux	UNKNOWN STEP	2026-10-04T11:24:16.4858653Z    = note: `#[warn(unused_must_use)]` on by default
siege-acceptance / siege-linux	UNKNOWN STEP	2026-10-04T11:24:16.4859088Z help: use `let _ = ...` to ignore the resulting value
siege-acceptance / siege-linux	UNKNOWN STEP	2026-10-04T11:24:16.4859437Z    |
siege-acceptance / siege-linux	UNKNOWN STEP	2026-10-04T11:24:16.4859691Z 42 |     let _ = session.save_active_character();
siege-acceptance / siege-linux	UNKNOWN STEP	2026-10-04T11:24:16.4860031Z    |     +++++++
siege-acceptance / siege-linux	UNKNOWN STEP	2026-10-04T11:24:16.4860179Z 
siege-acceptance / siege-linux	UNKNOWN STEP	2026-10-04T11:24:16.5135553Z warning: unused `std::result::Result` that must be used
siege-acceptance / siege-linux	UNKNOWN STEP	2026-10-04T11:24:16.5136369Z     --> apps/simulation/src/runtime/tests.rs:1732:5
siege-acceptance / siege-linux	UNKNOWN STEP	2026-10-04T11:24:16.5136893Z      |
siege-acceptance / siege-linux	UNKNOWN STEP	2026-10-04T11:24:16.5137184Z 1732 |     sender.save_active_character();
siege-acceptance / siege-linux	UNKNOWN STEP	2026-10-04T11:24:16.5137557Z      |     ^^^^^^^^^^^^^^^^^^^^^^^^^^^^^^
siege-acceptance / siege-linux	UNKNOWN STEP	2026-10-04T11:24:16.5137886Z      |
siege-acceptance / siege-linux	UNKNOWN STEP	2026-10-04T11:24:16.5138266Z      = note: this `Result` may be an `Err` variant, which should be handled
siege-acceptance / siege-linux	UNKNOWN STEP	2026-10-04T11:24:16.5138833Z help: use `let _ = ...` to ignore the resulting value
siege-acceptance / siege-linux	UNKNOWN STEP	2026-10-04T11:24:16.5139240Z      |
siege-acceptance / siege-linux	UNKNOWN STEP	2026-10-04T11:24:16.5139532Z 1732 |     let _ = sender.save_active_character();
siege-acceptance / siege-linux	UNKNOWN STEP	2026-10-04T11:24:16.5139914Z      |     +++++++
siege-acceptance / siege-linux	UNKNOWN STEP	2026-10-04T11:24:16.5140080Z 
siege-acceptance / siege-linux	UNKNOWN STEP	2026-10-04T11:24:16.5150506Z warning: unused `std::result::Result` that must be used
siege-acceptance / siege-linux	UNKNOWN STEP	2026-10-04T11:24:16.5151775Z     --> apps/simulation/src/runtime/tests.rs:3025:5
siege-acceptance / siege-linux	UNKNOWN STEP	2026-10-04T11:24:16.5152318Z      |
siege-acceptance / siege-linux	UNKNOWN STEP	2026-10-04T11:24:16.5152674Z 3025 |     session.save_active_character();
siege-acceptance / siege-linux	UNKNOWN STEP	2026-10-04T11:24:16.5153002Z      |     ^^^^^^^^^^^^^^^^^^^^^^^^^^^^^^^
siege-acceptance / siege-linux	UNKNOWN STEP	2026-10-04T11:24:16.5153319Z      |
siege-acceptance / siege-linux	UNKNOWN STEP	2026-10-04T11:24:16.5153814Z      = note: this `Result` may be an `Err` variant, which should be handled
siege-acceptance / siege-linux	UNKNOWN STEP	2026-10-04T11:24:16.5154545Z help: use `let _ = ...` to ignore the resulting value
siege-acceptance / siege-linux	UNKNOWN STEP	2026-10-04T11:24:16.5155059Z      |
siege-acceptance / siege-linux	UNKNOWN STEP	2026-10-04T11:24:16.5155317Z 3025 |     let _ = session.save_active_character();
siege-acceptance / siege-linux	UNKNOWN STEP	2026-10-04T11:24:16.5155780Z      |     +++++++
siege-acceptance / siege-linux	UNKNOWN STEP	2026-10-04T11:24:16.5155986Z 
siege-acceptance / siege-linux	UNKNOWN STEP	2026-10-04T11:24:16.5156225Z warning: unused `std::result::Result` that must be used
siege-acceptance / siege-linux	UNKNOWN STEP	2026-10-04T11:24:16.5156685Z     --> apps/simulation/src/runtime/tests.rs:3048:5
siege-acceptance / siege-linux	UNKNOWN STEP	2026-10-04T11:24:16.5157007Z      |
siege-acceptance / siege-linux	UNKNOWN STEP	2026-10-04T11:24:16.5157303Z 3048 |     session.save_active_character();
siege-acceptance / siege-linux	UNKNOWN STEP	2026-10-04T11:24:16.5158106Z      |     ^^^^^^^^^^^^^^^^^^^^^^^^^^^^^^^
siege-acceptance / siege-linux	UNKNOWN STEP	2026-10-04T11:24:16.5158537Z      |
siege-acceptance / siege-linux	UNKNOWN STEP	2026-10-04T11:24:16.5158851Z      = note: this `Result` may be an `Err` variant, which should be handled
siege-acceptance / siege-linux	UNKNOWN STEP	2026-10-04T11:24:16.5159312Z help: use `let _ = ...` to ignore the resulting value
siege-acceptance / siege-linux	UNKNOWN STEP	2026-10-04T11:24:16.5159634Z      |
siege-acceptance / siege-linux	UNKNOWN STEP	2026-10-04T11:24:16.5160029Z 3048 |     let _ = session.save_active_character();
siege-acceptance / siege-linux	UNKNOWN STEP	2026-10-04T11:24:16.5160615Z      |     +++++++
siege-acceptance / siege-linux	UNKNOWN STEP	2026-10-04T11:24:16.5160753Z 
siege-acceptance / siege-linux	UNKNOWN STEP	2026-10-04T11:24:16.5160985Z warning: unused `std::result::Result` that must be used
siege-acceptance / siege-linux	UNKNOWN STEP	2026-10-04T11:24:16.5161637Z     --> apps/simulation/src/runtime/tests.rs:3138:5
siege-acceptance / siege-linux	UNKNOWN STEP	2026-10-04T11:24:16.5162139Z      |
siege-acceptance / siege-linux	UNKNOWN STEP	2026-10-04T11:24:16.5162363Z 3138 |     first.save_active_character();
siege-acceptance / siege-linux	UNKNOWN STEP	2026-10-04T11:24:16.5162702Z      |     ^^^^^^^^^^^^^^^^^^^^^^^^^^^^^
siege-acceptance / siege-linux	UNKNOWN STEP	2026-10-04T11:24:16.5163117Z      |
siege-acceptance / siege-linux	UNKNOWN STEP	2026-10-04T11:24:16.5163566Z      = note: this `Result` may be an `Err` variant, which should be handled
siege-acceptance / siege-linux	UNKNOWN STEP	2026-10-04T11:24:16.5164140Z help: use `let _ = ...` to ignore the resulting value
siege-acceptance / siege-linux	UNKNOWN STEP	2026-10-04T11:24:16.5164468Z      |
siege-acceptance / siege-linux	UNKNOWN STEP	2026-10-04T11:24:16.5164701Z 3138 |     let _ = first.save_active_character();
siege-acceptance / siege-linux	UNKNOWN STEP	2026-10-04T11:24:16.5165013Z      |     +++++++
siege-acceptance / siege-linux	UNKNOWN STEP	2026-10-04T11:24:16.5165145Z 
siege-acceptance / siege-linux	UNKNOWN STEP	2026-10-04T11:24:16.5165293Z warning: unused `std::result::Result` that must be used
siege-acceptance / siege-linux	UNKNOWN STEP	2026-10-04T11:24:16.5165664Z     --> apps/simulation/src/runtime/tests.rs:3202:5
siege-acceptance / siege-linux	UNKNOWN STEP	2026-10-04T11:24:16.5165957Z      |
siege-acceptance / siege-linux	UNKNOWN STEP	2026-10-04T11:24:16.5166156Z 3202 |     session.save_active_character();
siege-acceptance / siege-linux	UNKNOWN STEP	2026-10-04T11:24:16.5166423Z      |     ^^^^^^^^^^^^^^^^^^^^^^^^^^^^^^^
siege-acceptance / siege-linux	UNKNOWN STEP	2026-10-04T11:24:16.5166659Z      |
siege-acceptance / siege-linux	UNKNOWN STEP	2026-10-04T11:24:16.5166924Z      = note: this `Result` may be an `Err` variant, which should be handled
siege-acceptance / siege-linux	UNKNOWN STEP	2026-10-04T11:24:16.5167325Z help: use `let _ = ...` to ignore the resulting value
siege-acceptance / siege-linux	UNKNOWN STEP	2026-10-04T11:24:16.5167607Z      |
siege-acceptance / siege-linux	UNKNOWN STEP	2026-10-04T11:24:16.5167816Z 3202 |     let _ = session.save_active_character();
siege-acceptance / siege-linux	UNKNOWN STEP	2026-10-04T11:24:16.5168092Z      |     +++++++
siege-acceptance / siege-linux	UNKNOWN STEP	2026-10-04T11:24:16.5168210Z 
siege-acceptance / siege-linux	UNKNOWN STEP	2026-10-04T11:24:16.5168359Z warning: unused `std::result::Result` that must be used
siege-acceptance / siege-linux	UNKNOWN STEP	2026-10-04T11:24:16.5168694Z     --> apps/simulation/src/runtime/tests.rs:3269:5
siege-acceptance / siege-linux	UNKNOWN STEP	2026-10-04T11:24:16.5168972Z      |
siege-acceptance / siege-linux	UNKNOWN STEP	2026-10-04T11:24:16.5169167Z 3269 |     first.save_active_character();
siege-acceptance / siege-linux	UNKNOWN STEP	2026-10-04T11:24:16.5169427Z      |     ^^^^^^^^^^^^^^^^^^^^^^^^^^^^^
siege-acceptance / siege-linux	UNKNOWN STEP	2026-10-04T11:24:16.5169660Z      |
siege-acceptance / siege-linux	UNKNOWN STEP	2026-10-04T11:24:16.5169932Z      = note: this `Result` may be an `Err` variant, which should be handled
siege-acceptance / siege-linux	UNKNOWN STEP	2026-10-04T11:24:16.5170538Z help: use `let _ = ...` to ignore the resulting value
siege-acceptance / siege-linux	UNKNOWN STEP	2026-10-04T11:24:16.5170825Z      |
siege-acceptance / siege-linux	UNKNOWN STEP	2026-10-04T11:24:16.5171029Z 3269 |     let _ = first.save_active_character();
siege-acceptance / siege-linux	UNKNOWN STEP	2026-10-04T11:24:16.5171302Z      |     +++++++
siege-acceptance / siege-linux	UNKNOWN STEP	2026-10-04T11:24:16.5171414Z 
siege-acceptance / siege-linux	UNKNOWN STEP	2026-10-04T11:24:16.5171567Z warning: unused `std::result::Result` that must be used
siege-acceptance / siege-linux	UNKNOWN STEP	2026-10-04T11:24:16.5171895Z     --> apps/simulation/src/runtime/tests.rs:3492:5
siege-acceptance / siege-linux	UNKNOWN STEP	2026-10-04T11:24:16.5172169Z      |
siege-acceptance / siege-linux	UNKNOWN STEP	2026-10-04T11:24:16.5172363Z 3492 |     alpha.save_active_character();
siege-acceptance / siege-linux	UNKNOWN STEP	2026-10-04T11:24:16.5172626Z      |     ^^^^^^^^^^^^^^^^^^^^^^^^^^^^^
siege-acceptance / siege-linux	UNKNOWN STEP	2026-10-04T11:24:16.5172857Z      |
siege-acceptance / siege-linux	UNKNOWN STEP	2026-10-04T11:24:16.5173118Z      = note: this `Result` may be an `Err` variant, which should be handled
siege-acceptance / siege-linux	UNKNOWN STEP	2026-10-04T11:24:16.5173503Z help: use `let _ = ...` to ignore the resulting value
siege-acceptance / siege-linux	UNKNOWN STEP	2026-10-04T11:24:16.5173883Z      |
siege-acceptance / siege-linux	UNKNOWN STEP	2026-10-04T11:24:16.5174186Z 3492 |     let _ = alpha.save_active_character();
siege-acceptance / siege-linux	UNKNOWN STEP	2026-10-04T11:24:16.5174606Z      |     +++++++
siege-acceptance / siege-linux	UNKNOWN STEP	2026-10-04T11:24:16.5174924Z 
siege-acceptance / siege-linux	UNKNOWN STEP	2026-10-04T11:24:16.5175102Z warning: unused `std::result::Result` that must be used
siege-acceptance / siege-linux	UNKNOWN STEP	2026-10-04T11:24:16.5175565Z     --> apps/simulation/src/runtime/tests.rs:3493:5
siege-acceptance / siege-linux	UNKNOWN STEP	2026-10-04T11:24:16.5175971Z      |
siege-acceptance / siege-linux	UNKNOWN STEP	2026-10-04T11:24:16.5176278Z 3493 |     beta.save_active_character();
siege-acceptance / siege-linux	UNKNOWN STEP	2026-10-04T11:24:16.5225196Z      |     ^^^^^^^^^^^^^^^^^^^^^^^^^^^^
siege-acceptance / siege-linux	UNKNOWN STEP	2026-10-04T11:24:16.5225650Z      |
siege-acceptance / siege-linux	UNKNOWN STEP	2026-10-04T11:24:16.5226088Z      = note: this `Result` may be an `Err` variant, which should be handled
siege-acceptance / siege-linux	UNKNOWN STEP	2026-10-04T11:24:16.5226719Z help: use `let _ = ...` to ignore the resulting value
siege-acceptance / siege-linux	UNKNOWN STEP	2026-10-04T11:24:16.5227455Z      |
siege-acceptance / siege-linux	UNKNOWN STEP	2026-10-04T11:24:16.5227788Z 3493 |     let _ = beta.save_active_character();
siege-acceptance / siege-linux	UNKNOWN STEP	2026-10-04T11:24:16.5228160Z      |     +++++++
siege-acceptance / siege-linux	UNKNOWN STEP	2026-10-04T11:24:16.5228281Z 
siege-acceptance / siege-linux	UNKNOWN STEP	2026-10-04T11:24:16.5228450Z warning: unused `std::result::Result` that must be used
siege-acceptance / siege-linux	UNKNOWN STEP	2026-10-04T11:24:16.5228817Z     --> apps/simulation/src/runtime/tests.rs:6691:5
siege-acceptance / siege-linux	UNKNOWN STEP	2026-10-04T11:24:16.5229111Z      |
siege-acceptance / siege-linux	UNKNOWN STEP	2026-10-04T11:24:16.5229495Z 6691 |     session.save_active_character();
siege-acceptance / siege-linux	UNKNOWN STEP	2026-10-04T11:24:16.5229779Z      |     ^^^^^^^^^^^^^^^^^^^^^^^^^^^^^^^
siege-acceptance / siege-linux	UNKNOWN STEP	2026-10-04T11:24:16.5230019Z      |
siege-acceptance / siege-linux	UNKNOWN STEP	2026-10-04T11:24:16.5230552Z      = note: this `Result` may be an `Err` variant, which should be handled
siege-acceptance / siege-linux	UNKNOWN STEP	2026-10-04T11:24:16.5230965Z help: use `let _ = ...` to ignore the resulting value
siege-acceptance / siege-linux	UNKNOWN STEP	2026-10-04T11:24:16.5231241Z      |
siege-acceptance / siege-linux	UNKNOWN STEP	2026-10-04T11:24:16.5231443Z 6691 |     let _ = session.save_active_character();
siege-acceptance / siege-linux	UNKNOWN STEP	2026-10-04T11:24:16.5231712Z      |     +++++++
siege-acceptance / siege-linux	UNKNOWN STEP	2026-10-04T11:24:16.5231821Z 
siege-acceptance / siege-linux	UNKNOWN STEP	2026-10-04T11:24:16.5368543Z warning: unused `std::result::Result` that must be used
siege-acceptance / siege-linux	UNKNOWN STEP	2026-10-04T11:24:16.5368982Z      --> apps/simulation/src/runtime/tests.rs:28444:5
siege-acceptance / siege-linux	UNKNOWN STEP	2026-10-04T11:24:16.5369316Z       |
siege-acceptance / siege-linux	UNKNOWN STEP	2026-10-04T11:24:16.5369542Z 28444 |     session.save_active_character();
siege-acceptance / siege-linux	UNKNOWN STEP	2026-10-04T11:24:16.5369854Z       |     ^^^^^^^^^^^^^^^^^^^^^^^^^^^^^^^
siege-acceptance / siege-linux	UNKNOWN STEP	2026-10-04T11:24:16.5370118Z       |
siege-acceptance / siege-linux	UNKNOWN STEP	2026-10-04T11:24:16.5370716Z       = note: this `Result` may be an `Err` variant, which should be handled
siege-acceptance / siege-linux	UNKNOWN STEP	2026-10-04T11:24:16.5371161Z help: use `let _ = ...` to ignore the resulting value
siege-acceptance / siege-linux	UNKNOWN STEP	2026-10-04T11:24:16.5371478Z       |
siege-acceptance / siege-linux	UNKNOWN STEP	2026-10-04T11:24:16.5371718Z 28444 |     let _ = session.save_active_character();
siege-acceptance / siege-linux	UNKNOWN STEP	2026-10-04T11:24:16.5372031Z       |     +++++++
siege-acceptance / siege-linux	UNKNOWN STEP	2026-10-04T11:24:16.5372167Z 
siege-acceptance / siege-linux	UNKNOWN STEP	2026-10-04T11:24:16.5378520Z warning: unused `std::result::Result` that must be used
siege-acceptance / siege-linux	UNKNOWN STEP	2026-10-04T11:24:16.5378949Z      --> apps/simulation/src/runtime/tests.rs:29432:5
siege-acceptance / siege-linux	UNKNOWN STEP	2026-10-04T11:24:16.5379273Z       |
siege-acceptance / siege-linux	UNKNOWN STEP	2026-10-04T11:24:16.5379509Z 29432 |     first.save_active_character();
siege-acceptance / siege-linux	UNKNOWN STEP	2026-10-04T11:24:16.5379823Z       |     ^^^^^^^^^^^^^^^^^^^^^^^^^^^^^
siege-acceptance / siege-linux	UNKNOWN STEP	2026-10-04T11:24:16.5380090Z       |
siege-acceptance / siege-linux	UNKNOWN STEP	2026-10-04T11:24:16.5380651Z       = note: this `Result` may be an `Err` variant, which should be handled
siege-acceptance / siege-linux	UNKNOWN STEP	2026-10-04T11:24:16.5381098Z help: use `let _ = ...` to ignore the resulting value
siege-acceptance / siege-linux	UNKNOWN STEP	2026-10-04T11:24:16.5381413Z       |
siege-acceptance / siege-linux	UNKNOWN STEP	2026-10-04T11:24:16.5381643Z 29432 |     let _ = first.save_active_character();
siege-acceptance / siege-linux	UNKNOWN STEP	2026-10-04T11:24:16.5381963Z       |     +++++++
siege-acceptance / siege-linux	UNKNOWN STEP	2026-10-04T11:24:16.5382090Z 
siege-acceptance / siege-linux	UNKNOWN STEP	2026-10-04T11:24:16.5389206Z warning: unused `std::result::Result` that must be used
siege-acceptance / siege-linux	UNKNOWN STEP	2026-10-04T11:24:16.5389735Z      --> apps/simulation/src/runtime/tests.rs:30460:5
siege-acceptance / siege-linux	UNKNOWN STEP	2026-10-04T11:24:16.5390047Z       |
siege-acceptance / siege-linux	UNKNOWN STEP	2026-10-04T11:24:16.5390428Z 30460 |     first.save_active_character();
siege-acceptance / siege-linux	UNKNOWN STEP	2026-10-04T11:24:16.5390713Z       |     ^^^^^^^^^^^^^^^^^^^^^^^^^^^^^
siege-acceptance / siege-linux	UNKNOWN STEP	2026-10-04T11:24:16.5390960Z       |
siege-acceptance / siege-linux	UNKNOWN STEP	2026-10-04T11:24:16.5391244Z       = note: this `Result` may be an `Err` variant, which should be handled
siege-acceptance / siege-linux	UNKNOWN STEP	2026-10-04T11:24:16.5391659Z help: use `let _ = ...` to ignore the resulting value
siege-acceptance / siege-linux	UNKNOWN STEP	2026-10-04T11:24:16.5391973Z       |
siege-acceptance / siege-linux	UNKNOWN STEP	2026-10-04T11:24:16.5392192Z 30460 |     let _ = first.save_active_character();
siege-acceptance / siege-linux	UNKNOWN STEP	2026-10-04T11:24:16.5392476Z       |     +++++++
siege-acceptance / siege-linux	UNKNOWN STEP	2026-10-04T11:24:16.5392595Z 
siege-acceptance / siege-linux	UNKNOWN STEP	2026-10-04T11:24:16.5411351Z warning: unused `std::result::Result` that must be used
siege-acceptance / siege-linux	UNKNOWN STEP	2026-10-04T11:24:16.5411876Z      --> apps/simulation/src/runtime/tests.rs:32352:5
siege-acceptance / siege-linux	UNKNOWN STEP	2026-10-04T11:24:16.5412237Z       |
siege-acceptance / siege-linux	UNKNOWN STEP	2026-10-04T11:24:16.5412478Z 32352 |     first.save_active_character();
siege-acceptance / siege-linux	UNKNOWN STEP	2026-10-04T11:24:16.5412794Z       |     ^^^^^^^^^^^^^^^^^^^^^^^^^^^^^
siege-acceptance / siege-linux	UNKNOWN STEP	2026-10-04T11:24:16.5413080Z       |
siege-acceptance / siege-linux	UNKNOWN STEP	2026-10-04T11:24:16.5413408Z       = note: this `Result` may be an `Err` variant, which should be handled
siege-acceptance / siege-linux	UNKNOWN STEP	2026-10-04T11:24:16.5413883Z help: use `let _ = ...` to ignore the resulting value
siege-acceptance / siege-linux	UNKNOWN STEP	2026-10-04T11:24:16.5414233Z       |
siege-acceptance / siege-linux	UNKNOWN STEP	2026-10-04T11:24:16.5414485Z 32352 |     let _ = first.save_active_character();
siege-acceptance / siege-linux	UNKNOWN STEP	2026-10-04T11:24:16.5414816Z       |     +++++++
siege-acceptance / siege-linux	UNKNOWN STEP	2026-10-04T11:24:16.5414960Z 
siege-acceptance / siege-linux	UNKNOWN STEP	2026-10-04T11:24:16.5444688Z warning: unused `std::result::Result` that must be used
siege-acceptance / siege-linux	UNKNOWN STEP	2026-10-04T11:24:16.5445561Z      --> apps/simulation/src/runtime/tests.rs:35507:5
siege-acceptance / siege-linux	UNKNOWN STEP	2026-10-04T11:24:16.5445926Z       |
siege-acceptance / siege-linux	UNKNOWN STEP	2026-10-04T11:24:16.5446196Z 35507 |     session.save_active_character();
siege-acceptance / siege-linux	UNKNOWN STEP	2026-10-04T11:24:16.5446542Z       |     ^^^^^^^^^^^^^^^^^^^^^^^^^^^^^^^
siege-acceptance / siege-linux	UNKNOWN STEP	2026-10-04T11:24:16.5446836Z       |
siege-acceptance / siege-linux	UNKNOWN STEP	2026-10-04T11:24:16.5447335Z       = note: this `Result` may be an `Err` variant, which should be handled
siege-acceptance / siege-linux	UNKNOWN STEP	2026-10-04T11:24:16.5447851Z help: use `let _ = ...` to ignore the resulting value
siege-acceptance / siege-linux	UNKNOWN STEP	2026-10-04T11:24:16.5448206Z       |
siege-acceptance / siege-linux	UNKNOWN STEP	2026-10-04T11:24:16.5448477Z 35507 |     let _ = session.save_active_character();
siege-acceptance / siege-linux	UNKNOWN STEP	2026-10-04T11:24:16.5448834Z       |     +++++++
siege-acceptance / siege-linux	UNKNOWN STEP	2026-10-04T11:24:16.5448988Z 
siege-acceptance / siege-linux	UNKNOWN STEP	2026-10-04T11:24:16.5508816Z warning: unused `std::result::Result` that must be used
siege-acceptance / siege-linux	UNKNOWN STEP	2026-10-04T11:24:16.5509434Z      --> apps/simulation/src/runtime/tests.rs:42440:5
siege-acceptance / siege-linux	UNKNOWN STEP	2026-10-04T11:24:16.5509790Z       |
siege-acceptance / siege-linux	UNKNOWN STEP	2026-10-04T11:24:16.5510039Z 42440 |     session.save_active_character();
siege-acceptance / siege-linux	UNKNOWN STEP	2026-10-04T11:24:16.5510656Z       |     ^^^^^^^^^^^^^^^^^^^^^^^^^^^^^^^
siege-acceptance / siege-linux	UNKNOWN STEP	2026-10-04T11:24:16.5510953Z       |
siege-acceptance / siege-linux	UNKNOWN STEP	2026-10-04T11:24:16.5511276Z       = note: this `Result` may be an `Err` variant, which should be handled
siege-acceptance / siege-linux	UNKNOWN STEP	2026-10-04T11:24:16.5511744Z help: use `let _ = ...` to ignore the resulting value
siege-acceptance / siege-linux	UNKNOWN STEP	2026-10-04T11:24:16.5512079Z       |
siege-acceptance / siege-linux	UNKNOWN STEP	2026-10-04T11:24:16.5512327Z 42440 |     let _ = session.save_active_character();
siege-acceptance / siege-linux	UNKNOWN STEP	2026-10-04T11:24:16.5512663Z       |     +++++++
siege-acceptance / siege-linux	UNKNOWN STEP	2026-10-04T11:24:16.5512803Z 
siege-acceptance / siege-linux	UNKNOWN STEP	2026-10-04T11:24:16.5514906Z warning: unused `std::result::Result` that must be used
siege-acceptance / siege-linux	UNKNOWN STEP	2026-10-04T11:24:16.5515534Z      --> apps/simulation/src/runtime/tests.rs:42765:5
siege-acceptance / siege-linux	UNKNOWN STEP	2026-10-04T11:24:16.5515874Z       |
siege-acceptance / siege-linux	UNKNOWN STEP	2026-10-04T11:24:16.5516124Z 42765 |     session.save_active_character();
siege-acceptance / siege-linux	UNKNOWN STEP	2026-10-04T11:24:16.5516453Z       |     ^^^^^^^^^^^^^^^^^^^^^^^^^^^^^^^
siege-acceptance / siege-linux	UNKNOWN STEP	2026-10-04T11:24:16.5516738Z       |
siege-acceptance / siege-linux	UNKNOWN STEP	2026-10-04T11:24:16.5517054Z       = note: this `Result` may be an `Err` variant, which should be handled
siege-acceptance / siege-linux	UNKNOWN STEP	2026-10-04T11:24:16.5517522Z help: use `let _ = ...` to ignore the resulting value
siege-acceptance / siege-linux	UNKNOWN STEP	2026-10-04T11:24:16.5517871Z       |
siege-acceptance / siege-linux	UNKNOWN STEP	2026-10-04T11:24:16.5518160Z 42765 |     let _ = session.save_active_character();
siege-acceptance / siege-linux	UNKNOWN STEP	2026-10-04T11:24:16.5518493Z       |     +++++++
siege-acceptance / siege-linux	UNKNOWN STEP	2026-10-04T11:24:16.5518633Z 
siege-acceptance / siege-linux	UNKNOWN STEP	2026-10-04T11:24:16.5628287Z warning: unused `std::result::Result` that must be used
siege-acceptance / siege-linux	UNKNOWN STEP	2026-10-04T11:24:16.5629060Z      --> apps/simulation/src/runtime/tests.rs:56520:5
siege-acceptance / siege-linux	UNKNOWN STEP	2026-10-04T11:24:16.5629499Z       |
siege-acceptance / siege-linux	UNKNOWN STEP	2026-10-04T11:24:16.5629779Z 56520 |     session.save_active_character();
siege-acceptance / siege-linux	UNKNOWN STEP	2026-10-04T11:24:16.5630151Z       |     ^^^^^^^^^^^^^^^^^^^^^^^^^^^^^^^
siege-acceptance / siege-linux	UNKNOWN STEP	2026-10-04T11:24:16.5630802Z       |
siege-acceptance / siege-linux	UNKNOWN STEP	2026-10-04T11:24:16.5631182Z       = note: this `Result` may be an `Err` variant, which should be handled
siege-acceptance / siege-linux	UNKNOWN STEP	2026-10-04T11:24:16.5631731Z help: use `let _ = ...` to ignore the resulting value
siege-acceptance / siege-linux	UNKNOWN STEP	2026-10-04T11:24:16.5632128Z       |
siege-acceptance / siege-linux	UNKNOWN STEP	2026-10-04T11:24:16.5632420Z 56520 |     let _ = session.save_active_character();
siege-acceptance / siege-linux	UNKNOWN STEP	2026-10-04T11:24:16.5632807Z       |     +++++++
siege-acceptance / siege-linux	UNKNOWN STEP	2026-10-04T11:24:16.5632970Z 
siege-acceptance / siege-linux	UNKNOWN STEP	2026-10-04T11:24:16.5640612Z warning: unused `std::result::Result` that must be used
siege-acceptance / siege-linux	UNKNOWN STEP	2026-10-04T11:24:16.5641374Z      --> apps/simulation/src/runtime/tests.rs:57622:5
siege-acceptance / siege-linux	UNKNOWN STEP	2026-10-04T11:24:16.5641785Z       |
siege-acceptance / siege-linux	UNKNOWN STEP	2026-10-04T11:24:16.5642083Z 57622 |     session.save_active_character();
siege-acceptance / siege-linux	UNKNOWN STEP	2026-10-04T11:24:16.5642474Z       |     ^^^^^^^^^^^^^^^^^^^^^^^^^^^^^^^
siege-acceptance / siege-linux	UNKNOWN STEP	2026-10-04T11:24:16.5642814Z       |
siege-acceptance / siege-linux	UNKNOWN STEP	2026-10-04T11:24:16.5643198Z       = note: this `Result` may be an `Err` variant, which should be handled
siege-acceptance / siege-linux	UNKNOWN STEP	2026-10-04T11:24:16.5643763Z help: use `let _ = ...` to ignore the resulting value
siege-acceptance / siege-linux	UNKNOWN STEP	2026-10-04T11:24:16.5644168Z       |
siege-acceptance / siege-linux	UNKNOWN STEP	2026-10-04T11:24:16.5644470Z 57622 |     let _ = session.save_active_character();
siege-acceptance / siege-linux	UNKNOWN STEP	2026-10-04T11:24:16.5644872Z       |     +++++++
siege-acceptance / siege-linux	UNKNOWN STEP	2026-10-04T11:24:16.5645036Z 
siege-acceptance / siege-linux	UNKNOWN STEP	2026-10-04T11:24:16.5660554Z warning: unused `std::result::Result` that must be used
siege-acceptance / siege-linux	UNKNOWN STEP	2026-10-04T11:24:16.5661412Z      --> apps/simulation/src/runtime/tests.rs:59179:5
siege-acceptance / siege-linux	UNKNOWN STEP	2026-10-04T11:24:16.5661991Z       |
siege-acceptance / siege-linux	UNKNOWN STEP	2026-10-04T11:24:16.5662283Z 59179 |     session.save_active_character();
siege-acceptance / siege-linux	UNKNOWN STEP	2026-10-04T11:24:16.5662830Z       |     ^^^^^^^^^^^^^^^^^^^^^^^^^^^^^^^
siege-acceptance / siege-linux	UNKNOWN STEP	2026-10-04T11:24:16.5663149Z       |
siege-acceptance / siege-linux	UNKNOWN STEP	2026-10-04T11:24:16.5663498Z       = note: this `Result` may be an `Err` variant, which should be handled
siege-acceptance / siege-linux	UNKNOWN STEP	2026-10-04T11:24:16.5664034Z help: use `let _ = ...` to ignore the resulting value
siege-acceptance / siege-linux	UNKNOWN STEP	2026-10-04T11:24:16.5664405Z       |
siege-acceptance / siege-linux	UNKNOWN STEP	2026-10-04T11:24:16.5664802Z 59179 |     let _ = session.save_active_character();
siege-acceptance / siege-linux	UNKNOWN STEP	2026-10-04T11:24:16.5665168Z       |     +++++++
siege-acceptance / siege-linux	UNKNOWN STEP	2026-10-04T11:24:16.5665315Z 
siege-acceptance / siege-linux	UNKNOWN STEP	2026-10-04T11:24:16.5681412Z warning: unused `std::result::Result` that must be used
siege-acceptance / siege-linux	UNKNOWN STEP	2026-10-04T11:24:16.5682122Z      --> apps/simulation/src/runtime/tests.rs:61104:5
siege-acceptance / siege-linux	UNKNOWN STEP	2026-10-04T11:24:16.5682694Z       |
siege-acceptance / siege-linux	UNKNOWN STEP	2026-10-04T11:24:16.5683088Z 61104 |     first.save_active_character();
siege-acceptance / siege-linux	UNKNOWN STEP	2026-10-04T11:24:16.5683624Z       |     ^^^^^^^^^^^^^^^^^^^^^^^^^^^^^
siege-acceptance / siege-linux	UNKNOWN STEP	2026-10-04T11:24:16.5684108Z       |
siege-acceptance / siege-linux	UNKNOWN STEP	2026-10-04T11:24:16.5684649Z       = note: this `Result` may be an `Err` variant, which should be handled
siege-acceptance / siege-linux	UNKNOWN STEP	2026-10-04T11:24:16.5685458Z help: use `let _ = ...` to ignore the resulting value
siege-acceptance / siege-linux	UNKNOWN STEP	2026-10-04T11:24:16.5685865Z       |
siege-acceptance / siege-linux	UNKNOWN STEP	2026-10-04T11:24:16.5686133Z 61104 |     let _ = first.save_active_character();
siege-acceptance / siege-linux	UNKNOWN STEP	2026-10-04T11:24:16.5686486Z       |     +++++++
siege-acceptance / siege-linux	UNKNOWN STEP	2026-10-04T11:24:16.5686644Z 
siege-acceptance / siege-linux	UNKNOWN STEP	2026-10-04T11:24:16.5699365Z warning: unused `std::result::Result` that must be used
siege-acceptance / siege-linux	UNKNOWN STEP	2026-10-04T11:24:16.5700025Z      --> apps/simulation/src/runtime/tests.rs:62766:5
siege-acceptance / siege-linux	UNKNOWN STEP	2026-10-04T11:24:16.5700732Z       |
siege-acceptance / siege-linux	UNKNOWN STEP	2026-10-04T11:24:16.5701074Z 62766 |     session.save_active_character();
siege-acceptance / siege-linux	UNKNOWN STEP	2026-10-04T11:24:16.5701395Z       |     ^^^^^^^^^^^^^^^^^^^^^^^^^^^^^^^
siege-acceptance / siege-linux	UNKNOWN STEP	2026-10-04T11:24:16.5701680Z       |
siege-acceptance / siege-linux	UNKNOWN STEP	2026-10-04T11:24:16.5701992Z       = note: this `Result` may be an `Err` variant, which should be handled
siege-acceptance / siege-linux	UNKNOWN STEP	2026-10-04T11:24:16.5702454Z help: use `let _ = ...` to ignore the resulting value
siege-acceptance / siege-linux	UNKNOWN STEP	2026-10-04T11:24:16.5702902Z       |
siege-acceptance / siege-linux	UNKNOWN STEP	2026-10-04T11:24:16.5703326Z 62766 |     let _ = session.save_active_character();
siege-acceptance / siege-linux	UNKNOWN STEP	2026-10-04T11:24:16.5703884Z       |     +++++++
siege-acceptance / siege-linux	UNKNOWN STEP	2026-10-04T11:24:16.5704122Z 
siege-acceptance / siege-linux	UNKNOWN STEP	2026-10-04T11:24:16.5704388Z warning: unused `std::result::Result` that must be used
siege-acceptance / siege-linux	UNKNOWN STEP	2026-10-04T11:24:16.5705017Z      --> apps/simulation/src/runtime/tests.rs:63122:5
siege-acceptance / siege-linux	UNKNOWN STEP	2026-10-04T11:24:16.5705493Z       |
siege-acceptance / siege-linux	UNKNOWN STEP	2026-10-04T11:24:16.5705728Z 63122 |     sender.save_active_character();
siege-acceptance / siege-linux	UNKNOWN STEP	2026-10-04T11:24:16.5706043Z       |     ^^^^^^^^^^^^^^^^^^^^^^^^^^^^^^
siege-acceptance / siege-linux	UNKNOWN STEP	2026-10-04T11:24:16.5706326Z       |
siege-acceptance / siege-linux	UNKNOWN STEP	2026-10-04T11:24:16.5706651Z       = note: this `Result` may be an `Err` variant, which should be handled
siege-acceptance / siege-linux	UNKNOWN STEP	2026-10-04T11:24:16.5707114Z help: use `let _ = ...` to ignore the resulting value
siege-acceptance / siege-linux	UNKNOWN STEP	2026-10-04T11:24:16.5707446Z       |
siege-acceptance / siege-linux	UNKNOWN STEP	2026-10-04T11:24:16.5707689Z 63122 |     let _ = sender.save_active_character();
siege-acceptance / siege-linux	UNKNOWN STEP	2026-10-04T11:24:16.5708018Z       |     +++++++
siege-acceptance / siege-linux	UNKNOWN STEP	2026-10-04T11:24:16.5708156Z 
siege-acceptance / siege-linux	UNKNOWN STEP	2026-10-04T11:24:16.5711188Z warning: unused `std::result::Result` that must be used
siege-acceptance / siege-linux	UNKNOWN STEP	2026-10-04T11:24:16.5711754Z      --> apps/simulation/src/runtime/tests.rs:63556:5
siege-acceptance / siege-linux	UNKNOWN STEP	2026-10-04T11:24:16.5712093Z       |
siege-acceptance / siege-linux	UNKNOWN STEP	2026-10-04T11:24:16.5712333Z 63556 |     first.save_active_character();
siege-acceptance / siege-linux	UNKNOWN STEP	2026-10-04T11:24:16.5712656Z       |     ^^^^^^^^^^^^^^^^^^^^^^^^^^^^^
siege-acceptance / siege-linux	UNKNOWN STEP	2026-10-04T11:24:16.5712942Z       |
siege-acceptance / siege-linux	UNKNOWN STEP	2026-10-04T11:24:16.5713262Z       = note: this `Result` may be an `Err` variant, which should be handled
siege-acceptance / siege-linux	UNKNOWN STEP	2026-10-04T11:24:16.5713725Z help: use `let _ = ...` to ignore the resulting value
siege-acceptance / siege-linux	UNKNOWN STEP	2026-10-04T11:24:16.5714059Z       |
siege-acceptance / siege-linux	UNKNOWN STEP	2026-10-04T11:24:16.5714476Z 63556 |     let _ = first.save_active_character();
siege-acceptance / siege-linux	UNKNOWN STEP	2026-10-04T11:24:16.5715005Z       |     +++++++
siege-acceptance / siege-linux	UNKNOWN STEP	2026-10-04T11:24:16.5715219Z 
siege-acceptance / siege-linux	UNKNOWN STEP	2026-10-04T11:24:16.5715757Z warning: unused `std::result::Result` that must be used
siege-acceptance / siege-linux	UNKNOWN STEP	2026-10-04T11:24:16.5716304Z      --> apps/simulation/src/runtime/tests.rs:63755:5
siege-acceptance / siege-linux	UNKNOWN STEP	2026-10-04T11:24:16.5716595Z       |
siege-acceptance / siege-linux	UNKNOWN STEP	2026-10-04T11:24:16.5716830Z 63755 |     recipient.save_active_character();
siege-acceptance / siege-linux	UNKNOWN STEP	2026-10-04T11:24:16.5717263Z       |     ^^^^^^^^^^^^^^^^^^^^^^^^^^^^^^^^^
siege-acceptance / siege-linux	UNKNOWN STEP	2026-10-04T11:24:16.5717683Z       |
siege-acceptance / siege-linux	UNKNOWN STEP	2026-10-04T11:24:16.5718128Z       = note: this `Result` may be an `Err` variant, which should be handled
siege-acceptance / siege-linux	UNKNOWN STEP	2026-10-04T11:24:16.5718851Z help: use `let _ = ...` to ignore the resulting value
siege-acceptance / siege-linux	UNKNOWN STEP	2026-10-04T11:24:16.5719132Z       |
siege-acceptance / siege-linux	UNKNOWN STEP	2026-10-04T11:24:16.5719353Z 63755 |     let _ = recipient.save_active_character();
siege-acceptance / siege-linux	UNKNOWN STEP	2026-10-04T11:24:16.5719642Z       |     +++++++
siege-acceptance / siege-linux	UNKNOWN STEP	2026-10-04T11:24:16.5719753Z 
siege-acceptance / siege-linux	UNKNOWN STEP	2026-10-04T11:24:16.5719905Z warning: unused `std::result::Result` that must be used
siege-acceptance / siege-linux	UNKNOWN STEP	2026-10-04T11:24:16.5720658Z      --> apps/simulation/src/runtime/tests.rs:63873:5
siege-acceptance / siege-linux	UNKNOWN STEP	2026-10-04T11:24:16.5720966Z       |
siege-acceptance / siege-linux	UNKNOWN STEP	2026-10-04T11:24:16.5721167Z 63873 |     recipient.save_active_character();
siege-acceptance / siege-linux	UNKNOWN STEP	2026-10-04T11:24:16.5721444Z       |     ^^^^^^^^^^^^^^^^^^^^^^^^^^^^^^^^^
siege-acceptance / siege-linux	UNKNOWN STEP	2026-10-04T11:24:16.5721681Z       |
siege-acceptance / siege-linux	UNKNOWN STEP	2026-10-04T11:24:16.5721950Z       = note: this `Result` may be an `Err` variant, which should be handled
siege-acceptance / siege-linux	UNKNOWN STEP	2026-10-04T11:24:16.5722336Z help: use `let _ = ...` to ignore the resulting value
siege-acceptance / siege-linux	UNKNOWN STEP	2026-10-04T11:24:16.5722605Z       |
siege-acceptance / siege-linux	UNKNOWN STEP	2026-10-04T11:24:16.5722816Z 63873 |     let _ = recipient.save_active_character();
siege-acceptance / siege-linux	UNKNOWN STEP	2026-10-04T11:24:16.5723097Z       |     +++++++
siege-acceptance / siege-linux	UNKNOWN STEP	2026-10-04T11:24:16.5723213Z 
siege-acceptance / siege-linux	UNKNOWN STEP	2026-10-04T11:24:16.5725632Z warning: unused `std::result::Result` that must be used
siege-acceptance / siege-linux	UNKNOWN STEP	2026-10-04T11:24:16.5726249Z      --> apps/simulation/src/runtime/tests.rs:64274:5
siege-acceptance / siege-linux	UNKNOWN STEP	2026-10-04T11:24:16.5726726Z       |
siege-acceptance / siege-linux	UNKNOWN STEP	2026-10-04T11:24:16.5727044Z 64274 |     recipient.save_active_character();
siege-acceptance / siege-linux	UNKNOWN STEP	2026-10-04T11:24:16.5727343Z       |     ^^^^^^^^^^^^^^^^^^^^^^^^^^^^^^^^^
siege-acceptance / siege-linux	UNKNOWN STEP	2026-10-04T11:24:16.5727599Z       |
siege-acceptance / siege-linux	UNKNOWN STEP	2026-10-04T11:24:16.5727876Z       = note: this `Result` may be an `Err` variant, which should be handled
siege-acceptance / siege-linux	UNKNOWN STEP	2026-10-04T11:24:16.5728275Z help: use `let _ = ...` to ignore the resulting value
siege-acceptance / siege-linux	UNKNOWN STEP	2026-10-04T11:24:16.5728557Z       |
siege-acceptance / siege-linux	UNKNOWN STEP	2026-10-04T11:24:16.5728775Z 64274 |     let _ = recipient.save_active_character();
siege-acceptance / siege-linux	UNKNOWN STEP	2026-10-04T11:24:16.5729060Z       |     +++++++
siege-acceptance / siege-linux	UNKNOWN STEP	2026-10-04T11:24:16.5729182Z 
siege-acceptance / siege-linux	UNKNOWN STEP	2026-10-04T11:24:16.5731735Z warning: unused `std::result::Result` that must be used
siege-acceptance / siege-linux	UNKNOWN STEP	2026-10-04T11:24:16.5732339Z      --> apps/simulation/src/runtime/tests.rs:64325:5
siege-acceptance / siege-linux	UNKNOWN STEP	2026-10-04T11:24:16.5732823Z       |
siege-acceptance / siege-linux	UNKNOWN STEP	2026-10-04T11:24:16.5733185Z 64325 |     recipient.save_active_character();
siege-acceptance / siege-linux	UNKNOWN STEP	2026-10-04T11:24:16.5733500Z       |     ^^^^^^^^^^^^^^^^^^^^^^^^^^^^^^^^^
siege-acceptance / siege-linux	UNKNOWN STEP	2026-10-04T11:24:16.5733746Z       |
siege-acceptance / siege-linux	UNKNOWN STEP	2026-10-04T11:24:16.5734023Z       = note: this `Result` may be an `Err` variant, which should be handled
siege-acceptance / siege-linux	UNKNOWN STEP	2026-10-04T11:24:16.5734428Z help: use `let _ = ...` to ignore the resulting value
siege-acceptance / siege-linux	UNKNOWN STEP	2026-10-04T11:24:16.5734730Z       |
siege-acceptance / siege-linux	UNKNOWN STEP	2026-10-04T11:24:16.5734953Z 64325 |     let _ = recipient.save_active_character();
siege-acceptance / siege-linux	UNKNOWN STEP	2026-10-04T11:24:16.5735238Z       |     +++++++
siege-acceptance / siege-linux	UNKNOWN STEP	2026-10-04T11:24:16.5735357Z 
siege-acceptance / siege-linux	UNKNOWN STEP	2026-10-04T11:24:16.5735496Z warning: unused `std::result::Result` that must be used
siege-acceptance / siege-linux	UNKNOWN STEP	2026-10-04T11:24:16.5735833Z      --> apps/simulation/src/runtime/tests.rs:64335:5
siege-acceptance / siege-linux	UNKNOWN STEP	2026-10-04T11:24:16.5736108Z       |
siege-acceptance / siege-linux	UNKNOWN STEP	2026-10-04T11:24:16.5736309Z 64335 |     recipient.save_active_character();
siege-acceptance / siege-linux	UNKNOWN STEP	2026-10-04T11:24:16.5736591Z       |     ^^^^^^^^^^^^^^^^^^^^^^^^^^^^^^^^^
siege-acceptance / siege-linux	UNKNOWN STEP	2026-10-04T11:24:16.5736830Z       |
siege-acceptance / siege-linux	UNKNOWN STEP	2026-10-04T11:24:16.5737095Z       = note: this `Result` may be an `Err` variant, which should be handled
siege-acceptance / siege-linux	UNKNOWN STEP	2026-10-04T11:24:16.5737489Z help: use `let _ = ...` to ignore the resulting value
siege-acceptance / siege-linux	UNKNOWN STEP	2026-10-04T11:24:16.5737764Z       |
siege-acceptance / siege-linux	UNKNOWN STEP	2026-10-04T11:24:16.5737978Z 64335 |     let _ = recipient.save_active_character();
siege-acceptance / siege-linux	UNKNOWN STEP	2026-10-04T11:24:16.5738263Z       |     +++++++
siege-acceptance / siege-linux	UNKNOWN STEP	2026-10-04T11:24:16.5738375Z 
siege-acceptance / siege-linux	UNKNOWN STEP	2026-10-04T11:24:16.5740940Z warning: unused `std::result::Result` that must be used
siege-acceptance / siege-linux	UNKNOWN STEP	2026-10-04T11:24:16.5741543Z      --> apps/simulation/src/runtime/tests.rs:65558:5
siege-acceptance / siege-linux	UNKNOWN STEP	2026-10-04T11:24:16.5742027Z       |
siege-acceptance / siege-linux	UNKNOWN STEP	2026-10-04T11:24:16.5742253Z 65558 |     first.save_active_character();
siege-acceptance / siege-linux	UNKNOWN STEP	2026-10-04T11:24:16.5742526Z       |     ^^^^^^^^^^^^^^^^^^^^^^^^^^^^^
siege-acceptance / siege-linux	UNKNOWN STEP	2026-10-04T11:24:16.5742764Z       |
siege-acceptance / siege-linux	UNKNOWN STEP	2026-10-04T11:24:16.5743034Z       = note: this `Result` may be an `Err` variant, which should be handled
siege-acceptance / siege-linux	UNKNOWN STEP	2026-10-04T11:24:16.5743433Z help: use `let _ = ...` to ignore the resulting value
siege-acceptance / siege-linux	UNKNOWN STEP	2026-10-04T11:24:16.5743725Z       |
siege-acceptance / siege-linux	UNKNOWN STEP	2026-10-04T11:24:16.5743932Z 65558 |     let _ = first.save_active_character();
siege-acceptance / siege-linux	UNKNOWN STEP	2026-10-04T11:24:16.5744378Z       |     +++++++
siege-acceptance / siege-linux	UNKNOWN STEP	2026-10-04T11:24:16.5744495Z 
siege-acceptance / siege-linux	UNKNOWN STEP	2026-10-04T11:24:16.5752725Z warning: unused `std::result::Result` that must be used
siege-acceptance / siege-linux	UNKNOWN STEP	2026-10-04T11:24:16.5753330Z      --> apps/simulation/src/runtime/tests.rs:66685:5
siege-acceptance / siege-linux	UNKNOWN STEP	2026-10-04T11:24:16.5753800Z       |
siege-acceptance / siege-linux	UNKNOWN STEP	2026-10-04T11:24:16.5754097Z 66685 |     session.save_active_character();
siege-acceptance / siege-linux	UNKNOWN STEP	2026-10-04T11:24:16.5754551Z       |     ^^^^^^^^^^^^^^^^^^^^^^^^^^^^^^^
siege-acceptance / siege-linux	UNKNOWN STEP	2026-10-04T11:24:16.5754809Z       |
siege-acceptance / siege-linux	UNKNOWN STEP	2026-10-04T11:24:16.5755081Z       = note: this `Result` may be an `Err` variant, which should be handled
siege-acceptance / siege-linux	UNKNOWN STEP	2026-10-04T11:24:16.5755480Z help: use `let _ = ...` to ignore the resulting value
siege-acceptance / siege-linux	UNKNOWN STEP	2026-10-04T11:24:16.5755776Z       |
siege-acceptance / siege-linux	UNKNOWN STEP	2026-10-04T11:24:16.5755994Z 66685 |     let _ = session.save_active_character();
siege-acceptance / siege-linux	UNKNOWN STEP	2026-10-04T11:24:16.5756276Z       |     +++++++
siege-acceptance / siege-linux	UNKNOWN STEP	2026-10-04T11:24:16.5756397Z 
siege-acceptance / siege-linux	UNKNOWN STEP	2026-10-04T11:24:16.5784047Z warning: unused `std::result::Result` that must be used
siege-acceptance / siege-linux	UNKNOWN STEP	2026-10-04T11:24:16.5784785Z      --> apps/simulation/src/runtime/tests.rs:70144:5
siege-acceptance / siege-linux	UNKNOWN STEP	2026-10-04T11:24:16.5785380Z       |
siege-acceptance / siege-linux	UNKNOWN STEP	2026-10-04T11:24:16.5785644Z 70144 |     first.save_active_character();
siege-acceptance / siege-linux	UNKNOWN STEP	2026-10-04T11:24:16.5785981Z       |     ^^^^^^^^^^^^^^^^^^^^^^^^^^^^^
siege-acceptance / siege-linux	UNKNOWN STEP	2026-10-04T11:24:16.5786275Z       |
siege-acceptance / siege-linux	UNKNOWN STEP	2026-10-04T11:24:16.5786605Z       = note: this `Result` may be an `Err` variant, which should be handled
siege-acceptance / siege-linux	UNKNOWN STEP	2026-10-04T11:24:16.5787102Z help: use `let _ = ...` to ignore the resulting value
siege-acceptance / siege-linux	UNKNOWN STEP	2026-10-04T11:24:16.5787446Z       |
siege-acceptance / siege-linux	UNKNOWN STEP	2026-10-04T11:24:16.5787696Z 70144 |     let _ = first.save_active_character();
siege-acceptance / siege-linux	UNKNOWN STEP	2026-10-04T11:24:16.5788037Z       |     +++++++
siege-acceptance / siege-linux	UNKNOWN STEP	2026-10-04T11:24:16.5788182Z 
siege-acceptance / siege-linux	UNKNOWN STEP	2026-10-04T11:24:16.5969848Z warning: unused `std::result::Result` that must be used
siege-acceptance / siege-linux	UNKNOWN STEP	2026-10-04T11:24:16.5970887Z     --> apps/simulation/src/runtime/stage5.rs:2694:9
siege-acceptance / siege-linux	UNKNOWN STEP	2026-10-04T11:24:16.5971509Z      |
siege-acceptance / siege-linux	UNKNOWN STEP	2026-10-04T11:24:16.5971806Z 2694 |         session_a.save_active_character();
siege-acceptance / siege-linux	UNKNOWN STEP	2026-10-04T11:24:16.5972197Z      |         ^^^^^^^^^^^^^^^^^^^^^^^^^^^^^^^^^
siege-acceptance / siege-linux	UNKNOWN STEP	2026-10-04T11:24:16.5972538Z      |
siege-acceptance / siege-linux	UNKNOWN STEP	2026-10-04T11:24:16.5972938Z      = note: this `Result` may be an `Err` variant, which should be handled
siege-acceptance / siege-linux	UNKNOWN STEP	2026-10-04T11:24:16.5973497Z help: use `let _ = ...` to ignore the resulting value
siege-acceptance / siege-linux	UNKNOWN STEP	2026-10-04T11:24:16.5973897Z      |
siege-acceptance / siege-linux	UNKNOWN STEP	2026-10-04T11:24:16.5974202Z 2694 |         let _ = session_a.save_active_character();
siege-acceptance / siege-linux	UNKNOWN STEP	2026-10-04T11:24:16.5974600Z      |         +++++++
siege-acceptance / siege-linux	UNKNOWN STEP	2026-10-04T11:24:16.5974775Z 
siege-acceptance / siege-linux	UNKNOWN STEP	2026-10-04T11:24:57.8205195Z warning: `mir2-simulation` (lib test) generated 89 warnings (run `cargo fix --lib -p mir2-simulation --tests` to apply 8 suggestions)
siege-acceptance / siege-linux	UNKNOWN STEP	2026-10-04T11:24:57.8206401Z     Finished `test` profile [unoptimized + debuginfo] target(s) in 1m 54s
siege-acceptance / siege-linux	UNKNOWN STEP	2026-10-04T11:24:57.9378579Z      Running unittests src/lib.rs (target/debug/deps/mir2_simulation-8ecab65d2354b27d)
siege-acceptance / siege-linux	UNKNOWN STEP	2026-10-04T11:24:57.9409681Z 
siege-acceptance / siege-linux	UNKNOWN STEP	2026-10-04T11:24:57.9410165Z running 96 tests
siege-acceptance / siege-linux	UNKNOWN STEP	2026-10-04T11:24:57.9435596Z test config::conquest_account_fences::tests::conquest_account_and_save_versions_must_be_positive ... ok
siege-acceptance / siege-linux	UNKNOWN STEP	2026-10-04T11:24:57.9441990Z test config::conquest_account_fences::tests::conquest_initial_mirror_keeps_absent_row_expectations ... ok
siege-acceptance / siege-linux	UNKNOWN STEP	2026-10-04T11:24:57.9454098Z test config::conquest_account_fences::tests::conquest_known_matching_versions_are_preserved_and_stale_versions_rejected ... ok
siege-acceptance / siege-linux	UNKNOWN STEP	2026-10-04T11:24:57.9460471Z test config::conquest_account_fences::tests::conquest_mirror_account_tombstone_still_fences_every_original_save ... ok
siege-acceptance / siege-linux	UNKNOWN STEP	2026-10-04T11:24:57.9468771Z test config::conquest_account_fences::tests::conquest_mirror_can_fence_deletion_and_new_save_together ... ok
siege-acceptance / siege-linux	UNKNOWN STEP	2026-10-04T11:24:57.9474811Z test config::conquest_account_fences::tests::conquest_mirror_cannot_claim_unobserved_existing_account ... ok
siege-acceptance / siege-linux	UNKNOWN STEP	2026-10-04T11:24:57.9488572Z test config::conquest_account_fences::tests::conquest_mirror_checks_separate_save_images_even_if_account_json_matches ... ok
siege-acceptance / siege-linux	UNKNOWN STEP	2026-10-04T11:24:57.9491225Z test config::conquest_account_fences::tests::conquest_mirror_postgres_accounts_use_source_cas_and_reject_later_save_images ... ignored, requires dedicated MIR2_CONQUEST_TEST_DATABASE_URL or MIR2_GUILD_TEST_DATABASE_URL; isolated schema and independent writers
siege-acceptance / siege-linux	UNKNOWN STEP	2026-10-04T11:24:57.9502747Z test config::conquest_account_fences::tests::conquest_mirror_rejects_changed_account_even_with_same_version ... ok
siege-acceptance / siege-linux	UNKNOWN STEP	2026-10-04T11:24:57.9513767Z test config::conquest_account_fences::tests::conquest_mirror_rejects_missing_or_extra_separate_save ... ok
siege-acceptance / siege-linux	UNKNOWN STEP	2026-10-04T11:24:57.9519940Z test config::conquest_account_fences::tests::conquest_mutation_cannot_omit_or_invent_a_desired_save_image ... ok
siege-acceptance / siege-linux	UNKNOWN STEP	2026-10-04T11:24:57.9527702Z test config::conquest_account_fences::tests::conquest_partial_metadata_is_never_readmitted ... ok
siege-acceptance / siege-linux	UNKNOWN STEP	2026-10-04T11:24:57.9536506Z test config::conquest_account_fences::tests::conquest_reopened_mirror_admits_only_complete_original_images ... ok
siege-acceptance / siege-linux	UNKNOWN STEP	2026-10-04T11:24:57.9542358Z test config::conquest_account_fences::tests::conquest_save_rows_without_parent_account_are_rejected ... ok
siege-acceptance / siege-linux	UNKNOWN STEP	2026-10-04T11:24:58.1094861Z test config::conquest_authority::tests::conquest_combined_clock_commits_authoritative_damage_without_healing ... ok
siege-acceptance / siege-linux	UNKNOWN STEP	2026-10-04T11:24:58.1123985Z test config::conquest_authority::tests::conquest_combined_clock_ignores_stale_repairs_and_rejects_conflicting_samples ... ok
siege-acceptance / siege-linux	UNKNOWN STEP	2026-10-04T11:24:58.1150571Z test config::conquest_authority::tests::conquest_combined_damage_and_capture_fail_as_one_transaction ... ok
siege-acceptance / siege-linux	UNKNOWN STEP	2026-10-04T11:24:58.1159826Z test config::conquest_authority::tests::conquest_existing_defenses_are_never_reseeded_by_clock ... ok
siege-acceptance / siege-linux	UNKNOWN STEP	2026-10-04T11:24:58.1210852Z test config::conquest_authority::tests::conquest_final_interval_damage_is_flushed_before_settlement_only_with_admitted_proof ... ok
siege-acceptance / siege-linux	UNKNOWN STEP	2026-10-04T11:24:58.1248974Z test config::conquest_authority::tests::conquest_graceful_clock_release_is_fenced_and_new_process_resumes_without_replaying_capture ... ok
siege-acceptance / siege-linux	UNKNOWN STEP	2026-10-04T11:24:58.1264440Z test config::conquest_authority::tests::conquest_insufficient_bank_and_persist_failure_leave_both_domains_unchanged ... ok
siege-acceptance / siege-linux	UNKNOWN STEP	2026-10-04T11:24:58.1270431Z test config::conquest_authority::tests::conquest_management_closes_before_delayed_scheduler_opens_registered_war ... ok
siege-acceptance / siege-linux	UNKNOWN STEP	2026-10-04T11:24:58.1276328Z test config::conquest_authority::tests::conquest_management_revalidates_identity_rank_owner_and_time ... ok
siege-acceptance / siege-linux	UNKNOWN STEP	2026-10-04T11:24:58.1277801Z test config::conquest_authority::tests::conquest_mirror_reopen_accepts_only_exact_images_and_keeps_known_cas_fence ... ok
siege-acceptance / siege-linux	UNKNOWN STEP	2026-10-04T11:24:58.1285122Z test config::conquest_authority::tests::conquest_owner_and_busy_request_are_rejected_without_changing_business ... ok
siege-acceptance / siege-linux	UNKNOWN STEP	2026-10-04T11:24:58.1311189Z test config::conquest_authority::tests::conquest_presence_binds_fresh_membership_and_unknown_living_identity_contests ... ok
siege-acceptance / siege-linux	UNKNOWN STEP	2026-10-04T11:24:58.1334639Z test config::conquest_authority::tests::conquest_repairs_and_withdrawals_commit_both_domains_once ... ok
siege-acceptance / siege-linux	UNKNOWN STEP	2026-10-04T11:24:58.1349746Z test config::conquest_authority::tests::conquest_request_is_free_and_duplicate_business_is_idempotent ... ok
siege-acceptance / siege-linux	UNKNOWN STEP	2026-10-04T11:24:58.1354298Z test config::conquest_authority::tests::conquest_request_requires_available_unique_policy_and_real_current_leader ... ok
siege-acceptance / siege-linux	UNKNOWN STEP	2026-10-04T11:24:58.1371843Z test config::conquest_authority::tests::conquest_stale_registration_and_late_same_day_restart_are_rejected ... ok
siege-acceptance / siege-linux	UNKNOWN STEP	2026-10-04T11:24:58.1396327Z test config::conquest_authority::tests::conquest_tax_and_gate_retry_do_not_charge_or_duplicate_revisions ... ok
siege-acceptance / siege-linux	UNKNOWN STEP	2026-10-04T11:24:58.1418601Z test config::conquest_authority::tests::conquest_unguilded_player_contests_even_when_sample_claims_attacker ... ok
siege-acceptance / siege-linux	UNKNOWN STEP	2026-10-04T11:24:58.1442657Z test config::conquest_authority::tests::conquest_zero_online_clock_starts_and_settles_with_management_closed_during_war ... ok
siege-acceptance / siege-linux	UNKNOWN STEP	2026-10-04T11:24:58.1446421Z test config::shared_conquest_store::tests::conquest_compensation_can_restore_older_business_revision_under_version_cas ... ok
siege-acceptance / siege-linux	UNKNOWN STEP	2026-10-04T11:24:58.1447860Z test config::shared_conquest_store::tests::conquest_invalid_repository_versions_fail_before_business_comparison ... ok
siege-acceptance / siege-linux	UNKNOWN STEP	2026-10-04T11:24:58.1448676Z test config::shared_conquest_store::tests::conquest_new_absent_row_is_admitted_in_both_modes ... ok
siege-acceptance / siege-linux	UNKNOWN STEP	2026-10-04T11:24:58.1452071Z test config::shared_conquest_store::tests::conquest_normal_delete_rejects_but_explicit_restore_can_delete ... ok
siege-acceptance / siege-linux	UNKNOWN STEP	2026-10-04T11:24:58.1453398Z test config::shared_conquest_store::tests::conquest_observed_version_is_strict_in_both_modes ... ok
siege-acceptance / siege-linux	UNKNOWN STEP	2026-10-04T11:24:58.1454931Z test config::shared_conquest_store::tests::conquest_reopened_mirror_requires_exact_original_business_image ... ok
siege-acceptance / siege-linux	UNKNOWN STEP	2026-10-04T11:24:58.1458869Z test config::shared_conquest_store::tests::conquest_restore_invalidates_backup_and_live_clock_grants ... ok
siege-acceptance / siege-linux	UNKNOWN STEP	2026-10-04T11:24:58.1462407Z test config::shared_conquest_store::tests::conquest_restore_rejects_missing_guild_and_exhausted_generation ... ok
siege-acceptance / siege-linux	UNKNOWN STEP	2026-10-04T11:24:58.1465480Z test config::shared_conquest_store::tests::conquest_scope_authorizes_only_its_explicit_record_indices ... ok
siege-acceptance / siege-linux	UNKNOWN STEP	2026-10-04T11:24:58.1468722Z test config::shared_conquest_store::tests::conquest_scope_rejects_mismatched_keys_and_invalid_business_state ... ok
siege-acceptance / siege-linux	UNKNOWN STEP	2026-10-04T11:24:58.1469994Z test config::shared_conquest_store::tests::conquest_source_authority_never_adopts_an_unobserved_existing_row ... ok
siege-acceptance / siege-linux	UNKNOWN STEP	2026-10-04T11:24:58.1473067Z test config::shared_conquest_store::tests::conquest_source_metadata_cannot_be_supplied_by_a_scoped_closure ... ok
siege-acceptance / siege-linux	UNKNOWN STEP	2026-10-04T11:24:58.1475865Z test config::shared_conquest_store::tests::conquest_unchanged_scopes_skip_writes_but_restore_carries_authority ... ok
siege-acceptance / siege-linux	UNKNOWN STEP	2026-10-04T11:24:58.7867465Z test runtime::npc_conquest::tests::conquest_legacy_scripts_cannot_import_or_mutate_personal_castle_authority ... ok
siege-acceptance / siege-linux	UNKNOWN STEP	2026-10-04T11:25:04.2233009Z test runtime::npc_conquest::tests::npc_conquest_actual_guild_creation_grant_expires_at_npc_map_and_session_boundaries ... ok
siege-acceptance / siege-linux	UNKNOWN STEP	2026-10-04T11:25:04.7705882Z test runtime::npc_conquest::tests::npc_conquest_fabricated_labels_and_different_npc_cannot_mutate_shared_authority ... ok
siege-acceptance / siege-linux	UNKNOWN STEP	2026-10-04T11:25:05.8875205Z test runtime::npc_conquest::tests::npc_conquest_guildless_registrar_and_public_officer_have_status_without_management ... ok
siege-acceptance / siege-linux	UNKNOWN STEP	2026-10-04T11:25:06.4293581Z test runtime::npc_conquest::tests::npc_conquest_normal_registrar_grants_guild_name_and_typed_return_once ... ok
siege-acceptance / siege-linux	UNKNOWN STEP	2026-10-04T11:25:09.1446272Z test runtime::npc_conquest::tests::npc_conquest_old_owner_management_links_cannot_charge_or_mutate_new_owner ... ok
siege-acceptance / siege-linux	UNKNOWN STEP	2026-10-04T11:25:09.7059794Z test runtime::npc_conquest::tests::npc_conquest_owner_management_requires_displayed_page_and_supports_tax_gate_and_bank ... ok
siege-acceptance / siege-linux	UNKNOWN STEP	2026-10-04T11:25:10.2574198Z test runtime::npc_conquest::tests::npc_conquest_owner_repairs_use_actual_quote_and_archers_use_separate_page ... ok
siege-acceptance / siege-linux	UNKNOWN STEP	2026-10-04T11:25:11.3507209Z test runtime::npc_conquest::tests::npc_conquest_registration_rechecks_demoted_or_kicked_leader_and_closes_capability ... ok
siege-acceptance / siege-linux	UNKNOWN STEP	2026-10-04T11:25:12.4344067Z test runtime::npc_conquest::tests::npc_conquest_repairs_fail_atomically_for_bank_shortage_and_persistence_failure ... ok
siege-acceptance / siege-linux	UNKNOWN STEP	2026-10-04T11:25:12.9755309Z test runtime::npc_conquest::tests::npc_conquest_signup_is_exposed_only_after_the_real_registrar_status_page ... ok
siege-acceptance / siege-linux	UNKNOWN STEP	2026-10-04T11:25:16.2378631Z test runtime::npc_conquest::tests::npc_conquest_stale_range_map_missing_npc_death_and_logout_deny_old_signup_link ... ok
siege-acceptance / siege-linux	UNKNOWN STEP	2026-10-04T11:25:16.2381174Z test runtime::npc_conquest_trade::tests::canonical_bindings_exclude_other_mongchon_shops_officer_forged_ids_and_wrong_maps ... ok
siege-acceptance / siege-linux	UNKNOWN STEP	2026-10-04T11:25:17.0112145Z test runtime::npc_conquest_trade::tests::castle_buy_commits_inventory_wallet_and_tax_together_and_reloads_exact_uids ... ok
siege-acceptance / siege-linux	UNKNOWN STEP	2026-10-04T11:25:17.5737794Z test runtime::npc_conquest_trade::tests::castle_buy_packet_fills_belt_then_bag_and_persists_each_quantity ... ok
siege-acceptance / siege-linux	UNKNOWN STEP	2026-10-04T11:25:18.1323318Z test runtime::npc_conquest_trade::tests::castle_buy_persist_failure_restores_gold_inventory_allocator_and_stock_then_retry_once ... ok
siege-acceptance / siege-linux	UNKNOWN STEP	2026-10-04T11:25:18.6994538Z test runtime::npc_conquest_trade::tests::castle_sell_is_untaxed_and_stock_rollback_preserves_the_exact_item ... ok
siege-acceptance / siege-linux	UNKNOWN STEP	2026-10-04T11:25:19.2506589Z test runtime::npc_conquest_trade::tests::castle_tax_overflow_rolls_back_the_ordinary_preview_without_an_item_ack ... ok
siege-acceptance / siege-linux	UNKNOWN STEP	2026-10-04T11:25:20.3376240Z test runtime::npc_conquest_trade::tests::changed_membership_or_capture_invalidates_a_prepared_quote_before_commit ... ok
siege-acceptance / siege-linux	UNKNOWN STEP	2026-10-04T11:25:20.9022720Z test runtime::npc_conquest_trade::tests::low_gold_or_invalid_quantity_preserves_ordinary_admission_without_persisting_tax ... ok
siege-acceptance / siege-linux	UNKNOWN STEP	2026-10-04T11:25:21.4532945Z test runtime::npc_conquest_trade::tests::owner_membership_exempts_buy_but_fences_the_ownership_quote ... ok
siege-acceptance / siege-linux	UNKNOWN STEP	2026-10-04T11:25:21.9975457Z test runtime::npc_conquest_trade::tests::pearl_and_disabled_policy_use_the_ordinary_unmodified_path ... ok
siege-acceptance / siege-linux	UNKNOWN STEP	2026-10-04T11:25:22.5472042Z test runtime::npc_conquest_trade::tests::stale_character_revision_rejects_before_mutating_gold_or_items ... ok
siege-acceptance / siege-linux	UNKNOWN STEP	2026-10-04T11:25:22.5473037Z test runtime::npc_conquest_trade::tests::tax_math_uses_source_f32_rate_and_independently_truncated_totals ... ok
siege-acceptance / siege-linux	UNKNOWN STEP	2026-10-04T11:25:23.1079270Z test runtime::npc_conquest_trade::tests::unowned_first_trade_initializes_defenses_once_and_charges_no_tax ... ok
siege-acceptance / siege-linux	UNKNOWN STEP	2026-10-04T11:25:23.6501217Z test runtime::session::tests::crystal_conquest_movement_allowed_only_for_owning_guild ... ok
siege-acceptance / siege-linux	UNKNOWN STEP	2026-10-04T11:25:24.1975645Z test runtime::session::tests::crystal_conquest_movement_transfer_gated_by_ownership ... ok
siege-acceptance / siege-linux	UNKNOWN STEP	2026-10-04T11:25:24.8042532Z test runtime::session::tests::crystal_npc_group_and_conquest_runtime_use_configured_members_and_state ... ok
siege-acceptance / siege-linux	UNKNOWN STEP	2026-10-04T11:25:25.3581549Z test runtime::session::tests::crystal_npc_stage5_conquest_and_guild_territory_commands_have_stateful_baselines ... ok
siege-acceptance / siege-linux	UNKNOWN STEP	2026-10-04T11:25:25.9408276Z test runtime::session::tests::stage5_conquest_event_hero_mining_and_crafting_flow ... ok
siege-acceptance / siege-linux	UNKNOWN STEP	2026-10-04T11:25:25.9447639Z test runtime::zone::runtime::conquest::tests::archer_regen_is_not_undone_by_equal_projection_or_replayed_over_new_death ... ok
siege-acceptance / siege-linux	UNKNOWN STEP	2026-10-04T11:25:25.9467978Z test runtime::zone::runtime::conquest::tests::archer_targets_all_nonowners_and_impact_rechecks_capture_and_deadline ... ok
siege-acceptance / siege-linux	UNKNOWN STEP	2026-10-04T11:25:25.9486540Z test runtime::zone::runtime::conquest::tests::corrupt_or_stale_record_rejected_before_mutating_zone ... ok
siege-acceptance / siege-linux	UNKNOWN STEP	2026-10-04T11:25:25.9508031Z test runtime::zone::runtime::conquest::tests::damage_provenance_does_not_cross_a_new_clock_generation_or_battle ... ok
siege-acceptance / siege-linux	UNKNOWN STEP	2026-10-04T11:25:25.9531440Z test runtime::zone::runtime::conquest::tests::defense_damage_requires_live_matching_membership_war_and_non_owner ... ok
siege-acceptance / siege-linux	UNKNOWN STEP	2026-10-04T11:25:25.9543910Z test runtime::zone::runtime::conquest::tests::exact_source_slots_have_independent_lifetimes_and_no_normal_rewards_or_respawn ... ok
siege-acceptance / siege-linux	UNKNOWN STEP	2026-10-04T11:25:25.9570573Z test runtime::zone::runtime::conquest::tests::final_interval_damage_keeps_trusted_provenance_but_cutoff_rejects_new_damage ... ok
siege-acceptance / siege-linux	UNKNOWN STEP	2026-10-04T11:25:25.9599438Z test runtime::zone::runtime::conquest::tests::gate_open_close_and_dead_state_retain_exact_dynamic_footprint ... ok
siege-acceptance / siege-linux	UNKNOWN STEP	2026-10-04T11:25:25.9612195Z test runtime::zone::runtime::conquest::tests::living_archers_regenerate_exact_source_amount_in_peace_and_dead_never_regenerate ... ok
siege-acceptance / siege-linux	UNKNOWN STEP	2026-10-04T11:25:25.9624310Z test runtime::zone::runtime::conquest::tests::object_id_exhaustion_and_duplicate_membership_are_preflighted ... ok
siege-acceptance / siege-linux	UNKNOWN STEP	2026-10-04T11:25:25.9636933Z test runtime::zone::runtime::conquest::tests::ordinary_gates_are_not_enabled_by_the_sabuk_projection ... ok
siege-acceptance / siege-linux	UNKNOWN STEP	2026-10-04T11:25:25.9642988Z test runtime::zone::runtime::conquest::tests::ordinary_guild_war_pk_exemption_is_independent_of_attack_mode ... ok
siege-acceptance / siege-linux	UNKNOWN STEP	2026-10-04T11:25:25.9651171Z test runtime::zone::runtime::conquest::tests::palace_pk_exemption_requires_real_actors_and_active_deadline ... ok
siege-acceptance / siege-linux	UNKNOWN STEP	2026-10-04T11:25:25.9678145Z test runtime::zone::runtime::conquest::tests::pending_damage_provenance_survives_tax_revision_and_commit_ack_but_not_repair ... ok
siege-acceptance / siege-linux	UNKNOWN STEP	2026-10-04T11:25:25.9701744Z test runtime::zone::runtime::conquest::tests::projection_cannot_restore_pending_damage_but_new_committed_repair_can ... ok
siege-acceptance / siege-linux	UNKNOWN STEP	2026-10-04T11:25:26.9554712Z test runtime::zone::runtime::conquest::tests::quarantine_matches_source_identity_without_disabling_ordinary_guards_or_pets ... ok
siege-acceptance / siege-linux	UNKNOWN STEP	2026-10-04T11:25:27.4141366Z test runtime::zone::runtime::conquest::tests::restored_source_defenses_stay_inert_until_committed_authority_is_rehydrated ... ok
siege-acceptance / siege-linux	UNKNOWN STEP	2026-10-04T11:25:27.4155772Z test runtime::zone::runtime::conquest::tests::siege_pk_exemption_uses_victim_region_at_damage_time_for_every_attack_mode ... ok
siege-acceptance / siege-linux	UNKNOWN STEP	2026-10-04T11:25:27.4176454Z test runtime::zone::runtime::conquest::tests::source_war_region_includes_missing_gate_and_palace_without_global_pk ... ok
siege-acceptance / siege-linux	UNKNOWN STEP	2026-10-04T11:25:27.4194427Z test runtime::zone::runtime::conquest::tests::transactional_fork_preserves_conquest_authority_and_deadline_cannot_extend ... ok
siege-acceptance / siege-linux	UNKNOWN STEP	2026-10-04T11:25:27.4195457Z 
siege-acceptance / siege-linux	UNKNOWN STEP	2026-10-04T11:25:27.4195989Z test result: ok. 95 passed; 0 failed; 1 ignored; 0 measured; 1951 filtered out; finished in 29.48s
siege-acceptance / siege-linux	UNKNOWN STEP	2026-10-04T11:25:27.4196725Z 
siege-acceptance / siege-linux	UNKNOWN STEP	2026-10-04T11:25:27.4409644Z ##[group]Run cargo +1.89.0 test --locked -p mir2-simulation --test shared_conquest -- --test-threads=1
siege-acceptance / siege-linux	UNKNOWN STEP	2026-10-04T11:25:27.4410685Z ^[[36;1mcargo +1.89.0 test --locked -p mir2-simulation --test shared_conquest -- --test-threads=1^[[0m
siege-acceptance / siege-linux	UNKNOWN STEP	2026-10-04T11:25:27.4474325Z shell: /usr/bin/bash -e {0}
siege-acceptance / siege-linux	UNKNOWN STEP	2026-10-04T11:25:27.4474571Z env:
siege-acceptance / siege-linux	UNKNOWN STEP	2026-10-04T11:25:27.4475162Z   MIR2_CONQUEST_TEST_DATABASE_URL: ***127.0.0.1:5432/mir2_conquest_qa
siege-acceptance / siege-linux	UNKNOWN STEP	2026-10-04T11:25:27.4475524Z   CARGO_BUILD_JOBS: 2
siege-acceptance / siege-linux	UNKNOWN STEP	2026-10-04T11:25:27.4475736Z ##[endgroup]
siege-acceptance / siege-linux	UNKNOWN STEP	2026-10-04T11:25:27.7204719Z    Compiling mir2-simulation v0.1.0 (/home/runner/work/mir2/mir2/mir2-web3/apps/simulation)
siege-acceptance / siege-linux	UNKNOWN STEP	2026-10-04T11:25:29.1355406Z warning: unused import: `super::skills::crystal_magic_damage`
siege-acceptance / siege-linux	UNKNOWN STEP	2026-10-04T11:25:29.1356049Z   --> apps/simulation/src/runtime/hero_ai.rs:53:5
siege-acceptance / siege-linux	UNKNOWN STEP	2026-10-04T11:25:29.1356494Z    |
siege-acceptance / siege-linux	UNKNOWN STEP	2026-10-04T11:25:29.1356833Z 53 | use super::skills::crystal_magic_damage;
siege-acceptance / siege-linux	UNKNOWN STEP	2026-10-04T11:25:29.1357202Z    |     ^^^^^^^^^^^^^^^^^^^^^^^^^^^^^^^^^^^
siege-acceptance / siege-linux	UNKNOWN STEP	2026-10-04T11:25:29.1357758Z    |
siege-acceptance / siege-linux	UNKNOWN STEP	2026-10-04T11:25:29.1358102Z    = note: `#[warn(unused_imports)]` on by default
siege-acceptance / siege-linux	UNKNOWN STEP	2026-10-04T11:25:29.1358406Z 
siege-acceptance / siege-linux	UNKNOWN STEP	2026-10-04T11:25:29.1360962Z warning: unused import: `hero_registry_scan::validate_shared_hero_physical_custody`
siege-acceptance / siege-linux	UNKNOWN STEP	2026-10-04T11:25:29.1361720Z   --> apps/simulation/src/runtime/mod.rs:22:16
siege-acceptance / siege-linux	UNKNOWN STEP	2026-10-04T11:25:29.1362171Z    |
siege-acceptance / siege-linux	UNKNOWN STEP	2026-10-04T11:25:29.1362895Z 22 | pub(crate) use hero_registry_scan::validate_shared_hero_physical_custody;
siege-acceptance / siege-linux	UNKNOWN STEP	2026-10-04T11:25:29.1363707Z    |                ^^^^^^^^^^^^^^^^^^^^^^^^^^^^^^^^^^^^^^^^^^^^^^^^^^^^^^^^^
siege-acceptance / siege-linux	UNKNOWN STEP	2026-10-04T11:25:29.1364151Z 
siege-acceptance / siege-linux	UNKNOWN STEP	2026-10-04T11:25:29.1370161Z warning: unused import: `HeroInventoryResource`
siege-acceptance / siege-linux	UNKNOWN STEP	2026-10-04T11:25:29.1370974Z   --> apps/simulation/src/runtime/items.rs:58:19
siege-acceptance / siege-linux	UNKNOWN STEP	2026-10-04T11:25:29.1371457Z    |
siege-acceptance / siege-linux	UNKNOWN STEP	2026-10-04T11:25:29.1371894Z 58 |     BuffResource, HeroInventoryResource, InventoryResource, PlayerPermissionResource,
siege-acceptance / siege-linux	UNKNOWN STEP	2026-10-04T11:25:29.1372358Z    |                   ^^^^^^^^^^^^^^^^^^^^^
siege-acceptance / siege-linux	UNKNOWN STEP	2026-10-04T11:25:29.1372543Z 
siege-acceptance / siege-linux	UNKNOWN STEP	2026-10-04T11:25:29.1406295Z warning: unused import: `merged_user_item_stats`
siege-acceptance / siege-linux	UNKNOWN STEP	2026-10-04T11:25:29.1406999Z   --> apps/simulation/src/runtime/npc.rs:35:72
siege-acceptance / siege-linux	UNKNOWN STEP	2026-10-04T11:25:29.1407558Z    |
siege-acceptance / siege-linux	UNKNOWN STEP	2026-10-04T11:25:29.1408132Z 35 |     crystal_item_key_for_template, crystal_item_template_for_item_key, merged_user_item_stats,
siege-acceptance / siege-linux	UNKNOWN STEP	2026-10-04T11:25:29.1408769Z    |                                                                        ^^^^^^^^^^^^^^^^^^^^^^
siege-acceptance / siege-linux	UNKNOWN STEP	2026-10-04T11:25:29.1409073Z 
siege-acceptance / siege-linux	UNKNOWN STEP	2026-10-04T11:25:29.1422980Z warning: unused import: `hero_inventory_crystal_stat_total`
siege-acceptance / siege-linux	UNKNOWN STEP	2026-10-04T11:25:29.1423729Z   --> apps/simulation/src/runtime/packets.rs:72:22
siege-acceptance / siege-linux	UNKNOWN STEP	2026-10-04T11:25:29.1424216Z    |
siege-acceptance / siege-linux	UNKNOWN STEP	2026-10-04T11:25:29.1424792Z 72 | use super::hero_ai::{hero_inventory_crystal_stat_total, hero_inventory_equipment_slots};
siege-acceptance / siege-linux	UNKNOWN STEP	2026-10-04T11:25:29.1425288Z    |                      ^^^^^^^^^^^^^^^^^^^^^^^^^^^^^^^^^
siege-acceptance / siege-linux	UNKNOWN STEP	2026-10-04T11:25:29.1425504Z 
siege-acceptance / siege-linux	UNKNOWN STEP	2026-10-04T11:25:29.1425646Z warning: unused import: `crystal_quest_info_by_id`
siege-acceptance / siege-linux	UNKNOWN STEP	2026-10-04T11:25:29.1426032Z    --> apps/simulation/src/runtime/packets.rs:108:5
siege-acceptance / siege-linux	UNKNOWN STEP	2026-10-04T11:25:29.1426351Z     |
siege-acceptance / siege-linux	UNKNOWN STEP	2026-10-04T11:25:29.1426663Z 108 |     crystal_quest_info_by_id, crystal_quest_reward_selection_missing,
siege-acceptance / siege-linux	UNKNOWN STEP	2026-10-04T11:25:29.1427331Z     |     ^^^^^^^^^^^^^^^^^^^^^^^^
siege-acceptance / siege-linux	UNKNOWN STEP	2026-10-04T11:25:29.1427507Z 
siege-acceptance / siege-linux	UNKNOWN STEP	2026-10-04T11:25:29.1427677Z warning: unused import: `intelligent_creature_default_rules`
siege-acceptance / siege-linux	UNKNOWN STEP	2026-10-04T11:25:29.1428084Z    --> apps/simulation/src/runtime/packets.rs:125:5
siege-acceptance / siege-linux	UNKNOWN STEP	2026-10-04T11:25:29.1428406Z     |
siege-acceptance / siege-linux	UNKNOWN STEP	2026-10-04T11:25:29.1428766Z 125 |     intelligent_creature_default_rules, is_in_world, mark_crystal_packet_action,
siege-acceptance / siege-linux	UNKNOWN STEP	2026-10-04T11:25:29.1429230Z     |     ^^^^^^^^^^^^^^^^^^^^^^^^^^^^^^^^^^
siege-acceptance / siege-linux	UNKNOWN STEP	2026-10-04T11:25:29.1429421Z 
siege-acceptance / siege-linux	UNKNOWN STEP	2026-10-04T11:25:29.1517214Z warning: unused imports: `ZoneExperienceProfile` and `ZoneGuildExperienceMembership`
siege-acceptance / siege-linux	UNKNOWN STEP	2026-10-04T11:25:29.1518028Z  --> apps/simulation/src/runtime/zone/mod.rs:6:22
siege-acceptance / siege-linux	UNKNOWN STEP	2026-10-04T11:25:29.1518490Z   |
siege-acceptance / siege-linux	UNKNOWN STEP	2026-10-04T11:25:29.1519521Z 6 | pub use experience::{ZoneExperienceProfile,ZoneExperienceSelection,ZoneGuildExperienceMembership};
siege-acceptance / siege-linux	UNKNOWN STEP	2026-10-04T11:25:29.1520787Z   |                      ^^^^^^^^^^^^^^^^^^^^^                         ^^^^^^^^^^^^^^^^^^^^^^^^^^^^^
siege-acceptance / siege-linux	UNKNOWN STEP	2026-10-04T11:25:29.1521209Z 
siege-acceptance / siege-linux	UNKNOWN STEP	2026-10-04T11:25:32.1520884Z warning: use of deprecated method `bevy_ecs::world::World::iter_entities`: use world.query::<EntityRef>()` instead
siege-acceptance / siege-linux	UNKNOWN STEP	2026-10-04T11:25:32.1521726Z   --> apps/simulation/src/runtime/hero_cast.rs:61:22
siege-acceptance / siege-linux	UNKNOWN STEP	2026-10-04T11:25:32.1522139Z    |
siege-acceptance / siege-linux	UNKNOWN STEP	2026-10-04T11:25:32.1522466Z 61 |     let target=world.iter_entities().find_map(|entry| {
siege-acceptance / siege-linux	UNKNOWN STEP	2026-10-04T11:25:32.1522895Z    |                      ^^^^^^^^^^^^^
siege-acceptance / siege-linux	UNKNOWN STEP	2026-10-04T11:25:32.1523252Z    |
siege-acceptance / siege-linux	UNKNOWN STEP	2026-10-04T11:25:32.1523535Z    = note: `#[warn(deprecated)]` on by default
siege-acceptance / siege-linux	UNKNOWN STEP	2026-10-04T11:25:32.1523769Z 
siege-acceptance / siege-linux	UNKNOWN STEP	2026-10-04T11:25:32.4933630Z warning: use of deprecated method `bevy_ecs::world::World::iter_entities`: use world.query::<EntityRef>()` instead
siege-acceptance / siege-linux	UNKNOWN STEP	2026-10-04T11:25:32.4934912Z    --> apps/simulation/src/runtime/monster_ai/great_fox_spirit.rs:163:28
siege-acceptance / siege-linux	UNKNOWN STEP	2026-10-04T11:25:32.4935478Z     |
siege-acceptance / siege-linux	UNKNOWN STEP	2026-10-04T11:25:32.4935799Z 163 |     for candidate in world.iter_entities() {
siege-acceptance / siege-linux	UNKNOWN STEP	2026-10-04T11:25:32.4936245Z     |                            ^^^^^^^^^^^^^
siege-acceptance / siege-linux	UNKNOWN STEP	2026-10-04T11:25:32.4936523Z 
siege-acceptance / siege-linux	UNKNOWN STEP	2026-10-04T11:25:32.9699355Z warning: use of deprecated method `bevy_ecs::world::World::iter_entities`: use world.query::<EntityRef>()` instead
siege-acceptance / siege-linux	UNKNOWN STEP	2026-10-04T11:25:32.9700175Z     --> apps/simulation/src/runtime/packets.rs:7894:25
siege-acceptance / siege-linux	UNKNOWN STEP	2026-10-04T11:25:32.9700956Z      |
siege-acceptance / siege-linux	UNKNOWN STEP	2026-10-04T11:25:32.9701255Z 7894 |     for entity in world.iter_entities() {
siege-acceptance / siege-linux	UNKNOWN STEP	2026-10-04T11:25:32.9701662Z      |                         ^^^^^^^^^^^^^
siege-acceptance / siege-linux	UNKNOWN STEP	2026-10-04T11:25:32.9701899Z 
siege-acceptance / siege-linux	UNKNOWN STEP	2026-10-04T11:25:33.3782882Z warning: use of deprecated method `bevy_ecs::world::World::iter_entities`: use world.query::<EntityRef>()` instead
siege-acceptance / siege-linux	UNKNOWN STEP	2026-10-04T11:25:33.3783705Z    --> apps/simulation/src/runtime/session.rs:760:14
siege-acceptance / siege-linux	UNKNOWN STEP	2026-10-04T11:25:33.3784110Z     |
siege-acceptance / siege-linux	UNKNOWN STEP	2026-10-04T11:25:33.3784365Z 760 |             .iter_entities()
siege-acceptance / siege-linux	UNKNOWN STEP	2026-10-04T11:25:33.3784732Z     |              ^^^^^^^^^^^^^
siege-acceptance / siege-linux	UNKNOWN STEP	2026-10-04T11:25:33.3784940Z 
siege-acceptance / siege-linux	UNKNOWN STEP	2026-10-04T11:25:33.5698503Z warning: use of deprecated method `bevy_ecs::world::World::iter_entities`: use world.query::<EntityRef>()` instead
siege-acceptance / siege-linux	UNKNOWN STEP	2026-10-04T11:25:33.5699594Z     --> apps/simulation/src/runtime/skills.rs:5017:10
siege-acceptance / siege-linux	UNKNOWN STEP	2026-10-04T11:25:33.5700126Z      |
siege-acceptance / siege-linux	UNKNOWN STEP	2026-10-04T11:25:33.5700962Z 5017 |         .iter_entities()
siege-acceptance / siege-linux	UNKNOWN STEP	2026-10-04T11:25:33.5701406Z      |          ^^^^^^^^^^^^^
siege-acceptance / siege-linux	UNKNOWN STEP	2026-10-04T11:25:33.5701759Z 
siege-acceptance / siege-linux	UNKNOWN STEP	2026-10-04T11:25:33.5721658Z warning: use of deprecated method `bevy_ecs::world::World::iter_entities`: use world.query::<EntityRef>()` instead
siege-acceptance / siege-linux	UNKNOWN STEP	2026-10-04T11:25:33.5722672Z     --> apps/simulation/src/runtime/skills.rs:5100:10
siege-acceptance / siege-linux	UNKNOWN STEP	2026-10-04T11:25:33.5723201Z      |
siege-acceptance / siege-linux	UNKNOWN STEP	2026-10-04T11:25:33.5723542Z 5100 |         .iter_entities()
siege-acceptance / siege-linux	UNKNOWN STEP	2026-10-04T11:25:33.5723961Z      |          ^^^^^^^^^^^^^
siege-acceptance / siege-linux	UNKNOWN STEP	2026-10-04T11:25:33.5724217Z 
siege-acceptance / siege-linux	UNKNOWN STEP	2026-10-04T11:25:43.5071152Z warning: type `HeroSourceVersions` is more private than the item `config::AccountStoreRepositorySave::heroes`
siege-acceptance / siege-linux	UNKNOWN STEP	2026-10-04T11:25:43.5072023Z    --> apps/simulation/src/config.rs:911:5
siege-acceptance / siege-linux	UNKNOWN STEP	2026-10-04T11:25:43.5072428Z     |
siege-acceptance / siege-linux	UNKNOWN STEP	2026-10-04T11:25:43.5072812Z 911 |     pub(crate) heroes: hero_registry::HeroSourceVersions,
siege-acceptance / siege-linux	UNKNOWN STEP	2026-10-04T11:25:43.5074007Z     |     ^^^^^^^^^^^^^^^^^^^^^^^^^^^^^^^^^^^^^^^^^^^^^^^^^^^^ field `config::AccountStoreRepositorySave::heroes` is reachable at visibility `pub(crate)`
siege-acceptance / siege-linux	UNKNOWN STEP	2026-10-04T11:25:43.5074771Z     |
siege-acceptance / siege-linux	UNKNOWN STEP	2026-10-04T11:25:43.5075274Z note: but type `HeroSourceVersions` is only usable at visibility `pub(in crate::config)`
siege-acceptance / siege-linux	UNKNOWN STEP	2026-10-04T11:25:43.5075994Z    --> apps/simulation/src/config_hero_registry.rs:93:1
siege-acceptance / siege-linux	UNKNOWN STEP	2026-10-04T11:25:43.5076438Z     |
siege-acceptance / siege-linux	UNKNOWN STEP	2026-10-04T11:25:43.5076751Z 93  | pub(super) struct HeroSourceVersions {
siege-acceptance / siege-linux	UNKNOWN STEP	2026-10-04T11:25:43.5077169Z     | ^^^^^^^^^^^^^^^^^^^^^^^^^^^^^^^^^^^^
siege-acceptance / siege-linux	UNKNOWN STEP	2026-10-04T11:25:43.5077603Z     = note: `#[warn(private_interfaces)]` on by default
siege-acceptance / siege-linux	UNKNOWN STEP	2026-10-04T11:25:43.5077925Z 
siege-acceptance / siege-linux	UNKNOWN STEP	2026-10-04T11:25:43.5117988Z warning: type `ZoneCombatEntityRef` is more private than the item `tree_queen_ai::TreeQueenRoot::source_ref`
siege-acceptance / siege-linux	UNKNOWN STEP	2026-10-04T11:25:43.5118894Z   --> apps/simulation/src/runtime/zone/runtime/tree_queen_ai.rs:39:5
siege-acceptance / siege-linux	UNKNOWN STEP	2026-10-04T11:25:43.5119360Z    |
siege-acceptance / siege-linux	UNKNOWN STEP	2026-10-04T11:25:43.5119657Z 39 |     pub source_ref: Option<ZoneCombatEntityRef>,
siege-acceptance / siege-linux	UNKNOWN STEP	2026-10-04T11:25:43.5120743Z    |     ^^^^^^^^^^^^^^^^^^^^^^^^^^^^^^^^^^^^^^^^^^^ field `tree_queen_ai::TreeQueenRoot::source_ref` is reachable at visibility `pub(in crate::runtime::zone)`
siege-acceptance / siege-linux	UNKNOWN STEP	2026-10-04T11:25:43.5121449Z    |
siege-acceptance / siege-linux	UNKNOWN STEP	2026-10-04T11:25:43.5121964Z note: but type `ZoneCombatEntityRef` is only usable at visibility `pub(in crate::runtime::zone::runtime)`
siege-acceptance / siege-linux	UNKNOWN STEP	2026-10-04T11:25:43.5122726Z   --> apps/simulation/src/runtime/zone/runtime/entity_combat.rs:7:1
siege-acceptance / siege-linux	UNKNOWN STEP	2026-10-04T11:25:43.5123166Z    |
siege-acceptance / siege-linux	UNKNOWN STEP	2026-10-04T11:25:43.5123426Z 7  | pub(super) enum ZoneCombatEntityRef {
siege-acceptance / siege-linux	UNKNOWN STEP	2026-10-04T11:25:43.5123783Z    | ^^^^^^^^^^^^^^^^^^^^^^^^^^^^^^^^^^^
siege-acceptance / siege-linux	UNKNOWN STEP	2026-10-04T11:25:43.5124010Z 
siege-acceptance / siege-linux	UNKNOWN STEP	2026-10-04T11:25:43.5124356Z warning: type `ZoneCombatEntityRef` is more private than the item `EvilMirState::target_ref`
siege-acceptance / siege-linux	UNKNOWN STEP	2026-10-04T11:25:43.5125389Z   --> apps/simulation/src/runtime/zone/runtime/evil_mir_ai.rs:11:5
siege-acceptance / siege-linux	UNKNOWN STEP	2026-10-04T11:25:43.5126121Z    |
siege-acceptance / siege-linux	UNKNOWN STEP	2026-10-04T11:25:43.5126561Z 11 |     pub target_ref: Option<ZoneCombatEntityRef>,
siege-acceptance / siege-linux	UNKNOWN STEP	2026-10-04T11:25:43.5127553Z    |     ^^^^^^^^^^^^^^^^^^^^^^^^^^^^^^^^^^^^^^^^^^^ field `EvilMirState::target_ref` is reachable at visibility `pub(in crate::runtime::zone)`
siege-acceptance / siege-linux	UNKNOWN STEP	2026-10-04T11:25:43.5128438Z    |
siege-acceptance / siege-linux	UNKNOWN STEP	2026-10-04T11:25:43.5128936Z note: but type `ZoneCombatEntityRef` is only usable at visibility `pub(in crate::runtime::zone::runtime)`
siege-acceptance / siege-linux	UNKNOWN STEP	2026-10-04T11:25:43.5129607Z   --> apps/simulation/src/runtime/zone/runtime/entity_combat.rs:7:1
siege-acceptance / siege-linux	UNKNOWN STEP	2026-10-04T11:25:43.5130005Z    |
siege-acceptance / siege-linux	UNKNOWN STEP	2026-10-04T11:25:43.5130424Z 7  | pub(super) enum ZoneCombatEntityRef {
siege-acceptance / siege-linux	UNKNOWN STEP	2026-10-04T11:25:43.5130762Z    | ^^^^^^^^^^^^^^^^^^^^^^^^^^^^^^^^^^^
siege-acceptance / siege-linux	UNKNOWN STEP	2026-10-04T11:25:43.5131099Z 
siege-acceptance / siege-linux	UNKNOWN STEP	2026-10-04T11:25:43.5131617Z warning: type `ZoneCombatEntityRef` is more private than the item `EvilMirPendingSource::source`
siege-acceptance / siege-linux	UNKNOWN STEP	2026-10-04T11:25:43.5132662Z   --> apps/simulation/src/runtime/zone/runtime/evil_mir_ai.rs:20:5
siege-acceptance / siege-linux	UNKNOWN STEP	2026-10-04T11:25:43.5133294Z    |
siege-acceptance / siege-linux	UNKNOWN STEP	2026-10-04T11:25:43.5133660Z 20 |     pub source: ZoneCombatEntityRef,
siege-acceptance / siege-linux	UNKNOWN STEP	2026-10-04T11:25:43.5134638Z    |     ^^^^^^^^^^^^^^^^^^^^^^^^^^^^^^^ field `EvilMirPendingSource::source` is reachable at visibility `pub(in crate::runtime::zone)`
siege-acceptance / siege-linux	UNKNOWN STEP	2026-10-04T11:25:43.5135537Z    |
siege-acceptance / siege-linux	UNKNOWN STEP	2026-10-04T11:25:43.5136281Z note: but type `ZoneCombatEntityRef` is only usable at visibility `pub(in crate::runtime::zone::runtime)`
siege-acceptance / siege-linux	UNKNOWN STEP	2026-10-04T11:25:43.5137228Z   --> apps/simulation/src/runtime/zone/runtime/entity_combat.rs:7:1
siege-acceptance / siege-linux	UNKNOWN STEP	2026-10-04T11:25:43.5137582Z    |
siege-acceptance / siege-linux	UNKNOWN STEP	2026-10-04T11:25:43.5149575Z 7  | pub(super) enum ZoneCombatEntityRef {
siege-acceptance / siege-linux	UNKNOWN STEP	2026-10-04T11:25:43.5150074Z    | ^^^^^^^^^^^^^^^^^^^^^^^^^^^^^^^^^^^
siege-acceptance / siege-linux	UNKNOWN STEP	2026-10-04T11:25:43.5150543Z 
siege-acceptance / siege-linux	UNKNOWN STEP	2026-10-04T11:25:43.5151067Z warning: type `ZoneCombatEntityRef` is more private than the item `GreatFoxState::target_ref`
siege-acceptance / siege-linux	UNKNOWN STEP	2026-10-04T11:25:43.5151681Z   --> apps/simulation/src/runtime/zone/runtime/great_fox_ai.rs:15:5
siege-acceptance / siege-linux	UNKNOWN STEP	2026-10-04T11:25:43.5152035Z    |
siege-acceptance / siege-linux	UNKNOWN STEP	2026-10-04T11:25:43.5152273Z 15 |     pub target_ref: Option<ZoneCombatEntityRef>,
siege-acceptance / siege-linux	UNKNOWN STEP	2026-10-04T11:25:43.5152812Z    |     ^^^^^^^^^^^^^^^^^^^^^^^^^^^^^^^^^^^^^^^^^^^ field `GreatFoxState::target_ref` is reachable at visibility `pub(in crate::runtime::zone)`
siege-acceptance / siege-linux	UNKNOWN STEP	2026-10-04T11:25:43.5153497Z    |
siege-acceptance / siege-linux	UNKNOWN STEP	2026-10-04T11:25:43.5153891Z note: but type `ZoneCombatEntityRef` is only usable at visibility `pub(in crate::runtime::zone::runtime)`
siege-acceptance / siege-linux	UNKNOWN STEP	2026-10-04T11:25:43.5154455Z   --> apps/simulation/src/runtime/zone/runtime/entity_combat.rs:7:1
siege-acceptance / siege-linux	UNKNOWN STEP	2026-10-04T11:25:43.5154789Z    |
siege-acceptance / siege-linux	UNKNOWN STEP	2026-10-04T11:25:43.5154994Z 7  | pub(super) enum ZoneCombatEntityRef {
siege-acceptance / siege-linux	UNKNOWN STEP	2026-10-04T11:25:43.5155268Z    | ^^^^^^^^^^^^^^^^^^^^^^^^^^^^^^^^^^^
siege-acceptance / siege-linux	UNKNOWN STEP	2026-10-04T11:25:43.5155429Z 
siege-acceptance / siege-linux	UNKNOWN STEP	2026-10-04T11:25:43.5155688Z warning: type `ZoneCombatEntityRef` is more private than the item `GreatFoxHit::source_ref`
siege-acceptance / siege-linux	UNKNOWN STEP	2026-10-04T11:25:43.5156211Z   --> apps/simulation/src/runtime/zone/runtime/great_fox_ai.rs:42:5
siege-acceptance / siege-linux	UNKNOWN STEP	2026-10-04T11:25:43.5156535Z    |
siege-acceptance / siege-linux	UNKNOWN STEP	2026-10-04T11:25:43.5156876Z 42 |     pub source_ref: Option<ZoneCombatEntityRef>,
siege-acceptance / siege-linux	UNKNOWN STEP	2026-10-04T11:25:43.5157406Z    |     ^^^^^^^^^^^^^^^^^^^^^^^^^^^^^^^^^^^^^^^^^^^ field `GreatFoxHit::source_ref` is reachable at visibility `pub(in crate::runtime::zone)`
siege-acceptance / siege-linux	UNKNOWN STEP	2026-10-04T11:25:43.5157878Z    |
siege-acceptance / siege-linux	UNKNOWN STEP	2026-10-04T11:25:43.5158262Z note: but type `ZoneCombatEntityRef` is only usable at visibility `pub(in crate::runtime::zone::runtime)`
siege-acceptance / siege-linux	UNKNOWN STEP	2026-10-04T11:25:43.5158822Z   --> apps/simulation/src/runtime/zone/runtime/entity_combat.rs:7:1
siege-acceptance / siege-linux	UNKNOWN STEP	2026-10-04T11:25:43.5159149Z    |
siege-acceptance / siege-linux	UNKNOWN STEP	2026-10-04T11:25:43.5159342Z 7  | pub(super) enum ZoneCombatEntityRef {
siege-acceptance / siege-linux	UNKNOWN STEP	2026-10-04T11:25:43.5159607Z    | ^^^^^^^^^^^^^^^^^^^^^^^^^^^^^^^^^^^
siege-acceptance / siege-linux	UNKNOWN STEP	2026-10-04T11:25:43.5159770Z 
siege-acceptance / siege-linux	UNKNOWN STEP	2026-10-04T11:25:43.5160026Z warning: type `ZoneCombatEntityRef` is more private than the item `GreatFoxHit::target_ref`
siege-acceptance / siege-linux	UNKNOWN STEP	2026-10-04T11:25:43.5160825Z   --> apps/simulation/src/runtime/zone/runtime/great_fox_ai.rs:44:5
siege-acceptance / siege-linux	UNKNOWN STEP	2026-10-04T11:25:43.5161154Z    |
siege-acceptance / siege-linux	UNKNOWN STEP	2026-10-04T11:25:43.5161372Z 44 |     pub target_ref: Option<ZoneCombatEntityRef>,
siege-acceptance / siege-linux	UNKNOWN STEP	2026-10-04T11:25:43.5161891Z    |     ^^^^^^^^^^^^^^^^^^^^^^^^^^^^^^^^^^^^^^^^^^^ field `GreatFoxHit::target_ref` is reachable at visibility `pub(in crate::runtime::zone)`
siege-acceptance / siege-linux	UNKNOWN STEP	2026-10-04T11:25:43.5162355Z    |
siege-acceptance / siege-linux	UNKNOWN STEP	2026-10-04T11:25:43.5162732Z note: but type `ZoneCombatEntityRef` is only usable at visibility `pub(in crate::runtime::zone::runtime)`
siege-acceptance / siege-linux	UNKNOWN STEP	2026-10-04T11:25:43.5163292Z   --> apps/simulation/src/runtime/zone/runtime/entity_combat.rs:7:1
siege-acceptance / siege-linux	UNKNOWN STEP	2026-10-04T11:25:43.5163618Z    |
siege-acceptance / siege-linux	UNKNOWN STEP	2026-10-04T11:25:43.5163811Z 7  | pub(super) enum ZoneCombatEntityRef {
siege-acceptance / siege-linux	UNKNOWN STEP	2026-10-04T11:25:43.5164081Z    | ^^^^^^^^^^^^^^^^^^^^^^^^^^^^^^^^^^^
siege-acceptance / siege-linux	UNKNOWN STEP	2026-10-04T11:25:43.5164245Z 
siege-acceptance / siege-linux	UNKNOWN STEP	2026-10-04T11:25:43.5164531Z warning: type `ZoneCombatEntityRef` is more private than the item `HornedEncounterState::target_ref`
siege-acceptance / siege-linux	UNKNOWN STEP	2026-10-04T11:25:43.5165099Z   --> apps/simulation/src/runtime/zone/runtime/horned_encounter_ai.rs:12:5
siege-acceptance / siege-linux	UNKNOWN STEP	2026-10-04T11:25:43.5165458Z    |
siege-acceptance / siege-linux	UNKNOWN STEP	2026-10-04T11:25:43.5165672Z 12 |     pub target_ref: Option<ZoneCombatEntityRef>,
siege-acceptance / siege-linux	UNKNOWN STEP	2026-10-04T11:25:43.5166238Z    |     ^^^^^^^^^^^^^^^^^^^^^^^^^^^^^^^^^^^^^^^^^^^ field `HornedEncounterState::target_ref` is reachable at visibility `pub(in crate::runtime::zone)`
siege-acceptance / siege-linux	UNKNOWN STEP	2026-10-04T11:25:43.5166739Z    |
siege-acceptance / siege-linux	UNKNOWN STEP	2026-10-04T11:25:43.5167115Z note: but type `ZoneCombatEntityRef` is only usable at visibility `pub(in crate::runtime::zone::runtime)`
siege-acceptance / siege-linux	UNKNOWN STEP	2026-10-04T11:25:43.5167654Z   --> apps/simulation/src/runtime/zone/runtime/entity_combat.rs:7:1
siege-acceptance / siege-linux	UNKNOWN STEP	2026-10-04T11:25:43.5167980Z    |
siege-acceptance / siege-linux	UNKNOWN STEP	2026-10-04T11:25:43.5168172Z 7  | pub(super) enum ZoneCombatEntityRef {
siege-acceptance / siege-linux	UNKNOWN STEP	2026-10-04T11:25:43.5168431Z    | ^^^^^^^^^^^^^^^^^^^^^^^^^^^^^^^^^^^
siege-acceptance / siege-linux	UNKNOWN STEP	2026-10-04T11:25:43.5168595Z 
siege-acceptance / siege-linux	UNKNOWN STEP	2026-10-04T11:25:43.5168872Z warning: type `ZoneCombatEntityRef` is more private than the item `HornedEncounterHit::source_ref`
siege-acceptance / siege-linux	UNKNOWN STEP	2026-10-04T11:25:43.5169427Z   --> apps/simulation/src/runtime/zone/runtime/horned_encounter_ai.rs:38:5
siege-acceptance / siege-linux	UNKNOWN STEP	2026-10-04T11:25:43.5169784Z    |
siege-acceptance / siege-linux	UNKNOWN STEP	2026-10-04T11:25:43.5169995Z 38 |     pub source_ref: Option<ZoneCombatEntityRef>,
siege-acceptance / siege-linux	UNKNOWN STEP	2026-10-04T11:25:43.5170666Z    |     ^^^^^^^^^^^^^^^^^^^^^^^^^^^^^^^^^^^^^^^^^^^ field `HornedEncounterHit::source_ref` is reachable at visibility `pub(in crate::runtime::zone)`
siege-acceptance / siege-linux	UNKNOWN STEP	2026-10-04T11:25:43.5171158Z    |
siege-acceptance / siege-linux	UNKNOWN STEP	2026-10-04T11:25:43.5171673Z note: but type `ZoneCombatEntityRef` is only usable at visibility `pub(in crate::runtime::zone::runtime)`
siege-acceptance / siege-linux	UNKNOWN STEP	2026-10-04T11:25:43.5172218Z   --> apps/simulation/src/runtime/zone/runtime/entity_combat.rs:7:1
siege-acceptance / siege-linux	UNKNOWN STEP	2026-10-04T11:25:43.5172538Z    |
siege-acceptance / siege-linux	UNKNOWN STEP	2026-10-04T11:25:43.5172728Z 7  | pub(super) enum ZoneCombatEntityRef {
siege-acceptance / siege-linux	UNKNOWN STEP	2026-10-04T11:25:43.5172985Z    | ^^^^^^^^^^^^^^^^^^^^^^^^^^^^^^^^^^^
siege-acceptance / siege-linux	UNKNOWN STEP	2026-10-04T11:25:43.5173145Z 
siege-acceptance / siege-linux	UNKNOWN STEP	2026-10-04T11:25:43.5173415Z warning: type `ZoneCombatEntityRef` is more private than the item `HornedEncounterHit::target_ref`
siege-acceptance / siege-linux	UNKNOWN STEP	2026-10-04T11:25:43.5173962Z   --> apps/simulation/src/runtime/zone/runtime/horned_encounter_ai.rs:41:5
siege-acceptance / siege-linux	UNKNOWN STEP	2026-10-04T11:25:43.5174307Z    |
siege-acceptance / siege-linux	UNKNOWN STEP	2026-10-04T11:25:43.5174517Z 41 |     pub target_ref: Option<ZoneCombatEntityRef>,
siege-acceptance / siege-linux	UNKNOWN STEP	2026-10-04T11:25:43.5175194Z    |     ^^^^^^^^^^^^^^^^^^^^^^^^^^^^^^^^^^^^^^^^^^^ field `HornedEncounterHit::target_ref` is reachable at visibility `pub(in crate::runtime::zone)`
siege-acceptance / siege-linux	UNKNOWN STEP	2026-10-04T11:25:43.5175695Z    |
siege-acceptance / siege-linux	UNKNOWN STEP	2026-10-04T11:25:43.5176070Z note: but type `ZoneCombatEntityRef` is only usable at visibility `pub(in crate::runtime::zone::runtime)`
siege-acceptance / siege-linux	UNKNOWN STEP	2026-10-04T11:25:43.5176614Z   --> apps/simulation/src/runtime/zone/runtime/entity_combat.rs:7:1
siege-acceptance / siege-linux	UNKNOWN STEP	2026-10-04T11:25:43.5176935Z    |
siege-acceptance / siege-linux	UNKNOWN STEP	2026-10-04T11:25:43.5177124Z 7  | pub(super) enum ZoneCombatEntityRef {
siege-acceptance / siege-linux	UNKNOWN STEP	2026-10-04T11:25:43.5177381Z    | ^^^^^^^^^^^^^^^^^^^^^^^^^^^^^^^^^^^
siege-acceptance / siege-linux	UNKNOWN STEP	2026-10-04T11:25:43.5177545Z 
siege-acceptance / siege-linux	UNKNOWN STEP	2026-10-04T11:25:43.5177803Z warning: type `ZoneCombatEntityRef` is more private than the item `HornedMapSpell::source_ref`
siege-acceptance / siege-linux	UNKNOWN STEP	2026-10-04T11:25:43.5178342Z   --> apps/simulation/src/runtime/zone/runtime/horned_encounter_ai.rs:60:5
siege-acceptance / siege-linux	UNKNOWN STEP	2026-10-04T11:25:43.5178694Z    |
siege-acceptance / siege-linux	UNKNOWN STEP	2026-10-04T11:25:43.5178908Z 60 |     pub source_ref: Option<ZoneCombatEntityRef>,
siege-acceptance / siege-linux	UNKNOWN STEP	2026-10-04T11:25:43.5179437Z    |     ^^^^^^^^^^^^^^^^^^^^^^^^^^^^^^^^^^^^^^^^^^^ field `HornedMapSpell::source_ref` is reachable at visibility `pub(in crate::runtime::zone)`
siege-acceptance / siege-linux	UNKNOWN STEP	2026-10-04T11:25:43.5179913Z    |
siege-acceptance / siege-linux	UNKNOWN STEP	2026-10-04T11:25:43.5180412Z note: but type `ZoneCombatEntityRef` is only usable at visibility `pub(in crate::runtime::zone::runtime)`
siege-acceptance / siege-linux	UNKNOWN STEP	2026-10-04T11:25:43.5180957Z   --> apps/simulation/src/runtime/zone/runtime/entity_combat.rs:7:1
siege-acceptance / siege-linux	UNKNOWN STEP	2026-10-04T11:25:43.5181274Z    |
siege-acceptance / siege-linux	UNKNOWN STEP	2026-10-04T11:25:43.5181465Z 7  | pub(super) enum ZoneCombatEntityRef {
siege-acceptance / siege-linux	UNKNOWN STEP	2026-10-04T11:25:43.5181721Z    | ^^^^^^^^^^^^^^^^^^^^^^^^^^^^^^^^^^^
siege-acceptance / siege-linux	UNKNOWN STEP	2026-10-04T11:25:43.5181888Z 
siege-acceptance / siege-linux	UNKNOWN STEP	2026-10-04T11:25:43.5182142Z warning: type `ZoneCombatEntityRef` is more private than the item `HornedState::target_ref`
siege-acceptance / siege-linux	UNKNOWN STEP	2026-10-04T11:25:43.5182643Z   --> apps/simulation/src/runtime/zone/runtime/horned_ai.rs:14:5
siege-acceptance / siege-linux	UNKNOWN STEP	2026-10-04T11:25:43.5182957Z    |
siege-acceptance / siege-linux	UNKNOWN STEP	2026-10-04T11:25:43.5183164Z 14 |     pub target_ref: Option<ZoneCombatEntityRef>,
siege-acceptance / siege-linux	UNKNOWN STEP	2026-10-04T11:25:43.5183671Z    |     ^^^^^^^^^^^^^^^^^^^^^^^^^^^^^^^^^^^^^^^^^^^ field `HornedState::target_ref` is reachable at visibility `pub(in crate::runtime::zone)`
siege-acceptance / siege-linux	UNKNOWN STEP	2026-10-04T11:25:43.5184136Z    |
siege-acceptance / siege-linux	UNKNOWN STEP	2026-10-04T11:25:43.5184510Z note: but type `ZoneCombatEntityRef` is only usable at visibility `pub(in crate::runtime::zone::runtime)`
siege-acceptance / siege-linux	UNKNOWN STEP	2026-10-04T11:25:43.5185049Z   --> apps/simulation/src/runtime/zone/runtime/entity_combat.rs:7:1
siege-acceptance / siege-linux	UNKNOWN STEP	2026-10-04T11:25:43.5185373Z    |
siege-acceptance / siege-linux	UNKNOWN STEP	2026-10-04T11:25:43.5185560Z 7  | pub(super) enum ZoneCombatEntityRef {
siege-acceptance / siege-linux	UNKNOWN STEP	2026-10-04T11:25:43.5185819Z    | ^^^^^^^^^^^^^^^^^^^^^^^^^^^^^^^^^^^
siege-acceptance / siege-linux	UNKNOWN STEP	2026-10-04T11:25:43.5185975Z 
siege-acceptance / siege-linux	UNKNOWN STEP	2026-10-04T11:25:43.5186219Z warning: type `ZoneCombatEntityRef` is more private than the item `HornedHit::source_ref`
siege-acceptance / siege-linux	UNKNOWN STEP	2026-10-04T11:25:43.5186729Z   --> apps/simulation/src/runtime/zone/runtime/horned_ai.rs:28:5
siege-acceptance / siege-linux	UNKNOWN STEP	2026-10-04T11:25:43.5187044Z    |
siege-acceptance / siege-linux	UNKNOWN STEP	2026-10-04T11:25:43.5187252Z 28 |     pub source_ref: Option<ZoneCombatEntityRef>,
siege-acceptance / siege-linux	UNKNOWN STEP	2026-10-04T11:25:43.5187747Z    |     ^^^^^^^^^^^^^^^^^^^^^^^^^^^^^^^^^^^^^^^^^^^ field `HornedHit::source_ref` is reachable at visibility `pub(in crate::runtime::zone)`
siege-acceptance / siege-linux	UNKNOWN STEP	2026-10-04T11:25:43.5188201Z    |
siege-acceptance / siege-linux	UNKNOWN STEP	2026-10-04T11:25:43.5188578Z note: but type `ZoneCombatEntityRef` is only usable at visibility `pub(in crate::runtime::zone::runtime)`
siege-acceptance / siege-linux	UNKNOWN STEP	2026-10-04T11:25:43.5189109Z   --> apps/simulation/src/runtime/zone/runtime/entity_combat.rs:7:1
siege-acceptance / siege-linux	UNKNOWN STEP	2026-10-04T11:25:43.5189561Z    |
siege-acceptance / siege-linux	UNKNOWN STEP	2026-10-04T11:25:43.5189749Z 7  | pub(super) enum ZoneCombatEntityRef {
siege-acceptance / siege-linux	UNKNOWN STEP	2026-10-04T11:25:43.5190008Z    | ^^^^^^^^^^^^^^^^^^^^^^^^^^^^^^^^^^^
siege-acceptance / siege-linux	UNKNOWN STEP	2026-10-04T11:25:43.5190173Z 
siege-acceptance / siege-linux	UNKNOWN STEP	2026-10-04T11:25:43.5190535Z warning: type `ZoneCombatEntityRef` is more private than the item `HornedHit::target_ref`
siege-acceptance / siege-linux	UNKNOWN STEP	2026-10-04T11:25:43.5191024Z   --> apps/simulation/src/runtime/zone/runtime/horned_ai.rs:30:5
siege-acceptance / siege-linux	UNKNOWN STEP	2026-10-04T11:25:43.5191330Z    |
siege-acceptance / siege-linux	UNKNOWN STEP	2026-10-04T11:25:43.5191535Z 30 |     pub target_ref: Option<ZoneCombatEntityRef>,
siege-acceptance / siege-linux	UNKNOWN STEP	2026-10-04T11:25:43.5192066Z    |     ^^^^^^^^^^^^^^^^^^^^^^^^^^^^^^^^^^^^^^^^^^^ field `HornedHit::target_ref` is reachable at visibility `pub(in crate::runtime::zone)`
siege-acceptance / siege-linux	UNKNOWN STEP	2026-10-04T11:25:43.5192518Z    |
siege-acceptance / siege-linux	UNKNOWN STEP	2026-10-04T11:25:43.5193008Z note: but type `ZoneCombatEntityRef` is only usable at visibility `pub(in crate::runtime::zone::runtime)`
siege-acceptance / siege-linux	UNKNOWN STEP	2026-10-04T11:25:43.5193548Z   --> apps/simulation/src/runtime/zone/runtime/entity_combat.rs:7:1
siege-acceptance / siege-linux	UNKNOWN STEP	2026-10-04T11:25:43.5193873Z    |
siege-acceptance / siege-linux	UNKNOWN STEP	2026-10-04T11:25:43.5194073Z 7  | pub(super) enum ZoneCombatEntityRef {
siege-acceptance / siege-linux	UNKNOWN STEP	2026-10-04T11:25:43.5194341Z    | ^^^^^^^^^^^^^^^^^^^^^^^^^^^^^^^^^^^
siege-acceptance / siege-linux	UNKNOWN STEP	2026-10-04T11:25:43.5194509Z 
siege-acceptance / siege-linux	UNKNOWN STEP	2026-10-04T11:25:43.5194785Z warning: type `ZoneCombatEntityRef` is more private than the item `HellState::explosion_source_ref`
siege-acceptance / siege-linux	UNKNOWN STEP	2026-10-04T11:25:43.5195313Z   --> apps/simulation/src/runtime/zone/runtime/hell_ai.rs:14:5
siege-acceptance / siege-linux	UNKNOWN STEP	2026-10-04T11:25:43.5195626Z    |
siege-acceptance / siege-linux	UNKNOWN STEP	2026-10-04T11:25:43.5195870Z 14 |     pub explosion_source_ref: Option<ZoneCombatEntityRef>,
siege-acceptance / siege-linux	UNKNOWN STEP	2026-10-04T11:25:43.5196455Z    |     ^^^^^^^^^^^^^^^^^^^^^^^^^^^^^^^^^^^^^^^^^^^^^^^^^^^^^ field `HellState::explosion_source_ref` is reachable at visibility `pub(in crate::runtime::zone)`
siege-acceptance / siege-linux	UNKNOWN STEP	2026-10-04T11:25:43.5196955Z    |
siege-acceptance / siege-linux	UNKNOWN STEP	2026-10-04T11:25:43.5197347Z note: but type `ZoneCombatEntityRef` is only usable at visibility `pub(in crate::runtime::zone::runtime)`
siege-acceptance / siege-linux	UNKNOWN STEP	2026-10-04T11:25:43.5197906Z   --> apps/simulation/src/runtime/zone/runtime/entity_combat.rs:7:1
siege-acceptance / siege-linux	UNKNOWN STEP	2026-10-04T11:25:43.5198238Z    |
siege-acceptance / siege-linux	UNKNOWN STEP	2026-10-04T11:25:43.5198432Z 7  | pub(super) enum ZoneCombatEntityRef {
siege-acceptance / siege-linux	UNKNOWN STEP	2026-10-04T11:25:43.5198705Z    | ^^^^^^^^^^^^^^^^^^^^^^^^^^^^^^^^^^^
siege-acceptance / siege-linux	UNKNOWN STEP	2026-10-04T11:25:43.5198864Z 
siege-acceptance / siege-linux	UNKNOWN STEP	2026-10-04T11:25:43.5199133Z warning: type `ZoneCombatEntityRef` is more private than the item `SpiderAiState::parent_ref`
siege-acceptance / siege-linux	UNKNOWN STEP	2026-10-04T11:25:43.5199653Z   --> apps/simulation/src/runtime/zone/runtime/spider_ai.rs:40:5
siege-acceptance / siege-linux	UNKNOWN STEP	2026-10-04T11:25:43.5199969Z    |
siege-acceptance / siege-linux	UNKNOWN STEP	2026-10-04T11:25:43.5200185Z 40 |     pub parent_ref: Option<ZoneCombatEntityRef>,
siege-acceptance / siege-linux	UNKNOWN STEP	2026-10-04T11:25:43.5200944Z    |     ^^^^^^^^^^^^^^^^^^^^^^^^^^^^^^^^^^^^^^^^^^^ field `SpiderAiState::parent_ref` is reachable at visibility `pub(in crate::runtime::zone)`
siege-acceptance / siege-linux	UNKNOWN STEP	2026-10-04T11:25:43.5201417Z    |
siege-acceptance / siege-linux	UNKNOWN STEP	2026-10-04T11:25:43.5201803Z note: but type `ZoneCombatEntityRef` is only usable at visibility `pub(in crate::runtime::zone::runtime)`
siege-acceptance / siege-linux	UNKNOWN STEP	2026-10-04T11:25:43.5202363Z   --> apps/simulation/src/runtime/zone/runtime/entity_combat.rs:7:1
siege-acceptance / siege-linux	UNKNOWN STEP	2026-10-04T11:25:43.5202688Z    |
siege-acceptance / siege-linux	UNKNOWN STEP	2026-10-04T11:25:43.5202886Z 7  | pub(super) enum ZoneCombatEntityRef {
siege-acceptance / siege-linux	UNKNOWN STEP	2026-10-04T11:25:43.5203158Z    | ^^^^^^^^^^^^^^^^^^^^^^^^^^^^^^^^^^^
siege-acceptance / siege-linux	UNKNOWN STEP	2026-10-04T11:25:43.5203321Z 
siege-acceptance / siege-linux	UNKNOWN STEP	2026-10-04T11:25:43.5203603Z warning: type `ZoneCombatEntityRef` is more private than the item `PendingRootSpiderSpawn::source`
siege-acceptance / siege-linux	UNKNOWN STEP	2026-10-04T11:25:43.5204134Z   --> apps/simulation/src/runtime/zone/runtime/spider_ai.rs:52:5
siege-acceptance / siege-linux	UNKNOWN STEP	2026-10-04T11:25:43.5204449Z    |
siege-acceptance / siege-linux	UNKNOWN STEP	2026-10-04T11:25:43.5204660Z 52 |     pub source: Option<ZoneCombatEntityRef>,
siege-acceptance / siege-linux	UNKNOWN STEP	2026-10-04T11:25:43.5205195Z    |     ^^^^^^^^^^^^^^^^^^^^^^^^^^^^^^^^^^^^^^^ field `PendingRootSpiderSpawn::source` is reachable at visibility `pub(in crate::runtime::zone)`
siege-acceptance / siege-linux	UNKNOWN STEP	2026-10-04T11:25:43.5205690Z    |
siege-acceptance / siege-linux	UNKNOWN STEP	2026-10-04T11:25:43.5206074Z note: but type `ZoneCombatEntityRef` is only usable at visibility `pub(in crate::runtime::zone::runtime)`
siege-acceptance / siege-linux	UNKNOWN STEP	2026-10-04T11:25:43.5206631Z   --> apps/simulation/src/runtime/zone/runtime/entity_combat.rs:7:1
siege-acceptance / siege-linux	UNKNOWN STEP	2026-10-04T11:25:43.5206959Z    |
siege-acceptance / siege-linux	UNKNOWN STEP	2026-10-04T11:25:43.5207152Z 7  | pub(super) enum ZoneCombatEntityRef {
siege-acceptance / siege-linux	UNKNOWN STEP	2026-10-04T11:25:43.5207548Z    | ^^^^^^^^^^^^^^^^^^^^^^^^^^^^^^^^^^^
siege-acceptance / siege-linux	UNKNOWN STEP	2026-10-04T11:25:43.5207715Z 
siege-acceptance / siege-linux	UNKNOWN STEP	2026-10-04T11:25:43.5207990Z warning: type `ZoneCombatEntityRef` is more private than the item `PendingRootSpiderSpawn::target`
siege-acceptance / siege-linux	UNKNOWN STEP	2026-10-04T11:25:43.5208520Z   --> apps/simulation/src/runtime/zone/runtime/spider_ai.rs:54:5
siege-acceptance / siege-linux	UNKNOWN STEP	2026-10-04T11:25:43.5208841Z    |
siege-acceptance / siege-linux	UNKNOWN STEP	2026-10-04T11:25:43.5209042Z 54 |     pub target: Option<ZoneCombatEntityRef>,
siege-acceptance / siege-linux	UNKNOWN STEP	2026-10-04T11:25:43.5209574Z    |     ^^^^^^^^^^^^^^^^^^^^^^^^^^^^^^^^^^^^^^^ field `PendingRootSpiderSpawn::target` is reachable at visibility `pub(in crate::runtime::zone)`
siege-acceptance / siege-linux	UNKNOWN STEP	2026-10-04T11:25:43.5210064Z    |
siege-acceptance / siege-linux	UNKNOWN STEP	2026-10-04T11:25:43.5210568Z note: but type `ZoneCombatEntityRef` is only usable at visibility `pub(in crate::runtime::zone::runtime)`
siege-acceptance / siege-linux	UNKNOWN STEP	2026-10-04T11:25:43.5211226Z   --> apps/simulation/src/runtime/zone/runtime/entity_combat.rs:7:1
siege-acceptance / siege-linux	UNKNOWN STEP	2026-10-04T11:25:43.5211552Z    |
siege-acceptance / siege-linux	UNKNOWN STEP	2026-10-04T11:25:43.5211745Z 7  | pub(super) enum ZoneCombatEntityRef {
siege-acceptance / siege-linux	UNKNOWN STEP	2026-10-04T11:25:43.5212009Z    | ^^^^^^^^^^^^^^^^^^^^^^^^^^^^^^^^^^^
siege-acceptance / siege-linux	UNKNOWN STEP	2026-10-04T11:25:43.5212181Z 
siege-acceptance / siege-linux	UNKNOWN STEP	2026-10-04T11:25:43.6291948Z warning: methods `scoped_to_account` and `scoped_to_accounts` are never used
siege-acceptance / siege-linux	UNKNOWN STEP	2026-10-04T11:25:43.6292903Z    --> apps/simulation/src/config.rs:403:8
siege-acceptance / siege-linux	UNKNOWN STEP	2026-10-04T11:25:43.6293312Z     |
siege-acceptance / siege-linux	UNKNOWN STEP	2026-10-04T11:25:43.6293595Z 266 | impl AccountStore {
siege-acceptance / siege-linux	UNKNOWN STEP	2026-10-04T11:25:43.6294200Z     | ----------------- methods in this implementation
siege-acceptance / siege-linux	UNKNOWN STEP	2026-10-04T11:25:43.6294857Z ...
siege-acceptance / siege-linux	UNKNOWN STEP	2026-10-04T11:25:43.6295428Z 403 |     fn scoped_to_account(&self, account_id: &str) -> Self {
siege-acceptance / siege-linux	UNKNOWN STEP	2026-10-04T11:25:43.6296234Z     |        ^^^^^^^^^^^^^^^^^
siege-acceptance / siege-linux	UNKNOWN STEP	2026-10-04T11:25:43.6296747Z ...
siege-acceptance / siege-linux	UNKNOWN STEP	2026-10-04T11:25:43.6297340Z 407 |     fn scoped_to_accounts(&self, account_ids: &[&str]) -> Self {
siege-acceptance / siege-linux	UNKNOWN STEP	2026-10-04T11:25:43.6297856Z     |        ^^^^^^^^^^^^^^^^^^
siege-acceptance / siege-linux	UNKNOWN STEP	2026-10-04T11:25:43.6298211Z     |
siege-acceptance / siege-linux	UNKNOWN STEP	2026-10-04T11:25:43.6298509Z     = note: `#[warn(dead_code)]` on by default
siege-acceptance / siege-linux	UNKNOWN STEP	2026-10-04T11:25:43.6298771Z 
siege-acceptance / siege-linux	UNKNOWN STEP	2026-10-04T11:25:43.6298983Z warning: variant `AccountsWithHeroes` is never constructed
siege-acceptance / siege-linux	UNKNOWN STEP	2026-10-04T11:25:43.6299400Z    --> apps/simulation/src/config.rs:488:5
siege-acceptance / siege-linux	UNKNOWN STEP	2026-10-04T11:25:43.6299715Z     |
siege-acceptance / siege-linux	UNKNOWN STEP	2026-10-04T11:25:43.6299963Z 485 | enum AccountStoreMutationScope<'a> {
siege-acceptance / siege-linux	UNKNOWN STEP	2026-10-04T11:25:43.6300631Z     |      ------------------------- variant in this enum
siege-acceptance / siege-linux	UNKNOWN STEP	2026-10-04T11:25:43.6301045Z ...
siege-acceptance / siege-linux	UNKNOWN STEP	2026-10-04T11:25:43.6301681Z 488 |     AccountsWithHeroes { account_ids: &'a [String], hero_ids: &'a [i32], allocate: bool },
siege-acceptance / siege-linux	UNKNOWN STEP	2026-10-04T11:25:43.6302493Z     |     ^^^^^^^^^^^^^^^^^^
siege-acceptance / siege-linux	UNKNOWN STEP	2026-10-04T11:25:43.6302895Z     |
siege-acceptance / siege-linux	UNKNOWN STEP	2026-10-04T11:25:43.6303942Z     = note: `AccountStoreMutationScope` has derived impls for the traits `Clone` and `Debug`, but these are intentionally ignored during dead code analysis
siege-acceptance / siege-linux	UNKNOWN STEP	2026-10-04T11:25:43.6304992Z 
siege-acceptance / siege-linux	UNKNOWN STEP	2026-10-04T11:25:43.6305235Z warning: field `admitted_minutes` is never read
siege-acceptance / siege-linux	UNKNOWN STEP	2026-10-04T11:25:43.6305979Z   --> apps/simulation/src/config_guild_clock_transactions.rs:13:9
siege-acceptance / siege-linux	UNKNOWN STEP	2026-10-04T11:25:43.6306623Z    |
siege-acceptance / siege-linux	UNKNOWN STEP	2026-10-04T11:25:43.6307070Z 6  | pub(in crate::config) struct GuildClockCommitReceipt {
siege-acceptance / siege-linux	UNKNOWN STEP	2026-10-04T11:25:43.6307702Z    |                              ----------------------- field in this struct
siege-acceptance / siege-linux	UNKNOWN STEP	2026-10-04T11:25:43.6308220Z ...
siege-acceptance / siege-linux	UNKNOWN STEP	2026-10-04T11:25:43.6308528Z 13 |     pub admitted_minutes: u64,
siege-acceptance / siege-linux	UNKNOWN STEP	2026-10-04T11:25:43.6308939Z    |         ^^^^^^^^^^^^^^^^
siege-acceptance / siege-linux	UNKNOWN STEP	2026-10-04T11:25:43.6309299Z    |
siege-acceptance / siege-linux	UNKNOWN STEP	2026-10-04T11:25:43.6310152Z    = note: `GuildClockCommitReceipt` has derived impls for the traits `Clone` and `Debug`, but these are intentionally ignored during dead code analysis
siege-acceptance / siege-linux	UNKNOWN STEP	2026-10-04T11:25:43.6311226Z 
siege-acceptance / siege-linux	UNKNOWN STEP	2026-10-04T11:25:43.6311451Z warning: function `commit_postgres_tick` is never used
siege-acceptance / siege-linux	UNKNOWN STEP	2026-10-04T11:25:43.6312107Z   --> apps/simulation/src/config_guild_clock_transactions.rs:17:26
siege-acceptance / siege-linux	UNKNOWN STEP	2026-10-04T11:25:43.6312655Z    |
siege-acceptance / siege-linux	UNKNOWN STEP	2026-10-04T11:25:43.6313018Z 17 | pub(in crate::config) fn commit_postgres_tick(
siege-acceptance / siege-linux	UNKNOWN STEP	2026-10-04T11:25:43.6313521Z    |                          ^^^^^^^^^^^^^^^^^^^^
siege-acceptance / siege-linux	UNKNOWN STEP	2026-10-04T11:25:43.6313822Z 
siege-acceptance / siege-linux	UNKNOWN STEP	2026-10-04T11:25:43.6314061Z warning: function `commit_postgres_tick_checked` is never used
siege-acceptance / siege-linux	UNKNOWN STEP	2026-10-04T11:25:43.6314748Z   --> apps/simulation/src/config_guild_clock_transactions.rs:24:26
siege-acceptance / siege-linux	UNKNOWN STEP	2026-10-04T11:25:43.6315076Z    |
siege-acceptance / siege-linux	UNKNOWN STEP	2026-10-04T11:25:43.6315316Z 24 | pub(in crate::config) fn commit_postgres_tick_checked(
siege-acceptance / siege-linux	UNKNOWN STEP	2026-10-04T11:25:43.6315644Z    |                          ^^^^^^^^^^^^^^^^^^^^^^^^^^^^
siege-acceptance / siege-linux	UNKNOWN STEP	2026-10-04T11:25:43.6315837Z 
siege-acceptance / siege-linux	UNKNOWN STEP	2026-10-04T11:25:43.6315954Z warning: method `item_identity_path` is never used
siege-acceptance / siege-linux	UNKNOWN STEP	2026-10-04T11:25:43.6316297Z    --> apps/simulation/src/config_file_authority.rs:102:19
siege-acceptance / siege-linux	UNKNOWN STEP	2026-10-04T11:25:43.6316585Z     |
siege-acceptance / siege-linux	UNKNOWN STEP	2026-10-04T11:25:43.6316778Z 99  | impl FileAuthority {
siege-acceptance / siege-linux	UNKNOWN STEP	2026-10-04T11:25:43.6317031Z     | ------------------ method in this implementation
siege-acceptance / siege-linux	UNKNOWN STEP	2026-10-04T11:25:43.6317301Z ...
siege-acceptance / siege-linux	UNKNOWN STEP	2026-10-04T11:25:43.6317792Z 102 |     pub(super) fn item_identity_path(&self, config: &SimulationConfig) -> Result<PathBuf, String> {
siege-acceptance / siege-linux	UNKNOWN STEP	2026-10-04T11:25:43.6318249Z     |                   ^^^^^^^^^^^^^^^^^^
siege-acceptance / siege-linux	UNKNOWN STEP	2026-10-04T11:25:43.6318424Z 
siege-acceptance / siege-linux	UNKNOWN STEP	2026-10-04T11:25:43.6318584Z warning: method `refresh_shared_hero_authority` is never used
siege-acceptance / siege-linux	UNKNOWN STEP	2026-10-04T11:25:43.6318956Z  --> apps/simulation/src/config_hero_authority.rs:8:19
siege-acceptance / siege-linux	UNKNOWN STEP	2026-10-04T11:25:43.6319237Z   |
siege-acceptance / siege-linux	UNKNOWN STEP	2026-10-04T11:25:43.6319420Z 7 | impl SimulationConfig {
siege-acceptance / siege-linux	UNKNOWN STEP	2026-10-04T11:25:43.6319691Z   | --------------------- method in this implementation
siege-acceptance / siege-linux	UNKNOWN STEP	2026-10-04T11:25:43.6320085Z 8 |     pub(crate) fn refresh_shared_hero_authority(&self)->Result<(),String>{
siege-acceptance / siege-linux	UNKNOWN STEP	2026-10-04T11:25:43.6320847Z   |                   ^^^^^^^^^^^^^^^^^^^^^^^^^^^^^
siege-acceptance / siege-linux	UNKNOWN STEP	2026-10-04T11:25:43.6321176Z 
siege-acceptance / siege-linux	UNKNOWN STEP	2026-10-04T11:25:43.6321464Z warning: method `shared_guild_authority_snapshot` is never used
siege-acceptance / siege-linux	UNKNOWN STEP	2026-10-04T11:25:43.6322181Z    --> apps/simulation/src/config_shared_guilds.rs:845:19
siege-acceptance / siege-linux	UNKNOWN STEP	2026-10-04T11:25:43.6322686Z     |
siege-acceptance / siege-linux	UNKNOWN STEP	2026-10-04T11:25:43.6323004Z 844 | impl SimulationConfig {
siege-acceptance / siege-linux	UNKNOWN STEP	2026-10-04T11:25:43.6323474Z     | --------------------- method in this implementation
siege-acceptance / siege-linux	UNKNOWN STEP	2026-10-04T11:25:43.6324049Z 845 |     pub(crate) fn shared_guild_authority_snapshot(
siege-acceptance / siege-linux	UNKNOWN STEP	2026-10-04T11:25:43.6324577Z     |                   ^^^^^^^^^^^^^^^^^^^^^^^^^^^^^^^
siege-acceptance / siege-linux	UNKNOWN STEP	2026-10-04T11:25:43.6324892Z 
siege-acceptance / siege-linux	UNKNOWN STEP	2026-10-04T11:25:43.6325094Z warning: variant `MacAgility` is never constructed
siege-acceptance / siege-linux	UNKNOWN STEP	2026-10-04T11:25:43.6325545Z    --> apps/simulation/src/runtime/combat.rs:785:5
siege-acceptance / siege-linux	UNKNOWN STEP	2026-10-04T11:25:43.6325925Z     |
siege-acceptance / siege-linux	UNKNOWN STEP	2026-10-04T11:25:43.6326310Z 778 | pub(super) enum CrystalDefence {
siege-acceptance / siege-linux	UNKNOWN STEP	2026-10-04T11:25:43.6326796Z     |                 -------------- variant in this enum
siege-acceptance / siege-linux	UNKNOWN STEP	2026-10-04T11:25:43.6327280Z ...
siege-acceptance / siege-linux	UNKNOWN STEP	2026-10-04T11:25:43.6327578Z 785 |     MacAgility,
siege-acceptance / siege-linux	UNKNOWN STEP	2026-10-04T11:25:43.6327801Z     |     ^^^^^^^^^^
siege-acceptance / siege-linux	UNKNOWN STEP	2026-10-04T11:25:43.6327990Z     |
siege-acceptance / siege-linux	UNKNOWN STEP	2026-10-04T11:25:43.6328489Z     = note: `CrystalDefence` has derived impls for the traits `Debug` and `Clone`, but these are intentionally ignored during dead code analysis
siege-acceptance / siege-linux	UNKNOWN STEP	2026-10-04T11:25:43.6328996Z 
siege-acceptance / siege-linux	UNKNOWN STEP	2026-10-04T11:25:43.6329148Z warning: constant `CRYSTAL_BAG_WEIGHT_LIMIT` is never used
siege-acceptance / siege-linux	UNKNOWN STEP	2026-10-04T11:25:43.6329499Z   --> apps/simulation/src/runtime/drops.rs:70:18
siege-acceptance / siege-linux	UNKNOWN STEP	2026-10-04T11:25:43.6329769Z    |
siege-acceptance / siege-linux	UNKNOWN STEP	2026-10-04T11:25:43.6330002Z 70 | pub(super) const CRYSTAL_BAG_WEIGHT_LIMIT: u32 = 100;
siege-acceptance / siege-linux	UNKNOWN STEP	2026-10-04T11:25:43.6330519Z    |                  ^^^^^^^^^^^^^^^^^^^^^^^^
siege-acceptance / siege-linux	UNKNOWN STEP	2026-10-04T11:25:43.6330705Z 
siege-acceptance / siege-linux	UNKNOWN STEP	2026-10-04T11:25:43.6330898Z warning: function `resolved_monster_drop_templates_at_tick` is never used
siege-acceptance / siege-linux	UNKNOWN STEP	2026-10-04T11:25:43.6331302Z    --> apps/simulation/src/runtime/drops.rs:464:15
siege-acceptance / siege-linux	UNKNOWN STEP	2026-10-04T11:25:43.6331578Z     |
siege-acceptance / siege-linux	UNKNOWN STEP	2026-10-04T11:25:43.6331820Z 464 | pub(super) fn resolved_monster_drop_templates_at_tick(
siege-acceptance / siege-linux	UNKNOWN STEP	2026-10-04T11:25:43.6332152Z     |               ^^^^^^^^^^^^^^^^^^^^^^^^^^^^^^^^^^^^^^^
siege-acceptance / siege-linux	UNKNOWN STEP	2026-10-04T11:25:43.6332350Z 
siege-acceptance / siege-linux	UNKNOWN STEP	2026-10-04T11:25:43.6332513Z warning: function `crystal_monster_drop_templates` is never used
siege-acceptance / siege-linux	UNKNOWN STEP	2026-10-04T11:25:43.6332882Z    --> apps/simulation/src/runtime/drops.rs:535:15
siege-acceptance / siege-linux	UNKNOWN STEP	2026-10-04T11:25:43.6333159Z     |
siege-acceptance / siege-linux	UNKNOWN STEP	2026-10-04T11:25:43.6333377Z 535 | pub(super) fn crystal_monster_drop_templates(
siege-acceptance / siege-linux	UNKNOWN STEP	2026-10-04T11:25:43.6333669Z     |               ^^^^^^^^^^^^^^^^^^^^^^^^^^^^^^
siege-acceptance / siege-linux	UNKNOWN STEP	2026-10-04T11:25:43.6333842Z 
siege-acceptance / siege-linux	UNKNOWN STEP	2026-10-04T11:25:43.6333994Z warning: function `crystal_resolve_group_drop` is never used
siege-acceptance / siege-linux	UNKNOWN STEP	2026-10-04T11:25:43.6334518Z    --> apps/simulation/src/runtime/drops.rs:610:15
siege-acceptance / siege-linux	UNKNOWN STEP	2026-10-04T11:25:43.6334784Z     |
siege-acceptance / siege-linux	UNKNOWN STEP	2026-10-04T11:25:43.6334988Z 610 | pub(super) fn crystal_resolve_group_drop(
siege-acceptance / siege-linux	UNKNOWN STEP	2026-10-04T11:25:43.6335271Z     |               ^^^^^^^^^^^^^^^^^^^^^^^^^^
siege-acceptance / siege-linux	UNKNOWN STEP	2026-10-04T11:25:43.6335451Z 
siege-acceptance / siege-linux	UNKNOWN STEP	2026-10-04T11:25:43.6335613Z warning: function `crystal_drop_entry_should_drop` is never used
siege-acceptance / siege-linux	UNKNOWN STEP	2026-10-04T11:25:43.6335978Z    --> apps/simulation/src/runtime/drops.rs:665:15
siege-acceptance / siege-linux	UNKNOWN STEP	2026-10-04T11:25:43.6336245Z     |
siege-acceptance / siege-linux	UNKNOWN STEP	2026-10-04T11:25:43.6336456Z 665 | pub(super) fn crystal_drop_entry_should_drop(
siege-acceptance / siege-linux	UNKNOWN STEP	2026-10-04T11:25:43.6336744Z     |               ^^^^^^^^^^^^^^^^^^^^^^^^^^^^^^
siege-acceptance / siege-linux	UNKNOWN STEP	2026-10-04T11:25:43.6336915Z 
siege-acceptance / siege-linux	UNKNOWN STEP	2026-10-04T11:25:43.6337030Z warning: method `socketed_count` is never used
siege-acceptance / siege-linux	UNKNOWN STEP	2026-10-04T11:25:43.6337466Z    --> apps/simulation/src/runtime/equipment.rs:304:19
siege-acceptance / siege-linux	UNKNOWN STEP	2026-10-04T11:25:43.6337759Z     |
siege-acceptance / siege-linux	UNKNOWN STEP	2026-10-04T11:25:43.6337941Z 120 | impl EquipmentState {
siege-acceptance / siege-linux	UNKNOWN STEP	2026-10-04T11:25:43.6338206Z     | ------------------- method in this implementation
siege-acceptance / siege-linux	UNKNOWN STEP	2026-10-04T11:25:43.6338489Z ...
siege-acceptance / siege-linux	UNKNOWN STEP	2026-10-04T11:25:43.6338717Z 304 |     pub(super) fn socketed_count(&self) -> usize {
siege-acceptance / siege-linux	UNKNOWN STEP	2026-10-04T11:25:43.6339012Z     |                   ^^^^^^^^^^^^^^
siege-acceptance / siege-linux	UNKNOWN STEP	2026-10-04T11:25:43.6339172Z 
siege-acceptance / siege-linux	UNKNOWN STEP	2026-10-04T11:25:43.6339327Z warning: function `equipment_state_identified` is never used
siege-acceptance / siege-linux	UNKNOWN STEP	2026-10-04T11:25:43.6339693Z    --> apps/simulation/src/runtime/equipment.rs:309:15
siege-acceptance / siege-linux	UNKNOWN STEP	2026-10-04T11:25:43.6339979Z     |
siege-acceptance / siege-linux	UNKNOWN STEP	2026-10-04T11:25:43.6340601Z 309 | pub(super) fn equipment_state_identified(item: &EquipmentState) -> bool {
siege-acceptance / siege-linux	UNKNOWN STEP	2026-10-04T11:25:43.6341010Z     |               ^^^^^^^^^^^^^^^^^^^^^^^^^^
siege-acceptance / siege-linux	UNKNOWN STEP	2026-10-04T11:25:43.6341193Z 
siege-acceptance / siege-linux	UNKNOWN STEP	2026-10-04T11:25:43.6341355Z warning: function `equipment_state_soul_bound_id` is never used
siege-acceptance / siege-linux	UNKNOWN STEP	2026-10-04T11:25:43.6341739Z    --> apps/simulation/src/runtime/equipment.rs:314:15
siege-acceptance / siege-linux	UNKNOWN STEP	2026-10-04T11:25:43.6342026Z     |
siege-acceptance / siege-linux	UNKNOWN STEP	2026-10-04T11:25:43.6342329Z 314 | pub(super) fn equipment_state_soul_bound_id(item: &EquipmentState) -> i32 {
siege-acceptance / siege-linux	UNKNOWN STEP	2026-10-04T11:25:43.6342716Z     |               ^^^^^^^^^^^^^^^^^^^^^^^^^^^^^
siege-acceptance / siege-linux	UNKNOWN STEP	2026-10-04T11:25:43.6342895Z 
siege-acceptance / siege-linux	UNKNOWN STEP	2026-10-04T11:25:43.6343061Z warning: function `hero_inventory_equipment_slot` is never used
siege-acceptance / siege-linux	UNKNOWN STEP	2026-10-04T11:25:43.6343426Z    --> apps/simulation/src/runtime/hero_ai.rs:180:4
siege-acceptance / siege-linux	UNKNOWN STEP	2026-10-04T11:25:43.6343701Z     |
siege-acceptance / siege-linux	UNKNOWN STEP	2026-10-04T11:25:43.6344006Z 180 | fn hero_inventory_equipment_slot(item: &ItemState) -> Option<EquipmentSlot> {
siege-acceptance / siege-linux	UNKNOWN STEP	2026-10-04T11:25:43.6344399Z     |    ^^^^^^^^^^^^^^^^^^^^^^^^^^^^^
siege-acceptance / siege-linux	UNKNOWN STEP	2026-10-04T11:25:43.6344564Z 
siege-acceptance / siege-linux	UNKNOWN STEP	2026-10-04T11:25:43.6344719Z warning: function `hero_inventory_item_is_broken` is never used
siege-acceptance / siege-linux	UNKNOWN STEP	2026-10-04T11:25:43.6345084Z    --> apps/simulation/src/runtime/hero_ai.rs:185:4
siege-acceptance / siege-linux	UNKNOWN STEP	2026-10-04T11:25:43.6345350Z     |
siege-acceptance / siege-linux	UNKNOWN STEP	2026-10-04T11:25:43.6345600Z 185 | fn hero_inventory_item_is_broken(item: &ItemState) -> bool {
siege-acceptance / siege-linux	UNKNOWN STEP	2026-10-04T11:25:43.6345931Z     |    ^^^^^^^^^^^^^^^^^^^^^^^^^^^^^
siege-acceptance / siege-linux	UNKNOWN STEP	2026-10-04T11:25:43.6346088Z 
siege-acceptance / siege-linux	UNKNOWN STEP	2026-10-04T11:25:43.6346274Z warning: function `hero_inventory_item_modeled_base_stat` is never used
siege-acceptance / siege-linux	UNKNOWN STEP	2026-10-04T11:25:43.6346670Z    --> apps/simulation/src/runtime/hero_ai.rs:189:4
siege-acceptance / siege-linux	UNKNOWN STEP	2026-10-04T11:25:43.6346938Z     |
siege-acceptance / siege-linux	UNKNOWN STEP	2026-10-04T11:25:43.6347232Z 189 | fn hero_inventory_item_modeled_base_stat(item: &ItemState, stat: u8) -> i32 {
siege-acceptance / siege-linux	UNKNOWN STEP	2026-10-04T11:25:43.6347623Z     |    ^^^^^^^^^^^^^^^^^^^^^^^^^^^^^^^^^^^^^
siege-acceptance / siege-linux	UNKNOWN STEP	2026-10-04T11:25:43.6347801Z 
siege-acceptance / siege-linux	UNKNOWN STEP	2026-10-04T11:25:43.6347975Z warning: function `hero_inventory_item_crystal_stat` is never used
siege-acceptance / siege-linux	UNKNOWN STEP	2026-10-04T11:25:43.6348348Z    --> apps/simulation/src/runtime/hero_ai.rs:197:4
siege-acceptance / siege-linux	UNKNOWN STEP	2026-10-04T11:25:43.6348633Z     |
siege-acceptance / siege-linux	UNKNOWN STEP	2026-10-04T11:25:43.6348935Z 197 | fn hero_inventory_item_crystal_stat(item: &ItemState, stat: u8) -> i32 {
siege-acceptance / siege-linux	UNKNOWN STEP	2026-10-04T11:25:43.6349316Z     |    ^^^^^^^^^^^^^^^^^^^^^^^^^^^^^^^^
siege-acceptance / siege-linux	UNKNOWN STEP	2026-10-04T11:25:43.6349486Z 
siege-acceptance / siege-linux	UNKNOWN STEP	2026-10-04T11:25:43.6349658Z warning: function `hero_inventory_crystal_stat_total` is never used
siege-acceptance / siege-linux	UNKNOWN STEP	2026-10-04T11:25:43.6350045Z    --> apps/simulation/src/runtime/hero_ai.rs:214:15
siege-acceptance / siege-linux	UNKNOWN STEP	2026-10-04T11:25:43.6350447Z     |
siege-acceptance / siege-linux	UNKNOWN STEP	2026-10-04T11:25:43.6350761Z 214 | pub(super) fn hero_inventory_crystal_stat_total(world: &World, stat: u8) -> i32 {
siege-acceptance / siege-linux	UNKNOWN STEP	2026-10-04T11:25:43.6351338Z     |               ^^^^^^^^^^^^^^^^^^^^^^^^^^^^^^^^^
siege-acceptance / siege-linux	UNKNOWN STEP	2026-10-04T11:25:43.6351520Z 
siege-acceptance / siege-linux	UNKNOWN STEP	2026-10-04T11:25:43.6351632Z warning: enum `CarrierOrigin` is never used
siege-acceptance / siege-linux	UNKNOWN STEP	2026-10-04T11:25:43.6351983Z  --> apps/simulation/src/runtime/hero_registry_carriers.rs:8:17
siege-acceptance / siege-linux	UNKNOWN STEP	2026-10-04T11:25:43.6352300Z   |
siege-acceptance / siege-linux	UNKNOWN STEP	2026-10-04T11:25:43.6352531Z 8 | pub(super) enum CarrierOrigin { External, Hero(i32) }
siege-acceptance / siege-linux	UNKNOWN STEP	2026-10-04T11:25:43.6352837Z   |                 ^^^^^^^^^^^^^
siege-acceptance / siege-linux	UNKNOWN STEP	2026-10-04T11:25:43.6352989Z 
siege-acceptance / siege-linux	UNKNOWN STEP	2026-10-04T11:25:43.6353133Z warning: struct `HeroCarrierCensus` is never constructed
siege-acceptance / siege-linux	UNKNOWN STEP	2026-10-04T11:25:43.6353517Z   --> apps/simulation/src/runtime/hero_registry_carriers.rs:10:19
siege-acceptance / siege-linux	UNKNOWN STEP	2026-10-04T11:25:43.6353837Z    |
siege-acceptance / siege-linux	UNKNOWN STEP	2026-10-04T11:25:43.6354084Z 10 | pub(super) struct HeroCarrierCensus {
siege-acceptance / siege-linux	UNKNOWN STEP	2026-10-04T11:25:43.6354472Z    |                   ^^^^^^^^^^^^^^^^^
siege-acceptance / siege-linux	UNKNOWN STEP	2026-10-04T11:25:43.6354640Z 
siege-acceptance / siege-linux	UNKNOWN STEP	2026-10-04T11:25:43.6354877Z warning: methods `node`, `record`, `record_unresolved_legacy`, and `validate` are never used
siege-acceptance / siege-linux	UNKNOWN STEP	2026-10-04T11:25:43.6355376Z   --> apps/simulation/src/runtime/hero_registry_carriers.rs:15:8
siege-acceptance / siege-linux	UNKNOWN STEP	2026-10-04T11:25:43.6355691Z    |
siege-acceptance / siege-linux	UNKNOWN STEP	2026-10-04T11:25:43.6355878Z 14 | impl HeroCarrierCensus {
siege-acceptance / siege-linux	UNKNOWN STEP	2026-10-04T11:25:43.6356156Z    | ---------------------- methods in this implementation
siege-acceptance / siege-linux	UNKNOWN STEP	2026-10-04T11:25:43.6356563Z 15 |     fn node(&mut self,item:&UserItem,origin:CarrierOrigin)->Result<(),String>{
siege-acceptance / siege-linux	UNKNOWN STEP	2026-10-04T11:25:43.6356926Z    |        ^^^^
siege-acceptance / siege-linux	UNKNOWN STEP	2026-10-04T11:25:43.6357109Z ...
siege-acceptance / siege-linux	UNKNOWN STEP	2026-10-04T11:25:43.6357413Z 27 |     pub fn record(&mut self,item:&UserItem,origin:CarrierOrigin)->Result<(),String>{
siege-acceptance / siege-linux	UNKNOWN STEP	2026-10-04T11:25:43.6357799Z    |            ^^^^^^
siege-acceptance / siege-linux	UNKNOWN STEP	2026-10-04T11:25:43.6358003Z ...
siege-acceptance / siege-linux	UNKNOWN STEP	2026-10-04T11:25:43.6358359Z 42 |     pub fn record_unresolved_legacy(&mut self,root:&super::items::ItemState)->Result<(),String>{
siege-acceptance / siege-linux	UNKNOWN STEP	2026-10-04T11:25:43.6358814Z    |            ^^^^^^^^^^^^^^^^^^^^^^^^
siege-acceptance / siege-linux	UNKNOWN STEP	2026-10-04T11:25:43.6359051Z ...
siege-acceptance / siege-linux	UNKNOWN STEP	2026-10-04T11:25:43.6359460Z 70 |     pub fn validate(&self,heroes:&BTreeMap<i32,SharedHeroRecord>,owned_ids:&BTreeSet<u64>)->Result<(),String>{
siege-acceptance / siege-linux	UNKNOWN STEP	2026-10-04T11:25:43.6359951Z    |            ^^^^^^^^
siege-acceptance / siege-linux	UNKNOWN STEP	2026-10-04T11:25:43.6360089Z 
siege-acceptance / siege-linux	UNKNOWN STEP	2026-10-04T11:25:43.6360309Z warning: function `decode` is never used
siege-acceptance / siege-linux	UNKNOWN STEP	2026-10-04T11:25:43.6360637Z  --> apps/simulation/src/runtime/hero_registry_scan.rs:8:4
siege-acceptance / siege-linux	UNKNOWN STEP	2026-10-04T11:25:43.6360934Z   |
siege-acceptance / siege-linux	UNKNOWN STEP	2026-10-04T11:25:43.6361434Z 8 | fn decode<T:DeserializeOwned>(value:&str)->Result<T,String>{serde_json::from_str(value).map_err(|error|format!("invalid Hero custody carr...
siege-acceptance / siege-linux	UNKNOWN STEP	2026-10-04T11:25:43.6362070Z   |    ^^^^^^
siege-acceptance / siege-linux	UNKNOWN STEP	2026-10-04T11:25:43.6362185Z 
siege-acceptance / siege-linux	UNKNOWN STEP	2026-10-04T11:25:43.6362286Z warning: function `add_wire` is never used
siege-acceptance / siege-linux	UNKNOWN STEP	2026-10-04T11:25:43.6362615Z  --> apps/simulation/src/runtime/hero_registry_scan.rs:9:4
siege-acceptance / siege-linux	UNKNOWN STEP	2026-10-04T11:25:43.6362911Z   |
siege-acceptance / siege-linux	UNKNOWN STEP	2026-10-04T11:25:43.6363360Z 9 | fn add_wire(census:&mut HeroCarrierCensus,item:&UserItem,origin:CarrierOrigin,forbidden_bind:u16)->Result<(),String>{
siege-acceptance / siege-linux	UNKNOWN STEP	2026-10-04T11:25:43.6363882Z   |    ^^^^^^^^
siege-acceptance / siege-linux	UNKNOWN STEP	2026-10-04T11:25:43.6363990Z 
siege-acceptance / siege-linux	UNKNOWN STEP	2026-10-04T11:25:43.6364098Z warning: function `add_items` is never used
siege-acceptance / siege-linux	UNKNOWN STEP	2026-10-04T11:25:43.6364436Z   --> apps/simulation/src/runtime/hero_registry_scan.rs:21:4
siege-acceptance / siege-linux	UNKNOWN STEP	2026-10-04T11:25:43.6364737Z    |
siege-acceptance / siege-linux	UNKNOWN STEP	2026-10-04T11:25:43.6365174Z 21 | fn add_items(census:&mut HeroCarrierCensus,encoded:&[String],origin:CarrierOrigin,forbidden:u16)->Result<(),String>{
siege-acceptance / siege-linux	UNKNOWN STEP	2026-10-04T11:25:43.6365684Z    |    ^^^^^^^^^
siege-acceptance / siege-linux	UNKNOWN STEP	2026-10-04T11:25:43.6365800Z 
siege-acceptance / siege-linux	UNKNOWN STEP	2026-10-04T11:25:43.6365911Z warning: function `add_character` is never used
siege-acceptance / siege-linux	UNKNOWN STEP	2026-10-04T11:25:43.6366261Z   --> apps/simulation/src/runtime/hero_registry_scan.rs:32:4
siege-acceptance / siege-linux	UNKNOWN STEP	2026-10-04T11:25:43.6366564Z    |
siege-acceptance / siege-linux	UNKNOWN STEP	2026-10-04T11:25:43.6366974Z 32 | fn add_character(census:&mut HeroCarrierCensus,save:&CharacterSaveRecord,mirrored:bool)->Result<(),String>{
siege-acceptance / siege-linux	UNKNOWN STEP	2026-10-04T11:25:43.6367459Z    |    ^^^^^^^^^^^^^
siege-acceptance / siege-linux	UNKNOWN STEP	2026-10-04T11:25:43.6367577Z 
siege-acceptance / siege-linux	UNKNOWN STEP	2026-10-04T11:25:43.6367769Z warning: function `validate_shared_hero_physical_custody` is never used
siege-acceptance / siege-linux	UNKNOWN STEP	2026-10-04T11:25:43.6368194Z   --> apps/simulation/src/runtime/hero_registry_scan.rs:86:15
siege-acceptance / siege-linux	UNKNOWN STEP	2026-10-04T11:25:43.6368641Z    |
siege-acceptance / siege-linux	UNKNOWN STEP	2026-10-04T11:25:43.6368986Z 86 | pub(crate) fn validate_shared_hero_physical_custody(store:&AccountStore)->Result<(),String>{
siege-acceptance / siege-linux	UNKNOWN STEP	2026-10-04T11:25:43.6369431Z    |               ^^^^^^^^^^^^^^^^^^^^^^^^^^^^^^^^^^^^^
siege-acceptance / siege-linux	UNKNOWN STEP	2026-10-04T11:25:43.6369621Z 
siege-acceptance / siege-linux	UNKNOWN STEP	2026-10-04T11:25:43.6369777Z warning: function `hero_inventory_item_is_broken` is never used
siege-acceptance / siege-linux	UNKNOWN STEP	2026-10-04T11:25:43.6370147Z     --> apps/simulation/src/runtime/items.rs:3456:4
siege-acceptance / siege-linux	UNKNOWN STEP	2026-10-04T11:25:43.6370541Z      |
siege-acceptance / siege-linux	UNKNOWN STEP	2026-10-04T11:25:43.6370805Z 3456 | fn hero_inventory_item_is_broken(item: &ItemState) -> bool {
siege-acceptance / siege-linux	UNKNOWN STEP	2026-10-04T11:25:43.6371137Z      |    ^^^^^^^^^^^^^^^^^^^^^^^^^^^^^
siege-acceptance / siege-linux	UNKNOWN STEP	2026-10-04T11:25:43.6371297Z 
siege-acceptance / siege-linux	UNKNOWN STEP	2026-10-04T11:25:43.6371465Z warning: function `hero_inventory_requirement_stat` is never used
siege-acceptance / siege-linux	UNKNOWN STEP	2026-10-04T11:25:43.6372004Z     --> apps/simulation/src/runtime/items.rs:3460:4
siege-acceptance / siege-linux	UNKNOWN STEP	2026-10-04T11:25:43.6372281Z      |
siege-acceptance / siege-linux	UNKNOWN STEP	2026-10-04T11:25:43.6372576Z 3460 | fn hero_inventory_requirement_stat(item: &ItemState, stat: u8) -> i32 {
siege-acceptance / siege-linux	UNKNOWN STEP	2026-10-04T11:25:43.6372951Z      |    ^^^^^^^^^^^^^^^^^^^^^^^^^^^^^^^
siege-acceptance / siege-linux	UNKNOWN STEP	2026-10-04T11:25:43.6373128Z 
siege-acceptance / siege-linux	UNKNOWN STEP	2026-10-04T11:25:43.6373266Z warning: function `repair_conquest_asset` is never used
siege-acceptance / siege-linux	UNKNOWN STEP	2026-10-04T11:25:43.6373614Z     --> apps/simulation/src/runtime/monsters.rs:1879:15
siege-acceptance / siege-linux	UNKNOWN STEP	2026-10-04T11:25:43.6373894Z      |
siege-acceptance / siege-linux	UNKNOWN STEP	2026-10-04T11:25:43.6374228Z 1879 | pub(super) fn repair_conquest_asset(world: &mut World, ai: u8, asset_id: u8) -> bool {
siege-acceptance / siege-linux	UNKNOWN STEP	2026-10-04T11:25:43.6374644Z      |               ^^^^^^^^^^^^^^^^^^^^^
siege-acceptance / siege-linux	UNKNOWN STEP	2026-10-04T11:25:43.6374814Z 
siege-acceptance / siege-linux	UNKNOWN STEP	2026-10-04T11:25:43.6375010Z warning: function `crystal_npc_visible_to_character` is never used
siege-acceptance / siege-linux	UNKNOWN STEP	2026-10-04T11:25:43.6375393Z    --> apps/simulation/src/runtime/npc.rs:246:15
siege-acceptance / siege-linux	UNKNOWN STEP	2026-10-04T11:25:43.6375665Z     |
siege-acceptance / siege-linux	UNKNOWN STEP	2026-10-04T11:25:43.6375892Z 246 | pub(super) fn crystal_npc_visible_to_character(
siege-acceptance / siege-linux	UNKNOWN STEP	2026-10-04T11:25:43.6376203Z     |               ^^^^^^^^^^^^^^^^^^^^^^^^^^^^^^^^
siege-acceptance / siege-linux	UNKNOWN STEP	2026-10-04T11:25:43.6376382Z 
siege-acceptance / siege-linux	UNKNOWN STEP	2026-10-04T11:25:43.6376501Z warning: function `complete_quest` is never used
siege-acceptance / siege-linux	UNKNOWN STEP	2026-10-04T11:25:43.6376820Z     --> apps/simulation/src/runtime/quests.rs:1094:15
siege-acceptance / siege-linux	UNKNOWN STEP	2026-10-04T11:25:43.6377099Z      |
siege-acceptance / siege-linux	UNKNOWN STEP	2026-10-04T11:25:43.6377363Z 1094 | pub(super) fn complete_quest(world: &mut World, quest_id: i32) {
siege-acceptance / siege-linux	UNKNOWN STEP	2026-10-04T11:25:43.6377708Z      |               ^^^^^^^^^^^^^^
siege-acceptance / siege-linux	UNKNOWN STEP	2026-10-04T11:25:43.6377865Z 
siege-acceptance / siege-linux	UNKNOWN STEP	2026-10-04T11:25:43.6378018Z warning: function `quest_info_by_id_unchecked` is never used
siege-acceptance / siege-linux	UNKNOWN STEP	2026-10-04T11:25:43.6378384Z    --> apps/simulation/src/runtime/newcomer_v2.rs:231:27
siege-acceptance / siege-linux	UNKNOWN STEP	2026-10-04T11:25:43.6378675Z     |
siege-acceptance / siege-linux	UNKNOWN STEP	2026-10-04T11:25:43.6379038Z 231 | pub(in crate::runtime) fn quest_info_by_id_unchecked(quest_id: i32) -> Option<ClientQuestInfo> {
siege-acceptance / siege-linux	UNKNOWN STEP	2026-10-04T11:25:43.6379496Z     |                           ^^^^^^^^^^^^^^^^^^^^^^^^^^
siege-acceptance / siege-linux	UNKNOWN STEP	2026-10-04T11:25:43.6379689Z 
siege-acceptance / siege-linux	UNKNOWN STEP	2026-10-04T11:25:43.6379835Z warning: function `default_save_for_character` is never used
siege-acceptance / siege-linux	UNKNOWN STEP	2026-10-04T11:25:43.6380185Z   --> apps/simulation/src/runtime/save.rs:76:15
siege-acceptance / siege-linux	UNKNOWN STEP	2026-10-04T11:25:43.6380683Z    |
siege-acceptance / siege-linux	UNKNOWN STEP	2026-10-04T11:25:43.6380892Z 76 | pub(super) fn default_save_for_character(
siege-acceptance / siege-linux	UNKNOWN STEP	2026-10-04T11:25:43.6381182Z    |               ^^^^^^^^^^^^^^^^^^^^^^^^^^
siege-acceptance / siege-linux	UNKNOWN STEP	2026-10-04T11:25:43.6381353Z 
siege-acceptance / siege-linux	UNKNOWN STEP	2026-10-04T11:25:43.6381496Z warning: function `persist_character_save` is never used
siege-acceptance / siege-linux	UNKNOWN STEP	2026-10-04T11:25:43.6381833Z    --> apps/simulation/src/runtime/save.rs:926:15
siege-acceptance / siege-linux	UNKNOWN STEP	2026-10-04T11:25:43.6382103Z     |
siege-acceptance / siege-linux	UNKNOWN STEP	2026-10-04T11:25:43.6382302Z 926 | pub(super) fn persist_character_save(
siege-acceptance / siege-linux	UNKNOWN STEP	2026-10-04T11:25:43.6382571Z     |               ^^^^^^^^^^^^^^^^^^^^^^
siege-acceptance / siege-linux	UNKNOWN STEP	2026-10-04T11:25:43.6382740Z 
siege-acceptance / siege-linux	UNKNOWN STEP	2026-10-04T11:25:43.6382858Z warning: function `bank_mentor_gain` is never used
siege-acceptance / siege-linux	UNKNOWN STEP	2026-10-04T11:25:43.6383230Z    --> apps/simulation/src/runtime/shared_relationships.rs:321:15
siege-acceptance / siege-linux	UNKNOWN STEP	2026-10-04T11:25:43.6383548Z     |
siege-acceptance / siege-linux	UNKNOWN STEP	2026-10-04T11:25:43.6383740Z 321 | pub(super) fn bank_mentor_gain(
siege-acceptance / siege-linux	UNKNOWN STEP	2026-10-04T11:25:43.6383988Z     |               ^^^^^^^^^^^^^^^^
siege-acceptance / siege-linux	UNKNOWN STEP	2026-10-04T11:25:43.6384141Z 
siege-acceptance / siege-linux	UNKNOWN STEP	2026-10-04T11:25:43.6384278Z warning: method `game_shop_buy_product` is never used
siege-acceptance / siege-linux	UNKNOWN STEP	2026-10-04T11:25:43.6384612Z     --> apps/simulation/src/runtime/stage5.rs:4304:8
siege-acceptance / siege-linux	UNKNOWN STEP	2026-10-04T11:25:43.6384887Z      |
siege-acceptance / siege-linux	UNKNOWN STEP	2026-10-04T11:25:43.6385218Z 3234 | impl SimulationSession {
siege-acceptance / siege-linux	UNKNOWN STEP	2026-10-04T11:25:43.6385501Z      | ---------------------- method in this implementation
siege-acceptance / siege-linux	UNKNOWN STEP	2026-10-04T11:25:43.6385789Z ...
siege-acceptance / siege-linux	UNKNOWN STEP	2026-10-04T11:25:43.6385970Z 4304 |     fn game_shop_buy_product(
siege-acceptance / siege-linux	UNKNOWN STEP	2026-10-04T11:25:43.6386214Z      |        ^^^^^^^^^^^^^^^^^^^^^
siege-acceptance / siege-linux	UNKNOWN STEP	2026-10-04T11:25:43.6386371Z 
siege-acceptance / siege-linux	UNKNOWN STEP	2026-10-04T11:25:43.6386469Z warning: method `select` is never used
siege-acceptance / siege-linux	UNKNOWN STEP	2026-10-04T11:25:43.6386782Z   --> apps/simulation/src/runtime/zone/experience.rs:41:19
siege-acceptance / siege-linux	UNKNOWN STEP	2026-10-04T11:25:43.6387079Z    |
siege-acceptance / siege-linux	UNKNOWN STEP	2026-10-04T11:25:43.6387277Z 40 | impl ZoneExperienceProfile {
siege-acceptance / siege-linux	UNKNOWN STEP	2026-10-04T11:25:43.6387570Z    | -------------------------- method in this implementation
siege-acceptance / siege-linux	UNKNOWN STEP	2026-10-04T11:25:43.6387873Z 41 |     pub(super) fn select(
siege-acceptance / siege-linux	UNKNOWN STEP	2026-10-04T11:25:43.6388100Z    |                   ^^^^^^
siege-acceptance / siege-linux	UNKNOWN STEP	2026-10-04T11:25:43.6388357Z 
siege-acceptance / siege-linux	UNKNOWN STEP	2026-10-04T11:25:43.6388530Z warning: method `apply_native_monster_direct_damage` is never used
siege-acceptance / siege-linux	UNKNOWN STEP	2026-10-04T11:25:43.6388923Z      --> apps/simulation/src/runtime/zone/runtime.rs:12291:8
siege-acceptance / siege-linux	UNKNOWN STEP	2026-10-04T11:25:43.6389220Z       |
siege-acceptance / siege-linux	UNKNOWN STEP	2026-10-04T11:25:43.6389450Z 573   | impl ZoneRuntime {
siege-acceptance / siege-linux	UNKNOWN STEP	2026-10-04T11:25:43.6389703Z       | ---------------- method in this implementation
siege-acceptance / siege-linux	UNKNOWN STEP	2026-10-04T11:25:43.6389972Z ...
siege-acceptance / siege-linux	UNKNOWN STEP	2026-10-04T11:25:43.6390180Z 12291 |     fn apply_native_monster_direct_damage(
siege-acceptance / siege-linux	UNKNOWN STEP	2026-10-04T11:25:43.6390603Z       |        ^^^^^^^^^^^^^^^^^^^^^^^^^^^^^^^^^^
siege-acceptance / siege-linux	UNKNOWN STEP	2026-10-04T11:25:43.6390790Z 
siege-acceptance / siege-linux	UNKNOWN STEP	2026-10-04T11:25:43.6390902Z warning: function `hell_can_move` is never used
siege-acceptance / siege-linux	UNKNOWN STEP	2026-10-04T11:25:43.6391262Z   --> apps/simulation/src/runtime/zone/runtime/hell_ai.rs:68:15
siege-acceptance / siege-linux	UNKNOWN STEP	2026-10-04T11:25:43.6391578Z    |
siege-acceptance / siege-linux	UNKNOWN STEP	2026-10-04T11:25:43.6391827Z 68 | pub(super) fn hell_can_move(m: &ZoneNativeMonster) -> bool {
siege-acceptance / siege-linux	UNKNOWN STEP	2026-10-04T11:25:43.6392156Z    |               ^^^^^^^^^^^^^
siege-acceptance / siege-linux	UNKNOWN STEP	2026-10-04T11:25:43.6392300Z 
siege-acceptance / siege-linux	UNKNOWN STEP	2026-10-04T11:25:43.6392423Z warning: function `hell_can_regen` is never used
siege-acceptance / siege-linux	UNKNOWN STEP	2026-10-04T11:25:43.6392779Z   --> apps/simulation/src/runtime/zone/runtime/hell_ai.rs:74:15
siege-acceptance / siege-linux	UNKNOWN STEP	2026-10-04T11:25:43.6393088Z    |
siege-acceptance / siege-linux	UNKNOWN STEP	2026-10-04T11:25:43.6393340Z 74 | pub(super) fn hell_can_regen(m: &ZoneNativeMonster) -> bool {
siege-acceptance / siege-linux	UNKNOWN STEP	2026-10-04T11:25:43.6393663Z    |               ^^^^^^^^^^^^^^
siege-acceptance / siege-linux	UNKNOWN STEP	2026-10-04T11:25:43.6393813Z 
siege-acceptance / siege-linux	UNKNOWN STEP	2026-10-04T11:25:43.6393972Z warning: methods `blocking` and `set_replay_seed` are never used
siege-acceptance / siege-linux	UNKNOWN STEP	2026-10-04T11:25:43.6394725Z    --> apps/simulation/src/runtime/zone/intelligent_creatures.rs:183:12
siege-acceptance / siege-linux	UNKNOWN STEP	2026-10-04T11:25:43.6395077Z     |
siege-acceptance / siege-linux	UNKNOWN STEP	2026-10-04T11:25:43.6395271Z 112 | impl ZoneIntelligentCreature {
siege-acceptance / siege-linux	UNKNOWN STEP	2026-10-04T11:25:43.6395589Z     | ---------------------------- methods in this implementation
siege-acceptance / siege-linux	UNKNOWN STEP	2026-10-04T11:25:43.6395882Z ...
siege-acceptance / siege-linux	UNKNOWN STEP	2026-10-04T11:25:43.6396077Z 183 |     pub fn blocking(&self) -> bool {
siege-acceptance / siege-linux	UNKNOWN STEP	2026-10-04T11:25:43.6396338Z     |            ^^^^^^^^
siege-acceptance / siege-linux	UNKNOWN STEP	2026-10-04T11:25:43.6396540Z ...
siege-acceptance / siege-linux	UNKNOWN STEP	2026-10-04T11:25:43.6396763Z 187 |     pub fn set_replay_seed(&mut self, seed: u64) {
siege-acceptance / siege-linux	UNKNOWN STEP	2026-10-04T11:25:43.6397054Z     |            ^^^^^^^^^^^^^^^
siege-acceptance / siege-linux	UNKNOWN STEP	2026-10-04T11:25:43.6397205Z 
siege-acceptance / siege-linux	UNKNOWN STEP	2026-10-04T11:26:09.7208492Z warning: `mir2-simulation` (lib) generated 77 warnings (run `cargo fix --lib -p mir2-simulation` to apply 8 suggestions)
siege-acceptance / siege-linux	UNKNOWN STEP	2026-10-04T11:26:13.4020054Z     Finished `test` profile [unoptimized + debuginfo] target(s) in 45.93s
siege-acceptance / siege-linux	UNKNOWN STEP	2026-10-04T11:26:13.4149479Z      Running tests/shared_conquest.rs (target/debug/deps/shared_conquest-42d72818ca47f9c0)
siege-acceptance / siege-linux	UNKNOWN STEP	2026-10-04T11:26:13.4160751Z 
siege-acceptance / siege-linux	UNKNOWN STEP	2026-10-04T11:26:13.4160998Z running 29 tests
siege-acceptance / siege-linux	UNKNOWN STEP	2026-10-04T11:26:13.4164564Z test another_clock_cannot_capture_or_settle_while_lease_is_live ... ok
siege-acceptance / siege-linux	UNKNOWN STEP	2026-10-04T11:26:13.4168794Z test backward_clock_and_exhausted_revision_roll_back_whole_tick ... ok
siege-acceptance / siege-linux	UNKNOWN STEP	2026-10-04T11:26:13.4169673Z test capture_uses_ten_second_cadence_not_every_movement_packet ... ok
siege-acceptance / siege-linux	UNKNOWN STEP	2026-10-04T11:26:13.4170764Z test china_calendar_override_changes_utc_window_and_local_weekday ... ok
siege-acceptance / siege-linux	UNKNOWN STEP	2026-10-04T11:26:13.4172506Z test classic_exclusive_capture_retains_active_battle_and_previous_owner_can_recapture ... ok
siege-acceptance / siege-linux	UNKNOWN STEP	2026-10-04T11:26:13.4178123Z test damaged_defenses_and_tax_survive_restart_and_battle_settlement ... ok
siege-acceptance / siege-linux	UNKNOWN STEP	2026-10-04T11:26:13.4180151Z test dead_or_other_map_occupants_do_not_contest_and_logout_keeps_incumbent ... ok
siege-acceptance / siege-linux	UNKNOWN STEP	2026-10-04T11:26:13.4182401Z test deadline_settles_last_captured_owner_once_with_no_invented_gold ... ok
siege-acceptance / siege-linux	UNKNOWN STEP	2026-10-04T11:26:13.4183520Z test default_calendar_matches_source_utc_and_has_exact_cutoffs ... ok
siege-acceptance / siege-linux	UNKNOWN STEP	2026-10-04T11:26:13.4185018Z test default_defenses_have_source_templates_and_durable_independent_slots ... ok
siege-acceptance / siege-linux	UNKNOWN STEP	2026-10-04T11:26:13.4186491Z test destroyed_gate_repair_recloses_it_while_live_open_gate_stays_open ... ok
siege-acceptance / siege-linux	UNKNOWN STEP	2026-10-04T11:26:13.4188881Z test empty_palace_after_owner_death_does_not_reset_city ... ok
siege-acceptance / siege-linux	UNKNOWN STEP	2026-10-04T11:26:13.4190795Z test free_slot_does_not_open_a_war_and_in_window_request_can_start_now ... ok
siege-acceptance / siege-linux	UNKNOWN STEP	2026-10-04T11:26:13.4192838Z test gate_management_rejects_other_objects_and_destroyed_gate ... ok
siege-acceptance / siege-linux	UNKNOWN STEP	2026-10-04T11:26:13.4196791Z test living_rivals_unguilded_and_third_guild_contest_without_stealing_ownership ... ok
siege-acceptance / siege-linux	UNKNOWN STEP	2026-10-04T11:26:13.4198531Z test malformed_or_cross_midnight_policy_cannot_mutate_shared_state ... ok
siege-acceptance / siege-linux	UNKNOWN STEP	2026-10-04T11:26:13.4202052Z test only_committed_downward_hp_before_war_deadline_can_update_defense ... ok
siege-acceptance / siege-linux	UNKNOWN STEP	2026-10-04T11:26:13.4203190Z test only_dead_archers_can_be_rehired_and_slots_remain_independent ... ok
siege-acceptance / siege-linux	UNKNOWN STEP	2026-10-04T11:26:13.4204899Z test overflowing_bank_or_revision_retains_full_tax_pool_and_money ... ok
siege-acceptance / siege-linux	UNKNOWN STEP	2026-10-04T11:26:13.4207067Z test owner_cannot_apply_and_war_blocks_new_requests ... ok
siege-acceptance / siege-linux	UNKNOWN STEP	2026-10-04T11:26:13.4208538Z test pending_request_survives_closed_day_and_opens_on_next_enabled_day ... ok
siege-acceptance / siege-linux	UNKNOWN STEP	2026-10-04T11:26:13.4209933Z test repair_cannot_spend_bank_on_invalid_unknown_or_unaffordable_defense ... ok
siege-acceptance / siege-linux	UNKNOWN STEP	2026-10-04T11:26:13.4213828Z test repair_uses_exact_source_integer_quotes_and_can_repair_low_damage_for_free ... ok
siege-acceptance / siege-linux	UNKNOWN STEP	2026-10-04T11:26:13.4215678Z test request_slot_rejects_rivals_and_retries_without_extra_events ... ok
siege-acceptance / siege-linux	UNKNOWN STEP	2026-10-04T11:26:13.4217642Z test revision_exhaustion_cannot_spend_repair_gold_or_mutate_tax_gate_damage ... ok
siege-acceptance / siege-linux	UNKNOWN STEP	2026-10-04T11:26:13.4222542Z test serialized_restart_during_war_preserves_owner_lease_and_recapture_right ... ok
siege-acceptance / siege-linux	UNKNOWN STEP	2026-10-04T11:26:13.4226509Z test serialized_restart_past_deadline_does_not_restart_or_reward_old_battle ... ok
siege-acceptance / siege-linux	UNKNOWN STEP	2026-10-04T11:26:13.4229496Z test tax_selection_rejects_unsupported_rates_and_same_choice_is_no_op ... ok
siege-acceptance / siege-linux	UNKNOWN STEP	2026-10-04T11:26:13.4233940Z test tax_withdrawal_transfers_entire_pool_to_bank_exactly_once ... ok
siege-acceptance / siege-linux	UNKNOWN STEP	2026-10-04T11:26:13.4234252Z 
siege-acceptance / siege-linux	UNKNOWN STEP	2026-10-04T11:26:13.4234616Z test result: ok. 29 passed; 0 failed; 0 ignored; 0 measured; 0 filtered out; finished in 0.01s
siege-acceptance / siege-linux	UNKNOWN STEP	2026-10-04T11:26:13.4235027Z 
siege-acceptance / siege-linux	UNKNOWN STEP	2026-10-04T11:26:13.4298203Z ##[group]Run cargo +1.89.0 test --locked -p mir2-simulation --lib conquest_mirror_postgres -- --ignored --test-threads=1
siege-acceptance / siege-linux	UNKNOWN STEP	2026-10-04T11:26:13.4299062Z ^[[36;1mcargo +1.89.0 test --locked -p mir2-simulation --lib conquest_mirror_postgres -- --ignored --test-threads=1^[[0m
siege-acceptance / siege-linux	UNKNOWN STEP	2026-10-04T11:26:13.4363251Z shell: /usr/bin/bash -e {0}
siege-acceptance / siege-linux	UNKNOWN STEP	2026-10-04T11:26:13.4363506Z env:
siege-acceptance / siege-linux	UNKNOWN STEP	2026-10-04T11:26:13.4364189Z   MIR2_CONQUEST_TEST_DATABASE_URL: ***127.0.0.1:5432/mir2_conquest_qa
siege-acceptance / siege-linux	UNKNOWN STEP	2026-10-04T11:26:13.4364561Z   CARGO_BUILD_JOBS: 2
siege-acceptance / siege-linux	UNKNOWN STEP	2026-10-04T11:26:13.4364775Z ##[endgroup]
siege-acceptance / siege-linux	UNKNOWN STEP	2026-10-04T11:26:13.7095382Z warning: unused import: `super::skills::crystal_magic_damage`
siege-acceptance / siege-linux	UNKNOWN STEP	2026-10-04T11:26:13.7096119Z   --> apps/simulation/src/runtime/hero_ai.rs:53:5
siege-acceptance / siege-linux	UNKNOWN STEP	2026-10-04T11:26:13.7096601Z    |
siege-acceptance / siege-linux	UNKNOWN STEP	2026-10-04T11:26:13.7096958Z 53 | use super::skills::crystal_magic_damage;
siege-acceptance / siege-linux	UNKNOWN STEP	2026-10-04T11:26:13.7097440Z    |     ^^^^^^^^^^^^^^^^^^^^^^^^^^^^^^^^^^^
siege-acceptance / siege-linux	UNKNOWN STEP	2026-10-04T11:26:13.7097852Z    |
siege-acceptance / siege-linux	UNKNOWN STEP	2026-10-04T11:26:13.7098299Z    = note: `#[warn(unused_imports)]` on by default
siege-acceptance / siege-linux	UNKNOWN STEP	2026-10-04T11:26:13.7098649Z 
siege-acceptance / siege-linux	UNKNOWN STEP	2026-10-04T11:26:13.7099033Z warning: unused import: `hero_registry_scan::validate_shared_hero_physical_custody`
siege-acceptance / siege-linux	UNKNOWN STEP	2026-10-04T11:26:13.7099761Z   --> apps/simulation/src/runtime/mod.rs:22:16
siege-acceptance / siege-linux	UNKNOWN STEP	2026-10-04T11:26:13.7100218Z    |
siege-acceptance / siege-linux	UNKNOWN STEP	2026-10-04T11:26:13.7100974Z 22 | pub(crate) use hero_registry_scan::validate_shared_hero_physical_custody;
siege-acceptance / siege-linux	UNKNOWN STEP	2026-10-04T11:26:13.7101662Z    |                ^^^^^^^^^^^^^^^^^^^^^^^^^^^^^^^^^^^^^^^^^^^^^^^^^^^^^^^^^
siege-acceptance / siege-linux	UNKNOWN STEP	2026-10-04T11:26:13.7102375Z 
siege-acceptance / siege-linux	UNKNOWN STEP	2026-10-04T11:26:13.7102590Z warning: unused import: `HeroInventoryResource`
siege-acceptance / siege-linux	UNKNOWN STEP	2026-10-04T11:26:13.7103145Z   --> apps/simulation/src/runtime/items.rs:58:19
siege-acceptance / siege-linux	UNKNOWN STEP	2026-10-04T11:26:13.7103609Z    |
siege-acceptance / siege-linux	UNKNOWN STEP	2026-10-04T11:26:13.7104211Z 58 |     BuffResource, HeroInventoryResource, InventoryResource, PlayerPermissionResource,
siege-acceptance / siege-linux	UNKNOWN STEP	2026-10-04T11:26:13.7104960Z    |                   ^^^^^^^^^^^^^^^^^^^^^
siege-acceptance / siege-linux	UNKNOWN STEP	2026-10-04T11:26:13.7105253Z 
siege-acceptance / siege-linux	UNKNOWN STEP	2026-10-04T11:26:13.7105449Z warning: unused import: `merged_user_item_stats`
siege-acceptance / siege-linux	UNKNOWN STEP	2026-10-04T11:26:13.7105990Z   --> apps/simulation/src/runtime/npc.rs:35:72
siege-acceptance / siege-linux	UNKNOWN STEP	2026-10-04T11:26:13.7106444Z    |
siege-acceptance / siege-linux	UNKNOWN STEP	2026-10-04T11:26:13.7107046Z 35 |     crystal_item_key_for_template, crystal_item_template_for_item_key, merged_user_item_stats,
siege-acceptance / siege-linux	UNKNOWN STEP	2026-10-04T11:26:13.7107892Z    |                                                                        ^^^^^^^^^^^^^^^^^^^^^^
siege-acceptance / siege-linux	UNKNOWN STEP	2026-10-04T11:26:13.7108302Z 
siege-acceptance / siege-linux	UNKNOWN STEP	2026-10-04T11:26:13.7108569Z warning: unused import: `hero_inventory_crystal_stat_total`
siege-acceptance / siege-linux	UNKNOWN STEP	2026-10-04T11:26:13.7109187Z   --> apps/simulation/src/runtime/packets.rs:72:22
siege-acceptance / siege-linux	UNKNOWN STEP	2026-10-04T11:26:13.7109673Z    |
siege-acceptance / siege-linux	UNKNOWN STEP	2026-10-04T11:26:13.7110698Z 72 | use super::hero_ai::{hero_inventory_crystal_stat_total, hero_inventory_equipment_slots};
siege-acceptance / siege-linux	UNKNOWN STEP	2026-10-04T11:26:13.7111471Z    |                      ^^^^^^^^^^^^^^^^^^^^^^^^^^^^^^^^^
siege-acceptance / siege-linux	UNKNOWN STEP	2026-10-04T11:26:13.7111800Z 
siege-acceptance / siege-linux	UNKNOWN STEP	2026-10-04T11:26:13.7112008Z warning: unused import: `crystal_quest_info_by_id`
siege-acceptance / siege-linux	UNKNOWN STEP	2026-10-04T11:26:13.7112580Z    --> apps/simulation/src/runtime/packets.rs:108:5
siege-acceptance / siege-linux	UNKNOWN STEP	2026-10-04T11:26:13.7113063Z     |
siege-acceptance / siege-linux	UNKNOWN STEP	2026-10-04T11:26:13.7113537Z 108 |     crystal_quest_info_by_id, crystal_quest_reward_selection_missing,
siege-acceptance / siege-linux	UNKNOWN STEP	2026-10-04T11:26:13.7114141Z     |     ^^^^^^^^^^^^^^^^^^^^^^^^
siege-acceptance / siege-linux	UNKNOWN STEP	2026-10-04T11:26:13.7114400Z 
siege-acceptance / siege-linux	UNKNOWN STEP	2026-10-04T11:26:13.7114667Z warning: unused import: `intelligent_creature_default_rules`
siege-acceptance / siege-linux	UNKNOWN STEP	2026-10-04T11:26:13.7115282Z    --> apps/simulation/src/runtime/packets.rs:125:5
siege-acceptance / siege-linux	UNKNOWN STEP	2026-10-04T11:26:13.7115759Z     |
siege-acceptance / siege-linux	UNKNOWN STEP	2026-10-04T11:26:13.7116290Z 125 |     intelligent_creature_default_rules, is_in_world, mark_crystal_packet_action,
siege-acceptance / siege-linux	UNKNOWN STEP	2026-10-04T11:26:13.7116986Z     |     ^^^^^^^^^^^^^^^^^^^^^^^^^^^^^^^^^^
siege-acceptance / siege-linux	UNKNOWN STEP	2026-10-04T11:26:13.7117276Z 
siege-acceptance / siege-linux	UNKNOWN STEP	2026-10-04T11:26:13.7117484Z warning: unused import: `ZoneExperienceProfile`
siege-acceptance / siege-linux	UNKNOWN STEP	2026-10-04T11:26:13.7118038Z  --> apps/simulation/src/runtime/zone/mod.rs:6:22
siege-acceptance / siege-linux	UNKNOWN STEP	2026-10-04T11:26:13.7118505Z   |
siege-acceptance / siege-linux	UNKNOWN STEP	2026-10-04T11:26:13.7119262Z 6 | pub use experience::{ZoneExperienceProfile,ZoneExperienceSelection,ZoneGuildExperienceMembership};
siege-acceptance / siege-linux	UNKNOWN STEP	2026-10-04T11:26:13.7122402Z   |                      ^^^^^^^^^^^^^^^^^^^^^
siege-acceptance / siege-linux	UNKNOWN STEP	2026-10-04T11:26:13.7122781Z 
siege-acceptance / siege-linux	UNKNOWN STEP	2026-10-04T11:26:13.7123450Z warning: use of deprecated method `bevy_ecs::world::World::iter_entities`: use world.query::<EntityRef>()` instead
siege-acceptance / siege-linux	UNKNOWN STEP	2026-10-04T11:26:13.7124386Z   --> apps/simulation/src/runtime/hero_cast.rs:61:22
siege-acceptance / siege-linux	UNKNOWN STEP	2026-10-04T11:26:13.7124879Z    |
siege-acceptance / siege-linux	UNKNOWN STEP	2026-10-04T11:26:13.7125279Z 61 |     let target=world.iter_entities().find_map(|entry| {
siege-acceptance / siege-linux	UNKNOWN STEP	2026-10-04T11:26:13.7125810Z    |                      ^^^^^^^^^^^^^
siege-acceptance / siege-linux	UNKNOWN STEP	2026-10-04T11:26:13.7126222Z    |
siege-acceptance / siege-linux	UNKNOWN STEP	2026-10-04T11:26:13.7126574Z    = note: `#[warn(deprecated)]` on by default
siege-acceptance / siege-linux	UNKNOWN STEP	2026-10-04T11:26:13.7126903Z 
siege-acceptance / siege-linux	UNKNOWN STEP	2026-10-04T11:26:13.7127446Z warning: use of deprecated method `bevy_ecs::world::World::iter_entities`: use world.query::<EntityRef>()` instead
siege-acceptance / siege-linux	UNKNOWN STEP	2026-10-04T11:26:13.7128351Z   --> apps/simulation/src/runtime/hero_cast.rs:99:27
siege-acceptance / siege-linux	UNKNOWN STEP	2026-10-04T11:26:13.7128833Z    |
siege-acceptance / siege-linux	UNKNOWN STEP	2026-10-04T11:26:13.7129414Z 99 |         let monster=world.iter_entities().find(|e|e.get::<Monster>().is_some()).unwrap().id();
siege-acceptance / siege-linux	UNKNOWN STEP	2026-10-04T11:26:13.7130149Z    |                           ^^^^^^^^^^^^^
siege-acceptance / siege-linux	UNKNOWN STEP	2026-10-04T11:26:13.7130684Z 
siege-acceptance / siege-linux	UNKNOWN STEP	2026-10-04T11:26:13.7131225Z warning: use of deprecated method `bevy_ecs::world::World::iter_entities`: use world.query::<EntityRef>()` instead
siege-acceptance / siege-linux	UNKNOWN STEP	2026-10-04T11:26:13.7132246Z    --> apps/simulation/src/runtime/monster_ai/great_fox_spirit.rs:163:28
siege-acceptance / siege-linux	UNKNOWN STEP	2026-10-04T11:26:13.7132850Z     |
siege-acceptance / siege-linux	UNKNOWN STEP	2026-10-04T11:26:13.7133214Z 163 |     for candidate in world.iter_entities() {
siege-acceptance / siege-linux	UNKNOWN STEP	2026-10-04T11:26:13.7133707Z     |                            ^^^^^^^^^^^^^
siege-acceptance / siege-linux	UNKNOWN STEP	2026-10-04T11:26:13.7134215Z 
siege-acceptance / siege-linux	UNKNOWN STEP	2026-10-04T11:26:13.7134753Z warning: use of deprecated method `bevy_ecs::world::World::iter_entities`: use world.query::<EntityRef>()` instead
siege-acceptance / siege-linux	UNKNOWN STEP	2026-10-04T11:26:13.7135658Z     --> apps/simulation/src/runtime/packets.rs:7894:25
siege-acceptance / siege-linux	UNKNOWN STEP	2026-10-04T11:26:13.7136146Z      |
siege-acceptance / siege-linux	UNKNOWN STEP	2026-10-04T11:26:13.7136503Z 7894 |     for entity in world.iter_entities() {
siege-acceptance / siege-linux	UNKNOWN STEP	2026-10-04T11:26:13.7136981Z      |                         ^^^^^^^^^^^^^
siege-acceptance / siege-linux	UNKNOWN STEP	2026-10-04T11:26:13.7137277Z 
siege-acceptance / siege-linux	UNKNOWN STEP	2026-10-04T11:26:13.7137813Z warning: use of deprecated method `bevy_ecs::world::World::iter_entities`: use world.query::<EntityRef>()` instead
siege-acceptance / siege-linux	UNKNOWN STEP	2026-10-04T11:26:13.7138709Z    --> apps/simulation/src/runtime/session.rs:760:14
siege-acceptance / siege-linux	UNKNOWN STEP	2026-10-04T11:26:13.7139191Z     |
siege-acceptance / siege-linux	UNKNOWN STEP	2026-10-04T11:26:13.7139502Z 760 |             .iter_entities()
siege-acceptance / siege-linux	UNKNOWN STEP	2026-10-04T11:26:13.7139903Z     |              ^^^^^^^^^^^^^
siege-acceptance / siege-linux	UNKNOWN STEP	2026-10-04T11:26:13.7140157Z 
siege-acceptance / siege-linux	UNKNOWN STEP	2026-10-04T11:26:13.7140904Z warning: use of deprecated method `bevy_ecs::world::World::iter_entities`: use world.query::<EntityRef>()` instead
siege-acceptance / siege-linux	UNKNOWN STEP	2026-10-04T11:26:13.7141826Z     --> apps/simulation/src/runtime/skills.rs:5017:10
siege-acceptance / siege-linux	UNKNOWN STEP	2026-10-04T11:26:13.7142308Z      |
siege-acceptance / siege-linux	UNKNOWN STEP	2026-10-04T11:26:13.7142618Z 5017 |         .iter_entities()
siege-acceptance / siege-linux	UNKNOWN STEP	2026-10-04T11:26:13.7143014Z      |          ^^^^^^^^^^^^^
siege-acceptance / siege-linux	UNKNOWN STEP	2026-10-04T11:26:13.7143255Z 
siege-acceptance / siege-linux	UNKNOWN STEP	2026-10-04T11:26:13.7143787Z warning: use of deprecated method `bevy_ecs::world::World::iter_entities`: use world.query::<EntityRef>()` instead
siege-acceptance / siege-linux	UNKNOWN STEP	2026-10-04T11:26:13.7144676Z     --> apps/simulation/src/runtime/skills.rs:5100:10
siege-acceptance / siege-linux	UNKNOWN STEP	2026-10-04T11:26:13.7145159Z      |
siege-acceptance / siege-linux	UNKNOWN STEP	2026-10-04T11:26:13.7145456Z 5100 |         .iter_entities()
siege-acceptance / siege-linux	UNKNOWN STEP	2026-10-04T11:26:13.7145839Z      |          ^^^^^^^^^^^^^
siege-acceptance / siege-linux	UNKNOWN STEP	2026-10-04T11:26:13.7146078Z 
siege-acceptance / siege-linux	UNKNOWN STEP	2026-10-04T11:26:13.7146712Z warning: type `hero_registry::HeroSourceVersions` is more private than the item `config::AccountStoreRepositorySave::heroes`
siege-acceptance / siege-linux	UNKNOWN STEP	2026-10-04T11:26:13.7147675Z    --> apps/simulation/src/config.rs:911:5
siege-acceptance / siege-linux	UNKNOWN STEP	2026-10-04T11:26:13.7148112Z     |
siege-acceptance / siege-linux	UNKNOWN STEP	2026-10-04T11:26:13.7148526Z 911 |     pub(crate) heroes: hero_registry::HeroSourceVersions,
siege-acceptance / siege-linux	UNKNOWN STEP	2026-10-04T11:26:13.7149528Z     |     ^^^^^^^^^^^^^^^^^^^^^^^^^^^^^^^^^^^^^^^^^^^^^^^^^^^^ field `config::AccountStoreRepositorySave::heroes` is reachable at visibility `pub(crate)`
siege-acceptance / siege-linux	UNKNOWN STEP	2026-10-04T11:26:13.7161006Z     |
siege-acceptance / siege-linux	UNKNOWN STEP	2026-10-04T11:26:13.7161734Z note: but type `hero_registry::HeroSourceVersions` is only usable at visibility `pub(in crate::config)`
siege-acceptance / siege-linux	UNKNOWN STEP	2026-10-04T11:26:13.7162629Z    --> apps/simulation/src/config_hero_registry.rs:93:1
siege-acceptance / siege-linux	UNKNOWN STEP	2026-10-04T11:26:13.7163116Z     |
siege-acceptance / siege-linux	UNKNOWN STEP	2026-10-04T11:26:13.7163687Z 93  | pub(super) struct HeroSourceVersions {
siege-acceptance / siege-linux	UNKNOWN STEP	2026-10-04T11:26:13.7164162Z     | ^^^^^^^^^^^^^^^^^^^^^^^^^^^^^^^^^^^^
siege-acceptance / siege-linux	UNKNOWN STEP	2026-10-04T11:26:13.7164644Z     = note: `#[warn(private_interfaces)]` on by default
siege-acceptance / siege-linux	UNKNOWN STEP	2026-10-04T11:26:13.7165003Z 
siege-acceptance / siege-linux	UNKNOWN STEP	2026-10-04T11:26:13.7165614Z warning: type `entity_combat::ZoneCombatEntityRef` is more private than the item `tree_queen_ai::TreeQueenRoot::source_ref`
siege-acceptance / siege-linux	UNKNOWN STEP	2026-10-04T11:26:13.7166675Z   --> apps/simulation/src/runtime/zone/runtime/tree_queen_ai.rs:39:5
siege-acceptance / siege-linux	UNKNOWN STEP	2026-10-04T11:26:13.7167245Z    |
siege-acceptance / siege-linux	UNKNOWN STEP	2026-10-04T11:26:13.7167633Z 39 |     pub source_ref: Option<ZoneCombatEntityRef>,
siege-acceptance / siege-linux	UNKNOWN STEP	2026-10-04T11:26:13.7168680Z    |     ^^^^^^^^^^^^^^^^^^^^^^^^^^^^^^^^^^^^^^^^^^^ field `tree_queen_ai::TreeQueenRoot::source_ref` is reachable at visibility `pub(in crate::runtime::zone)`
siege-acceptance / siege-linux	UNKNOWN STEP	2026-10-04T11:26:13.7169578Z    |
siege-acceptance / siege-linux	UNKNOWN STEP	2026-10-04T11:26:13.7170524Z note: but type `entity_combat::ZoneCombatEntityRef` is only usable at visibility `pub(in crate::runtime::zone::runtime)`
siege-acceptance / siege-linux	UNKNOWN STEP	2026-10-04T11:26:13.7171499Z   --> apps/simulation/src/runtime/zone/runtime/entity_combat.rs:7:1
siege-acceptance / siege-linux	UNKNOWN STEP	2026-10-04T11:26:13.7172014Z    |
siege-acceptance / siege-linux	UNKNOWN STEP	2026-10-04T11:26:13.7172320Z 7  | pub(super) enum ZoneCombatEntityRef {
siege-acceptance / siege-linux	UNKNOWN STEP	2026-10-04T11:26:13.7172739Z    | ^^^^^^^^^^^^^^^^^^^^^^^^^^^^^^^^^^^
siege-acceptance / siege-linux	UNKNOWN STEP	2026-10-04T11:26:13.7172995Z 
siege-acceptance / siege-linux	UNKNOWN STEP	2026-10-04T11:26:13.7173482Z warning: type `entity_combat::ZoneCombatEntityRef` is more private than the item `EvilMirState::target_ref`
siege-acceptance / siege-linux	UNKNOWN STEP	2026-10-04T11:26:13.7174341Z   --> apps/simulation/src/runtime/zone/runtime/evil_mir_ai.rs:11:5
siege-acceptance / siege-linux	UNKNOWN STEP	2026-10-04T11:26:13.7174826Z    |
siege-acceptance / siege-linux	UNKNOWN STEP	2026-10-04T11:26:13.7175370Z 11 |     pub target_ref: Option<ZoneCombatEntityRef>,
siege-acceptance / siege-linux	UNKNOWN STEP	2026-10-04T11:26:13.7176159Z    |     ^^^^^^^^^^^^^^^^^^^^^^^^^^^^^^^^^^^^^^^^^^^ field `EvilMirState::target_ref` is reachable at visibility `pub(in crate::runtime::zone)`
siege-acceptance / siege-linux	UNKNOWN STEP	2026-10-04T11:26:13.7176867Z    |
siege-acceptance / siege-linux	UNKNOWN STEP	2026-10-04T11:26:13.7177523Z note: but type `entity_combat::ZoneCombatEntityRef` is only usable at visibility `pub(in crate::runtime::zone::runtime)`
siege-acceptance / siege-linux	UNKNOWN STEP	2026-10-04T11:26:13.7178420Z   --> apps/simulation/src/runtime/zone/runtime/entity_combat.rs:7:1
siege-acceptance / siege-linux	UNKNOWN STEP	2026-10-04T11:26:13.7178924Z    |
siege-acceptance / siege-linux	UNKNOWN STEP	2026-10-04T11:26:13.7179212Z 7  | pub(super) enum ZoneCombatEntityRef {
siege-acceptance / siege-linux	UNKNOWN STEP	2026-10-04T11:26:13.7179614Z    | ^^^^^^^^^^^^^^^^^^^^^^^^^^^^^^^^^^^
siege-acceptance / siege-linux	UNKNOWN STEP	2026-10-04T11:26:13.7179851Z 
siege-acceptance / siege-linux	UNKNOWN STEP	2026-10-04T11:26:13.7180645Z warning: type `entity_combat::ZoneCombatEntityRef` is more private than the item `EvilMirPendingSource::source`
siege-acceptance / siege-linux	UNKNOWN STEP	2026-10-04T11:26:13.7181524Z   --> apps/simulation/src/runtime/zone/runtime/evil_mir_ai.rs:20:5
siege-acceptance / siege-linux	UNKNOWN STEP	2026-10-04T11:26:13.7182022Z    |
siege-acceptance / siege-linux	UNKNOWN STEP	2026-10-04T11:26:13.7182320Z 20 |     pub source: ZoneCombatEntityRef,
siege-acceptance / siege-linux	UNKNOWN STEP	2026-10-04T11:26:13.7183083Z    |     ^^^^^^^^^^^^^^^^^^^^^^^^^^^^^^^ field `EvilMirPendingSource::source` is reachable at visibility `pub(in crate::runtime::zone)`
siege-acceptance / siege-linux	UNKNOWN STEP	2026-10-04T11:26:13.7183807Z    |
siege-acceptance / siege-linux	UNKNOWN STEP	2026-10-04T11:26:13.7184470Z note: but type `entity_combat::ZoneCombatEntityRef` is only usable at visibility `pub(in crate::runtime::zone::runtime)`
siege-acceptance / siege-linux	UNKNOWN STEP	2026-10-04T11:26:13.7185380Z   --> apps/simulation/src/runtime/zone/runtime/entity_combat.rs:7:1
siege-acceptance / siege-linux	UNKNOWN STEP	2026-10-04T11:26:13.7185877Z    |
siege-acceptance / siege-linux	UNKNOWN STEP	2026-10-04T11:26:13.7186173Z 7  | pub(super) enum ZoneCombatEntityRef {
siege-acceptance / siege-linux	UNKNOWN STEP	2026-10-04T11:26:13.7186576Z    | ^^^^^^^^^^^^^^^^^^^^^^^^^^^^^^^^^^^
siege-acceptance / siege-linux	UNKNOWN STEP	2026-10-04T11:26:13.7186832Z 
siege-acceptance / siege-linux	UNKNOWN STEP	2026-10-04T11:26:13.7187303Z warning: type `entity_combat::ZoneCombatEntityRef` is more private than the item `GreatFoxState::target_ref`
siege-acceptance / siege-linux	UNKNOWN STEP	2026-10-04T11:26:13.7188164Z   --> apps/simulation/src/runtime/zone/runtime/great_fox_ai.rs:15:5
siege-acceptance / siege-linux	UNKNOWN STEP	2026-10-04T11:26:13.7188658Z    |
siege-acceptance / siege-linux	UNKNOWN STEP	2026-10-04T11:26:13.7188992Z 15 |     pub target_ref: Option<ZoneCombatEntityRef>,
siege-acceptance / siege-linux	UNKNOWN STEP	2026-10-04T11:26:13.7189836Z    |     ^^^^^^^^^^^^^^^^^^^^^^^^^^^^^^^^^^^^^^^^^^^ field `GreatFoxState::target_ref` is reachable at visibility `pub(in crate::runtime::zone)`
siege-acceptance / siege-linux	UNKNOWN STEP	2026-10-04T11:26:13.7190898Z    |
siege-acceptance / siege-linux	UNKNOWN STEP	2026-10-04T11:26:13.7191643Z note: but type `entity_combat::ZoneCombatEntityRef` is only usable at visibility `pub(in crate::runtime::zone::runtime)`
siege-acceptance / siege-linux	UNKNOWN STEP	2026-10-04T11:26:13.7192635Z   --> apps/simulation/src/runtime/zone/runtime/entity_combat.rs:7:1
siege-acceptance / siege-linux	UNKNOWN STEP	2026-10-04T11:26:13.7193399Z    |
siege-acceptance / siege-linux	UNKNOWN STEP	2026-10-04T11:26:13.7193757Z 7  | pub(super) enum ZoneCombatEntityRef {
siege-acceptance / siege-linux	UNKNOWN STEP	2026-10-04T11:26:13.7194223Z    | ^^^^^^^^^^^^^^^^^^^^^^^^^^^^^^^^^^^
siege-acceptance / siege-linux	UNKNOWN STEP	2026-10-04T11:26:13.7194505Z 
siege-acceptance / siege-linux	UNKNOWN STEP	2026-10-04T11:26:13.7195013Z warning: type `entity_combat::ZoneCombatEntityRef` is more private than the item `GreatFoxHit::source_ref`
siege-acceptance / siege-linux	UNKNOWN STEP	2026-10-04T11:26:13.7195957Z   --> apps/simulation/src/runtime/zone/runtime/great_fox_ai.rs:42:5
siege-acceptance / siege-linux	UNKNOWN STEP	2026-10-04T11:26:13.7196463Z    |
siege-acceptance / siege-linux	UNKNOWN STEP	2026-10-04T11:26:13.7196794Z 42 |     pub source_ref: Option<ZoneCombatEntityRef>,
siege-acceptance / siege-linux	UNKNOWN STEP	2026-10-04T11:26:13.7197613Z    |     ^^^^^^^^^^^^^^^^^^^^^^^^^^^^^^^^^^^^^^^^^^^ field `GreatFoxHit::source_ref` is reachable at visibility `pub(in crate::runtime::zone)`
siege-acceptance / siege-linux	UNKNOWN STEP	2026-10-04T11:26:13.7198425Z    |
siege-acceptance / siege-linux	UNKNOWN STEP	2026-10-04T11:26:13.7199165Z note: but type `entity_combat::ZoneCombatEntityRef` is only usable at visibility `pub(in crate::runtime::zone::runtime)`
siege-acceptance / siege-linux	UNKNOWN STEP	2026-10-04T11:26:13.7200161Z   --> apps/simulation/src/runtime/zone/runtime/entity_combat.rs:7:1
siege-acceptance / siege-linux	UNKNOWN STEP	2026-10-04T11:26:13.7200863Z    |
siege-acceptance / siege-linux	UNKNOWN STEP	2026-10-04T11:26:13.7201171Z 7  | pub(super) enum ZoneCombatEntityRef {
siege-acceptance / siege-linux	UNKNOWN STEP	2026-10-04T11:26:13.7201608Z    | ^^^^^^^^^^^^^^^^^^^^^^^^^^^^^^^^^^^
siege-acceptance / siege-linux	UNKNOWN STEP	2026-10-04T11:26:13.7201866Z 
siege-acceptance / siege-linux	UNKNOWN STEP	2026-10-04T11:26:13.7202341Z warning: type `entity_combat::ZoneCombatEntityRef` is more private than the item `GreatFoxHit::target_ref`
siege-acceptance / siege-linux	UNKNOWN STEP	2026-10-04T11:26:13.7203280Z   --> apps/simulation/src/runtime/zone/runtime/great_fox_ai.rs:44:5
siege-acceptance / siege-linux	UNKNOWN STEP	2026-10-04T11:26:13.7203787Z    |
siege-acceptance / siege-linux	UNKNOWN STEP	2026-10-04T11:26:13.7204147Z 44 |     pub target_ref: Option<ZoneCombatEntityRef>,
siege-acceptance / siege-linux	UNKNOWN STEP	2026-10-04T11:26:13.7205204Z    |     ^^^^^^^^^^^^^^^^^^^^^^^^^^^^^^^^^^^^^^^^^^^ field `GreatFoxHit::target_ref` is reachable at visibility `pub(in crate::runtime::zone)`
siege-acceptance / siege-linux	UNKNOWN STEP	2026-10-04T11:26:13.7205991Z    |
siege-acceptance / siege-linux	UNKNOWN STEP	2026-10-04T11:26:13.7206670Z note: but type `entity_combat::ZoneCombatEntityRef` is only usable at visibility `pub(in crate::runtime::zone::runtime)`
siege-acceptance / siege-linux	UNKNOWN STEP	2026-10-04T11:26:13.7207629Z   --> apps/simulation/src/runtime/zone/runtime/entity_combat.rs:7:1
siege-acceptance / siege-linux	UNKNOWN STEP	2026-10-04T11:26:13.7208196Z    |
siege-acceptance / siege-linux	UNKNOWN STEP	2026-10-04T11:26:13.7208503Z 7  | pub(super) enum ZoneCombatEntityRef {
siege-acceptance / siege-linux	UNKNOWN STEP	2026-10-04T11:26:13.7208901Z    | ^^^^^^^^^^^^^^^^^^^^^^^^^^^^^^^^^^^
siege-acceptance / siege-linux	UNKNOWN STEP	2026-10-04T11:26:13.7209140Z 
siege-acceptance / siege-linux	UNKNOWN STEP	2026-10-04T11:26:13.7209664Z warning: type `entity_combat::ZoneCombatEntityRef` is more private than the item `HornedEncounterState::target_ref`
siege-acceptance / siege-linux	UNKNOWN STEP	2026-10-04T11:26:13.7211013Z   --> apps/simulation/src/runtime/zone/runtime/horned_encounter_ai.rs:12:5
siege-acceptance / siege-linux	UNKNOWN STEP	2026-10-04T11:26:13.7211565Z    |
siege-acceptance / siege-linux	UNKNOWN STEP	2026-10-04T11:26:13.7211899Z 12 |     pub target_ref: Option<ZoneCombatEntityRef>,
siege-acceptance / siege-linux	UNKNOWN STEP	2026-10-04T11:26:13.7212774Z    |     ^^^^^^^^^^^^^^^^^^^^^^^^^^^^^^^^^^^^^^^^^^^ field `HornedEncounterState::target_ref` is reachable at visibility `pub(in crate::runtime::zone)`
siege-acceptance / siege-linux	UNKNOWN STEP	2026-10-04T11:26:13.7213650Z    |
siege-acceptance / siege-linux	UNKNOWN STEP	2026-10-04T11:26:13.7214382Z note: but type `entity_combat::ZoneCombatEntityRef` is only usable at visibility `pub(in crate::runtime::zone::runtime)`
siege-acceptance / siege-linux	UNKNOWN STEP	2026-10-04T11:26:13.7215306Z   --> apps/simulation/src/runtime/zone/runtime/entity_combat.rs:7:1
siege-acceptance / siege-linux	UNKNOWN STEP	2026-10-04T11:26:13.7215821Z    |
siege-acceptance / siege-linux	UNKNOWN STEP	2026-10-04T11:26:13.7216123Z 7  | pub(super) enum ZoneCombatEntityRef {
siege-acceptance / siege-linux	UNKNOWN STEP	2026-10-04T11:26:13.7216536Z    | ^^^^^^^^^^^^^^^^^^^^^^^^^^^^^^^^^^^
siege-acceptance / siege-linux	UNKNOWN STEP	2026-10-04T11:26:13.7216788Z 
siege-acceptance / siege-linux	UNKNOWN STEP	2026-10-04T11:26:13.7217293Z warning: type `entity_combat::ZoneCombatEntityRef` is more private than the item `HornedEncounterHit::source_ref`
siege-acceptance / siege-linux	UNKNOWN STEP	2026-10-04T11:26:13.7218221Z   --> apps/simulation/src/runtime/zone/runtime/horned_encounter_ai.rs:38:5
siege-acceptance / siege-linux	UNKNOWN STEP	2026-10-04T11:26:13.7218876Z    |
siege-acceptance / siege-linux	UNKNOWN STEP	2026-10-04T11:26:13.7219248Z 38 |     pub source_ref: Option<ZoneCombatEntityRef>,
siege-acceptance / siege-linux	UNKNOWN STEP	2026-10-04T11:26:13.7220126Z    |     ^^^^^^^^^^^^^^^^^^^^^^^^^^^^^^^^^^^^^^^^^^^ field `HornedEncounterHit::source_ref` is reachable at visibility `pub(in crate::runtime::zone)`
siege-acceptance / siege-linux	UNKNOWN STEP	2026-10-04T11:26:13.7221196Z    |
siege-acceptance / siege-linux	UNKNOWN STEP	2026-10-04T11:26:13.7221931Z note: but type `entity_combat::ZoneCombatEntityRef` is only usable at visibility `pub(in crate::runtime::zone::runtime)`
siege-acceptance / siege-linux	UNKNOWN STEP	2026-10-04T11:26:13.7222918Z   --> apps/simulation/src/runtime/zone/runtime/entity_combat.rs:7:1
siege-acceptance / siege-linux	UNKNOWN STEP	2026-10-04T11:26:13.7223660Z    |
siege-acceptance / siege-linux	UNKNOWN STEP	2026-10-04T11:26:13.7223979Z 7  | pub(super) enum ZoneCombatEntityRef {
siege-acceptance / siege-linux	UNKNOWN STEP	2026-10-04T11:26:13.7224402Z    | ^^^^^^^^^^^^^^^^^^^^^^^^^^^^^^^^^^^
siege-acceptance / siege-linux	UNKNOWN STEP	2026-10-04T11:26:13.7224655Z 
siege-acceptance / siege-linux	UNKNOWN STEP	2026-10-04T11:26:13.7225175Z warning: type `entity_combat::ZoneCombatEntityRef` is more private than the item `HornedEncounterHit::target_ref`
siege-acceptance / siege-linux	UNKNOWN STEP	2026-10-04T11:26:13.7226137Z   --> apps/simulation/src/runtime/zone/runtime/horned_encounter_ai.rs:41:5
siege-acceptance / siege-linux	UNKNOWN STEP	2026-10-04T11:26:13.7226756Z    |
siege-acceptance / siege-linux	UNKNOWN STEP	2026-10-04T11:26:13.7227090Z 41 |     pub target_ref: Option<ZoneCombatEntityRef>,
siege-acceptance / siege-linux	UNKNOWN STEP	2026-10-04T11:26:13.7228015Z    |     ^^^^^^^^^^^^^^^^^^^^^^^^^^^^^^^^^^^^^^^^^^^ field `HornedEncounterHit::target_ref` is reachable at visibility `pub(in crate::runtime::zone)`
siege-acceptance / siege-linux	UNKNOWN STEP	2026-10-04T11:26:13.7228827Z    |
siege-acceptance / siege-linux	UNKNOWN STEP	2026-10-04T11:26:13.7229559Z note: but type `entity_combat::ZoneCombatEntityRef` is only usable at visibility `pub(in crate::runtime::zone::runtime)`
siege-acceptance / siege-linux	UNKNOWN STEP	2026-10-04T11:26:13.7230783Z   --> apps/simulation/src/runtime/zone/runtime/entity_combat.rs:7:1
siege-acceptance / siege-linux	UNKNOWN STEP	2026-10-04T11:26:13.7231314Z    |
siege-acceptance / siege-linux	UNKNOWN STEP	2026-10-04T11:26:13.7231629Z 7  | pub(super) enum ZoneCombatEntityRef {
siege-acceptance / siege-linux	UNKNOWN STEP	2026-10-04T11:26:13.7232079Z    | ^^^^^^^^^^^^^^^^^^^^^^^^^^^^^^^^^^^
siege-acceptance / siege-linux	UNKNOWN STEP	2026-10-04T11:26:13.7232360Z 
siege-acceptance / siege-linux	UNKNOWN STEP	2026-10-04T11:26:13.7232868Z warning: type `entity_combat::ZoneCombatEntityRef` is more private than the item `HornedMapSpell::source_ref`
siege-acceptance / siege-linux	UNKNOWN STEP	2026-10-04T11:26:13.7233821Z   --> apps/simulation/src/runtime/zone/runtime/horned_encounter_ai.rs:60:5
siege-acceptance / siege-linux	UNKNOWN STEP	2026-10-04T11:26:13.7234394Z    |
siege-acceptance / siege-linux	UNKNOWN STEP	2026-10-04T11:26:13.7234796Z 60 |     pub source_ref: Option<ZoneCombatEntityRef>,
siege-acceptance / siege-linux	UNKNOWN STEP	2026-10-04T11:26:13.7235864Z    |     ^^^^^^^^^^^^^^^^^^^^^^^^^^^^^^^^^^^^^^^^^^^ field `HornedMapSpell::source_ref` is reachable at visibility `pub(in crate::runtime::zone)`
siege-acceptance / siege-linux	UNKNOWN STEP	2026-10-04T11:26:13.7236717Z    |
siege-acceptance / siege-linux	UNKNOWN STEP	2026-10-04T11:26:13.7237380Z note: but type `entity_combat::ZoneCombatEntityRef` is only usable at visibility `pub(in crate::runtime::zone::runtime)`
siege-acceptance / siege-linux	UNKNOWN STEP	2026-10-04T11:26:13.7238327Z   --> apps/simulation/src/runtime/zone/runtime/entity_combat.rs:7:1
siege-acceptance / siege-linux	UNKNOWN STEP	2026-10-04T11:26:13.7238852Z    |
siege-acceptance / siege-linux	UNKNOWN STEP	2026-10-04T11:26:13.7239158Z 7  | pub(super) enum ZoneCombatEntityRef {
siege-acceptance / siege-linux	UNKNOWN STEP	2026-10-04T11:26:13.7239632Z    | ^^^^^^^^^^^^^^^^^^^^^^^^^^^^^^^^^^^
siege-acceptance / siege-linux	UNKNOWN STEP	2026-10-04T11:26:13.7239907Z 
siege-acceptance / siege-linux	UNKNOWN STEP	2026-10-04T11:26:13.7240684Z warning: type `entity_combat::ZoneCombatEntityRef` is more private than the item `HornedState::target_ref`
siege-acceptance / siege-linux	UNKNOWN STEP	2026-10-04T11:26:13.7241642Z   --> apps/simulation/src/runtime/zone/runtime/horned_ai.rs:14:5
siege-acceptance / siege-linux	UNKNOWN STEP	2026-10-04T11:26:13.7242151Z    |
siege-acceptance / siege-linux	UNKNOWN STEP	2026-10-04T11:26:13.7242493Z 14 |     pub target_ref: Option<ZoneCombatEntityRef>,
siege-acceptance / siege-linux	UNKNOWN STEP	2026-10-04T11:26:13.7243313Z    |     ^^^^^^^^^^^^^^^^^^^^^^^^^^^^^^^^^^^^^^^^^^^ field `HornedState::target_ref` is reachable at visibility `pub(in crate::runtime::zone)`
siege-acceptance / siege-linux	UNKNOWN STEP	2026-10-04T11:26:13.7244027Z    |
siege-acceptance / siege-linux	UNKNOWN STEP	2026-10-04T11:26:13.7244738Z note: but type `entity_combat::ZoneCombatEntityRef` is only usable at visibility `pub(in crate::runtime::zone::runtime)`
siege-acceptance / siege-linux	UNKNOWN STEP	2026-10-04T11:26:13.7245779Z   --> apps/simulation/src/runtime/zone/runtime/entity_combat.rs:7:1
siege-acceptance / siege-linux	UNKNOWN STEP	2026-10-04T11:26:13.7246284Z    |
siege-acceptance / siege-linux	UNKNOWN STEP	2026-10-04T11:26:13.7246592Z 7  | pub(super) enum ZoneCombatEntityRef {
siege-acceptance / siege-linux	UNKNOWN STEP	2026-10-04T11:26:13.7247011Z    | ^^^^^^^^^^^^^^^^^^^^^^^^^^^^^^^^^^^
siege-acceptance / siege-linux	UNKNOWN STEP	2026-10-04T11:26:13.7247280Z 
siege-acceptance / siege-linux	UNKNOWN STEP	2026-10-04T11:26:13.7247805Z warning: type `entity_combat::ZoneCombatEntityRef` is more private than the item `HornedHit::source_ref`
siege-acceptance / siege-linux	UNKNOWN STEP	2026-10-04T11:26:13.7248714Z   --> apps/simulation/src/runtime/zone/runtime/horned_ai.rs:28:5
siege-acceptance / siege-linux	UNKNOWN STEP	2026-10-04T11:26:13.7249268Z    |
siege-acceptance / siege-linux	UNKNOWN STEP	2026-10-04T11:26:13.7249607Z 28 |     pub source_ref: Option<ZoneCombatEntityRef>,
siege-acceptance / siege-linux	UNKNOWN STEP	2026-10-04T11:26:13.7250665Z    |     ^^^^^^^^^^^^^^^^^^^^^^^^^^^^^^^^^^^^^^^^^^^ field `HornedHit::source_ref` is reachable at visibility `pub(in crate::runtime::zone)`
siege-acceptance / siege-linux	UNKNOWN STEP	2026-10-04T11:26:13.7251440Z    |
siege-acceptance / siege-linux	UNKNOWN STEP	2026-10-04T11:26:13.7252110Z note: but type `entity_combat::ZoneCombatEntityRef` is only usable at visibility `pub(in crate::runtime::zone::runtime)`
siege-acceptance / siege-linux	UNKNOWN STEP	2026-10-04T11:26:13.7253105Z   --> apps/simulation/src/runtime/zone/runtime/entity_combat.rs:7:1
siege-acceptance / siege-linux	UNKNOWN STEP	2026-10-04T11:26:13.7253654Z    |
siege-acceptance / siege-linux	UNKNOWN STEP	2026-10-04T11:26:13.7254185Z 7  | pub(super) enum ZoneCombatEntityRef {
siege-acceptance / siege-linux	UNKNOWN STEP	2026-10-04T11:26:13.7254632Z    | ^^^^^^^^^^^^^^^^^^^^^^^^^^^^^^^^^^^
siege-acceptance / siege-linux	UNKNOWN STEP	2026-10-04T11:26:13.7254881Z 
siege-acceptance / siege-linux	UNKNOWN STEP	2026-10-04T11:26:13.7255339Z warning: type `entity_combat::ZoneCombatEntityRef` is more private than the item `HornedHit::target_ref`
siege-acceptance / siege-linux	UNKNOWN STEP	2026-10-04T11:26:13.7256193Z   --> apps/simulation/src/runtime/zone/runtime/horned_ai.rs:30:5
siege-acceptance / siege-linux	UNKNOWN STEP	2026-10-04T11:26:13.7256674Z    |
siege-acceptance / siege-linux	UNKNOWN STEP	2026-10-04T11:26:13.7257006Z 30 |     pub target_ref: Option<ZoneCombatEntityRef>,
siege-acceptance / siege-linux	UNKNOWN STEP	2026-10-04T11:26:13.7257799Z    |     ^^^^^^^^^^^^^^^^^^^^^^^^^^^^^^^^^^^^^^^^^^^ field `HornedHit::target_ref` is reachable at visibility `pub(in crate::runtime::zone)`
siege-acceptance / siege-linux	UNKNOWN STEP	2026-10-04T11:26:13.7258517Z    |
siege-acceptance / siege-linux	UNKNOWN STEP	2026-10-04T11:26:13.7259194Z note: but type `entity_combat::ZoneCombatEntityRef` is only usable at visibility `pub(in crate::runtime::zone::runtime)`
siege-acceptance / siege-linux	UNKNOWN STEP	2026-10-04T11:26:13.7260113Z   --> apps/simulation/src/runtime/zone/runtime/entity_combat.rs:7:1
siege-acceptance / siege-linux	UNKNOWN STEP	2026-10-04T11:26:13.7260831Z    |
siege-acceptance / siege-linux	UNKNOWN STEP	2026-10-04T11:26:13.7261135Z 7  | pub(super) enum ZoneCombatEntityRef {
siege-acceptance / siege-linux	UNKNOWN STEP	2026-10-04T11:26:13.7261539Z    | ^^^^^^^^^^^^^^^^^^^^^^^^^^^^^^^^^^^
siege-acceptance / siege-linux	UNKNOWN STEP	2026-10-04T11:26:13.7261788Z 
siege-acceptance / siege-linux	UNKNOWN STEP	2026-10-04T11:26:13.7262275Z warning: type `entity_combat::ZoneCombatEntityRef` is more private than the item `HellState::explosion_source_ref`
siege-acceptance / siege-linux	UNKNOWN STEP	2026-10-04T11:26:13.7263125Z   --> apps/simulation/src/runtime/zone/runtime/hell_ai.rs:14:5
siege-acceptance / siege-linux	UNKNOWN STEP	2026-10-04T11:26:13.7263583Z    |
siege-acceptance / siege-linux	UNKNOWN STEP	2026-10-04T11:26:13.7263955Z 14 |     pub explosion_source_ref: Option<ZoneCombatEntityRef>,
siege-acceptance / siege-linux	UNKNOWN STEP	2026-10-04T11:26:13.7265104Z    |     ^^^^^^^^^^^^^^^^^^^^^^^^^^^^^^^^^^^^^^^^^^^^^^^^^^^^^ field `HellState::explosion_source_ref` is reachable at visibility `pub(in crate::runtime::zone)`
siege-acceptance / siege-linux	UNKNOWN STEP	2026-10-04T11:26:13.7265932Z    |
siege-acceptance / siege-linux	UNKNOWN STEP	2026-10-04T11:26:13.7266600Z note: but type `entity_combat::ZoneCombatEntityRef` is only usable at visibility `pub(in crate::runtime::zone::runtime)`
siege-acceptance / siege-linux	UNKNOWN STEP	2026-10-04T11:26:13.7267508Z   --> apps/simulation/src/runtime/zone/runtime/entity_combat.rs:7:1
siege-acceptance / siege-linux	UNKNOWN STEP	2026-10-04T11:26:13.7267992Z    |
siege-acceptance / siege-linux	UNKNOWN STEP	2026-10-04T11:26:13.7268359Z 7  | pub(super) enum ZoneCombatEntityRef {
siege-acceptance / siege-linux	UNKNOWN STEP	2026-10-04T11:26:13.7268754Z    | ^^^^^^^^^^^^^^^^^^^^^^^^^^^^^^^^^^^
siege-acceptance / siege-linux	UNKNOWN STEP	2026-10-04T11:26:13.7269009Z 
siege-acceptance / siege-linux	UNKNOWN STEP	2026-10-04T11:26:13.7269524Z warning: type `entity_combat::ZoneCombatEntityRef` is more private than the item `SpiderAiState::parent_ref`
siege-acceptance / siege-linux	UNKNOWN STEP	2026-10-04T11:26:13.7270656Z   --> apps/simulation/src/runtime/zone/runtime/spider_ai.rs:40:5
siege-acceptance / siege-linux	UNKNOWN STEP	2026-10-04T11:26:13.7271137Z    |
siege-acceptance / siege-linux	UNKNOWN STEP	2026-10-04T11:26:13.7271467Z 40 |     pub parent_ref: Option<ZoneCombatEntityRef>,
siege-acceptance / siege-linux	UNKNOWN STEP	2026-10-04T11:26:13.7272271Z    |     ^^^^^^^^^^^^^^^^^^^^^^^^^^^^^^^^^^^^^^^^^^^ field `SpiderAiState::parent_ref` is reachable at visibility `pub(in crate::runtime::zone)`
siege-acceptance / siege-linux	UNKNOWN STEP	2026-10-04T11:26:13.7273016Z    |
siege-acceptance / siege-linux	UNKNOWN STEP	2026-10-04T11:26:13.7273710Z note: but type `entity_combat::ZoneCombatEntityRef` is only usable at visibility `pub(in crate::runtime::zone::runtime)`
siege-acceptance / siege-linux	UNKNOWN STEP	2026-10-04T11:26:13.7274619Z   --> apps/simulation/src/runtime/zone/runtime/entity_combat.rs:7:1
siege-acceptance / siege-linux	UNKNOWN STEP	2026-10-04T11:26:13.7275158Z    |
siege-acceptance / siege-linux	UNKNOWN STEP	2026-10-04T11:26:13.7275459Z 7  | pub(super) enum ZoneCombatEntityRef {
siege-acceptance / siege-linux	UNKNOWN STEP	2026-10-04T11:26:13.7275867Z    | ^^^^^^^^^^^^^^^^^^^^^^^^^^^^^^^^^^^
siege-acceptance / siege-linux	UNKNOWN STEP	2026-10-04T11:26:13.7276109Z 
siege-acceptance / siege-linux	UNKNOWN STEP	2026-10-04T11:26:13.7276636Z warning: type `entity_combat::ZoneCombatEntityRef` is more private than the item `PendingRootSpiderSpawn::source`
siege-acceptance / siege-linux	UNKNOWN STEP	2026-10-04T11:26:13.7277537Z   --> apps/simulation/src/runtime/zone/runtime/spider_ai.rs:52:5
siege-acceptance / siege-linux	UNKNOWN STEP	2026-10-04T11:26:13.7278025Z    |
siege-acceptance / siege-linux	UNKNOWN STEP	2026-10-04T11:26:13.7278343Z 52 |     pub source: Option<ZoneCombatEntityRef>,
siege-acceptance / siege-linux	UNKNOWN STEP	2026-10-04T11:26:13.7279171Z    |     ^^^^^^^^^^^^^^^^^^^^^^^^^^^^^^^^^^^^^^^ field `PendingRootSpiderSpawn::source` is reachable at visibility `pub(in crate::runtime::zone)`
siege-acceptance / siege-linux	UNKNOWN STEP	2026-10-04T11:26:13.7279929Z    |
siege-acceptance / siege-linux	UNKNOWN STEP	2026-10-04T11:26:13.7280800Z note: but type `entity_combat::ZoneCombatEntityRef` is only usable at visibility `pub(in crate::runtime::zone::runtime)`
siege-acceptance / siege-linux	UNKNOWN STEP	2026-10-04T11:26:13.7281729Z   --> apps/simulation/src/runtime/zone/runtime/entity_combat.rs:7:1
siege-acceptance / siege-linux	UNKNOWN STEP	2026-10-04T11:26:13.7282231Z    |
siege-acceptance / siege-linux	UNKNOWN STEP	2026-10-04T11:26:13.7282704Z 7  | pub(super) enum ZoneCombatEntityRef {
siege-acceptance / siege-linux	UNKNOWN STEP	2026-10-04T11:26:13.7283122Z    | ^^^^^^^^^^^^^^^^^^^^^^^^^^^^^^^^^^^
siege-acceptance / siege-linux	UNKNOWN STEP	2026-10-04T11:26:13.7283398Z 
siege-acceptance / siege-linux	UNKNOWN STEP	2026-10-04T11:26:13.7283900Z warning: type `entity_combat::ZoneCombatEntityRef` is more private than the item `PendingRootSpiderSpawn::target`
siege-acceptance / siege-linux	UNKNOWN STEP	2026-10-04T11:26:13.7284812Z   --> apps/simulation/src/runtime/zone/runtime/spider_ai.rs:54:5
siege-acceptance / siege-linux	UNKNOWN STEP	2026-10-04T11:26:13.7285300Z    |
siege-acceptance / siege-linux	UNKNOWN STEP	2026-10-04T11:26:13.7285612Z 54 |     pub target: Option<ZoneCombatEntityRef>,
siege-acceptance / siege-linux	UNKNOWN STEP	2026-10-04T11:26:13.7286443Z    |     ^^^^^^^^^^^^^^^^^^^^^^^^^^^^^^^^^^^^^^^ field `PendingRootSpiderSpawn::target` is reachable at visibility `pub(in crate::runtime::zone)`
siege-acceptance / siege-linux	UNKNOWN STEP	2026-10-04T11:26:13.7287251Z    |
siege-acceptance / siege-linux	UNKNOWN STEP	2026-10-04T11:26:13.7287892Z note: but type `entity_combat::ZoneCombatEntityRef` is only usable at visibility `pub(in crate::runtime::zone::runtime)`
siege-acceptance / siege-linux	UNKNOWN STEP	2026-10-04T11:26:13.7288853Z   --> apps/simulation/src/runtime/zone/runtime/entity_combat.rs:7:1
siege-acceptance / siege-linux	UNKNOWN STEP	2026-10-04T11:26:13.7289345Z    |
siege-acceptance / siege-linux	UNKNOWN STEP	2026-10-04T11:26:13.7289640Z 7  | pub(super) enum ZoneCombatEntityRef {
siege-acceptance / siege-linux	UNKNOWN STEP	2026-10-04T11:26:13.7290042Z    | ^^^^^^^^^^^^^^^^^^^^^^^^^^^^^^^^^^^
siege-acceptance / siege-linux	UNKNOWN STEP	2026-10-04T11:26:13.7290508Z 
siege-acceptance / siege-linux	UNKNOWN STEP	2026-10-04T11:26:13.7290715Z warning: function `bootstrap_mirror` is never used
siege-acceptance / siege-linux	UNKNOWN STEP	2026-10-04T11:26:13.7291252Z    --> apps/simulation/src/config_item_identity.rs:143:15
siege-acceptance / siege-linux	UNKNOWN STEP	2026-10-04T11:26:13.7291714Z     |
siege-acceptance / siege-linux	UNKNOWN STEP	2026-10-04T11:26:13.7292010Z 143 | pub(super) fn bootstrap_mirror(
siege-acceptance / siege-linux	UNKNOWN STEP	2026-10-04T11:26:13.7292381Z     |               ^^^^^^^^^^^^^^^^
siege-acceptance / siege-linux	UNKNOWN STEP	2026-10-04T11:26:13.7292731Z     |
siege-acceptance / siege-linux	UNKNOWN STEP	2026-10-04T11:26:13.7293040Z     = note: `#[warn(dead_code)]` on by default
siege-acceptance / siege-linux	UNKNOWN STEP	2026-10-04T11:26:13.7293619Z 
siege-acceptance / siege-linux	UNKNOWN STEP	2026-10-04T11:26:13.7293805Z warning: function `mirror_client` is never used
siege-acceptance / siege-linux	UNKNOWN STEP	2026-10-04T11:26:13.7294336Z    --> apps/simulation/src/config_item_identity.rs:187:4
siege-acceptance / siege-linux	UNKNOWN STEP	2026-10-04T11:26:13.7294781Z     |
siege-acceptance / siege-linux	UNKNOWN STEP	2026-10-04T11:26:13.7295277Z 187 | fn mirror_client(config: &SimulationConfig) -> Result<postgres::Client, String> {
siege-acceptance / siege-linux	UNKNOWN STEP	2026-10-04T11:26:13.7295890Z     |    ^^^^^^^^^^^^^
siege-acceptance / siege-linux	UNKNOWN STEP	2026-10-04T11:26:13.7296097Z 
siege-acceptance / siege-linux	UNKNOWN STEP	2026-10-04T11:26:13.7296284Z warning: function `reserve_mirror` is never used
siege-acceptance / siege-linux	UNKNOWN STEP	2026-10-04T11:26:13.7296792Z    --> apps/simulation/src/config_item_identity.rs:203:15
siege-acceptance / siege-linux	UNKNOWN STEP	2026-10-04T11:26:13.7297227Z     |
siege-acceptance / siege-linux	UNKNOWN STEP	2026-10-04T11:26:13.7297504Z 203 | pub(super) fn reserve_mirror(
siege-acceptance / siege-linux	UNKNOWN STEP	2026-10-04T11:26:13.7297871Z     |               ^^^^^^^^^^^^^^
siege-acceptance / siege-linux	UNKNOWN STEP	2026-10-04T11:26:13.7298103Z 
siege-acceptance / siege-linux	UNKNOWN STEP	2026-10-04T11:26:13.7298335Z warning: method `refresh_shared_hero_authority` is never used
siege-acceptance / siege-linux	UNKNOWN STEP	2026-10-04T11:26:13.7298891Z  --> apps/simulation/src/config_hero_authority.rs:8:19
siege-acceptance / siege-linux	UNKNOWN STEP	2026-10-04T11:26:13.7299314Z   |
siege-acceptance / siege-linux	UNKNOWN STEP	2026-10-04T11:26:13.7299616Z 7 | impl SimulationConfig {
siege-acceptance / siege-linux	UNKNOWN STEP	2026-10-04T11:26:13.7300069Z   | --------------------- method in this implementation
siege-acceptance / siege-linux	UNKNOWN STEP	2026-10-04T11:26:13.7300886Z 8 |     pub(crate) fn refresh_shared_hero_authority(&self)->Result<(),String>{
siege-acceptance / siege-linux	UNKNOWN STEP	2026-10-04T11:26:13.7301465Z   |                   ^^^^^^^^^^^^^^^^^^^^^^^^^^^^^
siege-acceptance / siege-linux	UNKNOWN STEP	2026-10-04T11:26:13.7301740Z 
siege-acceptance / siege-linux	UNKNOWN STEP	2026-10-04T11:26:13.7301936Z warning: variant `MacAgility` is never constructed
siege-acceptance / siege-linux	UNKNOWN STEP	2026-10-04T11:26:13.7302435Z    --> apps/simulation/src/runtime/combat.rs:785:5
siege-acceptance / siege-linux	UNKNOWN STEP	2026-10-04T11:26:13.7302872Z     |
siege-acceptance / siege-linux	UNKNOWN STEP	2026-10-04T11:26:13.7303157Z 778 | pub(super) enum CrystalDefence {
siege-acceptance / siege-linux	UNKNOWN STEP	2026-10-04T11:26:13.7303594Z     |                 -------------- variant in this enum
siege-acceptance / siege-linux	UNKNOWN STEP	2026-10-04T11:26:13.7303992Z ...
siege-acceptance / siege-linux	UNKNOWN STEP	2026-10-04T11:26:13.7304260Z 785 |     MacAgility,
siege-acceptance / siege-linux	UNKNOWN STEP	2026-10-04T11:26:13.7304570Z     |     ^^^^^^^^^^
siege-acceptance / siege-linux	UNKNOWN STEP	2026-10-04T11:26:13.7304858Z     |
siege-acceptance / siege-linux	UNKNOWN STEP	2026-10-04T11:26:13.7305611Z     = note: `CrystalDefence` has derived impls for the traits `Debug` and `Clone`, but these are intentionally ignored during dead code analysis
siege-acceptance / siege-linux	UNKNOWN STEP	2026-10-04T11:26:13.7306377Z 
siege-acceptance / siege-linux	UNKNOWN STEP	2026-10-04T11:26:13.7306635Z warning: function `crystal_monster_drop_templates` is never used
siege-acceptance / siege-linux	UNKNOWN STEP	2026-10-04T11:26:13.7307212Z    --> apps/simulation/src/runtime/drops.rs:535:15
siege-acceptance / siege-linux	UNKNOWN STEP	2026-10-04T11:26:13.7307634Z     |
siege-acceptance / siege-linux	UNKNOWN STEP	2026-10-04T11:26:13.7307964Z 535 | pub(super) fn crystal_monster_drop_templates(
siege-acceptance / siege-linux	UNKNOWN STEP	2026-10-04T11:26:13.7308421Z     |               ^^^^^^^^^^^^^^^^^^^^^^^^^^^^^^
siege-acceptance / siege-linux	UNKNOWN STEP	2026-10-04T11:26:13.7308704Z 
siege-acceptance / siege-linux	UNKNOWN STEP	2026-10-04T11:26:13.7309114Z warning: function `crystal_resolve_group_drop` is never used
siege-acceptance / siege-linux	UNKNOWN STEP	2026-10-04T11:26:13.7309678Z    --> apps/simulation/src/runtime/drops.rs:610:15
siege-acceptance / siege-linux	UNKNOWN STEP	2026-10-04T11:26:13.7310110Z     |
siege-acceptance / siege-linux	UNKNOWN STEP	2026-10-04T11:26:13.7310632Z 610 | pub(super) fn crystal_resolve_group_drop(
siege-acceptance / siege-linux	UNKNOWN STEP	2026-10-04T11:26:13.7311092Z     |               ^^^^^^^^^^^^^^^^^^^^^^^^^^
siege-acceptance / siege-linux	UNKNOWN STEP	2026-10-04T11:26:13.7311360Z 
siege-acceptance / siege-linux	UNKNOWN STEP	2026-10-04T11:26:13.7311591Z warning: function `equipment_state_identified` is never used
siege-acceptance / siege-linux	UNKNOWN STEP	2026-10-04T11:26:13.7312159Z    --> apps/simulation/src/runtime/equipment.rs:309:15
siege-acceptance / siege-linux	UNKNOWN STEP	2026-10-04T11:26:13.7312609Z     |
siege-acceptance / siege-linux	UNKNOWN STEP	2026-10-04T11:26:13.7313067Z 309 | pub(super) fn equipment_state_identified(item: &EquipmentState) -> bool {
siege-acceptance / siege-linux	UNKNOWN STEP	2026-10-04T11:26:13.7313663Z     |               ^^^^^^^^^^^^^^^^^^^^^^^^^^
siege-acceptance / siege-linux	UNKNOWN STEP	2026-10-04T11:26:13.7313922Z 
siege-acceptance / siege-linux	UNKNOWN STEP	2026-10-04T11:26:13.7314166Z warning: function `equipment_state_soul_bound_id` is never used
siege-acceptance / siege-linux	UNKNOWN STEP	2026-10-04T11:26:13.7314768Z    --> apps/simulation/src/runtime/equipment.rs:314:15
siege-acceptance / siege-linux	UNKNOWN STEP	2026-10-04T11:26:13.7315208Z     |
siege-acceptance / siege-linux	UNKNOWN STEP	2026-10-04T11:26:13.7315680Z 314 | pub(super) fn equipment_state_soul_bound_id(item: &EquipmentState) -> i32 {
siege-acceptance / siege-linux	UNKNOWN STEP	2026-10-04T11:26:13.7316293Z     |               ^^^^^^^^^^^^^^^^^^^^^^^^^^^^^
siege-acceptance / siege-linux	UNKNOWN STEP	2026-10-04T11:26:13.7316568Z 
siege-acceptance / siege-linux	UNKNOWN STEP	2026-10-04T11:26:13.7316777Z warning: method `record_unresolved_legacy` is never used
siege-acceptance / siege-linux	UNKNOWN STEP	2026-10-04T11:26:13.7317362Z   --> apps/simulation/src/runtime/hero_registry_carriers.rs:42:12
siege-acceptance / siege-linux	UNKNOWN STEP	2026-10-04T11:26:13.7317882Z    |
siege-acceptance / siege-linux	UNKNOWN STEP	2026-10-04T11:26:13.7318175Z 14 | impl HeroCarrierCensus {
siege-acceptance / siege-linux	UNKNOWN STEP	2026-10-04T11:26:13.7318607Z    | ---------------------- method in this implementation
siege-acceptance / siege-linux	UNKNOWN STEP	2026-10-04T11:26:13.7319231Z ...
siege-acceptance / siege-linux	UNKNOWN STEP	2026-10-04T11:26:13.7319787Z 42 |     pub fn record_unresolved_legacy(&mut self,root:&super::items::ItemState)->Result<(),String>{
siege-acceptance / siege-linux	UNKNOWN STEP	2026-10-04T11:26:13.7320685Z    |            ^^^^^^^^^^^^^^^^^^^^^^^^
siege-acceptance / siege-linux	UNKNOWN STEP	2026-10-04T11:26:13.7320954Z 
siege-acceptance / siege-linux	UNKNOWN STEP	2026-10-04T11:26:13.7321104Z warning: function `decode` is never used
siege-acceptance / siege-linux	UNKNOWN STEP	2026-10-04T11:26:13.7321601Z  --> apps/simulation/src/runtime/hero_registry_scan.rs:8:4
siege-acceptance / siege-linux	UNKNOWN STEP	2026-10-04T11:26:13.7322064Z   |
siege-acceptance / siege-linux	UNKNOWN STEP	2026-10-04T11:26:13.7322849Z 8 | fn decode<T:DeserializeOwned>(value:&str)->Result<T,String>{serde_json::from_str(value).map_err(|error|format!("invalid Hero custody carr...
siege-acceptance / siege-linux	UNKNOWN STEP	2026-10-04T11:26:13.7323750Z   |    ^^^^^^
siege-acceptance / siege-linux	UNKNOWN STEP	2026-10-04T11:26:13.7323915Z 
siege-acceptance / siege-linux	UNKNOWN STEP	2026-10-04T11:26:13.7324091Z warning: function `add_wire` is never used
siege-acceptance / siege-linux	UNKNOWN STEP	2026-10-04T11:26:13.7324592Z  --> apps/simulation/src/runtime/hero_registry_scan.rs:9:4
siege-acceptance / siege-linux	UNKNOWN STEP	2026-10-04T11:26:13.7325047Z   |
siege-acceptance / siege-linux	UNKNOWN STEP	2026-10-04T11:26:13.7325731Z 9 | fn add_wire(census:&mut HeroCarrierCensus,item:&UserItem,origin:CarrierOrigin,forbidden_bind:u16)->Result<(),String>{
siege-acceptance / siege-linux	UNKNOWN STEP	2026-10-04T11:26:13.7326583Z   |    ^^^^^^^^
siege-acceptance / siege-linux	UNKNOWN STEP	2026-10-04T11:26:13.7326774Z 
siege-acceptance / siege-linux	UNKNOWN STEP	2026-10-04T11:26:13.7326937Z warning: function `add_items` is never used
siege-acceptance / siege-linux	UNKNOWN STEP	2026-10-04T11:26:13.7327473Z   --> apps/simulation/src/runtime/hero_registry_scan.rs:21:4
siege-acceptance / siege-linux	UNKNOWN STEP	2026-10-04T11:26:13.7327961Z    |
siege-acceptance / siege-linux	UNKNOWN STEP	2026-10-04T11:26:13.7328465Z 21 | fn add_items(census:&mut HeroCarrierCensus,encoded:&[String],origin:CarrierOrigin,forbidden:u16)->Result<(),String>{
siege-acceptance / siege-linux	UNKNOWN STEP	2026-10-04T11:26:13.7328985Z    |    ^^^^^^^^^
siege-acceptance / siege-linux	UNKNOWN STEP	2026-10-04T11:26:13.7329101Z 
siege-acceptance / siege-linux	UNKNOWN STEP	2026-10-04T11:26:13.7329229Z warning: function `add_character` is never used
siege-acceptance / siege-linux	UNKNOWN STEP	2026-10-04T11:26:13.7329584Z   --> apps/simulation/src/runtime/hero_registry_scan.rs:32:4
siege-acceptance / siege-linux	UNKNOWN STEP	2026-10-04T11:26:13.7330075Z    |
siege-acceptance / siege-linux	UNKNOWN STEP	2026-10-04T11:26:13.7330850Z 32 | fn add_character(census:&mut HeroCarrierCensus,save:&CharacterSaveRecord,mirrored:bool)->Result<(),String>{
siege-acceptance / siege-linux	UNKNOWN STEP	2026-10-04T11:26:13.7331354Z    |    ^^^^^^^^^^^^^
siege-acceptance / siege-linux	UNKNOWN STEP	2026-10-04T11:26:13.7331483Z 
siege-acceptance / siege-linux	UNKNOWN STEP	2026-10-04T11:26:13.7331669Z warning: function `validate_shared_hero_physical_custody` is never used
siege-acceptance / siege-linux	UNKNOWN STEP	2026-10-04T11:26:13.7332110Z   --> apps/simulation/src/runtime/hero_registry_scan.rs:86:15
siege-acceptance / siege-linux	UNKNOWN STEP	2026-10-04T11:26:13.7332423Z    |
siege-acceptance / siege-linux	UNKNOWN STEP	2026-10-04T11:26:13.7332771Z 86 | pub(crate) fn validate_shared_hero_physical_custody(store:&AccountStore)->Result<(),String>{
siege-acceptance / siege-linux	UNKNOWN STEP	2026-10-04T11:26:13.7333221Z    |               ^^^^^^^^^^^^^^^^^^^^^^^^^^^^^^^^^^^^^
siege-acceptance / siege-linux	UNKNOWN STEP	2026-10-04T11:26:13.7333410Z 
siege-acceptance / siege-linux	UNKNOWN STEP	2026-10-04T11:26:13.7333578Z warning: function `hero_inventory_item_is_broken` is never used
siege-acceptance / siege-linux	UNKNOWN STEP	2026-10-04T11:26:13.7334115Z     --> apps/simulation/src/runtime/items.rs:3456:4
siege-acceptance / siege-linux	UNKNOWN STEP	2026-10-04T11:26:13.7334409Z      |
siege-acceptance / siege-linux	UNKNOWN STEP	2026-10-04T11:26:13.7334671Z 3456 | fn hero_inventory_item_is_broken(item: &ItemState) -> bool {
siege-acceptance / siege-linux	UNKNOWN STEP	2026-10-04T11:26:13.7335001Z      |    ^^^^^^^^^^^^^^^^^^^^^^^^^^^^^
siege-acceptance / siege-linux	UNKNOWN STEP	2026-10-04T11:26:13.7335167Z 
siege-acceptance / siege-linux	UNKNOWN STEP	2026-10-04T11:26:13.7335330Z warning: function `hero_inventory_requirement_stat` is never used
siege-acceptance / siege-linux	UNKNOWN STEP	2026-10-04T11:26:13.7335711Z     --> apps/simulation/src/runtime/items.rs:3460:4
siege-acceptance / siege-linux	UNKNOWN STEP	2026-10-04T11:26:13.7335980Z      |
siege-acceptance / siege-linux	UNKNOWN STEP	2026-10-04T11:26:13.7336280Z 3460 | fn hero_inventory_requirement_stat(item: &ItemState, stat: u8) -> i32 {
siege-acceptance / siege-linux	UNKNOWN STEP	2026-10-04T11:26:13.7336649Z      |    ^^^^^^^^^^^^^^^^^^^^^^^^^^^^^^^
siege-acceptance / siege-linux	UNKNOWN STEP	2026-10-04T11:26:13.7336818Z 
siege-acceptance / siege-linux	UNKNOWN STEP	2026-10-04T11:26:13.7336954Z warning: function `repair_conquest_asset` is never used
siege-acceptance / siege-linux	UNKNOWN STEP	2026-10-04T11:26:13.7337306Z     --> apps/simulation/src/runtime/monsters.rs:1879:15
siege-acceptance / siege-linux	UNKNOWN STEP	2026-10-04T11:26:13.7337586Z      |
siege-acceptance / siege-linux	UNKNOWN STEP	2026-10-04T11:26:13.7337927Z 1879 | pub(super) fn repair_conquest_asset(world: &mut World, ai: u8, asset_id: u8) -> bool {
siege-acceptance / siege-linux	UNKNOWN STEP	2026-10-04T11:26:13.7338345Z      |               ^^^^^^^^^^^^^^^^^^^^^
siege-acceptance / siege-linux	UNKNOWN STEP	2026-10-04T11:26:13.7338517Z 
siege-acceptance / siege-linux	UNKNOWN STEP	2026-10-04T11:26:13.7338637Z warning: function `complete_quest` is never used
siege-acceptance / siege-linux	UNKNOWN STEP	2026-10-04T11:26:13.7338961Z     --> apps/simulation/src/runtime/quests.rs:1094:15
siege-acceptance / siege-linux	UNKNOWN STEP	2026-10-04T11:26:13.7339238Z      |
siege-acceptance / siege-linux	UNKNOWN STEP	2026-10-04T11:26:13.7339500Z 1094 | pub(super) fn complete_quest(world: &mut World, quest_id: i32) {
siege-acceptance / siege-linux	UNKNOWN STEP	2026-10-04T11:26:13.7339842Z      |               ^^^^^^^^^^^^^^
siege-acceptance / siege-linux	UNKNOWN STEP	2026-10-04T11:26:13.7340126Z 
siege-acceptance / siege-linux	UNKNOWN STEP	2026-10-04T11:26:13.7340514Z warning: function `quest_info_by_id_unchecked` is never used
siege-acceptance / siege-linux	UNKNOWN STEP	2026-10-04T11:26:13.7340919Z    --> apps/simulation/src/runtime/newcomer_v2.rs:231:27
siege-acceptance / siege-linux	UNKNOWN STEP	2026-10-04T11:26:13.7341224Z     |
siege-acceptance / siege-linux	UNKNOWN STEP	2026-10-04T11:26:13.7341597Z 231 | pub(in crate::runtime) fn quest_info_by_id_unchecked(quest_id: i32) -> Option<ClientQuestInfo> {
siege-acceptance / siege-linux	UNKNOWN STEP	2026-10-04T11:26:13.7342069Z     |                           ^^^^^^^^^^^^^^^^^^^^^^^^^^
siege-acceptance / siege-linux	UNKNOWN STEP	2026-10-04T11:26:13.7342259Z 
siege-acceptance / siege-linux	UNKNOWN STEP	2026-10-04T11:26:13.7342407Z warning: function `persist_character_save` is never used
siege-acceptance / siege-linux	UNKNOWN STEP	2026-10-04T11:26:13.7342747Z    --> apps/simulation/src/runtime/save.rs:926:15
siege-acceptance / siege-linux	UNKNOWN STEP	2026-10-04T11:26:13.7343022Z     |
siege-acceptance / siege-linux	UNKNOWN STEP	2026-10-04T11:26:13.7343223Z 926 | pub(super) fn persist_character_save(
siege-acceptance / siege-linux	UNKNOWN STEP	2026-10-04T11:26:13.7343495Z     |               ^^^^^^^^^^^^^^^^^^^^^^
siege-acceptance / siege-linux	UNKNOWN STEP	2026-10-04T11:26:13.7343663Z 
siege-acceptance / siege-linux	UNKNOWN STEP	2026-10-04T11:26:13.7343775Z warning: function `hell_can_move` is never used
siege-acceptance / siege-linux	UNKNOWN STEP	2026-10-04T11:26:13.7344130Z   --> apps/simulation/src/runtime/zone/runtime/hell_ai.rs:68:15
siege-acceptance / siege-linux	UNKNOWN STEP	2026-10-04T11:26:13.7344458Z    |
siege-acceptance / siege-linux	UNKNOWN STEP	2026-10-04T11:26:13.7344710Z 68 | pub(super) fn hell_can_move(m: &ZoneNativeMonster) -> bool {
siege-acceptance / siege-linux	UNKNOWN STEP	2026-10-04T11:26:13.7345033Z    |               ^^^^^^^^^^^^^
siege-acceptance / siege-linux	UNKNOWN STEP	2026-10-04T11:26:13.7345177Z 
siege-acceptance / siege-linux	UNKNOWN STEP	2026-10-04T11:26:13.7345294Z warning: function `hell_can_regen` is never used
siege-acceptance / siege-linux	UNKNOWN STEP	2026-10-04T11:26:13.7345648Z   --> apps/simulation/src/runtime/zone/runtime/hell_ai.rs:74:15
siege-acceptance / siege-linux	UNKNOWN STEP	2026-10-04T11:26:13.7345961Z    |
siege-acceptance / siege-linux	UNKNOWN STEP	2026-10-04T11:26:13.7346211Z 74 | pub(super) fn hell_can_regen(m: &ZoneNativeMonster) -> bool {
siege-acceptance / siege-linux	UNKNOWN STEP	2026-10-04T11:26:13.7346534Z    |               ^^^^^^^^^^^^^^
siege-acceptance / siege-linux	UNKNOWN STEP	2026-10-04T11:26:13.7346685Z 
siege-acceptance / siege-linux	UNKNOWN STEP	2026-10-04T11:26:13.7346817Z warning: unused `std::result::Result` that must be used
siege-acceptance / siege-linux	UNKNOWN STEP	2026-10-04T11:26:13.7347177Z   --> apps/simulation/src/runtime/mail_parcel_tests.rs:42:5
siege-acceptance / siege-linux	UNKNOWN STEP	2026-10-04T11:26:13.7347480Z    |
siege-acceptance / siege-linux	UNKNOWN STEP	2026-10-04T11:26:13.7347687Z 42 |     session.save_active_character();
siege-acceptance / siege-linux	UNKNOWN STEP	2026-10-04T11:26:13.7347950Z    |     ^^^^^^^^^^^^^^^^^^^^^^^^^^^^^^^
siege-acceptance / siege-linux	UNKNOWN STEP	2026-10-04T11:26:13.7348181Z    |
siege-acceptance / siege-linux	UNKNOWN STEP	2026-10-04T11:26:13.7348440Z    = note: this `Result` may be an `Err` variant, which should be handled
siege-acceptance / siege-linux	UNKNOWN STEP	2026-10-04T11:26:13.7348823Z    = note: `#[warn(unused_must_use)]` on by default
siege-acceptance / siege-linux	UNKNOWN STEP	2026-10-04T11:26:13.7349145Z help: use `let _ = ...` to ignore the resulting value
siege-acceptance / siege-linux	UNKNOWN STEP	2026-10-04T11:26:13.7349431Z    |
siege-acceptance / siege-linux	UNKNOWN STEP	2026-10-04T11:26:13.7349629Z 42 |     let _ = session.save_active_character();
siege-acceptance / siege-linux	UNKNOWN STEP	2026-10-04T11:26:13.7349897Z    |     +++++++
siege-acceptance / siege-linux	UNKNOWN STEP	2026-10-04T11:26:13.7350005Z 
siege-acceptance / siege-linux	UNKNOWN STEP	2026-10-04T11:26:13.7350142Z warning: unused `std::result::Result` that must be used
siege-acceptance / siege-linux	UNKNOWN STEP	2026-10-04T11:26:13.7350884Z     --> apps/simulation/src/runtime/tests.rs:1732:5
siege-acceptance / siege-linux	UNKNOWN STEP	2026-10-04T11:26:13.7351177Z      |
siege-acceptance / siege-linux	UNKNOWN STEP	2026-10-04T11:26:13.7351371Z 1732 |     sender.save_active_character();
siege-acceptance / siege-linux	UNKNOWN STEP	2026-10-04T11:26:13.7351634Z      |     ^^^^^^^^^^^^^^^^^^^^^^^^^^^^^^
siege-acceptance / siege-linux	UNKNOWN STEP	2026-10-04T11:26:13.7351865Z      |
siege-acceptance / siege-linux	UNKNOWN STEP	2026-10-04T11:26:13.7352126Z      = note: this `Result` may be an `Err` variant, which should be handled
siege-acceptance / siege-linux	UNKNOWN STEP	2026-10-04T11:26:13.7352543Z help: use `let _ = ...` to ignore the resulting value
siege-acceptance / siege-linux	UNKNOWN STEP	2026-10-04T11:26:13.7352840Z      |
siege-acceptance / siege-linux	UNKNOWN STEP	2026-10-04T11:26:13.7353050Z 1732 |     let _ = sender.save_active_character();
siege-acceptance / siege-linux	UNKNOWN STEP	2026-10-04T11:26:13.7353327Z      |     +++++++
siege-acceptance / siege-linux	UNKNOWN STEP	2026-10-04T11:26:13.7353437Z 
siege-acceptance / siege-linux	UNKNOWN STEP	2026-10-04T11:26:13.7353620Z warning: unused `std::result::Result` that must be used
siege-acceptance / siege-linux	UNKNOWN STEP	2026-10-04T11:26:13.7354215Z     --> apps/simulation/src/runtime/tests.rs:3025:5
siege-acceptance / siege-linux	UNKNOWN STEP	2026-10-04T11:26:13.7354686Z      |
siege-acceptance / siege-linux	UNKNOWN STEP	2026-10-04T11:26:13.7355014Z 3025 |     session.save_active_character();
siege-acceptance / siege-linux	UNKNOWN STEP	2026-10-04T11:26:13.7355456Z      |     ^^^^^^^^^^^^^^^^^^^^^^^^^^^^^^^
siege-acceptance / siege-linux	UNKNOWN STEP	2026-10-04T11:26:13.7355837Z      |
siege-acceptance / siege-linux	UNKNOWN STEP	2026-10-04T11:26:13.7356262Z      = note: this `Result` may be an `Err` variant, which should be handled
siege-acceptance / siege-linux	UNKNOWN STEP	2026-10-04T11:26:13.7356892Z help: use `let _ = ...` to ignore the resulting value
siege-acceptance / siege-linux	UNKNOWN STEP	2026-10-04T11:26:13.7357367Z      |
siege-acceptance / siege-linux	UNKNOWN STEP	2026-10-04T11:26:13.7357701Z 3025 |     let _ = session.save_active_character();
siege-acceptance / siege-linux	UNKNOWN STEP	2026-10-04T11:26:13.7358149Z      |     +++++++
siege-acceptance / siege-linux	UNKNOWN STEP	2026-10-04T11:26:13.7358331Z 
siege-acceptance / siege-linux	UNKNOWN STEP	2026-10-04T11:26:13.7358553Z warning: unused `std::result::Result` that must be used
siege-acceptance / siege-linux	UNKNOWN STEP	2026-10-04T11:26:13.7359305Z     --> apps/simulation/src/runtime/tests.rs:3048:5
siege-acceptance / siege-linux	UNKNOWN STEP	2026-10-04T11:26:13.7359745Z      |
siege-acceptance / siege-linux	UNKNOWN STEP	2026-10-04T11:26:13.7360043Z 3048 |     session.save_active_character();
siege-acceptance / siege-linux	UNKNOWN STEP	2026-10-04T11:26:13.7360717Z      |     ^^^^^^^^^^^^^^^^^^^^^^^^^^^^^^^
siege-acceptance / siege-linux	UNKNOWN STEP	2026-10-04T11:26:13.7361146Z      |
siege-acceptance / siege-linux	UNKNOWN STEP	2026-10-04T11:26:13.7361605Z      = note: this `Result` may be an `Err` variant, which should be handled
siege-acceptance / siege-linux	UNKNOWN STEP	2026-10-04T11:26:13.7362308Z help: use `let _ = ...` to ignore the resulting value
siege-acceptance / siege-linux	UNKNOWN STEP	2026-10-04T11:26:13.7362779Z      |
siege-acceptance / siege-linux	UNKNOWN STEP	2026-10-04T11:26:13.7363118Z 3048 |     let _ = session.save_active_character();
siege-acceptance / siege-linux	UNKNOWN STEP	2026-10-04T11:26:13.7363577Z      |     +++++++
siege-acceptance / siege-linux	UNKNOWN STEP	2026-10-04T11:26:13.7363779Z 
siege-acceptance / siege-linux	UNKNOWN STEP	2026-10-04T11:26:13.7364007Z warning: unused `std::result::Result` that must be used
siege-acceptance / siege-linux	UNKNOWN STEP	2026-10-04T11:26:13.7364520Z     --> apps/simulation/src/runtime/tests.rs:3138:5
siege-acceptance / siege-linux	UNKNOWN STEP	2026-10-04T11:26:13.7364797Z      |
siege-acceptance / siege-linux	UNKNOWN STEP	2026-10-04T11:26:13.7364994Z 3138 |     first.save_active_character();
siege-acceptance / siege-linux	UNKNOWN STEP	2026-10-04T11:26:13.7365261Z      |     ^^^^^^^^^^^^^^^^^^^^^^^^^^^^^
siege-acceptance / siege-linux	UNKNOWN STEP	2026-10-04T11:26:13.7365503Z      |
siege-acceptance / siege-linux	UNKNOWN STEP	2026-10-04T11:26:13.7365761Z      = note: this `Result` may be an `Err` variant, which should be handled
siege-acceptance / siege-linux	UNKNOWN STEP	2026-10-04T11:26:13.7366145Z help: use `let _ = ...` to ignore the resulting value
siege-acceptance / siege-linux	UNKNOWN STEP	2026-10-04T11:26:13.7366427Z      |
siege-acceptance / siege-linux	UNKNOWN STEP	2026-10-04T11:26:13.7366624Z 3138 |     let _ = first.save_active_character();
siege-acceptance / siege-linux	UNKNOWN STEP	2026-10-04T11:26:13.7366891Z      |     +++++++
siege-acceptance / siege-linux	UNKNOWN STEP	2026-10-04T11:26:13.7367007Z 
siege-acceptance / siege-linux	UNKNOWN STEP	2026-10-04T11:26:13.7367138Z warning: unused `std::result::Result` that must be used
siege-acceptance / siege-linux	UNKNOWN STEP	2026-10-04T11:26:13.7367471Z     --> apps/simulation/src/runtime/tests.rs:3202:5
siege-acceptance / siege-linux	UNKNOWN STEP	2026-10-04T11:26:13.7367740Z      |
siege-acceptance / siege-linux	UNKNOWN STEP	2026-10-04T11:26:13.7368073Z 3202 |     session.save_active_character();
siege-acceptance / siege-linux	UNKNOWN STEP	2026-10-04T11:26:13.7368869Z      |     ^^^^^^^^^^^^^^^^^^^^^^^^^^^^^^^
siege-acceptance / siege-linux	UNKNOWN STEP	2026-10-04T11:26:13.7369250Z      |
siege-acceptance / siege-linux	UNKNOWN STEP	2026-10-04T11:26:13.7369683Z      = note: this `Result` may be an `Err` variant, which should be handled
siege-acceptance / siege-linux	UNKNOWN STEP	2026-10-04T11:26:13.7370732Z help: use `let _ = ...` to ignore the resulting value
siege-acceptance / siege-linux	UNKNOWN STEP	2026-10-04T11:26:13.7371235Z      |
siege-acceptance / siege-linux	UNKNOWN STEP	2026-10-04T11:26:13.7371613Z 3202 |     let _ = session.save_active_character();
siege-acceptance / siege-linux	UNKNOWN STEP	2026-10-04T11:26:13.7372064Z      |     +++++++
siege-acceptance / siege-linux	UNKNOWN STEP	2026-10-04T11:26:13.7372260Z 
siege-acceptance / siege-linux	UNKNOWN STEP	2026-10-04T11:26:13.7372480Z warning: unused `std::result::Result` that must be used
siege-acceptance / siege-linux	UNKNOWN STEP	2026-10-04T11:26:13.7373055Z     --> apps/simulation/src/runtime/tests.rs:3269:5
siege-acceptance / siege-linux	UNKNOWN STEP	2026-10-04T11:26:13.7373531Z      |
siege-acceptance / siege-linux	UNKNOWN STEP	2026-10-04T11:26:13.7373855Z 3269 |     first.save_active_character();
siege-acceptance / siege-linux	UNKNOWN STEP	2026-10-04T11:26:13.7374306Z      |     ^^^^^^^^^^^^^^^^^^^^^^^^^^^^^
siege-acceptance / siege-linux	UNKNOWN STEP	2026-10-04T11:26:13.7374910Z      |
siege-acceptance / siege-linux	UNKNOWN STEP	2026-10-04T11:26:13.7375370Z      = note: this `Result` may be an `Err` variant, which should be handled
siege-acceptance / siege-linux	UNKNOWN STEP	2026-10-04T11:26:13.7376028Z help: use `let _ = ...` to ignore the resulting value
siege-acceptance / siege-linux	UNKNOWN STEP	2026-10-04T11:26:13.7376523Z      |
siege-acceptance / siege-linux	UNKNOWN STEP	2026-10-04T11:26:13.7376867Z 3269 |     let _ = first.save_active_character();
siege-acceptance / siege-linux	UNKNOWN STEP	2026-10-04T11:26:13.7377308Z      |     +++++++
siege-acceptance / siege-linux	UNKNOWN STEP	2026-10-04T11:26:13.7377504Z 
siege-acceptance / siege-linux	UNKNOWN STEP	2026-10-04T11:26:13.7377728Z warning: unused `std::result::Result` that must be used
siege-acceptance / siege-linux	UNKNOWN STEP	2026-10-04T11:26:13.7378309Z     --> apps/simulation/src/runtime/tests.rs:3492:5
siege-acceptance / siege-linux	UNKNOWN STEP	2026-10-04T11:26:13.7378756Z      |
siege-acceptance / siege-linux	UNKNOWN STEP	2026-10-04T11:26:13.7379088Z 3492 |     alpha.save_active_character();
siege-acceptance / siege-linux	UNKNOWN STEP	2026-10-04T11:26:13.7379610Z      |     ^^^^^^^^^^^^^^^^^^^^^^^^^^^^^
siege-acceptance / siege-linux	UNKNOWN STEP	2026-10-04T11:26:13.7380040Z      |
siege-acceptance / siege-linux	UNKNOWN STEP	2026-10-04T11:26:13.7380723Z      = note: this `Result` may be an `Err` variant, which should be handled
siege-acceptance / siege-linux	UNKNOWN STEP	2026-10-04T11:26:13.7381409Z help: use `let _ = ...` to ignore the resulting value
siege-acceptance / siege-linux	UNKNOWN STEP	2026-10-04T11:26:13.7381960Z      |
siege-acceptance / siege-linux	UNKNOWN STEP	2026-10-04T11:26:13.7382365Z 3492 |     let _ = alpha.save_active_character();
siege-acceptance / siege-linux	UNKNOWN STEP	2026-10-04T11:26:13.7382872Z      |     +++++++
siege-acceptance / siege-linux	UNKNOWN STEP	2026-10-04T11:26:13.7383091Z 
siege-acceptance / siege-linux	UNKNOWN STEP	2026-10-04T11:26:13.7383327Z warning: unused `std::result::Result` that must be used
siege-acceptance / siege-linux	UNKNOWN STEP	2026-10-04T11:26:13.7383915Z     --> apps/simulation/src/runtime/tests.rs:3493:5
siege-acceptance / siege-linux	UNKNOWN STEP	2026-10-04T11:26:13.7384380Z      |
siege-acceptance / siege-linux	UNKNOWN STEP	2026-10-04T11:26:13.7384699Z 3493 |     beta.save_active_character();
siege-acceptance / siege-linux	UNKNOWN STEP	2026-10-04T11:26:13.7385125Z      |     ^^^^^^^^^^^^^^^^^^^^^^^^^^^^
siege-acceptance / siege-linux	UNKNOWN STEP	2026-10-04T11:26:13.7385509Z      |
siege-acceptance / siege-linux	UNKNOWN STEP	2026-10-04T11:26:13.7386179Z      = note: this `Result` may be an `Err` variant, which should be handled
siege-acceptance / siege-linux	UNKNOWN STEP	2026-10-04T11:26:13.7386836Z help: use `let _ = ...` to ignore the resulting value
siege-acceptance / siege-linux	UNKNOWN STEP	2026-10-04T11:26:13.7387303Z      |
siege-acceptance / siege-linux	UNKNOWN STEP	2026-10-04T11:26:13.7387632Z 3493 |     let _ = beta.save_active_character();
siege-acceptance / siege-linux	UNKNOWN STEP	2026-10-04T11:26:13.7388085Z      |     +++++++
siege-acceptance / siege-linux	UNKNOWN STEP	2026-10-04T11:26:13.7388270Z 
siege-acceptance / siege-linux	UNKNOWN STEP	2026-10-04T11:26:13.7388498Z warning: unused `std::result::Result` that must be used
siege-acceptance / siege-linux	UNKNOWN STEP	2026-10-04T11:26:13.7389064Z     --> apps/simulation/src/runtime/tests.rs:6691:5
siege-acceptance / siege-linux	UNKNOWN STEP	2026-10-04T11:26:13.7389527Z      |
siege-acceptance / siege-linux	UNKNOWN STEP	2026-10-04T11:26:13.7389852Z 6691 |     session.save_active_character();
siege-acceptance / siege-linux	UNKNOWN STEP	2026-10-04T11:26:13.7390533Z      |     ^^^^^^^^^^^^^^^^^^^^^^^^^^^^^^^
siege-acceptance / siege-linux	UNKNOWN STEP	2026-10-04T11:26:13.7390938Z      |
siege-acceptance / siege-linux	UNKNOWN STEP	2026-10-04T11:26:13.7391377Z      = note: this `Result` may be an `Err` variant, which should be handled
siege-acceptance / siege-linux	UNKNOWN STEP	2026-10-04T11:26:13.7392029Z help: use `let _ = ...` to ignore the resulting value
siege-acceptance / siege-linux	UNKNOWN STEP	2026-10-04T11:26:13.7392599Z      |
siege-acceptance / siege-linux	UNKNOWN STEP	2026-10-04T11:26:13.7392946Z 6691 |     let _ = session.save_active_character();
siege-acceptance / siege-linux	UNKNOWN STEP	2026-10-04T11:26:13.7393411Z      |     +++++++
siege-acceptance / siege-linux	UNKNOWN STEP	2026-10-04T11:26:13.7393597Z 
siege-acceptance / siege-linux	UNKNOWN STEP	2026-10-04T11:26:13.7393825Z warning: unused `std::result::Result` that must be used
siege-acceptance / siege-linux	UNKNOWN STEP	2026-10-04T11:26:13.7394392Z      --> apps/simulation/src/runtime/tests.rs:28444:5
siege-acceptance / siege-linux	UNKNOWN STEP	2026-10-04T11:26:13.7394858Z       |
siege-acceptance / siege-linux	UNKNOWN STEP	2026-10-04T11:26:13.7395188Z 28444 |     session.save_active_character();
siege-acceptance / siege-linux	UNKNOWN STEP	2026-10-04T11:26:13.7395638Z       |     ^^^^^^^^^^^^^^^^^^^^^^^^^^^^^^^
siege-acceptance / siege-linux	UNKNOWN STEP	2026-10-04T11:26:13.7396035Z       |
siege-acceptance / siege-linux	UNKNOWN STEP	2026-10-04T11:26:13.7396479Z       = note: this `Result` may be an `Err` variant, which should be handled
siege-acceptance / siege-linux	UNKNOWN STEP	2026-10-04T11:26:13.7397136Z help: use `let _ = ...` to ignore the resulting value
siege-acceptance / siege-linux	UNKNOWN STEP	2026-10-04T11:26:13.7397600Z       |
siege-acceptance / siege-linux	UNKNOWN STEP	2026-10-04T11:26:13.7397955Z 28444 |     let _ = session.save_active_character();
siege-acceptance / siege-linux	UNKNOWN STEP	2026-10-04T11:26:13.7398414Z       |     +++++++
siege-acceptance / siege-linux	UNKNOWN STEP	2026-10-04T11:26:13.7398601Z 
siege-acceptance / siege-linux	UNKNOWN STEP	2026-10-04T11:26:13.7398830Z warning: unused `std::result::Result` that must be used
siege-acceptance / siege-linux	UNKNOWN STEP	2026-10-04T11:26:13.7399388Z      --> apps/simulation/src/runtime/tests.rs:29432:5
siege-acceptance / siege-linux	UNKNOWN STEP	2026-10-04T11:26:13.7399855Z       |
siege-acceptance / siege-linux	UNKNOWN STEP	2026-10-04T11:26:13.7400173Z 29432 |     first.save_active_character();
siege-acceptance / siege-linux	UNKNOWN STEP	2026-10-04T11:26:13.7400804Z       |     ^^^^^^^^^^^^^^^^^^^^^^^^^^^^^
siege-acceptance / siege-linux	UNKNOWN STEP	2026-10-04T11:26:13.7401201Z       |
siege-acceptance / siege-linux	UNKNOWN STEP	2026-10-04T11:26:13.7401637Z       = note: this `Result` may be an `Err` variant, which should be handled
siege-acceptance / siege-linux	UNKNOWN STEP	2026-10-04T11:26:13.7402290Z help: use `let _ = ...` to ignore the resulting value
siege-acceptance / siege-linux	UNKNOWN STEP	2026-10-04T11:26:13.7402755Z       |
siege-acceptance / siege-linux	UNKNOWN STEP	2026-10-04T11:26:13.7403278Z 29432 |     let _ = first.save_active_character();
siege-acceptance / siege-linux	UNKNOWN STEP	2026-10-04T11:26:13.7403745Z       |     +++++++
siege-acceptance / siege-linux	UNKNOWN STEP	2026-10-04T11:26:13.7403931Z 
siege-acceptance / siege-linux	UNKNOWN STEP	2026-10-04T11:26:13.7404160Z warning: unused `std::result::Result` that must be used
siege-acceptance / siege-linux	UNKNOWN STEP	2026-10-04T11:26:13.7404718Z      --> apps/simulation/src/runtime/tests.rs:30460:5
siege-acceptance / siege-linux	UNKNOWN STEP	2026-10-04T11:26:13.7405179Z       |
siege-acceptance / siege-linux	UNKNOWN STEP	2026-10-04T11:26:13.7405498Z 30460 |     first.save_active_character();
siege-acceptance / siege-linux	UNKNOWN STEP	2026-10-04T11:26:13.7405930Z       |     ^^^^^^^^^^^^^^^^^^^^^^^^^^^^^
siege-acceptance / siege-linux	UNKNOWN STEP	2026-10-04T11:26:13.7406329Z       |
siege-acceptance / siege-linux	UNKNOWN STEP	2026-10-04T11:26:13.7406767Z       = note: this `Result` may be an `Err` variant, which should be handled
siege-acceptance / siege-linux	UNKNOWN STEP	2026-10-04T11:26:13.7407411Z help: use `let _ = ...` to ignore the resulting value
siege-acceptance / siege-linux	UNKNOWN STEP	2026-10-04T11:26:13.7407874Z       |
siege-acceptance / siege-linux	UNKNOWN STEP	2026-10-04T11:26:13.7408209Z 30460 |     let _ = first.save_active_character();
siege-acceptance / siege-linux	UNKNOWN STEP	2026-10-04T11:26:13.7408662Z       |     +++++++
siege-acceptance / siege-linux	UNKNOWN STEP	2026-10-04T11:26:13.7408854Z 
siege-acceptance / siege-linux	UNKNOWN STEP	2026-10-04T11:26:13.7409076Z warning: unused `std::result::Result` that must be used
siege-acceptance / siege-linux	UNKNOWN STEP	2026-10-04T11:26:13.7409640Z      --> apps/simulation/src/runtime/tests.rs:32352:5
siege-acceptance / siege-linux	UNKNOWN STEP	2026-10-04T11:26:13.7410098Z       |
siege-acceptance / siege-linux	UNKNOWN STEP	2026-10-04T11:26:13.7410622Z 32352 |     first.save_active_character();
siege-acceptance / siege-linux	UNKNOWN STEP	2026-10-04T11:26:13.7411066Z       |     ^^^^^^^^^^^^^^^^^^^^^^^^^^^^^
siege-acceptance / siege-linux	UNKNOWN STEP	2026-10-04T11:26:13.7411457Z       |
siege-acceptance / siege-linux	UNKNOWN STEP	2026-10-04T11:26:13.7411892Z       = note: this `Result` may be an `Err` variant, which should be handled
siege-acceptance / siege-linux	UNKNOWN STEP	2026-10-04T11:26:13.7412531Z help: use `let _ = ...` to ignore the resulting value
siege-acceptance / siege-linux	UNKNOWN STEP	2026-10-04T11:26:13.7413004Z       |
siege-acceptance / siege-linux	UNKNOWN STEP	2026-10-04T11:26:13.7413529Z 32352 |     let _ = first.save_active_character();
siege-acceptance / siege-linux	UNKNOWN STEP	2026-10-04T11:26:13.7413986Z       |     +++++++
siege-acceptance / siege-linux	UNKNOWN STEP	2026-10-04T11:26:13.7414181Z 
siege-acceptance / siege-linux	UNKNOWN STEP	2026-10-04T11:26:13.7414404Z warning: unused `std::result::Result` that must be used
siege-acceptance / siege-linux	UNKNOWN STEP	2026-10-04T11:26:13.7414969Z      --> apps/simulation/src/runtime/tests.rs:35507:5
siege-acceptance / siege-linux	UNKNOWN STEP	2026-10-04T11:26:13.7415430Z       |
siege-acceptance / siege-linux	UNKNOWN STEP	2026-10-04T11:26:13.7415766Z 35507 |     session.save_active_character();
siege-acceptance / siege-linux	UNKNOWN STEP	2026-10-04T11:26:13.7416216Z       |     ^^^^^^^^^^^^^^^^^^^^^^^^^^^^^^^
siege-acceptance / siege-linux	UNKNOWN STEP	2026-10-04T11:26:13.7416621Z       |
siege-acceptance / siege-linux	UNKNOWN STEP	2026-10-04T11:26:13.7417059Z       = note: this `Result` may be an `Err` variant, which should be handled
siege-acceptance / siege-linux	UNKNOWN STEP	2026-10-04T11:26:13.7417711Z help: use `let _ = ...` to ignore the resulting value
siege-acceptance / siege-linux	UNKNOWN STEP	2026-10-04T11:26:13.7418176Z       |
siege-acceptance / siege-linux	UNKNOWN STEP	2026-10-04T11:26:13.7418523Z 35507 |     let _ = session.save_active_character();
siege-acceptance / siege-linux	UNKNOWN STEP	2026-10-04T11:26:13.7418986Z       |     +++++++
siege-acceptance / siege-linux	UNKNOWN STEP	2026-10-04T11:26:13.7419176Z 
siege-acceptance / siege-linux	UNKNOWN STEP	2026-10-04T11:26:13.7419396Z warning: unused `std::result::Result` that must be used
siege-acceptance / siege-linux	UNKNOWN STEP	2026-10-04T11:26:13.7419972Z      --> apps/simulation/src/runtime/tests.rs:42440:5
siege-acceptance / siege-linux	UNKNOWN STEP	2026-10-04T11:26:13.7420615Z       |
siege-acceptance / siege-linux	UNKNOWN STEP	2026-10-04T11:26:13.7420944Z 42440 |     session.save_active_character();
siege-acceptance / siege-linux	UNKNOWN STEP	2026-10-04T11:26:13.7421385Z       |     ^^^^^^^^^^^^^^^^^^^^^^^^^^^^^^^
siege-acceptance / siege-linux	UNKNOWN STEP	2026-10-04T11:26:13.7421781Z       |
siege-acceptance / siege-linux	UNKNOWN STEP	2026-10-04T11:26:13.7422212Z       = note: this `Result` may be an `Err` variant, which should be handled
siege-acceptance / siege-linux	UNKNOWN STEP	2026-10-04T11:26:13.7422859Z help: use `let _ = ...` to ignore the resulting value
siege-acceptance / siege-linux	UNKNOWN STEP	2026-10-04T11:26:13.7423328Z       |
siege-acceptance / siege-linux	UNKNOWN STEP	2026-10-04T11:26:13.7423689Z 42440 |     let _ = session.save_active_character();
siege-acceptance / siege-linux	UNKNOWN STEP	2026-10-04T11:26:13.7424157Z       |     +++++++
siege-acceptance / siege-linux	UNKNOWN STEP	2026-10-04T11:26:13.7424349Z 
siege-acceptance / siege-linux	UNKNOWN STEP	2026-10-04T11:26:13.7424569Z warning: unused `std::result::Result` that must be used
siege-acceptance / siege-linux	UNKNOWN STEP	2026-10-04T11:26:13.7425136Z      --> apps/simulation/src/runtime/tests.rs:42765:5
siege-acceptance / siege-linux	UNKNOWN STEP	2026-10-04T11:26:13.7425598Z       |
siege-acceptance / siege-linux	UNKNOWN STEP	2026-10-04T11:26:13.7425920Z 42765 |     session.save_active_character();
siege-acceptance / siege-linux	UNKNOWN STEP	2026-10-04T11:26:13.7426361Z       |     ^^^^^^^^^^^^^^^^^^^^^^^^^^^^^^^
siege-acceptance / siege-linux	UNKNOWN STEP	2026-10-04T11:26:13.7426758Z       |
siege-acceptance / siege-linux	UNKNOWN STEP	2026-10-04T11:26:13.7427197Z       = note: this `Result` may be an `Err` variant, which should be handled
siege-acceptance / siege-linux	UNKNOWN STEP	2026-10-04T11:26:13.7427843Z help: use `let _ = ...` to ignore the resulting value
siege-acceptance / siege-linux	UNKNOWN STEP	2026-10-04T11:26:13.7428306Z       |
siege-acceptance / siege-linux	UNKNOWN STEP	2026-10-04T11:26:13.7428647Z 42765 |     let _ = session.save_active_character();
siege-acceptance / siege-linux	UNKNOWN STEP	2026-10-04T11:26:13.7429103Z       |     +++++++
siege-acceptance / siege-linux	UNKNOWN STEP	2026-10-04T11:26:13.7429296Z 
siege-acceptance / siege-linux	UNKNOWN STEP	2026-10-04T11:26:13.7429520Z warning: unused `std::result::Result` that must be used
siege-acceptance / siege-linux	UNKNOWN STEP	2026-10-04T11:26:13.7430463Z      --> apps/simulation/src/runtime/tests.rs:56520:5
siege-acceptance / siege-linux	UNKNOWN STEP	2026-10-04T11:26:13.7430986Z       |
siege-acceptance / siege-linux	UNKNOWN STEP	2026-10-04T11:26:13.7431318Z 56520 |     session.save_active_character();
siege-acceptance / siege-linux	UNKNOWN STEP	2026-10-04T11:26:13.7431771Z       |     ^^^^^^^^^^^^^^^^^^^^^^^^^^^^^^^
siege-acceptance / siege-linux	UNKNOWN STEP	2026-10-04T11:26:13.7432169Z       |
siege-acceptance / siege-linux	UNKNOWN STEP	2026-10-04T11:26:13.7432614Z       = note: this `Result` may be an `Err` variant, which should be handled
siege-acceptance / siege-linux	UNKNOWN STEP	2026-10-04T11:26:13.7433281Z help: use `let _ = ...` to ignore the resulting value
siege-acceptance / siege-linux	UNKNOWN STEP	2026-10-04T11:26:13.7433751Z       |
siege-acceptance / siege-linux	UNKNOWN STEP	2026-10-04T11:26:13.7434107Z 56520 |     let _ = session.save_active_character();
siege-acceptance / siege-linux	UNKNOWN STEP	2026-10-04T11:26:13.7434581Z       |     +++++++
siege-acceptance / siege-linux	UNKNOWN STEP	2026-10-04T11:26:13.7434772Z 
siege-acceptance / siege-linux	UNKNOWN STEP	2026-10-04T11:26:13.7435001Z warning: unused `std::result::Result` that must be used
siege-acceptance / siege-linux	UNKNOWN STEP	2026-10-04T11:26:13.7435563Z      --> apps/simulation/src/runtime/tests.rs:57622:5
siege-acceptance / siege-linux	UNKNOWN STEP	2026-10-04T11:26:13.7436034Z       |
siege-acceptance / siege-linux	UNKNOWN STEP	2026-10-04T11:26:13.7436360Z 57622 |     session.save_active_character();
siege-acceptance / siege-linux	UNKNOWN STEP	2026-10-04T11:26:13.7436815Z       |     ^^^^^^^^^^^^^^^^^^^^^^^^^^^^^^^
siege-acceptance / siege-linux	UNKNOWN STEP	2026-10-04T11:26:13.7437210Z       |
siege-acceptance / siege-linux	UNKNOWN STEP	2026-10-04T11:26:13.7437646Z       = note: this `Result` may be an `Err` variant, which should be handled
siege-acceptance / siege-linux	UNKNOWN STEP	2026-10-04T11:26:13.7438297Z help: use `let _ = ...` to ignore the resulting value
siege-acceptance / siege-linux	UNKNOWN STEP	2026-10-04T11:26:13.7438763Z       |
siege-acceptance / siege-linux	UNKNOWN STEP	2026-10-04T11:26:13.7439127Z 57622 |     let _ = session.save_active_character();
siege-acceptance / siege-linux	UNKNOWN STEP	2026-10-04T11:26:13.7439582Z       |     +++++++
siege-acceptance / siege-linux	UNKNOWN STEP	2026-10-04T11:26:13.7439768Z 
siege-acceptance / siege-linux	UNKNOWN STEP	2026-10-04T11:26:13.7439992Z warning: unused `std::result::Result` that must be used
siege-acceptance / siege-linux	UNKNOWN STEP	2026-10-04T11:26:13.7440935Z      --> apps/simulation/src/runtime/tests.rs:59179:5
siege-acceptance / siege-linux	UNKNOWN STEP	2026-10-04T11:26:13.7441404Z       |
siege-acceptance / siege-linux	UNKNOWN STEP	2026-10-04T11:26:13.7441733Z 59179 |     session.save_active_character();
siege-acceptance / siege-linux	UNKNOWN STEP	2026-10-04T11:26:13.7442176Z       |     ^^^^^^^^^^^^^^^^^^^^^^^^^^^^^^^
siege-acceptance / siege-linux	UNKNOWN STEP	2026-10-04T11:26:13.7442572Z       |
siege-acceptance / siege-linux	UNKNOWN STEP	2026-10-04T11:26:13.7443007Z       = note: this `Result` may be an `Err` variant, which should be handled
siege-acceptance / siege-linux	UNKNOWN STEP	2026-10-04T11:26:13.7443662Z help: use `let _ = ...` to ignore the resulting value
siege-acceptance / siege-linux	UNKNOWN STEP	2026-10-04T11:26:13.7444142Z       |
siege-acceptance / siege-linux	UNKNOWN STEP	2026-10-04T11:26:13.7444484Z 59179 |     let _ = session.save_active_character();
siege-acceptance / siege-linux	UNKNOWN STEP	2026-10-04T11:26:13.7444939Z       |     +++++++
siege-acceptance / siege-linux	UNKNOWN STEP	2026-10-04T11:26:13.7445123Z 
siege-acceptance / siege-linux	UNKNOWN STEP	2026-10-04T11:26:13.7445349Z warning: unused `std::result::Result` that must be used
siege-acceptance / siege-linux	UNKNOWN STEP	2026-10-04T11:26:13.7445906Z      --> apps/simulation/src/runtime/tests.rs:61104:5
siege-acceptance / siege-linux	UNKNOWN STEP	2026-10-04T11:26:13.7446364Z       |
siege-acceptance / siege-linux	UNKNOWN STEP	2026-10-04T11:26:13.7446680Z 61104 |     first.save_active_character();
siege-acceptance / siege-linux	UNKNOWN STEP	2026-10-04T11:26:13.7447116Z       |     ^^^^^^^^^^^^^^^^^^^^^^^^^^^^^
siege-acceptance / siege-linux	UNKNOWN STEP	2026-10-04T11:26:13.7447513Z       |
siege-acceptance / siege-linux	UNKNOWN STEP	2026-10-04T11:26:13.7447949Z       = note: this `Result` may be an `Err` variant, which should be handled
siege-acceptance / siege-linux	UNKNOWN STEP	2026-10-04T11:26:13.7448596Z help: use `let _ = ...` to ignore the resulting value
siege-acceptance / siege-linux	UNKNOWN STEP	2026-10-04T11:26:13.7449061Z       |
siege-acceptance / siege-linux	UNKNOWN STEP	2026-10-04T11:26:13.7449396Z 61104 |     let _ = first.save_active_character();
siege-acceptance / siege-linux	UNKNOWN STEP	2026-10-04T11:26:13.7449845Z       |     +++++++
siege-acceptance / siege-linux	UNKNOWN STEP	2026-10-04T11:26:13.7450030Z 
siege-acceptance / siege-linux	UNKNOWN STEP	2026-10-04T11:26:13.7450470Z warning: unused `std::result::Result` that must be used
siege-acceptance / siege-linux	UNKNOWN STEP	2026-10-04T11:26:13.7451038Z      --> apps/simulation/src/runtime/tests.rs:62766:5
siege-acceptance / siege-linux	UNKNOWN STEP	2026-10-04T11:26:13.7451497Z       |
siege-acceptance / siege-linux	UNKNOWN STEP	2026-10-04T11:26:13.7451821Z 62766 |     session.save_active_character();
siege-acceptance / siege-linux	UNKNOWN STEP	2026-10-04T11:26:13.7452261Z       |     ^^^^^^^^^^^^^^^^^^^^^^^^^^^^^^^
siege-acceptance / siege-linux	UNKNOWN STEP	2026-10-04T11:26:13.7452655Z       |
siege-acceptance / siege-linux	UNKNOWN STEP	2026-10-04T11:26:13.7453103Z       = note: this `Result` may be an `Err` variant, which should be handled
siege-acceptance / siege-linux	UNKNOWN STEP	2026-10-04T11:26:13.7453744Z help: use `let _ = ...` to ignore the resulting value
siege-acceptance / siege-linux	UNKNOWN STEP	2026-10-04T11:26:13.7454213Z       |
siege-acceptance / siege-linux	UNKNOWN STEP	2026-10-04T11:26:13.7454553Z 62766 |     let _ = session.save_active_character();
siege-acceptance / siege-linux	UNKNOWN STEP	2026-10-04T11:26:13.7455003Z       |     +++++++
siege-acceptance / siege-linux	UNKNOWN STEP	2026-10-04T11:26:13.7455195Z 
siege-acceptance / siege-linux	UNKNOWN STEP	2026-10-04T11:26:13.7455420Z warning: unused `std::result::Result` that must be used
siege-acceptance / siege-linux	UNKNOWN STEP	2026-10-04T11:26:13.7455975Z      --> apps/simulation/src/runtime/tests.rs:63122:5
siege-acceptance / siege-linux	UNKNOWN STEP	2026-10-04T11:26:13.7456432Z       |
siege-acceptance / siege-linux	UNKNOWN STEP	2026-10-04T11:26:13.7456749Z 63122 |     sender.save_active_character();
siege-acceptance / siege-linux	UNKNOWN STEP	2026-10-04T11:26:13.7457356Z       |     ^^^^^^^^^^^^^^^^^^^^^^^^^^^^^^
siege-acceptance / siege-linux	UNKNOWN STEP	2026-10-04T11:26:13.7457762Z       |
siege-acceptance / siege-linux	UNKNOWN STEP	2026-10-04T11:26:13.7458198Z       = note: this `Result` may be an `Err` variant, which should be handled
siege-acceptance / siege-linux	UNKNOWN STEP	2026-10-04T11:26:13.7458840Z help: use `let _ = ...` to ignore the resulting value
siege-acceptance / siege-linux	UNKNOWN STEP	2026-10-04T11:26:13.7459304Z       |
siege-acceptance / siege-linux	UNKNOWN STEP	2026-10-04T11:26:13.7459643Z 63122 |     let _ = sender.save_active_character();
siege-acceptance / siege-linux	UNKNOWN STEP	2026-10-04T11:26:13.7460095Z       |     +++++++
siege-acceptance / siege-linux	UNKNOWN STEP	2026-10-04T11:26:13.7460462Z 
siege-acceptance / siege-linux	UNKNOWN STEP	2026-10-04T11:26:13.7460688Z warning: unused `std::result::Result` that must be used
siege-acceptance / siege-linux	UNKNOWN STEP	2026-10-04T11:26:13.7461263Z      --> apps/simulation/src/runtime/tests.rs:63556:5
siege-acceptance / siege-linux	UNKNOWN STEP	2026-10-04T11:26:13.7461724Z       |
siege-acceptance / siege-linux	UNKNOWN STEP	2026-10-04T11:26:13.7462045Z 63556 |     first.save_active_character();
siege-acceptance / siege-linux	UNKNOWN STEP	2026-10-04T11:26:13.7462486Z       |     ^^^^^^^^^^^^^^^^^^^^^^^^^^^^^
siege-acceptance / siege-linux	UNKNOWN STEP	2026-10-04T11:26:13.7462878Z       |
siege-acceptance / siege-linux	UNKNOWN STEP	2026-10-04T11:26:13.7463312Z       = note: this `Result` may be an `Err` variant, which should be handled
siege-acceptance / siege-linux	UNKNOWN STEP	2026-10-04T11:26:13.7463965Z help: use `let _ = ...` to ignore the resulting value
siege-acceptance / siege-linux	UNKNOWN STEP	2026-10-04T11:26:13.7464428Z       |
siege-acceptance / siege-linux	UNKNOWN STEP	2026-10-04T11:26:13.7464766Z 63556 |     let _ = first.save_active_character();
siege-acceptance / siege-linux	UNKNOWN STEP	2026-10-04T11:26:13.7465214Z       |     +++++++
siege-acceptance / siege-linux	UNKNOWN STEP	2026-10-04T11:26:13.7465406Z 
siege-acceptance / siege-linux	UNKNOWN STEP	2026-10-04T11:26:13.7465624Z warning: unused `std::result::Result` that must be used
siege-acceptance / siege-linux	UNKNOWN STEP	2026-10-04T11:26:13.7466177Z      --> apps/simulation/src/runtime/tests.rs:63755:5
siege-acceptance / siege-linux	UNKNOWN STEP	2026-10-04T11:26:13.7466635Z       |
siege-acceptance / siege-linux	UNKNOWN STEP	2026-10-04T11:26:13.7466975Z 63755 |     recipient.save_active_character();
siege-acceptance / siege-linux	UNKNOWN STEP	2026-10-04T11:26:13.7467436Z       |     ^^^^^^^^^^^^^^^^^^^^^^^^^^^^^^^^^
siege-acceptance / siege-linux	UNKNOWN STEP	2026-10-04T11:26:13.7468019Z       |
siege-acceptance / siege-linux	UNKNOWN STEP	2026-10-04T11:26:13.7468530Z       = note: this `Result` may be an `Err` variant, which should be handled
siege-acceptance / siege-linux	UNKNOWN STEP	2026-10-04T11:26:13.7469180Z help: use `let _ = ...` to ignore the resulting value
siege-acceptance / siege-linux	UNKNOWN STEP	2026-10-04T11:26:13.7469647Z       |
siege-acceptance / siege-linux	UNKNOWN STEP	2026-10-04T11:26:13.7470002Z 63755 |     let _ = recipient.save_active_character();
siege-acceptance / siege-linux	UNKNOWN STEP	2026-10-04T11:26:13.7470656Z       |     +++++++
siege-acceptance / siege-linux	UNKNOWN STEP	2026-10-04T11:26:13.7470851Z 
siege-acceptance / siege-linux	UNKNOWN STEP	2026-10-04T11:26:13.7471079Z warning: unused `std::result::Result` that must be used
siege-acceptance / siege-linux	UNKNOWN STEP	2026-10-04T11:26:13.7471639Z      --> apps/simulation/src/runtime/tests.rs:63873:5
siege-acceptance / siege-linux	UNKNOWN STEP	2026-10-04T11:26:13.7472106Z       |
siege-acceptance / siege-linux	UNKNOWN STEP	2026-10-04T11:26:13.7472438Z 63873 |     recipient.save_active_character();
siege-acceptance / siege-linux	UNKNOWN STEP	2026-10-04T11:26:13.7472904Z       |     ^^^^^^^^^^^^^^^^^^^^^^^^^^^^^^^^^
siege-acceptance / siege-linux	UNKNOWN STEP	2026-10-04T11:26:13.7473311Z       |
siege-acceptance / siege-linux	UNKNOWN STEP	2026-10-04T11:26:13.7473746Z       = note: this `Result` may be an `Err` variant, which should be handled
siege-acceptance / siege-linux	UNKNOWN STEP	2026-10-04T11:26:13.7474380Z help: use `let _ = ...` to ignore the resulting value
siege-acceptance / siege-linux	UNKNOWN STEP	2026-10-04T11:26:13.7474852Z       |
siege-acceptance / siege-linux	UNKNOWN STEP	2026-10-04T11:26:13.7475212Z 63873 |     let _ = recipient.save_active_character();
siege-acceptance / siege-linux	UNKNOWN STEP	2026-10-04T11:26:13.7475678Z       |     +++++++
siege-acceptance / siege-linux	UNKNOWN STEP	2026-10-04T11:26:13.7475869Z 
siege-acceptance / siege-linux	UNKNOWN STEP	2026-10-04T11:26:13.7476093Z warning: unused `std::result::Result` that must be used
siege-acceptance / siege-linux	UNKNOWN STEP	2026-10-04T11:26:13.7476648Z      --> apps/simulation/src/runtime/tests.rs:64274:5
siege-acceptance / siege-linux	UNKNOWN STEP	2026-10-04T11:26:13.7477107Z       |
siege-acceptance / siege-linux	UNKNOWN STEP	2026-10-04T11:26:13.7477440Z 64274 |     recipient.save_active_character();
siege-acceptance / siege-linux	UNKNOWN STEP	2026-10-04T11:26:13.7477905Z       |     ^^^^^^^^^^^^^^^^^^^^^^^^^^^^^^^^^
siege-acceptance / siege-linux	UNKNOWN STEP	2026-10-04T11:26:13.7478303Z       |
siege-acceptance / siege-linux	UNKNOWN STEP	2026-10-04T11:26:13.7478735Z       = note: this `Result` may be an `Err` variant, which should be handled
siege-acceptance / siege-linux	UNKNOWN STEP	2026-10-04T11:26:13.7479372Z help: use `let _ = ...` to ignore the resulting value
siege-acceptance / siege-linux	UNKNOWN STEP	2026-10-04T11:26:13.7479835Z       |
siege-acceptance / siege-linux	UNKNOWN STEP	2026-10-04T11:26:13.7480195Z 64274 |     let _ = recipient.save_active_character();
siege-acceptance / siege-linux	UNKNOWN STEP	2026-10-04T11:26:13.7480815Z       |     +++++++
siege-acceptance / siege-linux	UNKNOWN STEP	2026-10-04T11:26:13.7481009Z 
siege-acceptance / siege-linux	UNKNOWN STEP	2026-10-04T11:26:13.7481241Z warning: unused `std::result::Result` that must be used
siege-acceptance / siege-linux	UNKNOWN STEP	2026-10-04T11:26:13.7481797Z      --> apps/simulation/src/runtime/tests.rs:64325:5
siege-acceptance / siege-linux	UNKNOWN STEP	2026-10-04T11:26:13.7482253Z       |
siege-acceptance / siege-linux	UNKNOWN STEP	2026-10-04T11:26:13.7482586Z 64325 |     recipient.save_active_character();
siege-acceptance / siege-linux	UNKNOWN STEP	2026-10-04T11:26:13.7483045Z       |     ^^^^^^^^^^^^^^^^^^^^^^^^^^^^^^^^^
siege-acceptance / siege-linux	UNKNOWN STEP	2026-10-04T11:26:13.7483450Z       |
siege-acceptance / siege-linux	UNKNOWN STEP	2026-10-04T11:26:13.7483885Z       = note: this `Result` may be an `Err` variant, which should be handled
siege-acceptance / siege-linux	UNKNOWN STEP	2026-10-04T11:26:13.7484789Z help: use `let _ = ...` to ignore the resulting value
siege-acceptance / siege-linux	UNKNOWN STEP	2026-10-04T11:26:13.7485275Z       |
siege-acceptance / siege-linux	UNKNOWN STEP	2026-10-04T11:26:13.7485634Z 64325 |     let _ = recipient.save_active_character();
siege-acceptance / siege-linux	UNKNOWN STEP	2026-10-04T11:26:13.7486105Z       |     +++++++
siege-acceptance / siege-linux	UNKNOWN STEP	2026-10-04T11:26:13.7486291Z 
siege-acceptance / siege-linux	UNKNOWN STEP	2026-10-04T11:26:13.7486515Z warning: unused `std::result::Result` that must be used
siege-acceptance / siege-linux	UNKNOWN STEP	2026-10-04T11:26:13.7487071Z      --> apps/simulation/src/runtime/tests.rs:64335:5
siege-acceptance / siege-linux	UNKNOWN STEP	2026-10-04T11:26:13.7487529Z       |
siege-acceptance / siege-linux	UNKNOWN STEP	2026-10-04T11:26:13.7487862Z 64335 |     recipient.save_active_character();
siege-acceptance / siege-linux	UNKNOWN STEP	2026-10-04T11:26:13.7488328Z       |     ^^^^^^^^^^^^^^^^^^^^^^^^^^^^^^^^^
siege-acceptance / siege-linux	UNKNOWN STEP	2026-10-04T11:26:13.7488729Z       |
siege-acceptance / siege-linux	UNKNOWN STEP	2026-10-04T11:26:13.7489165Z       = note: this `Result` may be an `Err` variant, which should be handled
siege-acceptance / siege-linux	UNKNOWN STEP	2026-10-04T11:26:13.7489809Z help: use `let _ = ...` to ignore the resulting value
siege-acceptance / siege-linux	UNKNOWN STEP	2026-10-04T11:26:13.7490474Z       |
siege-acceptance / siege-linux	UNKNOWN STEP	2026-10-04T11:26:13.7490837Z 64335 |     let _ = recipient.save_active_character();
siege-acceptance / siege-linux	UNKNOWN STEP	2026-10-04T11:26:13.7491303Z       |     +++++++
siege-acceptance / siege-linux	UNKNOWN STEP	2026-10-04T11:26:13.7491496Z 
siege-acceptance / siege-linux	UNKNOWN STEP	2026-10-04T11:26:13.7491724Z warning: unused `std::result::Result` that must be used
siege-acceptance / siege-linux	UNKNOWN STEP	2026-10-04T11:26:13.7492286Z      --> apps/simulation/src/runtime/tests.rs:65558:5
siege-acceptance / siege-linux	UNKNOWN STEP	2026-10-04T11:26:13.7492742Z       |
siege-acceptance / siege-linux	UNKNOWN STEP	2026-10-04T11:26:13.7493061Z 65558 |     first.save_active_character();
siege-acceptance / siege-linux	UNKNOWN STEP	2026-10-04T11:26:13.7493494Z       |     ^^^^^^^^^^^^^^^^^^^^^^^^^^^^^
siege-acceptance / siege-linux	UNKNOWN STEP	2026-10-04T11:26:13.7493884Z       |
siege-acceptance / siege-linux	UNKNOWN STEP	2026-10-04T11:26:13.7494320Z       = note: this `Result` may be an `Err` variant, which should be handled
siege-acceptance / siege-linux	UNKNOWN STEP	2026-10-04T11:26:13.7495160Z help: use `let _ = ...` to ignore the resulting value
siege-acceptance / siege-linux	UNKNOWN STEP	2026-10-04T11:26:13.7495630Z       |
siege-acceptance / siege-linux	UNKNOWN STEP	2026-10-04T11:26:13.7495965Z 65558 |     let _ = first.save_active_character();
siege-acceptance / siege-linux	UNKNOWN STEP	2026-10-04T11:26:13.7496414Z       |     +++++++
siege-acceptance / siege-linux	UNKNOWN STEP	2026-10-04T11:26:13.7496598Z 
siege-acceptance / siege-linux	UNKNOWN STEP	2026-10-04T11:26:13.7505977Z warning: unused `std::result::Result` that must be used
siege-acceptance / siege-linux	UNKNOWN STEP	2026-10-04T11:26:13.7506637Z      --> apps/simulation/src/runtime/tests.rs:66685:5
siege-acceptance / siege-linux	UNKNOWN STEP	2026-10-04T11:26:13.7507125Z       |
siege-acceptance / siege-linux	UNKNOWN STEP	2026-10-04T11:26:13.7507470Z 66685 |     session.save_active_character();
siege-acceptance / siege-linux	UNKNOWN STEP	2026-10-04T11:26:13.7507921Z       |     ^^^^^^^^^^^^^^^^^^^^^^^^^^^^^^^
siege-acceptance / siege-linux	UNKNOWN STEP	2026-10-04T11:26:13.7508325Z       |
siege-acceptance / siege-linux	UNKNOWN STEP	2026-10-04T11:26:13.7508772Z       = note: this `Result` may be an `Err` variant, which should be handled
siege-acceptance / siege-linux	UNKNOWN STEP	2026-10-04T11:26:13.7509451Z help: use `let _ = ...` to ignore the resulting value
siege-acceptance / siege-linux	UNKNOWN STEP	2026-10-04T11:26:13.7509929Z       |
siege-acceptance / siege-linux	UNKNOWN STEP	2026-10-04T11:26:13.7510494Z 66685 |     let _ = session.save_active_character();
siege-acceptance / siege-linux	UNKNOWN STEP	2026-10-04T11:26:13.7510973Z       |     +++++++
siege-acceptance / siege-linux	UNKNOWN STEP	2026-10-04T11:26:13.7511175Z 
siege-acceptance / siege-linux	UNKNOWN STEP	2026-10-04T11:26:13.7511409Z warning: unused `std::result::Result` that must be used
siege-acceptance / siege-linux	UNKNOWN STEP	2026-10-04T11:26:13.7511978Z      --> apps/simulation/src/runtime/tests.rs:70144:5
siege-acceptance / siege-linux	UNKNOWN STEP	2026-10-04T11:26:13.7512442Z       |
siege-acceptance / siege-linux	UNKNOWN STEP	2026-10-04T11:26:13.7512763Z 70144 |     first.save_active_character();
siege-acceptance / siege-linux	UNKNOWN STEP	2026-10-04T11:26:13.7513210Z       |     ^^^^^^^^^^^^^^^^^^^^^^^^^^^^^
siege-acceptance / siege-linux	UNKNOWN STEP	2026-10-04T11:26:13.7513603Z       |
siege-acceptance / siege-linux	UNKNOWN STEP	2026-10-04T11:26:13.7514052Z       = note: this `Result` may be an `Err` variant, which should be handled
siege-acceptance / siege-linux	UNKNOWN STEP	2026-10-04T11:26:13.7514700Z help: use `let _ = ...` to ignore the resulting value
siege-acceptance / siege-linux	UNKNOWN STEP	2026-10-04T11:26:13.7515169Z       |
siege-acceptance / siege-linux	UNKNOWN STEP	2026-10-04T11:26:13.7515509Z 70144 |     let _ = first.save_active_character();
siege-acceptance / siege-linux	UNKNOWN STEP	2026-10-04T11:26:13.7515964Z       |     +++++++
siege-acceptance / siege-linux	UNKNOWN STEP	2026-10-04T11:26:13.7516158Z 
siege-acceptance / siege-linux	UNKNOWN STEP	2026-10-04T11:26:13.7516377Z warning: unused `std::result::Result` that must be used
siege-acceptance / siege-linux	UNKNOWN STEP	2026-10-04T11:26:13.7516939Z     --> apps/simulation/src/runtime/stage5.rs:2694:9
siege-acceptance / siege-linux	UNKNOWN STEP	2026-10-04T11:26:13.7517399Z      |
siege-acceptance / siege-linux	UNKNOWN STEP	2026-10-04T11:26:13.7517743Z 2694 |         session_a.save_active_character();
siege-acceptance / siege-linux	UNKNOWN STEP	2026-10-04T11:26:13.7518224Z      |         ^^^^^^^^^^^^^^^^^^^^^^^^^^^^^^^^^
siege-acceptance / siege-linux	UNKNOWN STEP	2026-10-04T11:26:13.7518634Z      |
siege-acceptance / siege-linux	UNKNOWN STEP	2026-10-04T11:26:13.7519074Z      = note: this `Result` may be an `Err` variant, which should be handled
siege-acceptance / siege-linux	UNKNOWN STEP	2026-10-04T11:26:13.7519714Z help: use `let _ = ...` to ignore the resulting value
siege-acceptance / siege-linux	UNKNOWN STEP	2026-10-04T11:26:13.7520178Z      |
siege-acceptance / siege-linux	UNKNOWN STEP	2026-10-04T11:26:13.7520698Z 2694 |         let _ = session_a.save_active_character();
siege-acceptance / siege-linux	UNKNOWN STEP	2026-10-04T11:26:13.7521378Z      |         +++++++
siege-acceptance / siege-linux	UNKNOWN STEP	2026-10-04T11:26:13.7521605Z 
siege-acceptance / siege-linux	UNKNOWN STEP	2026-10-04T11:26:13.7522256Z warning: `mir2-simulation` (lib test) generated 89 warnings (run `cargo fix --lib -p mir2-simulation --tests` to apply 8 suggestions)
siege-acceptance / siege-linux	UNKNOWN STEP	2026-10-04T11:26:13.7523371Z     Finished `test` profile [unoptimized + debuginfo] target(s) in 0.26s
siege-acceptance / siege-linux	UNKNOWN STEP	2026-10-04T11:26:13.7524207Z      Running unittests src/lib.rs (target/debug/deps/mir2_simulation-8ecab65d2354b27d)
siege-acceptance / siege-linux	UNKNOWN STEP	2026-10-04T11:26:13.7524746Z 
siege-acceptance / siege-linux	UNKNOWN STEP	2026-10-04T11:26:13.7524883Z running 1 test
siege-acceptance / siege-linux	UNKNOWN STEP	2026-10-04T11:26:15.3517857Z test config::conquest_account_fences::tests::conquest_mirror_postgres_accounts_use_source_cas_and_reject_later_save_images ... ok
siege-acceptance / siege-linux	UNKNOWN STEP	2026-10-04T11:26:15.3518743Z 
siege-acceptance / siege-linux	UNKNOWN STEP	2026-10-04T11:26:15.3519155Z test result: ok. 1 passed; 0 failed; 0 ignored; 0 measured; 2046 filtered out; finished in 1.62s
siege-acceptance / siege-linux	UNKNOWN STEP	2026-10-04T11:26:15.3519718Z 
siege-acceptance / siege-linux	UNKNOWN STEP	2026-10-04T11:26:15.3640155Z ##[group]Run cargo +1.89.0 test --locked -p mir2-gateway conquest_ -- --test-threads=1
siege-acceptance / siege-linux	UNKNOWN STEP	2026-10-04T11:26:15.3641134Z ^[[36;1mcargo +1.89.0 test --locked -p mir2-gateway conquest_ -- --test-threads=1^[[0m
siege-acceptance / siege-linux	UNKNOWN STEP	2026-10-04T11:26:15.3641755Z ^[[36;1mcargo +1.89.0 test --locked -p mir2-gateway --test shared_conquest_transport -- --test-threads=1^[[0m
siege-acceptance / siege-linux	UNKNOWN STEP	2026-10-04T11:26:15.3703419Z shell: /usr/bin/bash -e {0}
siege-acceptance / siege-linux	UNKNOWN STEP	2026-10-04T11:26:15.3703672Z env:
siege-acceptance / siege-linux	UNKNOWN STEP	2026-10-04T11:26:15.3704310Z   MIR2_CONQUEST_TEST_DATABASE_URL: ***127.0.0.1:5432/mir2_conquest_qa
siege-acceptance / siege-linux	UNKNOWN STEP	2026-10-04T11:26:15.3704672Z   CARGO_BUILD_JOBS: 2
siege-acceptance / siege-linux	UNKNOWN STEP	2026-10-04T11:26:15.3704881Z ##[endgroup]
siege-acceptance / siege-linux	UNKNOWN STEP	2026-10-04T11:26:15.6112981Z  Downloading crates ...
siege-acceptance / siege-linux	UNKNOWN STEP	2026-10-04T11:26:15.6792970Z   Downloaded autocfg v1.5.1
siege-acceptance / siege-linux	UNKNOWN STEP	2026-10-04T11:26:15.6821112Z   Downloaded httparse v1.10.1
siege-acceptance / siege-linux	UNKNOWN STEP	2026-10-04T11:26:15.6858345Z   Downloaded tower-layer v0.3.3
siege-acceptance / siege-linux	UNKNOWN STEP	2026-10-04T11:26:15.6878527Z   Downloaded signal-hook-registry v1.4.8
siege-acceptance / siege-linux	UNKNOWN STEP	2026-10-04T11:26:15.6902930Z   Downloaded zerofrom-derive v0.1.7
siege-acceptance / siege-linux	UNKNOWN STEP	2026-10-04T11:26:15.6923671Z   Downloaded zeroize_derive v1.5.0
siege-acceptance / siege-linux	UNKNOWN STEP	2026-10-04T11:26:15.6940655Z   Downloaded thiserror-impl v1.0.69
siege-acceptance / siege-linux	UNKNOWN STEP	2026-10-04T11:26:15.6965501Z   Downloaded yoke-derive v0.8.2
siege-acceptance / siege-linux	UNKNOWN STEP	2026-10-04T11:26:15.6988972Z   Downloaded time-core v0.1.9
siege-acceptance / siege-linux	UNKNOWN STEP	2026-10-04T11:26:15.7010423Z   Downloaded thiserror v1.0.69
siege-acceptance / siege-linux	UNKNOWN STEP	2026-10-04T11:26:15.7081659Z   Downloaded untrusted v0.9.0
siege-acceptance / siege-linux	UNKNOWN STEP	2026-10-04T11:26:15.7109754Z   Downloaded utf8_iter v1.0.4
siege-acceptance / siege-linux	UNKNOWN STEP	2026-10-04T11:26:15.7129126Z   Downloaded zerovec-derive v0.11.3
siege-acceptance / siege-linux	UNKNOWN STEP	2026-10-04T11:26:15.7152380Z   Downloaded rustc-hash v2.1.3
siege-acceptance / siege-linux	UNKNOWN STEP	2026-10-04T11:26:15.7174040Z   Downloaded zerofrom v0.1.8
siege-acceptance / siege-linux	UNKNOWN STEP	2026-10-04T11:26:15.7191329Z   Downloaded icu_normalizer_data v2.2.0
siege-acceptance / siege-linux	UNKNOWN STEP	2026-10-04T11:26:15.7221054Z   Downloaded tokio-rustls v0.26.4
siege-acceptance / siege-linux	UNKNOWN STEP	2026-10-04T11:26:15.7251614Z   Downloaded writeable v0.6.3
siege-acceptance / siege-linux	UNKNOWN STEP	2026-10-04T11:26:15.7281365Z   Downloaded litemap v0.8.2
siege-acceptance / siege-linux	UNKNOWN STEP	2026-10-04T11:26:15.7314981Z   Downloaded yasna v0.5.2
siege-acceptance / siege-linux	UNKNOWN STEP	2026-10-04T11:26:15.7345751Z   Downloaded yoke v0.8.3
siege-acceptance / siege-linux	UNKNOWN STEP	2026-10-04T11:26:15.7372226Z   Downloaded zeroize v1.9.0
siege-acceptance / siege-linux	UNKNOWN STEP	2026-10-04T11:26:15.7393845Z   Downloaded getrandom v0.3.4
siege-acceptance / siege-linux	UNKNOWN STEP	2026-10-04T11:26:15.7436870Z   Downloaded tracing-core v0.1.36
siege-acceptance / siege-linux	UNKNOWN STEP	2026-10-04T11:26:15.7473639Z   Downloaded rustls-pki-types v1.15.0
siege-acceptance / siege-linux	UNKNOWN STEP	2026-10-04T11:26:15.7508425Z   Downloaded ryu v1.0.23
siege-acceptance / siege-linux	UNKNOWN STEP	2026-10-04T11:26:15.7554432Z   Downloaded tower v0.5.3
siege-acceptance / siege-linux	UNKNOWN STEP	2026-10-04T11:26:15.7667665Z   Downloaded url v2.5.8
siege-acceptance / siege-linux	UNKNOWN STEP	2026-10-04T11:26:15.7703736Z   Downloaded rustls-webpki v0.103.13
siege-acceptance / siege-linux	UNKNOWN STEP	2026-10-04T11:26:15.7743021Z   Downloaded x509-parser v0.16.0
siege-acceptance / siege-linux	UNKNOWN STEP	2026-10-04T11:26:15.7804632Z   Downloaded zerotrie v0.2.4
siege-acceptance / siege-linux	UNKNOWN STEP	2026-10-04T11:26:15.7852620Z   Downloaded num-bigint v0.4.8
siege-acceptance / siege-linux	UNKNOWN STEP	2026-10-04T11:26:15.7906347Z   Downloaded reqwest v0.12.28
siege-acceptance / siege-linux	UNKNOWN STEP	2026-10-04T11:26:15.7966400Z   Downloaded zerovec v0.11.6
siege-acceptance / siege-linux	UNKNOWN STEP	2026-10-04T11:26:15.8032416Z   Downloaded idna v1.1.0
siege-acceptance / siege-linux	UNKNOWN STEP	2026-10-04T11:26:15.8075338Z   Downloaded icu_properties_data v2.2.0
siege-acceptance / siege-linux	UNKNOWN STEP	2026-10-04T11:26:15.8188486Z   Downloaded tower-http v0.6.11
siege-acceptance / siege-linux	UNKNOWN STEP	2026-10-04T11:26:15.8292585Z   Downloaded quinn-proto v0.11.16
siege-acceptance / siege-linux	UNKNOWN STEP	2026-10-04T11:26:15.8365623Z   Downloaded hyper v1.9.0
siege-acceptance / siege-linux	UNKNOWN STEP	2026-10-04T11:26:15.8441928Z   Downloaded curve25519-dalek-ng v4.1.1
siege-acceptance / siege-linux	UNKNOWN STEP	2026-10-04T11:26:15.8576256Z   Downloaded openssl v0.10.80
siege-acceptance / siege-linux	UNKNOWN STEP	2026-10-04T11:26:15.8679793Z   Downloaded sysinfo v0.37.2
siege-acceptance / siege-linux	UNKNOWN STEP	2026-10-04T11:26:15.8794415Z   Downloaded webpki-roots v1.0.9
siege-acceptance / siege-linux	UNKNOWN STEP	2026-10-04T11:26:15.8828864Z   Downloaded time v0.3.54
siege-acceptance / siege-linux	UNKNOWN STEP	2026-10-04T11:26:15.8979566Z   Downloaded rustls v0.23.42
siege-acceptance / siege-linux	UNKNOWN STEP	2026-10-04T11:26:15.9102537Z   Downloaded zerocopy v0.8.48
siege-acceptance / siege-linux	UNKNOWN STEP	2026-10-04T11:26:15.9326683Z   Downloaded rustix v1.1.4
siege-acceptance / siege-linux	UNKNOWN STEP	2026-10-04T11:26:15.9605834Z   Downloaded vcpkg v0.2.15
siege-acceptance / siege-linux	UNKNOWN STEP	2026-10-04T11:26:16.0153462Z   Downloaded hyper-util v0.1.20
siege-acceptance / siege-linux	UNKNOWN STEP	2026-10-04T11:26:16.0217151Z   Downloaded dbus v0.9.12
siege-acceptance / siege-linux	UNKNOWN STEP	2026-10-04T11:26:16.0262639Z   Downloaded tungstenite v0.29.0
siege-acceptance / siege-linux	UNKNOWN STEP	2026-10-04T11:26:16.0300847Z   Downloaded nom v7.1.3
siege-acceptance / siege-linux	UNKNOWN STEP	2026-10-04T11:26:16.0356783Z   Downloaded icu_collections v2.2.0
siege-acceptance / siege-linux	UNKNOWN STEP	2026-10-04T11:26:16.0422277Z   Downloaded tracing v0.1.44
siege-acceptance / siege-linux	UNKNOWN STEP	2026-10-04T11:26:16.0580079Z   Downloaded http v1.4.0
siege-acceptance / siege-linux	UNKNOWN STEP	2026-10-04T11:26:16.0617883Z   Downloaded rcgen v0.13.2
siege-acceptance / siege-linux	UNKNOWN STEP	2026-10-04T11:26:16.0648578Z   Downloaded rand v0.9.4
siege-acceptance / siege-linux	UNKNOWN STEP	2026-10-04T11:26:16.0688448Z   Downloaded rand v0.8.7
siege-acceptance / siege-linux	UNKNOWN STEP	2026-10-04T11:26:16.0724268Z   Downloaded openssl-sys v0.9.116
siege-acceptance / siege-linux	UNKNOWN STEP	2026-10-04T11:26:16.0782137Z   Downloaded quinn v0.11.11
siege-acceptance / siege-linux	UNKNOWN STEP	2026-10-04T11:26:16.0816720Z   Downloaded minimal-lexical v0.2.1
siege-acceptance / siege-linux	UNKNOWN STEP	2026-10-04T11:26:16.0864759Z   Downloaded icu_properties v2.2.0
siege-acceptance / siege-linux	UNKNOWN STEP	2026-10-04T11:26:16.0890099Z   Downloaded icu_locale_core v2.2.0
siege-acceptance / siege-linux	UNKNOWN STEP	2026-10-04T11:26:16.0963362Z   Downloaded keyring v3.6.3
siege-acceptance / siege-linux	UNKNOWN STEP	2026-10-04T11:26:16.0993046Z   Downloaded jsonwebtoken v9.3.1
siege-acceptance / siege-linux	UNKNOWN STEP	2026-10-04T11:26:16.1038539Z   Downloaded icu_normalizer v2.2.0
siege-acceptance / siege-linux	UNKNOWN STEP	2026-10-04T11:26:16.1077356Z   Downloaded der-parser v9.0.0
siege-acceptance / siege-linux	UNKNOWN STEP	2026-10-04T11:26:16.1113107Z   Downloaded rmp-serde v1.3.1
siege-acceptance / siege-linux	UNKNOWN STEP	2026-10-04T11:26:16.1132978Z   Downloaded num-traits v0.2.19
siege-acceptance / siege-linux	UNKNOWN STEP	2026-10-04T11:26:16.1161459Z   Downloaded matchit v0.8.4
siege-acceptance / siege-linux	UNKNOWN STEP	2026-10-04T11:26:16.1184709Z   Downloaded icu_provider v2.2.0
siege-acceptance / siege-linux	UNKNOWN STEP	2026-10-04T11:26:16.1213977Z   Downloaded tinystr v0.8.3
siege-acceptance / siege-linux	UNKNOWN STEP	2026-10-04T11:26:16.1236875Z   Downloaded ppv-lite86 v0.2.21
siege-acceptance / siege-linux	UNKNOWN STEP	2026-10-04T11:26:16.1252048Z   Downloaded time-macros v0.2.32
siege-acceptance / siege-linux	UNKNOWN STEP	2026-10-04T11:26:16.1278744Z   Downloaded rmp v0.8.15
siege-acceptance / siege-linux	UNKNOWN STEP	2026-10-04T11:26:16.1320934Z   Downloaded once_cell v1.21.4
siege-acceptance / siege-linux	UNKNOWN STEP	2026-10-04T11:26:16.1348777Z   Downloaded num-integer v0.1.46
siege-acceptance / siege-linux	UNKNOWN STEP	2026-10-04T11:26:16.1366795Z   Downloaded tokio-tungstenite v0.29.0
siege-acceptance / siege-linux	UNKNOWN STEP	2026-10-04T11:26:16.1389605Z   Downloaded r2d2 v0.8.10
siege-acceptance / siege-linux	UNKNOWN STEP	2026-10-04T11:26:16.1406071Z   Downloaded shlex v2.0.1
siege-acceptance / siege-linux	UNKNOWN STEP	2026-10-04T11:26:16.1427498Z   Downloaded sha2 v0.9.9
siege-acceptance / siege-linux	UNKNOWN STEP	2026-10-04T11:26:16.1456191Z   Downloaded serde_path_to_error v0.1.20
siege-acceptance / siege-linux	UNKNOWN STEP	2026-10-04T11:26:16.1474010Z   Downloaded rand_core v0.9.5
siege-acceptance / siege-linux	UNKNOWN STEP	2026-10-04T11:26:16.1489108Z   Downloaded rand_chacha v0.9.0
siege-acceptance / siege-linux	UNKNOWN STEP	2026-10-04T11:26:16.1503055Z   Downloaded quinn-udp v0.5.15
siege-acceptance / siege-linux	UNKNOWN STEP	2026-10-04T11:26:16.1524238Z   Downloaded libdbus-sys v0.2.7
siege-acceptance / siege-linux	UNKNOWN STEP	2026-10-04T11:26:16.1843525Z   Downloaded potential_utf v0.1.5
siege-acceptance / siege-linux	UNKNOWN STEP	2026-10-04T11:26:16.1855494Z   Downloaded pkg-config v0.3.33
siege-acceptance / siege-linux	UNKNOWN STEP	2026-10-04T11:26:16.1873772Z   Downloaded pem v3.0.6
siege-acceptance / siege-linux	UNKNOWN STEP	2026-10-04T11:26:16.1888338Z   Downloaded displaydoc v0.2.6
siege-acceptance / siege-linux	UNKNOWN STEP	2026-10-04T11:26:16.1911553Z   Downloaded deranged v0.5.8
siege-acceptance / siege-linux	UNKNOWN STEP	2026-10-04T11:26:16.1926403Z   Downloaded lazy_static v1.5.0
siege-acceptance / siege-linux	UNKNOWN STEP	2026-10-04T11:26:16.1945963Z   Downloaded ipnet v2.12.0
siege-acceptance / siege-linux	UNKNOWN STEP	2026-10-04T11:26:16.1965072Z   Downloaded hyper-rustls v0.27.9
siege-acceptance / siege-linux	UNKNOWN STEP	2026-10-04T11:26:16.1980665Z   Downloaded filetime v0.2.29
siege-acceptance / siege-linux	UNKNOWN STEP	2026-10-04T11:26:16.2000567Z   Downloaded sha1 v0.10.6
siege-acceptance / siege-linux	UNKNOWN STEP	2026-10-04T11:26:16.2018433Z   Downloaded r2d2_postgres v0.18.2
siege-acceptance / siege-linux	UNKNOWN STEP	2026-10-04T11:26:16.2028722Z   Downloaded openssl-macros v0.1.1
siege-acceptance / siege-linux	UNKNOWN STEP	2026-10-04T11:26:16.2037619Z   Downloaded serde_urlencoded v0.7.1
siege-acceptance / siege-linux	UNKNOWN STEP	2026-10-04T11:26:16.2056464Z   Downloaded scheduled-thread-pool v0.2.7
siege-acceptance / siege-linux	UNKNOWN STEP	2026-10-04T11:26:16.2070276Z   Downloaded rand_pcg v0.10.2
siege-acceptance / siege-linux	UNKNOWN STEP	2026-10-04T11:26:16.2091281Z   Downloaded rand_chacha v0.3.1
siege-acceptance / siege-linux	UNKNOWN STEP	2026-10-04T11:26:16.2103402Z   Downloaded powerfmt v0.2.0
siege-acceptance / siege-linux	UNKNOWN STEP	2026-10-04T11:26:16.2117166Z   Downloaded oid-registry v0.7.1
siege-acceptance / siege-linux	UNKNOWN STEP	2026-10-04T11:26:16.2134197Z   Downloaded ring v0.17.14
siege-acceptance / siege-linux	UNKNOWN STEP	2026-10-04T11:26:16.2612847Z   Downloaded idna_adapter v1.2.2
siege-acceptance / siege-linux	UNKNOWN STEP	2026-10-04T11:26:16.2622833Z   Downloaded hex v0.4.3
siege-acceptance / siege-linux	UNKNOWN STEP	2026-10-04T11:26:16.2640712Z   Downloaded foreign-types-shared v0.1.1
siege-acceptance / siege-linux	UNKNOWN STEP	2026-10-04T11:26:16.2647960Z   Downloaded http-body-util v0.1.3
siege-acceptance / siege-linux	UNKNOWN STEP	2026-10-04T11:26:16.2668192Z   Downloaded find-msvc-tools v0.1.9
siege-acceptance / siege-linux	UNKNOWN STEP	2026-10-04T11:26:16.2686459Z   Downloaded rusticata-macros v4.1.0
siege-acceptance / siege-linux	UNKNOWN STEP	2026-10-04T11:26:16.2703050Z   Downloaded num-conv v0.2.2
siege-acceptance / siege-linux	UNKNOWN STEP	2026-10-04T11:26:16.2712693Z   Downloaded lru-slab v0.1.2
siege-acceptance / siege-linux	UNKNOWN STEP	2026-10-04T11:26:16.2721586Z   Downloaded opaque-debug v0.3.1
siege-acceptance / siege-linux	UNKNOWN STEP	2026-10-04T11:26:16.2732324Z   Downloaded httpdate v1.0.3
siege-acceptance / siege-linux	UNKNOWN STEP	2026-10-04T11:26:16.2747403Z   Downloaded try-lock v0.2.5
siege-acceptance / siege-linux	UNKNOWN STEP	2026-10-04T11:26:16.2757986Z   Downloaded tokio-macros v2.7.0
siege-acceptance / siege-linux	UNKNOWN STEP	2026-10-04T11:26:16.2772670Z   Downloaded mime v0.3.17
siege-acceptance / siege-linux	UNKNOWN STEP	2026-10-04T11:26:16.2793657Z   Downloaded http-body v1.0.1
siege-acceptance / siege-linux	UNKNOWN STEP	2026-10-04T11:26:16.2811246Z   Downloaded foreign-types v0.3.2
siege-acceptance / siege-linux	UNKNOWN STEP	2026-10-04T11:26:16.2820942Z   Downloaded ed25519-consensus v2.1.0
siege-acceptance / siege-linux	UNKNOWN STEP	2026-10-04T11:26:16.2839541Z   Downloaded digest v0.9.0
siege-acceptance / siege-linux	UNKNOWN STEP	2026-10-04T11:26:16.2853294Z   Downloaded subtle-ng v2.5.0
siege-acceptance / siege-linux	UNKNOWN STEP	2026-10-04T11:26:16.2866953Z   Downloaded futures-macro v0.3.32
siege-acceptance / siege-linux	UNKNOWN STEP	2026-10-04T11:26:16.2879115Z   Downloaded dbus-secret-service v4.1.0
siege-acceptance / siege-linux	UNKNOWN STEP	2026-10-04T11:26:16.2901240Z   Downloaded want v0.3.1
siege-acceptance / siege-linux	UNKNOWN STEP	2026-10-04T11:26:16.2911376Z   Downloaded tower-service v0.3.3
siege-acceptance / siege-linux	UNKNOWN STEP	2026-10-04T11:26:16.2920049Z   Downloaded form_urlencoded v1.2.2
siege-acceptance / siege-linux	UNKNOWN STEP	2026-10-04T11:26:16.2929271Z   Downloaded axum v0.8.9
siege-acceptance / siege-linux	UNKNOWN STEP	2026-10-04T11:26:16.3015514Z   Downloaded tar v0.4.46
siege-acceptance / siege-linux	UNKNOWN STEP	2026-10-04T11:26:16.3045650Z   Downloaded synstructure v0.13.2
siege-acceptance / siege-linux	UNKNOWN STEP	2026-10-04T11:26:16.3056543Z   Downloaded xattr v1.6.1
siege-acceptance / siege-linux	UNKNOWN STEP	2026-10-04T11:26:16.3077679Z   Downloaded sync_wrapper v1.0.2
siege-acceptance / siege-linux	UNKNOWN STEP	2026-10-04T11:26:16.3086506Z   Downloaded stable_deref_trait v1.2.1
siege-acceptance / siege-linux	UNKNOWN STEP	2026-10-04T11:26:16.3097854Z   Downloaded simple_asn1 v0.6.4
siege-acceptance / siege-linux	UNKNOWN STEP	2026-10-04T11:26:16.3112816Z   Downloaded cc v1.3.0
siege-acceptance / siege-linux	UNKNOWN STEP	2026-10-04T11:26:16.3144462Z   Downloaded errno v0.3.14
siege-acceptance / siege-linux	UNKNOWN STEP	2026-10-04T11:26:16.3160657Z   Downloaded asn1-rs v0.6.2
siege-acceptance / siege-linux	UNKNOWN STEP	2026-10-04T11:26:16.3229557Z   Downloaded data-encoding v2.10.0
siege-acceptance / siege-linux	UNKNOWN STEP	2026-10-04T11:26:16.3240372Z   Downloaded block-buffer v0.9.0
siege-acceptance / siege-linux	UNKNOWN STEP	2026-10-04T11:26:16.3248799Z   Downloaded axum-core v0.5.6
siege-acceptance / siege-linux	UNKNOWN STEP	2026-10-04T11:26:16.3273864Z   Downloaded asn1-rs-impl v0.2.0
siege-acceptance / siege-linux	UNKNOWN STEP	2026-10-04T11:26:16.3281648Z   Downloaded asn1-rs-derive v0.5.1
siege-acceptance / siege-linux	UNKNOWN STEP	2026-10-04T11:26:16.3374531Z   Downloaded linux-raw-sys v0.12.1
siege-acceptance / siege-linux	UNKNOWN STEP	2026-10-04T11:26:16.4138801Z   Downloaded openssl-src v300.6.0+3.6.2
siege-acceptance / siege-linux	UNKNOWN STEP	2026-10-04T11:26:16.6657951Z  Downloading crates ...
siege-acceptance / siege-linux	UNKNOWN STEP	2026-10-04T11:26:16.6793159Z   Downloaded windows-sys v0.61.2
siege-acceptance / siege-linux	UNKNOWN STEP	2026-10-04T11:26:16.8816098Z    Compiling syn v2.0.117
siege-acceptance / siege-linux	UNKNOWN STEP	2026-10-04T11:26:16.8861102Z    Compiling shlex v2.0.1
siege-acceptance / siege-linux	UNKNOWN STEP	2026-10-04T11:26:16.9571004Z    Compiling find-msvc-tools v0.1.9
siege-acceptance / siege-linux	UNKNOWN STEP	2026-10-04T11:26:17.0705567Z    Compiling smallvec v1.15.1
siege-acceptance / siege-linux	UNKNOWN STEP	2026-10-04T11:26:17.1696084Z    Compiling cc v1.3.0
siege-acceptance / siege-linux	UNKNOWN STEP	2026-10-04T11:26:17.9926504Z    Compiling getrandom v0.2.17
siege-acceptance / siege-linux	UNKNOWN STEP	2026-10-04T11:26:18.0805441Z    Compiling errno v0.3.14
siege-acceptance / siege-linux	UNKNOWN STEP	2026-10-04T11:26:18.1343074Z    Compiling signal-hook-registry v1.4.8
siege-acceptance / siege-linux	UNKNOWN STEP	2026-10-04T11:26:18.2888626Z    Compiling stable_deref_trait v1.2.1
siege-acceptance / siege-linux	UNKNOWN STEP	2026-10-04T11:26:18.3097677Z    Compiling once_cell v1.21.4
siege-acceptance / siege-linux	UNKNOWN STEP	2026-10-04T11:26:18.4069726Z    Compiling ring v0.17.14
siege-acceptance / siege-linux	UNKNOWN STEP	2026-10-04T11:26:18.7333288Z    Compiling autocfg v1.5.1
siege-acceptance / siege-linux	UNKNOWN STEP	2026-10-04T11:26:18.9421460Z    Compiling num-traits v0.2.19
siege-acceptance / siege-linux	UNKNOWN STEP	2026-10-04T11:26:20.2951696Z    Compiling synstructure v0.13.2
siege-acceptance / siege-linux	UNKNOWN STEP	2026-10-04T11:26:20.6026592Z    Compiling displaydoc v0.2.6
siege-acceptance / siege-linux	UNKNOWN STEP	2026-10-04T11:26:21.1393638Z    Compiling zerofrom-derive v0.1.7
siege-acceptance / siege-linux	UNKNOWN STEP	2026-10-04T11:26:22.0353483Z    Compiling tokio-macros v2.7.0
siege-acceptance / siege-linux	UNKNOWN STEP	2026-10-04T11:26:22.5291453Z    Compiling serde_derive v1.0.228
siege-acceptance / siege-linux	UNKNOWN STEP	2026-10-04T11:26:24.5564204Z    Compiling serde v1.0.228
siege-acceptance / siege-linux	UNKNOWN STEP	2026-10-04T11:26:24.8851045Z    Compiling tokio v1.52.0
siege-acceptance / siege-linux	UNKNOWN STEP	2026-10-04T11:26:29.0755132Z    Compiling zerofrom v0.1.8
siege-acceptance / siege-linux	UNKNOWN STEP	2026-10-04T11:26:29.1221363Z    Compiling yoke-derive v0.8.2
siege-acceptance / siege-linux	UNKNOWN STEP	2026-10-04T11:26:29.9000859Z    Compiling zeroize_derive v1.5.0
siege-acceptance / siege-linux	UNKNOWN STEP	2026-10-04T11:26:30.3383961Z    Compiling zeroize v1.9.0
siege-acceptance / siege-linux	UNKNOWN STEP	2026-10-04T11:26:30.4123299Z    Compiling yoke v0.8.3
siege-acceptance / siege-linux	UNKNOWN STEP	2026-10-04T11:26:30.4969798Z    Compiling zerovec-derive v0.11.3
siege-acceptance / siege-linux	UNKNOWN STEP	2026-10-04T11:26:31.2804546Z    Compiling zerovec v0.11.6
siege-acceptance / siege-linux	UNKNOWN STEP	2026-10-04T11:26:31.6156564Z    Compiling futures-macro v0.3.32
siege-acceptance / siege-linux	UNKNOWN STEP	2026-10-04T11:26:32.1588928Z    Compiling thiserror v2.0.18
siege-acceptance / siege-linux	UNKNOWN STEP	2026-10-04T11:26:32.3368848Z    Compiling futures-task v0.3.32
siege-acceptance / siege-linux	UNKNOWN STEP	2026-10-04T11:26:32.4018953Z    Compiling futures-util v0.3.32
siege-acceptance / siege-linux	UNKNOWN STEP	2026-10-04T11:26:33.8287191Z    Compiling thiserror-impl v2.0.18
siege-acceptance / siege-linux	UNKNOWN STEP	2026-10-04T11:26:33.9338968Z    Compiling tracing-core v0.1.36
siege-acceptance / siege-linux	UNKNOWN STEP	2026-10-04T11:26:34.2938176Z    Compiling http v1.4.0
siege-acceptance / siege-linux	UNKNOWN STEP	2026-10-04T11:26:34.7563790Z    Compiling serde_json v1.0.149
siege-acceptance / siege-linux	UNKNOWN STEP	2026-10-04T11:26:34.8708856Z    Compiling untrusted v0.9.0
siege-acceptance / siege-linux	UNKNOWN STEP	2026-10-04T11:26:35.0291645Z    Compiling tracing v0.1.44
siege-acceptance / siege-linux	UNKNOWN STEP	2026-10-04T11:26:35.5785209Z    Compiling zerocopy v0.8.48
siege-acceptance / siege-linux	UNKNOWN STEP	2026-10-04T11:26:36.4823787Z    Compiling tinystr v0.8.3
siege-acceptance / siege-linux	UNKNOWN STEP	2026-10-04T11:26:36.6180758Z    Compiling rustls-pki-types v1.15.0
siege-acceptance / siege-linux	UNKNOWN STEP	2026-10-04T11:26:36.8168144Z    Compiling writeable v0.6.3
siege-acceptance / siege-linux	UNKNOWN STEP	2026-10-04T11:26:36.9156130Z    Compiling httparse v1.10.1
siege-acceptance / siege-linux	UNKNOWN STEP	2026-10-04T11:26:36.9367704Z    Compiling litemap v0.8.2
siege-acceptance / siege-linux	UNKNOWN STEP	2026-10-04T11:26:37.0312590Z    Compiling num-conv v0.2.2
siege-acceptance / siege-linux	UNKNOWN STEP	2026-10-04T11:26:37.1028590Z    Compiling time-core v0.1.9
siege-acceptance / siege-linux	UNKNOWN STEP	2026-10-04T11:26:37.1224143Z    Compiling icu_locale_core v2.2.0
siege-acceptance / siege-linux	UNKNOWN STEP	2026-10-04T11:26:37.2005476Z    Compiling time-macros v0.2.32
siege-acceptance / siege-linux	UNKNOWN STEP	2026-10-04T11:26:38.1346042Z    Compiling http-body v1.0.1
siege-acceptance / siege-linux	UNKNOWN STEP	2026-10-04T11:26:38.1852546Z    Compiling potential_utf v0.1.5
siege-acceptance / siege-linux	UNKNOWN STEP	2026-10-04T11:26:38.2433689Z    Compiling zerotrie v0.2.4
siege-acceptance / siege-linux	UNKNOWN STEP	2026-10-04T11:26:38.4161076Z    Compiling powerfmt v0.2.0
siege-acceptance / siege-linux	UNKNOWN STEP	2026-10-04T11:26:38.5071461Z    Compiling thiserror v1.0.69
siege-acceptance / siege-linux	UNKNOWN STEP	2026-10-04T11:26:38.6731535Z    Compiling icu_normalizer_data v2.2.0
siege-acceptance / siege-linux	UNKNOWN STEP	2026-10-04T11:26:38.7801518Z    Compiling utf8_iter v1.0.4
siege-acceptance / siege-linux	UNKNOWN STEP	2026-10-04T11:26:38.8337282Z    Compiling icu_properties_data v2.2.0
siege-acceptance / siege-linux	UNKNOWN STEP	2026-10-04T11:26:38.9390035Z    Compiling byteorder v1.5.0
siege-acceptance / siege-linux	UNKNOWN STEP	2026-10-04T11:26:39.0572947Z    Compiling deranged v0.5.8
siege-acceptance / siege-linux	UNKNOWN STEP	2026-10-04T11:26:39.7901512Z    Compiling time v0.3.54
siege-acceptance / siege-linux	UNKNOWN STEP	2026-10-04T11:26:40.5525505Z    Compiling ppv-lite86 v0.2.21
siege-acceptance / siege-linux	UNKNOWN STEP	2026-10-04T11:26:40.7643506Z    Compiling icu_collections v2.2.0
siege-acceptance / siege-linux	UNKNOWN STEP	2026-10-04T11:26:41.1448561Z    Compiling icu_provider v2.2.0
siege-acceptance / siege-linux	UNKNOWN STEP	2026-10-04T11:26:41.3757529Z    Compiling thiserror-impl v1.0.69
siege-acceptance / siege-linux	UNKNOWN STEP	2026-10-04T11:26:41.5018140Z    Compiling crypto-common v0.1.7
siege-acceptance / siege-linux	UNKNOWN STEP	2026-10-04T11:26:41.5413431Z    Compiling rand_core v0.6.4
siege-acceptance / siege-linux	UNKNOWN STEP	2026-10-04T11:26:41.6752002Z    Compiling getrandom v0.3.4
siege-acceptance / siege-linux	UNKNOWN STEP	2026-10-04T11:26:41.8441619Z    Compiling tower-service v0.3.3
siege-acceptance / siege-linux	UNKNOWN STEP	2026-10-04T11:26:41.8702740Z    Compiling rustls v0.23.42
siege-acceptance / siege-linux	UNKNOWN STEP	2026-10-04T11:26:41.9827751Z    Compiling digest v0.10.7
siege-acceptance / siege-linux	UNKNOWN STEP	2026-10-04T11:26:42.0868649Z    Compiling bevy_macro_utils v0.17.3
siege-acceptance / siege-linux	UNKNOWN STEP	2026-10-04T11:26:42.3099988Z    Compiling rustls-webpki v0.103.13
siege-acceptance / siege-linux	UNKNOWN STEP	2026-10-04T11:26:42.3721046Z    Compiling parking_lot_core v0.9.12
siege-acceptance / siege-linux	UNKNOWN STEP	2026-10-04T11:26:42.5189101Z    Compiling pkg-config v0.3.33
siege-acceptance / siege-linux	UNKNOWN STEP	2026-10-04T11:26:42.8234466Z    Compiling try-lock v0.2.5
siege-acceptance / siege-linux	UNKNOWN STEP	2026-10-04T11:26:42.8553353Z    Compiling minimal-lexical v0.2.1
siege-acceptance / siege-linux	UNKNOWN STEP	2026-10-04T11:26:42.9918371Z    Compiling nom v7.1.3
siege-acceptance / siege-linux	UNKNOWN STEP	2026-10-04T11:26:43.0743551Z    Compiling want v0.3.1
siege-acceptance / siege-linux	UNKNOWN STEP	2026-10-04T11:26:43.1379070Z    Compiling libdbus-sys v0.2.7
siege-acceptance / siege-linux	UNKNOWN STEP	2026-10-04T11:26:44.0188185Z    Compiling bevy_platform v0.17.3
siege-acceptance / siege-linux	UNKNOWN STEP	2026-10-04T11:26:44.1116349Z    Compiling derive_more-impl v2.1.1
siege-acceptance / siege-linux	UNKNOWN STEP	2026-10-04T11:26:46.2883561Z    Compiling parking_lot v0.12.5
siege-acceptance / siege-linux	UNKNOWN STEP	2026-10-04T11:26:46.5341467Z    Compiling icu_properties v2.2.0
siege-acceptance / siege-linux	UNKNOWN STEP	2026-10-04T11:26:47.4166108Z    Compiling icu_normalizer v2.2.0
siege-acceptance / siege-linux	UNKNOWN STEP	2026-10-04T11:26:47.7577950Z    Compiling num-integer v0.1.46
siege-acceptance / siege-linux	UNKNOWN STEP	2026-10-04T11:26:47.8105225Z    Compiling form_urlencoded v1.2.2
siege-acceptance / siege-linux	UNKNOWN STEP	2026-10-04T11:26:47.8871527Z    Compiling tokio-util v0.7.18
siege-acceptance / siege-linux	UNKNOWN STEP	2026-10-04T11:26:47.9581862Z    Compiling sync_wrapper v1.0.2
siege-acceptance / siege-linux	UNKNOWN STEP	2026-10-04T11:26:47.9911070Z    Compiling tower-layer v0.3.3
siege-acceptance / siege-linux	UNKNOWN STEP	2026-10-04T11:26:48.0677286Z    Compiling httpdate v1.0.3
siege-acceptance / siege-linux	UNKNOWN STEP	2026-10-04T11:26:48.1931368Z    Compiling postgres-protocol v0.6.11
siege-acceptance / siege-linux	UNKNOWN STEP	2026-10-04T11:26:48.3320200Z    Compiling hyper v1.9.0
siege-acceptance / siege-linux	UNKNOWN STEP	2026-10-04T11:26:48.5439176Z    Compiling num-bigint v0.4.8
siege-acceptance / siege-linux	UNKNOWN STEP	2026-10-04T11:26:49.3324586Z    Compiling rand_core v0.9.5
siege-acceptance / siege-linux	UNKNOWN STEP	2026-10-04T11:26:49.4332996Z    Compiling idna_adapter v1.2.2
siege-acceptance / siege-linux	UNKNOWN STEP	2026-10-04T11:26:49.4811377Z    Compiling derive_more v2.1.1
siege-acceptance / siege-linux	UNKNOWN STEP	2026-10-04T11:26:49.5059241Z    Compiling rusticata-macros v4.1.0
siege-acceptance / siege-linux	UNKNOWN STEP	2026-10-04T11:26:49.5933736Z    Compiling asn1-rs-derive v0.5.1
siege-acceptance / siege-linux	UNKNOWN STEP	2026-10-04T11:26:50.1557968Z    Compiling asn1-rs-impl v0.2.0
siege-acceptance / siege-linux	UNKNOWN STEP	2026-10-04T11:26:50.4269675Z    Compiling rustix v1.1.4
siege-acceptance / siege-linux	UNKNOWN STEP	2026-10-04T11:26:50.6695888Z    Compiling ipnet v2.12.0
siege-acceptance / siege-linux	UNKNOWN STEP	2026-10-04T11:26:50.9998500Z    Compiling data-encoding v2.10.0
siege-acceptance / siege-linux	UNKNOWN STEP	2026-10-04T11:26:51.5715811Z    Compiling hyper-util v0.1.20
siege-acceptance / siege-linux	UNKNOWN STEP	2026-10-04T11:26:52.7088618Z    Compiling bevy_utils v0.17.3
siege-acceptance / siege-linux	UNKNOWN STEP	2026-10-04T11:26:52.8192203Z    Compiling asn1-rs v0.6.2
siege-acceptance / siege-linux	UNKNOWN STEP	2026-10-04T11:26:53.8320589Z    Compiling idna v1.1.0
siege-acceptance / siege-linux	UNKNOWN STEP	2026-10-04T11:26:54.3622477Z    Compiling rand_chacha v0.9.0
siege-acceptance / siege-linux	UNKNOWN STEP	2026-10-04T11:26:54.6774740Z    Compiling postgres-types v0.2.13
siege-acceptance / siege-linux	UNKNOWN STEP	2026-10-04T11:26:54.6853838Z    Compiling tower v0.5.3
siege-acceptance / siege-linux	UNKNOWN STEP	2026-10-04T11:26:54.9877128Z    Compiling bevy_reflect_derive v0.17.3
siege-acceptance / siege-linux	UNKNOWN STEP	2026-10-04T11:26:55.0211529Z    Compiling http-body-util v0.1.3
siege-acceptance / siege-linux	UNKNOWN STEP	2026-10-04T11:26:55.1402043Z    Compiling assert_type_match v0.1.1
siege-acceptance / siege-linux	UNKNOWN STEP	2026-10-04T11:26:55.7121853Z    Compiling async-trait v0.1.89
siege-acceptance / siege-linux	UNKNOWN STEP	2026-10-04T11:26:56.4168151Z    Compiling variadics_please v1.1.0
siege-acceptance / siege-linux	UNKNOWN STEP	2026-10-04T11:26:56.7741556Z    Compiling digest v0.9.0
siege-acceptance / siege-linux	UNKNOWN STEP	2026-10-04T11:26:56.8098825Z    Compiling oid-registry v0.7.1
siege-acceptance / siege-linux	UNKNOWN STEP	2026-10-04T11:26:56.8208873Z    Compiling linux-raw-sys v0.12.1
siege-acceptance / siege-linux	UNKNOWN STEP	2026-10-04T11:26:57.0428521Z    Compiling ryu v1.0.23
siege-acceptance / siege-linux	UNKNOWN STEP	2026-10-04T11:26:57.1331594Z    Compiling serde_urlencoded v0.7.1
siege-acceptance / siege-linux	UNKNOWN STEP	2026-10-04T11:26:57.2576805Z    Compiling bevy_reflect v0.17.3
siege-acceptance / siege-linux	UNKNOWN STEP	2026-10-04T11:26:58.2902009Z    Compiling tokio-postgres v0.7.17
siege-acceptance / siege-linux	UNKNOWN STEP	2026-10-04T11:27:00.3334383Z    Compiling bevy_tasks v0.17.3
siege-acceptance / siege-linux	UNKNOWN STEP	2026-10-04T11:27:00.7534859Z    Compiling dbus v0.9.12
siege-acceptance / siege-linux	UNKNOWN STEP	2026-10-04T11:27:01.9812396Z    Compiling rand v0.9.4
siege-acceptance / siege-linux	UNKNOWN STEP	2026-10-04T11:27:02.3781538Z    Compiling url v2.5.8
siege-acceptance / siege-linux	UNKNOWN STEP	2026-10-04T11:27:02.9590121Z    Compiling tokio-rustls v0.26.4
siege-acceptance / siege-linux	UNKNOWN STEP	2026-10-04T11:27:03.0928818Z    Compiling bevy_ecs_macros v0.17.3
siege-acceptance / siege-linux	UNKNOWN STEP	2026-10-04T11:27:03.8853119Z    Compiling sha1 v0.10.6
siege-acceptance / siege-linux	UNKNOWN STEP	2026-10-04T11:27:03.9891278Z    Compiling webpki-roots v1.0.9
siege-acceptance / siege-linux	UNKNOWN STEP	2026-10-04T11:27:04.0327784Z    Compiling quinn-udp v0.5.15
siege-acceptance / siege-linux	UNKNOWN STEP	2026-10-04T11:27:04.2148047Z    Compiling block-buffer v0.9.0
siege-acceptance / siege-linux	UNKNOWN STEP	2026-10-04T11:27:04.2528010Z    Compiling subtle-ng v2.5.0
siege-acceptance / siege-linux	UNKNOWN STEP	2026-10-04T11:27:04.3081226Z    Compiling opaque-debug v0.3.1
siege-acceptance / siege-linux	UNKNOWN STEP	2026-10-04T11:27:04.3289906Z    Compiling sha2 v0.9.9
siege-acceptance / siege-linux	UNKNOWN STEP	2026-10-04T11:27:04.4061342Z    Compiling bevy_ecs v0.17.3
siege-acceptance / siege-linux	UNKNOWN STEP	2026-10-04T11:27:04.5944768Z    Compiling curve25519-dalek-ng v4.1.1
siege-acceptance / siege-linux	UNKNOWN STEP	2026-10-04T11:27:05.1051403Z    Compiling password-hash v0.5.0
siege-acceptance / siege-linux	UNKNOWN STEP	2026-10-04T11:27:05.3650838Z    Compiling hyper-rustls v0.27.9
siege-acceptance / siege-linux	UNKNOWN STEP	2026-10-04T11:27:05.5031807Z    Compiling tungstenite v0.29.0
siege-acceptance / siege-linux	UNKNOWN STEP	2026-10-04T11:27:06.1754039Z    Compiling tower-http v0.6.11
siege-acceptance / siege-linux	UNKNOWN STEP	2026-10-04T11:27:06.3908099Z    Compiling dbus-secret-service v4.1.0
siege-acceptance / siege-linux	UNKNOWN STEP	2026-10-04T11:27:06.9745531Z    Compiling postgres v0.19.13
siege-acceptance / siege-linux	UNKNOWN STEP	2026-10-04T11:27:09.6329012Z    Compiling xattr v1.6.1
siege-acceptance / siege-linux	UNKNOWN STEP	2026-10-04T11:27:09.8171412Z    Compiling der-parser v9.0.0
siege-acceptance / siege-linux	UNKNOWN STEP	2026-10-04T11:27:10.2252790Z    Compiling scheduled-thread-pool v0.2.7
siege-acceptance / siege-linux	UNKNOWN STEP	2026-10-04T11:27:10.3931521Z    Compiling bevy_derive v0.17.3
siege-acceptance / siege-linux	UNKNOWN STEP	2026-10-04T11:27:10.8203730Z    Compiling blake2 v0.10.6
siege-acceptance / siege-linux	UNKNOWN STEP	2026-10-04T11:27:11.0781385Z    Compiling rand_chacha v0.3.1
siege-acceptance / siege-linux	UNKNOWN STEP	2026-10-04T11:27:11.3883875Z    Compiling rand_pcg v0.10.2
siege-acceptance / siege-linux	UNKNOWN STEP	2026-10-04T11:27:11.4506858Z    Compiling quinn v0.11.11
siege-acceptance / siege-linux	UNKNOWN STEP	2026-10-04T11:27:11.5861988Z    Compiling mir2-protocol v0.1.0 (/home/runner/work/mir2/mir2/mir2-web3/packages/protocol)
siege-acceptance / siege-linux	UNKNOWN STEP	2026-10-04T11:27:15.5031510Z    Compiling pem v3.0.6
siege-acceptance / siege-linux	UNKNOWN STEP	2026-10-04T11:27:15.6856744Z    Compiling filetime v0.2.29
siege-acceptance / siege-linux	UNKNOWN STEP	2026-10-04T11:27:15.7323618Z    Compiling hex v0.4.3
siege-acceptance / siege-linux	UNKNOWN STEP	2026-10-04T11:27:15.7781371Z    Compiling rustc-hash v2.1.3
siege-acceptance / siege-linux	UNKNOWN STEP	2026-10-04T11:27:15.8133646Z    Compiling lru-slab v0.1.2
siege-acceptance / siege-linux	UNKNOWN STEP	2026-10-04T11:27:15.8621495Z    Compiling lazy_static v1.5.0
siege-acceptance / siege-linux	UNKNOWN STEP	2026-10-04T11:27:15.8716248Z    Compiling mime v0.3.17
siege-acceptance / siege-linux	UNKNOWN STEP	2026-10-04T11:27:15.8903474Z    Compiling x509-parser v0.16.0
siege-acceptance / siege-linux	UNKNOWN STEP	2026-10-04T11:27:16.0098258Z    Compiling axum-core v0.5.6
siege-acceptance / siege-linux	UNKNOWN STEP	2026-10-04T11:27:17.0046352Z    Compiling ed25519-consensus v2.1.0
siege-acceptance / siege-linux	UNKNOWN STEP	2026-10-04T11:27:17.1519216Z    Compiling quinn-proto v0.11.16
siege-acceptance / siege-linux	UNKNOWN STEP	2026-10-04T11:27:17.5463499Z    Compiling tar v0.4.46
siege-acceptance / siege-linux	UNKNOWN STEP	2026-10-04T11:27:18.2561235Z    Compiling mir2-game-data v0.1.0 (/home/runner/work/mir2/mir2/mir2-web3/packages/game-data)
siege-acceptance / siege-linux	UNKNOWN STEP	2026-10-04T11:27:20.9450436Z    Compiling bevy_app v0.17.3
siege-acceptance / siege-linux	UNKNOWN STEP	2026-10-04T11:27:21.9525099Z    Compiling rand v0.8.7
siege-acceptance / siege-linux	UNKNOWN STEP	2026-10-04T11:27:22.4084555Z    Compiling argon2 v0.5.3
siege-acceptance / siege-linux	UNKNOWN STEP	2026-10-04T11:27:22.7229371Z    Compiling r2d2 v0.8.10
siege-acceptance / siege-linux	UNKNOWN STEP	2026-10-04T11:27:22.8151362Z    Compiling keyring v3.6.3
siege-acceptance / siege-linux	UNKNOWN STEP	2026-10-04T11:27:23.1391700Z    Compiling reqwest v0.12.28
siege-acceptance / siege-linux	UNKNOWN STEP	2026-10-04T11:27:25.6494463Z    Compiling tokio-tungstenite v0.29.0
siege-acceptance / siege-linux	UNKNOWN STEP	2026-10-04T11:27:26.0176275Z    Compiling simple_asn1 v0.6.4
siege-acceptance / siege-linux	UNKNOWN STEP	2026-10-04T11:27:26.7508689Z    Compiling yasna v0.5.2
siege-acceptance / siege-linux	UNKNOWN STEP	2026-10-04T11:27:26.7698055Z    Compiling rmp v0.8.15
siege-acceptance / siege-linux	UNKNOWN STEP	2026-10-04T11:27:26.9636121Z    Compiling serde_path_to_error v0.1.20
siege-acceptance / siege-linux	UNKNOWN STEP	2026-10-04T11:27:27.1849503Z    Compiling matchit v0.8.4
siege-acceptance / siege-linux	UNKNOWN STEP	2026-10-04T11:27:27.2591122Z    Compiling semver v1.0.28
siege-acceptance / siege-linux	UNKNOWN STEP	2026-10-04T11:27:27.4252776Z    Compiling dubhe-network-core v0.1.0 (/home/runner/work/mir2/mir2/mir2-web3/vendor/dubhe-network-core)
siege-acceptance / siege-linux	UNKNOWN STEP	2026-10-04T11:27:27.4752454Z    Compiling axum v0.8.9
siege-acceptance / siege-linux	UNKNOWN STEP	2026-10-04T11:27:30.3209984Z    Compiling rcgen v0.13.2
siege-acceptance / siege-linux	UNKNOWN STEP	2026-10-04T11:27:31.3217353Z    Compiling rmp-serde v1.3.1
siege-acceptance / siege-linux	UNKNOWN STEP	2026-10-04T11:27:31.6003768Z    Compiling jsonwebtoken v9.3.1
siege-acceptance / siege-linux	UNKNOWN STEP	2026-10-04T11:27:32.5536733Z    Compiling r2d2_postgres v0.18.2
siege-acceptance / siege-linux	UNKNOWN STEP	2026-10-04T11:27:32.5957333Z    Compiling mir2-simulation v0.1.0 (/home/runner/work/mir2/mir2/mir2-web3/apps/simulation)
siege-acceptance / siege-linux	UNKNOWN STEP	2026-10-04T11:27:33.2482441Z    Compiling sysinfo v0.37.2
siege-acceptance / siege-linux	UNKNOWN STEP	2026-10-04T11:27:34.0763298Z warning: unused import: `super::skills::crystal_magic_damage`
siege-acceptance / siege-linux	UNKNOWN STEP	2026-10-04T11:27:34.0764301Z   --> apps/simulation/src/runtime/hero_ai.rs:53:5
siege-acceptance / siege-linux	UNKNOWN STEP	2026-10-04T11:27:34.0764872Z    |
siege-acceptance / siege-linux	UNKNOWN STEP	2026-10-04T11:27:34.0765228Z 53 | use super::skills::crystal_magic_damage;
siege-acceptance / siege-linux	UNKNOWN STEP	2026-10-04T11:27:34.0771491Z    |     ^^^^^^^^^^^^^^^^^^^^^^^^^^^^^^^^^^^
siege-acceptance / siege-linux	UNKNOWN STEP	2026-10-04T11:27:34.0771926Z    |
siege-acceptance / siege-linux	UNKNOWN STEP	2026-10-04T11:27:34.0772320Z    = note: `#[warn(unused_imports)]` on by default
siege-acceptance / siege-linux	UNKNOWN STEP	2026-10-04T11:27:34.0772664Z 
siege-acceptance / siege-linux	UNKNOWN STEP	2026-10-04T11:27:34.0773036Z warning: unused import: `hero_registry_scan::validate_shared_hero_physical_custody`
siege-acceptance / siege-linux	UNKNOWN STEP	2026-10-04T11:27:34.0773936Z   --> apps/simulation/src/runtime/mod.rs:22:16
siege-acceptance / siege-linux	UNKNOWN STEP	2026-10-04T11:27:34.0774657Z    |
siege-acceptance / siege-linux	UNKNOWN STEP	2026-10-04T11:27:34.0775454Z 22 | pub(crate) use hero_registry_scan::validate_shared_hero_physical_custody;
siege-acceptance / siege-linux	UNKNOWN STEP	2026-10-04T11:27:34.0776228Z    |                ^^^^^^^^^^^^^^^^^^^^^^^^^^^^^^^^^^^^^^^^^^^^^^^^^^^^^^^^^
siege-acceptance / siege-linux	UNKNOWN STEP	2026-10-04T11:27:34.0776629Z 
siege-acceptance / siege-linux	UNKNOWN STEP	2026-10-04T11:27:34.0782797Z warning: unused import: `HeroInventoryResource`
siege-acceptance / siege-linux	UNKNOWN STEP	2026-10-04T11:27:34.0783575Z   --> apps/simulation/src/runtime/items.rs:58:19
siege-acceptance / siege-linux	UNKNOWN STEP	2026-10-04T11:27:34.0784294Z    |
siege-acceptance / siege-linux	UNKNOWN STEP	2026-10-04T11:27:34.0784977Z 58 |     BuffResource, HeroInventoryResource, InventoryResource, PlayerPermissionResource,
siege-acceptance / siege-linux	UNKNOWN STEP	2026-10-04T11:27:34.0785795Z    |                   ^^^^^^^^^^^^^^^^^^^^^
siege-acceptance / siege-linux	UNKNOWN STEP	2026-10-04T11:27:34.0786134Z 
siege-acceptance / siege-linux	UNKNOWN STEP	2026-10-04T11:27:34.0824061Z warning: unused import: `merged_user_item_stats`
siege-acceptance / siege-linux	UNKNOWN STEP	2026-10-04T11:27:34.0824820Z   --> apps/simulation/src/runtime/npc.rs:35:72
siege-acceptance / siege-linux	UNKNOWN STEP	2026-10-04T11:27:34.0825499Z    |
siege-acceptance / siege-linux	UNKNOWN STEP	2026-10-04T11:27:34.0826345Z 35 |     crystal_item_key_for_template, crystal_item_template_for_item_key, merged_user_item_stats,
siege-acceptance / siege-linux	UNKNOWN STEP	2026-10-04T11:27:34.0827376Z    |                                                                        ^^^^^^^^^^^^^^^^^^^^^^
siege-acceptance / siege-linux	UNKNOWN STEP	2026-10-04T11:27:34.0827970Z 
siege-acceptance / siege-linux	UNKNOWN STEP	2026-10-04T11:27:34.0844838Z warning: unused import: `hero_inventory_crystal_stat_total`
siege-acceptance / siege-linux	UNKNOWN STEP	2026-10-04T11:27:34.0846587Z   --> apps/simulation/src/runtime/packets.rs:72:22
siege-acceptance / siege-linux	UNKNOWN STEP	2026-10-04T11:27:34.0847448Z    |
siege-acceptance / siege-linux	UNKNOWN STEP	2026-10-04T11:27:34.0848063Z 72 | use super::hero_ai::{hero_inventory_crystal_stat_total, hero_inventory_equipment_slots};
siege-acceptance / siege-linux	UNKNOWN STEP	2026-10-04T11:27:34.0848814Z    |                      ^^^^^^^^^^^^^^^^^^^^^^^^^^^^^^^^^
siege-acceptance / siege-linux	UNKNOWN STEP	2026-10-04T11:27:34.0849133Z 
siege-acceptance / siege-linux	UNKNOWN STEP	2026-10-04T11:27:34.0849342Z warning: unused import: `crystal_quest_info_by_id`
siege-acceptance / siege-linux	UNKNOWN STEP	2026-10-04T11:27:34.0849917Z    --> apps/simulation/src/runtime/packets.rs:108:5
siege-acceptance / siege-linux	UNKNOWN STEP	2026-10-04T11:27:34.0850579Z     |
siege-acceptance / siege-linux	UNKNOWN STEP	2026-10-04T11:27:34.0851048Z 108 |     crystal_quest_info_by_id, crystal_quest_reward_selection_missing,
siege-acceptance / siege-linux	UNKNOWN STEP	2026-10-04T11:27:34.0851633Z     |     ^^^^^^^^^^^^^^^^^^^^^^^^
siege-acceptance / siege-linux	UNKNOWN STEP	2026-10-04T11:27:34.0851901Z 
siege-acceptance / siege-linux	UNKNOWN STEP	2026-10-04T11:27:34.0852166Z warning: unused import: `intelligent_creature_default_rules`
siege-acceptance / siege-linux	UNKNOWN STEP	2026-10-04T11:27:34.0852752Z    --> apps/simulation/src/runtime/packets.rs:125:5
siege-acceptance / siege-linux	UNKNOWN STEP	2026-10-04T11:27:34.0853204Z     |
siege-acceptance / siege-linux	UNKNOWN STEP	2026-10-04T11:27:34.0853713Z 125 |     intelligent_creature_default_rules, is_in_world, mark_crystal_packet_action,
siege-acceptance / siege-linux	UNKNOWN STEP	2026-10-04T11:27:34.0854356Z     |     ^^^^^^^^^^^^^^^^^^^^^^^^^^^^^^^^^^
siege-acceptance / siege-linux	UNKNOWN STEP	2026-10-04T11:27:34.0854621Z 
siege-acceptance / siege-linux	UNKNOWN STEP	2026-10-04T11:27:34.0945411Z warning: unused imports: `ZoneExperienceProfile` and `ZoneGuildExperienceMembership`
siege-acceptance / siege-linux	UNKNOWN STEP	2026-10-04T11:27:34.0946518Z  --> apps/simulation/src/runtime/zone/mod.rs:6:22
siege-acceptance / siege-linux	UNKNOWN STEP	2026-10-04T11:27:34.0947185Z   |
siege-acceptance / siege-linux	UNKNOWN STEP	2026-10-04T11:27:34.0948049Z 6 | pub use experience::{ZoneExperienceProfile,ZoneExperienceSelection,ZoneGuildExperienceMembership};
siege-acceptance / siege-linux	UNKNOWN STEP	2026-10-04T11:27:34.0949129Z   |                      ^^^^^^^^^^^^^^^^^^^^^                         ^^^^^^^^^^^^^^^^^^^^^^^^^^^^^
siege-acceptance / siege-linux	UNKNOWN STEP	2026-10-04T11:27:34.0949577Z 
siege-acceptance / siege-linux	UNKNOWN STEP	2026-10-04T11:27:37.0935669Z warning: use of deprecated method `bevy_ecs::world::World::iter_entities`: use world.query::<EntityRef>()` instead
siege-acceptance / siege-linux	UNKNOWN STEP	2026-10-04T11:27:37.0936654Z   --> apps/simulation/src/runtime/hero_cast.rs:61:22
siege-acceptance / siege-linux	UNKNOWN STEP	2026-10-04T11:27:37.0937138Z    |
siege-acceptance / siege-linux	UNKNOWN STEP	2026-10-04T11:27:37.0937531Z 61 |     let target=world.iter_entities().find_map(|entry| {
siege-acceptance / siege-linux	UNKNOWN STEP	2026-10-04T11:27:37.0938059Z    |                      ^^^^^^^^^^^^^
siege-acceptance / siege-linux	UNKNOWN STEP	2026-10-04T11:27:37.0938350Z    |
siege-acceptance / siege-linux	UNKNOWN STEP	2026-10-04T11:27:37.0938564Z    = note: `#[warn(deprecated)]` on by default
siege-acceptance / siege-linux	UNKNOWN STEP	2026-10-04T11:27:37.0938778Z 
siege-acceptance / siege-linux	UNKNOWN STEP	2026-10-04T11:27:37.4323152Z warning: use of deprecated method `bevy_ecs::world::World::iter_entities`: use world.query::<EntityRef>()` instead
siege-acceptance / siege-linux	UNKNOWN STEP	2026-10-04T11:27:37.4324094Z    --> apps/simulation/src/runtime/monster_ai/great_fox_spirit.rs:163:28
siege-acceptance / siege-linux	UNKNOWN STEP	2026-10-04T11:27:37.4324923Z     |
siege-acceptance / siege-linux	UNKNOWN STEP	2026-10-04T11:27:37.4325231Z 163 |     for candidate in world.iter_entities() {
siege-acceptance / siege-linux	UNKNOWN STEP	2026-10-04T11:27:37.4325650Z     |                            ^^^^^^^^^^^^^
siege-acceptance / siege-linux	UNKNOWN STEP	2026-10-04T11:27:37.4325900Z 
siege-acceptance / siege-linux	UNKNOWN STEP	2026-10-04T11:27:37.9401880Z warning: use of deprecated method `bevy_ecs::world::World::iter_entities`: use world.query::<EntityRef>()` instead
siege-acceptance / siege-linux	UNKNOWN STEP	2026-10-04T11:27:37.9403281Z     --> apps/simulation/src/runtime/packets.rs:7894:25
siege-acceptance / siege-linux	UNKNOWN STEP	2026-10-04T11:27:37.9403895Z      |
siege-acceptance / siege-linux	UNKNOWN STEP	2026-10-04T11:27:37.9404339Z 7894 |     for entity in world.iter_entities() {
siege-acceptance / siege-linux	UNKNOWN STEP	2026-10-04T11:27:37.9404926Z      |                         ^^^^^^^^^^^^^
siege-acceptance / siege-linux	UNKNOWN STEP	2026-10-04T11:27:37.9405292Z 
siege-acceptance / siege-linux	UNKNOWN STEP	2026-10-04T11:27:38.3512047Z warning: use of deprecated method `bevy_ecs::world::World::iter_entities`: use world.query::<EntityRef>()` instead
siege-acceptance / siege-linux	UNKNOWN STEP	2026-10-04T11:27:38.3513301Z    --> apps/simulation/src/runtime/session.rs:760:14
siege-acceptance / siege-linux	UNKNOWN STEP	2026-10-04T11:27:38.3513926Z     |
siege-acceptance / siege-linux	UNKNOWN STEP	2026-10-04T11:27:38.3514311Z 760 |             .iter_entities()
siege-acceptance / siege-linux	UNKNOWN STEP	2026-10-04T11:27:38.3514846Z     |              ^^^^^^^^^^^^^
siege-acceptance / siege-linux	UNKNOWN STEP	2026-10-04T11:27:38.3515160Z 
siege-acceptance / siege-linux	UNKNOWN STEP	2026-10-04T11:27:38.5434014Z warning: use of deprecated method `bevy_ecs::world::World::iter_entities`: use world.query::<EntityRef>()` instead
siege-acceptance / siege-linux	UNKNOWN STEP	2026-10-04T11:27:38.5435369Z     --> apps/simulation/src/runtime/skills.rs:5017:10
siege-acceptance / siege-linux	UNKNOWN STEP	2026-10-04T11:27:38.5436030Z      |
siege-acceptance / siege-linux	UNKNOWN STEP	2026-10-04T11:27:38.5436444Z 5017 |         .iter_entities()
siege-acceptance / siege-linux	UNKNOWN STEP	2026-10-04T11:27:38.5436965Z      |          ^^^^^^^^^^^^^
siege-acceptance / siege-linux	UNKNOWN STEP	2026-10-04T11:27:38.5437289Z 
siege-acceptance / siege-linux	UNKNOWN STEP	2026-10-04T11:27:38.5455717Z warning: use of deprecated method `bevy_ecs::world::World::iter_entities`: use world.query::<EntityRef>()` instead
siege-acceptance / siege-linux	UNKNOWN STEP	2026-10-04T11:27:38.5456884Z     --> apps/simulation/src/runtime/skills.rs:5100:10
siege-acceptance / siege-linux	UNKNOWN STEP	2026-10-04T11:27:38.5457526Z      |
siege-acceptance / siege-linux	UNKNOWN STEP	2026-10-04T11:27:38.5457914Z 5100 |         .iter_entities()
siege-acceptance / siege-linux	UNKNOWN STEP	2026-10-04T11:27:38.5458393Z      |          ^^^^^^^^^^^^^
siege-acceptance / siege-linux	UNKNOWN STEP	2026-10-04T11:27:38.5458698Z 
siege-acceptance / siege-linux	UNKNOWN STEP	2026-10-04T11:27:48.2022121Z warning: type `HeroSourceVersions` is more private than the item `config::AccountStoreRepositorySave::heroes`
siege-acceptance / siege-linux	UNKNOWN STEP	2026-10-04T11:27:48.2023050Z    --> apps/simulation/src/config.rs:911:5
siege-acceptance / siege-linux	UNKNOWN STEP	2026-10-04T11:27:48.2023477Z     |
siege-acceptance / siege-linux	UNKNOWN STEP	2026-10-04T11:27:48.2023898Z 911 |     pub(crate) heroes: hero_registry::HeroSourceVersions,
siege-acceptance / siege-linux	UNKNOWN STEP	2026-10-04T11:27:48.2024856Z     |     ^^^^^^^^^^^^^^^^^^^^^^^^^^^^^^^^^^^^^^^^^^^^^^^^^^^^ field `config::AccountStoreRepositorySave::heroes` is reachable at visibility `pub(crate)`
siege-acceptance / siege-linux	UNKNOWN STEP	2026-10-04T11:27:48.2025659Z     |
siege-acceptance / siege-linux	UNKNOWN STEP	2026-10-04T11:27:48.2026182Z note: but type `HeroSourceVersions` is only usable at visibility `pub(in crate::config)`
siege-acceptance / siege-linux	UNKNOWN STEP	2026-10-04T11:27:48.2026900Z    --> apps/simulation/src/config_hero_registry.rs:93:1
siege-acceptance / siege-linux	UNKNOWN STEP	2026-10-04T11:27:48.2027400Z     |
siege-acceptance / siege-linux	UNKNOWN STEP	2026-10-04T11:27:48.2027720Z 93  | pub(super) struct HeroSourceVersions {
siege-acceptance / siege-linux	UNKNOWN STEP	2026-10-04T11:27:48.2028153Z     | ^^^^^^^^^^^^^^^^^^^^^^^^^^^^^^^^^^^^
siege-acceptance / siege-linux	UNKNOWN STEP	2026-10-04T11:27:48.2028606Z     = note: `#[warn(private_interfaces)]` on by default
siege-acceptance / siege-linux	UNKNOWN STEP	2026-10-04T11:27:48.2028930Z 
siege-acceptance / siege-linux	UNKNOWN STEP	2026-10-04T11:27:48.2069607Z warning: type `ZoneCombatEntityRef` is more private than the item `tree_queen_ai::TreeQueenRoot::source_ref`
siege-acceptance / siege-linux	UNKNOWN STEP	2026-10-04T11:27:48.2070866Z   --> apps/simulation/src/runtime/zone/runtime/tree_queen_ai.rs:39:5
siege-acceptance / siege-linux	UNKNOWN STEP	2026-10-04T11:27:48.2071487Z    |
siege-acceptance / siege-linux	UNKNOWN STEP	2026-10-04T11:27:48.2071853Z 39 |     pub source_ref: Option<ZoneCombatEntityRef>,
siege-acceptance / siege-linux	UNKNOWN STEP	2026-10-04T11:27:48.2073008Z    |     ^^^^^^^^^^^^^^^^^^^^^^^^^^^^^^^^^^^^^^^^^^^ field `tree_queen_ai::TreeQueenRoot::source_ref` is reachable at visibility `pub(in crate::runtime::zone)`
siege-acceptance / siege-linux	UNKNOWN STEP	2026-10-04T11:27:48.2073845Z    |
siege-acceptance / siege-linux	UNKNOWN STEP	2026-10-04T11:27:48.2074456Z note: but type `ZoneCombatEntityRef` is only usable at visibility `pub(in crate::runtime::zone::runtime)`
siege-acceptance / siege-linux	UNKNOWN STEP	2026-10-04T11:27:48.2075330Z   --> apps/simulation/src/runtime/zone/runtime/entity_combat.rs:7:1
siege-acceptance / siege-linux	UNKNOWN STEP	2026-10-04T11:27:48.2075860Z    |
siege-acceptance / siege-linux	UNKNOWN STEP	2026-10-04T11:27:48.2076173Z 7  | pub(super) enum ZoneCombatEntityRef {
siege-acceptance / siege-linux	UNKNOWN STEP	2026-10-04T11:27:48.2076593Z    | ^^^^^^^^^^^^^^^^^^^^^^^^^^^^^^^^^^^
siege-acceptance / siege-linux	UNKNOWN STEP	2026-10-04T11:27:48.2076857Z 
siege-acceptance / siege-linux	UNKNOWN STEP	2026-10-04T11:27:48.2077278Z warning: type `ZoneCombatEntityRef` is more private than the item `EvilMirState::target_ref`
siege-acceptance / siege-linux	UNKNOWN STEP	2026-10-04T11:27:48.2078406Z   --> apps/simulation/src/runtime/zone/runtime/evil_mir_ai.rs:11:5
siege-acceptance / siege-linux	UNKNOWN STEP	2026-10-04T11:27:48.2078991Z    |
siege-acceptance / siege-linux	UNKNOWN STEP	2026-10-04T11:27:48.2079377Z 11 |     pub target_ref: Option<ZoneCombatEntityRef>,
siege-acceptance / siege-linux	UNKNOWN STEP	2026-10-04T11:27:48.2080573Z    |     ^^^^^^^^^^^^^^^^^^^^^^^^^^^^^^^^^^^^^^^^^^^ field `EvilMirState::target_ref` is reachable at visibility `pub(in crate::runtime::zone)`
siege-acceptance / siege-linux	UNKNOWN STEP	2026-10-04T11:27:48.2081421Z    |
siege-acceptance / siege-linux	UNKNOWN STEP	2026-10-04T11:27:48.2082107Z note: but type `ZoneCombatEntityRef` is only usable at visibility `pub(in crate::runtime::zone::runtime)`
siege-acceptance / siege-linux	UNKNOWN STEP	2026-10-04T11:27:48.2083018Z   --> apps/simulation/src/runtime/zone/runtime/entity_combat.rs:7:1
siege-acceptance / siege-linux	UNKNOWN STEP	2026-10-04T11:27:48.2083543Z    |
siege-acceptance / siege-linux	UNKNOWN STEP	2026-10-04T11:27:48.2083857Z 7  | pub(super) enum ZoneCombatEntityRef {
siege-acceptance / siege-linux	UNKNOWN STEP	2026-10-04T11:27:48.2084272Z    | ^^^^^^^^^^^^^^^^^^^^^^^^^^^^^^^^^^^
siege-acceptance / siege-linux	UNKNOWN STEP	2026-10-04T11:27:48.2084535Z 
siege-acceptance / siege-linux	UNKNOWN STEP	2026-10-04T11:27:48.2084986Z warning: type `ZoneCombatEntityRef` is more private than the item `EvilMirPendingSource::source`
siege-acceptance / siege-linux	UNKNOWN STEP	2026-10-04T11:27:48.2085924Z   --> apps/simulation/src/runtime/zone/runtime/evil_mir_ai.rs:20:5
siege-acceptance / siege-linux	UNKNOWN STEP	2026-10-04T11:27:48.2086494Z    |
siege-acceptance / siege-linux	UNKNOWN STEP	2026-10-04T11:27:48.2086837Z 20 |     pub source: ZoneCombatEntityRef,
siege-acceptance / siege-linux	UNKNOWN STEP	2026-10-04T11:27:48.2087736Z    |     ^^^^^^^^^^^^^^^^^^^^^^^^^^^^^^^ field `EvilMirPendingSource::source` is reachable at visibility `pub(in crate::runtime::zone)`
siege-acceptance / siege-linux	UNKNOWN STEP	2026-10-04T11:27:48.2088594Z    |
siege-acceptance / siege-linux	UNKNOWN STEP	2026-10-04T11:27:48.2089230Z note: but type `ZoneCombatEntityRef` is only usable at visibility `pub(in crate::runtime::zone::runtime)`
siege-acceptance / siege-linux	UNKNOWN STEP	2026-10-04T11:27:48.2090203Z   --> apps/simulation/src/runtime/zone/runtime/entity_combat.rs:7:1
siege-acceptance / siege-linux	UNKNOWN STEP	2026-10-04T11:27:48.2091101Z    |
siege-acceptance / siege-linux	UNKNOWN STEP	2026-10-04T11:27:48.2091451Z 7  | pub(super) enum ZoneCombatEntityRef {
siege-acceptance / siege-linux	UNKNOWN STEP	2026-10-04T11:27:48.2091927Z    | ^^^^^^^^^^^^^^^^^^^^^^^^^^^^^^^^^^^
siege-acceptance / siege-linux	UNKNOWN STEP	2026-10-04T11:27:48.2092200Z 
siege-acceptance / siege-linux	UNKNOWN STEP	2026-10-04T11:27:48.2092687Z warning: type `ZoneCombatEntityRef` is more private than the item `GreatFoxState::target_ref`
siege-acceptance / siege-linux	UNKNOWN STEP	2026-10-04T11:27:48.2093609Z   --> apps/simulation/src/runtime/zone/runtime/great_fox_ai.rs:15:5
siege-acceptance / siege-linux	UNKNOWN STEP	2026-10-04T11:27:48.2094200Z    |
siege-acceptance / siege-linux	UNKNOWN STEP	2026-10-04T11:27:48.2094575Z 15 |     pub target_ref: Option<ZoneCombatEntityRef>,
siege-acceptance / siege-linux	UNKNOWN STEP	2026-10-04T11:27:48.2095457Z    |     ^^^^^^^^^^^^^^^^^^^^^^^^^^^^^^^^^^^^^^^^^^^ field `GreatFoxState::target_ref` is reachable at visibility `pub(in crate::runtime::zone)`
siege-acceptance / siege-linux	UNKNOWN STEP	2026-10-04T11:27:48.2096297Z    |
siege-acceptance / siege-linux	UNKNOWN STEP	2026-10-04T11:27:48.2096909Z note: but type `ZoneCombatEntityRef` is only usable at visibility `pub(in crate::runtime::zone::runtime)`
siege-acceptance / siege-linux	UNKNOWN STEP	2026-10-04T11:27:48.2097778Z   --> apps/simulation/src/runtime/zone/runtime/entity_combat.rs:7:1
siege-acceptance / siege-linux	UNKNOWN STEP	2026-10-04T11:27:48.2098292Z    |
siege-acceptance / siege-linux	UNKNOWN STEP	2026-10-04T11:27:48.2098601Z 7  | pub(super) enum ZoneCombatEntityRef {
siege-acceptance / siege-linux	UNKNOWN STEP	2026-10-04T11:27:48.2099015Z    | ^^^^^^^^^^^^^^^^^^^^^^^^^^^^^^^^^^^
siege-acceptance / siege-linux	UNKNOWN STEP	2026-10-04T11:27:48.2099270Z 
siege-acceptance / siege-linux	UNKNOWN STEP	2026-10-04T11:27:48.2099674Z warning: type `ZoneCombatEntityRef` is more private than the item `GreatFoxHit::source_ref`
siege-acceptance / siege-linux	UNKNOWN STEP	2026-10-04T11:27:48.2100800Z   --> apps/simulation/src/runtime/zone/runtime/great_fox_ai.rs:42:5
siege-acceptance / siege-linux	UNKNOWN STEP	2026-10-04T11:27:48.2101360Z    |
siege-acceptance / siege-linux	UNKNOWN STEP	2026-10-04T11:27:48.2101736Z 42 |     pub source_ref: Option<ZoneCombatEntityRef>,
siege-acceptance / siege-linux	UNKNOWN STEP	2026-10-04T11:27:48.2102636Z    |     ^^^^^^^^^^^^^^^^^^^^^^^^^^^^^^^^^^^^^^^^^^^ field `GreatFoxHit::source_ref` is reachable at visibility `pub(in crate::runtime::zone)`
siege-acceptance / siege-linux	UNKNOWN STEP	2026-10-04T11:27:48.2103667Z    |
siege-acceptance / siege-linux	UNKNOWN STEP	2026-10-04T11:27:48.2104314Z note: but type `ZoneCombatEntityRef` is only usable at visibility `pub(in crate::runtime::zone::runtime)`
siege-acceptance / siege-linux	UNKNOWN STEP	2026-10-04T11:27:48.2105220Z   --> apps/simulation/src/runtime/zone/runtime/entity_combat.rs:7:1
siege-acceptance / siege-linux	UNKNOWN STEP	2026-10-04T11:27:48.2105726Z    |
siege-acceptance / siege-linux	UNKNOWN STEP	2026-10-04T11:27:48.2106033Z 7  | pub(super) enum ZoneCombatEntityRef {
siege-acceptance / siege-linux	UNKNOWN STEP	2026-10-04T11:27:48.2106440Z    | ^^^^^^^^^^^^^^^^^^^^^^^^^^^^^^^^^^^
siege-acceptance / siege-linux	UNKNOWN STEP	2026-10-04T11:27:48.2106694Z 
siege-acceptance / siege-linux	UNKNOWN STEP	2026-10-04T11:27:48.2107083Z warning: type `ZoneCombatEntityRef` is more private than the item `GreatFoxHit::target_ref`
siege-acceptance / siege-linux	UNKNOWN STEP	2026-10-04T11:27:48.2107887Z   --> apps/simulation/src/runtime/zone/runtime/great_fox_ai.rs:44:5
siege-acceptance / siege-linux	UNKNOWN STEP	2026-10-04T11:27:48.2108641Z    |
siege-acceptance / siege-linux	UNKNOWN STEP	2026-10-04T11:27:48.2108975Z 44 |     pub target_ref: Option<ZoneCombatEntityRef>,
siege-acceptance / siege-linux	UNKNOWN STEP	2026-10-04T11:27:48.2109786Z    |     ^^^^^^^^^^^^^^^^^^^^^^^^^^^^^^^^^^^^^^^^^^^ field `GreatFoxHit::target_ref` is reachable at visibility `pub(in crate::runtime::zone)`
siege-acceptance / siege-linux	UNKNOWN STEP	2026-10-04T11:27:48.2110730Z    |
siege-acceptance / siege-linux	UNKNOWN STEP	2026-10-04T11:27:48.2111335Z note: but type `ZoneCombatEntityRef` is only usable at visibility `pub(in crate::runtime::zone::runtime)`
siege-acceptance / siege-linux	UNKNOWN STEP	2026-10-04T11:27:48.2112194Z   --> apps/simulation/src/runtime/zone/runtime/entity_combat.rs:7:1
siege-acceptance / siege-linux	UNKNOWN STEP	2026-10-04T11:27:48.2112703Z    |
siege-acceptance / siege-linux	UNKNOWN STEP	2026-10-04T11:27:48.2113013Z 7  | pub(super) enum ZoneCombatEntityRef {
siege-acceptance / siege-linux	UNKNOWN STEP	2026-10-04T11:27:48.2113426Z    | ^^^^^^^^^^^^^^^^^^^^^^^^^^^^^^^^^^^
siege-acceptance / siege-linux	UNKNOWN STEP	2026-10-04T11:27:48.2113686Z 
siege-acceptance / siege-linux	UNKNOWN STEP	2026-10-04T11:27:48.2114152Z warning: type `ZoneCombatEntityRef` is more private than the item `HornedEncounterState::target_ref`
siege-acceptance / siege-linux	UNKNOWN STEP	2026-10-04T11:27:48.2115071Z   --> apps/simulation/src/runtime/zone/runtime/horned_encounter_ai.rs:12:5
siege-acceptance / siege-linux	UNKNOWN STEP	2026-10-04T11:27:48.2115634Z    |
siege-acceptance / siege-linux	UNKNOWN STEP	2026-10-04T11:27:48.2115980Z 12 |     pub target_ref: Option<ZoneCombatEntityRef>,
siege-acceptance / siege-linux	UNKNOWN STEP	2026-10-04T11:27:48.2116856Z    |     ^^^^^^^^^^^^^^^^^^^^^^^^^^^^^^^^^^^^^^^^^^^ field `HornedEncounterState::target_ref` is reachable at visibility `pub(in crate::runtime::zone)`
siege-acceptance / siege-linux	UNKNOWN STEP	2026-10-04T11:27:48.2117640Z    |
siege-acceptance / siege-linux	UNKNOWN STEP	2026-10-04T11:27:48.2118239Z note: but type `ZoneCombatEntityRef` is only usable at visibility `pub(in crate::runtime::zone::runtime)`
siege-acceptance / siege-linux	UNKNOWN STEP	2026-10-04T11:27:48.2119101Z   --> apps/simulation/src/runtime/zone/runtime/entity_combat.rs:7:1
siege-acceptance / siege-linux	UNKNOWN STEP	2026-10-04T11:27:48.2119611Z    |
siege-acceptance / siege-linux	UNKNOWN STEP	2026-10-04T11:27:48.2119909Z 7  | pub(super) enum ZoneCombatEntityRef {
siege-acceptance / siege-linux	UNKNOWN STEP	2026-10-04T11:27:48.2120616Z    | ^^^^^^^^^^^^^^^^^^^^^^^^^^^^^^^^^^^
siege-acceptance / siege-linux	UNKNOWN STEP	2026-10-04T11:27:48.2120885Z 
siege-acceptance / siege-linux	UNKNOWN STEP	2026-10-04T11:27:48.2121318Z warning: type `ZoneCombatEntityRef` is more private than the item `HornedEncounterHit::source_ref`
siege-acceptance / siege-linux	UNKNOWN STEP	2026-10-04T11:27:48.2122189Z   --> apps/simulation/src/runtime/zone/runtime/horned_encounter_ai.rs:38:5
siege-acceptance / siege-linux	UNKNOWN STEP	2026-10-04T11:27:48.2122736Z    |
siege-acceptance / siege-linux	UNKNOWN STEP	2026-10-04T11:27:48.2123066Z 38 |     pub source_ref: Option<ZoneCombatEntityRef>,
siege-acceptance / siege-linux	UNKNOWN STEP	2026-10-04T11:27:48.2123953Z    |     ^^^^^^^^^^^^^^^^^^^^^^^^^^^^^^^^^^^^^^^^^^^ field `HornedEncounterHit::source_ref` is reachable at visibility `pub(in crate::runtime::zone)`
siege-acceptance / siege-linux	UNKNOWN STEP	2026-10-04T11:27:48.2124718Z    |
siege-acceptance / siege-linux	UNKNOWN STEP	2026-10-04T11:27:48.2125312Z note: but type `ZoneCombatEntityRef` is only usable at visibility `pub(in crate::runtime::zone::runtime)`
siege-acceptance / siege-linux	UNKNOWN STEP	2026-10-04T11:27:48.2126161Z   --> apps/simulation/src/runtime/zone/runtime/entity_combat.rs:7:1
siege-acceptance / siege-linux	UNKNOWN STEP	2026-10-04T11:27:48.2126672Z    |
siege-acceptance / siege-linux	UNKNOWN STEP	2026-10-04T11:27:48.2127030Z 7  | pub(super) enum ZoneCombatEntityRef {
siege-acceptance / siege-linux	UNKNOWN STEP	2026-10-04T11:27:48.2127446Z    | ^^^^^^^^^^^^^^^^^^^^^^^^^^^^^^^^^^^
siege-acceptance / siege-linux	UNKNOWN STEP	2026-10-04T11:27:48.2127695Z 
siege-acceptance / siege-linux	UNKNOWN STEP	2026-10-04T11:27:48.2128130Z warning: type `ZoneCombatEntityRef` is more private than the item `HornedEncounterHit::target_ref`
siege-acceptance / siege-linux	UNKNOWN STEP	2026-10-04T11:27:48.2129007Z   --> apps/simulation/src/runtime/zone/runtime/horned_encounter_ai.rs:41:5
siege-acceptance / siege-linux	UNKNOWN STEP	2026-10-04T11:27:48.2129569Z    |
siege-acceptance / siege-linux	UNKNOWN STEP	2026-10-04T11:27:48.2129906Z 41 |     pub target_ref: Option<ZoneCombatEntityRef>,
siege-acceptance / siege-linux	UNKNOWN STEP	2026-10-04T11:27:48.2131045Z    |     ^^^^^^^^^^^^^^^^^^^^^^^^^^^^^^^^^^^^^^^^^^^ field `HornedEncounterHit::target_ref` is reachable at visibility `pub(in crate::runtime::zone)`
siege-acceptance / siege-linux	UNKNOWN STEP	2026-10-04T11:27:48.2131848Z    |
siege-acceptance / siege-linux	UNKNOWN STEP	2026-10-04T11:27:48.2132645Z note: but type `ZoneCombatEntityRef` is only usable at visibility `pub(in crate::runtime::zone::runtime)`
siege-acceptance / siege-linux	UNKNOWN STEP	2026-10-04T11:27:48.2133560Z   --> apps/simulation/src/runtime/zone/runtime/entity_combat.rs:7:1
siege-acceptance / siege-linux	UNKNOWN STEP	2026-10-04T11:27:48.2134088Z    |
siege-acceptance / siege-linux	UNKNOWN STEP	2026-10-04T11:27:48.2134398Z 7  | pub(super) enum ZoneCombatEntityRef {
siege-acceptance / siege-linux	UNKNOWN STEP	2026-10-04T11:27:48.2134816Z    | ^^^^^^^^^^^^^^^^^^^^^^^^^^^^^^^^^^^
siege-acceptance / siege-linux	UNKNOWN STEP	2026-10-04T11:27:48.2135075Z 
siege-acceptance / siege-linux	UNKNOWN STEP	2026-10-04T11:27:48.2135504Z warning: type `ZoneCombatEntityRef` is more private than the item `HornedMapSpell::source_ref`
siege-acceptance / siege-linux	UNKNOWN STEP	2026-10-04T11:27:48.2136376Z   --> apps/simulation/src/runtime/zone/runtime/horned_encounter_ai.rs:60:5
siege-acceptance / siege-linux	UNKNOWN STEP	2026-10-04T11:27:48.2136956Z    |
siege-acceptance / siege-linux	UNKNOWN STEP	2026-10-04T11:27:48.2137312Z 60 |     pub source_ref: Option<ZoneCombatEntityRef>,
siege-acceptance / siege-linux	UNKNOWN STEP	2026-10-04T11:27:48.2138315Z    |     ^^^^^^^^^^^^^^^^^^^^^^^^^^^^^^^^^^^^^^^^^^^ field `HornedMapSpell::source_ref` is reachable at visibility `pub(in crate::runtime::zone)`
siege-acceptance / siege-linux	UNKNOWN STEP	2026-10-04T11:27:48.2139104Z    |
siege-acceptance / siege-linux	UNKNOWN STEP	2026-10-04T11:27:48.2139727Z note: but type `ZoneCombatEntityRef` is only usable at visibility `pub(in crate::runtime::zone::runtime)`
siege-acceptance / siege-linux	UNKNOWN STEP	2026-10-04T11:27:48.2140845Z   --> apps/simulation/src/runtime/zone/runtime/entity_combat.rs:7:1
siege-acceptance / siege-linux	UNKNOWN STEP	2026-10-04T11:27:48.2141374Z    |
siege-acceptance / siege-linux	UNKNOWN STEP	2026-10-04T11:27:48.2141682Z 7  | pub(super) enum ZoneCombatEntityRef {
siege-acceptance / siege-linux	UNKNOWN STEP	2026-10-04T11:27:48.2142100Z    | ^^^^^^^^^^^^^^^^^^^^^^^^^^^^^^^^^^^
siege-acceptance / siege-linux	UNKNOWN STEP	2026-10-04T11:27:48.2142364Z 
siege-acceptance / siege-linux	UNKNOWN STEP	2026-10-04T11:27:48.2142764Z warning: type `ZoneCombatEntityRef` is more private than the item `HornedState::target_ref`
siege-acceptance / siege-linux	UNKNOWN STEP	2026-10-04T11:27:48.2143583Z   --> apps/simulation/src/runtime/zone/runtime/horned_ai.rs:14:5
siege-acceptance / siege-linux	UNKNOWN STEP	2026-10-04T11:27:48.2144101Z    |
siege-acceptance / siege-linux	UNKNOWN STEP	2026-10-04T11:27:48.2144444Z 14 |     pub target_ref: Option<ZoneCombatEntityRef>,
siege-acceptance / siege-linux	UNKNOWN STEP	2026-10-04T11:27:48.2145264Z    |     ^^^^^^^^^^^^^^^^^^^^^^^^^^^^^^^^^^^^^^^^^^^ field `HornedState::target_ref` is reachable at visibility `pub(in crate::runtime::zone)`
siege-acceptance / siege-linux	UNKNOWN STEP	2026-10-04T11:27:48.2146025Z    |
siege-acceptance / siege-linux	UNKNOWN STEP	2026-10-04T11:27:48.2146641Z note: but type `ZoneCombatEntityRef` is only usable at visibility `pub(in crate::runtime::zone::runtime)`
siege-acceptance / siege-linux	UNKNOWN STEP	2026-10-04T11:27:48.2147525Z   --> apps/simulation/src/runtime/zone/runtime/entity_combat.rs:7:1
siege-acceptance / siege-linux	UNKNOWN STEP	2026-10-04T11:27:48.2148047Z    |
siege-acceptance / siege-linux	UNKNOWN STEP	2026-10-04T11:27:48.2148346Z 7  | pub(super) enum ZoneCombatEntityRef {
siege-acceptance / siege-linux	UNKNOWN STEP	2026-10-04T11:27:48.2148763Z    | ^^^^^^^^^^^^^^^^^^^^^^^^^^^^^^^^^^^
siege-acceptance / siege-linux	UNKNOWN STEP	2026-10-04T11:27:48.2149032Z 
siege-acceptance / siege-linux	UNKNOWN STEP	2026-10-04T11:27:48.2149429Z warning: type `ZoneCombatEntityRef` is more private than the item `HornedHit::source_ref`
siege-acceptance / siege-linux	UNKNOWN STEP	2026-10-04T11:27:48.2150396Z   --> apps/simulation/src/runtime/zone/runtime/horned_ai.rs:28:5
siege-acceptance / siege-linux	UNKNOWN STEP	2026-10-04T11:27:48.2150904Z    |
siege-acceptance / siege-linux	UNKNOWN STEP	2026-10-04T11:27:48.2151239Z 28 |     pub source_ref: Option<ZoneCombatEntityRef>,
siege-acceptance / siege-linux	UNKNOWN STEP	2026-10-04T11:27:48.2152054Z    |     ^^^^^^^^^^^^^^^^^^^^^^^^^^^^^^^^^^^^^^^^^^^ field `HornedHit::source_ref` is reachable at visibility `pub(in crate::runtime::zone)`
siege-acceptance / siege-linux	UNKNOWN STEP	2026-10-04T11:27:48.2152810Z    |
siege-acceptance / siege-linux	UNKNOWN STEP	2026-10-04T11:27:48.2153418Z note: but type `ZoneCombatEntityRef` is only usable at visibility `pub(in crate::runtime::zone::runtime)`
siege-acceptance / siege-linux	UNKNOWN STEP	2026-10-04T11:27:48.2154307Z   --> apps/simulation/src/runtime/zone/runtime/entity_combat.rs:7:1
siege-acceptance / siege-linux	UNKNOWN STEP	2026-10-04T11:27:48.2154850Z    |
siege-acceptance / siege-linux	UNKNOWN STEP	2026-10-04T11:27:48.2155161Z 7  | pub(super) enum ZoneCombatEntityRef {
siege-acceptance / siege-linux	UNKNOWN STEP	2026-10-04T11:27:48.2155589Z    | ^^^^^^^^^^^^^^^^^^^^^^^^^^^^^^^^^^^
siege-acceptance / siege-linux	UNKNOWN STEP	2026-10-04T11:27:48.2155849Z 
siege-acceptance / siege-linux	UNKNOWN STEP	2026-10-04T11:27:48.2156243Z warning: type `ZoneCombatEntityRef` is more private than the item `HornedHit::target_ref`
siege-acceptance / siege-linux	UNKNOWN STEP	2026-10-04T11:27:48.2157038Z   --> apps/simulation/src/runtime/zone/runtime/horned_ai.rs:30:5
siege-acceptance / siege-linux	UNKNOWN STEP	2026-10-04T11:27:48.2157549Z    |
siege-acceptance / siege-linux	UNKNOWN STEP	2026-10-04T11:27:48.2157891Z 30 |     pub target_ref: Option<ZoneCombatEntityRef>,
siege-acceptance / siege-linux	UNKNOWN STEP	2026-10-04T11:27:48.2158728Z    |     ^^^^^^^^^^^^^^^^^^^^^^^^^^^^^^^^^^^^^^^^^^^ field `HornedHit::target_ref` is reachable at visibility `pub(in crate::runtime::zone)`
siege-acceptance / siege-linux	UNKNOWN STEP	2026-10-04T11:27:48.2159463Z    |
siege-acceptance / siege-linux	UNKNOWN STEP	2026-10-04T11:27:48.2160068Z note: but type `ZoneCombatEntityRef` is only usable at visibility `pub(in crate::runtime::zone::runtime)`
siege-acceptance / siege-linux	UNKNOWN STEP	2026-10-04T11:27:48.2161110Z   --> apps/simulation/src/runtime/zone/runtime/entity_combat.rs:7:1
siege-acceptance / siege-linux	UNKNOWN STEP	2026-10-04T11:27:48.2161628Z    |
siege-acceptance / siege-linux	UNKNOWN STEP	2026-10-04T11:27:48.2162107Z 7  | pub(super) enum ZoneCombatEntityRef {
siege-acceptance / siege-linux	UNKNOWN STEP	2026-10-04T11:27:48.2162535Z    | ^^^^^^^^^^^^^^^^^^^^^^^^^^^^^^^^^^^
siege-acceptance / siege-linux	UNKNOWN STEP	2026-10-04T11:27:48.2162799Z 
siege-acceptance / siege-linux	UNKNOWN STEP	2026-10-04T11:27:48.2163241Z warning: type `ZoneCombatEntityRef` is more private than the item `HellState::explosion_source_ref`
siege-acceptance / siege-linux	UNKNOWN STEP	2026-10-04T11:27:48.2164071Z   --> apps/simulation/src/runtime/zone/runtime/hell_ai.rs:14:5
siege-acceptance / siege-linux	UNKNOWN STEP	2026-10-04T11:27:48.2164554Z    |
siege-acceptance / siege-linux	UNKNOWN STEP	2026-10-04T11:27:48.2164926Z 14 |     pub explosion_source_ref: Option<ZoneCombatEntityRef>,
siege-acceptance / siege-linux	UNKNOWN STEP	2026-10-04T11:27:48.2165852Z    |     ^^^^^^^^^^^^^^^^^^^^^^^^^^^^^^^^^^^^^^^^^^^^^^^^^^^^^ field `HellState::explosion_source_ref` is reachable at visibility `pub(in crate::runtime::zone)`
siege-acceptance / siege-linux	UNKNOWN STEP	2026-10-04T11:27:48.2166833Z    |
siege-acceptance / siege-linux	UNKNOWN STEP	2026-10-04T11:27:48.2167436Z note: but type `ZoneCombatEntityRef` is only usable at visibility `pub(in crate::runtime::zone::runtime)`
siege-acceptance / siege-linux	UNKNOWN STEP	2026-10-04T11:27:48.2168316Z   --> apps/simulation/src/runtime/zone/runtime/entity_combat.rs:7:1
siege-acceptance / siege-linux	UNKNOWN STEP	2026-10-04T11:27:48.2168830Z    |
siege-acceptance / siege-linux	UNKNOWN STEP	2026-10-04T11:27:48.2169136Z 7  | pub(super) enum ZoneCombatEntityRef {
siege-acceptance / siege-linux	UNKNOWN STEP	2026-10-04T11:27:48.2169551Z    | ^^^^^^^^^^^^^^^^^^^^^^^^^^^^^^^^^^^
siege-acceptance / siege-linux	UNKNOWN STEP	2026-10-04T11:27:48.2169807Z 
siege-acceptance / siege-linux	UNKNOWN STEP	2026-10-04T11:27:48.2170430Z warning: type `ZoneCombatEntityRef` is more private than the item `SpiderAiState::parent_ref`
siege-acceptance / siege-linux	UNKNOWN STEP	2026-10-04T11:27:48.2171252Z   --> apps/simulation/src/runtime/zone/runtime/spider_ai.rs:40:5
siege-acceptance / siege-linux	UNKNOWN STEP	2026-10-04T11:27:48.2171754Z    |
siege-acceptance / siege-linux	UNKNOWN STEP	2026-10-04T11:27:48.2172111Z 40 |     pub parent_ref: Option<ZoneCombatEntityRef>,
siege-acceptance / siege-linux	UNKNOWN STEP	2026-10-04T11:27:48.2172948Z    |     ^^^^^^^^^^^^^^^^^^^^^^^^^^^^^^^^^^^^^^^^^^^ field `SpiderAiState::parent_ref` is reachable at visibility `pub(in crate::runtime::zone)`
siege-acceptance / siege-linux	UNKNOWN STEP	2026-10-04T11:27:48.2173694Z    |
siege-acceptance / siege-linux	UNKNOWN STEP	2026-10-04T11:27:48.2174308Z note: but type `ZoneCombatEntityRef` is only usable at visibility `pub(in crate::runtime::zone::runtime)`
siege-acceptance / siege-linux	UNKNOWN STEP	2026-10-04T11:27:48.2175179Z   --> apps/simulation/src/runtime/zone/runtime/entity_combat.rs:7:1
siege-acceptance / siege-linux	UNKNOWN STEP	2026-10-04T11:27:48.2175700Z    |
siege-acceptance / siege-linux	UNKNOWN STEP	2026-10-04T11:27:48.2176002Z 7  | pub(super) enum ZoneCombatEntityRef {
siege-acceptance / siege-linux	UNKNOWN STEP	2026-10-04T11:27:48.2176463Z    | ^^^^^^^^^^^^^^^^^^^^^^^^^^^^^^^^^^^
siege-acceptance / siege-linux	UNKNOWN STEP	2026-10-04T11:27:48.2176739Z 
siege-acceptance / siege-linux	UNKNOWN STEP	2026-10-04T11:27:48.2177189Z warning: type `ZoneCombatEntityRef` is more private than the item `PendingRootSpiderSpawn::source`
siege-acceptance / siege-linux	UNKNOWN STEP	2026-10-04T11:27:48.2178054Z   --> apps/simulation/src/runtime/zone/runtime/spider_ai.rs:52:5
siege-acceptance / siege-linux	UNKNOWN STEP	2026-10-04T11:27:48.2178560Z    |
siege-acceptance / siege-linux	UNKNOWN STEP	2026-10-04T11:27:48.2178889Z 52 |     pub source: Option<ZoneCombatEntityRef>,
siege-acceptance / siege-linux	UNKNOWN STEP	2026-10-04T11:27:48.2179750Z    |     ^^^^^^^^^^^^^^^^^^^^^^^^^^^^^^^^^^^^^^^ field `PendingRootSpiderSpawn::source` is reachable at visibility `pub(in crate::runtime::zone)`
siege-acceptance / siege-linux	UNKNOWN STEP	2026-10-04T11:27:48.2180733Z    |
siege-acceptance / siege-linux	UNKNOWN STEP	2026-10-04T11:27:48.2181348Z note: but type `ZoneCombatEntityRef` is only usable at visibility `pub(in crate::runtime::zone::runtime)`
siege-acceptance / siege-linux	UNKNOWN STEP	2026-10-04T11:27:48.2182239Z   --> apps/simulation/src/runtime/zone/runtime/entity_combat.rs:7:1
siege-acceptance / siege-linux	UNKNOWN STEP	2026-10-04T11:27:48.2182760Z    |
siege-acceptance / siege-linux	UNKNOWN STEP	2026-10-04T11:27:48.2183069Z 7  | pub(super) enum ZoneCombatEntityRef {
siege-acceptance / siege-linux	UNKNOWN STEP	2026-10-04T11:27:48.2183506Z    | ^^^^^^^^^^^^^^^^^^^^^^^^^^^^^^^^^^^
siege-acceptance / siege-linux	UNKNOWN STEP	2026-10-04T11:27:48.2183776Z 
siege-acceptance / siege-linux	UNKNOWN STEP	2026-10-04T11:27:48.2184234Z warning: type `ZoneCombatEntityRef` is more private than the item `PendingRootSpiderSpawn::target`
siege-acceptance / siege-linux	UNKNOWN STEP	2026-10-04T11:27:48.2185101Z   --> apps/simulation/src/runtime/zone/runtime/spider_ai.rs:54:5
siege-acceptance / siege-linux	UNKNOWN STEP	2026-10-04T11:27:48.2185632Z    |
siege-acceptance / siege-linux	UNKNOWN STEP	2026-10-04T11:27:48.2185992Z 54 |     pub target: Option<ZoneCombatEntityRef>,
siege-acceptance / siege-linux	UNKNOWN STEP	2026-10-04T11:27:48.2186908Z    |     ^^^^^^^^^^^^^^^^^^^^^^^^^^^^^^^^^^^^^^^ field `PendingRootSpiderSpawn::target` is reachable at visibility `pub(in crate::runtime::zone)`
siege-acceptance / siege-linux	UNKNOWN STEP	2026-10-04T11:27:48.2187753Z    |
siege-acceptance / siege-linux	UNKNOWN STEP	2026-10-04T11:27:48.2188359Z note: but type `ZoneCombatEntityRef` is only usable at visibility `pub(in crate::runtime::zone::runtime)`
siege-acceptance / siege-linux	UNKNOWN STEP	2026-10-04T11:27:48.2189245Z   --> apps/simulation/src/runtime/zone/runtime/entity_combat.rs:7:1
siege-acceptance / siege-linux	UNKNOWN STEP	2026-10-04T11:27:48.2189755Z    |
siege-acceptance / siege-linux	UNKNOWN STEP	2026-10-04T11:27:48.2190058Z 7  | pub(super) enum ZoneCombatEntityRef {
siege-acceptance / siege-linux	UNKNOWN STEP	2026-10-04T11:27:48.2190644Z    | ^^^^^^^^^^^^^^^^^^^^^^^^^^^^^^^^^^^
siege-acceptance / siege-linux	UNKNOWN STEP	2026-10-04T11:27:48.2191085Z 
siege-acceptance / siege-linux	UNKNOWN STEP	2026-10-04T11:27:48.3258302Z warning: methods `scoped_to_account` and `scoped_to_accounts` are never used
siege-acceptance / siege-linux	UNKNOWN STEP	2026-10-04T11:27:48.3259308Z    --> apps/simulation/src/config.rs:403:8
siege-acceptance / siege-linux	UNKNOWN STEP	2026-10-04T11:27:48.3259909Z     |
siege-acceptance / siege-linux	UNKNOWN STEP	2026-10-04T11:27:48.3260949Z 266 | impl AccountStore {
siege-acceptance / siege-linux	UNKNOWN STEP	2026-10-04T11:27:48.3261597Z     | ----------------- methods in this implementation
siege-acceptance / siege-linux	UNKNOWN STEP	2026-10-04T11:27:48.3262263Z ...
siege-acceptance / siege-linux	UNKNOWN STEP	2026-10-04T11:27:48.3262825Z 403 |     fn scoped_to_account(&self, account_id: &str) -> Self {
siege-acceptance / siege-linux	UNKNOWN STEP	2026-10-04T11:27:48.3263567Z     |        ^^^^^^^^^^^^^^^^^
siege-acceptance / siege-linux	UNKNOWN STEP	2026-10-04T11:27:48.3264078Z ...
siege-acceptance / siege-linux	UNKNOWN STEP	2026-10-04T11:27:48.3264682Z 407 |     fn scoped_to_accounts(&self, account_ids: &[&str]) -> Self {
siege-acceptance / siege-linux	UNKNOWN STEP	2026-10-04T11:27:48.3265815Z     |        ^^^^^^^^^^^^^^^^^^
siege-acceptance / siege-linux	UNKNOWN STEP	2026-10-04T11:27:48.3266303Z     |
siege-acceptance / siege-linux	UNKNOWN STEP	2026-10-04T11:27:48.3266751Z     = note: `#[warn(dead_code)]` on by default
siege-acceptance / siege-linux	UNKNOWN STEP	2026-10-04T11:27:48.3267180Z 
siege-acceptance / siege-linux	UNKNOWN STEP	2026-10-04T11:27:48.3267458Z warning: variant `AccountsWithHeroes` is never constructed
siege-acceptance / siege-linux	UNKNOWN STEP	2026-10-04T11:27:48.3268070Z    --> apps/simulation/src/config.rs:488:5
siege-acceptance / siege-linux	UNKNOWN STEP	2026-10-04T11:27:48.3268517Z     |
siege-acceptance / siege-linux	UNKNOWN STEP	2026-10-04T11:27:48.3268865Z 485 | enum AccountStoreMutationScope<'a> {
siege-acceptance / siege-linux	UNKNOWN STEP	2026-10-04T11:27:48.3269387Z     |      ------------------------- variant in this enum
siege-acceptance / siege-linux	UNKNOWN STEP	2026-10-04T11:27:48.3269858Z ...
siege-acceptance / siege-linux	UNKNOWN STEP	2026-10-04T11:27:48.3270695Z 488 |     AccountsWithHeroes { account_ids: &'a [String], hero_ids: &'a [i32], allocate: bool },
siege-acceptance / siege-linux	UNKNOWN STEP	2026-10-04T11:27:48.3271426Z     |     ^^^^^^^^^^^^^^^^^^
siege-acceptance / siege-linux	UNKNOWN STEP	2026-10-04T11:27:48.3271789Z     |
siege-acceptance / siege-linux	UNKNOWN STEP	2026-10-04T11:27:48.3272730Z     = note: `AccountStoreMutationScope` has derived impls for the traits `Clone` and `Debug`, but these are intentionally ignored during dead code analysis
siege-acceptance / siege-linux	UNKNOWN STEP	2026-10-04T11:27:48.3273675Z 
siege-acceptance / siege-linux	UNKNOWN STEP	2026-10-04T11:27:48.3273915Z warning: field `admitted_minutes` is never read
siege-acceptance / siege-linux	UNKNOWN STEP	2026-10-04T11:27:48.3274514Z   --> apps/simulation/src/config_guild_clock_transactions.rs:13:9
siege-acceptance / siege-linux	UNKNOWN STEP	2026-10-04T11:27:48.3274891Z    |
siege-acceptance / siege-linux	UNKNOWN STEP	2026-10-04T11:27:48.3275180Z 6  | pub(in crate::config) struct GuildClockCommitReceipt {
siege-acceptance / siege-linux	UNKNOWN STEP	2026-10-04T11:27:48.3275604Z    |                              ----------------------- field in this struct
siege-acceptance / siege-linux	UNKNOWN STEP	2026-10-04T11:27:48.3275953Z ...
siege-acceptance / siege-linux	UNKNOWN STEP	2026-10-04T11:27:48.3276160Z 13 |     pub admitted_minutes: u64,
siege-acceptance / siege-linux	UNKNOWN STEP	2026-10-04T11:27:48.3276449Z    |         ^^^^^^^^^^^^^^^^
siege-acceptance / siege-linux	UNKNOWN STEP	2026-10-04T11:27:48.3276688Z    |
siege-acceptance / siege-linux	UNKNOWN STEP	2026-10-04T11:27:48.3277304Z    = note: `GuildClockCommitReceipt` has derived impls for the traits `Clone` and `Debug`, but these are intentionally ignored during dead code analysis
siege-acceptance / siege-linux	UNKNOWN STEP	2026-10-04T11:27:48.3277902Z 
siege-acceptance / siege-linux	UNKNOWN STEP	2026-10-04T11:27:48.3278045Z warning: function `commit_postgres_tick` is never used
siege-acceptance / siege-linux	UNKNOWN STEP	2026-10-04T11:27:48.3278447Z   --> apps/simulation/src/config_guild_clock_transactions.rs:17:26
siege-acceptance / siege-linux	UNKNOWN STEP	2026-10-04T11:27:48.3278791Z    |
siege-acceptance / siege-linux	UNKNOWN STEP	2026-10-04T11:27:48.3279020Z 17 | pub(in crate::config) fn commit_postgres_tick(
siege-acceptance / siege-linux	UNKNOWN STEP	2026-10-04T11:27:48.3279324Z    |                          ^^^^^^^^^^^^^^^^^^^^
siege-acceptance / siege-linux	UNKNOWN STEP	2026-10-04T11:27:48.3279508Z 
siege-acceptance / siege-linux	UNKNOWN STEP	2026-10-04T11:27:48.3279664Z warning: function `commit_postgres_tick_checked` is never used
siege-acceptance / siege-linux	UNKNOWN STEP	2026-10-04T11:27:48.3280082Z   --> apps/simulation/src/config_guild_clock_transactions.rs:24:26
siege-acceptance / siege-linux	UNKNOWN STEP	2026-10-04T11:27:48.3281253Z    |
siege-acceptance / siege-linux	UNKNOWN STEP	2026-10-04T11:27:48.3281622Z 24 | pub(in crate::config) fn commit_postgres_tick_checked(
siege-acceptance / siege-linux	UNKNOWN STEP	2026-10-04T11:27:48.3282201Z    |                          ^^^^^^^^^^^^^^^^^^^^^^^^^^^^
siege-acceptance / siege-linux	UNKNOWN STEP	2026-10-04T11:27:48.3282519Z 
siege-acceptance / siege-linux	UNKNOWN STEP	2026-10-04T11:27:48.3282730Z warning: method `item_identity_path` is never used
siege-acceptance / siege-linux	UNKNOWN STEP	2026-10-04T11:27:48.3283312Z    --> apps/simulation/src/config_file_authority.rs:102:19
siege-acceptance / siege-linux	UNKNOWN STEP	2026-10-04T11:27:48.3283806Z     |
siege-acceptance / siege-linux	UNKNOWN STEP	2026-10-04T11:27:48.3284117Z 99  | impl FileAuthority {
siege-acceptance / siege-linux	UNKNOWN STEP	2026-10-04T11:27:48.3284547Z     | ------------------ method in this implementation
siege-acceptance / siege-linux	UNKNOWN STEP	2026-10-04T11:27:48.3285013Z ...
siege-acceptance / siege-linux	UNKNOWN STEP	2026-10-04T11:27:48.3285658Z 102 |     pub(super) fn item_identity_path(&self, config: &SimulationConfig) -> Result<PathBuf, String> {
siege-acceptance / siege-linux	UNKNOWN STEP	2026-10-04T11:27:48.3286437Z     |                   ^^^^^^^^^^^^^^^^^^
siege-acceptance / siege-linux	UNKNOWN STEP	2026-10-04T11:27:48.3286719Z 
siege-acceptance / siege-linux	UNKNOWN STEP	2026-10-04T11:27:48.3286989Z warning: method `refresh_shared_hero_authority` is never used
siege-acceptance / siege-linux	UNKNOWN STEP	2026-10-04T11:27:48.3287826Z  --> apps/simulation/src/config_hero_authority.rs:8:19
siege-acceptance / siege-linux	UNKNOWN STEP	2026-10-04T11:27:48.3288329Z   |
siege-acceptance / siege-linux	UNKNOWN STEP	2026-10-04T11:27:48.3288636Z 7 | impl SimulationConfig {
siege-acceptance / siege-linux	UNKNOWN STEP	2026-10-04T11:27:48.3289086Z   | --------------------- method in this implementation
siege-acceptance / siege-linux	UNKNOWN STEP	2026-10-04T11:27:48.3289748Z 8 |     pub(crate) fn refresh_shared_hero_authority(&self)->Result<(),String>{
siege-acceptance / siege-linux	UNKNOWN STEP	2026-10-04T11:27:48.3290574Z   |                   ^^^^^^^^^^^^^^^^^^^^^^^^^^^^^
siege-acceptance / siege-linux	UNKNOWN STEP	2026-10-04T11:27:48.3290890Z 
siege-acceptance / siege-linux	UNKNOWN STEP	2026-10-04T11:27:48.3291138Z warning: method `shared_guild_authority_snapshot` is never used
siege-acceptance / siege-linux	UNKNOWN STEP	2026-10-04T11:27:48.3291750Z    --> apps/simulation/src/config_shared_guilds.rs:845:19
siege-acceptance / siege-linux	UNKNOWN STEP	2026-10-04T11:27:48.3292251Z     |
siege-acceptance / siege-linux	UNKNOWN STEP	2026-10-04T11:27:48.3292577Z 844 | impl SimulationConfig {
siege-acceptance / siege-linux	UNKNOWN STEP	2026-10-04T11:27:48.3293215Z     | --------------------- method in this implementation
siege-acceptance / siege-linux	UNKNOWN STEP	2026-10-04T11:27:48.3293808Z 845 |     pub(crate) fn shared_guild_authority_snapshot(
siege-acceptance / siege-linux	UNKNOWN STEP	2026-10-04T11:27:48.3294326Z     |                   ^^^^^^^^^^^^^^^^^^^^^^^^^^^^^^^
siege-acceptance / siege-linux	UNKNOWN STEP	2026-10-04T11:27:48.3294638Z 
siege-acceptance / siege-linux	UNKNOWN STEP	2026-10-04T11:27:48.3294854Z warning: variant `MacAgility` is never constructed
siege-acceptance / siege-linux	UNKNOWN STEP	2026-10-04T11:27:48.3295408Z    --> apps/simulation/src/runtime/combat.rs:785:5
siege-acceptance / siege-linux	UNKNOWN STEP	2026-10-04T11:27:48.3295870Z     |
siege-acceptance / siege-linux	UNKNOWN STEP	2026-10-04T11:27:48.3296198Z 778 | pub(super) enum CrystalDefence {
siege-acceptance / siege-linux	UNKNOWN STEP	2026-10-04T11:27:48.3296670Z     |                 -------------- variant in this enum
siege-acceptance / siege-linux	UNKNOWN STEP	2026-10-04T11:27:48.3297123Z ...
siege-acceptance / siege-linux	UNKNOWN STEP	2026-10-04T11:27:48.3297410Z 785 |     MacAgility,
siege-acceptance / siege-linux	UNKNOWN STEP	2026-10-04T11:27:48.3297741Z     |     ^^^^^^^^^^
siege-acceptance / siege-linux	UNKNOWN STEP	2026-10-04T11:27:48.3298057Z     |
siege-acceptance / siege-linux	UNKNOWN STEP	2026-10-04T11:27:48.3298891Z     = note: `CrystalDefence` has derived impls for the traits `Debug` and `Clone`, but these are intentionally ignored during dead code analysis
siege-acceptance / siege-linux	UNKNOWN STEP	2026-10-04T11:27:48.3299726Z 
siege-acceptance / siege-linux	UNKNOWN STEP	2026-10-04T11:27:48.3300043Z warning: constant `CRYSTAL_BAG_WEIGHT_LIMIT` is never used
siege-acceptance / siege-linux	UNKNOWN STEP	2026-10-04T11:27:48.3300843Z   --> apps/simulation/src/runtime/drops.rs:70:18
siege-acceptance / siege-linux	UNKNOWN STEP	2026-10-04T11:27:48.3301283Z    |
siege-acceptance / siege-linux	UNKNOWN STEP	2026-10-04T11:27:48.3301518Z 70 | pub(super) const CRYSTAL_BAG_WEIGHT_LIMIT: u32 = 100;
siege-acceptance / siege-linux	UNKNOWN STEP	2026-10-04T11:27:48.3301834Z    |                  ^^^^^^^^^^^^^^^^^^^^^^^^
siege-acceptance / siege-linux	UNKNOWN STEP	2026-10-04T11:27:48.3302018Z 
siege-acceptance / siege-linux	UNKNOWN STEP	2026-10-04T11:27:48.3302210Z warning: function `resolved_monster_drop_templates_at_tick` is never used
siege-acceptance / siege-linux	UNKNOWN STEP	2026-10-04T11:27:48.3302611Z    --> apps/simulation/src/runtime/drops.rs:464:15
siege-acceptance / siege-linux	UNKNOWN STEP	2026-10-04T11:27:48.3302881Z     |
siege-acceptance / siege-linux	UNKNOWN STEP	2026-10-04T11:27:48.3303118Z 464 | pub(super) fn resolved_monster_drop_templates_at_tick(
siege-acceptance / siege-linux	UNKNOWN STEP	2026-10-04T11:27:48.3303444Z     |               ^^^^^^^^^^^^^^^^^^^^^^^^^^^^^^^^^^^^^^^
siege-acceptance / siege-linux	UNKNOWN STEP	2026-10-04T11:27:48.3303633Z 
siege-acceptance / siege-linux	UNKNOWN STEP	2026-10-04T11:27:48.3303793Z warning: function `crystal_monster_drop_templates` is never used
siege-acceptance / siege-linux	UNKNOWN STEP	2026-10-04T11:27:48.3304162Z    --> apps/simulation/src/runtime/drops.rs:535:15
siege-acceptance / siege-linux	UNKNOWN STEP	2026-10-04T11:27:48.3304435Z     |
siege-acceptance / siege-linux	UNKNOWN STEP	2026-10-04T11:27:48.3304648Z 535 | pub(super) fn crystal_monster_drop_templates(
siege-acceptance / siege-linux	UNKNOWN STEP	2026-10-04T11:27:48.3304936Z     |               ^^^^^^^^^^^^^^^^^^^^^^^^^^^^^^
siege-acceptance / siege-linux	UNKNOWN STEP	2026-10-04T11:27:48.3305113Z 
siege-acceptance / siege-linux	UNKNOWN STEP	2026-10-04T11:27:48.3305263Z warning: function `crystal_resolve_group_drop` is never used
siege-acceptance / siege-linux	UNKNOWN STEP	2026-10-04T11:27:48.3305607Z    --> apps/simulation/src/runtime/drops.rs:610:15
siege-acceptance / siege-linux	UNKNOWN STEP	2026-10-04T11:27:48.3305873Z     |
siege-acceptance / siege-linux	UNKNOWN STEP	2026-10-04T11:27:48.3306082Z 610 | pub(super) fn crystal_resolve_group_drop(
siege-acceptance / siege-linux	UNKNOWN STEP	2026-10-04T11:27:48.3306365Z     |               ^^^^^^^^^^^^^^^^^^^^^^^^^^
siege-acceptance / siege-linux	UNKNOWN STEP	2026-10-04T11:27:48.3306569Z 
siege-acceptance / siege-linux	UNKNOWN STEP	2026-10-04T11:27:48.3306732Z warning: function `crystal_drop_entry_should_drop` is never used
siege-acceptance / siege-linux	UNKNOWN STEP	2026-10-04T11:27:48.3307091Z    --> apps/simulation/src/runtime/drops.rs:665:15
siege-acceptance / siege-linux	UNKNOWN STEP	2026-10-04T11:27:48.3307356Z     |
siege-acceptance / siege-linux	UNKNOWN STEP	2026-10-04T11:27:48.3307566Z 665 | pub(super) fn crystal_drop_entry_should_drop(
siege-acceptance / siege-linux	UNKNOWN STEP	2026-10-04T11:27:48.3307863Z     |               ^^^^^^^^^^^^^^^^^^^^^^^^^^^^^^
siege-acceptance / siege-linux	UNKNOWN STEP	2026-10-04T11:27:48.3308035Z 
siege-acceptance / siege-linux	UNKNOWN STEP	2026-10-04T11:27:48.3308148Z warning: method `socketed_count` is never used
siege-acceptance / siege-linux	UNKNOWN STEP	2026-10-04T11:27:48.3308470Z    --> apps/simulation/src/runtime/equipment.rs:304:19
siege-acceptance / siege-linux	UNKNOWN STEP	2026-10-04T11:27:48.3308754Z     |
siege-acceptance / siege-linux	UNKNOWN STEP	2026-10-04T11:27:48.3308941Z 120 | impl EquipmentState {
siege-acceptance / siege-linux	UNKNOWN STEP	2026-10-04T11:27:48.3309201Z     | ------------------- method in this implementation
siege-acceptance / siege-linux	UNKNOWN STEP	2026-10-04T11:27:48.3309476Z ...
siege-acceptance / siege-linux	UNKNOWN STEP	2026-10-04T11:27:48.3309844Z 304 |     pub(super) fn socketed_count(&self) -> usize {
siege-acceptance / siege-linux	UNKNOWN STEP	2026-10-04T11:27:48.3310149Z     |                   ^^^^^^^^^^^^^^
siege-acceptance / siege-linux	UNKNOWN STEP	2026-10-04T11:27:48.3310605Z 
siege-acceptance / siege-linux	UNKNOWN STEP	2026-10-04T11:27:48.3310766Z warning: function `equipment_state_identified` is never used
siege-acceptance / siege-linux	UNKNOWN STEP	2026-10-04T11:27:48.3311130Z    --> apps/simulation/src/runtime/equipment.rs:309:15
siege-acceptance / siege-linux	UNKNOWN STEP	2026-10-04T11:27:48.3311427Z     |
siege-acceptance / siege-linux	UNKNOWN STEP	2026-10-04T11:27:48.3311721Z 309 | pub(super) fn equipment_state_identified(item: &EquipmentState) -> bool {
siege-acceptance / siege-linux	UNKNOWN STEP	2026-10-04T11:27:48.3312103Z     |               ^^^^^^^^^^^^^^^^^^^^^^^^^^
siege-acceptance / siege-linux	UNKNOWN STEP	2026-10-04T11:27:48.3312282Z 
siege-acceptance / siege-linux	UNKNOWN STEP	2026-10-04T11:27:48.3312439Z warning: function `equipment_state_soul_bound_id` is never used
siege-acceptance / siege-linux	UNKNOWN STEP	2026-10-04T11:27:48.3312955Z    --> apps/simulation/src/runtime/equipment.rs:314:15
siege-acceptance / siege-linux	UNKNOWN STEP	2026-10-04T11:27:48.3313236Z     |
siege-acceptance / siege-linux	UNKNOWN STEP	2026-10-04T11:27:48.3313537Z 314 | pub(super) fn equipment_state_soul_bound_id(item: &EquipmentState) -> i32 {
siege-acceptance / siege-linux	UNKNOWN STEP	2026-10-04T11:27:48.3313931Z     |               ^^^^^^^^^^^^^^^^^^^^^^^^^^^^^
siege-acceptance / siege-linux	UNKNOWN STEP	2026-10-04T11:27:48.3314113Z 
siege-acceptance / siege-linux	UNKNOWN STEP	2026-10-04T11:27:48.3314279Z warning: function `hero_inventory_equipment_slot` is never used
siege-acceptance / siege-linux	UNKNOWN STEP	2026-10-04T11:27:48.3314641Z    --> apps/simulation/src/runtime/hero_ai.rs:180:4
siege-acceptance / siege-linux	UNKNOWN STEP	2026-10-04T11:27:48.3314914Z     |
siege-acceptance / siege-linux	UNKNOWN STEP	2026-10-04T11:27:48.3315218Z 180 | fn hero_inventory_equipment_slot(item: &ItemState) -> Option<EquipmentSlot> {
siege-acceptance / siege-linux	UNKNOWN STEP	2026-10-04T11:27:48.3315606Z     |    ^^^^^^^^^^^^^^^^^^^^^^^^^^^^^
siege-acceptance / siege-linux	UNKNOWN STEP	2026-10-04T11:27:48.3315767Z 
siege-acceptance / siege-linux	UNKNOWN STEP	2026-10-04T11:27:48.3315920Z warning: function `hero_inventory_item_is_broken` is never used
siege-acceptance / siege-linux	UNKNOWN STEP	2026-10-04T11:27:48.3316278Z    --> apps/simulation/src/runtime/hero_ai.rs:185:4
siege-acceptance / siege-linux	UNKNOWN STEP	2026-10-04T11:27:48.3316545Z     |
siege-acceptance / siege-linux	UNKNOWN STEP	2026-10-04T11:27:48.3316800Z 185 | fn hero_inventory_item_is_broken(item: &ItemState) -> bool {
siege-acceptance / siege-linux	UNKNOWN STEP	2026-10-04T11:27:48.3317133Z     |    ^^^^^^^^^^^^^^^^^^^^^^^^^^^^^
siege-acceptance / siege-linux	UNKNOWN STEP	2026-10-04T11:27:48.3317289Z 
siege-acceptance / siege-linux	UNKNOWN STEP	2026-10-04T11:27:48.3317472Z warning: function `hero_inventory_item_modeled_base_stat` is never used
siege-acceptance / siege-linux	UNKNOWN STEP	2026-10-04T11:27:48.3317859Z    --> apps/simulation/src/runtime/hero_ai.rs:189:4
siege-acceptance / siege-linux	UNKNOWN STEP	2026-10-04T11:27:48.3318134Z     |
siege-acceptance / siege-linux	UNKNOWN STEP	2026-10-04T11:27:48.3318428Z 189 | fn hero_inventory_item_modeled_base_stat(item: &ItemState, stat: u8) -> i32 {
siege-acceptance / siege-linux	UNKNOWN STEP	2026-10-04T11:27:48.3318818Z     |    ^^^^^^^^^^^^^^^^^^^^^^^^^^^^^^^^^^^^^
siege-acceptance / siege-linux	UNKNOWN STEP	2026-10-04T11:27:48.3318993Z 
siege-acceptance / siege-linux	UNKNOWN STEP	2026-10-04T11:27:48.3319155Z warning: function `hero_inventory_item_crystal_stat` is never used
siege-acceptance / siege-linux	UNKNOWN STEP	2026-10-04T11:27:48.3319526Z    --> apps/simulation/src/runtime/hero_ai.rs:197:4
siege-acceptance / siege-linux	UNKNOWN STEP	2026-10-04T11:27:48.3319799Z     |
siege-acceptance / siege-linux	UNKNOWN STEP	2026-10-04T11:27:48.3320077Z 197 | fn hero_inventory_item_crystal_stat(item: &ItemState, stat: u8) -> i32 {
siege-acceptance / siege-linux	UNKNOWN STEP	2026-10-04T11:27:48.3320680Z     |    ^^^^^^^^^^^^^^^^^^^^^^^^^^^^^^^^
siege-acceptance / siege-linux	UNKNOWN STEP	2026-10-04T11:27:48.3320847Z 
siege-acceptance / siege-linux	UNKNOWN STEP	2026-10-04T11:27:48.3321025Z warning: function `hero_inventory_crystal_stat_total` is never used
siege-acceptance / siege-linux	UNKNOWN STEP	2026-10-04T11:27:48.3321410Z    --> apps/simulation/src/runtime/hero_ai.rs:214:15
siege-acceptance / siege-linux	UNKNOWN STEP	2026-10-04T11:27:48.3321683Z     |
siege-acceptance / siege-linux	UNKNOWN STEP	2026-10-04T11:27:48.3321993Z 214 | pub(super) fn hero_inventory_crystal_stat_total(world: &World, stat: u8) -> i32 {
siege-acceptance / siege-linux	UNKNOWN STEP	2026-10-04T11:27:48.3322406Z     |               ^^^^^^^^^^^^^^^^^^^^^^^^^^^^^^^^^
siege-acceptance / siege-linux	UNKNOWN STEP	2026-10-04T11:27:48.3322595Z 
siege-acceptance / siege-linux	UNKNOWN STEP	2026-10-04T11:27:48.3322706Z warning: enum `CarrierOrigin` is never used
siege-acceptance / siege-linux	UNKNOWN STEP	2026-10-04T11:27:48.3323050Z  --> apps/simulation/src/runtime/hero_registry_carriers.rs:8:17
siege-acceptance / siege-linux	UNKNOWN STEP	2026-10-04T11:27:48.3323364Z   |
siege-acceptance / siege-linux	UNKNOWN STEP	2026-10-04T11:27:48.3323592Z 8 | pub(super) enum CarrierOrigin { External, Hero(i32) }
siege-acceptance / siege-linux	UNKNOWN STEP	2026-10-04T11:27:48.3323898Z   |                 ^^^^^^^^^^^^^
siege-acceptance / siege-linux	UNKNOWN STEP	2026-10-04T11:27:48.3324045Z 
siege-acceptance / siege-linux	UNKNOWN STEP	2026-10-04T11:27:48.3324192Z warning: struct `HeroCarrierCensus` is never constructed
siege-acceptance / siege-linux	UNKNOWN STEP	2026-10-04T11:27:48.3324581Z   --> apps/simulation/src/runtime/hero_registry_carriers.rs:10:19
siege-acceptance / siege-linux	UNKNOWN STEP	2026-10-04T11:27:48.3324913Z    |
siege-acceptance / siege-linux	UNKNOWN STEP	2026-10-04T11:27:48.3325193Z 10 | pub(super) struct HeroCarrierCensus {
siege-acceptance / siege-linux	UNKNOWN STEP	2026-10-04T11:27:48.3325640Z    |                   ^^^^^^^^^^^^^^^^^
siege-acceptance / siege-linux	UNKNOWN STEP	2026-10-04T11:27:48.3325820Z 
siege-acceptance / siege-linux	UNKNOWN STEP	2026-10-04T11:27:48.3326063Z warning: methods `node`, `record`, `record_unresolved_legacy`, and `validate` are never used
siege-acceptance / siege-linux	UNKNOWN STEP	2026-10-04T11:27:48.3326703Z   --> apps/simulation/src/runtime/hero_registry_carriers.rs:15:8
siege-acceptance / siege-linux	UNKNOWN STEP	2026-10-04T11:27:48.3327042Z    |
siege-acceptance / siege-linux	UNKNOWN STEP	2026-10-04T11:27:48.3327231Z 14 | impl HeroCarrierCensus {
siege-acceptance / siege-linux	UNKNOWN STEP	2026-10-04T11:27:48.3327510Z    | ---------------------- methods in this implementation
siege-acceptance / siege-linux	UNKNOWN STEP	2026-10-04T11:27:48.3327917Z 15 |     fn node(&mut self,item:&UserItem,origin:CarrierOrigin)->Result<(),String>{
siege-acceptance / siege-linux	UNKNOWN STEP	2026-10-04T11:27:48.3328285Z    |        ^^^^
siege-acceptance / siege-linux	UNKNOWN STEP	2026-10-04T11:27:48.3328465Z ...
siege-acceptance / siege-linux	UNKNOWN STEP	2026-10-04T11:27:48.3328769Z 27 |     pub fn record(&mut self,item:&UserItem,origin:CarrierOrigin)->Result<(),String>{
siege-acceptance / siege-linux	UNKNOWN STEP	2026-10-04T11:27:48.3329163Z    |            ^^^^^^
siege-acceptance / siege-linux	UNKNOWN STEP	2026-10-04T11:27:48.3329356Z ...
siege-acceptance / siege-linux	UNKNOWN STEP	2026-10-04T11:27:48.3329707Z 42 |     pub fn record_unresolved_legacy(&mut self,root:&super::items::ItemState)->Result<(),String>{
siege-acceptance / siege-linux	UNKNOWN STEP	2026-10-04T11:27:48.3330526Z    |            ^^^^^^^^^^^^^^^^^^^^^^^^
siege-acceptance / siege-linux	UNKNOWN STEP	2026-10-04T11:27:48.3330775Z ...
siege-acceptance / siege-linux	UNKNOWN STEP	2026-10-04T11:27:48.3331185Z 70 |     pub fn validate(&self,heroes:&BTreeMap<i32,SharedHeroRecord>,owned_ids:&BTreeSet<u64>)->Result<(),String>{
siege-acceptance / siege-linux	UNKNOWN STEP	2026-10-04T11:27:48.3331673Z    |            ^^^^^^^^
siege-acceptance / siege-linux	UNKNOWN STEP	2026-10-04T11:27:48.3331809Z 
siege-acceptance / siege-linux	UNKNOWN STEP	2026-10-04T11:27:48.3331906Z warning: function `decode` is never used
siege-acceptance / siege-linux	UNKNOWN STEP	2026-10-04T11:27:48.3332226Z  --> apps/simulation/src/runtime/hero_registry_scan.rs:8:4
siege-acceptance / siege-linux	UNKNOWN STEP	2026-10-04T11:27:48.3332525Z   |
siege-acceptance / siege-linux	UNKNOWN STEP	2026-10-04T11:27:48.3333032Z 8 | fn decode<T:DeserializeOwned>(value:&str)->Result<T,String>{serde_json::from_str(value).map_err(|error|format!("invalid Hero custody carr...
siege-acceptance / siege-linux	UNKNOWN STEP	2026-10-04T11:27:48.3333594Z   |    ^^^^^^
siege-acceptance / siege-linux	UNKNOWN STEP	2026-10-04T11:27:48.3333699Z 
siege-acceptance / siege-linux	UNKNOWN STEP	2026-10-04T11:27:48.3333803Z warning: function `add_wire` is never used
siege-acceptance / siege-linux	UNKNOWN STEP	2026-10-04T11:27:48.3334127Z  --> apps/simulation/src/runtime/hero_registry_scan.rs:9:4
siege-acceptance / siege-linux	UNKNOWN STEP	2026-10-04T11:27:48.3334427Z   |
siege-acceptance / siege-linux	UNKNOWN STEP	2026-10-04T11:27:48.3334868Z 9 | fn add_wire(census:&mut HeroCarrierCensus,item:&UserItem,origin:CarrierOrigin,forbidden_bind:u16)->Result<(),String>{
siege-acceptance / siege-linux	UNKNOWN STEP	2026-10-04T11:27:48.3335380Z   |    ^^^^^^^^
siege-acceptance / siege-linux	UNKNOWN STEP	2026-10-04T11:27:48.3335495Z 
siege-acceptance / siege-linux	UNKNOWN STEP	2026-10-04T11:27:48.3335597Z warning: function `add_items` is never used
siege-acceptance / siege-linux	UNKNOWN STEP	2026-10-04T11:27:48.3335941Z   --> apps/simulation/src/runtime/hero_registry_scan.rs:21:4
siege-acceptance / siege-linux	UNKNOWN STEP	2026-10-04T11:27:48.3336244Z    |
siege-acceptance / siege-linux	UNKNOWN STEP	2026-10-04T11:27:48.3336687Z 21 | fn add_items(census:&mut HeroCarrierCensus,encoded:&[String],origin:CarrierOrigin,forbidden:u16)->Result<(),String>{
siege-acceptance / siege-linux	UNKNOWN STEP	2026-10-04T11:27:48.3337194Z    |    ^^^^^^^^^
siege-acceptance / siege-linux	UNKNOWN STEP	2026-10-04T11:27:48.3337306Z 
siege-acceptance / siege-linux	UNKNOWN STEP	2026-10-04T11:27:48.3337423Z warning: function `add_character` is never used
siege-acceptance / siege-linux	UNKNOWN STEP	2026-10-04T11:27:48.3337767Z   --> apps/simulation/src/runtime/hero_registry_scan.rs:32:4
siege-acceptance / siege-linux	UNKNOWN STEP	2026-10-04T11:27:48.3338063Z    |
siege-acceptance / siege-linux	UNKNOWN STEP	2026-10-04T11:27:48.3338473Z 32 | fn add_character(census:&mut HeroCarrierCensus,save:&CharacterSaveRecord,mirrored:bool)->Result<(),String>{
siege-acceptance / siege-linux	UNKNOWN STEP	2026-10-04T11:27:48.3338962Z    |    ^^^^^^^^^^^^^
siege-acceptance / siege-linux	UNKNOWN STEP	2026-10-04T11:27:48.3339086Z 
siege-acceptance / siege-linux	UNKNOWN STEP	2026-10-04T11:27:48.3339273Z warning: function `validate_shared_hero_physical_custody` is never used
siege-acceptance / siege-linux	UNKNOWN STEP	2026-10-04T11:27:48.3339696Z   --> apps/simulation/src/runtime/hero_registry_scan.rs:86:15
siege-acceptance / siege-linux	UNKNOWN STEP	2026-10-04T11:27:48.3339999Z    |
siege-acceptance / siege-linux	UNKNOWN STEP	2026-10-04T11:27:48.3340596Z 86 | pub(crate) fn validate_shared_hero_physical_custody(store:&AccountStore)->Result<(),String>{
siege-acceptance / siege-linux	UNKNOWN STEP	2026-10-04T11:27:48.3341064Z    |               ^^^^^^^^^^^^^^^^^^^^^^^^^^^^^^^^^^^^^
siege-acceptance / siege-linux	UNKNOWN STEP	2026-10-04T11:27:48.3341256Z 
siege-acceptance / siege-linux	UNKNOWN STEP	2026-10-04T11:27:48.3341414Z warning: function `hero_inventory_item_is_broken` is never used
siege-acceptance / siege-linux	UNKNOWN STEP	2026-10-04T11:27:48.3341777Z     --> apps/simulation/src/runtime/items.rs:3456:4
siege-acceptance / siege-linux	UNKNOWN STEP	2026-10-04T11:27:48.3342054Z      |
siege-acceptance / siege-linux	UNKNOWN STEP	2026-10-04T11:27:48.3342317Z 3456 | fn hero_inventory_item_is_broken(item: &ItemState) -> bool {
siege-acceptance / siege-linux	UNKNOWN STEP	2026-10-04T11:27:48.3342654Z      |    ^^^^^^^^^^^^^^^^^^^^^^^^^^^^^
siege-acceptance / siege-linux	UNKNOWN STEP	2026-10-04T11:27:48.3342815Z 
siege-acceptance / siege-linux	UNKNOWN STEP	2026-10-04T11:27:48.3342983Z warning: function `hero_inventory_requirement_stat` is never used
siege-acceptance / siege-linux	UNKNOWN STEP	2026-10-04T11:27:48.3343353Z     --> apps/simulation/src/runtime/items.rs:3460:4
siege-acceptance / siege-linux	UNKNOWN STEP	2026-10-04T11:27:48.3343629Z      |
siege-acceptance / siege-linux	UNKNOWN STEP	2026-10-04T11:27:48.3343925Z 3460 | fn hero_inventory_requirement_stat(item: &ItemState, stat: u8) -> i32 {
siege-acceptance / siege-linux	UNKNOWN STEP	2026-10-04T11:27:48.3344299Z      |    ^^^^^^^^^^^^^^^^^^^^^^^^^^^^^^^
siege-acceptance / siege-linux	UNKNOWN STEP	2026-10-04T11:27:48.3344469Z 
siege-acceptance / siege-linux	UNKNOWN STEP	2026-10-04T11:27:48.3344779Z warning: function `repair_conquest_asset` is never used
siege-acceptance / siege-linux	UNKNOWN STEP	2026-10-04T11:27:48.3345140Z     --> apps/simulation/src/runtime/monsters.rs:1879:15
siege-acceptance / siege-linux	UNKNOWN STEP	2026-10-04T11:27:48.3345421Z      |
siege-acceptance / siege-linux	UNKNOWN STEP	2026-10-04T11:27:48.3345760Z 1879 | pub(super) fn repair_conquest_asset(world: &mut World, ai: u8, asset_id: u8) -> bool {
siege-acceptance / siege-linux	UNKNOWN STEP	2026-10-04T11:27:48.3346176Z      |               ^^^^^^^^^^^^^^^^^^^^^
siege-acceptance / siege-linux	UNKNOWN STEP	2026-10-04T11:27:48.3346342Z 
siege-acceptance / siege-linux	UNKNOWN STEP	2026-10-04T11:27:48.3346516Z warning: function `crystal_npc_visible_to_character` is never used
siege-acceptance / siege-linux	UNKNOWN STEP	2026-10-04T11:27:48.3346889Z    --> apps/simulation/src/runtime/npc.rs:246:15
siege-acceptance / siege-linux	UNKNOWN STEP	2026-10-04T11:27:48.3347161Z     |
siege-acceptance / siege-linux	UNKNOWN STEP	2026-10-04T11:27:48.3347384Z 246 | pub(super) fn crystal_npc_visible_to_character(
siege-acceptance / siege-linux	UNKNOWN STEP	2026-10-04T11:27:48.3347802Z     |               ^^^^^^^^^^^^^^^^^^^^^^^^^^^^^^^^
siege-acceptance / siege-linux	UNKNOWN STEP	2026-10-04T11:27:48.3347989Z 
siege-acceptance / siege-linux	UNKNOWN STEP	2026-10-04T11:27:48.3348101Z warning: function `complete_quest` is never used
siege-acceptance / siege-linux	UNKNOWN STEP	2026-10-04T11:27:48.3348418Z     --> apps/simulation/src/runtime/quests.rs:1094:15
siege-acceptance / siege-linux	UNKNOWN STEP	2026-10-04T11:27:48.3348696Z      |
siege-acceptance / siege-linux	UNKNOWN STEP	2026-10-04T11:27:48.3348966Z 1094 | pub(super) fn complete_quest(world: &mut World, quest_id: i32) {
siege-acceptance / siege-linux	UNKNOWN STEP	2026-10-04T11:27:48.3349307Z      |               ^^^^^^^^^^^^^^
siege-acceptance / siege-linux	UNKNOWN STEP	2026-10-04T11:27:48.3349464Z 
siege-acceptance / siege-linux	UNKNOWN STEP	2026-10-04T11:27:48.3349618Z warning: function `quest_info_by_id_unchecked` is never used
siege-acceptance / siege-linux	UNKNOWN STEP	2026-10-04T11:27:48.3349982Z    --> apps/simulation/src/runtime/newcomer_v2.rs:231:27
siege-acceptance / siege-linux	UNKNOWN STEP	2026-10-04T11:27:48.3350528Z     |
siege-acceptance / siege-linux	UNKNOWN STEP	2026-10-04T11:27:48.3350905Z 231 | pub(in crate::runtime) fn quest_info_by_id_unchecked(quest_id: i32) -> Option<ClientQuestInfo> {
siege-acceptance / siege-linux	UNKNOWN STEP	2026-10-04T11:27:48.3351360Z     |                           ^^^^^^^^^^^^^^^^^^^^^^^^^^
siege-acceptance / siege-linux	UNKNOWN STEP	2026-10-04T11:27:48.3351551Z 
siege-acceptance / siege-linux	UNKNOWN STEP	2026-10-04T11:27:48.3351699Z warning: function `default_save_for_character` is never used
siege-acceptance / siege-linux	UNKNOWN STEP	2026-10-04T11:27:48.3352048Z   --> apps/simulation/src/runtime/save.rs:76:15
siege-acceptance / siege-linux	UNKNOWN STEP	2026-10-04T11:27:48.3352316Z    |
siege-acceptance / siege-linux	UNKNOWN STEP	2026-10-04T11:27:48.3352522Z 76 | pub(super) fn default_save_for_character(
siege-acceptance / siege-linux	UNKNOWN STEP	2026-10-04T11:27:48.3352805Z    |               ^^^^^^^^^^^^^^^^^^^^^^^^^^
siege-acceptance / siege-linux	UNKNOWN STEP	2026-10-04T11:27:48.3352984Z 
siege-acceptance / siege-linux	UNKNOWN STEP	2026-10-04T11:27:48.3353122Z warning: function `persist_character_save` is never used
siege-acceptance / siege-linux	UNKNOWN STEP	2026-10-04T11:27:48.3353460Z    --> apps/simulation/src/runtime/save.rs:926:15
siege-acceptance / siege-linux	UNKNOWN STEP	2026-10-04T11:27:48.3353731Z     |
siege-acceptance / siege-linux	UNKNOWN STEP	2026-10-04T11:27:48.3353924Z 926 | pub(super) fn persist_character_save(
siege-acceptance / siege-linux	UNKNOWN STEP	2026-10-04T11:27:48.3354193Z     |               ^^^^^^^^^^^^^^^^^^^^^^
siege-acceptance / siege-linux	UNKNOWN STEP	2026-10-04T11:27:48.3354362Z 
siege-acceptance / siege-linux	UNKNOWN STEP	2026-10-04T11:27:48.3354486Z warning: function `bank_mentor_gain` is never used
siege-acceptance / siege-linux	UNKNOWN STEP	2026-10-04T11:27:48.3354855Z    --> apps/simulation/src/runtime/shared_relationships.rs:321:15
siege-acceptance / siege-linux	UNKNOWN STEP	2026-10-04T11:27:48.3355173Z     |
siege-acceptance / siege-linux	UNKNOWN STEP	2026-10-04T11:27:48.3355356Z 321 | pub(super) fn bank_mentor_gain(
siege-acceptance / siege-linux	UNKNOWN STEP	2026-10-04T11:27:48.3355610Z     |               ^^^^^^^^^^^^^^^^
siege-acceptance / siege-linux	UNKNOWN STEP	2026-10-04T11:27:48.3355769Z 
siege-acceptance / siege-linux	UNKNOWN STEP	2026-10-04T11:27:48.3355898Z warning: method `game_shop_buy_product` is never used
siege-acceptance / siege-linux	UNKNOWN STEP	2026-10-04T11:27:48.3356229Z     --> apps/simulation/src/runtime/stage5.rs:4304:8
siege-acceptance / siege-linux	UNKNOWN STEP	2026-10-04T11:27:48.3356503Z      |
siege-acceptance / siege-linux	UNKNOWN STEP	2026-10-04T11:27:48.3356691Z 3234 | impl SimulationSession {
siege-acceptance / siege-linux	UNKNOWN STEP	2026-10-04T11:27:48.3356984Z      | ---------------------- method in this implementation
siege-acceptance / siege-linux	UNKNOWN STEP	2026-10-04T11:27:48.3357266Z ...
siege-acceptance / siege-linux	UNKNOWN STEP	2026-10-04T11:27:48.3357449Z 4304 |     fn game_shop_buy_product(
siege-acceptance / siege-linux	UNKNOWN STEP	2026-10-04T11:27:48.3357689Z      |        ^^^^^^^^^^^^^^^^^^^^^
siege-acceptance / siege-linux	UNKNOWN STEP	2026-10-04T11:27:48.3357840Z 
siege-acceptance / siege-linux	UNKNOWN STEP	2026-10-04T11:27:48.3357941Z warning: method `select` is never used
siege-acceptance / siege-linux	UNKNOWN STEP	2026-10-04T11:27:48.3358257Z   --> apps/simulation/src/runtime/zone/experience.rs:41:19
siege-acceptance / siege-linux	UNKNOWN STEP	2026-10-04T11:27:48.3358553Z    |
siege-acceptance / siege-linux	UNKNOWN STEP	2026-10-04T11:27:48.3358742Z 40 | impl ZoneExperienceProfile {
siege-acceptance / siege-linux	UNKNOWN STEP	2026-10-04T11:27:48.3359037Z    | -------------------------- method in this implementation
siege-acceptance / siege-linux	UNKNOWN STEP	2026-10-04T11:27:48.3359345Z 41 |     pub(super) fn select(
siege-acceptance / siege-linux	UNKNOWN STEP	2026-10-04T11:27:48.3359576Z    |                   ^^^^^^
siege-acceptance / siege-linux	UNKNOWN STEP	2026-10-04T11:27:48.3359718Z 
siege-acceptance / siege-linux	UNKNOWN STEP	2026-10-04T11:27:48.3359890Z warning: method `apply_native_monster_direct_damage` is never used
siege-acceptance / siege-linux	UNKNOWN STEP	2026-10-04T11:27:48.3360404Z      --> apps/simulation/src/runtime/zone/runtime.rs:12291:8
siege-acceptance / siege-linux	UNKNOWN STEP	2026-10-04T11:27:48.3360700Z       |
siege-acceptance / siege-linux	UNKNOWN STEP	2026-10-04T11:27:48.3361010Z 573   | impl ZoneRuntime {
siege-acceptance / siege-linux	UNKNOWN STEP	2026-10-04T11:27:48.3361267Z       | ---------------- method in this implementation
siege-acceptance / siege-linux	UNKNOWN STEP	2026-10-04T11:27:48.3361533Z ...
siege-acceptance / siege-linux	UNKNOWN STEP	2026-10-04T11:27:48.3361740Z 12291 |     fn apply_native_monster_direct_damage(
siege-acceptance / siege-linux	UNKNOWN STEP	2026-10-04T11:27:48.3362030Z       |        ^^^^^^^^^^^^^^^^^^^^^^^^^^^^^^^^^^
siege-acceptance / siege-linux	UNKNOWN STEP	2026-10-04T11:27:48.3362212Z 
siege-acceptance / siege-linux	UNKNOWN STEP	2026-10-04T11:27:48.3362324Z warning: function `hell_can_move` is never used
siege-acceptance / siege-linux	UNKNOWN STEP	2026-10-04T11:27:48.3362682Z   --> apps/simulation/src/runtime/zone/runtime/hell_ai.rs:68:15
siege-acceptance / siege-linux	UNKNOWN STEP	2026-10-04T11:27:48.3362996Z    |
siege-acceptance / siege-linux	UNKNOWN STEP	2026-10-04T11:27:48.3363245Z 68 | pub(super) fn hell_can_move(m: &ZoneNativeMonster) -> bool {
siege-acceptance / siege-linux	UNKNOWN STEP	2026-10-04T11:27:48.3363573Z    |               ^^^^^^^^^^^^^
siege-acceptance / siege-linux	UNKNOWN STEP	2026-10-04T11:27:48.3363840Z 
siege-acceptance / siege-linux	UNKNOWN STEP	2026-10-04T11:27:48.3363958Z warning: function `hell_can_regen` is never used
siege-acceptance / siege-linux	UNKNOWN STEP	2026-10-04T11:27:48.3364309Z   --> apps/simulation/src/runtime/zone/runtime/hell_ai.rs:74:15
siege-acceptance / siege-linux	UNKNOWN STEP	2026-10-04T11:27:48.3364625Z    |
siege-acceptance / siege-linux	UNKNOWN STEP	2026-10-04T11:27:48.3364882Z 74 | pub(super) fn hell_can_regen(m: &ZoneNativeMonster) -> bool {
siege-acceptance / siege-linux	UNKNOWN STEP	2026-10-04T11:27:48.3365201Z    |               ^^^^^^^^^^^^^^
siege-acceptance / siege-linux	UNKNOWN STEP	2026-10-04T11:27:48.3365353Z 
siege-acceptance / siege-linux	UNKNOWN STEP	2026-10-04T11:27:48.3365515Z warning: methods `blocking` and `set_replay_seed` are never used
siege-acceptance / siege-linux	UNKNOWN STEP	2026-10-04T11:27:48.3365952Z    --> apps/simulation/src/runtime/zone/intelligent_creatures.rs:183:12
siege-acceptance / siege-linux	UNKNOWN STEP	2026-10-04T11:27:48.3366310Z     |
siege-acceptance / siege-linux	UNKNOWN STEP	2026-10-04T11:27:48.3366504Z 112 | impl ZoneIntelligentCreature {
siege-acceptance / siege-linux	UNKNOWN STEP	2026-10-04T11:27:48.3366807Z     | ---------------------------- methods in this implementation
siege-acceptance / siege-linux	UNKNOWN STEP	2026-10-04T11:27:48.3367098Z ...
siege-acceptance / siege-linux	UNKNOWN STEP	2026-10-04T11:27:48.3367289Z 183 |     pub fn blocking(&self) -> bool {
siege-acceptance / siege-linux	UNKNOWN STEP	2026-10-04T11:27:48.3367550Z     |            ^^^^^^^^
siege-acceptance / siege-linux	UNKNOWN STEP	2026-10-04T11:27:48.3367747Z ...
siege-acceptance / siege-linux	UNKNOWN STEP	2026-10-04T11:27:48.3367971Z 187 |     pub fn set_replay_seed(&mut self, seed: u64) {
siege-acceptance / siege-linux	UNKNOWN STEP	2026-10-04T11:27:48.3368269Z     |            ^^^^^^^^^^^^^^^
siege-acceptance / siege-linux	UNKNOWN STEP	2026-10-04T11:27:48.3368410Z 
siege-acceptance / siege-linux	UNKNOWN STEP	2026-10-04T11:27:53.6206722Z    Compiling mir2-gateway v0.1.0 (/home/runner/work/mir2/mir2/mir2-web3/apps/gateway)
siege-acceptance / siege-linux	UNKNOWN STEP	2026-10-04T11:28:03.4837854Z warning: variable does not need to be mutable
siege-acceptance / siege-linux	UNKNOWN STEP	2026-10-04T11:28:03.4838467Z     --> apps/gateway/src/routing.rs:4334:13
siege-acceptance / siege-linux	UNKNOWN STEP	2026-10-04T11:28:03.4838940Z      |
siege-acceptance / siege-linux	UNKNOWN STEP	2026-10-04T11:28:03.4839356Z 4334 |         let mut current_player_heals = Vec::new();
siege-acceptance / siege-linux	UNKNOWN STEP	2026-10-04T11:28:03.4839888Z      |             ----^^^^^^^^^^^^^^^^^^^^
siege-acceptance / siege-linux	UNKNOWN STEP	2026-10-04T11:28:03.4840573Z      |             |
siege-acceptance / siege-linux	UNKNOWN STEP	2026-10-04T11:28:03.4840950Z      |             help: remove this `mut`
siege-acceptance / siege-linux	UNKNOWN STEP	2026-10-04T11:28:03.4841390Z      |
siege-acceptance / siege-linux	UNKNOWN STEP	2026-10-04T11:28:03.4841732Z      = note: `#[warn(unused_mut)]` on by default
siege-acceptance / siege-linux	UNKNOWN STEP	2026-10-04T11:28:03.4842074Z 
siege-acceptance / siege-linux	UNKNOWN STEP	2026-10-04T11:28:06.7400785Z warning: function `aggregate_legs` is never used
siege-acceptance / siege-linux	UNKNOWN STEP	2026-10-04T11:28:06.7401396Z     --> apps/gateway/src/economy.rs:2796:4
siege-acceptance / siege-linux	UNKNOWN STEP	2026-10-04T11:28:06.7401842Z      |
siege-acceptance / siege-linux	UNKNOWN STEP	2026-10-04T11:28:06.7402440Z 2796 | fn aggregate_legs(legs: &[EconomyLeg]) -> Result<BTreeMap<EconomyBalanceKey, i64>, String> {
siege-acceptance / siege-linux	UNKNOWN STEP	2026-10-04T11:28:06.7403216Z      |    ^^^^^^^^^^^^^^
siege-acceptance / siege-linux	UNKNOWN STEP	2026-10-04T11:28:06.7403592Z      |
siege-acceptance / siege-linux	UNKNOWN STEP	2026-10-04T11:28:06.7403914Z      = note: `#[warn(dead_code)]` on by default
siege-acceptance / siege-linux	UNKNOWN STEP	2026-10-04T11:28:06.7404237Z 
siege-acceptance / siege-linux	UNKNOWN STEP	2026-10-04T11:28:06.7404465Z warning: method `lookup_prepared_kill` is never used
siege-acceptance / siege-linux	UNKNOWN STEP	2026-10-04T11:28:06.7405052Z  --> apps/gateway/src/economy/prepared_kill.rs:9:19
siege-acceptance / siege-linux	UNKNOWN STEP	2026-10-04T11:28:06.7405490Z   |
siege-acceptance / siege-linux	UNKNOWN STEP	2026-10-04T11:28:06.7405778Z 6 | impl PostgresEconomyStore {
siege-acceptance / siege-linux	UNKNOWN STEP	2026-10-04T11:28:06.7406232Z   | ------------------------- method in this implementation
siege-acceptance / siege-linux	UNKNOWN STEP	2026-10-04T11:28:06.7406711Z ...
siege-acceptance / siege-linux	UNKNOWN STEP	2026-10-04T11:28:06.7407018Z 9 |     pub(super) fn lookup_prepared_kill(
siege-acceptance / siege-linux	UNKNOWN STEP	2026-10-04T11:28:06.7407432Z   |                   ^^^^^^^^^^^^^^^^^^^^
siege-acceptance / siege-linux	UNKNOWN STEP	2026-10-04T11:28:06.7407694Z 
siege-acceptance / siege-linux	UNKNOWN STEP	2026-10-04T11:28:06.7412318Z warning: methods `queue_zone_player_damage` and `queue_zone_player_heal` are never used
siege-acceptance / siege-linux	UNKNOWN STEP	2026-10-04T11:28:06.7415606Z     --> apps/gateway/src/routing.rs:4256:8
siege-acceptance / siege-linux	UNKNOWN STEP	2026-10-04T11:28:06.7416565Z      |
siege-acceptance / siege-linux	UNKNOWN STEP	2026-10-04T11:28:06.7417186Z 2856 | impl SharedInProcessZoneState {
siege-acceptance / siege-linux	UNKNOWN STEP	2026-10-04T11:28:06.7418530Z      | ----------------------------- methods in this implementation
siege-acceptance / siege-linux	UNKNOWN STEP	2026-10-04T11:28:06.7419618Z ...
siege-acceptance / siege-linux	UNKNOWN STEP	2026-10-04T11:28:06.7420613Z 4256 |     fn queue_zone_player_damage(&mut self, key: ZonePresenceKey, damage: i32) {
siege-acceptance / siege-linux	UNKNOWN STEP	2026-10-04T11:28:06.7421630Z      |        ^^^^^^^^^^^^^^^^^^^^^^^^
siege-acceptance / siege-linux	UNKNOWN STEP	2026-10-04T11:28:06.7422232Z ...
siege-acceptance / siege-linux	UNKNOWN STEP	2026-10-04T11:28:06.7422963Z 4282 |     fn queue_zone_player_heal(&mut self, key: ZonePresenceKey, amount: i32) {
siege-acceptance / siege-linux	UNKNOWN STEP	2026-10-04T11:28:06.7423843Z      |        ^^^^^^^^^^^^^^^^^^^^^^
siege-acceptance / siege-linux	UNKNOWN STEP	2026-10-04T11:28:06.7424338Z 
siege-acceptance / siege-linux	UNKNOWN STEP	2026-10-04T11:28:06.7424882Z warning: methods `read_valid_entry` and `read_authenticated_entry` are never used
siege-acceptance / siege-linux	UNKNOWN STEP	2026-10-04T11:28:06.7425820Z    --> apps/gateway/src/save_recovery.rs:724:8
siege-acceptance / siege-linux	UNKNOWN STEP	2026-10-04T11:28:06.7426493Z     |
siege-acceptance / siege-linux	UNKNOWN STEP	2026-10-04T11:28:06.7427023Z 300 | impl RecoveryJournal {
siege-acceptance / siege-linux	UNKNOWN STEP	2026-10-04T11:28:06.7428009Z     | -------------------- methods in this implementation
siege-acceptance / siege-linux	UNKNOWN STEP	2026-10-04T11:28:06.7428697Z ...
siege-acceptance / siege-linux	UNKNOWN STEP	2026-10-04T11:28:06.7429486Z 724 |     fn read_valid_entry(&self, path: &Path) -> Result<RecoveryEnvelope, ValidationError> {
siege-acceptance / siege-linux	UNKNOWN STEP	2026-10-04T11:28:06.7430653Z     |        ^^^^^^^^^^^^^^^^
siege-acceptance / siege-linux	UNKNOWN STEP	2026-10-04T11:28:06.7431237Z ...
siege-acceptance / siege-linux	UNKNOWN STEP	2026-10-04T11:28:06.7432057Z 730 |     fn read_authenticated_entry(&self, path: &Path) -> Result<RecoveryEnvelope, ValidationError> {
siege-acceptance / siege-linux	UNKNOWN STEP	2026-10-04T11:28:06.7433026Z     |        ^^^^^^^^^^^^^^^^^^^^^^^^
siege-acceptance / siege-linux	UNKNOWN STEP	2026-10-04T11:28:06.7433486Z 
siege-acceptance / siege-linux	UNKNOWN STEP	2026-10-04T11:28:06.7433873Z warning: method `force_save_now` is never used
siege-acceptance / siege-linux	UNKNOWN STEP	2026-10-04T11:28:06.7434569Z    --> apps/gateway/src/web.rs:995:8
siege-acceptance / siege-linux	UNKNOWN STEP	2026-10-04T11:28:06.7435177Z     |
siege-acceptance / siege-linux	UNKNOWN STEP	2026-10-04T11:28:06.7435684Z 944 | impl WebSessionSaveQueue {
siege-acceptance / siege-linux	UNKNOWN STEP	2026-10-04T11:28:06.7436386Z     | ------------------------ method in this implementation
siege-acceptance / siege-linux	UNKNOWN STEP	2026-10-04T11:28:06.7437099Z ...
siege-acceptance / siege-linux	UNKNOWN STEP	2026-10-04T11:28:06.7437601Z 995 |     fn force_save_now(
siege-acceptance / siege-linux	UNKNOWN STEP	2026-10-04T11:28:06.7438185Z     |        ^^^^^^^^^^^^^^
siege-acceptance / siege-linux	UNKNOWN STEP	2026-10-04T11:28:06.7438602Z 
siege-acceptance / siege-linux	UNKNOWN STEP	2026-10-04T11:28:30.7165122Z warning: `mir2-simulation` (lib) generated 77 warnings (run `cargo fix --lib -p mir2-simulation` to apply 8 suggestions)
siege-acceptance / siege-linux	UNKNOWN STEP	2026-10-04T11:28:54.3549696Z warning: `mir2-gateway` (lib) generated 6 warnings (run `cargo fix --lib -p mir2-gateway` to apply 1 suggestion)
siege-acceptance / siege-linux	UNKNOWN STEP	2026-10-04T11:30:07.6405515Z warning: `mir2-gateway` (lib test) generated 1 warning (1 duplicate)
siege-acceptance / siege-linux	UNKNOWN STEP	2026-10-04T11:34:15.8722377Z     Finished `test` profile [unoptimized + debuginfo] target(s) in 8m 00s
siege-acceptance / siege-linux	UNKNOWN STEP	2026-10-04T11:34:15.9607565Z      Running unittests src/lib.rs (target/debug/deps/mir2_gateway-b5a6d1ed9e9224bd)
siege-acceptance / siege-linux	UNKNOWN STEP	2026-10-04T11:34:15.9707832Z 
siege-acceptance / siege-linux	UNKNOWN STEP	2026-10-04T11:34:15.9708100Z running 13 tests
siege-acceptance / siege-linux	UNKNOWN STEP	2026-10-04T11:34:15.9714878Z test conquest_clock::tests::conquest_clock_failures_are_visible_rate_limited_and_recovery_is_reported_once ... ok
siege-acceptance / siege-linux	UNKNOWN STEP	2026-10-04T11:34:16.1521937Z test conquest_clock::tests::conquest_clock_starts_with_empty_server_persists_lease_and_shutdown_wakes_cadence ... ok
siege-acceptance / siege-linux	UNKNOWN STEP	2026-10-04T11:34:16.1523233Z test conquest_clock::tests::conquest_clock_tokens_are_valid_distinct_cryptographic_lease_identifiers ... ok
siege-acceptance / siege-linux	UNKNOWN STEP	2026-10-04T11:34:16.1877696Z test routing::shared_conquest::tests::conquest_capture_binds_durable_guild_and_broadcasts_once_to_other_maps ... ok
siege-acceptance / siege-linux	UNKNOWN STEP	2026-10-04T11:34:16.1901358Z test routing::shared_conquest::tests::conquest_duplicate_primary_identity_fails_before_durable_clock_or_broadcast ... ok
siege-acceptance / siege-linux	UNKNOWN STEP	2026-10-04T11:34:16.1911895Z test routing::shared_conquest::tests::conquest_identity_mismatch_fails_before_durable_clock ... ok
siege-acceptance / siege-linux	UNKNOWN STEP	2026-10-04T11:34:16.1930539Z test routing::shared_conquest::tests::conquest_observation_uses_live_zone_state_and_excludes_dead_offline_fenced_replicas ... ok
siege-acceptance / siege-linux	UNKNOWN STEP	2026-10-04T11:34:16.1966211Z test routing::shared_conquest::tests::conquest_parallel_palace_channel_cannot_contest_or_capture_primary_castle ... ok
siege-acceptance / siege-linux	UNKNOWN STEP	2026-10-04T11:34:16.1989897Z test routing::shared_conquest::tests::conquest_persistence_failure_never_projects_or_announces_capture ... ok
siege-acceptance / siege-linux	UNKNOWN STEP	2026-10-04T11:34:16.2044531Z test routing::shared_conquest::tests::conquest_replica_registry_failure_is_visible_and_cannot_become_empty_palace ... ok
siege-acceptance / siege-linux	UNKNOWN STEP	2026-10-04T11:34:16.2053571Z test routing::shared_conquest::tests::conquest_topology_change_requires_fresh_observation_before_commit ... ok
siege-acceptance / siege-linux	UNKNOWN STEP	2026-10-04T11:34:16.2098365Z test routing::shared_conquest::tests::conquest_unknown_living_occupant_contests_until_leaving_real_zone ... ok
siege-acceptance / siege-linux	UNKNOWN STEP	2026-10-04T11:34:16.2101312Z test routing::shared_conquest::tests::conquest_unowned_notice_is_distinct_from_opaque_guild_named_none ... ok
siege-acceptance / siege-linux	UNKNOWN STEP	2026-10-04T11:34:16.2101873Z 
siege-acceptance / siege-linux	UNKNOWN STEP	2026-10-04T11:34:16.2102207Z test result: ok. 13 passed; 0 failed; 0 ignored; 0 measured; 893 filtered out; finished in 0.24s
siege-acceptance / siege-linux	UNKNOWN STEP	2026-10-04T11:34:16.2102667Z 
siege-acceptance / siege-linux	UNKNOWN STEP	2026-10-04T11:34:16.2128602Z      Running unittests src/bin/crystal_original_capture_relay.rs (target/debug/deps/crystal_original_capture_relay-6e74ba427100c746)
siege-acceptance / siege-linux	UNKNOWN STEP	2026-10-04T11:34:16.2150996Z 
siege-acceptance / siege-linux	UNKNOWN STEP	2026-10-04T11:34:16.2151194Z running 0 tests
siege-acceptance / siege-linux	UNKNOWN STEP	2026-10-04T11:34:16.2151429Z 
siege-acceptance / siege-linux	UNKNOWN STEP	2026-10-04T11:34:16.2152035Z test result: ok. 0 passed; 0 failed; 0 ignored; 0 measured; 6 filtered out; finished in 0.00s
siege-acceptance / siege-linux	UNKNOWN STEP	2026-10-04T11:34:16.2152454Z 
siege-acceptance / siege-linux	UNKNOWN STEP	2026-10-04T11:34:16.2153973Z      Running unittests src/bin/file_store_reconcile.rs (target/debug/deps/file_store_reconcile-d80b1ba50e57e5f9)
siege-acceptance / siege-linux	UNKNOWN STEP	2026-10-04T11:34:16.2177806Z 
siege-acceptance / siege-linux	UNKNOWN STEP	2026-10-04T11:34:16.2178040Z running 0 tests
siege-acceptance / siege-linux	UNKNOWN STEP	2026-10-04T11:34:16.2178284Z 
siege-acceptance / siege-linux	UNKNOWN STEP	2026-10-04T11:34:16.2178595Z test result: ok. 0 passed; 0 failed; 0 ignored; 0 measured; 4 filtered out; finished in 0.00s
siege-acceptance / siege-linux	UNKNOWN STEP	2026-10-04T11:34:16.2179008Z 
siege-acceptance / siege-linux	UNKNOWN STEP	2026-10-04T11:34:16.2181101Z      Running unittests src/bin/gate10_acceptance.rs (target/debug/deps/gate10_acceptance-aae23462b47473b4)
siege-acceptance / siege-linux	UNKNOWN STEP	2026-10-04T11:34:16.2196258Z 
siege-acceptance / siege-linux	UNKNOWN STEP	2026-10-04T11:34:16.2196569Z running 0 tests
siege-acceptance / siege-linux	UNKNOWN STEP	2026-10-04T11:34:16.2196732Z 
siege-acceptance / siege-linux	UNKNOWN STEP	2026-10-04T11:34:16.2197015Z test result: ok. 0 passed; 0 failed; 0 ignored; 0 measured; 0 filtered out; finished in 0.00s
siege-acceptance / siege-linux	UNKNOWN STEP	2026-10-04T11:34:16.2197563Z 
siege-acceptance / siege-linux	UNKNOWN STEP	2026-10-04T11:34:16.2199871Z      Running unittests src/bin/gate11_acceptance.rs (target/debug/deps/gate11_acceptance-c774f155f1311f5e)
siege-acceptance / siege-linux	UNKNOWN STEP	2026-10-04T11:34:16.2215712Z 
siege-acceptance / siege-linux	UNKNOWN STEP	2026-10-04T11:34:16.2215883Z running 0 tests
siege-acceptance / siege-linux	UNKNOWN STEP	2026-10-04T11:34:16.2216105Z 
siege-acceptance / siege-linux	UNKNOWN STEP	2026-10-04T11:34:16.2216512Z test result: ok. 0 passed; 0 failed; 0 ignored; 0 measured; 0 filtered out; finished in 0.00s
siege-acceptance / siege-linux	UNKNOWN STEP	2026-10-04T11:34:16.2217054Z 
siege-acceptance / siege-linux	UNKNOWN STEP	2026-10-04T11:34:16.2218723Z      Running unittests src/bin/gate11_full_acceptance.rs (target/debug/deps/gate11_full_acceptance-d85de241e23ce753)
siege-acceptance / siege-linux	UNKNOWN STEP	2026-10-04T11:34:16.2234848Z 
siege-acceptance / siege-linux	UNKNOWN STEP	2026-10-04T11:34:16.2235009Z running 0 tests
siege-acceptance / siege-linux	UNKNOWN STEP	2026-10-04T11:34:16.2235151Z 
siege-acceptance / siege-linux	UNKNOWN STEP	2026-10-04T11:34:16.2237135Z test result: ok. 0 passed; 0 failed; 0 ignored; 0 measured; 0 filtered out; finished in 0.00s
siege-acceptance / siege-linux	UNKNOWN STEP	2026-10-04T11:34:16.2237534Z 
siege-acceptance / siege-linux	UNKNOWN STEP	2026-10-04T11:34:16.2239407Z      Running unittests src/bin/gate11_scale_acceptance.rs (target/debug/deps/gate11_scale_acceptance-6e748c9ae618de4d)
siege-acceptance / siege-linux	UNKNOWN STEP	2026-10-04T11:34:16.2254427Z 
siege-acceptance / siege-linux	UNKNOWN STEP	2026-10-04T11:34:16.2254598Z running 0 tests
siege-acceptance / siege-linux	UNKNOWN STEP	2026-10-04T11:34:16.2254855Z 
siege-acceptance / siege-linux	UNKNOWN STEP	2026-10-04T11:34:16.2255246Z test result: ok. 0 passed; 0 failed; 0 ignored; 0 measured; 0 filtered out; finished in 0.00s
siege-acceptance / siege-linux	UNKNOWN STEP	2026-10-04T11:34:16.2255668Z 
siege-acceptance / siege-linux	UNKNOWN STEP	2026-10-04T11:34:16.2256938Z      Running unittests src/bin/gate12_acceptance.rs (target/debug/deps/gate12_acceptance-d3a419fd3f46dad3)
siege-acceptance / siege-linux	UNKNOWN STEP	2026-10-04T11:34:16.2273184Z 
siege-acceptance / siege-linux	UNKNOWN STEP	2026-10-04T11:34:16.2273360Z running 0 tests
siege-acceptance / siege-linux	UNKNOWN STEP	2026-10-04T11:34:16.2273613Z 
siege-acceptance / siege-linux	UNKNOWN STEP	2026-10-04T11:34:16.2274040Z test result: ok. 0 passed; 0 failed; 0 ignored; 0 measured; 0 filtered out; finished in 0.00s
siege-acceptance / siege-linux	UNKNOWN STEP	2026-10-04T11:34:16.2274604Z 
siege-acceptance / siege-linux	UNKNOWN STEP	2026-10-04T11:34:16.2275461Z      Running unittests src/bin/gate13_acceptance.rs (target/debug/deps/gate13_acceptance-1cbc851269bb6784)
siege-acceptance / siege-linux	UNKNOWN STEP	2026-10-04T11:34:16.2313550Z 
siege-acceptance / siege-linux	UNKNOWN STEP	2026-10-04T11:34:16.2314512Z running 0 tests
siege-acceptance / siege-linux	UNKNOWN STEP	2026-10-04T11:34:16.2314771Z 
siege-acceptance / siege-linux	UNKNOWN STEP	2026-10-04T11:34:16.2315240Z test result: ok. 0 passed; 0 failed; 0 ignored; 0 measured; 0 filtered out; finished in 0.00s
siege-acceptance / siege-linux	UNKNOWN STEP	2026-10-04T11:34:16.2315879Z 
siege-acceptance / siege-linux	UNKNOWN STEP	2026-10-04T11:34:16.2316396Z      Running unittests src/bin/gate14_gateway.rs (target/debug/deps/gate14_gateway-d18c843fc09474f4)
siege-acceptance / siege-linux	UNKNOWN STEP	2026-10-04T11:34:16.2339500Z 
siege-acceptance / siege-linux	UNKNOWN STEP	2026-10-04T11:34:16.2339673Z running 0 tests
siege-acceptance / siege-linux	UNKNOWN STEP	2026-10-04T11:34:16.2339900Z 
siege-acceptance / siege-linux	UNKNOWN STEP	2026-10-04T11:34:16.2340535Z test result: ok. 0 passed; 0 failed; 0 ignored; 0 measured; 2 filtered out; finished in 0.00s
siege-acceptance / siege-linux	UNKNOWN STEP	2026-10-04T11:34:16.2341158Z 
siege-acceptance / siege-linux	UNKNOWN STEP	2026-10-04T11:34:16.2342573Z      Running unittests src/bin/gate14_projector.rs (target/debug/deps/gate14_projector-2f1c0f3fa2102a7a)
siege-acceptance / siege-linux	UNKNOWN STEP	2026-10-04T11:34:16.2357517Z 
siege-acceptance / siege-linux	UNKNOWN STEP	2026-10-04T11:34:16.2357698Z running 0 tests
siege-acceptance / siege-linux	UNKNOWN STEP	2026-10-04T11:34:16.2357931Z 
siege-acceptance / siege-linux	UNKNOWN STEP	2026-10-04T11:34:16.2358361Z test result: ok. 0 passed; 0 failed; 0 ignored; 0 measured; 0 filtered out; finished in 0.00s
siege-acceptance / siege-linux	UNKNOWN STEP	2026-10-04T11:34:16.2358985Z 
siege-acceptance / siege-linux	UNKNOWN STEP	2026-10-04T11:34:16.2360096Z      Running unittests src/bin/gate16_checkpoint_load.rs (target/debug/deps/gate16_checkpoint_load-bc8cf5a70f6e7003)
siege-acceptance / siege-linux	UNKNOWN STEP	2026-10-04T11:34:16.2379873Z 
siege-acceptance / siege-linux	UNKNOWN STEP	2026-10-04T11:34:16.2380117Z running 0 tests
siege-acceptance / siege-linux	UNKNOWN STEP	2026-10-04T11:34:16.2380612Z 
siege-acceptance / siege-linux	UNKNOWN STEP	2026-10-04T11:34:16.2381122Z test result: ok. 0 passed; 0 failed; 0 ignored; 0 measured; 0 filtered out; finished in 0.00s
siege-acceptance / siege-linux	UNKNOWN STEP	2026-10-04T11:34:16.2381922Z 
siege-acceptance / siege-linux	UNKNOWN STEP	2026-10-04T11:34:16.2382808Z      Running unittests src/bin/gate16_v5_certification.rs (target/debug/deps/gate16_v5_certification-9093f57fb8152cc1)
siege-acceptance / siege-linux	UNKNOWN STEP	2026-10-04T11:34:16.2400783Z 
siege-acceptance / siege-linux	UNKNOWN STEP	2026-10-04T11:34:16.2401063Z running 0 tests
siege-acceptance / siege-linux	UNKNOWN STEP	2026-10-04T11:34:16.2401325Z 
siege-acceptance / siege-linux	UNKNOWN STEP	2026-10-04T11:34:16.2401827Z test result: ok. 0 passed; 0 failed; 0 ignored; 0 measured; 0 filtered out; finished in 0.00s
siege-acceptance / siege-linux	UNKNOWN STEP	2026-10-04T11:34:16.2402456Z 
siege-acceptance / siege-linux	UNKNOWN STEP	2026-10-04T11:34:16.2403583Z      Running unittests src/bin/gate17_acceptance.rs (target/debug/deps/gate17_acceptance-37a41e3ba6a72a17)
siege-acceptance / siege-linux	UNKNOWN STEP	2026-10-04T11:34:16.2418699Z 
siege-acceptance / siege-linux	UNKNOWN STEP	2026-10-04T11:34:16.2418965Z running 0 tests
siege-acceptance / siege-linux	UNKNOWN STEP	2026-10-04T11:34:16.2419214Z 
siege-acceptance / siege-linux	UNKNOWN STEP	2026-10-04T11:34:16.2419691Z test result: ok. 0 passed; 0 failed; 0 ignored; 0 measured; 0 filtered out; finished in 0.00s
siege-acceptance / siege-linux	UNKNOWN STEP	2026-10-04T11:34:16.2420420Z 
siege-acceptance / siege-linux	UNKNOWN STEP	2026-10-04T11:34:16.2421477Z      Running unittests src/bin/gate18_economy_producer_acceptance.rs (target/debug/deps/gate18_economy_producer_acceptance-5831092a42f1fc2d)
siege-acceptance / siege-linux	UNKNOWN STEP	2026-10-04T11:34:16.2440828Z 
siege-acceptance / siege-linux	UNKNOWN STEP	2026-10-04T11:34:16.2441023Z running 0 tests
siege-acceptance / siege-linux	UNKNOWN STEP	2026-10-04T11:34:16.2441267Z 
siege-acceptance / siege-linux	UNKNOWN STEP	2026-10-04T11:34:16.2441753Z test result: ok. 0 passed; 0 failed; 0 ignored; 0 measured; 0 filtered out; finished in 0.00s
siege-acceptance / siege-linux	UNKNOWN STEP	2026-10-04T11:34:16.2442400Z 
siege-acceptance / siege-linux	UNKNOWN STEP	2026-10-04T11:34:16.2443507Z      Running unittests src/bin/gate18_gameplay_acceptance.rs (target/debug/deps/gate18_gameplay_acceptance-2bd6e3c52c40211d)
siege-acceptance / siege-linux	UNKNOWN STEP	2026-10-04T11:34:16.2458486Z 
siege-acceptance / siege-linux	UNKNOWN STEP	2026-10-04T11:34:16.2458675Z running 0 tests
siege-acceptance / siege-linux	UNKNOWN STEP	2026-10-04T11:34:16.2458922Z 
siege-acceptance / siege-linux	UNKNOWN STEP	2026-10-04T11:34:16.2459400Z test result: ok. 0 passed; 0 failed; 0 ignored; 0 measured; 0 filtered out; finished in 0.00s
siege-acceptance / siege-linux	UNKNOWN STEP	2026-10-04T11:34:16.2460033Z 
siege-acceptance / siege-linux	UNKNOWN STEP	2026-10-04T11:34:16.2461219Z      Running unittests src/bin/gate18_load_acceptance.rs (target/debug/deps/gate18_load_acceptance-7a0a47677166cd91)
siege-acceptance / siege-linux	UNKNOWN STEP	2026-10-04T11:34:16.2476526Z 
siege-acceptance / siege-linux	UNKNOWN STEP	2026-10-04T11:34:16.2476782Z running 0 tests
siege-acceptance / siege-linux	UNKNOWN STEP	2026-10-04T11:34:16.2477076Z 
siege-acceptance / siege-linux	UNKNOWN STEP	2026-10-04T11:34:16.2477560Z test result: ok. 0 passed; 0 failed; 0 ignored; 0 measured; 0 filtered out; finished in 0.00s
siege-acceptance / siege-linux	UNKNOWN STEP	2026-10-04T11:34:16.2478195Z 
siege-acceptance / siege-linux	UNKNOWN STEP	2026-10-04T11:34:16.2479107Z      Running unittests src/bin/gate18_migration_acceptance.rs (target/debug/deps/gate18_migration_acceptance-7c8a0a19a0922ae5)
siege-acceptance / siege-linux	UNKNOWN STEP	2026-10-04T11:34:16.2494139Z 
siege-acceptance / siege-linux	UNKNOWN STEP	2026-10-04T11:34:16.2494340Z running 0 tests
siege-acceptance / siege-linux	UNKNOWN STEP	2026-10-04T11:34:16.2494588Z 
siege-acceptance / siege-linux	UNKNOWN STEP	2026-10-04T11:34:16.2496523Z test result: ok. 0 passed; 0 failed; 0 ignored; 0 measured; 0 filtered out; finished in 0.00s
siege-acceptance / siege-linux	UNKNOWN STEP	2026-10-04T11:34:16.2497039Z 
siege-acceptance / siege-linux	UNKNOWN STEP	2026-10-04T11:34:16.2498407Z      Running unittests src/bin/gate18_remote_economy_acceptance.rs (target/debug/deps/gate18_remote_economy_acceptance-14d4696ca9aa0e9b)
siege-acceptance / siege-linux	UNKNOWN STEP	2026-10-04T11:34:16.2515407Z 
siege-acceptance / siege-linux	UNKNOWN STEP	2026-10-04T11:34:16.2515779Z running 0 tests
siege-acceptance / siege-linux	UNKNOWN STEP	2026-10-04T11:34:16.2516013Z 
siege-acceptance / siege-linux	UNKNOWN STEP	2026-10-04T11:34:16.2516448Z test result: ok. 0 passed; 0 failed; 0 ignored; 0 measured; 0 filtered out; finished in 0.00s
siege-acceptance / siege-linux	UNKNOWN STEP	2026-10-04T11:34:16.2517663Z      Running unittests src/bin/gate19_infra_probe.rs (target/debug/deps/gate19_infra_probe-c38b5674b792f695)
siege-acceptance / siege-linux	UNKNOWN STEP	2026-10-04T11:34:16.2518091Z 
siege-acceptance / siege-linux	UNKNOWN STEP	2026-10-04T11:34:16.2535928Z 
siege-acceptance / siege-linux	UNKNOWN STEP	2026-10-04T11:34:16.2536119Z running 0 tests
siege-acceptance / siege-linux	UNKNOWN STEP	2026-10-04T11:34:16.2536359Z 
siege-acceptance / siege-linux	UNKNOWN STEP	2026-10-04T11:34:16.2536748Z test result: ok. 0 passed; 0 failed; 0 ignored; 0 measured; 0 filtered out; finished in 0.00s
siege-acceptance / siege-linux	UNKNOWN STEP	2026-10-04T11:34:16.2537136Z 
siege-acceptance / siege-linux	UNKNOWN STEP	2026-10-04T11:34:16.2539098Z      Running unittests src/bin/gate19_zone_failover_controller.rs (target/debug/deps/gate19_zone_failover_controller-a5bc70bc09536f66)
siege-acceptance / siege-linux	UNKNOWN STEP	2026-10-04T11:34:16.2554803Z 
siege-acceptance / siege-linux	UNKNOWN STEP	2026-10-04T11:34:16.2555007Z running 0 tests
siege-acceptance / siege-linux	UNKNOWN STEP	2026-10-04T11:34:16.2555281Z 
siege-acceptance / siege-linux	UNKNOWN STEP	2026-10-04T11:34:16.2555704Z test result: ok. 0 passed; 0 failed; 0 ignored; 0 measured; 0 filtered out; finished in 0.00s
siege-acceptance / siege-linux	UNKNOWN STEP	2026-10-04T11:34:16.2556234Z 
siege-acceptance / siege-linux	UNKNOWN STEP	2026-10-04T11:34:16.2557419Z      Running unittests src/bin/gate19_zone_seed.rs (target/debug/deps/gate19_zone_seed-fb3f39430bf0c46f)
siege-acceptance / siege-linux	UNKNOWN STEP	2026-10-04T11:34:16.2573719Z 
siege-acceptance / siege-linux	UNKNOWN STEP	2026-10-04T11:34:16.2574041Z running 0 tests
siege-acceptance / siege-linux	UNKNOWN STEP	2026-10-04T11:34:16.2574261Z 
siege-acceptance / siege-linux	UNKNOWN STEP	2026-10-04T11:34:16.2574683Z test result: ok. 0 passed; 0 failed; 0 ignored; 0 measured; 0 filtered out; finished in 0.00s
siege-acceptance / siege-linux	UNKNOWN STEP	2026-10-04T11:34:16.2575564Z 
siege-acceptance / siege-linux	UNKNOWN STEP	2026-10-04T11:34:16.2575993Z      Running unittests src/bin/home_agent.rs (target/debug/deps/home_agent-e26abdbe2d31e3b7)
siege-acceptance / siege-linux	UNKNOWN STEP	2026-10-04T11:34:16.2593071Z 
siege-acceptance / siege-linux	UNKNOWN STEP	2026-10-04T11:34:16.2593256Z running 0 tests
siege-acceptance / siege-linux	UNKNOWN STEP	2026-10-04T11:34:16.2593476Z 
siege-acceptance / siege-linux	UNKNOWN STEP	2026-10-04T11:34:16.2593908Z test result: ok. 0 passed; 0 failed; 0 ignored; 0 measured; 1 filtered out; finished in 0.00s
siege-acceptance / siege-linux	UNKNOWN STEP	2026-10-04T11:34:16.2594492Z 
siege-acceptance / siege-linux	UNKNOWN STEP	2026-10-04T11:34:16.2595504Z      Running unittests src/bin/home_agent_launcher.rs (target/debug/deps/home_agent_launcher-edfe5a094e9f8a69)
siege-acceptance / siege-linux	UNKNOWN STEP	2026-10-04T11:34:16.2614245Z 
siege-acceptance / siege-linux	UNKNOWN STEP	2026-10-04T11:34:16.2614428Z running 0 tests
siege-acceptance / siege-linux	UNKNOWN STEP	2026-10-04T11:34:16.2614666Z 
siege-acceptance / siege-linux	UNKNOWN STEP	2026-10-04T11:34:16.2615100Z test result: ok. 0 passed; 0 failed; 0 ignored; 0 measured; 0 filtered out; finished in 0.00s
siege-acceptance / siege-linux	UNKNOWN STEP	2026-10-04T11:34:16.2615727Z 
siege-acceptance / siege-linux	UNKNOWN STEP	2026-10-04T11:34:16.2616548Z      Running unittests src/bin/home_agent_release.rs (target/debug/deps/home_agent_release-e9387113403c2ba4)
siege-acceptance / siege-linux	UNKNOWN STEP	2026-10-04T11:34:16.2632785Z 
siege-acceptance / siege-linux	UNKNOWN STEP	2026-10-04T11:34:16.2632981Z running 0 tests
siege-acceptance / siege-linux	UNKNOWN STEP	2026-10-04T11:34:16.2633249Z 
siege-acceptance / siege-linux	UNKNOWN STEP	2026-10-04T11:34:16.2633743Z test result: ok. 0 passed; 0 failed; 0 ignored; 0 measured; 0 filtered out; finished in 0.00s
siege-acceptance / siege-linux	UNKNOWN STEP	2026-10-04T11:34:16.2634243Z 
siege-acceptance / siege-linux	UNKNOWN STEP	2026-10-04T11:34:16.2635176Z      Running unittests src/bin/home_agent_supervisor.rs (target/debug/deps/home_agent_supervisor-0d9d7a23bb655c44)
siege-acceptance / siege-linux	UNKNOWN STEP	2026-10-04T11:34:16.2652134Z 
siege-acceptance / siege-linux	UNKNOWN STEP	2026-10-04T11:34:16.2652328Z running 0 tests
siege-acceptance / siege-linux	UNKNOWN STEP	2026-10-04T11:34:16.2652576Z 
siege-acceptance / siege-linux	UNKNOWN STEP	2026-10-04T11:34:16.2653058Z test result: ok. 0 passed; 0 failed; 0 ignored; 0 measured; 4 filtered out; finished in 0.00s
siege-acceptance / siege-linux	UNKNOWN STEP	2026-10-04T11:34:16.2653660Z 
siege-acceptance / siege-linux	UNKNOWN STEP	2026-10-04T11:34:16.2654955Z      Running unittests src/bin/home_beta_controller.rs (target/debug/deps/home_beta_controller-d87f8351ab348caf)
siege-acceptance / siege-linux	UNKNOWN STEP	2026-10-04T11:34:16.2673526Z 
siege-acceptance / siege-linux	UNKNOWN STEP	2026-10-04T11:34:16.2673711Z running 0 tests
siege-acceptance / siege-linux	UNKNOWN STEP	2026-10-04T11:34:16.2673955Z 
siege-acceptance / siege-linux	UNKNOWN STEP	2026-10-04T11:34:16.2674445Z test result: ok. 0 passed; 0 failed; 0 ignored; 0 measured; 0 filtered out; finished in 0.00s
siege-acceptance / siege-linux	UNKNOWN STEP	2026-10-04T11:34:16.2675024Z 
siege-acceptance / siege-linux	UNKNOWN STEP	2026-10-04T11:34:16.2676066Z      Running unittests src/bin/home_beta_local_acceptance.rs (target/debug/deps/home_beta_local_acceptance-1e8f09f99d9c2fcc)
siege-acceptance / siege-linux	UNKNOWN STEP	2026-10-04T11:34:16.2692443Z 
siege-acceptance / siege-linux	UNKNOWN STEP	2026-10-04T11:34:16.2692610Z running 0 tests
siege-acceptance / siege-linux	UNKNOWN STEP	2026-10-04T11:34:16.2692832Z 
siege-acceptance / siege-linux	UNKNOWN STEP	2026-10-04T11:34:16.2693261Z test result: ok. 0 passed; 0 failed; 0 ignored; 0 measured; 0 filtered out; finished in 0.00s
siege-acceptance / siege-linux	UNKNOWN STEP	2026-10-04T11:34:16.2693832Z 
siege-acceptance / siege-linux	UNKNOWN STEP	2026-10-04T11:34:16.2694803Z      Running unittests src/bin/home_beta_policy.rs (target/debug/deps/home_beta_policy-9a773f2a89277c60)
siege-acceptance / siege-linux	UNKNOWN STEP	2026-10-04T11:34:16.2711408Z 
siege-acceptance / siege-linux	UNKNOWN STEP	2026-10-04T11:34:16.2711587Z running 0 tests
siege-acceptance / siege-linux	UNKNOWN STEP	2026-10-04T11:34:16.2711801Z 
siege-acceptance / siege-linux	UNKNOWN STEP	2026-10-04T11:34:16.2712233Z test result: ok. 0 passed; 0 failed; 0 ignored; 0 measured; 0 filtered out; finished in 0.00s
siege-acceptance / siege-linux	UNKNOWN STEP	2026-10-04T11:34:16.2712792Z 
siege-acceptance / siege-linux	UNKNOWN STEP	2026-10-04T11:34:16.2713869Z      Running unittests src/bin/home_beta_runner.rs (target/debug/deps/home_beta_runner-d3fc1db6c0bc1790)
siege-acceptance / siege-linux	UNKNOWN STEP	2026-10-04T11:34:16.2728802Z 
siege-acceptance / siege-linux	UNKNOWN STEP	2026-10-04T11:34:16.2728964Z running 0 tests
siege-acceptance / siege-linux	UNKNOWN STEP	2026-10-04T11:34:16.2729182Z 
siege-acceptance / siege-linux	UNKNOWN STEP	2026-10-04T11:34:16.2729606Z test result: ok. 0 passed; 0 failed; 0 ignored; 0 measured; 0 filtered out; finished in 0.00s
siege-acceptance / siege-linux	UNKNOWN STEP	2026-10-04T11:34:16.2730441Z 
siege-acceptance / siege-linux	UNKNOWN STEP	2026-10-04T11:34:16.2731726Z      Running unittests src/bin/home_enrollment_service.rs (target/debug/deps/home_enrollment_service-aa25b81fcb3f58ad)
siege-acceptance / siege-linux	UNKNOWN STEP	2026-10-04T11:34:16.2755549Z 
siege-acceptance / siege-linux	UNKNOWN STEP	2026-10-04T11:34:16.2756141Z running 0 tests
siege-acceptance / siege-linux	UNKNOWN STEP	2026-10-04T11:34:16.2756412Z 
siege-acceptance / siege-linux	UNKNOWN STEP	2026-10-04T11:34:16.2756912Z test result: ok. 0 passed; 0 failed; 0 ignored; 0 measured; 2 filtered out; finished in 0.00s
siege-acceptance / siege-linux	UNKNOWN STEP	2026-10-04T11:34:16.2757469Z 
siege-acceptance / siege-linux	UNKNOWN STEP	2026-10-04T11:34:16.2758592Z      Running unittests src/bin/home_local_stack_fixture.rs (target/debug/deps/home_local_stack_fixture-d8cb58b39a13fced)
siege-acceptance / siege-linux	UNKNOWN STEP	2026-10-04T11:34:16.2779953Z 
siege-acceptance / siege-linux	UNKNOWN STEP	2026-10-04T11:34:16.2780224Z running 0 tests
siege-acceptance / siege-linux	UNKNOWN STEP	2026-10-04T11:34:16.2780476Z 
siege-acceptance / siege-linux	UNKNOWN STEP	2026-10-04T11:34:16.2781101Z test result: ok. 0 passed; 0 failed; 0 ignored; 0 measured; 0 filtered out; finished in 0.00s
siege-acceptance / siege-linux	UNKNOWN STEP	2026-10-04T11:34:16.2781682Z 
siege-acceptance / siege-linux	UNKNOWN STEP	2026-10-04T11:34:16.2782544Z      Running unittests src/bin/home_player_probe.rs (target/debug/deps/home_player_probe-1cb1554d33b9a81d)
siege-acceptance / siege-linux	UNKNOWN STEP	2026-10-04T11:34:16.2797576Z 
siege-acceptance / siege-linux	UNKNOWN STEP	2026-10-04T11:34:16.2797747Z running 0 tests
siege-acceptance / siege-linux	UNKNOWN STEP	2026-10-04T11:34:16.2797973Z 
siege-acceptance / siege-linux	UNKNOWN STEP	2026-10-04T11:34:16.2798419Z test result: ok. 0 passed; 0 failed; 0 ignored; 0 measured; 0 filtered out; finished in 0.00s
siege-acceptance / siege-linux	UNKNOWN STEP	2026-10-04T11:34:16.2799038Z 
siege-acceptance / siege-linux	UNKNOWN STEP	2026-10-04T11:34:16.2799952Z      Running unittests src/bin/home_relay.rs (target/debug/deps/home_relay-912f56683c56d3b4)
siege-acceptance / siege-linux	UNKNOWN STEP	2026-10-04T11:34:16.2817569Z 
siege-acceptance / siege-linux	UNKNOWN STEP	2026-10-04T11:34:16.2817748Z running 0 tests
siege-acceptance / siege-linux	UNKNOWN STEP	2026-10-04T11:34:16.2817970Z 
siege-acceptance / siege-linux	UNKNOWN STEP	2026-10-04T11:34:16.2818399Z test result: ok. 0 passed; 0 failed; 0 ignored; 0 measured; 0 filtered out; finished in 0.00s
siege-acceptance / siege-linux	UNKNOWN STEP	2026-10-04T11:34:16.2818988Z 
siege-acceptance / siege-linux	UNKNOWN STEP	2026-10-04T11:34:16.2819999Z      Running unittests src/bin/home_sandbox_policy.rs (target/debug/deps/home_sandbox_policy-451cee3e8e6bd57a)
siege-acceptance / siege-linux	UNKNOWN STEP	2026-10-04T11:34:16.2835805Z 
siege-acceptance / siege-linux	UNKNOWN STEP	2026-10-04T11:34:16.2835981Z running 0 tests
siege-acceptance / siege-linux	UNKNOWN STEP	2026-10-04T11:34:16.2836196Z 
siege-acceptance / siege-linux	UNKNOWN STEP	2026-10-04T11:34:16.2836627Z test result: ok. 0 passed; 0 failed; 0 ignored; 0 measured; 0 filtered out; finished in 0.00s
siege-acceptance / siege-linux	UNKNOWN STEP	2026-10-04T11:34:16.2837220Z 
siege-acceptance / siege-linux	UNKNOWN STEP	2026-10-04T11:34:16.2838351Z      Running unittests src/bin/home_telemetry_collector.rs (target/debug/deps/home_telemetry_collector-47abe8864183df75)
siege-acceptance / siege-linux	UNKNOWN STEP	2026-10-04T11:34:16.2860006Z 
siege-acceptance / siege-linux	UNKNOWN STEP	2026-10-04T11:34:16.2860172Z running 0 tests
siege-acceptance / siege-linux	UNKNOWN STEP	2026-10-04T11:34:16.2860388Z 
siege-acceptance / siege-linux	UNKNOWN STEP	2026-10-04T11:34:16.2860822Z test result: ok. 0 passed; 0 failed; 0 ignored; 0 measured; 2 filtered out; finished in 0.00s
siege-acceptance / siege-linux	UNKNOWN STEP	2026-10-04T11:34:16.2861604Z 
siege-acceptance / siege-linux	UNKNOWN STEP	2026-10-04T11:34:16.2863669Z      Running unittests src/bin/home_tunnel_acceptance.rs (target/debug/deps/home_tunnel_acceptance-365dd18311061f8f)
siege-acceptance / siege-linux	UNKNOWN STEP	2026-10-04T11:34:16.2882746Z 
siege-acceptance / siege-linux	UNKNOWN STEP	2026-10-04T11:34:16.2882922Z running 0 tests
siege-acceptance / siege-linux	UNKNOWN STEP	2026-10-04T11:34:16.2883177Z 
siege-acceptance / siege-linux	UNKNOWN STEP	2026-10-04T11:34:16.2884566Z test result: ok. 0 passed; 0 failed; 0 ignored; 0 measured; 0 filtered out; finished in 0.00s
siege-acceptance / siege-linux	UNKNOWN STEP	2026-10-04T11:34:16.2885281Z 
siege-acceptance / siege-linux	UNKNOWN STEP	2026-10-04T11:34:16.2886764Z      Running unittests src/bin/home_tunnel_fixture.rs (target/debug/deps/home_tunnel_fixture-fb7921906acf6e70)
siege-acceptance / siege-linux	UNKNOWN STEP	2026-10-04T11:34:16.2902837Z 
siege-acceptance / siege-linux	UNKNOWN STEP	2026-10-04T11:34:16.2903004Z running 0 tests
siege-acceptance / siege-linux	UNKNOWN STEP	2026-10-04T11:34:16.2903231Z 
siege-acceptance / siege-linux	UNKNOWN STEP	2026-10-04T11:34:16.2903668Z test result: ok. 0 passed; 0 failed; 0 ignored; 0 measured; 0 filtered out; finished in 0.00s
siege-acceptance / siege-linux	UNKNOWN STEP	2026-10-04T11:34:16.2904260Z 
siege-acceptance / siege-linux	UNKNOWN STEP	2026-10-04T11:34:16.2905143Z      Running unittests src/main.rs (target/debug/deps/mir2_gateway-6e3d40ae54899e25)
siege-acceptance / siege-linux	UNKNOWN STEP	2026-10-04T11:34:16.2934921Z 
siege-acceptance / siege-linux	UNKNOWN STEP	2026-10-04T11:34:16.2935103Z running 0 tests
siege-acceptance / siege-linux	UNKNOWN STEP	2026-10-04T11:34:16.2935365Z 
siege-acceptance / siege-linux	UNKNOWN STEP	2026-10-04T11:34:16.2935843Z test result: ok. 0 passed; 0 failed; 0 ignored; 0 measured; 4 filtered out; finished in 0.00s
siege-acceptance / siege-linux	UNKNOWN STEP	2026-10-04T11:34:16.2936501Z 
siege-acceptance / siege-linux	UNKNOWN STEP	2026-10-04T11:34:16.2937594Z      Running unittests src/bin/node_identity.rs (target/debug/deps/node_identity-32f7a8641b2d23a0)
siege-acceptance / siege-linux	UNKNOWN STEP	2026-10-04T11:34:16.2953852Z 
siege-acceptance / siege-linux	UNKNOWN STEP	2026-10-04T11:34:16.2954042Z running 0 tests
siege-acceptance / siege-linux	UNKNOWN STEP	2026-10-04T11:34:16.2954279Z 
siege-acceptance / siege-linux	UNKNOWN STEP	2026-10-04T11:34:16.2954763Z test result: ok. 0 passed; 0 failed; 0 ignored; 0 measured; 0 filtered out; finished in 0.00s
siege-acceptance / siege-linux	UNKNOWN STEP	2026-10-04T11:34:16.2955328Z 
siege-acceptance / siege-linux	UNKNOWN STEP	2026-10-04T11:34:16.2956437Z      Running unittests src/bin/packet_trace.rs (target/debug/deps/packet_trace-304478f12ac0223b)
siege-acceptance / siege-linux	UNKNOWN STEP	2026-10-04T11:34:16.2973388Z 
siege-acceptance / siege-linux	UNKNOWN STEP	2026-10-04T11:34:16.2973627Z running 0 tests
siege-acceptance / siege-linux	UNKNOWN STEP	2026-10-04T11:34:16.2973902Z 
siege-acceptance / siege-linux	UNKNOWN STEP	2026-10-04T11:34:16.2974402Z test result: ok. 0 passed; 0 failed; 0 ignored; 0 measured; 17 filtered out; finished in 0.00s
siege-acceptance / siege-linux	UNKNOWN STEP	2026-10-04T11:34:16.2975418Z 
siege-acceptance / siege-linux	UNKNOWN STEP	2026-10-04T11:34:16.2976698Z      Running unittests src/bin/seed_playtest_pg_accounts.rs (target/debug/deps/seed_playtest_pg_accounts-da5a276609ebefa1)
siege-acceptance / siege-linux	UNKNOWN STEP	2026-10-04T11:34:16.3024569Z 
siege-acceptance / siege-linux	UNKNOWN STEP	2026-10-04T11:34:16.3024885Z running 0 tests
siege-acceptance / siege-linux	UNKNOWN STEP	2026-10-04T11:34:16.3025147Z 
siege-acceptance / siege-linux	UNKNOWN STEP	2026-10-04T11:34:16.3025639Z test result: ok. 0 passed; 0 failed; 0 ignored; 0 measured; 7 filtered out; finished in 0.00s
siege-acceptance / siege-linux	UNKNOWN STEP	2026-10-04T11:34:16.3026271Z 
siege-acceptance / siege-linux	UNKNOWN STEP	2026-10-04T11:34:16.3028357Z      Running unittests src/bin/seed_ws_load_accounts.rs (target/debug/deps/seed_ws_load_accounts-0a2b4ebaf3770e4d)
siege-acceptance / siege-linux	UNKNOWN STEP	2026-10-04T11:34:16.3074203Z 
siege-acceptance / siege-linux	UNKNOWN STEP	2026-10-04T11:34:16.3074414Z running 0 tests
siege-acceptance / siege-linux	UNKNOWN STEP	2026-10-04T11:34:16.3074684Z 
siege-acceptance / siege-linux	UNKNOWN STEP	2026-10-04T11:34:16.3075495Z test result: ok. 0 passed; 0 failed; 0 ignored; 0 measured; 6 filtered out; finished in 0.00s
siege-acceptance / siege-linux	UNKNOWN STEP	2026-10-04T11:34:16.3076077Z 
siege-acceptance / siege-linux	UNKNOWN STEP	2026-10-04T11:34:16.3077787Z      Running unittests src/bin/smoke.rs (target/debug/deps/smoke-dc8b5048ed28dedd)
siege-acceptance / siege-linux	UNKNOWN STEP	2026-10-04T11:34:16.3094187Z 
siege-acceptance / siege-linux	UNKNOWN STEP	2026-10-04T11:34:16.3094379Z running 0 tests
siege-acceptance / siege-linux	UNKNOWN STEP	2026-10-04T11:34:16.3094630Z 
siege-acceptance / siege-linux	UNKNOWN STEP	2026-10-04T11:34:16.3095168Z test result: ok. 0 passed; 0 failed; 0 ignored; 0 measured; 0 filtered out; finished in 0.00s
siege-acceptance / siege-linux	UNKNOWN STEP	2026-10-04T11:34:16.3095924Z 
siege-acceptance / siege-linux	UNKNOWN STEP	2026-10-04T11:34:16.3096597Z      Running unittests src/bin/tcp_load.rs (target/debug/deps/tcp_load-d876aee1073a2edb)
siege-acceptance / siege-linux	UNKNOWN STEP	2026-10-04T11:34:16.3114807Z 
siege-acceptance / siege-linux	UNKNOWN STEP	2026-10-04T11:34:16.3114995Z running 0 tests
siege-acceptance / siege-linux	UNKNOWN STEP	2026-10-04T11:34:16.3115229Z 
siege-acceptance / siege-linux	UNKNOWN STEP	2026-10-04T11:34:16.3115711Z test result: ok. 0 passed; 0 failed; 0 ignored; 0 measured; 0 filtered out; finished in 0.00s
siege-acceptance / siege-linux	UNKNOWN STEP	2026-10-04T11:34:16.3116342Z 
siege-acceptance / siege-linux	UNKNOWN STEP	2026-10-04T11:34:16.3117346Z      Running unittests src/bin/world_director_demo.rs (target/debug/deps/world_director_demo-bb1b7a3bdf41fabc)
siege-acceptance / siege-linux	UNKNOWN STEP	2026-10-04T11:34:16.3132247Z 
siege-acceptance / siege-linux	UNKNOWN STEP	2026-10-04T11:34:16.3132459Z running 0 tests
siege-acceptance / siege-linux	UNKNOWN STEP	2026-10-04T11:34:16.3132709Z 
siege-acceptance / siege-linux	UNKNOWN STEP	2026-10-04T11:34:16.3133183Z test result: ok. 0 passed; 0 failed; 0 ignored; 0 measured; 0 filtered out; finished in 0.00s
siege-acceptance / siege-linux	UNKNOWN STEP	2026-10-04T11:34:16.3133831Z 
siege-acceptance / siege-linux	UNKNOWN STEP	2026-10-04T11:34:16.3134587Z      Running unittests src/bin/zone_host.rs (target/debug/deps/zone_host-0c0898fe590cddb6)
siege-acceptance / siege-linux	UNKNOWN STEP	2026-10-04T11:34:16.3149545Z 
siege-acceptance / siege-linux	UNKNOWN STEP	2026-10-04T11:34:16.3149723Z running 0 tests
siege-acceptance / siege-linux	UNKNOWN STEP	2026-10-04T11:34:16.3149931Z 
siege-acceptance / siege-linux	UNKNOWN STEP	2026-10-04T11:34:16.3150353Z test result: ok. 0 passed; 0 failed; 0 ignored; 0 measured; 0 filtered out; finished in 0.00s
siege-acceptance / siege-linux	UNKNOWN STEP	2026-10-04T11:34:16.3151056Z 
siege-acceptance / siege-linux	UNKNOWN STEP	2026-10-04T11:34:16.3152110Z      Running unittests src/bin/zone_promoter.rs (target/debug/deps/zone_promoter-6c53bfd60c3213ea)
siege-acceptance / siege-linux	UNKNOWN STEP	2026-10-04T11:34:16.3166942Z 
siege-acceptance / siege-linux	UNKNOWN STEP	2026-10-04T11:34:16.3167107Z running 0 tests
siege-acceptance / siege-linux	UNKNOWN STEP	2026-10-04T11:34:16.3167330Z 
siege-acceptance / siege-linux	UNKNOWN STEP	2026-10-04T11:34:16.3167751Z test result: ok. 0 passed; 0 failed; 0 ignored; 0 measured; 0 filtered out; finished in 0.00s
siege-acceptance / siege-linux	UNKNOWN STEP	2026-10-04T11:34:16.3168352Z 
siege-acceptance / siege-linux	UNKNOWN STEP	2026-10-04T11:34:16.3169371Z      Running unittests src/bin/zone_replicator.rs (target/debug/deps/zone_replicator-1aa03a5486d96b27)
siege-acceptance / siege-linux	UNKNOWN STEP	2026-10-04T11:34:16.3184995Z 
siege-acceptance / siege-linux	UNKNOWN STEP	2026-10-04T11:34:16.3185173Z running 0 tests
siege-acceptance / siege-linux	UNKNOWN STEP	2026-10-04T11:34:16.3185385Z 
siege-acceptance / siege-linux	UNKNOWN STEP	2026-10-04T11:34:16.3185819Z test result: ok. 0 passed; 0 failed; 0 ignored; 0 measured; 5 filtered out; finished in 0.00s
siege-acceptance / siege-linux	UNKNOWN STEP	2026-10-04T11:34:16.3186409Z 
siege-acceptance / siege-linux	UNKNOWN STEP	2026-10-04T11:34:16.3187655Z      Running tests/friends_shared_presence.rs (target/debug/deps/friends_shared_presence-c4ab4c69b2f38796)
siege-acceptance / siege-linux	UNKNOWN STEP	2026-10-04T11:34:16.3244269Z 
siege-acceptance / siege-linux	UNKNOWN STEP	2026-10-04T11:34:16.3244437Z running 0 tests
siege-acceptance / siege-linux	UNKNOWN STEP	2026-10-04T11:34:16.3244660Z 
siege-acceptance / siege-linux	UNKNOWN STEP	2026-10-04T11:34:16.3245078Z test result: ok. 0 passed; 0 failed; 0 ignored; 0 measured; 1 filtered out; finished in 0.00s
siege-acceptance / siege-linux	UNKNOWN STEP	2026-10-04T11:34:16.3245671Z 
siege-acceptance / siege-linux	UNKNOWN STEP	2026-10-04T11:34:16.3247848Z      Running tests/gate11_workload.rs (target/debug/deps/gate11_workload-29e9c52d3d4fbb64)
siege-acceptance / siege-linux	UNKNOWN STEP	2026-10-04T11:34:16.3323210Z 
siege-acceptance / siege-linux	UNKNOWN STEP	2026-10-04T11:34:16.3323411Z running 0 tests
siege-acceptance / siege-linux	UNKNOWN STEP	2026-10-04T11:34:16.3323666Z 
siege-acceptance / siege-linux	UNKNOWN STEP	2026-10-04T11:34:16.3324174Z test result: ok. 0 passed; 0 failed; 0 ignored; 0 measured; 2 filtered out; finished in 0.00s
siege-acceptance / siege-linux	UNKNOWN STEP	2026-10-04T11:34:16.3324865Z 
siege-acceptance / siege-linux	UNKNOWN STEP	2026-10-04T11:34:16.3327433Z      Running tests/guild_shared_lifecycle.rs (target/debug/deps/guild_shared_lifecycle-8d727b2af72e2052)
siege-acceptance / siege-linux	UNKNOWN STEP	2026-10-04T11:34:16.3386891Z 
siege-acceptance / siege-linux	UNKNOWN STEP	2026-10-04T11:34:16.3387602Z running 0 tests
siege-acceptance / siege-linux	UNKNOWN STEP	2026-10-04T11:34:16.3387853Z 
siege-acceptance / siege-linux	UNKNOWN STEP	2026-10-04T11:34:16.3388295Z test result: ok. 0 passed; 0 failed; 0 ignored; 0 measured; 4 filtered out; finished in 0.00s
siege-acceptance / siege-linux	UNKNOWN STEP	2026-10-04T11:34:16.3388904Z 
siege-acceptance / siege-linux	UNKNOWN STEP	2026-10-04T11:34:16.3390674Z      Running tests/home_tunnel.rs (target/debug/deps/home_tunnel-2779e732502b6e47)
siege-acceptance / siege-linux	UNKNOWN STEP	2026-10-04T11:34:16.3515267Z 
siege-acceptance / siege-linux	UNKNOWN STEP	2026-10-04T11:34:16.3515705Z running 0 tests
siege-acceptance / siege-linux	UNKNOWN STEP	2026-10-04T11:34:16.3515882Z 
siege-acceptance / siege-linux	UNKNOWN STEP	2026-10-04T11:34:16.3516197Z test result: ok. 0 passed; 0 failed; 0 ignored; 0 measured; 4 filtered out; finished in 0.00s
siege-acceptance / siege-linux	UNKNOWN STEP	2026-10-04T11:34:16.3516608Z 
siege-acceptance / siege-linux	UNKNOWN STEP	2026-10-04T11:34:16.3520152Z      Running tests/marriage_shared_lifecycle.rs (target/debug/deps/marriage_shared_lifecycle-28ab2e345ee2ecef)
siege-acceptance / siege-linux	UNKNOWN STEP	2026-10-04T11:34:16.3546702Z 
siege-acceptance / siege-linux	UNKNOWN STEP	2026-10-04T11:34:16.3546875Z running 0 tests
siege-acceptance / siege-linux	UNKNOWN STEP	2026-10-04T11:34:16.3547101Z 
siege-acceptance / siege-linux	UNKNOWN STEP	2026-10-04T11:34:16.3547524Z test result: ok. 0 passed; 0 failed; 0 ignored; 0 measured; 3 filtered out; finished in 0.00s
siege-acceptance / siege-linux	UNKNOWN STEP	2026-10-04T11:34:16.3548094Z 
siege-acceptance / siege-linux	UNKNOWN STEP	2026-10-04T11:34:16.3550127Z      Running tests/mentor_shared_lifecycle.rs (target/debug/deps/mentor_shared_lifecycle-60488f210fd49454)
siege-acceptance / siege-linux	UNKNOWN STEP	2026-10-04T11:34:16.3612000Z 
siege-acceptance / siege-linux	UNKNOWN STEP	2026-10-04T11:34:16.3612184Z running 0 tests
siege-acceptance / siege-linux	UNKNOWN STEP	2026-10-04T11:34:16.3612420Z 
siege-acceptance / siege-linux	UNKNOWN STEP	2026-10-04T11:34:16.3612859Z test result: ok. 0 passed; 0 failed; 0 ignored; 0 measured; 5 filtered out; finished in 0.00s
siege-acceptance / siege-linux	UNKNOWN STEP	2026-10-04T11:34:16.3613486Z 
siege-acceptance / siege-linux	UNKNOWN STEP	2026-10-04T11:34:16.3615228Z      Running tests/ranking_shared_presence.rs (target/debug/deps/ranking_shared_presence-b44fdc8be3f0ce61)
siege-acceptance / siege-linux	UNKNOWN STEP	2026-10-04T11:34:16.3672351Z 
siege-acceptance / siege-linux	UNKNOWN STEP	2026-10-04T11:34:16.3672535Z running 0 tests
siege-acceptance / siege-linux	UNKNOWN STEP	2026-10-04T11:34:16.3672757Z 
siege-acceptance / siege-linux	UNKNOWN STEP	2026-10-04T11:34:16.3673202Z test result: ok. 0 passed; 0 failed; 0 ignored; 0 measured; 1 filtered out; finished in 0.00s
siege-acceptance / siege-linux	UNKNOWN STEP	2026-10-04T11:34:16.3673839Z 
siege-acceptance / siege-linux	UNKNOWN STEP	2026-10-04T11:34:16.3675629Z      Running tests/shared_conquest_transport.rs (target/debug/deps/shared_conquest_transport-1773d3742ca3bae2)
siege-acceptance / siege-linux	UNKNOWN STEP	2026-10-04T11:34:16.3766707Z 
siege-acceptance / siege-linux	UNKNOWN STEP	2026-10-04T11:34:16.3766942Z running 1 test
siege-acceptance / siege-linux	UNKNOWN STEP	2026-10-04T11:34:18.7858492Z test shared_conquest_tcp_and_web_join_one_palace_capture_and_publish_owner_npc_status ... FAILED
siege-acceptance / siege-linux	UNKNOWN STEP	2026-10-04T11:34:18.7859156Z 
siege-acceptance / siege-linux	UNKNOWN STEP	2026-10-04T11:34:18.7859280Z failures:
siege-acceptance / siege-linux	UNKNOWN STEP	2026-10-04T11:34:18.7859448Z 
siege-acceptance / siege-linux	UNKNOWN STEP	2026-10-04T11:34:18.7859882Z ---- shared_conquest_tcp_and_web_join_one_palace_capture_and_publish_owner_npc_status stdout ----
siege-acceptance / siege-linux	UNKNOWN STEP	2026-10-04T11:34:18.7860981Z mir2-gateway tcp listening on 127.0.0.1:34033
siege-acceptance / siege-linux	UNKNOWN STEP	2026-10-04T11:34:18.7861578Z mir2-gateway web listening on http://127.0.0.1:33737
siege-acceptance / siege-linux	UNKNOWN STEP	2026-10-04T11:34:18.7861944Z 
siege-acceptance / siege-linux	UNKNOWN STEP	2026-10-04T11:34:18.7862749Z thread 'shared_conquest_tcp_and_web_join_one_palace_capture_and_publish_owner_npc_status' panicked at apps/gateway/tests/shared_conquest_transport.rs:381:10:
siege-acceptance / siege-linux	UNKNOWN STEP	2026-10-04T11:34:18.7864273Z called `Result::unwrap()` on an `Err` value: "conquest 1 committed but Zone primary projection failed: stale shared conquest projection"
siege-acceptance / siege-linux	UNKNOWN STEP	2026-10-04T11:34:18.7865348Z note: run with `RUST_BACKTRACE=1` environment variable to display a backtrace
siege-acceptance / siege-linux	UNKNOWN STEP	2026-10-04T11:34:18.7866097Z web receive error: IO error: Connection reset by peer (os error 104)
siege-acceptance / siege-linux	UNKNOWN STEP	2026-10-04T11:34:18.7867095Z [save-recovery] status=saved transport=tcp-teardown count=1 detail=immutable drained checkpoint committed before teardown
siege-acceptance / siege-linux	UNKNOWN STEP	2026-10-04T11:34:18.7868396Z [save-recovery] status=saved transport=web-teardown count=2 detail=immutable drained checkpoint committed before teardown
siege-acceptance / siege-linux	UNKNOWN STEP	2026-10-04T11:34:18.7869339Z web reconnect grace retained session for web_siege/2 for 15s
siege-acceptance / siege-linux	UNKNOWN STEP	2026-10-04T11:34:18.7869716Z 
siege-acceptance / siege-linux	UNKNOWN STEP	2026-10-04T11:34:18.7869721Z 
siege-acceptance / siege-linux	UNKNOWN STEP	2026-10-04T11:34:18.7869845Z failures:
siege-acceptance / siege-linux	UNKNOWN STEP	2026-10-04T11:34:18.7870504Z     shared_conquest_tcp_and_web_join_one_palace_capture_and_publish_owner_npc_status
siege-acceptance / siege-linux	UNKNOWN STEP	2026-10-04T11:34:18.7871018Z 
siege-acceptance / siege-linux	UNKNOWN STEP	2026-10-04T11:34:18.7871434Z test result: FAILED. 0 passed; 1 failed; 0 ignored; 0 measured; 0 filtered out; finished in 2.41s
siege-acceptance / siege-linux	UNKNOWN STEP	2026-10-04T11:34:18.7872015Z 
siege-acceptance / siege-linux	UNKNOWN STEP	2026-10-04T11:34:18.7905799Z error: test failed, to rerun pass `-p mir2-gateway --test shared_conquest_transport`
siege-acceptance / siege-linux	UNKNOWN STEP	2026-10-04T11:34:18.8033079Z ##[error]Process completed with exit code 101.
siege-acceptance / siege-linux	UNKNOWN STEP	2026-10-04T11:34:18.8206507Z Post job cleanup.
siege-acceptance / siege-linux	UNKNOWN STEP	2026-10-04T11:34:19.5968027Z [command]/usr/bin/git version
siege-acceptance / siege-linux	UNKNOWN STEP	2026-10-04T11:34:19.6017966Z git version 2.55.0
siege-acceptance / siege-linux	UNKNOWN STEP	2026-10-04T11:34:19.6059204Z Temporarily overriding HOME='/home/runner/work/_temp/35fc76f7-c5dc-4043-9c1b-469390a9a88d' before making global git config changes
siege-acceptance / siege-linux	UNKNOWN STEP	2026-10-04T11:34:19.6060679Z Adding repository directory to the temporary git global config as a safe directory
siege-acceptance / siege-linux	UNKNOWN STEP	2026-10-04T11:34:19.6075341Z [command]/usr/bin/git config --global --add safe.directory /home/runner/work/mir2/mir2
siege-acceptance / siege-linux	UNKNOWN STEP	2026-10-04T11:34:19.6117152Z Removing SSH command configuration
siege-acceptance / siege-linux	UNKNOWN STEP	2026-10-04T11:34:19.6125320Z [command]/usr/bin/git config --local --name-only --get-regexp core\.sshCommand
siege-acceptance / siege-linux	UNKNOWN STEP	2026-10-04T11:34:19.6171532Z [command]/usr/bin/git submodule foreach --recursive sh -c "git config --local --name-only --get-regexp 'core\.sshCommand' && git config --local --unset-all 'core.sshCommand' || :"
siege-acceptance / siege-linux	UNKNOWN STEP	2026-10-04T11:34:19.6759458Z Removing HTTP extra header
siege-acceptance / siege-linux	UNKNOWN STEP	2026-10-04T11:34:19.6769289Z [command]/usr/bin/git config --local --name-only --get-regexp http\.https\:\/\/github\.com\/\.extraheader
siege-acceptance / siege-linux	UNKNOWN STEP	2026-10-04T11:34:19.6829727Z [command]/usr/bin/git submodule foreach --recursive sh -c "git config --local --name-only --get-regexp 'http\.https\:\/\/github\.com\/\.extraheader' && git config --local --unset-all 'http.https://github.com/.extraheader' || :"
siege-acceptance / siege-linux	UNKNOWN STEP	2026-10-04T11:34:19.7199191Z Removing includeIf entries pointing to credentials config files
siege-acceptance / siege-linux	UNKNOWN STEP	2026-10-04T11:34:19.7212004Z [command]/usr/bin/git config --local --name-only --get-regexp ^includeIf\.gitdir:
siege-acceptance / siege-linux	UNKNOWN STEP	2026-10-04T11:34:19.7256999Z [command]/usr/bin/git submodule foreach --recursive git config --local --show-origin --name-only --get-regexp remote.origin.url
siege-acceptance / siege-linux	UNKNOWN STEP	2026-10-04T11:34:19.7706576Z Print service container logs: b5bbad7f1aa348b1b0bdcd5478ab7e71_postgres16_72863e
siege-acceptance / siege-linux	UNKNOWN STEP	2026-10-04T11:34:19.7716849Z ##[command]/usr/bin/docker logs --details 5c728342533d2500eb29f87cfe23b123d71dcc0ef147db0644f77e77474cf8f0
siege-acceptance / siege-linux	UNKNOWN STEP	2026-10-04T11:34:19.7877336Z  The files belonging to this database system will be owned by user "postgres".
siege-acceptance / siege-linux	UNKNOWN STEP	2026-10-04T11:34:19.7888695Z  initdb: warning: enabling "trust" authentication for local connections
siege-acceptance / siege-linux	UNKNOWN STEP	2026-10-04T11:34:19.7889597Z  This user must also own the server process.
siege-acceptance / siege-linux	UNKNOWN STEP	2026-10-04T11:34:19.7890153Z  
siege-acceptance / siege-linux	UNKNOWN STEP	2026-10-04T11:34:19.7890967Z  The database cluster will be initialized with locale "en_US.utf8".
siege-acceptance / siege-linux	UNKNOWN STEP	2026-10-04T11:34:19.7891841Z  The default database encoding has accordingly been set to "UTF8".
siege-acceptance / siege-linux	UNKNOWN STEP	2026-10-04T11:34:19.7892724Z  The default text search configuration will be set to "english".
siege-acceptance / siege-linux	UNKNOWN STEP	2026-10-04T11:34:19.7893391Z  
siege-acceptance / siege-linux	UNKNOWN STEP	2026-10-04T11:34:19.7893787Z  Data page checksums are disabled.
siege-acceptance / siege-linux	UNKNOWN STEP	2026-10-04T11:34:19.7895653Z  
siege-acceptance / siege-linux	UNKNOWN STEP	2026-10-04T11:34:19.7896461Z  fixing permissions on existing directory /var/lib/postgresql/data ... ok
siege-acceptance / siege-linux	UNKNOWN STEP	2026-10-04T11:34:19.7897208Z  creating subdirectories ... ok
siege-acceptance / siege-linux	UNKNOWN STEP	2026-10-04T11:34:19.7897858Z  selecting dynamic shared memory implementation ... posix
siege-acceptance / siege-linux	UNKNOWN STEP	2026-10-04T11:34:19.7898671Z  selecting default max_connections ... 100
siege-acceptance / siege-linux	UNKNOWN STEP	2026-10-04T11:34:19.7899245Z  selecting default shared_buffers ... 128MB
siege-acceptance / siege-linux	UNKNOWN STEP	2026-10-04T11:34:19.7899784Z  selecting default time zone ... Etc/UTC
siege-acceptance / siege-linux	UNKNOWN STEP	2026-10-04T11:34:19.7900495Z  creating configuration files ... ok
siege-acceptance / siege-linux	UNKNOWN STEP	2026-10-04T11:34:19.7900968Z  running bootstrap script ... ok
siege-acceptance / siege-linux	UNKNOWN STEP	2026-10-04T11:34:19.7901451Z  performing post-bootstrap initialization ... ok
siege-acceptance / siege-linux	UNKNOWN STEP	2026-10-04T11:34:19.7901966Z  syncing data to disk ... ok
siege-acceptance / siege-linux	UNKNOWN STEP	2026-10-04T11:34:19.7902343Z  
siege-acceptance / siege-linux	UNKNOWN STEP	2026-10-04T11:34:19.7902625Z  
siege-acceptance / siege-linux	UNKNOWN STEP	2026-10-04T11:34:19.7903003Z  Success. You can now start the database server using:
siege-acceptance / siege-linux	UNKNOWN STEP	2026-10-04T11:34:19.7903488Z  
siege-acceptance / siege-linux	UNKNOWN STEP	2026-10-04T11:34:19.7903921Z      pg_ctl -D /var/lib/postgresql/data -l logfile start
siege-acceptance / siege-linux	UNKNOWN STEP	2026-10-04T11:34:19.7904413Z  
siege-acceptance / siege-linux	UNKNOWN STEP	2026-10-04T11:34:19.7905286Z  waiting for server to start....2026-10-04 11:22:23.479 UTC [48] LOG:  starting PostgreSQL 16.15 (Debian 16.15-1.pgdg13+2) on x86_64-pc-linux-gnu, compiled by gcc (Debian 14.2.0-19) 14.2.0, 64-bit
siege-acceptance / siege-linux	UNKNOWN STEP	2026-10-04T11:34:19.7906220Z  2026-10-04 11:22:23.479 UTC [48] LOG:  listening on Unix socket "/var/run/postgresql/.s.PGSQL.5432"
siege-acceptance / siege-linux	UNKNOWN STEP	2026-10-04T11:34:19.7906784Z  2026-10-04 11:22:23.482 UTC [51] LOG:  database system was shut down at 2026-10-04 11:22:23 UTC
siege-acceptance / siege-linux	UNKNOWN STEP	2026-10-04T11:34:19.7907485Z  2026-10-04 11:22:23.485 UTC [48] LOG:  database system is ready to accept connections
siege-acceptance / siege-linux	UNKNOWN STEP	2026-10-04T11:34:19.7907946Z   done
siege-acceptance / siege-linux	UNKNOWN STEP	2026-10-04T11:34:19.7908126Z  server started
siege-acceptance / siege-linux	UNKNOWN STEP	2026-10-04T11:34:19.7908509Z  CREATE DATABASE
siege-acceptance / siege-linux	UNKNOWN STEP	2026-10-04T11:34:19.7908809Z  
siege-acceptance / siege-linux	UNKNOWN STEP	2026-10-04T11:34:19.7909091Z  
siege-acceptance / siege-linux	UNKNOWN STEP	2026-10-04T11:34:19.7909475Z  /usr/local/bin/docker-entrypoint.sh: ignoring /docker-entrypoint-initdb.d/*
siege-acceptance / siege-linux	UNKNOWN STEP	2026-10-04T11:34:19.7909868Z  
siege-acceptance / siege-linux	UNKNOWN STEP	2026-10-04T11:34:19.7910223Z  waiting for server to shut down...2026-10-04 11:22:23.663 UTC [48] LOG:  received fast shutdown request
siege-acceptance / siege-linux	UNKNOWN STEP	2026-10-04T11:34:19.7911150Z  .2026-10-04 11:22:23.664 UTC [48] LOG:  aborting any active transactions
siege-acceptance / siege-linux	UNKNOWN STEP	2026-10-04T11:34:19.7912161Z  2026-10-04 11:22:23.666 UTC [48] LOG:  background worker "logical replication launcher" (PID 54) exited with exit code 1
siege-acceptance / siege-linux	UNKNOWN STEP	2026-10-04T11:34:19.7912701Z  2026-10-04 11:22:23.666 UTC [49] LOG:  shutting down
siege-acceptance / siege-linux	UNKNOWN STEP	2026-10-04T11:34:19.7913085Z  2026-10-04 11:22:23.667 UTC [49] LOG:  checkpoint starting: shutdown immediate
siege-acceptance / siege-linux	UNKNOWN STEP	2026-10-04T11:34:19.7914165Z  2026-10-04 11:22:23.681 UTC [49] LOG:  checkpoint complete: wrote 926 buffers (5.7%); 0 WAL file(s) added, 0 removed, 0 recycled; write=0.012 s, sync=0.002 s, total=0.016 s; sync files=301, longest=0.001 s, average=0.001 s; distance=4273 kB, estimate=4273 kB; lsn=0/191F0F8, redo lsn=0/191F0F8
siege-acceptance / siege-linux	UNKNOWN STEP	2026-10-04T11:34:19.7915301Z  2026-10-04 11:22:23.688 UTC [48] LOG:  database system is shut down
siege-acceptance / siege-linux	UNKNOWN STEP	2026-10-04T11:34:19.7915620Z   done
siege-acceptance / siege-linux	UNKNOWN STEP	2026-10-04T11:34:19.7915800Z  server stopped
siege-acceptance / siege-linux	UNKNOWN STEP	2026-10-04T11:34:19.7915984Z  
siege-acceptance / siege-linux	UNKNOWN STEP	2026-10-04T11:34:19.7916438Z  PostgreSQL init process complete; ready for start up.
siege-acceptance / siege-linux	UNKNOWN STEP	2026-10-04T11:34:19.7916756Z  
siege-acceptance / siege-linux	UNKNOWN STEP	2026-10-04T11:34:19.7917296Z  initdb: hint: You can change this by editing pg_hba.conf or using the option -A, or --auth-local and --auth-host, the next time you run initdb.
siege-acceptance / siege-linux	UNKNOWN STEP	2026-10-04T11:34:19.7918228Z  2026-10-04 11:22:23.783 UTC [1] LOG:  starting PostgreSQL 16.15 (Debian 16.15-1.pgdg13+2) on x86_64-pc-linux-gnu, compiled by gcc (Debian 14.2.0-19) 14.2.0, 64-bit
siege-acceptance / siege-linux	UNKNOWN STEP	2026-10-04T11:34:19.7918955Z  2026-10-04 11:22:23.783 UTC [1] LOG:  listening on IPv4 address "0.0.0.0", port 5432
siege-acceptance / siege-linux	UNKNOWN STEP	2026-10-04T11:34:19.7919424Z  2026-10-04 11:22:23.783 UTC [1] LOG:  listening on IPv6 address "::", port 5432
siege-acceptance / siege-linux	UNKNOWN STEP	2026-10-04T11:34:19.7919936Z  2026-10-04 11:22:23.784 UTC [1] LOG:  listening on Unix socket "/var/run/postgresql/.s.PGSQL.5432"
siege-acceptance / siege-linux	UNKNOWN STEP	2026-10-04T11:34:19.7920844Z  2026-10-04 11:22:23.787 UTC [64] LOG:  database system was shut down at 2026-10-04 11:22:23 UTC
siege-acceptance / siege-linux	UNKNOWN STEP	2026-10-04T11:34:19.7921371Z  2026-10-04 11:22:23.790 UTC [1] LOG:  database system is ready to accept connections
siege-acceptance / siege-linux	UNKNOWN STEP	2026-10-04T11:34:19.7921822Z  2026-10-04 11:22:27.907 UTC [75] FATAL:  role "root" does not exist
siege-acceptance / siege-linux	UNKNOWN STEP	2026-10-04T11:34:19.7922207Z  2026-10-04 11:22:32.967 UTC [83] FATAL:  role "root" does not exist
siege-acceptance / siege-linux	UNKNOWN STEP	2026-10-04T11:34:19.7922592Z  2026-10-04 11:22:38.026 UTC [91] FATAL:  role "root" does not exist
siege-acceptance / siege-linux	UNKNOWN STEP	2026-10-04T11:34:19.7922967Z  2026-10-04 11:22:43.092 UTC [99] FATAL:  role "root" does not exist
siege-acceptance / siege-linux	UNKNOWN STEP	2026-10-04T11:34:19.7923343Z  2026-10-04 11:22:48.153 UTC [107] FATAL:  role "root" does not exist
siege-acceptance / siege-linux	UNKNOWN STEP	2026-10-04T11:34:19.7923731Z  2026-10-04 11:22:53.216 UTC [115] FATAL:  role "root" does not exist
siege-acceptance / siege-linux	UNKNOWN STEP	2026-10-04T11:34:19.7924107Z  2026-10-04 11:22:58.283 UTC [124] FATAL:  role "root" does not exist
siege-acceptance / siege-linux	UNKNOWN STEP	2026-10-04T11:34:19.7924481Z  2026-10-04 11:23:03.348 UTC [132] FATAL:  role "root" does not exist
siege-acceptance / siege-linux	UNKNOWN STEP	2026-10-04T11:34:19.7924854Z  2026-10-04 11:23:08.422 UTC [140] FATAL:  role "root" does not exist
siege-acceptance / siege-linux	UNKNOWN STEP	2026-10-04T11:34:19.7925229Z  2026-10-04 11:23:13.498 UTC [148] FATAL:  role "root" does not exist
siege-acceptance / siege-linux	UNKNOWN STEP	2026-10-04T11:34:19.7925610Z  2026-10-04 11:23:18.576 UTC [155] FATAL:  role "root" does not exist
siege-acceptance / siege-linux	UNKNOWN STEP	2026-10-04T11:34:19.7925992Z  2026-10-04 11:23:23.653 UTC [163] FATAL:  role "root" does not exist
siege-acceptance / siege-linux	UNKNOWN STEP	2026-10-04T11:34:19.7926364Z  2026-10-04 11:23:28.731 UTC [172] FATAL:  role "root" does not exist
siege-acceptance / siege-linux	UNKNOWN STEP	2026-10-04T11:34:19.7926738Z  2026-10-04 11:23:33.823 UTC [180] FATAL:  role "root" does not exist
siege-acceptance / siege-linux	UNKNOWN STEP	2026-10-04T11:34:19.7927109Z  2026-10-04 11:23:38.913 UTC [188] FATAL:  role "root" does not exist
siege-acceptance / siege-linux	UNKNOWN STEP	2026-10-04T11:34:19.7927481Z  2026-10-04 11:23:44.000 UTC [195] FATAL:  role "root" does not exist
siege-acceptance / siege-linux	UNKNOWN STEP	2026-10-04T11:34:19.7927858Z  2026-10-04 11:23:49.094 UTC [203] FATAL:  role "root" does not exist
siege-acceptance / siege-linux	UNKNOWN STEP	2026-10-04T11:34:19.7928230Z  2026-10-04 11:23:54.162 UTC [212] FATAL:  role "root" does not exist
siege-acceptance / siege-linux	UNKNOWN STEP	2026-10-04T11:34:19.7928603Z  2026-10-04 11:23:59.224 UTC [220] FATAL:  role "root" does not exist
siege-acceptance / siege-linux	UNKNOWN STEP	2026-10-04T11:34:19.7928984Z  2026-10-04 11:24:04.292 UTC [228] FATAL:  role "root" does not exist
siege-acceptance / siege-linux	UNKNOWN STEP	2026-10-04T11:34:19.7929371Z  2026-10-04 11:24:09.361 UTC [236] FATAL:  role "root" does not exist
siege-acceptance / siege-linux	UNKNOWN STEP	2026-10-04T11:34:19.7929945Z  2026-10-04 11:24:14.434 UTC [244] FATAL:  role "root" does not exist
siege-acceptance / siege-linux	UNKNOWN STEP	2026-10-04T11:34:19.7930605Z  2026-10-04 11:24:19.498 UTC [252] FATAL:  role "root" does not exist
siege-acceptance / siege-linux	UNKNOWN STEP	2026-10-04T11:34:19.7930996Z  2026-10-04 11:24:24.575 UTC [261] FATAL:  role "root" does not exist
siege-acceptance / siege-linux	UNKNOWN STEP	2026-10-04T11:34:19.7931374Z  2026-10-04 11:24:29.667 UTC [269] FATAL:  role "root" does not exist
siege-acceptance / siege-linux	UNKNOWN STEP	2026-10-04T11:34:19.7931751Z  2026-10-04 11:24:34.762 UTC [277] FATAL:  role "root" does not exist
siege-acceptance / siege-linux	UNKNOWN STEP	2026-10-04T11:34:19.7932124Z  2026-10-04 11:24:39.829 UTC [285] FATAL:  role "root" does not exist
siege-acceptance / siege-linux	UNKNOWN STEP	2026-10-04T11:34:19.7932500Z  2026-10-04 11:24:44.916 UTC [292] FATAL:  role "root" does not exist
siege-acceptance / siege-linux	UNKNOWN STEP	2026-10-04T11:34:19.7932876Z  2026-10-04 11:24:50.005 UTC [300] FATAL:  role "root" does not exist
siege-acceptance / siege-linux	UNKNOWN STEP	2026-10-04T11:34:19.7933252Z  2026-10-04 11:24:55.074 UTC [309] FATAL:  role "root" does not exist
siege-acceptance / siege-linux	UNKNOWN STEP	2026-10-04T11:34:19.7933621Z  2026-10-04 11:25:00.145 UTC [317] FATAL:  role "root" does not exist
siege-acceptance / siege-linux	UNKNOWN STEP	2026-10-04T11:34:19.7934226Z  2026-10-04 11:25:05.227 UTC [326] FATAL:  role "root" does not exist
siege-acceptance / siege-linux	UNKNOWN STEP	2026-10-04T11:34:19.7934625Z  2026-10-04 11:25:10.306 UTC [335] FATAL:  role "root" does not exist
siege-acceptance / siege-linux	UNKNOWN STEP	2026-10-04T11:34:19.7934999Z  2026-10-04 11:25:15.373 UTC [343] FATAL:  role "root" does not exist
siege-acceptance / siege-linux	UNKNOWN STEP	2026-10-04T11:34:19.7935374Z  2026-10-04 11:25:20.441 UTC [351] FATAL:  role "root" does not exist
siege-acceptance / siege-linux	UNKNOWN STEP	2026-10-04T11:34:19.7935747Z  2026-10-04 11:25:25.506 UTC [360] FATAL:  role "root" does not exist
siege-acceptance / siege-linux	UNKNOWN STEP	2026-10-04T11:34:19.7936116Z  2026-10-04 11:25:30.576 UTC [368] FATAL:  role "root" does not exist
siege-acceptance / siege-linux	UNKNOWN STEP	2026-10-04T11:34:19.7936490Z  2026-10-04 11:25:35.651 UTC [376] FATAL:  role "root" does not exist
siege-acceptance / siege-linux	UNKNOWN STEP	2026-10-04T11:34:19.7936868Z  2026-10-04 11:25:40.728 UTC [384] FATAL:  role "root" does not exist
siege-acceptance / siege-linux	UNKNOWN STEP	2026-10-04T11:34:19.7937245Z  2026-10-04 11:25:45.806 UTC [392] FATAL:  role "root" does not exist
siege-acceptance / siege-linux	UNKNOWN STEP	2026-10-04T11:34:19.7937619Z  2026-10-04 11:25:50.899 UTC [400] FATAL:  role "root" does not exist
siege-acceptance / siege-linux	UNKNOWN STEP	2026-10-04T11:34:19.7937999Z  2026-10-04 11:25:55.986 UTC [409] FATAL:  role "root" does not exist
siege-acceptance / siege-linux	UNKNOWN STEP	2026-10-04T11:34:19.7938377Z  2026-10-04 11:26:01.058 UTC [417] FATAL:  role "root" does not exist
siege-acceptance / siege-linux	UNKNOWN STEP	2026-10-04T11:34:19.7938755Z  2026-10-04 11:26:06.126 UTC [425] FATAL:  role "root" does not exist
siege-acceptance / siege-linux	UNKNOWN STEP	2026-10-04T11:34:19.7939128Z  2026-10-04 11:26:11.208 UTC [433] FATAL:  role "root" does not exist
siege-acceptance / siege-linux	UNKNOWN STEP	2026-10-04T11:34:19.7939503Z  2026-10-04 11:26:16.277 UTC [451] FATAL:  role "root" does not exist
siege-acceptance / siege-linux	UNKNOWN STEP	2026-10-04T11:34:19.7939878Z  2026-10-04 11:26:21.346 UTC [459] FATAL:  role "root" does not exist
siege-acceptance / siege-linux	UNKNOWN STEP	2026-10-04T11:34:19.7940477Z  2026-10-04 11:26:26.415 UTC [468] FATAL:  role "root" does not exist
siege-acceptance / siege-linux	UNKNOWN STEP	2026-10-04T11:34:19.7940978Z  2026-10-04 11:26:31.479 UTC [476] FATAL:  role "root" does not exist
siege-acceptance / siege-linux	UNKNOWN STEP	2026-10-04T11:34:19.7941355Z  2026-10-04 11:26:36.550 UTC [484] FATAL:  role "root" does not exist
siege-acceptance / siege-linux	UNKNOWN STEP	2026-10-04T11:34:19.7941726Z  2026-10-04 11:26:41.643 UTC [492] FATAL:  role "root" does not exist
siege-acceptance / siege-linux	UNKNOWN STEP	2026-10-04T11:34:19.7942106Z  2026-10-04 11:26:46.736 UTC [500] FATAL:  role "root" does not exist
siege-acceptance / siege-linux	UNKNOWN STEP	2026-10-04T11:34:19.7942483Z  2026-10-04 11:26:51.810 UTC [508] FATAL:  role "root" does not exist
siege-acceptance / siege-linux	UNKNOWN STEP	2026-10-04T11:34:19.7942856Z  2026-10-04 11:26:56.892 UTC [516] FATAL:  role "root" does not exist
siege-acceptance / siege-linux	UNKNOWN STEP	2026-10-04T11:34:19.7943230Z  2026-10-04 11:27:01.967 UTC [524] FATAL:  role "root" does not exist
siege-acceptance / siege-linux	UNKNOWN STEP	2026-10-04T11:34:19.7943605Z  2026-10-04 11:27:07.061 UTC [532] FATAL:  role "root" does not exist
siege-acceptance / siege-linux	UNKNOWN STEP	2026-10-04T11:34:19.7943978Z  2026-10-04 11:27:12.151 UTC [540] FATAL:  role "root" does not exist
siege-acceptance / siege-linux	UNKNOWN STEP	2026-10-04T11:34:19.7944349Z  2026-10-04 11:27:17.242 UTC [548] FATAL:  role "root" does not exist
siege-acceptance / siege-linux	UNKNOWN STEP	2026-10-04T11:34:19.7944726Z  2026-10-04 11:27:22.333 UTC [556] FATAL:  role "root" does not exist
siege-acceptance / siege-linux	UNKNOWN STEP	2026-10-04T11:34:19.7945106Z  2026-10-04 11:27:23.886 UTC [62] LOG:  checkpoint starting: time
siege-acceptance / siege-linux	UNKNOWN STEP	2026-10-04T11:34:19.7945491Z  2026-10-04 11:27:27.418 UTC [565] FATAL:  role "root" does not exist
siege-acceptance / siege-linux	UNKNOWN STEP	2026-10-04T11:34:19.7945866Z  2026-10-04 11:27:32.495 UTC [572] FATAL:  role "root" does not exist
siege-acceptance / siege-linux	UNKNOWN STEP	2026-10-04T11:34:19.7946245Z  2026-10-04 11:27:37.581 UTC [580] FATAL:  role "root" does not exist
siege-acceptance / siege-linux	UNKNOWN STEP	2026-10-04T11:34:19.7946765Z  2026-10-04 11:27:42.644 UTC [588] FATAL:  role "root" does not exist
siege-acceptance / siege-linux	UNKNOWN STEP	2026-10-04T11:34:19.7947802Z  2026-10-04 11:27:47.558 UTC [62] LOG:  checkpoint complete: wrote 239 buffers (1.5%); 1 WAL file(s) added, 0 removed, 0 recycled; write=23.648 s, sync=0.005 s, total=23.672 s; sync files=548, longest=0.002 s, average=0.001 s; distance=3976 kB, estimate=3976 kB; lsn=0/1D11188, redo lsn=0/1D01290
siege-acceptance / siege-linux	UNKNOWN STEP	2026-10-04T11:34:19.7948837Z  2026-10-04 11:27:47.705 UTC [597] FATAL:  role "root" does not exist
siege-acceptance / siege-linux	UNKNOWN STEP	2026-10-04T11:34:19.7949216Z  2026-10-04 11:27:52.776 UTC [605] FATAL:  role "root" does not exist
siege-acceptance / siege-linux	UNKNOWN STEP	2026-10-04T11:34:19.7949590Z  2026-10-04 11:27:57.857 UTC [613] FATAL:  role "root" does not exist
siege-acceptance / siege-linux	UNKNOWN STEP	2026-10-04T11:34:19.7949965Z  2026-10-04 11:28:02.953 UTC [620] FATAL:  role "root" does not exist
siege-acceptance / siege-linux	UNKNOWN STEP	2026-10-04T11:34:19.7950858Z  2026-10-04 11:28:08.032 UTC [629] FATAL:  role "root" does not exist
siege-acceptance / siege-linux	UNKNOWN STEP	2026-10-04T11:34:19.7951396Z  2026-10-04 11:28:13.126 UTC [637] FATAL:  role "root" does not exist
siege-acceptance / siege-linux	UNKNOWN STEP	2026-10-04T11:34:19.7951792Z  2026-10-04 11:28:18.208 UTC [645] FATAL:  role "root" does not exist
siege-acceptance / siege-linux	UNKNOWN STEP	2026-10-04T11:34:19.7952165Z  2026-10-04 11:28:23.279 UTC [653] FATAL:  role "root" does not exist
siege-acceptance / siege-linux	UNKNOWN STEP	2026-10-04T11:34:19.7952543Z  2026-10-04 11:28:28.372 UTC [662] FATAL:  role "root" does not exist
siege-acceptance / siege-linux	UNKNOWN STEP	2026-10-04T11:34:19.7952916Z  2026-10-04 11:28:33.456 UTC [670] FATAL:  role "root" does not exist
siege-acceptance / siege-linux	UNKNOWN STEP	2026-10-04T11:34:19.7953293Z  2026-10-04 11:28:38.551 UTC [678] FATAL:  role "root" does not exist
siege-acceptance / siege-linux	UNKNOWN STEP	2026-10-04T11:34:19.7953663Z  2026-10-04 11:28:43.644 UTC [686] FATAL:  role "root" does not exist
siege-acceptance / siege-linux	UNKNOWN STEP	2026-10-04T11:34:19.7954040Z  2026-10-04 11:28:48.733 UTC [694] FATAL:  role "root" does not exist
siege-acceptance / siege-linux	UNKNOWN STEP	2026-10-04T11:34:19.7954417Z  2026-10-04 11:28:53.831 UTC [702] FATAL:  role "root" does not exist
siege-acceptance / siege-linux	UNKNOWN STEP	2026-10-04T11:34:19.7954790Z  2026-10-04 11:28:58.920 UTC [711] FATAL:  role "root" does not exist
siege-acceptance / siege-linux	UNKNOWN STEP	2026-10-04T11:34:19.7955168Z  2026-10-04 11:29:04.015 UTC [720] FATAL:  role "root" does not exist
siege-acceptance / siege-linux	UNKNOWN STEP	2026-10-04T11:34:19.7955549Z  2026-10-04 11:29:09.101 UTC [728] FATAL:  role "root" does not exist
siege-acceptance / siege-linux	UNKNOWN STEP	2026-10-04T11:34:19.7955922Z  2026-10-04 11:29:14.186 UTC [736] FATAL:  role "root" does not exist
siege-acceptance / siege-linux	UNKNOWN STEP	2026-10-04T11:34:19.7956294Z  2026-10-04 11:29:19.276 UTC [743] FATAL:  role "root" does not exist
siege-acceptance / siege-linux	UNKNOWN STEP	2026-10-04T11:34:19.7956668Z  2026-10-04 11:29:24.370 UTC [752] FATAL:  role "root" does not exist
siege-acceptance / siege-linux	UNKNOWN STEP	2026-10-04T11:34:19.7957045Z  2026-10-04 11:29:29.459 UTC [760] FATAL:  role "root" does not exist
siege-acceptance / siege-linux	UNKNOWN STEP	2026-10-04T11:34:19.7957420Z  2026-10-04 11:29:34.549 UTC [768] FATAL:  role "root" does not exist
siege-acceptance / siege-linux	UNKNOWN STEP	2026-10-04T11:34:19.7957792Z  2026-10-04 11:29:39.638 UTC [776] FATAL:  role "root" does not exist
siege-acceptance / siege-linux	UNKNOWN STEP	2026-10-04T11:34:19.7958166Z  2026-10-04 11:29:44.739 UTC [784] FATAL:  role "root" does not exist
siege-acceptance / siege-linux	UNKNOWN STEP	2026-10-04T11:34:19.7958540Z  2026-10-04 11:29:49.823 UTC [792] FATAL:  role "root" does not exist
siege-acceptance / siege-linux	UNKNOWN STEP	2026-10-04T11:34:19.7958917Z  2026-10-04 11:29:54.915 UTC [800] FATAL:  role "root" does not exist
siege-acceptance / siege-linux	UNKNOWN STEP	2026-10-04T11:34:19.7959295Z  2026-10-04 11:30:00.001 UTC [808] FATAL:  role "root" does not exist
siege-acceptance / siege-linux	UNKNOWN STEP	2026-10-04T11:34:19.7959675Z  2026-10-04 11:30:05.089 UTC [817] FATAL:  role "root" does not exist
siege-acceptance / siege-linux	UNKNOWN STEP	2026-10-04T11:34:19.7960050Z  2026-10-04 11:30:10.174 UTC [825] FATAL:  role "root" does not exist
siege-acceptance / siege-linux	UNKNOWN STEP	2026-10-04T11:34:19.7960830Z  2026-10-04 11:30:15.254 UTC [833] FATAL:  role "root" does not exist
siege-acceptance / siege-linux	UNKNOWN STEP	2026-10-04T11:34:19.7961227Z  2026-10-04 11:30:20.335 UTC [841] FATAL:  role "root" does not exist
siege-acceptance / siege-linux	UNKNOWN STEP	2026-10-04T11:34:19.7961605Z  2026-10-04 11:30:25.419 UTC [850] FATAL:  role "root" does not exist
siege-acceptance / siege-linux	UNKNOWN STEP	2026-10-04T11:34:19.7961992Z  2026-10-04 11:30:30.497 UTC [857] FATAL:  role "root" does not exist
siege-acceptance / siege-linux	UNKNOWN STEP	2026-10-04T11:34:19.7962367Z  2026-10-04 11:30:35.575 UTC [864] FATAL:  role "root" does not exist
siege-acceptance / siege-linux	UNKNOWN STEP	2026-10-04T11:34:19.7962742Z  2026-10-04 11:30:40.653 UTC [872] FATAL:  role "root" does not exist
siege-acceptance / siege-linux	UNKNOWN STEP	2026-10-04T11:34:19.7963116Z  2026-10-04 11:30:45.731 UTC [881] FATAL:  role "root" does not exist
siege-acceptance / siege-linux	UNKNOWN STEP	2026-10-04T11:34:19.7963500Z  2026-10-04 11:30:50.802 UTC [889] FATAL:  role "root" does not exist
siege-acceptance / siege-linux	UNKNOWN STEP	2026-10-04T11:34:19.7964027Z  2026-10-04 11:30:55.889 UTC [896] FATAL:  role "root" does not exist
siege-acceptance / siege-linux	UNKNOWN STEP	2026-10-04T11:34:19.7964409Z  2026-10-04 11:31:00.971 UTC [905] FATAL:  role "root" does not exist
siege-acceptance / siege-linux	UNKNOWN STEP	2026-10-04T11:34:19.7964784Z  2026-10-04 11:31:06.057 UTC [913] FATAL:  role "root" does not exist
siege-acceptance / siege-linux	UNKNOWN STEP	2026-10-04T11:34:19.7965157Z  2026-10-04 11:31:11.143 UTC [920] FATAL:  role "root" does not exist
siege-acceptance / siege-linux	UNKNOWN STEP	2026-10-04T11:34:19.7965539Z  2026-10-04 11:31:16.222 UTC [928] FATAL:  role "root" does not exist
siege-acceptance / siege-linux	UNKNOWN STEP	2026-10-04T11:34:19.7965912Z  2026-10-04 11:31:21.313 UTC [936] FATAL:  role "root" does not exist
siege-acceptance / siege-linux	UNKNOWN STEP	2026-10-04T11:34:19.7966294Z  2026-10-04 11:31:26.443 UTC [945] FATAL:  role "root" does not exist
siege-acceptance / siege-linux	UNKNOWN STEP	2026-10-04T11:34:19.7966668Z  2026-10-04 11:31:31.527 UTC [952] FATAL:  role "root" does not exist
siege-acceptance / siege-linux	UNKNOWN STEP	2026-10-04T11:34:19.7967040Z  2026-10-04 11:31:36.612 UTC [960] FATAL:  role "root" does not exist
siege-acceptance / siege-linux	UNKNOWN STEP	2026-10-04T11:34:19.7967531Z  2026-10-04 11:31:41.696 UTC [968] FATAL:  role "root" does not exist
siege-acceptance / siege-linux	UNKNOWN STEP	2026-10-04T11:34:19.7967922Z  2026-10-04 11:31:46.782 UTC [977] FATAL:  role "root" does not exist
siege-acceptance / siege-linux	UNKNOWN STEP	2026-10-04T11:34:19.7968304Z  2026-10-04 11:31:51.873 UTC [985] FATAL:  role "root" does not exist
siege-acceptance / siege-linux	UNKNOWN STEP	2026-10-04T11:34:19.7968682Z  2026-10-04 11:31:56.944 UTC [993] FATAL:  role "root" does not exist
siege-acceptance / siege-linux	UNKNOWN STEP	2026-10-04T11:34:19.7969064Z  2026-10-04 11:32:02.032 UTC [1001] FATAL:  role "root" does not exist
siege-acceptance / siege-linux	UNKNOWN STEP	2026-10-04T11:34:19.7969451Z  2026-10-04 11:32:07.126 UTC [1010] FATAL:  role "root" does not exist
siege-acceptance / siege-linux	UNKNOWN STEP	2026-10-04T11:34:19.7969838Z  2026-10-04 11:32:12.224 UTC [1018] FATAL:  role "root" does not exist
siege-acceptance / siege-linux	UNKNOWN STEP	2026-10-04T11:34:19.7970458Z  2026-10-04 11:32:17.310 UTC [1026] FATAL:  role "root" does not exist
siege-acceptance / siege-linux	UNKNOWN STEP	2026-10-04T11:34:19.7970865Z  2026-10-04 11:32:22.398 UTC [1034] FATAL:  role "root" does not exist
siege-acceptance / siege-linux	UNKNOWN STEP	2026-10-04T11:34:19.7971247Z  2026-10-04 11:32:27.490 UTC [1043] FATAL:  role "root" does not exist
siege-acceptance / siege-linux	UNKNOWN STEP	2026-10-04T11:34:19.8009849Z  2026-10-04 11:32:32.570 UTC [1051] FATAL:  role "root" does not exist
siege-acceptance / siege-linux	UNKNOWN STEP	2026-10-04T11:34:19.8010676Z  2026-10-04 11:32:37.651 UTC [1059] FATAL:  role "root" does not exist
siege-acceptance / siege-linux	UNKNOWN STEP	2026-10-04T11:34:19.8011151Z  2026-10-04 11:32:42.732 UTC [1067] FATAL:  role "root" does not exist
siege-acceptance / siege-linux	UNKNOWN STEP	2026-10-04T11:34:19.8011579Z  2026-10-04 11:32:47.819 UTC [1075] FATAL:  role "root" does not exist
siege-acceptance / siege-linux	UNKNOWN STEP	2026-10-04T11:34:19.8011959Z  2026-10-04 11:32:52.900 UTC [1083] FATAL:  role "root" does not exist
siege-acceptance / siege-linux	UNKNOWN STEP	2026-10-04T11:34:19.8012331Z  2026-10-04 11:32:57.987 UTC [1091] FATAL:  role "root" does not exist
siege-acceptance / siege-linux	UNKNOWN STEP	2026-10-04T11:34:19.8012715Z  2026-10-04 11:33:03.067 UTC [1099] FATAL:  role "root" does not exist
siege-acceptance / siege-linux	UNKNOWN STEP	2026-10-04T11:34:19.8013092Z  2026-10-04 11:33:08.162 UTC [1108] FATAL:  role "root" does not exist
siege-acceptance / siege-linux	UNKNOWN STEP	2026-10-04T11:34:19.8013462Z  2026-10-04 11:33:13.243 UTC [1116] FATAL:  role "root" does not exist
siege-acceptance / siege-linux	UNKNOWN STEP	2026-10-04T11:34:19.8013838Z  2026-10-04 11:33:18.322 UTC [1124] FATAL:  role "root" does not exist
siege-acceptance / siege-linux	UNKNOWN STEP	2026-10-04T11:34:19.8014205Z  2026-10-04 11:33:23.407 UTC [1132] FATAL:  role "root" does not exist
siege-acceptance / siege-linux	UNKNOWN STEP	2026-10-04T11:34:19.8014579Z  2026-10-04 11:33:28.493 UTC [1141] FATAL:  role "root" does not exist
siege-acceptance / siege-linux	UNKNOWN STEP	2026-10-04T11:34:19.8014951Z  2026-10-04 11:33:33.579 UTC [1150] FATAL:  role "root" does not exist
siege-acceptance / siege-linux	UNKNOWN STEP	2026-10-04T11:34:19.8015318Z  2026-10-04 11:33:38.657 UTC [1158] FATAL:  role "root" does not exist
siege-acceptance / siege-linux	UNKNOWN STEP	2026-10-04T11:34:19.8015690Z  2026-10-04 11:33:43.741 UTC [1166] FATAL:  role "root" does not exist
siege-acceptance / siege-linux	UNKNOWN STEP	2026-10-04T11:34:19.8016061Z  2026-10-04 11:33:48.820 UTC [1175] FATAL:  role "root" does not exist
siege-acceptance / siege-linux	UNKNOWN STEP	2026-10-04T11:34:19.8016433Z  2026-10-04 11:33:53.906 UTC [1183] FATAL:  role "root" does not exist
siege-acceptance / siege-linux	UNKNOWN STEP	2026-10-04T11:34:19.8016808Z  2026-10-04 11:33:59.004 UTC [1191] FATAL:  role "root" does not exist
siege-acceptance / siege-linux	UNKNOWN STEP	2026-10-04T11:34:19.8017178Z  2026-10-04 11:34:04.087 UTC [1199] FATAL:  role "root" does not exist
siege-acceptance / siege-linux	UNKNOWN STEP	2026-10-04T11:34:19.8017544Z  2026-10-04 11:34:09.167 UTC [1206] FATAL:  role "root" does not exist
siege-acceptance / siege-linux	UNKNOWN STEP	2026-10-04T11:34:19.8017915Z  2026-10-04 11:34:14.247 UTC [1213] FATAL:  role "root" does not exist
siege-acceptance / siege-linux	UNKNOWN STEP	2026-10-04T11:34:19.8018287Z  2026-10-04 11:34:19.311 UTC [1221] FATAL:  role "root" does not exist
siege-acceptance / siege-linux	UNKNOWN STEP	2026-10-04T11:34:19.8024758Z Stop and remove container: b5bbad7f1aa348b1b0bdcd5478ab7e71_postgres16_72863e
siege-acceptance / siege-linux	UNKNOWN STEP	2026-10-04T11:34:19.8031142Z ##[command]/usr/bin/docker rm --force 5c728342533d2500eb29f87cfe23b123d71dcc0ef147db0644f77e77474cf8f0
siege-acceptance / siege-linux	UNKNOWN STEP	2026-10-04T11:34:21.4515016Z 5c728342533d2500eb29f87cfe23b123d71dcc0ef147db0644f77e77474cf8f0
siege-acceptance / siege-linux	UNKNOWN STEP	2026-10-04T11:34:21.4546453Z Remove container network: github_network_8ca07e6944e742088cacddd3254132eb
siege-acceptance / siege-linux	UNKNOWN STEP	2026-10-04T11:34:21.4551551Z ##[command]/usr/bin/docker network rm github_network_8ca07e6944e742088cacddd3254132eb
siege-acceptance / siege-linux	UNKNOWN STEP	2026-10-04T11:34:21.5829738Z github_network_8ca07e6944e742088cacddd3254132eb
siege-acceptance / siege-linux	UNKNOWN STEP	2026-10-04T11:34:21.5906229Z Cleaning up orphan processes
