--------- beginning of main
10-01 14:38:41.273  3589  3589 I .web3.uiprevie: Late-enabling -Xcheck:jni
10-01 14:38:43.675  3589  3589 D CompatibilityChangeReporter: Compat change id reported: 171979766; UID 10146; state: ENABLED
10-01 14:38:45.588  3589  3589 V GraphicsEnvironment: ANGLE Developer option for 'com.mir2.web3.uipreview' set to: 'default'
10-01 14:38:45.588  3589  3589 V GraphicsEnvironment: Neither updatable production driver nor prerelease driver is supported.
10-01 14:38:45.637  3589  3589 D NetworkSecurityConfig: No Network Security Config specified, using platform default
10-01 14:38:45.645  3589  3589 D NetworkSecurityConfig: No Network Security Config specified, using platform default
10-01 14:38:45.989  3589  3589 W .web3.uiprevie: Verification of boolean androidx.emoji2.text.DefaultGlyphChecker.hasGlyph(java.lang.CharSequence, int, int, int) took 253.471ms (126.25 bytecodes/s) (2120B approximate peak alloc)
10-01 14:38:46.789  3589  3589 W .web3.uiprevie: Verification of void com.google.androidgamesdk.GameActivity.onCreate(android.os.Bundle) took 208.323ms (2020.90 bytecodes/s) (11792B approximate peak alloc)
10-01 14:38:46.817  3589  3613 D libEGL  : loaded /vendor/lib64/egl/libEGL_emulation.so
10-01 14:38:46.849  3589  3613 D libEGL  : loaded /vendor/lib64/egl/libGLESv1_CM_emulation.so
10-01 14:38:46.910  3589  3589 W .web3.uiprevie: Verification of void com.google.androidgamesdk.GameActivity.setTextInputState(com.google.androidgamesdk.gametextinput.State) took 102.417ms (263.63 bytecodes/s) (2136B approximate peak alloc)
10-01 14:38:46.946  3589  3613 D libEGL  : loaded /vendor/lib64/egl/libGLESv2_emulation.so
10-01 14:38:47.047  3589  3589 W .web3.uiprevie: Verification of void com.mir2.web3.MainActivity.onCreate(android.os.Bundle) took 132.769ms (1453.64 bytecodes/s) (7144B approximate peak alloc)
10-01 14:38:48.883  3589  3589 W .web3.uiprevie: Verification of void androidx.appcompat.app.AppCompatDelegateImpl.updateBackInvokedCallbackState() took 187.363ms (224.16 bytecodes/s) (2128B approximate peak alloc)
10-01 14:38:48.945  3589  3589 D AppCompatDelegate: Checking for metadata for AppLocalesMetadataHolderService : Service not found
10-01 14:38:49.016  3589  3599 W .web3.uiprevie: Suspending all threads took: 8.746ms
10-01 14:38:49.118  3589  3599 W .web3.uiprevie: Suspending all threads took: 11.218ms
10-01 14:38:49.227  3589  3589 D gti.InputConnection: InputConnection created
10-01 14:38:49.258  3589  3589 D gti.InputConnection: setEditorInfo
10-01 14:38:49.280  3589  3589 W .web3.uiprevie: Accessing hidden method Landroid/view/ViewGroup;->makeOptionalFitsSystemWindows()V (unsupported, reflection, allowed)
10-01 14:38:49.287  3589  3589 I GameActivity: Looking for library libmir2_platform_android.so
10-01 14:38:49.287  3589  3589 I GameActivity: Found library libmir2_platform_android.so. Loading...
10-01 14:38:49.305  3589  3589 D GameActivity: GameActivity_register
10-01 14:38:49.307  3589  3589 V GameActivity: Registering com/google/androidgamesdk/GameActivity's 24 native methods...
10-01 14:38:49.307  3589  3589 D GameActivity: SDK version: 31
10-01 14:38:49.311  3589  3589 I android-activity: Creating: Activity = 0x1696, saved state size = 0
10-01 14:38:49.337  3589  3589 V threaded_app: Creating: 0xb400007380ce41d0
10-01 14:38:49.337  3589  3589 V threaded_app: Callbacks set: 0xb400007380ce4220
10-01 14:38:49.337  3589  3589 V threaded_app: Launching android_app_entry in a thread
10-01 14:38:49.337  3589  3615 V threaded_app: android_app_entry called
10-01 14:38:49.337  3589  3615 V threaded_app: android_app = 0xb400007360cf6390
10-01 14:38:49.337  3589  3615 V threaded_app: config = 0xb4000072d0cf8ec0
10-01 14:38:49.337  3589  3615 V threaded_app: activity = 0xb400007380ce41d0
10-01 14:38:49.337  3589  3615 V threaded_app: assetmanager = 0xb400007380ce5490
10-01 14:38:49.337  3589  3615 V threaded_app: Config: mcc=310 mnc=260 lang=en cnt=US orien=2 touch=3 dens=440 keys=2 nav=2 keysHid=1 navHid=0 sdk=31 size=2 long=2 modetype=1 modenight=1
10-01 14:38:49.566  3589  3615 D HostConnection: createUnique: call
10-01 14:38:49.580  3589  3615 D HostConnection: HostConnection::get() New Host Connection established 0xb400007320cdc910, tid 3615
10-01 14:38:49.607  3589  3615 D HostConnection: HostComposition ext ANDROID_EMU_CHECKSUM_HELPER_v1 ANDROID_EMU_native_sync_v2 ANDROID_EMU_native_sync_v3 ANDROID_EMU_native_sync_v4 ANDROID_EMU_dma_v1 ANDROID_EMU_direct_mem ANDROID_EMU_host_composition_v1 ANDROID_EMU_host_composition_v2 ANDROID_EMU_vulkan ANDROID_EMU_deferred_vulkan_commands ANDROID_EMU_vulkan_null_optional_strings ANDROID_EMU_vulkan_create_resources_with_requirements ANDROID_EMU_YUV_Cache ANDROID_EMU_vulkan_ignored_handles ANDROID_EMU_has_shared_slots_host_memory_allocator ANDROID_EMU_vulkan_free_memory_sync ANDROID_EMU_vulkan_shader_float16_int8 ANDROID_EMU_vulkan_async_queue_submit ANDROID_EMU_vulkan_queue_submit_with_commands ANDROID_EMU_sync_buffer_data ANDROID_EMU_vulkan_async_qsri ANDROID_EMU_read_color_buffer_dma ANDROID_EMU_hwc_color_transform GL_OES_EGL_image_external_essl3 GL_OES_vertex_array_object ANDROID_EMU_host_side_tracing ANDROID_EMU_gles_max_version_3_0 
10-01 14:38:49.681  3589  3615 D EGL_emulation: eglCreateContext: 0xb400007320cdb050: maj 3 min 0 rcv 3
10-01 14:38:49.692  3589  3615 D EGL_emulation: eglMakeCurrent: 0xb400007320cdb050: ver 3 0 (tinfo 0x75390ff080) (first time)
10-01 14:38:50.277  3589  3614 I RustStdoutStderr: [2m2026-10-01T06:38:50.277508Z[0m [32m INFO[0m [2mbevy_render::renderer[0m[2m:[0m AdapterInfo { name: "Android Emulator OpenGL ES Translator (Apple M1 Max)", vendor: 4203, device: 0, device_type: IntegratedGpu, device_pci_bus_id: "", driver: "", driver_info: "OpenGL ES 3.0 (4.1 Metal - 89.4)", backend: Gl, subgroup_min_size: 4, subgroup_max_size: 128, transient_saves_memory: false }
10-01 14:38:50.277  3589  3615 I event /Users/henryliu/obelisk/numeron-worktrees/android-shared-sync/mir2-web3/third_party/bevyAdapterInfo { name: "Android Emulator OpenGL ES Translator (Apple M1 Max)", vendor: 4203, device: 0, device_type: IntegratedGpu, device_pci_bus_id: "", driver: "", driver_info: "OpenGL ES 3.0 (4.1 Metal - 89.4)", backend: Gl, subgroup_min_size: 4, subgroup_max_size: 128, transient_saves_memory: false }
10-01 14:38:50.341  3589  3589 V GameActivity: onStart_native
10-01 14:38:50.346  3589  3589 V threaded_app: Start: 0xb400007380ce41d0
10-01 14:38:50.977  3589  3615 I event /Users/henryliu/obelisk/numeron-worktrees/android-shared-sync/mir2-web3/third_party/bevySparse buffer updates disabled. RenderDevice lacks support: max_storage_buffers_per_shader_stage (0) < 3.
10-01 14:38:50.978  3589  3615 W event /Users/henryliu/.cargo/registry/src/index.crates.io-1949cf8c6b5b557f/bevy_core_pipeline-OrderIndependentTransparencyPlugin not loaded. GPU lacks support: DownlevelFlags::FRAGMENT_WRITABLE_STORAGE.
10-01 14:38:50.978  3589  3615 W event /Users/henryliu/.cargo/registry/src/index.crates.io-1949cf8c6b5b557f/bevy_core_pipeline-BackgroundMotionVectorsPlugin not loaded. GPU lacks support for required downlevel capability flags: DownlevelFlags(INDEPENDENT_BLEND).
10-01 14:38:50.979  3589  3614 I RustStdoutStderr: [2m2026-10-01T06:38:50.977785Z[0m [32m INFO[0m [2mbevy_render::render_resource::sparse_buffer_vec[0m[2m:[0m Sparse buffer updates disabled. RenderDevice lacks support: max_storage_buffers_per_shader_stage (0) < 3.
10-01 14:38:50.979  3589  3614 I RustStdoutStderr: [2m2026-10-01T06:38:50.978138Z[0m [33m WARN[0m [2mbevy_core_pipeline::oit::resolve[0m[2m:[0m OrderIndependentTransparencyPlugin not loaded. GPU lacks support: DownlevelFlags::FRAGMENT_WRITABLE_STORAGE.
10-01 14:38:50.979  3589  3614 I RustStdoutStderr: [2m2026-10-01T06:38:50.978247Z[0m [33m WARN[0m [2mbevy_core_pipeline::prepass::background_motion_vectors[0m[2m:[0m BackgroundMotionVectorsPlugin not loaded. GPU lacks support for required downlevel capability flags: DownlevelFlags(INDEPENDENT_BLEND).
10-01 14:38:52.353  3589  3589 E threaded_app: android_app_set_activity_state timed out waiting for cmd 11
10-01 14:38:52.447  3589  3589 V threaded_app: Resume: 0xb400007380ce41d0
10-01 14:38:52.459  3589  3615 I event /Users/henryliu/obelisk/numeron-worktrees/android-shared-sync/mir2-web3/third_party/bevyGPU preprocessing is not supported on this device. Falling back to CPU preprocessing.
10-01 14:38:52.466  3589  3614 I RustStdoutStderr: [2m2026-10-01T06:38:52.459203Z[0m [32m INFO[0m [2mbevy_render::batching::gpu_preprocessing[0m[2m:[0m GPU preprocessing is not supported on this device. Falling back to CPU preprocessing.
10-01 14:38:53.954  3589  3615 V threaded_app: activityState=11
10-01 14:38:53.954  3589  3614 I RustStdoutStderr: [2m2026-10-01T06:38:53.954439Z[0m [33m WARN[0m [2mwinit::platform_impl::android[0m[2m:[0m TODO: forward onStart notification to application
10-01 14:38:53.954  3589  3615 W event /Users/henryliu/.cargo/registry/src/index.crates.io-1949cf8c6b5b557f/winit-0.30.13/src/pTODO: forward onStart notification to application
10-01 14:38:53.954  3589  3615 V threaded_app: activityState=12
10-01 14:38:54.070  3589  3589 I Choreographer: Skipped 465 frames!  The application may be doing too much work on its main thread.
10-01 14:38:54.358  3589  3589 V GameActivity: onImeInsetsChanged from Text Listener
10-01 14:38:54.445  3589  3599 I .web3.uiprevie: NativeAlloc concurrent copying GC freed 3036(351KB) AllocSpace objects, 0(0B) LOS objects, 49% free, 2578KB/5157KB, paused 26us,15us total 277.361ms
10-01 14:38:54.467  3589  3589 V threaded_app: WindowInsetsChanged: 0xb400007380ce41d0
10-01 14:38:54.471  3589  3615 W event /Users/henryliu/.cargo/registry/src/index.crates.io-1949cf8c6b5b557f/winit-0.30.13/src/pTODO: handle Android InsetsChanged notification
10-01 14:38:54.471  3589  3614 I RustStdoutStderr: [2m2026-10-01T06:38:54.471478Z[0m [33m WARN[0m [2mwinit::platform_impl::android[0m[2m:[0m TODO: handle Android InsetsChanged notification
10-01 14:38:54.772  3589  3589 V GameActivity: onImeInsetsChanged from Text Listener
10-01 14:38:54.772  3589  3589 V threaded_app: WindowInsetsChanged: 0xb400007380ce41d0
10-01 14:38:54.773  3589  3611 D HostConnection: createUnique: call
10-01 14:38:54.774  3589  3611 D HostConnection: HostConnection::get() New Host Connection established 0xb400007320cf3950, tid 3611
10-01 14:38:54.974  3589  3611 D HostConnection: HostComposition ext ANDROID_EMU_CHECKSUM_HELPER_v1 ANDROID_EMU_native_sync_v2 ANDROID_EMU_native_sync_v3 ANDROID_EMU_native_sync_v4 ANDROID_EMU_dma_v1 ANDROID_EMU_direct_mem ANDROID_EMU_host_composition_v1 ANDROID_EMU_host_composition_v2 ANDROID_EMU_vulkan ANDROID_EMU_deferred_vulkan_commands ANDROID_EMU_vulkan_null_optional_strings ANDROID_EMU_vulkan_create_resources_with_requirements ANDROID_EMU_YUV_Cache ANDROID_EMU_vulkan_ignored_handles ANDROID_EMU_has_shared_slots_host_memory_allocator ANDROID_EMU_vulkan_free_memory_sync ANDROID_EMU_vulkan_shader_float16_int8 ANDROID_EMU_vulkan_async_queue_submit ANDROID_EMU_vulkan_queue_submit_with_commands ANDROID_EMU_sync_buffer_data ANDROID_EMU_vulkan_async_qsri ANDROID_EMU_read_color_buffer_dma ANDROID_EMU_hwc_color_transform GL_OES_EGL_image_external_essl3 GL_OES_vertex_array_object ANDROID_EMU_host_side_tracing ANDROID_EMU_gles_max_version_3_0 
10-01 14:38:54.983  3589  3611 W OpenGLRenderer: Failed to choose config with EGL_SWAP_BEHAVIOR_PRESERVED, retrying without...
10-01 14:38:54.992  3589  3615 W event /Users/henryliu/.cargo/registry/src/index.crates.io-1949cf8c6b5b557f/winit-0.30.13/src/pTODO: handle Android InsetsChanged notification
10-01 14:38:55.002  3589  3614 I RustStdoutStderr: [2m2026-10-01T06:38:54.992462Z[0m [33m WARN[0m [2mwinit::platform_impl::android[0m[2m:[0m TODO: handle Android InsetsChanged notification
10-01 14:38:55.004  3589  3611 W OpenGLRenderer: Failed to initialize 101010-2 format, error = EGL_SUCCESS
10-01 14:38:55.006  3589  3611 D EGL_emulation: eglCreateContext: 0xb400007320cf37d0: maj 3 min 0 rcv 3
10-01 14:38:55.028  3589  3611 D EGL_emulation: eglMakeCurrent: 0xb400007320cf37d0: ver 3 0 (tinfo 0x75390ff100) (first time)
10-01 14:38:55.077  3589  3589 V threaded_app: ContentRectChanged: 0xb400007380ce41d0 -- (0 0) (2340 1080)
10-01 14:38:55.280  3589  3614 I RustStdoutStderr: [2m2026-10-01T06:38:55.280067Z[0m [33m WARN[0m [2mwinit::platform_impl::android[0m[2m:[0m TODO: find a way to notify application of content rect change
10-01 14:38:55.280  3589  3615 W event /Users/henryliu/.cargo/registry/src/index.crates.io-1949cf8c6b5b557f/winit-0.30.13/src/pTODO: find a way to notify application of content rect change
10-01 14:38:55.659  3589  3589 V GameActivity: onSurfaceCreated_native
10-01 14:38:55.660  3589  3589 V threaded_app: NativeWindowCreated: 0xb400007380ce41d0 -- 0xb400007410e94d20
10-01 14:38:55.660  3589  3589 V threaded_app: android_app_set_window called
10-01 14:38:55.679  3589  3615 V threaded_app: APP_CMD_INIT_WINDOW
10-01 14:38:55.680  3589  3614 I RustStdoutStderr: [2m2026-10-01T06:38:55.680040Z[0m [32m INFO[0m [2mbevy_winit::system[0m[2m:[0m Creating new window mir2-web3 (android) (105v0)
10-01 14:38:55.680  3589  3615 I event /Users/henryliu/.cargo/registry/src/index.crates.io-1949cf8c6b5b557f/bevy_winit-0.19.0/sCreating new window mir2-web3 (android) (105v0)
10-01 14:38:55.763  3589  3589 V threaded_app: NativeWindowResized: 0xb400007380ce41d0 -- 0xb400007410e94d20 ( 2340 x 1080 )
10-01 14:38:55.763  3589  3589 V threaded_app: NativeWindowRedrawNeeded: 0xb400007380ce41d0 -- 0xb400007410e94d20
10-01 14:38:55.941  3589  3611 I Gralloc4: mapper 4.x is not supported
10-01 14:38:55.943  3589  3611 D HostConnection: createUnique: call
10-01 14:38:55.950  3589  3611 D HostConnection: HostConnection::get() New Host Connection established 0xb400007320cf3590, tid 3611
10-01 14:38:55.950  3589  3611 D goldfish-address-space: allocate: Ask for block of size 0x100
10-01 14:38:55.951  3589  3611 D goldfish-address-space: allocate: ioctl allocate returned offset 0x1efff8000 size 0x8000
10-01 14:38:55.964  3589  3611 W Gralloc4: allocator 4.x is not supported
10-01 14:38:56.049  3589  3611 D HostConnection: HostComposition ext ANDROID_EMU_CHECKSUM_HELPER_v1 ANDROID_EMU_native_sync_v2 ANDROID_EMU_native_sync_v3 ANDROID_EMU_native_sync_v4 ANDROID_EMU_dma_v1 ANDROID_EMU_direct_mem ANDROID_EMU_host_composition_v1 ANDROID_EMU_host_composition_v2 ANDROID_EMU_vulkan ANDROID_EMU_deferred_vulkan_commands ANDROID_EMU_vulkan_null_optional_strings ANDROID_EMU_vulkan_create_resources_with_requirements ANDROID_EMU_YUV_Cache ANDROID_EMU_vulkan_ignored_handles ANDROID_EMU_has_shared_slots_host_memory_allocator ANDROID_EMU_vulkan_free_memory_sync ANDROID_EMU_vulkan_shader_float16_int8 ANDROID_EMU_vulkan_async_queue_submit ANDROID_EMU_vulkan_queue_submit_with_commands ANDROID_EMU_sync_buffer_data ANDROID_EMU_vulkan_async_qsri ANDROID_EMU_read_color_buffer_dma ANDROID_EMU_hwc_color_transform GL_OES_EGL_image_external_essl3 GL_OES_vertex_array_object ANDROID_EMU_host_side_tracing ANDROID_EMU_gles_max_version_3_0 
10-01 14:38:56.464  3589  3589 I Choreographer: Skipped 140 frames!  The application may be doing too much work on its main thread.
10-01 14:38:56.832  3589  3589 V threaded_app: WindowFocusChanged: 0xb400007380ce41d0 -- 1
10-01 14:38:57.005  3589  3589 V GameActivity: onImeInsetsChanged from Text Listener
10-01 14:38:57.006  3589  3589 V threaded_app: WindowInsetsChanged: 0xb400007380ce41d0
10-01 14:38:57.271  3589  3634 W .web3.uiprevie: Verification of androidx.core.provider.FontsContractCompat$FontFamilyResult androidx.core.provider.FontsContractCompat$FontFamilyResult.create(int, java.util.List) took 108.469ms (55.32 bytecodes/s) (1352B approximate peak alloc)
10-01 14:38:57.974  3589  3634 W .web3.uiprevie: Verification of boolean androidx.core.graphics.TypefaceCompatUtil.copyToFile(java.io.File, java.io.InputStream) took 427.132ms (194.32 bytecodes/s) (3208B approximate peak alloc)
10-01 14:38:59.986  3589  3637 D ProfileInstaller: Installing profile for com.mir2.web3.uipreview
10-01 14:39:00.138  3589  3637 W .web3.uiprevie: Verification of void androidx.concurrent.futures.AbstractResolvableFuture.<clinit>() took 117.848ms (941.89 bytecodes/s) (3416B approximate peak alloc)
10-01 14:39:00.516  3589  3599 W .web3.uiprevie: Suspending all threads took: 40.852ms
10-01 14:39:00.874  3589  3599 I .web3.uiprevie: NativeAlloc concurrent copying GC freed 1745(189KB) AllocSpace objects, 0(0B) LOS objects, 49% free, 2870KB/5740KB, paused 95.210ms,41.033ms total 4.100s
10-01 14:39:02.008  3589  3615 I event src/ui_preview.rs:849: ANDROID_SKILL_INGRESS_OFFLINE queued owner42 FireBall castSequence1 remainingMs300
10-01 14:39:02.011  3589  3615 I event src/ui_preview.rs:765: ANDROID_UI_PREVIEW_READY scene=skills
10-01 14:39:02.015  3589  3614 I RustStdoutStderr: [2m2026-10-01T06:39:02.008528Z[0m [32m INFO[0m [2mmir2_platform_android::ui_preview[0m[2m:[0m ANDROID_SKILL_INGRESS_OFFLINE queued owner42 FireBall castSequence1 remainingMs300
10-01 14:39:02.015  3589  3614 I RustStdoutStderr: [2m2026-10-01T06:39:02.011765Z[0m [32m INFO[0m [2mmir2_platform_android::ui_preview[0m[2m:[0m ANDROID_UI_PREVIEW_READY scene=skills
10-01 14:39:02.159  3589  3615 W event /Users/henryliu/.cargo/registry/src/index.crates.io-1949cf8c6b5b557f/winit-0.30.13/src/pTODO: handle Android InsetsChanged notification
10-01 14:39:02.160  3589  3614 I RustStdoutStderr: [2m2026-10-01T06:39:02.159056Z[0m [33m WARN[0m [2mwinit::platform_impl::android[0m[2m:[0m TODO: handle Android InsetsChanged notification
10-01 14:39:02.251  3589  3614 I RustStdoutStderr: [2m2026-10-01T06:39:02.251221Z[0m [31mERROR[0m [2mbevy_asset::server[0m[2m:[0m Path not found: original-ui/MagIcon/54.png
10-01 14:39:02.251  3589  3616 E event /Users/henryliu/.cargo/registry/src/index.crates.io-1949cf8c6b5b557f/bevy_asset-0.19.0/sPath not found: original-ui/MagIcon/54.png
10-01 14:39:04.063  3589  3615 D eglCodecCommon: checkFramebufferAttachmentCompleteness: rbo not color renderable. format: 0x0
10-01 14:39:04.063  3589  3615 D eglCodecCommon: checkFramebufferCompleteness: color attachment 0 not complete: 0x8cd6
10-01 14:39:04.063  3589  3615 E emuglGLESv2_enc: device/generic/goldfish-opengl/system/GLESv2_enc/GL2Encoder.cpp:s_glDrawElementsInstanced:4585 GL error 0x506 condition [ctx->m_state->checkFramebufferCompleteness(GL_FRAMEBUFFER) != GL_FRAMEBUFFER_COMPLETE]
10-01 14:39:04.063  3589  3615 D eglCodecCommon: checkFramebufferAttachmentCompleteness: rbo not color renderable. format: 0x0
10-01 14:39:04.063  3589  3615 D eglCodecCommon: checkFramebufferCompleteness: color attachment 0 not complete: 0x8cd6
10-01 14:39:04.063  3589  3615 E emuglGLESv2_enc: device/generic/goldfish-opengl/system/GLESv2_enc/GL2Encoder.cpp:s_glDrawElementsInstanced:4585 GL error 0x506 condition [ctx->m_state->checkFramebufferCompleteness(GL_FRAMEBUFFER) != GL_FRAMEBUFFER_COMPLETE]
10-01 14:39:04.063  3589  3615 D eglCodecCommon: checkFramebufferAttachmentCompleteness: rbo not color renderable. format: 0x0
10-01 14:39:04.063  3589  3615 D eglCodecCommon: checkFramebufferCompleteness: color attachment 0 not complete: 0x8cd6
10-01 14:39:04.063  3589  3615 E emuglGLESv2_enc: device/generic/goldfish-opengl/system/GLESv2_enc/GL2Encoder.cpp:s_glDrawElementsInstanced:4585 GL error 0x506 condition [ctx->m_state->checkFramebufferCompleteness(GL_FRAMEBUFFER) != GL_FRAMEBUFFER_COMPLETE]
10-01 14:39:04.063  3589  3615 D eglCodecCommon: checkFramebufferAttachmentCompleteness: rbo not color renderable. format: 0x0
10-01 14:39:04.063  3589  3615 D eglCodecCommon: checkFramebufferCompleteness: color attachment 0 not complete: 0x8cd6
10-01 14:39:04.063  3589  3615 E emuglGLESv2_enc: device/generic/goldfish-opengl/system/GLESv2_enc/GL2Encoder.cpp:s_glDrawElementsInstanced:4585 GL error 0x506 condition [ctx->m_state->checkFramebufferCompleteness(GL_FRAMEBUFFER) != GL_FRAMEBUFFER_COMPLETE]
10-01 14:39:04.063  3589  3615 D eglCodecCommon: checkFramebufferAttachmentCompleteness: rbo not color renderable. format: 0x0
10-01 14:39:04.063  3589  3615 D eglCodecCommon: checkFramebufferCompleteness: color attachment 0 not complete: 0x8cd6
10-01 14:39:04.063  3589  3615 E emuglGLESv2_enc: device/generic/goldfish-opengl/system/GLESv2_enc/GL2Encoder.cpp:s_glDrawElementsInstanced:4585 GL error 0x506 condition [ctx->m_state->checkFramebufferCompleteness(GL_FRAMEBUFFER) != GL_FRAMEBUFFER_COMPLETE]
10-01 14:39:04.063  3589  3615 D eglCodecCommon: checkFramebufferAttachmentCompleteness: rbo not color renderable. format: 0x0
10-01 14:39:04.063  3589  3615 D eglCodecCommon: checkFramebufferCompleteness: color attachment 0 not complete: 0x8cd6
10-01 14:39:04.063  3589  3615 E emuglGLESv2_enc: device/generic/goldfish-opengl/system/GLESv2_enc/GL2Encoder.cpp:s_glDrawElementsInstanced:4585 GL error 0x506 condition [ctx->m_state->checkFramebufferCompleteness(GL_FRAMEBUFFER) != GL_FRAMEBUFFER_COMPLETE]
10-01 14:39:04.407  3589  3616 E event /Users/henryliu/.cargo/registry/src/index.crates.io-1949cf8c6b5b557f/bevy_asset-0.19.0/sPath not found: original-ui/MagIcon/54.png
10-01 14:39:04.407  3589  3614 I RustStdoutStderr: [2m2026-10-01T06:39:04.407543Z[0m [31mERROR[0m [2mbevy_asset::server[0m[2m:[0m Path not found: original-ui/MagIcon/54.png
10-01 14:39:04.916  3589  3616 E event /Users/henryliu/.cargo/registry/src/index.crates.io-1949cf8c6b5b557f/bevy_asset-0.19.0/sPath not found: original-ui/MagIcon/54.png
10-01 14:39:04.917  3589  3614 I RustStdoutStderr: [2m2026-10-01T06:39:04.916854Z[0m [31mERROR[0m [2mbevy_asset::server[0m[2m:[0m Path not found: original-ui/MagIcon/54.png
10-01 14:39:05.295  3589  3616 E event /Users/henryliu/.cargo/registry/src/index.crates.io-1949cf8c6b5b557f/bevy_asset-0.19.0/sPath not found: original-ui/MagIcon/54.png
10-01 14:39:05.296  3589  3614 I RustStdoutStderr: [2m2026-10-01T06:39:05.295375Z[0m [31mERROR[0m [2mbevy_asset::server[0m[2m:[0m Path not found: original-ui/MagIcon/54.png
10-01 14:39:05.677  3589  3615 D EGL_emulation: app_time_stats: avg=1282.71ms min=278.41ms max=3649.35ms count=4
10-01 14:39:05.729  3589  3616 E event /Users/henryliu/.cargo/registry/src/index.crates.io-1949cf8c6b5b557f/bevy_asset-0.19.0/sPath not found: original-ui/MagIcon/54.png
10-01 14:39:05.729  3589  3614 I RustStdoutStderr: [2m2026-10-01T06:39:05.729354Z[0m [31mERROR[0m [2mbevy_asset::server[0m[2m:[0m Path not found: original-ui/MagIcon/54.png
10-01 14:39:06.567  3589  3616 E event /Users/henryliu/.cargo/registry/src/index.crates.io-1949cf8c6b5b557f/bevy_asset-0.19.0/sPath not found: original-ui/MagIcon/54.png
10-01 14:39:06.568  3589  3614 I RustStdoutStderr: [2m2026-10-01T06:39:06.567676Z[0m [31mERROR[0m [2mbevy_asset::server[0m[2m:[0m Path not found: original-ui/MagIcon/54.png
10-01 14:39:06.962  3589  3615 D EGL_emulation: app_time_stats: avg=642.32ms min=503.19ms max=781.45ms count=2
10-01 14:39:07.094  3589  3616 E event /Users/henryliu/.cargo/registry/src/index.crates.io-1949cf8c6b5b557f/bevy_asset-0.19.0/sPath not found: original-ui/MagIcon/54.png
10-01 14:39:07.094  3589  3614 I RustStdoutStderr: [2m2026-10-01T06:39:07.094003Z[0m [31mERROR[0m [2mbevy_asset::server[0m[2m:[0m Path not found: original-ui/MagIcon/54.png
10-01 14:39:07.603  3589  3616 E event /Users/henryliu/.cargo/registry/src/index.crates.io-1949cf8c6b5b557f/bevy_asset-0.19.0/sPath not found: original-ui/MagIcon/54.png
10-01 14:39:07.606  3589  3614 I RustStdoutStderr: [2m2026-10-01T06:39:07.602268Z[0m [31mERROR[0m [2mbevy_asset::server[0m[2m:[0m Path not found: original-ui/MagIcon/54.png
10-01 14:39:07.906  3589  3616 E event /Users/henryliu/.cargo/registry/src/index.crates.io-1949cf8c6b5b557f/bevy_asset-0.19.0/sPath not found: original-ui/MagIcon/54.png
10-01 14:39:07.906  3589  3614 I RustStdoutStderr: [2m2026-10-01T06:39:07.906634Z[0m [31mERROR[0m [2mbevy_asset::server[0m[2m:[0m Path not found: original-ui/MagIcon/54.png
10-01 14:39:07.991  3589  3615 D EGL_emulation: app_time_stats: avg=334.76ms min=200.52ms max=586.94ms count=3
10-01 14:39:08.103  3589  3616 E event /Users/henryliu/.cargo/registry/src/index.crates.io-1949cf8c6b5b557f/bevy_asset-0.19.0/sPath not found: original-ui/MagIcon/54.png
10-01 14:39:08.103  3589  3614 I RustStdoutStderr: [2m2026-10-01T06:39:08.102936Z[0m [31mERROR[0m [2mbevy_asset::server[0m[2m:[0m Path not found: original-ui/MagIcon/54.png
10-01 14:39:08.326  3589  3616 E event /Users/henryliu/.cargo/registry/src/index.crates.io-1949cf8c6b5b557f/bevy_asset-0.19.0/sPath not found: original-ui/MagIcon/54.png
10-01 14:39:08.328  3589  3614 I RustStdoutStderr: [2m2026-10-01T06:39:08.326519Z[0m [31mERROR[0m [2mbevy_asset::server[0m[2m:[0m Path not found: original-ui/MagIcon/54.png
10-01 14:39:08.596  3589  3616 E event /Users/henryliu/.cargo/registry/src/index.crates.io-1949cf8c6b5b557f/bevy_asset-0.19.0/sPath not found: original-ui/MagIcon/54.png
10-01 14:39:08.596  3589  3614 I RustStdoutStderr: [2m2026-10-01T06:39:08.596030Z[0m [31mERROR[0m [2mbevy_asset::server[0m[2m:[0m Path not found: original-ui/MagIcon/54.png
10-01 14:39:08.903  3589  3614 I RustStdoutStderr: [2m2026-10-01T06:39:08.903520Z[0m [31mERROR[0m [2mbevy_asset::server[0m[2m:[0m Path not found: original-ui/MagIcon/54.png
10-01 14:39:08.904  3589  3616 E event /Users/henryliu/.cargo/registry/src/index.crates.io-1949cf8c6b5b557f/bevy_asset-0.19.0/sPath not found: original-ui/MagIcon/54.png
10-01 14:39:09.243  3589  3615 D EGL_emulation: app_time_stats: avg=312.93ms min=229.68ms max=462.16ms count=4
10-01 14:39:09.315  3589  3616 E event /Users/henryliu/.cargo/registry/src/index.crates.io-1949cf8c6b5b557f/bevy_asset-0.19.0/sPath not found: original-ui/MagIcon/54.png
10-01 14:39:09.315  3589  3614 I RustStdoutStderr: [2m2026-10-01T06:39:09.315439Z[0m [31mERROR[0m [2mbevy_asset::server[0m[2m:[0m Path not found: original-ui/MagIcon/54.png
10-01 14:39:09.496  3589  3616 E event /Users/henryliu/.cargo/registry/src/index.crates.io-1949cf8c6b5b557f/bevy_asset-0.19.0/sPath not found: original-ui/MagIcon/54.png
10-01 14:39:09.497  3589  3614 I RustStdoutStderr: [2m2026-10-01T06:39:09.496768Z[0m [31mERROR[0m [2mbevy_asset::server[0m[2m:[0m Path not found: original-ui/MagIcon/54.png
10-01 14:39:09.775  3589  3615 I event src/ui_preview.rs:437: ANDROID_REMOTE_BACKSTEP_DIAGNOSTICSdiagnostics = {"enabled":true,"nowMs":1790836749773.3574,"moveClockPulseId":19,"moveClockNextPulseMs":1790836749873.3574,"entryCount":0,"activeEntryCount":0,"processedEventCount":0,"remoteMotionEventCount":0,"remoteRemoveEventCount":0,"ignoredEventCount":0,"staleEventCount":0,"disabledEventCount":0,"pendingEventDropCount":0,"entryEvictionCount":0,"decodeErrorCount":0,"lastDecodeError":null,"offsetQueryCount":0,"offsetMatchCount":0,"targetMismatchCount":0,"inactiveFallbackCount":0,"entries":[]};
10-01 14:39:09.776  3589  3614 I RustStdoutStderr: [2m2026-10-01T06:39:09.775642Z[0m [32m INFO[0m [2mmir2_platform_android::ui_preview[0m[2m:[0m ANDROID_REMOTE_BACKSTEP_DIAGNOSTICS [3mdiagnostics[0m[2m=[0m{"enabled":true,"nowMs":1790836749773.3574,"moveClockPulseId":19,"moveClockNextPulseMs":1790836749873.3574,"entryCount":0,"activeEntryCount":0,"processedEventCount":0,"remoteMotionEventCount":0,"remoteRemoveEventCount":0,"ignoredEventCount":0,"staleEventCount":0,"disabledEventCount":0,"pendingEventDropCount":0,"entryEvictionCount":0,"decodeErrorCount":0,"lastDecodeError":null,"offsetQueryCount":0,"offsetMatchCount":0,"targetMismatchCount":0,"inactiveFallbackCount":0,"entries":[]}
10-01 14:39:09.794  3589  3616 E event /Users/henryliu/.cargo/registry/src/index.crates.io-1949cf8c6b5b557f/bevy_asset-0.19.0/sPath not found: original-ui/MagIcon/54.png
10-01 14:39:09.800  3589  3614 I RustStdoutStderr: [2m2026-10-01T06:39:09.794250Z[0m [31mERROR[0m [2mbevy_asset::server[0m[2m:[0m Path not found: original-ui/MagIcon/54.png
10-01 14:39:09.995  3589  3616 E event /Users/henryliu/.cargo/registry/src/index.crates.io-1949cf8c6b5b557f/bevy_asset-0.19.0/sPath not found: original-ui/MagIcon/54.png
10-01 14:39:09.997  3589  3614 I RustStdoutStderr: [2m2026-10-01T06:39:09.995820Z[0m [31mERROR[0m [2mbevy_asset::server[0m[2m:[0m Path not found: original-ui/MagIcon/54.png
10-01 14:39:10.271  3589  3614 I RustStdoutStderr: [2m2026-10-01T06:39:10.271294Z[0m [31mERROR[0m [2mbevy_asset::server[0m[2m:[0m Path not found: original-ui/MagIcon/54.png
10-01 14:39:10.271  3589  3616 E event /Users/henryliu/.cargo/registry/src/index.crates.io-1949cf8c6b5b557f/bevy_asset-0.19.0/sPath not found: original-ui/MagIcon/54.png
10-01 14:39:10.408  3589  3615 D EGL_emulation: app_time_stats: avg=232.86ms min=156.54ms max=280.05ms count=5
10-01 14:39:10.512  3589  3614 I RustStdoutStderr: [2m2026-10-01T06:39:10.512493Z[0m [31mERROR[0m [2mbevy_asset::server[0m[2m:[0m Path not found: original-ui/MagIcon/54.png
10-01 14:39:10.512  3589  3616 E event /Users/henryliu/.cargo/registry/src/index.crates.io-1949cf8c6b5b557f/bevy_asset-0.19.0/sPath not found: original-ui/MagIcon/54.png
10-01 14:39:11.050  3589  3616 E event /Users/henryliu/.cargo/registry/src/index.crates.io-1949cf8c6b5b557f/bevy_asset-0.19.0/sPath not found: original-ui/MagIcon/54.png
10-01 14:39:11.057  3589  3614 I RustStdoutStderr: [2m2026-10-01T06:39:11.050618Z[0m [31mERROR[0m [2mbevy_asset::server[0m[2m:[0m Path not found: original-ui/MagIcon/54.png
10-01 14:39:11.406  3589  3616 E event /Users/henryliu/.cargo/registry/src/index.crates.io-1949cf8c6b5b557f/bevy_asset-0.19.0/sPath not found: original-ui/MagIcon/54.png
10-01 14:39:11.407  3589  3614 I RustStdoutStderr: [2m2026-10-01T06:39:11.406373Z[0m [31mERROR[0m [2mbevy_asset::server[0m[2m:[0m Path not found: original-ui/MagIcon/54.png
10-01 14:39:11.540  3589  3615 D EGL_emulation: app_time_stats: avg=377.35ms min=237.12ms max=468.57ms count=3
10-01 14:39:11.641  3589  3616 E event /Users/henryliu/.cargo/registry/src/index.crates.io-1949cf8c6b5b557f/bevy_asset-0.19.0/sPath not found: original-ui/MagIcon/54.png
10-01 14:39:11.641  3589  3614 I RustStdoutStderr: [2m2026-10-01T06:39:11.641345Z[0m [31mERROR[0m [2mbevy_asset::server[0m[2m:[0m Path not found: original-ui/MagIcon/54.png
10-01 14:39:11.873  3589  3616 E event /Users/henryliu/.cargo/registry/src/index.crates.io-1949cf8c6b5b557f/bevy_asset-0.19.0/sPath not found: original-ui/MagIcon/54.png
10-01 14:39:11.873  3589  3614 I RustStdoutStderr: [2m2026-10-01T06:39:11.873350Z[0m [31mERROR[0m [2mbevy_asset::server[0m[2m:[0m Path not found: original-ui/MagIcon/54.png
10-01 14:39:12.100  3589  3616 E event /Users/henryliu/.cargo/registry/src/index.crates.io-1949cf8c6b5b557f/bevy_asset-0.19.0/sPath not found: original-ui/MagIcon/54.png
10-01 14:39:12.101  3589  3614 I RustStdoutStderr: [2m2026-10-01T06:39:12.100576Z[0m [31mERROR[0m [2mbevy_asset::server[0m[2m:[0m Path not found: original-ui/MagIcon/54.png
10-01 14:39:12.344  3589  3616 E event /Users/henryliu/.cargo/registry/src/index.crates.io-1949cf8c6b5b557f/bevy_asset-0.19.0/sPath not found: original-ui/MagIcon/54.png
10-01 14:39:12.346  3589  3614 I RustStdoutStderr: [2m2026-10-01T06:39:12.344514Z[0m [31mERROR[0m [2mbevy_asset::server[0m[2m:[0m Path not found: original-ui/MagIcon/54.png
10-01 14:39:12.646  3589  3616 E event /Users/henryliu/.cargo/registry/src/index.crates.io-1949cf8c6b5b557f/bevy_asset-0.19.0/sPath not found: original-ui/MagIcon/54.png
10-01 14:39:12.647  3589  3614 I RustStdoutStderr: [2m2026-10-01T06:39:12.646624Z[0m [31mERROR[0m [2mbevy_asset::server[0m[2m:[0m Path not found: original-ui/MagIcon/54.png
10-01 14:39:12.774  3589  3615 D EGL_emulation: app_time_stats: avg=246.63ms min=162.38ms max=338.61ms count=5
10-01 14:39:12.869  3589  3614 I RustStdoutStderr: [2m2026-10-01T06:39:12.869231Z[0m [31mERROR[0m [2mbevy_asset::server[0m[2m:[0m Path not found: original-ui/MagIcon/54.png
10-01 14:39:12.869  3589  3616 E event /Users/henryliu/.cargo/registry/src/index.crates.io-1949cf8c6b5b557f/bevy_asset-0.19.0/sPath not found: original-ui/MagIcon/54.png
10-01 14:39:12.972  3589  3616 E event /Users/henryliu/.cargo/registry/src/index.crates.io-1949cf8c6b5b557f/bevy_asset-0.19.0/sPath not found: original-ui/MagIcon/54.png
10-01 14:39:12.973  3589  3614 I RustStdoutStderr: [2m2026-10-01T06:39:12.972022Z[0m [31mERROR[0m [2mbevy_asset::server[0m[2m:[0m Path not found: original-ui/MagIcon/54.png
10-01 14:39:13.096  3589  3616 E event /Users/henryliu/.cargo/registry/src/index.crates.io-1949cf8c6b5b557f/bevy_asset-0.19.0/sPath not found: original-ui/MagIcon/54.png
10-01 14:39:13.096  3589  3614 I RustStdoutStderr: [2m2026-10-01T06:39:13.095919Z[0m [31mERROR[0m [2mbevy_asset::server[0m[2m:[0m Path not found: original-ui/MagIcon/54.png
10-01 14:39:13.266  3589  3616 E event /Users/henryliu/.cargo/registry/src/index.crates.io-1949cf8c6b5b557f/bevy_asset-0.19.0/sPath not found: original-ui/MagIcon/54.png
10-01 14:39:13.266  3589  3614 I RustStdoutStderr: [2m2026-10-01T06:39:13.266088Z[0m [31mERROR[0m [2mbevy_asset::server[0m[2m:[0m Path not found: original-ui/MagIcon/54.png
10-01 14:39:13.595  3589  3616 E event /Users/henryliu/.cargo/registry/src/index.crates.io-1949cf8c6b5b557f/bevy_asset-0.19.0/sPath not found: original-ui/MagIcon/54.png
10-01 14:39:13.596  3589  3614 I RustStdoutStderr: [2m2026-10-01T06:39:13.595785Z[0m [31mERROR[0m [2mbevy_asset::server[0m[2m:[0m Path not found: original-ui/MagIcon/54.png
10-01 14:39:14.044  3589  3615 D EGL_emulation: app_time_stats: avg=253.85ms min=108.47ms max=511.22ms count=5
10-01 14:39:14.096  3589  3616 E event /Users/henryliu/.cargo/registry/src/index.crates.io-1949cf8c6b5b557f/bevy_asset-0.19.0/sPath not found: original-ui/MagIcon/54.png
10-01 14:39:14.096  3589  3614 I RustStdoutStderr: [2m2026-10-01T06:39:14.096450Z[0m [31mERROR[0m [2mbevy_asset::server[0m[2m:[0m Path not found: original-ui/MagIcon/54.png
10-01 14:39:14.281  3589  3616 E event /Users/henryliu/.cargo/registry/src/index.crates.io-1949cf8c6b5b557f/bevy_asset-0.19.0/sPath not found: original-ui/MagIcon/54.png
10-01 14:39:14.282  3589  3614 I RustStdoutStderr: [2m2026-10-01T06:39:14.281642Z[0m [31mERROR[0m [2mbevy_asset::server[0m[2m:[0m Path not found: original-ui/MagIcon/54.png
10-01 14:39:14.760  3589  3616 E event /Users/henryliu/.cargo/registry/src/index.crates.io-1949cf8c6b5b557f/bevy_asset-0.19.0/sPath not found: original-ui/MagIcon/54.png
10-01 14:39:14.761  3589  3614 I RustStdoutStderr: [2m2026-10-01T06:39:14.753987Z[0m [31mERROR[0m [2mbevy_asset::server[0m[2m:[0m Path not found: original-ui/MagIcon/54.png
10-01 14:39:15.084  3589  3615 D EGL_emulation: app_time_stats: avg=346.53ms min=128.01ms max=473.86ms count=3
10-01 14:39:15.139  3589  3616 E event /Users/henryliu/.cargo/registry/src/index.crates.io-1949cf8c6b5b557f/bevy_asset-0.19.0/sPath not found: original-ui/MagIcon/54.png
10-01 14:39:15.149  3589  3614 I RustStdoutStderr: [2m2026-10-01T06:39:15.138951Z[0m [31mERROR[0m [2mbevy_asset::server[0m[2m:[0m Path not found: original-ui/MagIcon/54.png
10-01 14:39:15.497  3589  3616 E event /Users/henryliu/.cargo/registry/src/index.crates.io-1949cf8c6b5b557f/bevy_asset-0.19.0/sPath not found: original-ui/MagIcon/54.png
10-01 14:39:15.499  3589  3614 I RustStdoutStderr: [2m2026-10-01T06:39:15.497324Z[0m [31mERROR[0m [2mbevy_asset::server[0m[2m:[0m Path not found: original-ui/MagIcon/54.png
10-01 14:39:15.761  3589  3616 E event /Users/henryliu/.cargo/registry/src/index.crates.io-1949cf8c6b5b557f/bevy_asset-0.19.0/sPath not found: original-ui/MagIcon/54.png
10-01 14:39:15.762  3589  3614 I RustStdoutStderr: [2m2026-10-01T06:39:15.761686Z[0m [31mERROR[0m [2mbevy_asset::server[0m[2m:[0m Path not found: original-ui/MagIcon/54.png
10-01 14:39:16.236  3589  3616 E event /Users/henryliu/.cargo/registry/src/index.crates.io-1949cf8c6b5b557f/bevy_asset-0.19.0/sPath not found: original-ui/MagIcon/54.png
10-01 14:39:16.237  3589  3614 I RustStdoutStderr: [2m2026-10-01T06:39:16.236350Z[0m [31mERROR[0m [2mbevy_asset::server[0m[2m:[0m Path not found: original-ui/MagIcon/54.png
10-01 14:39:16.517  3589  3615 D EGL_emulation: app_time_stats: avg=358.16ms min=227.80ms max=483.40ms count=4
10-01 14:39:16.677  3589  3616 E event /Users/henryliu/.cargo/registry/src/index.crates.io-1949cf8c6b5b557f/bevy_asset-0.19.0/sPath not found: original-ui/MagIcon/54.png
10-01 14:39:16.684  3589  3614 I RustStdoutStderr: [2m2026-10-01T06:39:16.677196Z[0m [31mERROR[0m [2mbevy_asset::server[0m[2m:[0m Path not found: original-ui/MagIcon/54.png
10-01 14:39:17.184  3589  3616 E event /Users/henryliu/.cargo/registry/src/index.crates.io-1949cf8c6b5b557f/bevy_asset-0.19.0/sPath not found: original-ui/MagIcon/54.png
10-01 14:39:17.189  3589  3614 I RustStdoutStderr: [2m2026-10-01T06:39:17.184148Z[0m [31mERROR[0m [2mbevy_asset::server[0m[2m:[0m Path not found: original-ui/MagIcon/54.png
10-01 14:39:17.361  3589  3616 E event /Users/henryliu/.cargo/registry/src/index.crates.io-1949cf8c6b5b557f/bevy_asset-0.19.0/sPath not found: original-ui/MagIcon/54.png
10-01 14:39:17.361  3589  3614 I RustStdoutStderr: [2m2026-10-01T06:39:17.361136Z[0m [31mERROR[0m [2mbevy_asset::server[0m[2m:[0m Path not found: original-ui/MagIcon/54.png
10-01 14:39:17.597  3589  3616 E event /Users/henryliu/.cargo/registry/src/index.crates.io-1949cf8c6b5b557f/bevy_asset-0.19.0/sPath not found: original-ui/MagIcon/54.png
10-01 14:39:17.601  3589  3614 I RustStdoutStderr: [2m2026-10-01T06:39:17.596992Z[0m [31mERROR[0m [2mbevy_asset::server[0m[2m:[0m Path not found: original-ui/MagIcon/54.png
10-01 14:39:17.709  3589  3615 D EGL_emulation: app_time_stats: avg=295.40ms min=190.71ms max=575.12ms count=4
10-01 14:39:17.808  3589  3616 E event /Users/henryliu/.cargo/registry/src/index.crates.io-1949cf8c6b5b557f/bevy_asset-0.19.0/sPath not found: original-ui/MagIcon/54.png
10-01 14:39:17.810  3589  3614 I RustStdoutStderr: [2m2026-10-01T06:39:17.808644Z[0m [31mERROR[0m [2mbevy_asset::server[0m[2m:[0m Path not found: original-ui/MagIcon/54.png
10-01 14:39:18.165  3589  3616 E event /Users/henryliu/.cargo/registry/src/index.crates.io-1949cf8c6b5b557f/bevy_asset-0.19.0/sPath not found: original-ui/MagIcon/54.png
10-01 14:39:18.166  3589  3614 I RustStdoutStderr: [2m2026-10-01T06:39:18.165446Z[0m [31mERROR[0m [2mbevy_asset::server[0m[2m:[0m Path not found: original-ui/MagIcon/54.png
10-01 14:39:18.565  3589  3616 E event /Users/henryliu/.cargo/registry/src/index.crates.io-1949cf8c6b5b557f/bevy_asset-0.19.0/sPath not found: original-ui/MagIcon/54.png
10-01 14:39:18.566  3589  3614 I RustStdoutStderr: [2m2026-10-01T06:39:18.565462Z[0m [31mERROR[0m [2mbevy_asset::server[0m[2m:[0m Path not found: original-ui/MagIcon/54.png
10-01 14:39:18.787  3589  3616 E event /Users/henryliu/.cargo/registry/src/index.crates.io-1949cf8c6b5b557f/bevy_asset-0.19.0/sPath not found: original-ui/MagIcon/54.png
10-01 14:39:18.790  3589  3614 I RustStdoutStderr: [2m2026-10-01T06:39:18.787341Z[0m [31mERROR[0m [2mbevy_asset::server[0m[2m:[0m Path not found: original-ui/MagIcon/54.png
10-01 14:39:18.969  3589  3615 D EGL_emulation: app_time_stats: avg=315.11ms min=286.01ms max=338.66ms count=4
10-01 14:39:19.093  3589  3614 I RustStdoutStderr: [2m2026-10-01T06:39:19.093760Z[0m [31mERROR[0m [2mbevy_asset::server[0m[2m:[0m Path not found: original-ui/MagIcon/54.png
10-01 14:39:19.094  3589  3616 E event /Users/henryliu/.cargo/registry/src/index.crates.io-1949cf8c6b5b557f/bevy_asset-0.19.0/sPath not found: original-ui/MagIcon/54.png
10-01 14:39:19.913  3589  3616 E event /Users/henryliu/.cargo/registry/src/index.crates.io-1949cf8c6b5b557f/bevy_asset-0.19.0/sPath not found: original-ui/MagIcon/54.png
10-01 14:39:19.916  3589  3614 I RustStdoutStderr: [2m2026-10-01T06:39:19.913412Z[0m [31mERROR[0m [2mbevy_asset::server[0m[2m:[0m Path not found: original-ui/MagIcon/54.png
10-01 14:39:20.064  3589  3615 D EGL_emulation: app_time_stats: avg=546.87ms min=473.56ms max=620.17ms count=2
10-01 14:39:20.193  3589  3616 E event /Users/henryliu/.cargo/registry/src/index.crates.io-1949cf8c6b5b557f/bevy_asset-0.19.0/sPath not found: original-ui/MagIcon/54.png
10-01 14:39:20.194  3589  3614 I RustStdoutStderr: [2m2026-10-01T06:39:20.193504Z[0m [31mERROR[0m [2mbevy_asset::server[0m[2m:[0m Path not found: original-ui/MagIcon/54.png
10-01 14:39:21.030  3589  3616 E event /Users/henryliu/.cargo/registry/src/index.crates.io-1949cf8c6b5b557f/bevy_asset-0.19.0/sPath not found: original-ui/MagIcon/54.png
10-01 14:39:21.034  3589  3614 I RustStdoutStderr: [2m2026-10-01T06:39:21.030669Z[0m [31mERROR[0m [2mbevy_asset::server[0m[2m:[0m Path not found: original-ui/MagIcon/54.png
10-01 14:39:21.197  3589  3615 D EGL_emulation: app_time_stats: avg=566.24ms min=518.78ms max=613.69ms count=2
10-01 14:39:21.584  3589  3614 I RustStdoutStderr: [2m2026-10-01T06:39:21.584429Z[0m [31mERROR[0m [2mbevy_asset::server[0m[2m:[0m Path not found: original-ui/MagIcon/54.png
10-01 14:39:21.585  3589  3616 E event /Users/henryliu/.cargo/registry/src/index.crates.io-1949cf8c6b5b557f/bevy_asset-0.19.0/sPath not found: original-ui/MagIcon/54.png
10-01 14:39:21.860  3589  3616 E event /Users/henryliu/.cargo/registry/src/index.crates.io-1949cf8c6b5b557f/bevy_asset-0.19.0/sPath not found: original-ui/MagIcon/54.png
10-01 14:39:21.861  3589  3614 I RustStdoutStderr: [2m2026-10-01T06:39:21.860559Z[0m [31mERROR[0m [2mbevy_asset::server[0m[2m:[0m Path not found: original-ui/MagIcon/54.png
10-01 14:39:22.038  3589  3616 E event /Users/henryliu/.cargo/registry/src/index.crates.io-1949cf8c6b5b557f/bevy_asset-0.19.0/sPath not found: original-ui/MagIcon/54.png
10-01 14:39:22.038  3589  3614 I RustStdoutStderr: [2m2026-10-01T06:39:22.037896Z[0m [31mERROR[0m [2mbevy_asset::server[0m[2m:[0m Path not found: original-ui/MagIcon/54.png
10-01 14:39:22.089  3589  3616 E event /Users/henryliu/.cargo/registry/src/index.crates.io-1949cf8c6b5b557f/bevy_asset-0.19.0/sPath not found: original-ui/MagIcon/54.png
10-01 14:39:22.090  3589  3614 I RustStdoutStderr: [2m2026-10-01T06:39:22.089786Z[0m [31mERROR[0m [2mbevy_asset::server[0m[2m:[0m Path not found: original-ui/MagIcon/54.png
10-01 14:39:22.164  3589  3616 E event /Users/henryliu/.cargo/registry/src/index.crates.io-1949cf8c6b5b557f/bevy_asset-0.19.0/sPath not found: original-ui/MagIcon/54.png
10-01 14:39:22.165  3589  3614 I RustStdoutStderr: [2m2026-10-01T06:39:22.164692Z[0m [31mERROR[0m [2mbevy_asset::server[0m[2m:[0m Path not found: original-ui/MagIcon/54.png
10-01 14:39:22.219  3589  3616 E event /Users/henryliu/.cargo/registry/src/index.crates.io-1949cf8c6b5b557f/bevy_asset-0.19.0/sPath not found: original-ui/MagIcon/54.png
10-01 14:39:22.219  3589  3614 I RustStdoutStderr: [2m2026-10-01T06:39:22.219526Z[0m [31mERROR[0m [2mbevy_asset::server[0m[2m:[0m Path not found: original-ui/MagIcon/54.png
10-01 14:39:22.259  3589  3615 D EGL_emulation: app_time_stats: avg=176.89ms min=36.68ms max=598.54ms count=6
10-01 14:39:22.294  3589  3616 E event /Users/henryliu/.cargo/registry/src/index.crates.io-1949cf8c6b5b557f/bevy_asset-0.19.0/sPath not found: original-ui/MagIcon/54.png
10-01 14:39:22.294  3589  3614 I RustStdoutStderr: [2m2026-10-01T06:39:22.294378Z[0m [31mERROR[0m [2mbevy_asset::server[0m[2m:[0m Path not found: original-ui/MagIcon/54.png
10-01 14:39:22.479  3589  3616 E event /Users/henryliu/.cargo/registry/src/index.crates.io-1949cf8c6b5b557f/bevy_asset-0.19.0/sPath not found: original-ui/MagIcon/54.png
10-01 14:39:22.479  3589  3614 I RustStdoutStderr: [2m2026-10-01T06:39:22.479919Z[0m [31mERROR[0m [2mbevy_asset::server[0m[2m:[0m Path not found: original-ui/MagIcon/54.png
10-01 14:39:22.547  3589  3616 E event /Users/henryliu/.cargo/registry/src/index.crates.io-1949cf8c6b5b557f/bevy_asset-0.19.0/sPath not found: original-ui/MagIcon/54.png
10-01 14:39:22.547  3589  3614 I RustStdoutStderr: [2m2026-10-01T06:39:22.546620Z[0m [31mERROR[0m [2mbevy_asset::server[0m[2m:[0m Path not found: original-ui/MagIcon/54.png
10-01 14:39:22.668  3589  3616 E event /Users/henryliu/.cargo/registry/src/index.crates.io-1949cf8c6b5b557f/bevy_asset-0.19.0/sPath not found: original-ui/MagIcon/54.png
10-01 14:39:22.669  3589  3614 I RustStdoutStderr: [2m2026-10-01T06:39:22.668537Z[0m [31mERROR[0m [2mbevy_asset::server[0m[2m:[0m Path not found: original-ui/MagIcon/54.png
10-01 14:39:22.741  3589  3616 E event /Users/henryliu/.cargo/registry/src/index.crates.io-1949cf8c6b5b557f/bevy_asset-0.19.0/sPath not found: original-ui/MagIcon/54.png
10-01 14:39:22.741  3589  3614 I RustStdoutStderr: [2m2026-10-01T06:39:22.741512Z[0m [31mERROR[0m [2mbevy_asset::server[0m[2m:[0m Path not found: original-ui/MagIcon/54.png
10-01 14:39:22.916  3589  3616 E event /Users/henryliu/.cargo/registry/src/index.crates.io-1949cf8c6b5b557f/bevy_asset-0.19.0/sPath not found: original-ui/MagIcon/54.png
10-01 14:39:22.916  3589  3614 I RustStdoutStderr: [2m2026-10-01T06:39:22.915917Z[0m [31mERROR[0m [2mbevy_asset::server[0m[2m:[0m Path not found: original-ui/MagIcon/54.png
10-01 14:39:22.993  3589  3616 E event /Users/henryliu/.cargo/registry/src/index.crates.io-1949cf8c6b5b557f/bevy_asset-0.19.0/sPath not found: original-ui/MagIcon/54.png
10-01 14:39:22.993  3589  3614 I RustStdoutStderr: [2m2026-10-01T06:39:22.993070Z[0m [31mERROR[0m [2mbevy_asset::server[0m[2m:[0m Path not found: original-ui/MagIcon/54.png
10-01 14:39:23.033  3589  3616 E event /Users/henryliu/.cargo/registry/src/index.crates.io-1949cf8c6b5b557f/bevy_asset-0.19.0/sPath not found: original-ui/MagIcon/54.png
10-01 14:39:23.036  3589  3614 I RustStdoutStderr: [2m2026-10-01T06:39:23.033102Z[0m [31mERROR[0m [2mbevy_asset::server[0m[2m:[0m Path not found: original-ui/MagIcon/54.png
10-01 14:39:23.183  3589  3616 E event /Users/henryliu/.cargo/registry/src/index.crates.io-1949cf8c6b5b557f/bevy_asset-0.19.0/sPath not found: original-ui/MagIcon/54.png
10-01 14:39:23.183  3589  3614 I RustStdoutStderr: [2m2026-10-01T06:39:23.183054Z[0m [31mERROR[0m [2mbevy_asset::server[0m[2m:[0m Path not found: original-ui/MagIcon/54.png
10-01 14:39:23.339  3589  3616 E event /Users/henryliu/.cargo/registry/src/index.crates.io-1949cf8c6b5b557f/bevy_asset-0.19.0/sPath not found: original-ui/MagIcon/54.png
10-01 14:39:23.339  3589  3614 I RustStdoutStderr: [2m2026-10-01T06:39:23.338976Z[0m [31mERROR[0m [2mbevy_asset::server[0m[2m:[0m Path not found: original-ui/MagIcon/54.png
10-01 14:39:23.439  3589  3615 D EGL_emulation: app_time_stats: avg=117.92ms min=53.24ms max=188.60ms count=10
10-01 14:39:23.483  3589  3616 E event /Users/henryliu/.cargo/registry/src/index.crates.io-1949cf8c6b5b557f/bevy_asset-0.19.0/sPath not found: original-ui/MagIcon/54.png
10-01 14:39:23.483  3589  3614 I RustStdoutStderr: [2m2026-10-01T06:39:23.483069Z[0m [31mERROR[0m [2mbevy_asset::server[0m[2m:[0m Path not found: original-ui/MagIcon/54.png
10-01 14:39:23.588  3589  3614 I RustStdoutStderr: [2m2026-10-01T06:39:23.588589Z[0m [31mERROR[0m [2mbevy_asset::server[0m[2m:[0m Path not found: original-ui/MagIcon/54.png
10-01 14:39:23.588  3589  3616 E event /Users/henryliu/.cargo/registry/src/index.crates.io-1949cf8c6b5b557f/bevy_asset-0.19.0/sPath not found: original-ui/MagIcon/54.png
10-01 14:39:23.749  3589  3616 E event /Users/henryliu/.cargo/registry/src/index.crates.io-1949cf8c6b5b557f/bevy_asset-0.19.0/sPath not found: original-ui/MagIcon/54.png
10-01 14:39:23.750  3589  3614 I RustStdoutStderr: [2m2026-10-01T06:39:23.749484Z[0m [31mERROR[0m [2mbevy_asset::server[0m[2m:[0m Path not found: original-ui/MagIcon/54.png
10-01 14:39:23.823  3589  3616 E event /Users/henryliu/.cargo/registry/src/index.crates.io-1949cf8c6b5b557f/bevy_asset-0.19.0/sPath not found: original-ui/MagIcon/54.png
10-01 14:39:23.823  3589  3614 I RustStdoutStderr: [2m2026-10-01T06:39:23.823315Z[0m [31mERROR[0m [2mbevy_asset::server[0m[2m:[0m Path not found: original-ui/MagIcon/54.png
10-01 14:39:23.945  3589  3616 E event /Users/henryliu/.cargo/registry/src/index.crates.io-1949cf8c6b5b557f/bevy_asset-0.19.0/sPath not found: original-ui/MagIcon/54.png
10-01 14:39:23.946  3589  3614 I RustStdoutStderr: [2m2026-10-01T06:39:23.945168Z[0m [31mERROR[0m [2mbevy_asset::server[0m[2m:[0m Path not found: original-ui/MagIcon/54.png
10-01 14:39:23.996  3589  3616 E event /Users/henryliu/.cargo/registry/src/index.crates.io-1949cf8c6b5b557f/bevy_asset-0.19.0/sPath not found: original-ui/MagIcon/54.png
10-01 14:39:23.997  3589  3614 I RustStdoutStderr: [2m2026-10-01T06:39:23.996717Z[0m [31mERROR[0m [2mbevy_asset::server[0m[2m:[0m Path not found: original-ui/MagIcon/54.png
10-01 14:39:24.059  3589  3616 E event /Users/henryliu/.cargo/registry/src/index.crates.io-1949cf8c6b5b557f/bevy_asset-0.19.0/sPath not found: original-ui/MagIcon/54.png
10-01 14:39:24.060  3589  3614 I RustStdoutStderr: [2m2026-10-01T06:39:24.059578Z[0m [31mERROR[0m [2mbevy_asset::server[0m[2m:[0m Path not found: original-ui/MagIcon/54.png
10-01 14:39:24.181  3589  3616 E event /Users/henryliu/.cargo/registry/src/index.crates.io-1949cf8c6b5b557f/bevy_asset-0.19.0/sPath not found: original-ui/MagIcon/54.png
10-01 14:39:24.182  3589  3614 I RustStdoutStderr: [2m2026-10-01T06:39:24.181519Z[0m [31mERROR[0m [2mbevy_asset::server[0m[2m:[0m Path not found: original-ui/MagIcon/54.png
10-01 14:39:24.273  3589  3616 E event /Users/henryliu/.cargo/registry/src/index.crates.io-1949cf8c6b5b557f/bevy_asset-0.19.0/sPath not found: original-ui/MagIcon/54.png
10-01 14:39:24.273  3589  3614 I RustStdoutStderr: [2m2026-10-01T06:39:24.273115Z[0m [31mERROR[0m [2mbevy_asset::server[0m[2m:[0m Path not found: original-ui/MagIcon/54.png
10-01 14:39:24.423  3589  3616 E event /Users/henryliu/.cargo/registry/src/index.crates.io-1949cf8c6b5b557f/bevy_asset-0.19.0/sPath not found: original-ui/MagIcon/54.png
10-01 14:39:24.424  3589  3614 I RustStdoutStderr: [2m2026-10-01T06:39:24.422933Z[0m [31mERROR[0m [2mbevy_asset::server[0m[2m:[0m Path not found: original-ui/MagIcon/54.png
10-01 14:39:24.459  3589  3615 D EGL_emulation: app_time_stats: avg=101.99ms min=52.85ms max=176.88ms count=10
10-01 14:39:24.475  3589  3616 E event /Users/henryliu/.cargo/registry/src/index.crates.io-1949cf8c6b5b557f/bevy_asset-0.19.0/sPath not found: original-ui/MagIcon/54.png
10-01 14:39:24.475  3589  3614 I RustStdoutStderr: [2m2026-10-01T06:39:24.475461Z[0m [31mERROR[0m [2mbevy_asset::server[0m[2m:[0m Path not found: original-ui/MagIcon/54.png
10-01 14:39:24.568  3589  3616 E event /Users/henryliu/.cargo/registry/src/index.crates.io-1949cf8c6b5b557f/bevy_asset-0.19.0/sPath not found: original-ui/MagIcon/54.png
10-01 14:39:24.568  3589  3614 I RustStdoutStderr: [2m2026-10-01T06:39:24.567936Z[0m [31mERROR[0m [2mbevy_asset::server[0m[2m:[0m Path not found: original-ui/MagIcon/54.png
10-01 14:39:24.610  3589  3616 E event /Users/henryliu/.cargo/registry/src/index.crates.io-1949cf8c6b5b557f/bevy_asset-0.19.0/sPath not found: original-ui/MagIcon/54.png
10-01 14:39:24.610  3589  3614 I RustStdoutStderr: [2m2026-10-01T06:39:24.610363Z[0m [31mERROR[0m [2mbevy_asset::server[0m[2m:[0m Path not found: original-ui/MagIcon/54.png
10-01 14:39:24.718  3589  3616 E event /Users/henryliu/.cargo/registry/src/index.crates.io-1949cf8c6b5b557f/bevy_asset-0.19.0/sPath not found: original-ui/MagIcon/54.png
10-01 14:39:24.719  3589  3614 I RustStdoutStderr: [2m2026-10-01T06:39:24.718417Z[0m [31mERROR[0m [2mbevy_asset::server[0m[2m:[0m Path not found: original-ui/MagIcon/54.png
10-01 14:39:24.764  3589  3616 E event /Users/henryliu/.cargo/registry/src/index.crates.io-1949cf8c6b5b557f/bevy_asset-0.19.0/sPath not found: original-ui/MagIcon/54.png
10-01 14:39:24.765  3589  3614 I RustStdoutStderr: [2m2026-10-01T06:39:24.764703Z[0m [31mERROR[0m [2mbevy_asset::server[0m[2m:[0m Path not found: original-ui/MagIcon/54.png
10-01 14:39:24.912  3589  3616 E event /Users/henryliu/.cargo/registry/src/index.crates.io-1949cf8c6b5b557f/bevy_asset-0.19.0/sPath not found: original-ui/MagIcon/54.png
10-01 14:39:24.912  3589  3614 I RustStdoutStderr: [2m2026-10-01T06:39:24.912275Z[0m [31mERROR[0m [2mbevy_asset::server[0m[2m:[0m Path not found: original-ui/MagIcon/54.png
10-01 14:39:24.974  3589  3616 E event /Users/henryliu/.cargo/registry/src/index.crates.io-1949cf8c6b5b557f/bevy_asset-0.19.0/sPath not found: original-ui/MagIcon/54.png
10-01 14:39:24.979  3589  3614 I RustStdoutStderr: [2m2026-10-01T06:39:24.973671Z[0m [31mERROR[0m [2mbevy_asset::server[0m[2m:[0m Path not found: original-ui/MagIcon/54.png
10-01 14:39:25.331  3589  3616 E event /Users/henryliu/.cargo/registry/src/index.crates.io-1949cf8c6b5b557f/bevy_asset-0.19.0/sPath not found: original-ui/MagIcon/54.png
10-01 14:39:25.331  3589  3614 I RustStdoutStderr: [2m2026-10-01T06:39:25.331393Z[0m [31mERROR[0m [2mbevy_asset::server[0m[2m:[0m Path not found: original-ui/MagIcon/54.png
10-01 14:39:25.392  3589  3616 E event /Users/henryliu/.cargo/registry/src/index.crates.io-1949cf8c6b5b557f/bevy_asset-0.19.0/sPath not found: original-ui/MagIcon/54.png
10-01 14:39:25.393  3589  3614 I RustStdoutStderr: [2m2026-10-01T06:39:25.392878Z[0m [31mERROR[0m [2mbevy_asset::server[0m[2m:[0m Path not found: original-ui/MagIcon/54.png
10-01 14:39:25.506  3589  3616 E event /Users/henryliu/.cargo/registry/src/index.crates.io-1949cf8c6b5b557f/bevy_asset-0.19.0/sPath not found: original-ui/MagIcon/54.png
10-01 14:39:25.507  3589  3614 I RustStdoutStderr: [2m2026-10-01T06:39:25.506555Z[0m [31mERROR[0m [2mbevy_asset::server[0m[2m:[0m Path not found: original-ui/MagIcon/54.png
10-01 14:39:25.532  3589  3619 I event src/phone_hud.rs:167: ANDROID_PHONE_TEXT_LAYOUTfont = TextFont { font: SystemUi, font_size: Px(23.466667), weight: FontWeight(400), width: FontWidth(1.0), style: Normal, font_smoothing: AntiAliased, font_features: FontFeatures { features: [] }, font_variations: FontVariations { variations: [] } }; color = TextColor(Srgba(Srgba { red: 0.98, green: 0.91, blue: 0.76, alpha: 1.0 })); glyph_masks = [true, true, true, true, true, true, true, true, true, true, true, true, true];
10-01 14:39:25.532  3589  3614 I RustStdoutStderr: [2m2026-10-01T06:39:25.532170Z[0m [32m INFO[0m [2mmir2_platform_android::phone_hud[0m[2m:[0m ANDROID_PHONE_TEXT_LAYOUT [3mfont[0m[2m=[0mTextFont { font: SystemUi, font_size: Px(23.466667), weight: FontWeight(400), width: FontWidth(1.0), style: Normal, font_smoothing: AntiAliased, font_features: FontFeatures { features: [] }, font_variations: FontVariations { variations: [] } } [3mcolor[0m[2m=[0mTextColor(Srgba(Srgba { red: 0.98, green: 0.91, blue: 0.76, alpha: 1.0 })) [3mglyph_masks[0m[2m=[0m[true, true, true, true, true, true, true, true, true, true, true, true, true]
10-01 14:39:25.532  3589  3614 I RustStdoutStderr: [2m2026-10-01T06:39:25.532522Z[0m [32m INFO[0m [2mmir2_platform_android::phone_hud[0m[2m:[0m ANDROID_PHONE_TEXT_LAYOUT [3mfont[0m[2m=[0mTextFont { font: SystemUi, font_size: Px(23.466667), weight: FontWeight(400), width: FontWidth(1.0), style: Normal, font_smoothing: AntiAliased, font_features: FontFeatures { features: [] }, font_variations: FontVariations { variations: [] } } [3mcolor[0m[2m=[0mTextColor(Srgba(Srgba { red: 0.96, green: 0.85, blue: 0.61, alpha: 1.0 })) [3mglyph_masks[0m[2m=[0m[true, true]
10-01 14:39:25.534  3589  3619 I event src/phone_hud.rs:167: ANDROID_PHONE_TEXT_LAYOUTfont = TextFont { font: SystemUi, font_size: Px(23.466667), weight: FontWeight(400), width: FontWidth(1.0), style: Normal, font_smoothing: AntiAliased, font_features: FontFeatures { features: [] }, font_variations: FontVariations { variations: [] } }; color = TextColor(Srgba(Srgba { red: 0.96, green: 0.85, blue: 0.61, alpha: 1.0 })); glyph_masks = [true, true];
10-01 14:39:25.534  3589  3619 I event src/phone_hud.rs:167: ANDROID_PHONE_TEXT_LAYOUTfont = TextFont { font: SystemUi, font_size: Px(23.466667), weight: FontWeight(400), width: FontWidth(1.0), style: Normal, font_smoothing: AntiAliased, font_features: FontFeatures { features: [] }, font_variations: FontVariations { variations: [] } }; color = TextColor(Srgba(Srgba { red: 0.96, green: 0.85, blue: 0.61, alpha: 1.0 })); glyph_masks = [true, true, true, true];
10-01 14:39:25.534  3589  3619 I event src/phone_hud.rs:167: ANDROID_PHONE_TEXT_LAYOUTfont = TextFont { font: SystemUi, font_size: Px(23.466667), weight: FontWeight(400), width: FontWidth(1.0), style: Normal, font_smoothing: AntiAliased, font_features: FontFeatures { features: [] }, font_variations: FontVariations { variations: [] } }; color = TextColor(Srgba(Srgba { red: 0.96, green: 0.85, blue: 0.61, alpha: 1.0 })); glyph_masks = [true, true, true];
10-01 14:39:25.534  3589  3619 I event src/phone_hud.rs:167: ANDROID_PHONE_TEXT_LAYOUTfont = TextFont { font: SystemUi, font_size: Px(23.466667), weight: FontWeight(400), width: FontWidth(1.0), style: Normal, font_smoothing: AntiAliased, font_features: FontFeatures { features: [] }, font_variations: FontVariations { variations: [] } }; color = TextColor(Srgba(Srgba { red: 0.96, green: 0.85, blue: 0.61, alpha: 1.0 })); glyph_masks = [true, true, true];
10-01 14:39:25.534  3589  3619 I event src/phone_hud.rs:167: ANDROID_PHONE_TEXT_LAYOUTfont = TextFont { font: SystemUi, font_size: Px(23.466667), weight: FontWeight(400), width: FontWidth(1.0), style: Normal, font_smoothing: AntiAliased, font_features: FontFeatures { features: [] }, font_variations: FontVariations { variations: [] } }; color = TextColor(Srgba(Srgba { red: 0.96, green: 0.85, blue: 0.61, alpha: 1.0 })); glyph_masks = [true, true, true, true, true];
10-01 14:39:25.534  3589  3619 I event src/phone_hud.rs:167: ANDROID_PHONE_TEXT_LAYOUTfont = TextFont { font: SystemUi, font_size: Px(23.466667), weight: FontWeight(400), width: FontWidth(1.0), style: Normal, font_smoothing: AntiAliased, font_features: FontFeatures { features: [] }, font_variations: FontVariations { variations: [] } }; color = TextColor(Srgba(Srgba { red: 0.96, green: 0.85, blue: 0.61, alpha: 1.0 })); glyph_masks = [true, true, true, true, true, true, true];
10-01 14:39:25.534  3589  3619 I event src/phone_hud.rs:167: ANDROID_PHONE_TEXT_LAYOUTfont = TextFont { font: SystemUi, font_size: Px(23.466667), weight: FontWeight(400), width: FontWidth(1.0), style: Normal, font_smoothing: AntiAliased, font_features: FontFeatures { features: [] }, font_variations: FontVariations { variations: [] } }; color = TextColor(Srgba(Srgba { red: 0.96, green: 0.85, blue: 0.61, alpha: 1.0 })); glyph_masks = [true, true, true, true, true];
10-01 14:39:25.534  3589  3619 I event src/phone_hud.rs:167: ANDROID_PHONE_TEXT_LAYOUTfont = TextFont { font: SystemUi, font_size: Px(23.466667), weight: FontWeight(400), width: FontWidth(1.0), style: Normal, font_smoothing: AntiAliased, font_features: FontFeatures { features: [] }, font_variations: FontVariations { variations: [] } }; color = TextColor(Srgba(Srgba { red: 0.96, green: 0.85, blue: 0.61, alpha: 1.0 })); glyph_masks = [true, true, true, true, true, true];
10-01 14:39:25.534  3589  3619 I event src/phone_hud.rs:167: ANDROID_PHONE_TEXT_LAYOUTfont = TextFont { font: SystemUi, font_size: Px(23.466667), weight: FontWeight(400), width: FontWidth(1.0), style: Normal, font_smoothing: AntiAliased, font_features: FontFeatures { features: [] }, font_variations: FontVariations { variations: [] } }; color = TextColor(Srgba(Srgba { red: 0.96, green: 0.85, blue: 0.61, alpha: 1.0 })); glyph_masks = [true, true, true, true, true];
10-01 14:39:25.534  3589  3619 I event src/phone_hud.rs:167: ANDROID_PHONE_TEXT_LAYOUTfont = TextFont { font: SystemUi, font_size: Px(23.466667), weight: FontWeight(400), width: FontWidth(1.0), style: Normal, font_smoothing: AntiAliased, font_features: FontFeatures { features: [] }, font_variations: FontVariations { variations: [] } }; color = TextColor(Srgba(Srgba { red: 0.96, green: 0.85, blue: 0.61, alpha: 1.0 })); glyph_masks = [true, true, true, true, true];
10-01 14:39:25.534  3589  3619 I event src/phone_hud.rs:167: ANDROID_PHONE_TEXT_LAYOUTfont = TextFont { font: SystemUi, font_size: Px(23.466667), weight: FontWeight(400), width: FontWidth(1.0), style: Normal, font_smoothing: AntiAliased, font_features: FontFeatures { features: [] }, font_variations: FontVariations { variations: [] } }; color = TextColor(Srgba(Srgba { red: 0.96, green: 0.85, blue: 0.61, alpha: 1.0 })); glyph_masks = [true, true, true, true, true];
10-01 14:39:25.535  3589  3619 I event src/phone_hud.rs:167: ANDROID_PHONE_TEXT_LAYOUTfont = TextFont { font: SystemUi, font_size: Px(23.466667), weight: FontWeight(400), width: FontWidth(1.0), style: Normal, font_smoothing: AntiAliased, font_features: FontFeatures { features: [] }, font_variations: FontVariations { variations: [] } }; color = TextColor(Srgba(Srgba { red: 0.96, green: 0.85, blue: 0.61, alpha: 1.0 })); glyph_masks = [true, true, true, true];
10-01 14:39:25.542  3589  3614 I RustStdoutStderr: [2m2026-10-01T06:39:25.534197Z[0m [32m INFO[0m [2mmir2_platform_android::phone_hud[0m[2m:[0m ANDROID_PHONE_TEXT_LAYOUT [3mfont[0m[2m=[0mTextFont { font: SystemUi, font_size: Px(23.466667), weight: FontWeight(400), width: FontWidth(1.0), style: Normal, font_smoothing: AntiAliased, font_features: FontFeatures { features: [] }, font_variations: FontVariations { variations: [] } } [3mcolor[0m[2m=[0mTextColor(Srgba(Srgba { red: 0.96, green: 0.85, blue: 0.61, alpha: 1.0 })) [3mglyph_masks[0m[2m=[0m[true, true, true, true]
10-01 14:39:25.542  3589  3614 I RustStdoutStderr: [2m2026-10-01T06:39:25.534255Z[0m [32m INFO[0m [2mmir2_platform_android::phone_hud[0m[2m:[0m ANDROID_PHONE_TEXT_LAYOUT [3mfont[0m[2m=[0mTextFont { font: SystemUi, font_size: Px(23.466667), weight: FontWeight(400), width: FontWidth(1.0), style: Normal, font_smoothing: AntiAliased, font_features: FontFeatures { features: [] }, font_variations: FontVariations { variations: [] } } [3mcolor[0m[2m=[0mTextColor(Srgba(Srgba { red: 0.96, green: 0.85, blue: 0.61, alpha: 1.0 })) [3mglyph_masks[0m[2m=[0m[true, true, true]
10-01 14:39:25.542  3589  3614 I RustStdoutStderr: [2m2026-10-01T06:39:25.534272Z[0m [32m INFO[0m [2mmir2_platform_android::phone_hud[0m[2m:[0m ANDROID_PHONE_TEXT_LAYOUT [3mfont[0m[2m=[0mTextFont { font: SystemUi, font_size: Px(23.466667), weight: FontWeight(400), width: FontWidth(1.0), style: Normal, font_smoothing: AntiAliased, font_features: FontFeatures { features: [] }, font_variations: FontVariations { variations: [] } } [3mcolor[0m[2m=[0mTextColor(Srgba(Srgba { red: 0.96, green: 0.85, blue: 0.61, alpha: 1.0 })) [3mglyph_masks[0m[2m=[0m[true, true, true]
10-01 14:39:25.542  3589  3614 I RustStdoutStderr: [2m2026-10-01T06:39:25.534285Z[0m [32m INFO[0m [2mmir2_platform_android::phone_hud[0m[2m:[0m ANDROID_PHONE_TEXT_LAYOUT [3mfont[0m[2m=[0mTextFont { font: SystemUi, font_size: Px(23.466667), weight: FontWeight(400), width: FontWidth(1.0), style: Normal, font_smoothing: AntiAliased, font_features: FontFeatures { features: [] }, font_variations: FontVariations { variations: [] } } [3mcolor[0m[2m=[0mTextColor(Srgba(Srgba { red: 0.96, green: 0.85, blue: 0.61, alpha: 1.0 })) [3mglyph_masks[0m[2m=[0m[true, true, true, true, true]
10-01 14:39:25.542  3589  3614 I RustStdoutStderr: [2m2026-10-01T06:39:25.534299Z[0m [32m INFO[0m [2mmir2_platform_android::phone_hud[0m[2m:[0m ANDROID_PHONE_TEXT_LAYOUT [3mfont[0m[2m=[0mTextFont { font: SystemUi, font_size: Px(23.466667), weight: FontWeight(400), width: FontWidth(1.0), style: Normal, font_smoothing: AntiAliased, font_features: FontFeatures { features: [] }, font_variations: FontVariations { variations: [] } } [3mcolor[0m[2m=[0mTextColor(Srgba(Srgba { red: 0.96, green: 0.85, blue: 0.61, alpha: 1.0 })) [3mglyph_masks[0m[2m=[0m[true, true, true, true, true, true, true]
10-01 14:39:25.542  3589  3614 I RustStdoutStderr: [2m2026-10-01T06:39:25.534311Z[0m [32m INFO[0m [2mmir2_platform_android::phone_hud[0m[2m:[0m ANDROID_PHONE_TEXT_LAYOUT [3mfont[0m[2m=[0mTextFont { font: SystemUi, font_size: Px(23.466667), weight: FontWeight(400), width: FontWidth(1.0), style: Normal, font_smoothing: AntiAliased, font_features: FontFeatures { features: [] }, font_variations: FontVariations { variations: [] } } [3mcolor[0m[2m=[0mTextColor(Srgba(Srgba { red: 0.96, green: 0.85, blue: 0.61, alpha: 1.0 })) [3mglyph_masks[0m[2m=[0m[true, true, true, true, true]
10-01 14:39:25.542  3589  3614 I RustStdoutStderr: [2m2026-10-01T06:39:25.534322Z[0m [32m INFO[0m [2mmir2_platform_android::phone_hud[0m[2m:[0m ANDROID_PHONE_TEXT_LAYOUT [3mfont[0m[2m=[0mTextFont { font: SystemUi, font_size: Px(23.466667), weight: FontWeight(400), width: FontWidth(1.0), style: Normal, font_smoothing: AntiAliased, font_features: FontFeatures { features: [] }, font_variations: FontVariations { variations: [] } } [3mcolor[0m[2m=[0mTextColor(Srgba(Srgba { red: 0.96, green: 0.85, blue: 0.61, alpha: 1.0 })) [3mglyph_masks[0m[2m=[0m[true, true, true, true, true, true]
10-01 14:39:25.542  3589  3614 I RustStdoutStderr: [2m2026-10-01T06:39:25.534334Z[0m [32m INFO[0m [2mmir2_platform_android::phone_hud[0m[2m:[0m ANDROID_PHONE_TEXT_LAYOUT [3mfont[0m[2m=[0mTextFont { font: SystemUi, font_size: Px(23.466667), weight: FontWeight(400), width: FontWidth(1.0), style: Normal, font_smoothing: AntiAliased, font_features: FontFeatures { features: [] }, font_variations: FontVariations { variations: [] } } [3mcolor[0m[2m=[0mTextColor(Srgba(Srgba { red: 0.96, green: 0.85, blue: 0.61, alpha: 1.0 })) [3mglyph_masks[0m[2m=[0m[true, true, true, true, true]
10-01 14:39:25.542  3589  3614 I RustStdoutStderr: [2m2026-10-01T06:39:25.534821Z[0m [32m INFO[0m [2mmir2_platform_android::phone_hud[0m[2m:[0m ANDROID_PHONE_TEXT_LAYOUT [3mfont[0m[2m=[0mTextFont { font: SystemUi, font_size: Px(23.466667), weight: FontWeight(400), width: FontWidth(1.0), style: Normal, font_smoothing: AntiAliased, font_features: FontFeatures { features: [] }, font_variations: FontVariations { variations: [] } } [3mcolor[0m[2m=[0mTextColor(Srgba(Srgba { red: 0.96, green: 0.85, blue: 0.61, alpha: 1.0 })) [3mglyph_masks[0m[2m=[0m[true, true, true, true, true]
10-01 14:39:25.542  3589  3614 I RustStdoutStderr: [2m2026-10-01T06:39:25.534842Z[0m [32m INFO[0m [2mmir2_platform_android::phone_hud[0m[2m:[0m ANDROID_PHONE_TEXT_LAYOUT [3mfont[0m[2m=[0mTextFont { font: SystemUi, font_size: Px(23.466667), weight: FontWeight(400), width: FontWidth(1.0), style: Normal, font_smoothing: AntiAliased, font_features: FontFeatures { features: [] }, font_variations: FontVariations { variations: [] } } [3mcolor[0m[2m=[0mTextColor(Srgba(Srgba { red: 0.96, green: 0.85, blue: 0.61, alpha: 1.0 })) [3mglyph_masks[0m[2m=[0m[true, true, true, true, true]
10-01 14:39:25.542  3589  3614 I RustStdoutStderr: [2m2026-10-01T06:39:25.534855Z[0m [32m INFO[0m [2mmir2_platform_android::phone_hud[0m[2m:[0m ANDROID_PHONE_TEXT_LAYOUT [3mfont[0m[2m=[0mTextFont { font: SystemUi, font_size: Px(23.466667), weight: FontWeight(400), width: FontWidth(1.0), style: Normal, font_smoothing: AntiAliased, font_features: FontFeatures { features: [] }, font_variations: FontVariations { variations: [] } } [3mcolor[0m[2m=[0mTextColor(Srgba(Srgba { red: 0.96, green: 0.85, blue: 0.61, alpha: 1.0 })) [3mglyph_masks[0m[2m=[0m[true, true, true, true]
10-01 14:39:25.571  3589  3615 D EGL_emulation: app_time_stats: avg=111.16ms min=46.59ms max=351.83ms count=10
10-01 14:39:25.595  3589  3616 E event /Users/henryliu/.cargo/registry/src/index.crates.io-1949cf8c6b5b557f/bevy_asset-0.19.0/sPath not found: original-ui/MagIcon/54.png
10-01 14:39:25.601  3589  3614 I RustStdoutStderr: [2m2026-10-01T06:39:25.595105Z[0m [31mERROR[0m [2mbevy_asset::server[0m[2m:[0m Path not found: original-ui/MagIcon/54.png
10-01 14:39:25.736  3589  3616 E event /Users/henryliu/.cargo/registry/src/index.crates.io-1949cf8c6b5b557f/bevy_asset-0.19.0/sPath not found: original-ui/MagIcon/54.png
10-01 14:39:25.736  3589  3614 I RustStdoutStderr: [2m2026-10-01T06:39:25.735863Z[0m [31mERROR[0m [2mbevy_asset::server[0m[2m:[0m Path not found: original-ui/MagIcon/54.png
10-01 14:39:25.898  3589  3616 E event /Users/henryliu/.cargo/registry/src/index.crates.io-1949cf8c6b5b557f/bevy_asset-0.19.0/sPath not found: original-ui/MagIcon/54.png
10-01 14:39:25.898  3589  3614 I RustStdoutStderr: [2m2026-10-01T06:39:25.898568Z[0m [31mERROR[0m [2mbevy_asset::server[0m[2m:[0m Path not found: original-ui/MagIcon/54.png
10-01 14:39:26.015  3589  3616 E event /Users/henryliu/.cargo/registry/src/index.crates.io-1949cf8c6b5b557f/bevy_asset-0.19.0/sPath not found: original-ui/MagIcon/54.png
10-01 14:39:26.015  3589  3614 I RustStdoutStderr: [2m2026-10-01T06:39:26.015483Z[0m [31mERROR[0m [2mbevy_asset::server[0m[2m:[0m Path not found: original-ui/MagIcon/54.png
10-01 14:39:26.198  3589  3616 E event /Users/henryliu/.cargo/registry/src/index.crates.io-1949cf8c6b5b557f/bevy_asset-0.19.0/sPath not found: original-ui/MagIcon/54.png
10-01 14:39:26.202  3589  3614 I RustStdoutStderr: [2m2026-10-01T06:39:26.198202Z[0m [31mERROR[0m [2mbevy_asset::server[0m[2m:[0m Path not found: original-ui/MagIcon/54.png
10-01 14:39:26.304  3589  3614 I RustStdoutStderr: [2m2026-10-01T06:39:26.304146Z[0m [31mERROR[0m [2mbevy_asset::server[0m[2m:[0m Path not found: original-ui/MagIcon/54.png
10-01 14:39:26.304  3589  3616 E event /Users/henryliu/.cargo/registry/src/index.crates.io-1949cf8c6b5b557f/bevy_asset-0.19.0/sPath not found: original-ui/MagIcon/54.png
10-01 14:39:26.435  3589  3616 E event /Users/henryliu/.cargo/registry/src/index.crates.io-1949cf8c6b5b557f/bevy_asset-0.19.0/sPath not found: original-ui/MagIcon/54.png
10-01 14:39:26.435  3589  3614 I RustStdoutStderr: [2m2026-10-01T06:39:26.434761Z[0m [31mERROR[0m [2mbevy_asset::server[0m[2m:[0m Path not found: original-ui/MagIcon/54.png
10-01 14:39:26.479  3589  3616 E event /Users/henryliu/.cargo/registry/src/index.crates.io-1949cf8c6b5b557f/bevy_asset-0.19.0/sPath not found: original-ui/MagIcon/54.png
10-01 14:39:26.479  3589  3614 I RustStdoutStderr: [2m2026-10-01T06:39:26.479280Z[0m [31mERROR[0m [2mbevy_asset::server[0m[2m:[0m Path not found: original-ui/MagIcon/54.png
10-01 14:39:26.708  3589  3616 E event /Users/henryliu/.cargo/registry/src/index.crates.io-1949cf8c6b5b557f/bevy_asset-0.19.0/sPath not found: original-ui/MagIcon/54.png
10-01 14:39:26.708  3589  3614 I RustStdoutStderr: [2m2026-10-01T06:39:26.708592Z[0m [31mERROR[0m [2mbevy_asset::server[0m[2m:[0m Path not found: original-ui/MagIcon/54.png
10-01 14:39:26.759  3589  3615 D EGL_emulation: app_time_stats: avg=131.95ms min=40.13ms max=250.78ms count=9
10-01 14:39:26.789  3589  3616 E event /Users/henryliu/.cargo/registry/src/index.crates.io-1949cf8c6b5b557f/bevy_asset-0.19.0/sPath not found: original-ui/MagIcon/54.png
10-01 14:39:26.790  3589  3614 I RustStdoutStderr: [2m2026-10-01T06:39:26.789630Z[0m [31mERROR[0m [2mbevy_asset::server[0m[2m:[0m Path not found: original-ui/MagIcon/54.png
10-01 14:39:26.972  3589  3616 E event /Users/henryliu/.cargo/registry/src/index.crates.io-1949cf8c6b5b557f/bevy_asset-0.19.0/sPath not found: original-ui/MagIcon/54.png
10-01 14:39:26.972  3589  3614 I RustStdoutStderr: [2m2026-10-01T06:39:26.972084Z[0m [31mERROR[0m [2mbevy_asset::server[0m[2m:[0m Path not found: original-ui/MagIcon/54.png
10-01 14:39:27.014  3589  3616 E event /Users/henryliu/.cargo/registry/src/index.crates.io-1949cf8c6b5b557f/bevy_asset-0.19.0/sPath not found: original-ui/MagIcon/54.png
10-01 14:39:27.014  3589  3614 I RustStdoutStderr: [2m2026-10-01T06:39:27.014667Z[0m [31mERROR[0m [2mbevy_asset::server[0m[2m:[0m Path not found: original-ui/MagIcon/54.png
10-01 14:39:27.055  3589  3616 E event /Users/henryliu/.cargo/registry/src/index.crates.io-1949cf8c6b5b557f/bevy_asset-0.19.0/sPath not found: original-ui/MagIcon/54.png
10-01 14:39:27.060  3589  3614 I RustStdoutStderr: [2m2026-10-01T06:39:27.053732Z[0m [31mERROR[0m [2mbevy_asset::server[0m[2m:[0m Path not found: original-ui/MagIcon/54.png
10-01 14:39:27.417  3589  3616 E event /Users/henryliu/.cargo/registry/src/index.crates.io-1949cf8c6b5b557f/bevy_asset-0.19.0/sPath not found: original-ui/MagIcon/54.png
10-01 14:39:27.428  3589  3614 I RustStdoutStderr: [2m2026-10-01T06:39:27.417729Z[0m [31mERROR[0m [2mbevy_asset::server[0m[2m:[0m Path not found: original-ui/MagIcon/54.png
10-01 14:39:27.805  3589  3616 E event /Users/henryliu/.cargo/registry/src/index.crates.io-1949cf8c6b5b557f/bevy_asset-0.19.0/sPath not found: original-ui/MagIcon/54.png
10-01 14:39:27.806  3589  3614 I RustStdoutStderr: [2m2026-10-01T06:39:27.805347Z[0m [31mERROR[0m [2mbevy_asset::server[0m[2m:[0m Path not found: original-ui/MagIcon/54.png
10-01 14:39:28.082  3589  3615 D EGL_emulation: app_time_stats: avg=220.47ms min=43.28ms max=404.76ms count=6
10-01 14:39:28.153  3589  3616 E event /Users/henryliu/.cargo/registry/src/index.crates.io-1949cf8c6b5b557f/bevy_asset-0.19.0/sPath not found: original-ui/MagIcon/54.png
10-01 14:39:28.159  3589  3614 I RustStdoutStderr: [2m2026-10-01T06:39:28.153439Z[0m [31mERROR[0m [2mbevy_asset::server[0m[2m:[0m Path not found: original-ui/MagIcon/54.png
10-01 14:39:28.571  3589  3616 E event /Users/henryliu/.cargo/registry/src/index.crates.io-1949cf8c6b5b557f/bevy_asset-0.19.0/sPath not found: original-ui/MagIcon/54.png
10-01 14:39:28.572  3589  3614 I RustStdoutStderr: [2m2026-10-01T06:39:28.571431Z[0m [31mERROR[0m [2mbevy_asset::server[0m[2m:[0m Path not found: original-ui/MagIcon/54.png
10-01 14:39:28.775  3589  3616 E event /Users/henryliu/.cargo/registry/src/index.crates.io-1949cf8c6b5b557f/bevy_asset-0.19.0/sPath not found: original-ui/MagIcon/54.png
10-01 14:39:28.775  3589  3614 I RustStdoutStderr: [2m2026-10-01T06:39:28.775215Z[0m [31mERROR[0m [2mbevy_asset::server[0m[2m:[0m Path not found: original-ui/MagIcon/54.png
10-01 14:39:29.058  3589  3616 E event /Users/henryliu/.cargo/registry/src/index.crates.io-1949cf8c6b5b557f/bevy_asset-0.19.0/sPath not found: original-ui/MagIcon/54.png
10-01 14:39:29.059  3589  3614 I RustStdoutStderr: [2m2026-10-01T06:39:29.058494Z[0m [31mERROR[0m [2mbevy_asset::server[0m[2m:[0m Path not found: original-ui/MagIcon/54.png
10-01 14:39:29.168  3589  3615 D EGL_emulation: app_time_stats: avg=271.39ms min=206.01ms max=398.36ms count=4
10-01 14:39:29.248  3589  3616 E event /Users/henryliu/.cargo/registry/src/index.crates.io-1949cf8c6b5b557f/bevy_asset-0.19.0/sPath not found: original-ui/MagIcon/54.png
10-01 14:39:29.248  3589  3614 I RustStdoutStderr: [2m2026-10-01T06:39:29.247431Z[0m [31mERROR[0m [2mbevy_asset::server[0m[2m:[0m Path not found: original-ui/MagIcon/54.png
10-01 14:39:30.059  3589  3616 E event /Users/henryliu/.cargo/registry/src/index.crates.io-1949cf8c6b5b557f/bevy_asset-0.19.0/sPath not found: original-ui/MagIcon/54.png
10-01 14:39:30.059  3589  3614 I RustStdoutStderr: [2m2026-10-01T06:39:30.059049Z[0m [31mERROR[0m [2mbevy_asset::server[0m[2m:[0m Path not found: original-ui/MagIcon/54.png
10-01 14:39:30.242  3589  3614 I RustStdoutStderr: [2m2026-10-01T06:39:30.242799Z[0m [31mERROR[0m [2mbevy_asset::server[0m[2m:[0m Path not found: original-ui/MagIcon/54.png
10-01 14:39:30.243  3589  3616 E event /Users/henryliu/.cargo/registry/src/index.crates.io-1949cf8c6b5b557f/bevy_asset-0.19.0/sPath not found: original-ui/MagIcon/54.png
10-01 14:39:30.517  3589  3615 D EGL_emulation: app_time_stats: avg=449.33ms min=200.75ms max=744.81ms count=3
10-01 14:39:30.606  3589  3614 I RustStdoutStderr: [2m2026-10-01T06:39:30.606574Z[0m [31mERROR[0m [2mbevy_asset::server[0m[2m:[0m Path not found: original-ui/MagIcon/54.png
10-01 14:39:30.606  3589  3616 E event /Users/henryliu/.cargo/registry/src/index.crates.io-1949cf8c6b5b557f/bevy_asset-0.19.0/sPath not found: original-ui/MagIcon/54.png
10-01 14:39:30.850  3589  3616 E event /Users/henryliu/.cargo/registry/src/index.crates.io-1949cf8c6b5b557f/bevy_asset-0.19.0/sPath not found: original-ui/MagIcon/54.png
10-01 14:39:30.851  3589  3614 I RustStdoutStderr: [2m2026-10-01T06:39:30.850249Z[0m [31mERROR[0m [2mbevy_asset::server[0m[2m:[0m Path not found: original-ui/MagIcon/54.png
10-01 14:39:31.212  3589  3616 E event /Users/henryliu/.cargo/registry/src/index.crates.io-1949cf8c6b5b557f/bevy_asset-0.19.0/sPath not found: original-ui/MagIcon/54.png
10-01 14:39:31.235  3589  3614 I RustStdoutStderr: [2m2026-10-01T06:39:31.212272Z[0m [31mERROR[0m [2mbevy_asset::server[0m[2m:[0m Path not found: original-ui/MagIcon/54.png
10-01 14:39:31.473  3589  3616 E event /Users/henryliu/.cargo/registry/src/index.crates.io-1949cf8c6b5b557f/bevy_asset-0.19.0/sPath not found: original-ui/MagIcon/54.png
10-01 14:39:31.474  3589  3614 I RustStdoutStderr: [2m2026-10-01T06:39:31.473408Z[0m [31mERROR[0m [2mbevy_asset::server[0m[2m:[0m Path not found: original-ui/MagIcon/54.png
10-01 14:39:31.573  3589  3615 D EGL_emulation: app_time_stats: avg=263.65ms min=178.57ms max=335.69ms count=4
10-01 14:39:31.802  3589  3616 E event /Users/henryliu/.cargo/registry/src/index.crates.io-1949cf8c6b5b557f/bevy_asset-0.19.0/sPath not found: original-ui/MagIcon/54.png
10-01 14:39:31.802  3589  3614 I RustStdoutStderr: [2m2026-10-01T06:39:31.802215Z[0m [31mERROR[0m [2mbevy_asset::server[0m[2m:[0m Path not found: original-ui/MagIcon/54.png
10-01 14:39:32.038  3589  3616 E event /Users/henryliu/.cargo/registry/src/index.crates.io-1949cf8c6b5b557f/bevy_asset-0.19.0/sPath not found: original-ui/MagIcon/54.png
10-01 14:39:32.046  3589  3614 I RustStdoutStderr: [2m2026-10-01T06:39:32.038784Z[0m [31mERROR[0m [2mbevy_asset::server[0m[2m:[0m Path not found: original-ui/MagIcon/54.png
10-01 14:39:32.170  3589  3616 E event /Users/henryliu/.cargo/registry/src/index.crates.io-1949cf8c6b5b557f/bevy_asset-0.19.0/sPath not found: original-ui/MagIcon/54.png
10-01 14:39:32.171  3589  3614 I RustStdoutStderr: [2m2026-10-01T06:39:32.170759Z[0m [31mERROR[0m [2mbevy_asset::server[0m[2m:[0m Path not found: original-ui/MagIcon/54.png
10-01 14:39:32.379  3589  3616 E event /Users/henryliu/.cargo/registry/src/index.crates.io-1949cf8c6b5b557f/bevy_asset-0.19.0/sPath not found: original-ui/MagIcon/54.png
10-01 14:39:32.380  3589  3614 I RustStdoutStderr: [2m2026-10-01T06:39:32.379767Z[0m [31mERROR[0m [2mbevy_asset::server[0m[2m:[0m Path not found: original-ui/MagIcon/54.png
10-01 14:39:32.489  3589  3616 E event /Users/henryliu/.cargo/registry/src/index.crates.io-1949cf8c6b5b557f/bevy_asset-0.19.0/sPath not found: original-ui/MagIcon/54.png
10-01 14:39:32.492  3589  3614 I RustStdoutStderr: [2m2026-10-01T06:39:32.489191Z[0m [31mERROR[0m [2mbevy_asset::server[0m[2m:[0m Path not found: original-ui/MagIcon/54.png
10-01 14:39:32.595  3589  3615 D EGL_emulation: app_time_stats: avg=204.50ms min=152.41ms max=399.83ms count=5
10-01 14:39:32.835  3589  3616 E event /Users/henryliu/.cargo/registry/src/index.crates.io-1949cf8c6b5b557f/bevy_asset-0.19.0/sPath not found: original-ui/MagIcon/54.png
10-01 14:39:32.840  3589  3614 I RustStdoutStderr: [2m2026-10-01T06:39:32.835597Z[0m [31mERROR[0m [2mbevy_asset::server[0m[2m:[0m Path not found: original-ui/MagIcon/54.png
10-01 14:39:33.046  3589  3616 E event /Users/henryliu/.cargo/registry/src/index.crates.io-1949cf8c6b5b557f/bevy_asset-0.19.0/sPath not found: original-ui/MagIcon/54.png
10-01 14:39:33.047  3589  3614 I RustStdoutStderr: [2m2026-10-01T06:39:33.046788Z[0m [31mERROR[0m [2mbevy_asset::server[0m[2m:[0m Path not found: original-ui/MagIcon/54.png
10-01 14:39:33.538  3589  3616 E event /Users/henryliu/.cargo/registry/src/index.crates.io-1949cf8c6b5b557f/bevy_asset-0.19.0/sPath not found: original-ui/MagIcon/54.png
10-01 14:39:33.539  3589  3614 I RustStdoutStderr: [2m2026-10-01T06:39:33.538468Z[0m [31mERROR[0m [2mbevy_asset::server[0m[2m:[0m Path not found: original-ui/MagIcon/54.png
10-01 14:39:33.679  3589  3616 E event /Users/henryliu/.cargo/registry/src/index.crates.io-1949cf8c6b5b557f/bevy_asset-0.19.0/sPath not found: original-ui/MagIcon/54.png
10-01 14:39:33.680  3589  3614 I RustStdoutStderr: [2m2026-10-01T06:39:33.679034Z[0m [31mERROR[0m [2mbevy_asset::server[0m[2m:[0m Path not found: original-ui/MagIcon/54.png
10-01 14:39:33.832  3589  3615 D EGL_emulation: app_time_stats: avg=308.90ms min=104.87ms max=555.78ms count=4
10-01 14:39:33.953  3589  3614 I RustStdoutStderr: [2m2026-10-01T06:39:33.953679Z[0m [31mERROR[0m [2mbevy_asset::server[0m[2m:[0m Path not found: original-ui/MagIcon/54.png
10-01 14:39:33.953  3589  3616 E event /Users/henryliu/.cargo/registry/src/index.crates.io-1949cf8c6b5b557f/bevy_asset-0.19.0/sPath not found: original-ui/MagIcon/54.png
10-01 14:39:34.160  3589  3616 E event /Users/henryliu/.cargo/registry/src/index.crates.io-1949cf8c6b5b557f/bevy_asset-0.19.0/sPath not found: original-ui/MagIcon/54.png
10-01 14:39:34.161  3589  3614 I RustStdoutStderr: [2m2026-10-01T06:39:34.160344Z[0m [31mERROR[0m [2mbevy_asset::server[0m[2m:[0m Path not found: original-ui/MagIcon/54.png
10-01 14:39:34.560  3589  3616 E event /Users/henryliu/.cargo/registry/src/index.crates.io-1949cf8c6b5b557f/bevy_asset-0.19.0/sPath not found: original-ui/MagIcon/54.png
10-01 14:39:34.560  3589  3614 I RustStdoutStderr: [2m2026-10-01T06:39:34.560107Z[0m [31mERROR[0m [2mbevy_asset::server[0m[2m:[0m Path not found: original-ui/MagIcon/54.png
10-01 14:39:34.983  3589  3615 D EGL_emulation: app_time_stats: avg=383.57ms min=230.61ms max=532.92ms count=3
10-01 14:39:35.089  3589  3616 E event /Users/henryliu/.cargo/registry/src/index.crates.io-1949cf8c6b5b557f/bevy_asset-0.19.0/sPath not found: original-ui/MagIcon/54.png
10-01 14:39:35.090  3589  3614 I RustStdoutStderr: [2m2026-10-01T06:39:35.089691Z[0m [31mERROR[0m [2mbevy_asset::server[0m[2m:[0m Path not found: original-ui/MagIcon/54.png
10-01 14:39:35.399  3589  3616 E event /Users/henryliu/.cargo/registry/src/index.crates.io-1949cf8c6b5b557f/bevy_asset-0.19.0/sPath not found: original-ui/MagIcon/54.png
10-01 14:39:35.400  3589  3614 I RustStdoutStderr: [2m2026-10-01T06:39:35.399567Z[0m [31mERROR[0m [2mbevy_asset::server[0m[2m:[0m Path not found: original-ui/MagIcon/54.png
10-01 14:39:35.929  3589  3616 E event /Users/henryliu/.cargo/registry/src/index.crates.io-1949cf8c6b5b557f/bevy_asset-0.19.0/sPath not found: original-ui/MagIcon/54.png
10-01 14:39:35.929  3589  3614 I RustStdoutStderr: [2m2026-10-01T06:39:35.929158Z[0m [31mERROR[0m [2mbevy_asset::server[0m[2m:[0m Path not found: original-ui/MagIcon/54.png
10-01 14:39:36.105  3589  3616 E event /Users/henryliu/.cargo/registry/src/index.crates.io-1949cf8c6b5b557f/bevy_asset-0.19.0/sPath not found: original-ui/MagIcon/54.png
10-01 14:39:36.105  3589  3614 I RustStdoutStderr: [2m2026-10-01T06:39:36.105652Z[0m [31mERROR[0m [2mbevy_asset::server[0m[2m:[0m Path not found: original-ui/MagIcon/54.png
10-01 14:39:36.178  3589  3615 D EGL_emulation: app_time_stats: avg=298.76ms min=200.49ms max=381.02ms count=4
10-01 14:39:36.206  3589  3616 E event /Users/henryliu/.cargo/registry/src/index.crates.io-1949cf8c6b5b557f/bevy_asset-0.19.0/sPath not found: original-ui/MagIcon/54.png
10-01 14:39:36.207  3589  3614 I RustStdoutStderr: [2m2026-10-01T06:39:36.206103Z[0m [31mERROR[0m [2mbevy_asset::server[0m[2m:[0m Path not found: original-ui/MagIcon/54.png
10-01 14:39:36.372  3589  3616 E event /Users/henryliu/.cargo/registry/src/index.crates.io-1949cf8c6b5b557f/bevy_asset-0.19.0/sPath not found: original-ui/MagIcon/54.png
10-01 14:39:36.373  3589  3614 I RustStdoutStderr: [2m2026-10-01T06:39:36.372037Z[0m [31mERROR[0m [2mbevy_asset::server[0m[2m:[0m Path not found: original-ui/MagIcon/54.png
10-01 14:39:36.475  3589  3616 E event /Users/henryliu/.cargo/registry/src/index.crates.io-1949cf8c6b5b557f/bevy_asset-0.19.0/sPath not found: original-ui/MagIcon/54.png
10-01 14:39:36.476  3589  3614 I RustStdoutStderr: [2m2026-10-01T06:39:36.475778Z[0m [31mERROR[0m [2mbevy_asset::server[0m[2m:[0m Path not found: original-ui/MagIcon/54.png
10-01 14:39:36.564  3589  3616 E event /Users/henryliu/.cargo/registry/src/index.crates.io-1949cf8c6b5b557f/bevy_asset-0.19.0/sPath not found: original-ui/MagIcon/54.png
10-01 14:39:36.564  3589  3614 I RustStdoutStderr: [2m2026-10-01T06:39:36.564400Z[0m [31mERROR[0m [2mbevy_asset::server[0m[2m:[0m Path not found: original-ui/MagIcon/54.png
10-01 14:39:36.682  3589  3616 E event /Users/henryliu/.cargo/registry/src/index.crates.io-1949cf8c6b5b557f/bevy_asset-0.19.0/sPath not found: original-ui/MagIcon/54.png
10-01 14:39:36.683  3589  3614 I RustStdoutStderr: [2m2026-10-01T06:39:36.682266Z[0m [31mERROR[0m [2mbevy_asset::server[0m[2m:[0m Path not found: original-ui/MagIcon/54.png
10-01 14:39:36.793  3589  3616 E event /Users/henryliu/.cargo/registry/src/index.crates.io-1949cf8c6b5b557f/bevy_asset-0.19.0/sPath not found: original-ui/MagIcon/54.png
10-01 14:39:36.793  3589  3614 I RustStdoutStderr: [2m2026-10-01T06:39:36.793531Z[0m [31mERROR[0m [2mbevy_asset::server[0m[2m:[0m Path not found: original-ui/MagIcon/54.png
10-01 14:39:37.110  3589  3616 E event /Users/henryliu/.cargo/registry/src/index.crates.io-1949cf8c6b5b557f/bevy_asset-0.19.0/sPath not found: original-ui/MagIcon/54.png
10-01 14:39:37.112  3589  3614 I RustStdoutStderr: [2m2026-10-01T06:39:37.110413Z[0m [31mERROR[0m [2mbevy_asset::server[0m[2m:[0m Path not found: original-ui/MagIcon/54.png
10-01 14:39:37.285  3589  3615 D EGL_emulation: app_time_stats: avg=158.08ms min=77.78ms max=293.04ms count=7
10-01 14:39:37.339  3589  3616 E event /Users/henryliu/.cargo/registry/src/index.crates.io-1949cf8c6b5b557f/bevy_asset-0.19.0/sPath not found: original-ui/MagIcon/54.png
10-01 14:39:37.340  3589  3614 I RustStdoutStderr: [2m2026-10-01T06:39:37.339388Z[0m [31mERROR[0m [2mbevy_asset::server[0m[2m:[0m Path not found: original-ui/MagIcon/54.png
10-01 14:39:37.715  3589  3614 I RustStdoutStderr: [2m2026-10-01T06:39:37.715359Z[0m [31mERROR[0m [2mbevy_asset::server[0m[2m:[0m Path not found: original-ui/MagIcon/54.png
10-01 14:39:37.715  3589  3616 E event /Users/henryliu/.cargo/registry/src/index.crates.io-1949cf8c6b5b557f/bevy_asset-0.19.0/sPath not found: original-ui/MagIcon/54.png
10-01 14:39:37.910  3589  3616 E event /Users/henryliu/.cargo/registry/src/index.crates.io-1949cf8c6b5b557f/bevy_asset-0.19.0/sPath not found: original-ui/MagIcon/54.png
10-01 14:39:37.911  3589  3614 I RustStdoutStderr: [2m2026-10-01T06:39:37.910059Z[0m [31mERROR[0m [2mbevy_asset::server[0m[2m:[0m Path not found: original-ui/MagIcon/54.png
10-01 14:39:38.034  3589  3616 E event /Users/henryliu/.cargo/registry/src/index.crates.io-1949cf8c6b5b557f/bevy_asset-0.19.0/sPath not found: original-ui/MagIcon/54.png
10-01 14:39:38.035  3589  3614 I RustStdoutStderr: [2m2026-10-01T06:39:38.034426Z[0m [31mERROR[0m [2mbevy_asset::server[0m[2m:[0m Path not found: original-ui/MagIcon/54.png
10-01 14:39:38.332  3589  3616 E event /Users/henryliu/.cargo/registry/src/index.crates.io-1949cf8c6b5b557f/bevy_asset-0.19.0/sPath not found: original-ui/MagIcon/54.png
10-01 14:39:38.334  3589  3614 I RustStdoutStderr: [2m2026-10-01T06:39:38.332397Z[0m [31mERROR[0m [2mbevy_asset::server[0m[2m:[0m Path not found: original-ui/MagIcon/54.png
10-01 14:39:38.416  3589  3615 D EGL_emulation: app_time_stats: avg=226.13ms min=114.08ms max=452.32ms count=5
10-01 14:39:38.649  3589  3616 E event /Users/henryliu/.cargo/registry/src/index.crates.io-1949cf8c6b5b557f/bevy_asset-0.19.0/sPath not found: original-ui/MagIcon/54.png
10-01 14:39:38.649  3589  3614 I RustStdoutStderr: [2m2026-10-01T06:39:38.649290Z[0m [31mERROR[0m [2mbevy_asset::server[0m[2m:[0m Path not found: original-ui/MagIcon/54.png
10-01 14:39:38.896  3589  3616 E event /Users/henryliu/.cargo/registry/src/index.crates.io-1949cf8c6b5b557f/bevy_asset-0.19.0/sPath not found: original-ui/MagIcon/54.png
10-01 14:39:38.897  3589  3614 I RustStdoutStderr: [2m2026-10-01T06:39:38.896446Z[0m [31mERROR[0m [2mbevy_asset::server[0m[2m:[0m Path not found: original-ui/MagIcon/54.png
10-01 14:39:39.173  3589  3616 E event /Users/henryliu/.cargo/registry/src/index.crates.io-1949cf8c6b5b557f/bevy_asset-0.19.0/sPath not found: original-ui/MagIcon/54.png
10-01 14:39:39.175  3589  3614 I RustStdoutStderr: [2m2026-10-01T06:39:39.173601Z[0m [31mERROR[0m [2mbevy_asset::server[0m[2m:[0m Path not found: original-ui/MagIcon/54.png
10-01 14:39:39.539  3589  3616 E event /Users/henryliu/.cargo/registry/src/index.crates.io-1949cf8c6b5b557f/bevy_asset-0.19.0/sPath not found: original-ui/MagIcon/54.png
10-01 14:39:39.541  3589  3614 I RustStdoutStderr: [2m2026-10-01T06:39:39.539703Z[0m [31mERROR[0m [2mbevy_asset::server[0m[2m:[0m Path not found: original-ui/MagIcon/54.png
10-01 14:39:39.730  3589  3615 D EGL_emulation: app_time_stats: avg=328.17ms min=153.41ms max=442.13ms count=4
10-01 14:39:39.817  3589  3616 E event /Users/henryliu/.cargo/registry/src/index.crates.io-1949cf8c6b5b557f/bevy_asset-0.19.0/sPath not found: original-ui/MagIcon/54.png
10-01 14:39:39.826  3589  3614 I RustStdoutStderr: [2m2026-10-01T06:39:39.817468Z[0m [31mERROR[0m [2mbevy_asset::server[0m[2m:[0m Path not found: original-ui/MagIcon/54.png
10-01 14:39:40.050  3589  3616 E event /Users/henryliu/.cargo/registry/src/index.crates.io-1949cf8c6b5b557f/bevy_asset-0.19.0/sPath not found: original-ui/MagIcon/54.png
10-01 14:39:40.057  3589  3614 I RustStdoutStderr: [2m2026-10-01T06:39:40.050088Z[0m [31mERROR[0m [2mbevy_asset::server[0m[2m:[0m Path not found: original-ui/MagIcon/54.png
10-01 14:39:40.296  3589  3616 E event /Users/henryliu/.cargo/registry/src/index.crates.io-1949cf8c6b5b557f/bevy_asset-0.19.0/sPath not found: original-ui/MagIcon/54.png
10-01 14:39:40.297  3589  3614 I RustStdoutStderr: [2m2026-10-01T06:39:40.296787Z[0m [31mERROR[0m [2mbevy_asset::server[0m[2m:[0m Path not found: original-ui/MagIcon/54.png
10-01 14:39:40.515  3589  3616 E event /Users/henryliu/.cargo/registry/src/index.crates.io-1949cf8c6b5b557f/bevy_asset-0.19.0/sPath not found: original-ui/MagIcon/54.png
10-01 14:39:40.516  3589  3614 I RustStdoutStderr: [2m2026-10-01T06:39:40.515609Z[0m [31mERROR[0m [2mbevy_asset::server[0m[2m:[0m Path not found: original-ui/MagIcon/54.png
10-01 14:39:40.715  3589  3616 E event /Users/henryliu/.cargo/registry/src/index.crates.io-1949cf8c6b5b557f/bevy_asset-0.19.0/sPath not found: original-ui/MagIcon/54.png
10-01 14:39:40.715  3589  3614 I RustStdoutStderr: [2m2026-10-01T06:39:40.714797Z[0m [31mERROR[0m [2mbevy_asset::server[0m[2m:[0m Path not found: original-ui/MagIcon/54.png
10-01 14:39:40.821  3589  3615 D EGL_emulation: app_time_stats: avg=217.97ms min=170.97ms max=304.07ms count=5
10-01 14:39:40.929  3589  3616 E event /Users/henryliu/.cargo/registry/src/index.crates.io-1949cf8c6b5b557f/bevy_asset-0.19.0/sPath not found: original-ui/MagIcon/54.png
10-01 14:39:40.930  3589  3614 I RustStdoutStderr: [2m2026-10-01T06:39:40.929888Z[0m [31mERROR[0m [2mbevy_asset::server[0m[2m:[0m Path not found: original-ui/MagIcon/54.png
10-01 14:39:41.301  3589  3616 E event /Users/henryliu/.cargo/registry/src/index.crates.io-1949cf8c6b5b557f/bevy_asset-0.19.0/sPath not found: original-ui/MagIcon/54.png
10-01 14:39:41.306  3589  3614 I RustStdoutStderr: [2m2026-10-01T06:39:41.301202Z[0m [31mERROR[0m [2mbevy_asset::server[0m[2m:[0m Path not found: original-ui/MagIcon/54.png
10-01 14:39:41.693  3589  3616 E event /Users/henryliu/.cargo/registry/src/index.crates.io-1949cf8c6b5b557f/bevy_asset-0.19.0/sPath not found: original-ui/MagIcon/54.png
10-01 14:39:41.695  3589  3614 I RustStdoutStderr: [2m2026-10-01T06:39:41.693164Z[0m [31mERROR[0m [2mbevy_asset::server[0m[2m:[0m Path not found: original-ui/MagIcon/54.png
10-01 14:39:41.888  3589  3615 D EGL_emulation: app_time_stats: avg=355.48ms min=252.43ms max=449.34ms count=3
10-01 14:39:42.004  3589  3616 E event /Users/henryliu/.cargo/registry/src/index.crates.io-1949cf8c6b5b557f/bevy_asset-0.19.0/sPath not found: original-ui/MagIcon/54.png
10-01 14:39:42.005  3589  3614 I RustStdoutStderr: [2m2026-10-01T06:39:42.004460Z[0m [31mERROR[0m [2mbevy_asset::server[0m[2m:[0m Path not found: original-ui/MagIcon/54.png
10-01 14:39:42.349  3589  3616 E event /Users/henryliu/.cargo/registry/src/index.crates.io-1949cf8c6b5b557f/bevy_asset-0.19.0/sPath not found: original-ui/MagIcon/54.png
10-01 14:39:42.353  3589  3614 I RustStdoutStderr: [2m2026-10-01T06:39:42.349667Z[0m [31mERROR[0m [2mbevy_asset::server[0m[2m:[0m Path not found: original-ui/MagIcon/54.png
10-01 14:39:42.513  3589  3616 E event /Users/henryliu/.cargo/registry/src/index.crates.io-1949cf8c6b5b557f/bevy_asset-0.19.0/sPath not found: original-ui/MagIcon/54.png
10-01 14:39:42.513  3589  3614 I RustStdoutStderr: [2m2026-10-01T06:39:42.513020Z[0m [31mERROR[0m [2mbevy_asset::server[0m[2m:[0m Path not found: original-ui/MagIcon/54.png
10-01 14:39:42.781  3589  3616 E event /Users/henryliu/.cargo/registry/src/index.crates.io-1949cf8c6b5b557f/bevy_asset-0.19.0/sPath not found: original-ui/MagIcon/54.png
10-01 14:39:42.786  3589  3614 I RustStdoutStderr: [2m2026-10-01T06:39:42.781128Z[0m [31mERROR[0m [2mbevy_asset::server[0m[2m:[0m Path not found: original-ui/MagIcon/54.png
10-01 14:39:42.928  3589  3615 D EGL_emulation: app_time_stats: avg=259.88ms min=140.92ms max=357.63ms count=4
10-01 14:39:43.038  3589  3616 E event /Users/henryliu/.cargo/registry/src/index.crates.io-1949cf8c6b5b557f/bevy_asset-0.19.0/sPath not found: original-ui/MagIcon/54.png
10-01 14:39:43.038  3589  3614 I RustStdoutStderr: [2m2026-10-01T06:39:43.037946Z[0m [31mERROR[0m [2mbevy_asset::server[0m[2m:[0m Path not found: original-ui/MagIcon/54.png
10-01 14:39:43.448  3589  3616 E event /Users/henryliu/.cargo/registry/src/index.crates.io-1949cf8c6b5b557f/bevy_asset-0.19.0/sPath not found: original-ui/MagIcon/54.png
10-01 14:39:43.448  3589  3614 I RustStdoutStderr: [2m2026-10-01T06:39:43.447925Z[0m [31mERROR[0m [2mbevy_asset::server[0m[2m:[0m Path not found: original-ui/MagIcon/54.png
10-01 14:39:43.638  3589  3616 E event /Users/henryliu/.cargo/registry/src/index.crates.io-1949cf8c6b5b557f/bevy_asset-0.19.0/sPath not found: original-ui/MagIcon/54.png
10-01 14:39:43.640  3589  3614 I RustStdoutStderr: [2m2026-10-01T06:39:43.638089Z[0m [31mERROR[0m [2mbevy_asset::server[0m[2m:[0m Path not found: original-ui/MagIcon/54.png
10-01 14:39:43.782  3589  3616 E event /Users/henryliu/.cargo/registry/src/index.crates.io-1949cf8c6b5b557f/bevy_asset-0.19.0/sPath not found: original-ui/MagIcon/54.png
10-01 14:39:43.782  3589  3614 I RustStdoutStderr: [2m2026-10-01T06:39:43.782061Z[0m [31mERROR[0m [2mbevy_asset::server[0m[2m:[0m Path not found: original-ui/MagIcon/54.png
10-01 14:39:44.018  3589  3616 E event /Users/henryliu/.cargo/registry/src/index.crates.io-1949cf8c6b5b557f/bevy_asset-0.19.0/sPath not found: original-ui/MagIcon/54.png
10-01 14:39:44.026  3589  3614 I RustStdoutStderr: [2m2026-10-01T06:39:44.017999Z[0m [31mERROR[0m [2mbevy_asset::server[0m[2m:[0m Path not found: original-ui/MagIcon/54.png
10-01 14:39:44.113  3589  3615 D EGL_emulation: app_time_stats: avg=236.95ms min=96.07ms max=427.38ms count=5
10-01 14:39:44.210  3589  3616 E event /Users/henryliu/.cargo/registry/src/index.crates.io-1949cf8c6b5b557f/bevy_asset-0.19.0/sPath not found: original-ui/MagIcon/54.png
10-01 14:39:44.211  3589  3614 I RustStdoutStderr: [2m2026-10-01T06:39:44.210550Z[0m [31mERROR[0m [2mbevy_asset::server[0m[2m:[0m Path not found: original-ui/MagIcon/54.png
10-01 14:39:44.546  3589  3616 E event /Users/henryliu/.cargo/registry/src/index.crates.io-1949cf8c6b5b557f/bevy_asset-0.19.0/sPath not found: original-ui/MagIcon/54.png
10-01 14:39:44.546  3589  3614 I RustStdoutStderr: [2m2026-10-01T06:39:44.546089Z[0m [31mERROR[0m [2mbevy_asset::server[0m[2m:[0m Path not found: original-ui/MagIcon/54.png
10-01 14:39:45.041  3589  3616 E event /Users/henryliu/.cargo/registry/src/index.crates.io-1949cf8c6b5b557f/bevy_asset-0.19.0/sPath not found: original-ui/MagIcon/54.png
10-01 14:39:45.042  3589  3614 I RustStdoutStderr: [2m2026-10-01T06:39:45.041607Z[0m [31mERROR[0m [2mbevy_asset::server[0m[2m:[0m Path not found: original-ui/MagIcon/54.png
10-01 14:39:45.171  3589  3616 E event /Users/henryliu/.cargo/registry/src/index.crates.io-1949cf8c6b5b557f/bevy_asset-0.19.0/sPath not found: original-ui/MagIcon/54.png
10-01 14:39:45.172  3589  3614 I RustStdoutStderr: [2m2026-10-01T06:39:45.171287Z[0m [31mERROR[0m [2mbevy_asset::server[0m[2m:[0m Path not found: original-ui/MagIcon/54.png
10-01 14:39:45.307  3589  3615 D EGL_emulation: app_time_stats: avg=298.49ms min=123.55ms max=536.52ms count=4
10-01 14:39:45.372  3589  3616 E event /Users/henryliu/.cargo/registry/src/index.crates.io-1949cf8c6b5b557f/bevy_asset-0.19.0/sPath not found: original-ui/MagIcon/54.png
10-01 14:39:45.372  3589  3614 I RustStdoutStderr: [2m2026-10-01T06:39:45.372518Z[0m [31mERROR[0m [2mbevy_asset::server[0m[2m:[0m Path not found: original-ui/MagIcon/54.png
10-01 14:39:45.561  3589  3616 E event /Users/henryliu/.cargo/registry/src/index.crates.io-1949cf8c6b5b557f/bevy_asset-0.19.0/sPath not found: original-ui/MagIcon/54.png
10-01 14:39:45.561  3589  3614 I RustStdoutStderr: [2m2026-10-01T06:39:45.561502Z[0m [31mERROR[0m [2mbevy_asset::server[0m[2m:[0m Path not found: original-ui/MagIcon/54.png
10-01 14:39:45.841  3589  3616 E event /Users/henryliu/.cargo/registry/src/index.crates.io-1949cf8c6b5b557f/bevy_asset-0.19.0/sPath not found: original-ui/MagIcon/54.png
10-01 14:39:45.842  3589  3614 I RustStdoutStderr: [2m2026-10-01T06:39:45.841303Z[0m [31mERROR[0m [2mbevy_asset::server[0m[2m:[0m Path not found: original-ui/MagIcon/54.png
10-01 14:39:46.138  3589  3616 E event /Users/henryliu/.cargo/registry/src/index.crates.io-1949cf8c6b5b557f/bevy_asset-0.19.0/sPath not found: original-ui/MagIcon/54.png
10-01 14:39:46.138  3589  3614 I RustStdoutStderr: [2m2026-10-01T06:39:46.137165Z[0m [31mERROR[0m [2mbevy_asset::server[0m[2m:[0m Path not found: original-ui/MagIcon/54.png
10-01 14:39:46.468  3589  3616 E event /Users/henryliu/.cargo/registry/src/index.crates.io-1949cf8c6b5b557f/bevy_asset-0.19.0/sPath not found: original-ui/MagIcon/54.png
10-01 14:39:46.483  3589  3614 I RustStdoutStderr: [2m2026-10-01T06:39:46.468312Z[0m [31mERROR[0m [2mbevy_asset::server[0m[2m:[0m Path not found: original-ui/MagIcon/54.png
10-01 14:39:46.589  3589  3615 D EGL_emulation: app_time_stats: avg=256.33ms min=147.00ms max=340.04ms count=5
10-01 14:39:46.645  3589  3616 E event /Users/henryliu/.cargo/registry/src/index.crates.io-1949cf8c6b5b557f/bevy_asset-0.19.0/sPath not found: original-ui/MagIcon/54.png
10-01 14:39:46.655  3589  3614 I RustStdoutStderr: [2m2026-10-01T06:39:46.645214Z[0m [31mERROR[0m [2mbevy_asset::server[0m[2m:[0m Path not found: original-ui/MagIcon/54.png
10-01 14:39:47.019  3589  3616 E event /Users/henryliu/.cargo/registry/src/index.crates.io-1949cf8c6b5b557f/bevy_asset-0.19.0/sPath not found: original-ui/MagIcon/54.png
10-01 14:39:47.028  3589  3614 I RustStdoutStderr: [2m2026-10-01T06:39:47.019677Z[0m [31mERROR[0m [2mbevy_asset::server[0m[2m:[0m Path not found: original-ui/MagIcon/54.png
10-01 14:39:47.228  3589  3616 E event /Users/henryliu/.cargo/registry/src/index.crates.io-1949cf8c6b5b557f/bevy_asset-0.19.0/sPath not found: original-ui/MagIcon/54.png
10-01 14:39:47.229  3589  3614 I RustStdoutStderr: [2m2026-10-01T06:39:47.228239Z[0m [31mERROR[0m [2mbevy_asset::server[0m[2m:[0m Path not found: original-ui/MagIcon/54.png
10-01 14:39:47.404  3589  3616 E event /Users/henryliu/.cargo/registry/src/index.crates.io-1949cf8c6b5b557f/bevy_asset-0.19.0/sPath not found: original-ui/MagIcon/54.png
10-01 14:39:47.408  3589  3614 I RustStdoutStderr: [2m2026-10-01T06:39:47.404638Z[0m [31mERROR[0m [2mbevy_asset::server[0m[2m:[0m Path not found: original-ui/MagIcon/54.png
10-01 14:39:47.683  3589  3616 E event /Users/henryliu/.cargo/registry/src/index.crates.io-1949cf8c6b5b557f/bevy_asset-0.19.0/sPath not found: original-ui/MagIcon/54.png
10-01 14:39:47.688  3589  3614 I RustStdoutStderr: [2m2026-10-01T06:39:47.683709Z[0m [31mERROR[0m [2mbevy_asset::server[0m[2m:[0m Path not found: original-ui/MagIcon/54.png
10-01 14:39:47.711  3589  3615 D EGL_emulation: app_time_stats: avg=224.41ms min=156.99ms max=303.20ms count=5
10-01 14:39:47.873  3589  3616 E event /Users/henryliu/.cargo/registry/src/index.crates.io-1949cf8c6b5b557f/bevy_asset-0.19.0/sPath not found: original-ui/MagIcon/54.png
10-01 14:39:47.874  3589  3614 I RustStdoutStderr: [2m2026-10-01T06:39:47.873780Z[0m [31mERROR[0m [2mbevy_asset::server[0m[2m:[0m Path not found: original-ui/MagIcon/54.png
10-01 14:39:48.091  3589  3616 E event /Users/henryliu/.cargo/registry/src/index.crates.io-1949cf8c6b5b557f/bevy_asset-0.19.0/sPath not found: original-ui/MagIcon/54.png
10-01 14:39:48.092  3589  3614 I RustStdoutStderr: [2m2026-10-01T06:39:48.091471Z[0m [31mERROR[0m [2mbevy_asset::server[0m[2m:[0m Path not found: original-ui/MagIcon/54.png
10-01 14:39:48.244  3589  3616 E event /Users/henryliu/.cargo/registry/src/index.crates.io-1949cf8c6b5b557f/bevy_asset-0.19.0/sPath not found: original-ui/MagIcon/54.png
10-01 14:39:48.244  3589  3614 I RustStdoutStderr: [2m2026-10-01T06:39:48.244195Z[0m [31mERROR[0m [2mbevy_asset::server[0m[2m:[0m Path not found: original-ui/MagIcon/54.png
10-01 14:39:48.414  3589  3616 E event /Users/henryliu/.cargo/registry/src/index.crates.io-1949cf8c6b5b557f/bevy_asset-0.19.0/sPath not found: original-ui/MagIcon/54.png
10-01 14:39:48.414  3589  3614 I RustStdoutStderr: [2m2026-10-01T06:39:48.414032Z[0m [31mERROR[0m [2mbevy_asset::server[0m[2m:[0m Path not found: original-ui/MagIcon/54.png
10-01 14:39:48.596  3589  3616 E event /Users/henryliu/.cargo/registry/src/index.crates.io-1949cf8c6b5b557f/bevy_asset-0.19.0/sPath not found: original-ui/MagIcon/54.png
10-01 14:39:48.597  3589  3614 I RustStdoutStderr: [2m2026-10-01T06:39:48.596650Z[0m [31mERROR[0m [2mbevy_asset::server[0m[2m:[0m Path not found: original-ui/MagIcon/54.png
10-01 14:39:48.845  3589  3616 E event /Users/henryliu/.cargo/registry/src/index.crates.io-1949cf8c6b5b557f/bevy_asset-0.19.0/sPath not found: original-ui/MagIcon/54.png
10-01 14:39:48.845  3589  3614 I RustStdoutStderr: [2m2026-10-01T06:39:48.845263Z[0m [31mERROR[0m [2mbevy_asset::server[0m[2m:[0m Path not found: original-ui/MagIcon/54.png
10-01 14:39:48.949  3589  3615 D EGL_emulation: app_time_stats: avg=206.25ms min=94.84ms max=294.67ms count=6
10-01 14:39:49.142  3589  3616 E event /Users/henryliu/.cargo/registry/src/index.crates.io-1949cf8c6b5b557f/bevy_asset-0.19.0/sPath not found: original-ui/MagIcon/54.png
10-01 14:39:49.144  3589  3614 I RustStdoutStderr: [2m2026-10-01T06:39:49.141937Z[0m [31mERROR[0m [2mbevy_asset::server[0m[2m:[0m Path not found: original-ui/MagIcon/54.png
10-01 14:39:49.471  3589  3616 E event /Users/henryliu/.cargo/registry/src/index.crates.io-1949cf8c6b5b557f/bevy_asset-0.19.0/sPath not found: original-ui/MagIcon/54.png
10-01 14:39:49.471  3589  3614 I RustStdoutStderr: [2m2026-10-01T06:39:49.470752Z[0m [31mERROR[0m [2mbevy_asset::server[0m[2m:[0m Path not found: original-ui/MagIcon/54.png
10-01 14:39:49.690  3589  3616 E event /Users/henryliu/.cargo/registry/src/index.crates.io-1949cf8c6b5b557f/bevy_asset-0.19.0/sPath not found: original-ui/MagIcon/54.png
10-01 14:39:49.690  3589  3614 I RustStdoutStderr: [2m2026-10-01T06:39:49.690276Z[0m [31mERROR[0m [2mbevy_asset::server[0m[2m:[0m Path not found: original-ui/MagIcon/54.png
10-01 14:39:49.896  3589  3616 E event /Users/henryliu/.cargo/registry/src/index.crates.io-1949cf8c6b5b557f/bevy_asset-0.19.0/sPath not found: original-ui/MagIcon/54.png
10-01 14:39:49.898  3589  3614 I RustStdoutStderr: [2m2026-10-01T06:39:49.896270Z[0m [31mERROR[0m [2mbevy_asset::server[0m[2m:[0m Path not found: original-ui/MagIcon/54.png
10-01 14:39:50.033  3589  3615 D EGL_emulation: app_time_stats: avg=270.92ms min=199.54ms max=383.47ms count=4
10-01 14:39:50.130  3589  3616 E event /Users/henryliu/.cargo/registry/src/index.crates.io-1949cf8c6b5b557f/bevy_asset-0.19.0/sPath not found: original-ui/MagIcon/54.png
10-01 14:39:50.130  3589  3614 I RustStdoutStderr: [2m2026-10-01T06:39:50.129961Z[0m [31mERROR[0m [2mbevy_asset::server[0m[2m:[0m Path not found: original-ui/MagIcon/54.png
10-01 14:39:50.373  3589  3616 E event /Users/henryliu/.cargo/registry/src/index.crates.io-1949cf8c6b5b557f/bevy_asset-0.19.0/sPath not found: original-ui/MagIcon/54.png
10-01 14:39:50.374  3589  3614 I RustStdoutStderr: [2m2026-10-01T06:39:50.373557Z[0m [31mERROR[0m [2mbevy_asset::server[0m[2m:[0m Path not found: original-ui/MagIcon/54.png
10-01 14:39:50.575  3589  3616 E event /Users/henryliu/.cargo/registry/src/index.crates.io-1949cf8c6b5b557f/bevy_asset-0.19.0/sPath not found: original-ui/MagIcon/54.png
10-01 14:39:50.575  3589  3614 I RustStdoutStderr: [2m2026-10-01T06:39:50.575467Z[0m [31mERROR[0m [2mbevy_asset::server[0m[2m:[0m Path not found: original-ui/MagIcon/54.png
10-01 14:39:50.822  3589  3616 E event /Users/henryliu/.cargo/registry/src/index.crates.io-1949cf8c6b5b557f/bevy_asset-0.19.0/sPath not found: original-ui/MagIcon/54.png
10-01 14:39:50.824  3589  3614 I RustStdoutStderr: [2m2026-10-01T06:39:50.822570Z[0m [31mERROR[0m [2mbevy_asset::server[0m[2m:[0m Path not found: original-ui/MagIcon/54.png
10-01 14:39:51.061  3589  3615 D EGL_emulation: app_time_stats: avg=256.84ms min=174.01ms max=345.13ms count=4
10-01 14:39:51.211  3589  3614 I RustStdoutStderr: [2m2026-10-01T06:39:51.211520Z[0m [31mERROR[0m [2mbevy_asset::server[0m[2m:[0m Path not found: original-ui/MagIcon/54.png
10-01 14:39:51.223  3589  3616 E event /Users/henryliu/.cargo/registry/src/index.crates.io-1949cf8c6b5b557f/bevy_asset-0.19.0/sPath not found: original-ui/MagIcon/54.png
10-01 14:39:51.603  3589  3616 E event /Users/henryliu/.cargo/registry/src/index.crates.io-1949cf8c6b5b557f/bevy_asset-0.19.0/sPath not found: original-ui/MagIcon/54.png
10-01 14:39:51.604  3589  3614 I RustStdoutStderr: [2m2026-10-01T06:39:51.600701Z[0m [31mERROR[0m [2mbevy_asset::server[0m[2m:[0m Path not found: original-ui/MagIcon/54.png
10-01 14:39:52.116  3589  3615 D EGL_emulation: app_time_stats: avg=527.72ms min=455.98ms max=599.47ms count=2
10-01 14:39:52.407  3589  3616 E event /Users/henryliu/.cargo/registry/src/index.crates.io-1949cf8c6b5b557f/bevy_asset-0.19.0/sPath not found: original-ui/MagIcon/54.png
10-01 14:39:52.409  3589  3614 I RustStdoutStderr: [2m2026-10-01T06:39:52.407914Z[0m [31mERROR[0m [2mbevy_asset::server[0m[2m:[0m Path not found: original-ui/MagIcon/54.png
10-01 14:39:52.697  3589  3616 E event /Users/henryliu/.cargo/registry/src/index.crates.io-1949cf8c6b5b557f/bevy_asset-0.19.0/sPath not found: original-ui/MagIcon/54.png
10-01 14:39:52.697  3589  3614 I RustStdoutStderr: [2m2026-10-01T06:39:52.697199Z[0m [31mERROR[0m [2mbevy_asset::server[0m[2m:[0m Path not found: original-ui/MagIcon/54.png
10-01 14:39:52.958  3589  3616 E event /Users/henryliu/.cargo/registry/src/index.crates.io-1949cf8c6b5b557f/bevy_asset-0.19.0/sPath not found: original-ui/MagIcon/54.png
10-01 14:39:52.970  3589  3614 I RustStdoutStderr: [2m2026-10-01T06:39:52.958364Z[0m [31mERROR[0m [2mbevy_asset::server[0m[2m:[0m Path not found: original-ui/MagIcon/54.png
10-01 14:39:53.164  3589  3616 E event /Users/henryliu/.cargo/registry/src/index.crates.io-1949cf8c6b5b557f/bevy_asset-0.19.0/sPath not found: original-ui/MagIcon/54.png
10-01 14:39:53.164  3589  3614 I RustStdoutStderr: [2m2026-10-01T06:39:53.163881Z[0m [31mERROR[0m [2mbevy_asset::server[0m[2m:[0m Path not found: original-ui/MagIcon/54.png
10-01 14:39:53.280  3589  3615 D EGL_emulation: app_time_stats: avg=290.77ms min=190.73ms max=487.37ms count=4
10-01 14:39:53.392  3589  3616 E event /Users/henryliu/.cargo/registry/src/index.crates.io-1949cf8c6b5b557f/bevy_asset-0.19.0/sPath not found: original-ui/MagIcon/54.png
10-01 14:39:53.393  3589  3614 I RustStdoutStderr: [2m2026-10-01T06:39:53.392223Z[0m [31mERROR[0m [2mbevy_asset::server[0m[2m:[0m Path not found: original-ui/MagIcon/54.png
10-01 14:39:53.669  3589  3616 E event /Users/henryliu/.cargo/registry/src/index.crates.io-1949cf8c6b5b557f/bevy_asset-0.19.0/sPath not found: original-ui/MagIcon/54.png
10-01 14:39:53.669  3589  3614 I RustStdoutStderr: [2m2026-10-01T06:39:53.669685Z[0m [31mERROR[0m [2mbevy_asset::server[0m[2m:[0m Path not found: original-ui/MagIcon/54.png
10-01 14:39:53.995  3589  3616 E event /Users/henryliu/.cargo/registry/src/index.crates.io-1949cf8c6b5b557f/bevy_asset-0.19.0/sPath not found: original-ui/MagIcon/54.png
10-01 14:39:53.995  3589  3614 I RustStdoutStderr: [2m2026-10-01T06:39:53.995653Z[0m [31mERROR[0m [2mbevy_asset::server[0m[2m:[0m Path not found: original-ui/MagIcon/54.png
10-01 14:39:54.318  3589  3616 E event /Users/henryliu/.cargo/registry/src/index.crates.io-1949cf8c6b5b557f/bevy_asset-0.19.0/sPath not found: original-ui/MagIcon/54.png
10-01 14:39:54.318  3589  3614 I RustStdoutStderr: [2m2026-10-01T06:39:54.317993Z[0m [31mERROR[0m [2mbevy_asset::server[0m[2m:[0m Path not found: original-ui/MagIcon/54.png
10-01 14:39:54.376  3589  3615 D EGL_emulation: app_time_stats: avg=274.01ms min=202.37ms max=317.37ms count=4
10-01 14:39:54.422  3589  3616 E event /Users/henryliu/.cargo/registry/src/index.crates.io-1949cf8c6b5b557f/bevy_asset-0.19.0/sPath not found: original-ui/MagIcon/54.png
10-01 14:39:54.423  3589  3614 I RustStdoutStderr: [2m2026-10-01T06:39:54.421128Z[0m [31mERROR[0m [2mbevy_asset::server[0m[2m:[0m Path not found: original-ui/MagIcon/54.png
10-01 14:39:54.537  3589  3616 E event /Users/henryliu/.cargo/registry/src/index.crates.io-1949cf8c6b5b557f/bevy_asset-0.19.0/sPath not found: original-ui/MagIcon/54.png
10-01 14:39:54.537  3589  3614 I RustStdoutStderr: [2m2026-10-01T06:39:54.537237Z[0m [31mERROR[0m [2mbevy_asset::server[0m[2m:[0m Path not found: original-ui/MagIcon/54.png
10-01 14:39:54.693  3589  3616 E event /Users/henryliu/.cargo/registry/src/index.crates.io-1949cf8c6b5b557f/bevy_asset-0.19.0/sPath not found: original-ui/MagIcon/54.png
10-01 14:39:54.693  3589  3614 I RustStdoutStderr: [2m2026-10-01T06:39:54.692921Z[0m [31mERROR[0m [2mbevy_asset::server[0m[2m:[0m Path not found: original-ui/MagIcon/54.png
10-01 14:39:55.047  3589  3616 E event /Users/henryliu/.cargo/registry/src/index.crates.io-1949cf8c6b5b557f/bevy_asset-0.19.0/sPath not found: original-ui/MagIcon/54.png
10-01 14:39:55.047  3589  3614 I RustStdoutStderr: [2m2026-10-01T06:39:55.047055Z[0m [31mERROR[0m [2mbevy_asset::server[0m[2m:[0m Path not found: original-ui/MagIcon/54.png
10-01 14:39:55.328  3589  3616 E event /Users/henryliu/.cargo/registry/src/index.crates.io-1949cf8c6b5b557f/bevy_asset-0.19.0/sPath not found: original-ui/MagIcon/54.png
10-01 14:39:55.328  3589  3614 I RustStdoutStderr: [2m2026-10-01T06:39:55.328198Z[0m [31mERROR[0m [2mbevy_asset::server[0m[2m:[0m Path not found: original-ui/MagIcon/54.png
10-01 14:39:55.618  3589  3615 D EGL_emulation: app_time_stats: avg=248.37ms min=103.63ms max=480.15ms count=5
10-01 14:39:55.701  3589  3616 E event /Users/henryliu/.cargo/registry/src/index.crates.io-1949cf8c6b5b557f/bevy_asset-0.19.0/sPath not found: original-ui/MagIcon/54.png
10-01 14:39:55.702  3589  3614 I RustStdoutStderr: [2m2026-10-01T06:39:55.701262Z[0m [31mERROR[0m [2mbevy_asset::server[0m[2m:[0m Path not found: original-ui/MagIcon/54.png
10-01 14:39:55.876  3589  3616 E event /Users/henryliu/.cargo/registry/src/index.crates.io-1949cf8c6b5b557f/bevy_asset-0.19.0/sPath not found: original-ui/MagIcon/54.png
10-01 14:39:55.877  3589  3614 I RustStdoutStderr: [2m2026-10-01T06:39:55.876793Z[0m [31mERROR[0m [2mbevy_asset::server[0m[2m:[0m Path not found: original-ui/MagIcon/54.png
10-01 14:39:56.065  3589  3616 E event /Users/henryliu/.cargo/registry/src/index.crates.io-1949cf8c6b5b557f/bevy_asset-0.19.0/sPath not found: original-ui/MagIcon/54.png
10-01 14:39:56.065  3589  3614 I RustStdoutStderr: [2m2026-10-01T06:39:56.065542Z[0m [31mERROR[0m [2mbevy_asset::server[0m[2m:[0m Path not found: original-ui/MagIcon/54.png
10-01 14:39:56.185  3589  3616 E event /Users/henryliu/.cargo/registry/src/index.crates.io-1949cf8c6b5b557f/bevy_asset-0.19.0/sPath not found: original-ui/MagIcon/54.png
10-01 14:39:56.186  3589  3614 I RustStdoutStderr: [2m2026-10-01T06:39:56.185494Z[0m [31mERROR[0m [2mbevy_asset::server[0m[2m:[0m Path not found: original-ui/MagIcon/54.png
10-01 14:39:56.515  3589  3616 E event /Users/henryliu/.cargo/registry/src/index.crates.io-1949cf8c6b5b557f/bevy_asset-0.19.0/sPath not found: original-ui/MagIcon/54.png
10-01 14:39:56.515  3589  3614 I RustStdoutStderr: [2m2026-10-01T06:39:56.515580Z[0m [31mERROR[0m [2mbevy_asset::server[0m[2m:[0m Path not found: original-ui/MagIcon/54.png
10-01 14:39:56.738  3589  3615 D EGL_emulation: app_time_stats: avg=223.78ms min=170.12ms max=298.11ms count=5
10-01 14:39:56.831  3589  3616 E event /Users/henryliu/.cargo/registry/src/index.crates.io-1949cf8c6b5b557f/bevy_asset-0.19.0/sPath not found: original-ui/MagIcon/54.png
10-01 14:39:56.831  3589  3614 I RustStdoutStderr: [2m2026-10-01T06:39:56.831380Z[0m [31mERROR[0m [2mbevy_asset::server[0m[2m:[0m Path not found: original-ui/MagIcon/54.png
10-01 14:39:57.316  3589  3616 E event /Users/henryliu/.cargo/registry/src/index.crates.io-1949cf8c6b5b557f/bevy_asset-0.19.0/sPath not found: original-ui/MagIcon/54.png
10-01 14:39:57.317  3589  3614 I RustStdoutStderr: [2m2026-10-01T06:39:57.316376Z[0m [31mERROR[0m [2mbevy_asset::server[0m[2m:[0m Path not found: original-ui/MagIcon/54.png
10-01 14:39:57.541  3589  3616 E event /Users/henryliu/.cargo/registry/src/index.crates.io-1949cf8c6b5b557f/bevy_asset-0.19.0/sPath not found: original-ui/MagIcon/54.png
10-01 14:39:57.543  3589  3614 I RustStdoutStderr: [2m2026-10-01T06:39:57.541590Z[0m [31mERROR[0m [2mbevy_asset::server[0m[2m:[0m Path not found: original-ui/MagIcon/54.png
10-01 14:39:57.801  3589  3614 I RustStdoutStderr: [2m2026-10-01T06:39:57.801711Z[0m [31mERROR[0m [2mbevy_asset::server[0m[2m:[0m Path not found: original-ui/MagIcon/54.png
10-01 14:39:57.801  3589  3616 E event /Users/henryliu/.cargo/registry/src/index.crates.io-1949cf8c6b5b557f/bevy_asset-0.19.0/sPath not found: original-ui/MagIcon/54.png
10-01 14:39:57.923  3589  3615 D EGL_emulation: app_time_stats: avg=296.20ms min=216.62ms max=469.86ms count=4
10-01 14:39:58.031  3589  3616 E event /Users/henryliu/.cargo/registry/src/index.crates.io-1949cf8c6b5b557f/bevy_asset-0.19.0/sPath not found: original-ui/MagIcon/54.png
10-01 14:39:58.032  3589  3614 I RustStdoutStderr: [2m2026-10-01T06:39:58.031826Z[0m [31mERROR[0m [2mbevy_asset::server[0m[2m:[0m Path not found: original-ui/MagIcon/54.png
10-01 14:39:58.303  3589  3616 E event /Users/henryliu/.cargo/registry/src/index.crates.io-1949cf8c6b5b557f/bevy_asset-0.19.0/sPath not found: original-ui/MagIcon/54.png
10-01 14:39:58.304  3589  3614 I RustStdoutStderr: [2m2026-10-01T06:39:58.303879Z[0m [31mERROR[0m [2mbevy_asset::server[0m[2m:[0m Path not found: original-ui/MagIcon/54.png
10-01 14:39:58.433  3589  3616 E event /Users/henryliu/.cargo/registry/src/index.crates.io-1949cf8c6b5b557f/bevy_asset-0.19.0/sPath not found: original-ui/MagIcon/54.png
10-01 14:39:58.434  3589  3614 I RustStdoutStderr: [2m2026-10-01T06:39:58.433477Z[0m [31mERROR[0m [2mbevy_asset::server[0m[2m:[0m Path not found: original-ui/MagIcon/54.png
10-01 14:39:58.627  3589  3616 E event /Users/henryliu/.cargo/registry/src/index.crates.io-1949cf8c6b5b557f/bevy_asset-0.19.0/sPath not found: original-ui/MagIcon/54.png
10-01 14:39:58.627  3589  3614 I RustStdoutStderr: [2m2026-10-01T06:39:58.627175Z[0m [31mERROR[0m [2mbevy_asset::server[0m[2m:[0m Path not found: original-ui/MagIcon/54.png
10-01 14:39:58.905  3589  3616 E event /Users/henryliu/.cargo/registry/src/index.crates.io-1949cf8c6b5b557f/bevy_asset-0.19.0/sPath not found: original-ui/MagIcon/54.png
10-01 14:39:58.906  3589  3614 I RustStdoutStderr: [2m2026-10-01T06:39:58.905579Z[0m [31mERROR[0m [2mbevy_asset::server[0m[2m:[0m Path not found: original-ui/MagIcon/54.png
10-01 14:39:59.038  3589  3615 D EGL_emulation: app_time_stats: avg=223.02ms min=134.32ms max=335.96ms count=5
10-01 14:39:59.093  3589  3616 E event /Users/henryliu/.cargo/registry/src/index.crates.io-1949cf8c6b5b557f/bevy_asset-0.19.0/sPath not found: original-ui/MagIcon/54.png
10-01 14:39:59.094  3589  3614 I RustStdoutStderr: [2m2026-10-01T06:39:59.093442Z[0m [31mERROR[0m [2mbevy_asset::server[0m[2m:[0m Path not found: original-ui/MagIcon/54.png
10-01 14:39:59.949  3589  3614 I RustStdoutStderr: [2m2026-10-01T06:39:59.949624Z[0m [31mERROR[0m [2mbevy_asset::server[0m[2m:[0m Path not found: original-ui/MagIcon/54.png
10-01 14:39:59.950  3589  3616 E event /Users/henryliu/.cargo/registry/src/index.crates.io-1949cf8c6b5b557f/bevy_asset-0.19.0/sPath not found: original-ui/MagIcon/54.png
10-01 14:40:00.056  3589  3615 D EGL_emulation: app_time_stats: avg=508.85ms min=473.66ms max=544.04ms count=2
10-01 14:40:00.203  3589  3614 I RustStdoutStderr: [2m2026-10-01T06:40:00.189199Z[0m [31mERROR[0m [2mbevy_asset::server[0m[2m:[0m Path not found: original-ui/MagIcon/54.png
10-01 14:40:00.204  3589  3616 E event /Users/henryliu/.cargo/registry/src/index.crates.io-1949cf8c6b5b557f/bevy_asset-0.19.0/sPath not found: original-ui/MagIcon/54.png
10-01 14:40:00.458  3589  3616 E event /Users/henryliu/.cargo/registry/src/index.crates.io-1949cf8c6b5b557f/bevy_asset-0.19.0/sPath not found: original-ui/MagIcon/54.png
10-01 14:40:00.459  3589  3614 I RustStdoutStderr: [2m2026-10-01T06:40:00.458658Z[0m [31mERROR[0m [2mbevy_asset::server[0m[2m:[0m Path not found: original-ui/MagIcon/54.png
10-01 14:40:00.749  3589  3616 E event /Users/henryliu/.cargo/registry/src/index.crates.io-1949cf8c6b5b557f/bevy_asset-0.19.0/sPath not found: original-ui/MagIcon/54.png
10-01 14:40:00.750  3589  3614 I RustStdoutStderr: [2m2026-10-01T06:40:00.749530Z[0m [31mERROR[0m [2mbevy_asset::server[0m[2m:[0m Path not found: original-ui/MagIcon/54.png
10-01 14:40:01.129  3589  3616 E event /Users/henryliu/.cargo/registry/src/index.crates.io-1949cf8c6b5b557f/bevy_asset-0.19.0/sPath not found: original-ui/MagIcon/54.png
10-01 14:40:01.130  3589  3614 I RustStdoutStderr: [2m2026-10-01T06:40:01.129333Z[0m [31mERROR[0m [2mbevy_asset::server[0m[2m:[0m Path not found: original-ui/MagIcon/54.png
10-01 14:40:01.227  3589  3615 D EGL_emulation: app_time_stats: avg=291.85ms min=170.96ms max=340.19ms count=4
10-01 14:40:01.352  3589  3616 E event /Users/henryliu/.cargo/registry/src/index.crates.io-1949cf8c6b5b557f/bevy_asset-0.19.0/sPath not found: original-ui/MagIcon/54.png
10-01 14:40:01.353  3589  3614 I RustStdoutStderr: [2m2026-10-01T06:40:01.352044Z[0m [31mERROR[0m [2mbevy_asset::server[0m[2m:[0m Path not found: original-ui/MagIcon/54.png
10-01 14:40:01.641  3589  3616 E event /Users/henryliu/.cargo/registry/src/index.crates.io-1949cf8c6b5b557f/bevy_asset-0.19.0/sPath not found: original-ui/MagIcon/54.png
10-01 14:40:01.641  3589  3614 I RustStdoutStderr: [2m2026-10-01T06:40:01.641636Z[0m [31mERROR[0m [2mbevy_asset::server[0m[2m:[0m Path not found: original-ui/MagIcon/54.png
10-01 14:40:01.830  3589  3614 I RustStdoutStderr: [2m2026-10-01T06:40:01.830349Z[0m [31mERROR[0m [2mbevy_asset::server[0m[2m:[0m Path not found: original-ui/MagIcon/54.png
10-01 14:40:01.830  3589  3616 E event /Users/henryliu/.cargo/registry/src/index.crates.io-1949cf8c6b5b557f/bevy_asset-0.19.0/sPath not found: original-ui/MagIcon/54.png
10-01 14:40:02.148  3589  3616 E event /Users/henryliu/.cargo/registry/src/index.crates.io-1949cf8c6b5b557f/bevy_asset-0.19.0/sPath not found: original-ui/MagIcon/54.png
10-01 14:40:02.148  3589  3614 I RustStdoutStderr: [2m2026-10-01T06:40:02.148096Z[0m [31mERROR[0m [2mbevy_asset::server[0m[2m:[0m Path not found: original-ui/MagIcon/54.png
10-01 14:40:02.563  3589  3615 D EGL_emulation: app_time_stats: avg=333.90ms min=157.48ms max=505.64ms count=4
10-01 14:40:02.782  3589  3616 E event /Users/henryliu/.cargo/registry/src/index.crates.io-1949cf8c6b5b557f/bevy_asset-0.19.0/sPath not found: original-ui/MagIcon/54.png
10-01 14:40:02.788  3589  3614 I RustStdoutStderr: [2m2026-10-01T06:40:02.781843Z[0m [31mERROR[0m [2mbevy_asset::server[0m[2m:[0m Path not found: original-ui/MagIcon/54.png
10-01 14:40:03.063  3589  3616 E event /Users/henryliu/.cargo/registry/src/index.crates.io-1949cf8c6b5b557f/bevy_asset-0.19.0/sPath not found: original-ui/MagIcon/54.png
10-01 14:40:03.063  3589  3614 I RustStdoutStderr: [2m2026-10-01T06:40:03.062828Z[0m [31mERROR[0m [2mbevy_asset::server[0m[2m:[0m Path not found: original-ui/MagIcon/54.png
10-01 14:40:03.377  3589  3614 I RustStdoutStderr: [2m2026-10-01T06:40:03.377368Z[0m [31mERROR[0m [2mbevy_asset::server[0m[2m:[0m Path not found: original-ui/MagIcon/54.png
10-01 14:40:03.378  3589  3616 E event /Users/henryliu/.cargo/registry/src/index.crates.io-1949cf8c6b5b557f/bevy_asset-0.19.0/sPath not found: original-ui/MagIcon/54.png
10-01 14:40:03.566  3589  3615 D EGL_emulation: app_time_stats: avg=333.99ms min=212.60ms max=421.87ms count=3
10-01 14:40:03.673  3589  3616 E event /Users/henryliu/.cargo/registry/src/index.crates.io-1949cf8c6b5b557f/bevy_asset-0.19.0/sPath not found: original-ui/MagIcon/54.png
10-01 14:40:03.673  3589  3614 I RustStdoutStderr: [2m2026-10-01T06:40:03.673067Z[0m [31mERROR[0m [2mbevy_asset::server[0m[2m:[0m Path not found: original-ui/MagIcon/54.png
10-01 14:40:03.893  3589  3616 E event /Users/henryliu/.cargo/registry/src/index.crates.io-1949cf8c6b5b557f/bevy_asset-0.19.0/sPath not found: original-ui/MagIcon/54.png
10-01 14:40:03.893  3589  3614 I RustStdoutStderr: [2m2026-10-01T06:40:03.893061Z[0m [31mERROR[0m [2mbevy_asset::server[0m[2m:[0m Path not found: original-ui/MagIcon/54.png
10-01 14:40:03.976  3589  3616 E event /Users/henryliu/.cargo/registry/src/index.crates.io-1949cf8c6b5b557f/bevy_asset-0.19.0/sPath not found: original-ui/MagIcon/54.png
10-01 14:40:03.977  3589  3614 I RustStdoutStderr: [2m2026-10-01T06:40:03.976764Z[0m [31mERROR[0m [2mbevy_asset::server[0m[2m:[0m Path not found: original-ui/MagIcon/54.png
10-01 14:40:04.299  3589  3616 E event /Users/henryliu/.cargo/registry/src/index.crates.io-1949cf8c6b5b557f/bevy_asset-0.19.0/sPath not found: original-ui/MagIcon/54.png
10-01 14:40:04.300  3589  3614 I RustStdoutStderr: [2m2026-10-01T06:40:04.299516Z[0m [31mERROR[0m [2mbevy_asset::server[0m[2m:[0m Path not found: original-ui/MagIcon/54.png
10-01 14:40:04.546  3589  3616 E event /Users/henryliu/.cargo/registry/src/index.crates.io-1949cf8c6b5b557f/bevy_asset-0.19.0/sPath not found: original-ui/MagIcon/54.png
10-01 14:40:04.547  3589  3614 I RustStdoutStderr: [2m2026-10-01T06:40:04.546592Z[0m [31mERROR[0m [2mbevy_asset::server[0m[2m:[0m Path not found: original-ui/MagIcon/54.png
10-01 14:40:04.660  3589  3615 D EGL_emulation: app_time_stats: avg=217.70ms min=116.23ms max=267.70ms count=5
10-01 14:40:04.750  3589  3616 E event /Users/henryliu/.cargo/registry/src/index.crates.io-1949cf8c6b5b557f/bevy_asset-0.19.0/sPath not found: original-ui/MagIcon/54.png
10-01 14:40:04.753  3589  3614 I RustStdoutStderr: [2m2026-10-01T06:40:04.750201Z[0m [31mERROR[0m [2mbevy_asset::server[0m[2m:[0m Path not found: original-ui/MagIcon/54.png
10-01 14:40:04.962  3589  3616 E event /Users/henryliu/.cargo/registry/src/index.crates.io-1949cf8c6b5b557f/bevy_asset-0.19.0/sPath not found: original-ui/MagIcon/54.png
10-01 14:40:04.962  3589  3614 I RustStdoutStderr: [2m2026-10-01T06:40:04.962405Z[0m [31mERROR[0m [2mbevy_asset::server[0m[2m:[0m Path not found: original-ui/MagIcon/54.png
10-01 14:40:05.272  3589  3616 E event /Users/henryliu/.cargo/registry/src/index.crates.io-1949cf8c6b5b557f/bevy_asset-0.19.0/sPath not found: original-ui/MagIcon/54.png
10-01 14:40:05.272  3589  3614 I RustStdoutStderr: [2m2026-10-01T06:40:05.272233Z[0m [31mERROR[0m [2mbevy_asset::server[0m[2m:[0m Path not found: original-ui/MagIcon/54.png
10-01 14:40:05.449  3589  3616 E event /Users/henryliu/.cargo/registry/src/index.crates.io-1949cf8c6b5b557f/bevy_asset-0.19.0/sPath not found: original-ui/MagIcon/54.png
10-01 14:40:05.451  3589  3614 I RustStdoutStderr: [2m2026-10-01T06:40:05.449847Z[0m [31mERROR[0m [2mbevy_asset::server[0m[2m:[0m Path not found: original-ui/MagIcon/54.png
10-01 14:40:05.705  3589  3615 D EGL_emulation: app_time_stats: avg=261.37ms min=179.90ms max=325.61ms count=4
10-01 14:40:05.797  3589  3614 I RustStdoutStderr: [2m2026-10-01T06:40:05.797089Z[0m [31mERROR[0m [2mbevy_asset::server[0m[2m:[0m Path not found: original-ui/MagIcon/54.png
10-01 14:40:05.797  3589  3616 E event /Users/henryliu/.cargo/registry/src/index.crates.io-1949cf8c6b5b557f/bevy_asset-0.19.0/sPath not found: original-ui/MagIcon/54.png
10-01 14:40:05.934  3589  3616 E event /Users/henryliu/.cargo/registry/src/index.crates.io-1949cf8c6b5b557f/bevy_asset-0.19.0/sPath not found: original-ui/MagIcon/54.png
10-01 14:40:05.935  3589  3614 I RustStdoutStderr: [2m2026-10-01T06:40:05.934354Z[0m [31mERROR[0m [2mbevy_asset::server[0m[2m:[0m Path not found: original-ui/MagIcon/54.png
10-01 14:40:06.044  3589  3616 E event /Users/henryliu/.cargo/registry/src/index.crates.io-1949cf8c6b5b557f/bevy_asset-0.19.0/sPath not found: original-ui/MagIcon/54.png
10-01 14:40:06.044  3589  3614 I RustStdoutStderr: [2m2026-10-01T06:40:06.044030Z[0m [31mERROR[0m [2mbevy_asset::server[0m[2m:[0m Path not found: original-ui/MagIcon/54.png
10-01 14:40:06.180  3589  3616 E event /Users/henryliu/.cargo/registry/src/index.crates.io-1949cf8c6b5b557f/bevy_asset-0.19.0/sPath not found: original-ui/MagIcon/54.png
10-01 14:40:06.180  3589  3614 I RustStdoutStderr: [2m2026-10-01T06:40:06.180363Z[0m [31mERROR[0m [2mbevy_asset::server[0m[2m:[0m Path not found: original-ui/MagIcon/54.png
10-01 14:40:06.302  3589  3616 E event /Users/henryliu/.cargo/registry/src/index.crates.io-1949cf8c6b5b557f/bevy_asset-0.19.0/sPath not found: original-ui/MagIcon/54.png
10-01 14:40:06.302  3589  3614 I RustStdoutStderr: [2m2026-10-01T06:40:06.302167Z[0m [31mERROR[0m [2mbevy_asset::server[0m[2m:[0m Path not found: original-ui/MagIcon/54.png
10-01 14:40:06.452  3589  3616 E event /Users/henryliu/.cargo/registry/src/index.crates.io-1949cf8c6b5b557f/bevy_asset-0.19.0/sPath not found: original-ui/MagIcon/54.png
10-01 14:40:06.452  3589  3614 I RustStdoutStderr: [2m2026-10-01T06:40:06.452563Z[0m [31mERROR[0m [2mbevy_asset::server[0m[2m:[0m Path not found: original-ui/MagIcon/54.png
10-01 14:40:06.659  3589  3616 E event /Users/henryliu/.cargo/registry/src/index.crates.io-1949cf8c6b5b557f/bevy_asset-0.19.0/sPath not found: original-ui/MagIcon/54.png
10-01 14:40:06.659  3589  3614 I RustStdoutStderr: [2m2026-10-01T06:40:06.659287Z[0m [31mERROR[0m [2mbevy_asset::server[0m[2m:[0m Path not found: original-ui/MagIcon/54.png
10-01 14:40:06.789  3589  3615 D EGL_emulation: app_time_stats: avg=154.68ms min=89.20ms max=252.91ms count=7
10-01 14:40:06.965  3589  3616 E event /Users/henryliu/.cargo/registry/src/index.crates.io-1949cf8c6b5b557f/bevy_asset-0.19.0/sPath not found: original-ui/MagIcon/54.png
10-01 14:40:06.967  3589  3614 I RustStdoutStderr: [2m2026-10-01T06:40:06.965298Z[0m [31mERROR[0m [2mbevy_asset::server[0m[2m:[0m Path not found: original-ui/MagIcon/54.png
10-01 14:40:07.294  3589  3616 E event /Users/henryliu/.cargo/registry/src/index.crates.io-1949cf8c6b5b557f/bevy_asset-0.19.0/sPath not found: original-ui/MagIcon/54.png
10-01 14:40:07.295  3589  3614 I RustStdoutStderr: [2m2026-10-01T06:40:07.294620Z[0m [31mERROR[0m [2mbevy_asset::server[0m[2m:[0m Path not found: original-ui/MagIcon/54.png
10-01 14:40:07.580  3589  3616 E event /Users/henryliu/.cargo/registry/src/index.crates.io-1949cf8c6b5b557f/bevy_asset-0.19.0/sPath not found: original-ui/MagIcon/54.png
10-01 14:40:07.581  3589  3614 I RustStdoutStderr: [2m2026-10-01T06:40:07.580682Z[0m [31mERROR[0m [2mbevy_asset::server[0m[2m:[0m Path not found: original-ui/MagIcon/54.png
10-01 14:40:07.923  3589  3615 D EGL_emulation: app_time_stats: avg=377.77ms min=288.56ms max=549.94ms count=3
10-01 14:40:08.062  3589  3616 E event /Users/henryliu/.cargo/registry/src/index.crates.io-1949cf8c6b5b557f/bevy_asset-0.19.0/sPath not found: original-ui/MagIcon/54.png
10-01 14:40:08.062  3589  3614 I RustStdoutStderr: [2m2026-10-01T06:40:08.061950Z[0m [31mERROR[0m [2mbevy_asset::server[0m[2m:[0m Path not found: original-ui/MagIcon/54.png
10-01 14:40:08.373  3589  3616 E event /Users/henryliu/.cargo/registry/src/index.crates.io-1949cf8c6b5b557f/bevy_asset-0.19.0/sPath not found: original-ui/MagIcon/54.png
10-01 14:40:08.376  3589  3614 I RustStdoutStderr: [2m2026-10-01T06:40:08.373661Z[0m [31mERROR[0m [2mbevy_asset::server[0m[2m:[0m Path not found: original-ui/MagIcon/54.png
10-01 14:40:08.646  3589  3616 E event /Users/henryliu/.cargo/registry/src/index.crates.io-1949cf8c6b5b557f/bevy_asset-0.19.0/sPath not found: original-ui/MagIcon/54.png
10-01 14:40:08.647  3589  3614 I RustStdoutStderr: [2m2026-10-01T06:40:08.646690Z[0m [31mERROR[0m [2mbevy_asset::server[0m[2m:[0m Path not found: original-ui/MagIcon/54.png
10-01 14:40:08.831  3589  3616 E event /Users/henryliu/.cargo/registry/src/index.crates.io-1949cf8c6b5b557f/bevy_asset-0.19.0/sPath not found: original-ui/MagIcon/54.png
10-01 14:40:08.831  3589  3614 I RustStdoutStderr: [2m2026-10-01T06:40:08.831155Z[0m [31mERROR[0m [2mbevy_asset::server[0m[2m:[0m Path not found: original-ui/MagIcon/54.png
10-01 14:40:08.975  3589  3615 D EGL_emulation: app_time_stats: avg=262.85ms min=192.11ms max=360.24ms count=4
10-01 14:40:09.095  3589  3616 E event /Users/henryliu/.cargo/registry/src/index.crates.io-1949cf8c6b5b557f/bevy_asset-0.19.0/sPath not found: original-ui/MagIcon/54.png
10-01 14:40:09.095  3589  3614 I RustStdoutStderr: [2m2026-10-01T06:40:09.095517Z[0m [31mERROR[0m [2mbevy_asset::server[0m[2m:[0m Path not found: original-ui/MagIcon/54.png
10-01 14:40:09.197  3589  3616 E event /Users/henryliu/.cargo/registry/src/index.crates.io-1949cf8c6b5b557f/bevy_asset-0.19.0/sPath not found: original-ui/MagIcon/54.png
10-01 14:40:09.198  3589  3614 I RustStdoutStderr: [2m2026-10-01T06:40:09.197283Z[0m [31mERROR[0m [2mbevy_asset::server[0m[2m:[0m Path not found: original-ui/MagIcon/54.png
10-01 14:40:09.496  3589  3616 E event /Users/henryliu/.cargo/registry/src/index.crates.io-1949cf8c6b5b557f/bevy_asset-0.19.0/sPath not found: original-ui/MagIcon/54.png
10-01 14:40:09.496  3589  3614 I RustStdoutStderr: [2m2026-10-01T06:40:09.495987Z[0m [31mERROR[0m [2mbevy_asset::server[0m[2m:[0m Path not found: original-ui/MagIcon/54.png
10-01 14:40:09.761  3589  3616 E event /Users/henryliu/.cargo/registry/src/index.crates.io-1949cf8c6b5b557f/bevy_asset-0.19.0/sPath not found: original-ui/MagIcon/54.png
10-01 14:40:09.762  3589  3614 I RustStdoutStderr: [2m2026-10-01T06:40:09.760993Z[0m [31mERROR[0m [2mbevy_asset::server[0m[2m:[0m Path not found: original-ui/MagIcon/54.png
10-01 14:40:10.041  3589  3616 E event /Users/henryliu/.cargo/registry/src/index.crates.io-1949cf8c6b5b557f/bevy_asset-0.19.0/sPath not found: original-ui/MagIcon/54.png
10-01 14:40:10.043  3589  3614 I RustStdoutStderr: [2m2026-10-01T06:40:10.041313Z[0m [31mERROR[0m [2mbevy_asset::server[0m[2m:[0m Path not found: original-ui/MagIcon/54.png
10-01 14:40:10.165  3589  3615 D EGL_emulation: app_time_stats: avg=237.92ms min=180.19ms max=330.63ms count=5
10-01 14:40:10.204  3589  3616 E event /Users/henryliu/.cargo/registry/src/index.crates.io-1949cf8c6b5b557f/bevy_asset-0.19.0/sPath not found: original-ui/MagIcon/54.png
10-01 14:40:10.205  3589  3614 I RustStdoutStderr: [2m2026-10-01T06:40:10.204831Z[0m [31mERROR[0m [2mbevy_asset::server[0m[2m:[0m Path not found: original-ui/MagIcon/54.png
10-01 14:40:10.359  3589  3616 E event /Users/henryliu/.cargo/registry/src/index.crates.io-1949cf8c6b5b557f/bevy_asset-0.19.0/sPath not found: original-ui/MagIcon/54.png
10-01 14:40:10.360  3589  3614 I RustStdoutStderr: [2m2026-10-01T06:40:10.358970Z[0m [31mERROR[0m [2mbevy_asset::server[0m[2m:[0m Path not found: original-ui/MagIcon/54.png
10-01 14:40:10.605  3589  3616 E event /Users/henryliu/.cargo/registry/src/index.crates.io-1949cf8c6b5b557f/bevy_asset-0.19.0/sPath not found: original-ui/MagIcon/54.png
10-01 14:40:10.606  3589  3614 I RustStdoutStderr: [2m2026-10-01T06:40:10.605457Z[0m [31mERROR[0m [2mbevy_asset::server[0m[2m:[0m Path not found: original-ui/MagIcon/54.png
10-01 14:40:10.939  3589  3616 E event /Users/henryliu/.cargo/registry/src/index.crates.io-1949cf8c6b5b557f/bevy_asset-0.19.0/sPath not found: original-ui/MagIcon/54.png
10-01 14:40:10.941  3589  3614 I RustStdoutStderr: [2m2026-10-01T06:40:10.938994Z[0m [31mERROR[0m [2mbevy_asset::server[0m[2m:[0m Path not found: original-ui/MagIcon/54.png
10-01 14:40:11.209  3589  3615 D EGL_emulation: app_time_stats: avg=260.89ms min=115.88ms max=493.64ms count=4
10-01 14:40:11.578  3589  3616 E event /Users/henryliu/.cargo/registry/src/index.crates.io-1949cf8c6b5b557f/bevy_asset-0.19.0/sPath not found: original-ui/MagIcon/54.png
10-01 14:40:11.579  3589  3614 I RustStdoutStderr: [2m2026-10-01T06:40:11.578459Z[0m [31mERROR[0m [2mbevy_asset::server[0m[2m:[0m Path not found: original-ui/MagIcon/54.png
10-01 14:40:11.728  3589  3616 E event /Users/henryliu/.cargo/registry/src/index.crates.io-1949cf8c6b5b557f/bevy_asset-0.19.0/sPath not found: original-ui/MagIcon/54.png
10-01 14:40:11.728  3589  3614 I RustStdoutStderr: [2m2026-10-01T06:40:11.728120Z[0m [31mERROR[0m [2mbevy_asset::server[0m[2m:[0m Path not found: original-ui/MagIcon/54.png
10-01 14:40:11.864  3589  3616 E event /Users/henryliu/.cargo/registry/src/index.crates.io-1949cf8c6b5b557f/bevy_asset-0.19.0/sPath not found: original-ui/MagIcon/54.png
10-01 14:40:11.871  3589  3614 I RustStdoutStderr: [2m2026-10-01T06:40:11.864126Z[0m [31mERROR[0m [2mbevy_asset::server[0m[2m:[0m Path not found: original-ui/MagIcon/54.png
10-01 14:40:11.996  3589  3616 E event /Users/henryliu/.cargo/registry/src/index.crates.io-1949cf8c6b5b557f/bevy_asset-0.19.0/sPath not found: original-ui/MagIcon/54.png
10-01 14:40:12.000  3589  3614 I RustStdoutStderr: [2m2026-10-01T06:40:11.996814Z[0m [31mERROR[0m [2mbevy_asset::server[0m[2m:[0m Path not found: original-ui/MagIcon/54.png
10-01 14:40:12.110  3589  3616 E event /Users/henryliu/.cargo/registry/src/index.crates.io-1949cf8c6b5b557f/bevy_asset-0.19.0/sPath not found: original-ui/MagIcon/54.png
10-01 14:40:12.111  3589  3614 I RustStdoutStderr: [2m2026-10-01T06:40:12.110154Z[0m [31mERROR[0m [2mbevy_asset::server[0m[2m:[0m Path not found: original-ui/MagIcon/54.png
10-01 14:40:12.210  3589  3615 D EGL_emulation: app_time_stats: avg=200.18ms min=105.76ms max=454.19ms count=5
10-01 14:40:12.527  3589  3616 E event /Users/henryliu/.cargo/registry/src/index.crates.io-1949cf8c6b5b557f/bevy_asset-0.19.0/sPath not found: original-ui/MagIcon/54.png
10-01 14:40:12.531  3589  3614 I RustStdoutStderr: [2m2026-10-01T06:40:12.527797Z[0m [31mERROR[0m [2mbevy_asset::server[0m[2m:[0m Path not found: original-ui/MagIcon/54.png
10-01 14:40:13.201  3589  3616 E event /Users/henryliu/.cargo/registry/src/index.crates.io-1949cf8c6b5b557f/bevy_asset-0.19.0/sPath not found: original-ui/MagIcon/54.png
10-01 14:40:13.206  3589  3614 I RustStdoutStderr: [2m2026-10-01T06:40:13.201766Z[0m [31mERROR[0m [2mbevy_asset::server[0m[2m:[0m Path not found: original-ui/MagIcon/54.png
10-01 14:40:13.415  3589  3615 D EGL_emulation: app_time_stats: avg=602.20ms min=501.48ms max=702.91ms count=2
10-01 14:40:13.464  3589  3616 E event /Users/henryliu/.cargo/registry/src/index.crates.io-1949cf8c6b5b557f/bevy_asset-0.19.0/sPath not found: original-ui/MagIcon/54.png
10-01 14:40:13.464  3589  3614 I RustStdoutStderr: [2m2026-10-01T06:40:13.464462Z[0m [31mERROR[0m [2mbevy_asset::server[0m[2m:[0m Path not found: original-ui/MagIcon/54.png
10-01 14:40:13.659  3589  3616 E event /Users/henryliu/.cargo/registry/src/index.crates.io-1949cf8c6b5b557f/bevy_asset-0.19.0/sPath not found: original-ui/MagIcon/54.png
10-01 14:40:13.661  3589  3614 I RustStdoutStderr: [2m2026-10-01T06:40:13.659586Z[0m [31mERROR[0m [2mbevy_asset::server[0m[2m:[0m Path not found: original-ui/MagIcon/54.png
10-01 14:40:14.014  3589  3616 E event /Users/henryliu/.cargo/registry/src/index.crates.io-1949cf8c6b5b557f/bevy_asset-0.19.0/sPath not found: original-ui/MagIcon/54.png
10-01 14:40:14.015  3589  3614 I RustStdoutStderr: [2m2026-10-01T06:40:14.014136Z[0m [31mERROR[0m [2mbevy_asset::server[0m[2m:[0m Path not found: original-ui/MagIcon/54.png
10-01 14:40:14.286  3589  3616 E event /Users/henryliu/.cargo/registry/src/index.crates.io-1949cf8c6b5b557f/bevy_asset-0.19.0/sPath not found: original-ui/MagIcon/54.png
10-01 14:40:14.299  3589  3614 I RustStdoutStderr: [2m2026-10-01T06:40:14.286260Z[0m [31mERROR[0m [2mbevy_asset::server[0m[2m:[0m Path not found: original-ui/MagIcon/54.png
10-01 14:40:14.513  3589  3615 D EGL_emulation: app_time_stats: avg=274.40ms min=178.31ms max=367.44ms count=4
10-01 14:40:14.643  3589  3616 E event /Users/henryliu/.cargo/registry/src/index.crates.io-1949cf8c6b5b557f/bevy_asset-0.19.0/sPath not found: original-ui/MagIcon/54.png
10-01 14:40:14.645  3589  3614 I RustStdoutStderr: [2m2026-10-01T06:40:14.637245Z[0m [31mERROR[0m [2mbevy_asset::server[0m[2m:[0m Path not found: original-ui/MagIcon/54.png
10-01 14:40:14.904  3589  3616 E event /Users/henryliu/.cargo/registry/src/index.crates.io-1949cf8c6b5b557f/bevy_asset-0.19.0/sPath not found: original-ui/MagIcon/54.png
10-01 14:40:14.905  3589  3614 I RustStdoutStderr: [2m2026-10-01T06:40:14.904720Z[0m [31mERROR[0m [2mbevy_asset::server[0m[2m:[0m Path not found: original-ui/MagIcon/54.png
10-01 14:40:15.133  3589  3616 E event /Users/henryliu/.cargo/registry/src/index.crates.io-1949cf8c6b5b557f/bevy_asset-0.19.0/sPath not found: original-ui/MagIcon/54.png
10-01 14:40:15.135  3589  3614 I RustStdoutStderr: [2m2026-10-01T06:40:15.133567Z[0m [31mERROR[0m [2mbevy_asset::server[0m[2m:[0m Path not found: original-ui/MagIcon/54.png
10-01 14:40:15.411  3589  3616 E event /Users/henryliu/.cargo/registry/src/index.crates.io-1949cf8c6b5b557f/bevy_asset-0.19.0/sPath not found: original-ui/MagIcon/54.png
10-01 14:40:15.412  3589  3614 I RustStdoutStderr: [2m2026-10-01T06:40:15.411453Z[0m [31mERROR[0m [2mbevy_asset::server[0m[2m:[0m Path not found: original-ui/MagIcon/54.png
10-01 14:40:15.604  3589  3615 D EGL_emulation: app_time_stats: avg=272.61ms min=263.73ms max=285.10ms count=4
10-01 14:40:15.726  3589  3616 E event /Users/henryliu/.cargo/registry/src/index.crates.io-1949cf8c6b5b557f/bevy_asset-0.19.0/sPath not found: original-ui/MagIcon/54.png
10-01 14:40:15.728  3589  3614 I RustStdoutStderr: [2m2026-10-01T06:40:15.726358Z[0m [31mERROR[0m [2mbevy_asset::server[0m[2m:[0m Path not found: original-ui/MagIcon/54.png
10-01 14:40:16.108  3589  3616 E event /Users/henryliu/.cargo/registry/src/index.crates.io-1949cf8c6b5b557f/bevy_asset-0.19.0/sPath not found: original-ui/MagIcon/54.png
10-01 14:40:16.108  3589  3614 I RustStdoutStderr: [2m2026-10-01T06:40:16.108083Z[0m [31mERROR[0m [2mbevy_asset::server[0m[2m:[0m Path not found: original-ui/MagIcon/54.png
10-01 14:40:16.244  3589  3614 I RustStdoutStderr: [2m2026-10-01T06:40:16.244320Z[0m [31mERROR[0m [2mbevy_asset::server[0m[2m:[0m Path not found: original-ui/MagIcon/54.png
10-01 14:40:16.244  3589  3616 E event /Users/henryliu/.cargo/registry/src/index.crates.io-1949cf8c6b5b557f/bevy_asset-0.19.0/sPath not found: original-ui/MagIcon/54.png
10-01 14:40:16.410  3589  3616 E event /Users/henryliu/.cargo/registry/src/index.crates.io-1949cf8c6b5b557f/bevy_asset-0.19.0/sPath not found: original-ui/MagIcon/54.png
10-01 14:40:16.410  3589  3614 I RustStdoutStderr: [2m2026-10-01T06:40:16.409985Z[0m [31mERROR[0m [2mbevy_asset::server[0m[2m:[0m Path not found: original-ui/MagIcon/54.png
10-01 14:40:16.613  3589  3614 I RustStdoutStderr: [2m2026-10-01T06:40:16.613204Z[0m [31mERROR[0m [2mbevy_asset::server[0m[2m:[0m Path not found: original-ui/MagIcon/54.png
10-01 14:40:16.613  3589  3616 E event /Users/henryliu/.cargo/registry/src/index.crates.io-1949cf8c6b5b557f/bevy_asset-0.19.0/sPath not found: original-ui/MagIcon/54.png
10-01 14:40:16.652  3589  3615 D EGL_emulation: app_time_stats: avg=209.49ms min=155.32ms max=321.18ms count=5
10-01 14:40:16.699  3589  3616 E event /Users/henryliu/.cargo/registry/src/index.crates.io-1949cf8c6b5b557f/bevy_asset-0.19.0/sPath not found: original-ui/MagIcon/54.png
10-01 14:40:16.701  3589  3614 I RustStdoutStderr: [2m2026-10-01T06:40:16.699899Z[0m [31mERROR[0m [2mbevy_asset::server[0m[2m:[0m Path not found: original-ui/MagIcon/54.png
10-01 14:40:17.063  3589  3616 E event /Users/henryliu/.cargo/registry/src/index.crates.io-1949cf8c6b5b557f/bevy_asset-0.19.0/sPath not found: original-ui/MagIcon/54.png
10-01 14:40:17.064  3589  3614 I RustStdoutStderr: [2m2026-10-01T06:40:17.063421Z[0m [31mERROR[0m [2mbevy_asset::server[0m[2m:[0m Path not found: original-ui/MagIcon/54.png
10-01 14:40:17.230  3589  3616 E event /Users/henryliu/.cargo/registry/src/index.crates.io-1949cf8c6b5b557f/bevy_asset-0.19.0/sPath not found: original-ui/MagIcon/54.png
10-01 14:40:17.230  3589  3614 I RustStdoutStderr: [2m2026-10-01T06:40:17.230591Z[0m [31mERROR[0m [2mbevy_asset::server[0m[2m:[0m Path not found: original-ui/MagIcon/54.png
10-01 14:40:17.671  3589  3616 E event /Users/henryliu/.cargo/registry/src/index.crates.io-1949cf8c6b5b557f/bevy_asset-0.19.0/sPath not found: original-ui/MagIcon/54.png
10-01 14:40:17.672  3589  3614 I RustStdoutStderr: [2m2026-10-01T06:40:17.670014Z[0m [31mERROR[0m [2mbevy_asset::server[0m[2m:[0m Path not found: original-ui/MagIcon/54.png
10-01 14:40:17.744  3589  3615 D EGL_emulation: app_time_stats: avg=272.96ms min=140.11ms max=458.08ms count=4
10-01 14:40:17.832  3589  3616 E event /Users/henryliu/.cargo/registry/src/index.crates.io-1949cf8c6b5b557f/bevy_asset-0.19.0/sPath not found: original-ui/MagIcon/54.png
10-01 14:40:17.833  3589  3614 I RustStdoutStderr: [2m2026-10-01T06:40:17.831940Z[0m [31mERROR[0m [2mbevy_asset::server[0m[2m:[0m Path not found: original-ui/MagIcon/54.png
10-01 14:40:18.031  3589  3616 E event /Users/henryliu/.cargo/registry/src/index.crates.io-1949cf8c6b5b557f/bevy_asset-0.19.0/sPath not found: original-ui/MagIcon/54.png
10-01 14:40:18.033  3589  3614 I RustStdoutStderr: [2m2026-10-01T06:40:18.031259Z[0m [31mERROR[0m [2mbevy_asset::server[0m[2m:[0m Path not found: original-ui/MagIcon/54.png
10-01 14:40:18.465  3589  3616 E event /Users/henryliu/.cargo/registry/src/index.crates.io-1949cf8c6b5b557f/bevy_asset-0.19.0/sPath not found: original-ui/MagIcon/54.png
10-01 14:40:18.481  3589  3614 I RustStdoutStderr: [2m2026-10-01T06:40:18.465323Z[0m [31mERROR[0m [2mbevy_asset::server[0m[2m:[0m Path not found: original-ui/MagIcon/54.png
10-01 14:40:18.820  3589  3614 I RustStdoutStderr: [2m2026-10-01T06:40:18.819884Z[0m [31mERROR[0m [2mbevy_asset::server[0m[2m:[0m Path not found: original-ui/MagIcon/54.png
10-01 14:40:18.824  3589  3616 E event /Users/henryliu/.cargo/registry/src/index.crates.io-1949cf8c6b5b557f/bevy_asset-0.19.0/sPath not found: original-ui/MagIcon/54.png
10-01 14:40:18.946  3589  3615 D EGL_emulation: app_time_stats: avg=300.58ms min=188.75ms max=427.91ms count=4
10-01 14:40:19.077  3589  3614 I RustStdoutStderr: [2m2026-10-01T06:40:19.077138Z[0m [31mERROR[0m [2mbevy_asset::server[0m[2m:[0m Path not found: original-ui/MagIcon/54.png
10-01 14:40:19.077  3589  3616 E event /Users/henryliu/.cargo/registry/src/index.crates.io-1949cf8c6b5b557f/bevy_asset-0.19.0/sPath not found: original-ui/MagIcon/54.png
10-01 14:40:19.245  3589  3616 E event /Users/henryliu/.cargo/registry/src/index.crates.io-1949cf8c6b5b557f/bevy_asset-0.19.0/sPath not found: original-ui/MagIcon/54.png
10-01 14:40:19.245  3589  3614 I RustStdoutStderr: [2m2026-10-01T06:40:19.245302Z[0m [31mERROR[0m [2mbevy_asset::server[0m[2m:[0m Path not found: original-ui/MagIcon/54.png
10-01 14:40:19.560  3589  3616 E event /Users/henryliu/.cargo/registry/src/index.crates.io-1949cf8c6b5b557f/bevy_asset-0.19.0/sPath not found: original-ui/MagIcon/54.png
10-01 14:40:19.562  3589  3614 I RustStdoutStderr: [2m2026-10-01T06:40:19.560307Z[0m [31mERROR[0m [2mbevy_asset::server[0m[2m:[0m Path not found: original-ui/MagIcon/54.png
10-01 14:40:19.714  3589  3616 E event /Users/henryliu/.cargo/registry/src/index.crates.io-1949cf8c6b5b557f/bevy_asset-0.19.0/sPath not found: original-ui/MagIcon/54.png
10-01 14:40:19.714  3589  3614 I RustStdoutStderr: [2m2026-10-01T06:40:19.714034Z[0m [31mERROR[0m [2mbevy_asset::server[0m[2m:[0m Path not found: original-ui/MagIcon/54.png
10-01 14:40:20.003  3589  3616 E event /Users/henryliu/.cargo/registry/src/index.crates.io-1949cf8c6b5b557f/bevy_asset-0.19.0/sPath not found: original-ui/MagIcon/54.png
10-01 14:40:20.039  3589  3614 I RustStdoutStderr: [2m2026-10-01T06:40:20.003809Z[0m [31mERROR[0m [2mbevy_asset::server[0m[2m:[0m Path not found: original-ui/MagIcon/54.png
10-01 14:40:20.155  3589  3615 D EGL_emulation: app_time_stats: avg=241.62ms min=216.26ms max=298.56ms count=5
10-01 14:40:20.663  3589  3616 E event /Users/henryliu/.cargo/registry/src/index.crates.io-1949cf8c6b5b557f/bevy_asset-0.19.0/sPath not found: original-ui/MagIcon/54.png
10-01 14:40:20.665  3589  3614 I RustStdoutStderr: [2m2026-10-01T06:40:20.663242Z[0m [31mERROR[0m [2mbevy_asset::server[0m[2m:[0m Path not found: original-ui/MagIcon/54.png
10-01 14:40:20.939  3589  3616 E event /Users/henryliu/.cargo/registry/src/index.crates.io-1949cf8c6b5b557f/bevy_asset-0.19.0/sPath not found: original-ui/MagIcon/54.png
10-01 14:40:20.940  3589  3614 I RustStdoutStderr: [2m2026-10-01T06:40:20.936815Z[0m [31mERROR[0m [2mbevy_asset::server[0m[2m:[0m Path not found: original-ui/MagIcon/54.png
10-01 14:40:21.053  3589  3614 I RustStdoutStderr: [2m2026-10-01T06:40:21.053280Z[0m [31mERROR[0m [2mbevy_asset::server[0m[2m:[0m Path not found: original-ui/MagIcon/54.png
10-01 14:40:21.053  3589  3616 E event /Users/henryliu/.cargo/registry/src/index.crates.io-1949cf8c6b5b557f/bevy_asset-0.19.0/sPath not found: original-ui/MagIcon/54.png
10-01 14:40:21.502  3589  3615 D EGL_emulation: app_time_stats: avg=448.87ms min=190.51ms max=640.02ms count=3
10-01 14:40:21.607  3589  3616 E event /Users/henryliu/.cargo/registry/src/index.crates.io-1949cf8c6b5b557f/bevy_asset-0.19.0/sPath not found: original-ui/MagIcon/54.png
10-01 14:40:21.608  3589  3614 I RustStdoutStderr: [2m2026-10-01T06:40:21.607418Z[0m [31mERROR[0m [2mbevy_asset::server[0m[2m:[0m Path not found: original-ui/MagIcon/54.png
10-01 14:40:22.059  3589  3616 E event /Users/henryliu/.cargo/registry/src/index.crates.io-1949cf8c6b5b557f/bevy_asset-0.19.0/sPath not found: original-ui/MagIcon/54.png
10-01 14:40:22.059  3589  3614 I RustStdoutStderr: [2m2026-10-01T06:40:22.059138Z[0m [31mERROR[0m [2mbevy_asset::server[0m[2m:[0m Path not found: original-ui/MagIcon/54.png
10-01 14:40:23.004  3589  3616 E event /Users/henryliu/.cargo/registry/src/index.crates.io-1949cf8c6b5b557f/bevy_asset-0.19.0/sPath not found: original-ui/MagIcon/54.png
10-01 14:40:23.005  3589  3614 I RustStdoutStderr: [2m2026-10-01T06:40:23.004613Z[0m [31mERROR[0m [2mbevy_asset::server[0m[2m:[0m Path not found: original-ui/MagIcon/54.png
10-01 14:40:23.144  3589  3615 D EGL_emulation: app_time_stats: avg=547.30ms min=280.21ms max=1008.72ms count=3
10-01 14:40:23.258  3589  3616 E event /Users/henryliu/.cargo/registry/src/index.crates.io-1949cf8c6b5b557f/bevy_asset-0.19.0/sPath not found: original-ui/MagIcon/54.png
10-01 14:40:23.260  3589  3614 I RustStdoutStderr: [2m2026-10-01T06:40:23.257765Z[0m [31mERROR[0m [2mbevy_asset::server[0m[2m:[0m Path not found: original-ui/MagIcon/54.png
10-01 14:40:23.998  3589  3616 E event /Users/henryliu/.cargo/registry/src/index.crates.io-1949cf8c6b5b557f/bevy_asset-0.19.0/sPath not found: original-ui/MagIcon/54.png
10-01 14:40:24.009  3589  3614 I RustStdoutStderr: [2m2026-10-01T06:40:23.998349Z[0m [31mERROR[0m [2mbevy_asset::server[0m[2m:[0m Path not found: original-ui/MagIcon/54.png
10-01 14:40:24.253  3589  3616 E event /Users/henryliu/.cargo/registry/src/index.crates.io-1949cf8c6b5b557f/bevy_asset-0.19.0/sPath not found: original-ui/MagIcon/54.png
10-01 14:40:24.255  3589  3614 I RustStdoutStderr: [2m2026-10-01T06:40:24.253035Z[0m [31mERROR[0m [2mbevy_asset::server[0m[2m:[0m Path not found: original-ui/MagIcon/54.png
10-01 14:40:24.364  3589  3615 D EGL_emulation: app_time_stats: avg=406.52ms min=225.57ms max=638.12ms count=3
10-01 14:40:24.430  3589  3616 E event /Users/henryliu/.cargo/registry/src/index.crates.io-1949cf8c6b5b557f/bevy_asset-0.19.0/sPath not found: original-ui/MagIcon/54.png
10-01 14:40:24.430  3589  3614 I RustStdoutStderr: [2m2026-10-01T06:40:24.430295Z[0m [31mERROR[0m [2mbevy_asset::server[0m[2m:[0m Path not found: original-ui/MagIcon/54.png
10-01 14:40:24.517  3589  3616 E event /Users/henryliu/.cargo/registry/src/index.crates.io-1949cf8c6b5b557f/bevy_asset-0.19.0/sPath not found: original-ui/MagIcon/54.png
10-01 14:40:24.526  3589  3614 I RustStdoutStderr: [2m2026-10-01T06:40:24.517758Z[0m [31mERROR[0m [2mbevy_asset::server[0m[2m:[0m Path not found: original-ui/MagIcon/54.png
10-01 14:40:24.663  3589  3616 E event /Users/henryliu/.cargo/registry/src/index.crates.io-1949cf8c6b5b557f/bevy_asset-0.19.0/sPath not found: original-ui/MagIcon/54.png
10-01 14:40:24.663  3589  3614 I RustStdoutStderr: [2m2026-10-01T06:40:24.662924Z[0m [31mERROR[0m [2mbevy_asset::server[0m[2m:[0m Path not found: original-ui/MagIcon/54.png
10-01 14:40:24.769  3589  3616 E event /Users/henryliu/.cargo/registry/src/index.crates.io-1949cf8c6b5b557f/bevy_asset-0.19.0/sPath not found: original-ui/MagIcon/54.png
10-01 14:40:24.769  3589  3614 I RustStdoutStderr: [2m2026-10-01T06:40:24.768933Z[0m [31mERROR[0m [2mbevy_asset::server[0m[2m:[0m Path not found: original-ui/MagIcon/54.png
10-01 14:40:24.859  3589  3616 E event /Users/henryliu/.cargo/registry/src/index.crates.io-1949cf8c6b5b557f/bevy_asset-0.19.0/sPath not found: original-ui/MagIcon/54.png
10-01 14:40:24.860  3589  3614 I RustStdoutStderr: [2m2026-10-01T06:40:24.859566Z[0m [31mERROR[0m [2mbevy_asset::server[0m[2m:[0m Path not found: original-ui/MagIcon/54.png
10-01 14:40:25.068  3589  3616 E event /Users/henryliu/.cargo/registry/src/index.crates.io-1949cf8c6b5b557f/bevy_asset-0.19.0/sPath not found: original-ui/MagIcon/54.png
10-01 14:40:25.069  3589  3614 I RustStdoutStderr: [2m2026-10-01T06:40:25.068520Z[0m [31mERROR[0m [2mbevy_asset::server[0m[2m:[0m Path not found: original-ui/MagIcon/54.png
10-01 14:40:25.212  3589  3616 E event /Users/henryliu/.cargo/registry/src/index.crates.io-1949cf8c6b5b557f/bevy_asset-0.19.0/sPath not found: original-ui/MagIcon/54.png
10-01 14:40:25.219  3589  3614 I RustStdoutStderr: [2m2026-10-01T06:40:25.212594Z[0m [31mERROR[0m [2mbevy_asset::server[0m[2m:[0m Path not found: original-ui/MagIcon/54.png
10-01 14:40:25.358  3589  3616 E event /Users/henryliu/.cargo/registry/src/index.crates.io-1949cf8c6b5b557f/bevy_asset-0.19.0/sPath not found: original-ui/MagIcon/54.png
10-01 14:40:25.358  3589  3614 I RustStdoutStderr: [2m2026-10-01T06:40:25.358334Z[0m [31mERROR[0m [2mbevy_asset::server[0m[2m:[0m Path not found: original-ui/MagIcon/54.png
10-01 14:40:25.502  3589  3615 D EGL_emulation: app_time_stats: avg=142.27ms min=100.91ms max=207.97ms count=8
10-01 14:40:25.607  3589  3616 E event /Users/henryliu/.cargo/registry/src/index.crates.io-1949cf8c6b5b557f/bevy_asset-0.19.0/sPath not found: original-ui/MagIcon/54.png
10-01 14:40:25.608  3589  3614 I RustStdoutStderr: [2m2026-10-01T06:40:25.607269Z[0m [31mERROR[0m [2mbevy_asset::server[0m[2m:[0m Path not found: original-ui/MagIcon/54.png
10-01 14:40:25.827  3589  3616 E event /Users/henryliu/.cargo/registry/src/index.crates.io-1949cf8c6b5b557f/bevy_asset-0.19.0/sPath not found: original-ui/MagIcon/54.png
10-01 14:40:25.866  3589  3614 I RustStdoutStderr: [2m2026-10-01T06:40:25.827295Z[0m [31mERROR[0m [2mbevy_asset::server[0m[2m:[0m Path not found: original-ui/MagIcon/54.png
10-01 14:40:26.128  3589  3616 E event /Users/henryliu/.cargo/registry/src/index.crates.io-1949cf8c6b5b557f/bevy_asset-0.19.0/sPath not found: original-ui/MagIcon/54.png
10-01 14:40:26.129  3589  3614 I RustStdoutStderr: [2m2026-10-01T06:40:26.128038Z[0m [31mERROR[0m [2mbevy_asset::server[0m[2m:[0m Path not found: original-ui/MagIcon/54.png
10-01 14:40:26.374  3589  3616 E event /Users/henryliu/.cargo/registry/src/index.crates.io-1949cf8c6b5b557f/bevy_asset-0.19.0/sPath not found: original-ui/MagIcon/54.png
10-01 14:40:26.376  3589  3614 I RustStdoutStderr: [2m2026-10-01T06:40:26.374539Z[0m [31mERROR[0m [2mbevy_asset::server[0m[2m:[0m Path not found: original-ui/MagIcon/54.png
10-01 14:40:26.475  3589  3614 I RustStdoutStderr: [2m2026-10-01T06:40:26.475630Z[0m [31mERROR[0m [2mbevy_asset::server[0m[2m:[0m Path not found: original-ui/MagIcon/54.png
10-01 14:40:26.475  3589  3616 E event /Users/henryliu/.cargo/registry/src/index.crates.io-1949cf8c6b5b557f/bevy_asset-0.19.0/sPath not found: original-ui/MagIcon/54.png
10-01 14:40:26.534  3589  3615 D EGL_emulation: app_time_stats: avg=206.25ms min=99.44ms max=250.86ms count=5
10-01 14:40:26.756  3589  3616 E event /Users/henryliu/.cargo/registry/src/index.crates.io-1949cf8c6b5b557f/bevy_asset-0.19.0/sPath not found: original-ui/MagIcon/54.png
10-01 14:40:26.757  3589  3614 I RustStdoutStderr: [2m2026-10-01T06:40:26.756399Z[0m [31mERROR[0m [2mbevy_asset::server[0m[2m:[0m Path not found: original-ui/MagIcon/54.png
10-01 14:40:27.148  3589  3616 E event /Users/henryliu/.cargo/registry/src/index.crates.io-1949cf8c6b5b557f/bevy_asset-0.19.0/sPath not found: original-ui/MagIcon/54.png
10-01 14:40:27.149  3589  3614 I RustStdoutStderr: [2m2026-10-01T06:40:27.148528Z[0m [31mERROR[0m [2mbevy_asset::server[0m[2m:[0m Path not found: original-ui/MagIcon/54.png
10-01 14:40:27.320  3589  3616 E event /Users/henryliu/.cargo/registry/src/index.crates.io-1949cf8c6b5b557f/bevy_asset-0.19.0/sPath not found: original-ui/MagIcon/54.png
10-01 14:40:27.353  3589  3614 I RustStdoutStderr: [2m2026-10-01T06:40:27.320026Z[0m [31mERROR[0m [2mbevy_asset::server[0m[2m:[0m Path not found: original-ui/MagIcon/54.png
10-01 14:40:27.549  3589  3615 D EGL_emulation: app_time_stats: avg=338.03ms min=215.30ms max=495.66ms count=3
10-01 14:40:27.658  3589  3616 E event /Users/henryliu/.cargo/registry/src/index.crates.io-1949cf8c6b5b557f/bevy_asset-0.19.0/sPath not found: original-ui/MagIcon/54.png
10-01 14:40:27.659  3589  3614 I RustStdoutStderr: [2m2026-10-01T06:40:27.658529Z[0m [31mERROR[0m [2mbevy_asset::server[0m[2m:[0m Path not found: original-ui/MagIcon/54.png
10-01 14:40:27.997  3589  3616 E event /Users/henryliu/.cargo/registry/src/index.crates.io-1949cf8c6b5b557f/bevy_asset-0.19.0/sPath not found: original-ui/MagIcon/54.png
10-01 14:40:27.998  3589  3614 I RustStdoutStderr: [2m2026-10-01T06:40:27.996938Z[0m [31mERROR[0m [2mbevy_asset::server[0m[2m:[0m Path not found: original-ui/MagIcon/54.png
10-01 14:40:28.169  3589  3616 E event /Users/henryliu/.cargo/registry/src/index.crates.io-1949cf8c6b5b557f/bevy_asset-0.19.0/sPath not found: original-ui/MagIcon/54.png
10-01 14:40:28.172  3589  3614 I RustStdoutStderr: [2m2026-10-01T06:40:28.169660Z[0m [31mERROR[0m [2mbevy_asset::server[0m[2m:[0m Path not found: original-ui/MagIcon/54.png
10-01 14:40:28.590  3589  3615 D EGL_emulation: app_time_stats: avg=347.05ms min=228.96ms max=475.29ms count=3
10-01 14:40:28.695  3589  3616 E event /Users/henryliu/.cargo/registry/src/index.crates.io-1949cf8c6b5b557f/bevy_asset-0.19.0/sPath not found: original-ui/MagIcon/54.png
10-01 14:40:28.695  3589  3614 I RustStdoutStderr: [2m2026-10-01T06:40:28.694717Z[0m [31mERROR[0m [2mbevy_asset::server[0m[2m:[0m Path not found: original-ui/MagIcon/54.png
10-01 14:40:28.868  3589  3616 E event /Users/henryliu/.cargo/registry/src/index.crates.io-1949cf8c6b5b557f/bevy_asset-0.19.0/sPath not found: original-ui/MagIcon/54.png
10-01 14:40:28.869  3589  3614 I RustStdoutStderr: [2m2026-10-01T06:40:28.868352Z[0m [31mERROR[0m [2mbevy_asset::server[0m[2m:[0m Path not found: original-ui/MagIcon/54.png
10-01 14:40:29.377  3589  3616 E event /Users/henryliu/.cargo/registry/src/index.crates.io-1949cf8c6b5b557f/bevy_asset-0.19.0/sPath not found: original-ui/MagIcon/54.png
10-01 14:40:29.378  3589  3614 I RustStdoutStderr: [2m2026-10-01T06:40:29.377342Z[0m [31mERROR[0m [2mbevy_asset::server[0m[2m:[0m Path not found: original-ui/MagIcon/54.png
10-01 14:40:29.594  3589  3615 D EGL_emulation: app_time_stats: avg=334.55ms min=178.75ms max=622.74ms count=3
10-01 14:40:29.895  3589  3616 E event /Users/henryliu/.cargo/registry/src/index.crates.io-1949cf8c6b5b557f/bevy_asset-0.19.0/sPath not found: original-ui/MagIcon/54.png
10-01 14:40:29.895  3589  3614 I RustStdoutStderr: [2m2026-10-01T06:40:29.895006Z[0m [31mERROR[0m [2mbevy_asset::server[0m[2m:[0m Path not found: original-ui/MagIcon/54.png
10-01 14:40:30.114  3589  3616 E event /Users/henryliu/.cargo/registry/src/index.crates.io-1949cf8c6b5b557f/bevy_asset-0.19.0/sPath not found: original-ui/MagIcon/54.png
10-01 14:40:30.115  3589  3614 I RustStdoutStderr: [2m2026-10-01T06:40:30.114716Z[0m [31mERROR[0m [2mbevy_asset::server[0m[2m:[0m Path not found: original-ui/MagIcon/54.png
10-01 14:40:30.211  3589  3616 E event /Users/henryliu/.cargo/registry/src/index.crates.io-1949cf8c6b5b557f/bevy_asset-0.19.0/sPath not found: original-ui/MagIcon/54.png
10-01 14:40:30.211  3589  3614 I RustStdoutStderr: [2m2026-10-01T06:40:30.211055Z[0m [31mERROR[0m [2mbevy_asset::server[0m[2m:[0m Path not found: original-ui/MagIcon/54.png
10-01 14:40:30.395  3589  3616 E event /Users/henryliu/.cargo/registry/src/index.crates.io-1949cf8c6b5b557f/bevy_asset-0.19.0/sPath not found: original-ui/MagIcon/54.png
10-01 14:40:30.396  3589  3614 I RustStdoutStderr: [2m2026-10-01T06:40:30.395030Z[0m [31mERROR[0m [2mbevy_asset::server[0m[2m:[0m Path not found: original-ui/MagIcon/54.png
10-01 14:40:30.582  3589  3616 E event /Users/henryliu/.cargo/registry/src/index.crates.io-1949cf8c6b5b557f/bevy_asset-0.19.0/sPath not found: original-ui/MagIcon/54.png
10-01 14:40:30.583  3589  3614 I RustStdoutStderr: [2m2026-10-01T06:40:30.582269Z[0m [31mERROR[0m [2mbevy_asset::server[0m[2m:[0m Path not found: original-ui/MagIcon/54.png
10-01 14:40:30.724  3589  3615 D EGL_emulation: app_time_stats: avg=225.85ms min=155.33ms max=378.95ms count=5
10-01 14:40:31.019  3589  3616 E event /Users/henryliu/.cargo/registry/src/index.crates.io-1949cf8c6b5b557f/bevy_asset-0.19.0/sPath not found: original-ui/MagIcon/54.png
10-01 14:40:31.030  3589  3614 I RustStdoutStderr: [2m2026-10-01T06:40:31.019639Z[0m [31mERROR[0m [2mbevy_asset::server[0m[2m:[0m Path not found: original-ui/MagIcon/54.png
10-01 14:40:31.657  3589  3616 E event /Users/henryliu/.cargo/registry/src/index.crates.io-1949cf8c6b5b557f/bevy_asset-0.19.0/sPath not found: original-ui/MagIcon/54.png
10-01 14:40:31.683  3589  3614 I RustStdoutStderr: [2m2026-10-01T06:40:31.657809Z[0m [31mERROR[0m [2mbevy_asset::server[0m[2m:[0m Path not found: original-ui/MagIcon/54.png
10-01 14:40:31.938  3589  3615 D EGL_emulation: app_time_stats: avg=607.06ms min=442.03ms max=772.10ms count=2
10-01 14:40:32.061  3589  3616 E event /Users/henryliu/.cargo/registry/src/index.crates.io-1949cf8c6b5b557f/bevy_asset-0.19.0/sPath not found: original-ui/MagIcon/54.png
10-01 14:40:32.068  3589  3614 I RustStdoutStderr: [2m2026-10-01T06:40:32.061372Z[0m [31mERROR[0m [2mbevy_asset::server[0m[2m:[0m Path not found: original-ui/MagIcon/54.png
10-01 14:40:32.363  3589  3616 E event /Users/henryliu/.cargo/registry/src/index.crates.io-1949cf8c6b5b557f/bevy_asset-0.19.0/sPath not found: original-ui/MagIcon/54.png
10-01 14:40:32.363  3589  3614 I RustStdoutStderr: [2m2026-10-01T06:40:32.362966Z[0m [31mERROR[0m [2mbevy_asset::server[0m[2m:[0m Path not found: original-ui/MagIcon/54.png
10-01 14:40:32.864  3589  3614 I RustStdoutStderr: [2m2026-10-01T06:40:32.863950Z[0m [31mERROR[0m [2mbevy_asset::server[0m[2m:[0m Path not found: original-ui/MagIcon/54.png
10-01 14:40:32.864  3589  3616 E event /Users/henryliu/.cargo/registry/src/index.crates.io-1949cf8c6b5b557f/bevy_asset-0.19.0/sPath not found: original-ui/MagIcon/54.png
10-01 14:40:33.031  3589  3615 D EGL_emulation: app_time_stats: avg=364.10ms min=294.17ms max=474.99ms count=3
10-01 14:40:33.199  3589  3616 E event /Users/henryliu/.cargo/registry/src/index.crates.io-1949cf8c6b5b557f/bevy_asset-0.19.0/sPath not found: original-ui/MagIcon/54.png
10-01 14:40:33.200  3589  3614 I RustStdoutStderr: [2m2026-10-01T06:40:33.199433Z[0m [31mERROR[0m [2mbevy_asset::server[0m[2m:[0m Path not found: original-ui/MagIcon/54.png
10-01 14:40:33.461  3589  3616 E event /Users/henryliu/.cargo/registry/src/index.crates.io-1949cf8c6b5b557f/bevy_asset-0.19.0/sPath not found: original-ui/MagIcon/54.png
10-01 14:40:33.462  3589  3614 I RustStdoutStderr: [2m2026-10-01T06:40:33.461229Z[0m [31mERROR[0m [2mbevy_asset::server[0m[2m:[0m Path not found: original-ui/MagIcon/54.png
10-01 14:40:33.615  3589  3616 E event /Users/henryliu/.cargo/registry/src/index.crates.io-1949cf8c6b5b557f/bevy_asset-0.19.0/sPath not found: original-ui/MagIcon/54.png
10-01 14:40:33.629  3589  3614 I RustStdoutStderr: [2m2026-10-01T06:40:33.615284Z[0m [31mERROR[0m [2mbevy_asset::server[0m[2m:[0m Path not found: original-ui/MagIcon/54.png
10-01 14:40:33.958  3589  3616 E event /Users/henryliu/.cargo/registry/src/index.crates.io-1949cf8c6b5b557f/bevy_asset-0.19.0/sPath not found: original-ui/MagIcon/54.png
10-01 14:40:33.959  3589  3614 I RustStdoutStderr: [2m2026-10-01T06:40:33.958747Z[0m [31mERROR[0m [2mbevy_asset::server[0m[2m:[0m Path not found: original-ui/MagIcon/54.png
10-01 14:40:34.068  3589  3615 D EGL_emulation: app_time_stats: avg=259.14ms min=194.18ms max=340.55ms count=4
10-01 14:40:34.235  3589  3614 I RustStdoutStderr: [2m2026-10-01T06:40:34.235313Z[0m [31mERROR[0m [2mbevy_asset::server[0m[2m:[0m Path not found: original-ui/MagIcon/54.png
10-01 14:40:34.235  3589  3616 E event /Users/henryliu/.cargo/registry/src/index.crates.io-1949cf8c6b5b557f/bevy_asset-0.19.0/sPath not found: original-ui/MagIcon/54.png
10-01 14:40:34.666  3589  3616 E event /Users/henryliu/.cargo/registry/src/index.crates.io-1949cf8c6b5b557f/bevy_asset-0.19.0/sPath not found: original-ui/MagIcon/54.png
10-01 14:40:34.667  3589  3614 I RustStdoutStderr: [2m2026-10-01T06:40:34.666540Z[0m [31mERROR[0m [2mbevy_asset::server[0m[2m:[0m Path not found: original-ui/MagIcon/54.png
10-01 14:40:34.960  3589  3614 I RustStdoutStderr: [2m2026-10-01T06:40:34.957607Z[0m [31mERROR[0m [2mbevy_asset::server[0m[2m:[0m Path not found: original-ui/MagIcon/54.png
10-01 14:40:34.960  3589  3616 E event /Users/henryliu/.cargo/registry/src/index.crates.io-1949cf8c6b5b557f/bevy_asset-0.19.0/sPath not found: original-ui/MagIcon/54.png
10-01 14:40:35.070  3589  3615 D EGL_emulation: app_time_stats: avg=333.94ms min=265.78ms max=459.05ms count=3
10-01 14:40:35.199  3589  3616 E event /Users/henryliu/.cargo/registry/src/index.crates.io-1949cf8c6b5b557f/bevy_asset-0.19.0/sPath not found: original-ui/MagIcon/54.png
10-01 14:40:35.201  3589  3614 I RustStdoutStderr: [2m2026-10-01T06:40:35.199150Z[0m [31mERROR[0m [2mbevy_asset::server[0m[2m:[0m Path not found: original-ui/MagIcon/54.png
10-01 14:40:35.592  3589  3616 E event /Users/henryliu/.cargo/registry/src/index.crates.io-1949cf8c6b5b557f/bevy_asset-0.19.0/sPath not found: original-ui/MagIcon/54.png
10-01 14:40:35.594  3589  3614 I RustStdoutStderr: [2m2026-10-01T06:40:35.592615Z[0m [31mERROR[0m [2mbevy_asset::server[0m[2m:[0m Path not found: original-ui/MagIcon/54.png
10-01 14:40:35.750  3589  3616 E event /Users/henryliu/.cargo/registry/src/index.crates.io-1949cf8c6b5b557f/bevy_asset-0.19.0/sPath not found: original-ui/MagIcon/54.png
10-01 14:40:35.814  3589  3614 I RustStdoutStderr: [2m2026-10-01T06:40:35.750101Z[0m [31mERROR[0m [2mbevy_asset::server[0m[2m:[0m Path not found: original-ui/MagIcon/54.png
10-01 14:40:35.976  3589  3616 E event /Users/henryliu/.cargo/registry/src/index.crates.io-1949cf8c6b5b557f/bevy_asset-0.19.0/sPath not found: original-ui/MagIcon/54.png
10-01 14:40:35.976  3589  3614 I RustStdoutStderr: [2m2026-10-01T06:40:35.976041Z[0m [31mERROR[0m [2mbevy_asset::server[0m[2m:[0m Path not found: original-ui/MagIcon/54.png
10-01 14:40:36.148  3589  3615 D EGL_emulation: app_time_stats: avg=269.38ms min=216.56ms max=337.13ms count=4
10-01 14:40:36.196  3589  3616 E event /Users/henryliu/.cargo/registry/src/index.crates.io-1949cf8c6b5b557f/bevy_asset-0.19.0/sPath not found: original-ui/MagIcon/54.png
10-01 14:40:36.196  3589  3614 I RustStdoutStderr: [2m2026-10-01T06:40:36.196036Z[0m [31mERROR[0m [2mbevy_asset::server[0m[2m:[0m Path not found: original-ui/MagIcon/54.png
10-01 14:40:36.310  3589  3616 E event /Users/henryliu/.cargo/registry/src/index.crates.io-1949cf8c6b5b557f/bevy_asset-0.19.0/sPath not found: original-ui/MagIcon/54.png
10-01 14:40:36.310  3589  3614 I RustStdoutStderr: [2m2026-10-01T06:40:36.310480Z[0m [31mERROR[0m [2mbevy_asset::server[0m[2m:[0m Path not found: original-ui/MagIcon/54.png
10-01 14:40:36.431  3589  3616 E event /Users/henryliu/.cargo/registry/src/index.crates.io-1949cf8c6b5b557f/bevy_asset-0.19.0/sPath not found: original-ui/MagIcon/54.png
10-01 14:40:36.431  3589  3614 I RustStdoutStderr: [2m2026-10-01T06:40:36.431443Z[0m [31mERROR[0m [2mbevy_asset::server[0m[2m:[0m Path not found: original-ui/MagIcon/54.png
10-01 14:40:36.627  3589  3616 E event /Users/henryliu/.cargo/registry/src/index.crates.io-1949cf8c6b5b557f/bevy_asset-0.19.0/sPath not found: original-ui/MagIcon/54.png
10-01 14:40:36.630  3589  3614 I RustStdoutStderr: [2m2026-10-01T06:40:36.627226Z[0m [31mERROR[0m [2mbevy_asset::server[0m[2m:[0m Path not found: original-ui/MagIcon/54.png
10-01 14:40:36.761  3589  3616 E event /Users/henryliu/.cargo/registry/src/index.crates.io-1949cf8c6b5b557f/bevy_asset-0.19.0/sPath not found: original-ui/MagIcon/54.png
10-01 14:40:37.029  3589  3614 I RustStdoutStderr: [2m2026-10-01T06:40:36.761841Z[0m [31mERROR[0m [2mbevy_asset::server[0m[2m:[0m Path not found: original-ui/MagIcon/54.png
10-01 14:40:37.205  3589  3616 E event /Users/henryliu/.cargo/registry/src/index.crates.io-1949cf8c6b5b557f/bevy_asset-0.19.0/sPath not found: original-ui/MagIcon/54.png
10-01 14:40:37.207  3589  3614 I RustStdoutStderr: [2m2026-10-01T06:40:37.205858Z[0m [31mERROR[0m [2mbevy_asset::server[0m[2m:[0m Path not found: original-ui/MagIcon/54.png
10-01 14:40:37.258  3589  3615 D EGL_emulation: app_time_stats: avg=185.13ms min=108.94ms max=440.82ms count=6
10-01 14:40:37.301  3589  3616 E event /Users/henryliu/.cargo/registry/src/index.crates.io-1949cf8c6b5b557f/bevy_asset-0.19.0/sPath not found: original-ui/MagIcon/54.png
10-01 14:40:37.302  3589  3614 I RustStdoutStderr: [2m2026-10-01T06:40:37.300921Z[0m [31mERROR[0m [2mbevy_asset::server[0m[2m:[0m Path not found: original-ui/MagIcon/54.png
10-01 14:40:37.537  3589  3616 E event /Users/henryliu/.cargo/registry/src/index.crates.io-1949cf8c6b5b557f/bevy_asset-0.19.0/sPath not found: original-ui/MagIcon/54.png
10-01 14:40:37.537  3589  3614 I RustStdoutStderr: [2m2026-10-01T06:40:37.537001Z[0m [31mERROR[0m [2mbevy_asset::server[0m[2m:[0m Path not found: original-ui/MagIcon/54.png
10-01 14:40:37.750  3589  3616 E event /Users/henryliu/.cargo/registry/src/index.crates.io-1949cf8c6b5b557f/bevy_asset-0.19.0/sPath not found: original-ui/MagIcon/54.png
10-01 14:40:37.754  3589  3614 I RustStdoutStderr: [2m2026-10-01T06:40:37.750094Z[0m [31mERROR[0m [2mbevy_asset::server[0m[2m:[0m Path not found: original-ui/MagIcon/54.png
10-01 14:40:37.935  3589  3616 E event /Users/henryliu/.cargo/registry/src/index.crates.io-1949cf8c6b5b557f/bevy_asset-0.19.0/sPath not found: original-ui/MagIcon/54.png
10-01 14:40:37.940  3589  3614 I RustStdoutStderr: [2m2026-10-01T06:40:37.935040Z[0m [31mERROR[0m [2mbevy_asset::server[0m[2m:[0m Path not found: original-ui/MagIcon/54.png
10-01 14:40:38.076  3589  3616 E event /Users/henryliu/.cargo/registry/src/index.crates.io-1949cf8c6b5b557f/bevy_asset-0.19.0/sPath not found: original-ui/MagIcon/54.png
10-01 14:40:38.080  3589  3614 I RustStdoutStderr: [2m2026-10-01T06:40:38.073193Z[0m [31mERROR[0m [2mbevy_asset::server[0m[2m:[0m Path not found: original-ui/MagIcon/54.png
10-01 14:40:38.331  3589  3616 E event /Users/henryliu/.cargo/registry/src/index.crates.io-1949cf8c6b5b557f/bevy_asset-0.19.0/sPath not found: original-ui/MagIcon/54.png
10-01 14:40:38.332  3589  3614 I RustStdoutStderr: [2m2026-10-01T06:40:38.331468Z[0m [31mERROR[0m [2mbevy_asset::server[0m[2m:[0m Path not found: original-ui/MagIcon/54.png
10-01 14:40:38.475  3589  3615 D EGL_emulation: app_time_stats: avg=202.58ms min=117.31ms max=313.05ms count=6
10-01 14:40:38.558  3589  3616 E event /Users/henryliu/.cargo/registry/src/index.crates.io-1949cf8c6b5b557f/bevy_asset-0.19.0/sPath not found: original-ui/MagIcon/54.png
10-01 14:40:38.561  3589  3614 I RustStdoutStderr: [2m2026-10-01T06:40:38.558526Z[0m [31mERROR[0m [2mbevy_asset::server[0m[2m:[0m Path not found: original-ui/MagIcon/54.png
10-01 14:40:38.727  3589  3616 E event /Users/henryliu/.cargo/registry/src/index.crates.io-1949cf8c6b5b557f/bevy_asset-0.19.0/sPath not found: original-ui/MagIcon/54.png
10-01 14:40:38.727  3589  3614 I RustStdoutStderr: [2m2026-10-01T06:40:38.726935Z[0m [31mERROR[0m [2mbevy_asset::server[0m[2m:[0m Path not found: original-ui/MagIcon/54.png
10-01 14:40:39.003  3589  3616 E event /Users/henryliu/.cargo/registry/src/index.crates.io-1949cf8c6b5b557f/bevy_asset-0.19.0/sPath not found: original-ui/MagIcon/54.png
10-01 14:40:39.004  3589  3614 I RustStdoutStderr: [2m2026-10-01T06:40:39.000769Z[0m [31mERROR[0m [2mbevy_asset::server[0m[2m:[0m Path not found: original-ui/MagIcon/54.png
10-01 14:40:39.510  3589  3615 D EGL_emulation: app_time_stats: avg=345.02ms min=173.82ms max=633.83ms count=3
10-01 14:40:39.559  3589  3616 E event /Users/henryliu/.cargo/registry/src/index.crates.io-1949cf8c6b5b557f/bevy_asset-0.19.0/sPath not found: original-ui/MagIcon/54.png
10-01 14:40:39.559  3589  3614 I RustStdoutStderr: [2m2026-10-01T06:40:39.558249Z[0m [31mERROR[0m [2mbevy_asset::server[0m[2m:[0m Path not found: original-ui/MagIcon/54.png
10-01 14:40:39.617  3589  3616 E event /Users/henryliu/.cargo/registry/src/index.crates.io-1949cf8c6b5b557f/bevy_asset-0.19.0/sPath not found: original-ui/MagIcon/54.png
10-01 14:40:39.618  3589  3614 I RustStdoutStderr: [2m2026-10-01T06:40:39.617627Z[0m [31mERROR[0m [2mbevy_asset::server[0m[2m:[0m Path not found: original-ui/MagIcon/54.png
10-01 14:40:39.947  3589  3616 E event /Users/henryliu/.cargo/registry/src/index.crates.io-1949cf8c6b5b557f/bevy_asset-0.19.0/sPath not found: original-ui/MagIcon/54.png
10-01 14:40:39.949  3589  3614 I RustStdoutStderr: [2m2026-10-01T06:40:39.946649Z[0m [31mERROR[0m [2mbevy_asset::server[0m[2m:[0m Path not found: original-ui/MagIcon/54.png
10-01 14:40:40.061  3589  3616 E event /Users/henryliu/.cargo/registry/src/index.crates.io-1949cf8c6b5b557f/bevy_asset-0.19.0/sPath not found: original-ui/MagIcon/54.png
10-01 14:40:40.061  3589  3614 I RustStdoutStderr: [2m2026-10-01T06:40:40.060938Z[0m [31mERROR[0m [2mbevy_asset::server[0m[2m:[0m Path not found: original-ui/MagIcon/54.png
10-01 14:40:40.112  3589  3616 E event /Users/henryliu/.cargo/registry/src/index.crates.io-1949cf8c6b5b557f/bevy_asset-0.19.0/sPath not found: original-ui/MagIcon/54.png
10-01 14:40:40.112  3589  3614 I RustStdoutStderr: [2m2026-10-01T06:40:40.111897Z[0m [31mERROR[0m [2mbevy_asset::server[0m[2m:[0m Path not found: original-ui/MagIcon/54.png
10-01 14:40:40.248  3589  3616 E event /Users/henryliu/.cargo/registry/src/index.crates.io-1949cf8c6b5b557f/bevy_asset-0.19.0/sPath not found: original-ui/MagIcon/54.png
10-01 14:40:40.248  3589  3614 I RustStdoutStderr: [2m2026-10-01T06:40:40.248167Z[0m [31mERROR[0m [2mbevy_asset::server[0m[2m:[0m Path not found: original-ui/MagIcon/54.png
10-01 14:40:40.322  3589  3614 I RustStdoutStderr: [2m2026-10-01T06:40:40.322456Z[0m [31mERROR[0m [2mbevy_asset::server[0m[2m:[0m Path not found: original-ui/MagIcon/54.png
10-01 14:40:40.322  3589  3616 E event /Users/henryliu/.cargo/registry/src/index.crates.io-1949cf8c6b5b557f/bevy_asset-0.19.0/sPath not found: original-ui/MagIcon/54.png
10-01 14:40:40.371  3589  3616 E event /Users/henryliu/.cargo/registry/src/index.crates.io-1949cf8c6b5b557f/bevy_asset-0.19.0/sPath not found: original-ui/MagIcon/54.png
10-01 14:40:40.371  3589  3614 I RustStdoutStderr: [2m2026-10-01T06:40:40.371259Z[0m [31mERROR[0m [2mbevy_asset::server[0m[2m:[0m Path not found: original-ui/MagIcon/54.png
10-01 14:40:40.447  3589  3616 E event /Users/henryliu/.cargo/registry/src/index.crates.io-1949cf8c6b5b557f/bevy_asset-0.19.0/sPath not found: original-ui/MagIcon/54.png
10-01 14:40:40.447  3589  3614 I RustStdoutStderr: [2m2026-10-01T06:40:40.446932Z[0m [31mERROR[0m [2mbevy_asset::server[0m[2m:[0m Path not found: original-ui/MagIcon/54.png
10-01 14:40:40.544  3589  3616 E event /Users/henryliu/.cargo/registry/src/index.crates.io-1949cf8c6b5b557f/bevy_asset-0.19.0/sPath not found: original-ui/MagIcon/54.png
10-01 14:40:40.547  3589  3614 I RustStdoutStderr: [2m2026-10-01T06:40:40.544641Z[0m [31mERROR[0m [2mbevy_asset::server[0m[2m:[0m Path not found: original-ui/MagIcon/54.png
10-01 14:40:40.740  3589  3615 D EGL_emulation: app_time_stats: avg=122.93ms min=52.21ms max=280.99ms count=10
10-01 14:40:40.792  3589  3616 E event /Users/henryliu/.cargo/registry/src/index.crates.io-1949cf8c6b5b557f/bevy_asset-0.19.0/sPath not found: original-ui/MagIcon/54.png
10-01 14:40:40.793  3589  3614 I RustStdoutStderr: [2m2026-10-01T06:40:40.792539Z[0m [31mERROR[0m [2mbevy_asset::server[0m[2m:[0m Path not found: original-ui/MagIcon/54.png
10-01 14:40:40.925  3589  3616 E event /Users/henryliu/.cargo/registry/src/index.crates.io-1949cf8c6b5b557f/bevy_asset-0.19.0/sPath not found: original-ui/MagIcon/54.png
10-01 14:40:40.925  3589  3614 I RustStdoutStderr: [2m2026-10-01T06:40:40.925273Z[0m [31mERROR[0m [2mbevy_asset::server[0m[2m:[0m Path not found: original-ui/MagIcon/54.png
10-01 14:40:41.006  3589  3616 E event /Users/henryliu/.cargo/registry/src/index.crates.io-1949cf8c6b5b557f/bevy_asset-0.19.0/sPath not found: original-ui/MagIcon/54.png
10-01 14:40:41.006  3589  3614 I RustStdoutStderr: [2m2026-10-01T06:40:41.006237Z[0m [31mERROR[0m [2mbevy_asset::server[0m[2m:[0m Path not found: original-ui/MagIcon/54.png
10-01 14:40:41.069  3589  3616 E event /Users/henryliu/.cargo/registry/src/index.crates.io-1949cf8c6b5b557f/bevy_asset-0.19.0/sPath not found: original-ui/MagIcon/54.png
10-01 14:40:41.207  3589  3614 I RustStdoutStderr: [2m2026-10-01T06:40:41.069600Z[0m [31mERROR[0m [2mbevy_asset::server[0m[2m:[0m Path not found: original-ui/MagIcon/54.png
10-01 14:40:41.303  3589  3616 E event /Users/henryliu/.cargo/registry/src/index.crates.io-1949cf8c6b5b557f/bevy_asset-0.19.0/sPath not found: original-ui/MagIcon/54.png
10-01 14:40:41.303  3589  3614 I RustStdoutStderr: [2m2026-10-01T06:40:41.302843Z[0m [31mERROR[0m [2mbevy_asset::server[0m[2m:[0m Path not found: original-ui/MagIcon/54.png
10-01 14:40:41.446  3589  3616 E event /Users/henryliu/.cargo/registry/src/index.crates.io-1949cf8c6b5b557f/bevy_asset-0.19.0/sPath not found: original-ui/MagIcon/54.png
10-01 14:40:41.446  3589  3614 I RustStdoutStderr: [2m2026-10-01T06:40:41.446024Z[0m [31mERROR[0m [2mbevy_asset::server[0m[2m:[0m Path not found: original-ui/MagIcon/54.png
10-01 14:40:41.496  3589  3616 E event /Users/henryliu/.cargo/registry/src/index.crates.io-1949cf8c6b5b557f/bevy_asset-0.19.0/sPath not found: original-ui/MagIcon/54.png
10-01 14:40:41.496  3589  3614 I RustStdoutStderr: [2m2026-10-01T06:40:41.496649Z[0m [31mERROR[0m [2mbevy_asset::server[0m[2m:[0m Path not found: original-ui/MagIcon/54.png
10-01 14:40:41.573  3589  3616 E event /Users/henryliu/.cargo/registry/src/index.crates.io-1949cf8c6b5b557f/bevy_asset-0.19.0/sPath not found: original-ui/MagIcon/54.png
10-01 14:40:41.573  3589  3614 I RustStdoutStderr: [2m2026-10-01T06:40:41.573043Z[0m [31mERROR[0m [2mbevy_asset::server[0m[2m:[0m Path not found: original-ui/MagIcon/54.png
10-01 14:40:41.710  3589  3616 E event /Users/henryliu/.cargo/registry/src/index.crates.io-1949cf8c6b5b557f/bevy_asset-0.19.0/sPath not found: original-ui/MagIcon/54.png
10-01 14:40:41.710  3589  3614 I RustStdoutStderr: [2m2026-10-01T06:40:41.709218Z[0m [31mERROR[0m [2mbevy_asset::server[0m[2m:[0m Path not found: original-ui/MagIcon/54.png
10-01 14:40:41.772  3589  3615 D EGL_emulation: app_time_stats: avg=114.71ms min=60.82ms max=225.70ms count=9
10-01 14:40:41.812  3589  3616 E event /Users/henryliu/.cargo/registry/src/index.crates.io-1949cf8c6b5b557f/bevy_asset-0.19.0/sPath not found: original-ui/MagIcon/54.png
10-01 14:40:41.813  3589  3614 I RustStdoutStderr: [2m2026-10-01T06:40:41.812859Z[0m [31mERROR[0m [2mbevy_asset::server[0m[2m:[0m Path not found: original-ui/MagIcon/54.png
10-01 14:40:41.944  3589  3616 E event /Users/henryliu/.cargo/registry/src/index.crates.io-1949cf8c6b5b557f/bevy_asset-0.19.0/sPath not found: original-ui/MagIcon/54.png
10-01 14:40:41.944  3589  3614 I RustStdoutStderr: [2m2026-10-01T06:40:41.943795Z[0m [31mERROR[0m [2mbevy_asset::server[0m[2m:[0m Path not found: original-ui/MagIcon/54.png
10-01 14:40:42.019  3589  3616 E event /Users/henryliu/.cargo/registry/src/index.crates.io-1949cf8c6b5b557f/bevy_asset-0.19.0/sPath not found: original-ui/MagIcon/54.png
10-01 14:40:42.020  3589  3614 I RustStdoutStderr: [2m2026-10-01T06:40:42.019247Z[0m [31mERROR[0m [2mbevy_asset::server[0m[2m:[0m Path not found: original-ui/MagIcon/54.png
10-01 14:40:42.149  3589  3616 E event /Users/henryliu/.cargo/registry/src/index.crates.io-1949cf8c6b5b557f/bevy_asset-0.19.0/sPath not found: original-ui/MagIcon/54.png
10-01 14:40:42.154  3589  3614 I RustStdoutStderr: [2m2026-10-01T06:40:42.149700Z[0m [31mERROR[0m [2mbevy_asset::server[0m[2m:[0m Path not found: original-ui/MagIcon/54.png
10-01 14:40:42.315  3589  3616 E event /Users/henryliu/.cargo/registry/src/index.crates.io-1949cf8c6b5b557f/bevy_asset-0.19.0/sPath not found: original-ui/MagIcon/54.png
10-01 14:40:42.320  3589  3614 I RustStdoutStderr: [2m2026-10-01T06:40:42.314955Z[0m [31mERROR[0m [2mbevy_asset::server[0m[2m:[0m Path not found: original-ui/MagIcon/54.png
10-01 14:40:42.481  3589  3616 E event /Users/henryliu/.cargo/registry/src/index.crates.io-1949cf8c6b5b557f/bevy_asset-0.19.0/sPath not found: original-ui/MagIcon/54.png
10-01 14:40:42.481  3589  3614 I RustStdoutStderr: [2m2026-10-01T06:40:42.481770Z[0m [31mERROR[0m [2mbevy_asset::server[0m[2m:[0m Path not found: original-ui/MagIcon/54.png
10-01 14:40:42.525  3589  3616 E event /Users/henryliu/.cargo/registry/src/index.crates.io-1949cf8c6b5b557f/bevy_asset-0.19.0/sPath not found: original-ui/MagIcon/54.png
10-01 14:40:42.525  3589  3614 I RustStdoutStderr: [2m2026-10-01T06:40:42.525407Z[0m [31mERROR[0m [2mbevy_asset::server[0m[2m:[0m Path not found: original-ui/MagIcon/54.png
10-01 14:40:42.613  3589  3616 E event /Users/henryliu/.cargo/registry/src/index.crates.io-1949cf8c6b5b557f/bevy_asset-0.19.0/sPath not found: original-ui/MagIcon/54.png
10-01 14:40:42.614  3589  3614 I RustStdoutStderr: [2m2026-10-01T06:40:42.613602Z[0m [31mERROR[0m [2mbevy_asset::server[0m[2m:[0m Path not found: original-ui/MagIcon/54.png
10-01 14:40:42.702  3589  3616 E event /Users/henryliu/.cargo/registry/src/index.crates.io-1949cf8c6b5b557f/bevy_asset-0.19.0/sPath not found: original-ui/MagIcon/54.png
10-01 14:40:42.702  3589  3614 I RustStdoutStderr: [2m2026-10-01T06:40:42.702139Z[0m [31mERROR[0m [2mbevy_asset::server[0m[2m:[0m Path not found: original-ui/MagIcon/54.png
10-01 14:40:42.749  3589  3616 E event /Users/henryliu/.cargo/registry/src/index.crates.io-1949cf8c6b5b557f/bevy_asset-0.19.0/sPath not found: original-ui/MagIcon/54.png
10-01 14:40:42.749  3589  3614 I RustStdoutStderr: [2m2026-10-01T06:40:42.749543Z[0m [31mERROR[0m [2mbevy_asset::server[0m[2m:[0m Path not found: original-ui/MagIcon/54.png
10-01 14:40:42.873  3589  3615 D EGL_emulation: app_time_stats: avg=110.00ms min=45.06ms max=190.90ms count=10
10-01 14:40:42.986  3589  3614 I RustStdoutStderr: [2m2026-10-01T06:40:42.986325Z[0m [31mERROR[0m [2mbevy_asset::server[0m[2m:[0m Path not found: original-ui/MagIcon/54.png
10-01 14:40:42.986  3589  3616 E event /Users/henryliu/.cargo/registry/src/index.crates.io-1949cf8c6b5b557f/bevy_asset-0.19.0/sPath not found: original-ui/MagIcon/54.png
10-01 14:40:43.062  3589  3616 E event /Users/henryliu/.cargo/registry/src/index.crates.io-1949cf8c6b5b557f/bevy_asset-0.19.0/sPath not found: original-ui/MagIcon/54.png
10-01 14:40:43.065  3589  3614 I RustStdoutStderr: [2m2026-10-01T06:40:43.062396Z[0m [31mERROR[0m [2mbevy_asset::server[0m[2m:[0m Path not found: original-ui/MagIcon/54.png
10-01 14:40:43.147  3589  3616 E event /Users/henryliu/.cargo/registry/src/index.crates.io-1949cf8c6b5b557f/bevy_asset-0.19.0/sPath not found: original-ui/MagIcon/54.png
10-01 14:40:43.147  3589  3614 I RustStdoutStderr: [2m2026-10-01T06:40:43.147127Z[0m [31mERROR[0m [2mbevy_asset::server[0m[2m:[0m Path not found: original-ui/MagIcon/54.png
10-01 14:40:43.274  3589  3616 E event /Users/henryliu/.cargo/registry/src/index.crates.io-1949cf8c6b5b557f/bevy_asset-0.19.0/sPath not found: original-ui/MagIcon/54.png
10-01 14:40:43.275  3589  3614 I RustStdoutStderr: [2m2026-10-01T06:40:43.274353Z[0m [31mERROR[0m [2mbevy_asset::server[0m[2m:[0m Path not found: original-ui/MagIcon/54.png
10-01 14:40:43.390  3589  3616 E event /Users/henryliu/.cargo/registry/src/index.crates.io-1949cf8c6b5b557f/bevy_asset-0.19.0/sPath not found: original-ui/MagIcon/54.png
10-01 14:40:43.393  3589  3614 I RustStdoutStderr: [2m2026-10-01T06:40:43.390574Z[0m [31mERROR[0m [2mbevy_asset::server[0m[2m:[0m Path not found: original-ui/MagIcon/54.png
10-01 14:40:43.566  3589  3616 E event /Users/henryliu/.cargo/registry/src/index.crates.io-1949cf8c6b5b557f/bevy_asset-0.19.0/sPath not found: original-ui/MagIcon/54.png
10-01 14:40:43.566  3589  3614 I RustStdoutStderr: [2m2026-10-01T06:40:43.566030Z[0m [31mERROR[0m [2mbevy_asset::server[0m[2m:[0m Path not found: original-ui/MagIcon/54.png
10-01 14:40:43.628  3589  3616 E event /Users/henryliu/.cargo/registry/src/index.crates.io-1949cf8c6b5b557f/bevy_asset-0.19.0/sPath not found: original-ui/MagIcon/54.png
10-01 14:40:43.628  3589  3614 I RustStdoutStderr: [2m2026-10-01T06:40:43.628086Z[0m [31mERROR[0m [2mbevy_asset::server[0m[2m:[0m Path not found: original-ui/MagIcon/54.png
10-01 14:40:43.739  3589  3614 I RustStdoutStderr: [2m2026-10-01T06:40:43.739488Z[0m [31mERROR[0m [2mbevy_asset::server[0m[2m:[0m Path not found: original-ui/MagIcon/54.png
10-01 14:40:43.739  3589  3616 E event /Users/henryliu/.cargo/registry/src/index.crates.io-1949cf8c6b5b557f/bevy_asset-0.19.0/sPath not found: original-ui/MagIcon/54.png
10-01 14:40:43.815  3589  3616 E event /Users/henryliu/.cargo/registry/src/index.crates.io-1949cf8c6b5b557f/bevy_asset-0.19.0/sPath not found: original-ui/MagIcon/54.png
10-01 14:40:43.815  3589  3614 I RustStdoutStderr: [2m2026-10-01T06:40:43.815037Z[0m [31mERROR[0m [2mbevy_asset::server[0m[2m:[0m Path not found: original-ui/MagIcon/54.png
10-01 14:40:43.880  3589  3616 E event /Users/henryliu/.cargo/registry/src/index.crates.io-1949cf8c6b5b557f/bevy_asset-0.19.0/sPath not found: original-ui/MagIcon/54.png
10-01 14:40:43.880  3589  3614 I RustStdoutStderr: [2m2026-10-01T06:40:43.880384Z[0m [31mERROR[0m [2mbevy_asset::server[0m[2m:[0m Path not found: original-ui/MagIcon/54.png
10-01 14:40:43.978  3589  3615 D EGL_emulation: app_time_stats: avg=110.48ms min=48.28ms max=190.73ms count=10
10-01 14:40:44.015  3589  3616 E event /Users/henryliu/.cargo/registry/src/index.crates.io-1949cf8c6b5b557f/bevy_asset-0.19.0/sPath not found: original-ui/MagIcon/54.png
10-01 14:40:44.016  3589  3614 I RustStdoutStderr: [2m2026-10-01T06:40:44.015295Z[0m [31mERROR[0m [2mbevy_asset::server[0m[2m:[0m Path not found: original-ui/MagIcon/54.png
10-01 14:40:44.108  3589  3616 E event /Users/henryliu/.cargo/registry/src/index.crates.io-1949cf8c6b5b557f/bevy_asset-0.19.0/sPath not found: original-ui/MagIcon/54.png
10-01 14:40:44.109  3589  3614 I RustStdoutStderr: [2m2026-10-01T06:40:44.108277Z[0m [31mERROR[0m [2mbevy_asset::server[0m[2m:[0m Path not found: original-ui/MagIcon/54.png
10-01 14:40:44.228  3589  3616 E event /Users/henryliu/.cargo/registry/src/index.crates.io-1949cf8c6b5b557f/bevy_asset-0.19.0/sPath not found: original-ui/MagIcon/54.png
10-01 14:40:44.228  3589  3614 I RustStdoutStderr: [2m2026-10-01T06:40:44.228427Z[0m [31mERROR[0m [2mbevy_asset::server[0m[2m:[0m Path not found: original-ui/MagIcon/54.png
10-01 14:40:44.327  3589  3616 E event /Users/henryliu/.cargo/registry/src/index.crates.io-1949cf8c6b5b557f/bevy_asset-0.19.0/sPath not found: original-ui/MagIcon/54.png
10-01 14:40:44.327  3589  3614 I RustStdoutStderr: [2m2026-10-01T06:40:44.327304Z[0m [31mERROR[0m [2mbevy_asset::server[0m[2m:[0m Path not found: original-ui/MagIcon/54.png
10-01 14:40:44.437  3589  3616 E event /Users/henryliu/.cargo/registry/src/index.crates.io-1949cf8c6b5b557f/bevy_asset-0.19.0/sPath not found: original-ui/MagIcon/54.png
10-01 14:40:44.438  3589  3614 I RustStdoutStderr: [2m2026-10-01T06:40:44.437499Z[0m [31mERROR[0m [2mbevy_asset::server[0m[2m:[0m Path not found: original-ui/MagIcon/54.png
10-01 14:40:44.544  3589  3616 E event /Users/henryliu/.cargo/registry/src/index.crates.io-1949cf8c6b5b557f/bevy_asset-0.19.0/sPath not found: original-ui/MagIcon/54.png
10-01 14:40:44.545  3589  3614 I RustStdoutStderr: [2m2026-10-01T06:40:44.544496Z[0m [31mERROR[0m [2mbevy_asset::server[0m[2m:[0m Path not found: original-ui/MagIcon/54.png
10-01 14:40:44.646  3589  3616 E event /Users/henryliu/.cargo/registry/src/index.crates.io-1949cf8c6b5b557f/bevy_asset-0.19.0/sPath not found: original-ui/MagIcon/54.png
10-01 14:40:44.647  3589  3614 I RustStdoutStderr: [2m2026-10-01T06:40:44.646523Z[0m [31mERROR[0m [2mbevy_asset::server[0m[2m:[0m Path not found: original-ui/MagIcon/54.png
10-01 14:40:44.719  3589  3616 E event /Users/henryliu/.cargo/registry/src/index.crates.io-1949cf8c6b5b557f/bevy_asset-0.19.0/sPath not found: original-ui/MagIcon/54.png
10-01 14:40:44.723  3589  3614 I RustStdoutStderr: [2m2026-10-01T06:40:44.719341Z[0m [31mERROR[0m [2mbevy_asset::server[0m[2m:[0m Path not found: original-ui/MagIcon/54.png
10-01 14:40:44.811  3589  3616 E event /Users/henryliu/.cargo/registry/src/index.crates.io-1949cf8c6b5b557f/bevy_asset-0.19.0/sPath not found: original-ui/MagIcon/54.png
10-01 14:40:44.812  3589  3614 I RustStdoutStderr: [2m2026-10-01T06:40:44.811723Z[0m [31mERROR[0m [2mbevy_asset::server[0m[2m:[0m Path not found: original-ui/MagIcon/54.png
10-01 14:40:45.013  3589  3615 D EGL_emulation: app_time_stats: avg=115.00ms min=67.59ms max=233.11ms count=9
10-01 14:40:45.285  3589  3616 E event /Users/henryliu/.cargo/registry/src/index.crates.io-1949cf8c6b5b557f/bevy_asset-0.19.0/sPath not found: original-ui/MagIcon/54.png
10-01 14:40:45.286  3589  3614 I RustStdoutStderr: [2m2026-10-01T06:40:45.285830Z[0m [31mERROR[0m [2mbevy_asset::server[0m[2m:[0m Path not found: original-ui/MagIcon/54.png
10-01 14:40:45.731  3589  3616 E event /Users/henryliu/.cargo/registry/src/index.crates.io-1949cf8c6b5b557f/bevy_asset-0.19.0/sPath not found: original-ui/MagIcon/54.png
10-01 14:40:45.732  3589  3614 I RustStdoutStderr: [2m2026-10-01T06:40:45.731903Z[0m [31mERROR[0m [2mbevy_asset::server[0m[2m:[0m Path not found: original-ui/MagIcon/54.png
10-01 14:40:45.973  3589  3616 E event /Users/henryliu/.cargo/registry/src/index.crates.io-1949cf8c6b5b557f/bevy_asset-0.19.0/sPath not found: original-ui/MagIcon/54.png
10-01 14:40:45.974  3589  3614 I RustStdoutStderr: [2m2026-10-01T06:40:45.973098Z[0m [31mERROR[0m [2mbevy_asset::server[0m[2m:[0m Path not found: original-ui/MagIcon/54.png
10-01 14:40:46.138  3589  3615 D EGL_emulation: app_time_stats: avg=374.86ms min=273.65ms max=482.14ms count=3
10-01 14:40:46.198  3589  3616 E event /Users/henryliu/.cargo/registry/src/index.crates.io-1949cf8c6b5b557f/bevy_asset-0.19.0/sPath not found: original-ui/MagIcon/54.png
10-01 14:40:46.199  3589  3614 I RustStdoutStderr: [2m2026-10-01T06:40:46.197900Z[0m [31mERROR[0m [2mbevy_asset::server[0m[2m:[0m Path not found: original-ui/MagIcon/54.png
10-01 14:40:46.398  3589  3616 E event /Users/henryliu/.cargo/registry/src/index.crates.io-1949cf8c6b5b557f/bevy_asset-0.19.0/sPath not found: original-ui/MagIcon/54.png
10-01 14:40:46.398  3589  3614 I RustStdoutStderr: [2m2026-10-01T06:40:46.398301Z[0m [31mERROR[0m [2mbevy_asset::server[0m[2m:[0m Path not found: original-ui/MagIcon/54.png
10-01 14:40:46.600  3589  3616 E event /Users/henryliu/.cargo/registry/src/index.crates.io-1949cf8c6b5b557f/bevy_asset-0.19.0/sPath not found: original-ui/MagIcon/54.png
10-01 14:40:46.601  3589  3614 I RustStdoutStderr: [2m2026-10-01T06:40:46.600021Z[0m [31mERROR[0m [2mbevy_asset::server[0m[2m:[0m Path not found: original-ui/MagIcon/54.png
10-01 14:40:46.848  3589  3616 E event /Users/henryliu/.cargo/registry/src/index.crates.io-1949cf8c6b5b557f/bevy_asset-0.19.0/sPath not found: original-ui/MagIcon/54.png
10-01 14:40:46.855  3589  3614 I RustStdoutStderr: [2m2026-10-01T06:40:46.848599Z[0m [31mERROR[0m [2mbevy_asset::server[0m[2m:[0m Path not found: original-ui/MagIcon/54.png
10-01 14:40:47.201  3589  3616 E event /Users/henryliu/.cargo/registry/src/index.crates.io-1949cf8c6b5b557f/bevy_asset-0.19.0/sPath not found: original-ui/MagIcon/54.png
10-01 14:40:47.202  3589  3614 I RustStdoutStderr: [2m2026-10-01T06:40:47.201329Z[0m [31mERROR[0m [2mbevy_asset::server[0m[2m:[0m Path not found: original-ui/MagIcon/54.png
10-01 14:40:47.335  3589  3615 D EGL_emulation: app_time_stats: avg=239.25ms min=143.14ms max=341.41ms count=5
10-01 14:40:47.637  3589  3616 E event /Users/henryliu/.cargo/registry/src/index.crates.io-1949cf8c6b5b557f/bevy_asset-0.19.0/sPath not found: original-ui/MagIcon/54.png
10-01 14:40:47.638  3589  3614 I RustStdoutStderr: [2m2026-10-01T06:40:47.637664Z[0m [31mERROR[0m [2mbevy_asset::server[0m[2m:[0m Path not found: original-ui/MagIcon/54.png
10-01 14:40:47.758  3589  3616 E event /Users/henryliu/.cargo/registry/src/index.crates.io-1949cf8c6b5b557f/bevy_asset-0.19.0/sPath not found: original-ui/MagIcon/54.png
10-01 14:40:47.761  3589  3614 I RustStdoutStderr: [2m2026-10-01T06:40:47.758192Z[0m [31mERROR[0m [2mbevy_asset::server[0m[2m:[0m Path not found: original-ui/MagIcon/54.png
10-01 14:40:47.942  3589  3616 E event /Users/henryliu/.cargo/registry/src/index.crates.io-1949cf8c6b5b557f/bevy_asset-0.19.0/sPath not found: original-ui/MagIcon/54.png
10-01 14:40:47.943  3589  3614 I RustStdoutStderr: [2m2026-10-01T06:40:47.941626Z[0m [31mERROR[0m [2mbevy_asset::server[0m[2m:[0m Path not found: original-ui/MagIcon/54.png
10-01 14:40:48.107  3589  3616 E event /Users/henryliu/.cargo/registry/src/index.crates.io-1949cf8c6b5b557f/bevy_asset-0.19.0/sPath not found: original-ui/MagIcon/54.png
10-01 14:40:48.107  3589  3614 I RustStdoutStderr: [2m2026-10-01T06:40:48.107192Z[0m [31mERROR[0m [2mbevy_asset::server[0m[2m:[0m Path not found: original-ui/MagIcon/54.png
10-01 14:40:48.239  3589  3616 E event /Users/henryliu/.cargo/registry/src/index.crates.io-1949cf8c6b5b557f/bevy_asset-0.19.0/sPath not found: original-ui/MagIcon/54.png
10-01 14:40:48.239  3589  3614 I RustStdoutStderr: [2m2026-10-01T06:40:48.239063Z[0m [31mERROR[0m [2mbevy_asset::server[0m[2m:[0m Path not found: original-ui/MagIcon/54.png
10-01 14:40:48.372  3589  3615 D EGL_emulation: app_time_stats: avg=207.42ms min=150.33ms max=360.60ms count=5
10-01 14:40:48.639  3589  3616 E event /Users/henryliu/.cargo/registry/src/index.crates.io-1949cf8c6b5b557f/bevy_asset-0.19.0/sPath not found: original-ui/MagIcon/54.png
10-01 14:40:48.640  3589  3614 I RustStdoutStderr: [2m2026-10-01T06:40:48.639403Z[0m [31mERROR[0m [2mbevy_asset::server[0m[2m:[0m Path not found: original-ui/MagIcon/54.png
10-01 14:40:49.114  3589  3616 E event /Users/henryliu/.cargo/registry/src/index.crates.io-1949cf8c6b5b557f/bevy_asset-0.19.0/sPath not found: original-ui/MagIcon/54.png
10-01 14:40:49.115  3589  3614 I RustStdoutStderr: [2m2026-10-01T06:40:49.114658Z[0m [31mERROR[0m [2mbevy_asset::server[0m[2m:[0m Path not found: original-ui/MagIcon/54.png
10-01 14:40:49.327  3589  3616 E event /Users/henryliu/.cargo/registry/src/index.crates.io-1949cf8c6b5b557f/bevy_asset-0.19.0/sPath not found: original-ui/MagIcon/54.png
10-01 14:40:49.328  3589  3614 I RustStdoutStderr: [2m2026-10-01T06:40:49.327214Z[0m [31mERROR[0m [2mbevy_asset::server[0m[2m:[0m Path not found: original-ui/MagIcon/54.png
10-01 14:40:49.436  3589  3615 D EGL_emulation: app_time_stats: avg=354.32ms min=177.99ms max=493.98ms count=3
10-01 14:40:49.555  3589  3614 I RustStdoutStderr: [2m2026-10-01T06:40:49.555075Z[0m [31mERROR[0m [2mbevy_asset::server[0m[2m:[0m Path not found: original-ui/MagIcon/54.png
10-01 14:40:49.555  3589  3616 E event /Users/henryliu/.cargo/registry/src/index.crates.io-1949cf8c6b5b557f/bevy_asset-0.19.0/sPath not found: original-ui/MagIcon/54.png
10-01 14:40:49.812  3589  3616 E event /Users/henryliu/.cargo/registry/src/index.crates.io-1949cf8c6b5b557f/bevy_asset-0.19.0/sPath not found: original-ui/MagIcon/54.png
10-01 14:40:49.812  3589  3614 I RustStdoutStderr: [2m2026-10-01T06:40:49.811448Z[0m [31mERROR[0m [2mbevy_asset::server[0m[2m:[0m Path not found: original-ui/MagIcon/54.png
10-01 14:40:50.109  3589  3616 E event /Users/henryliu/.cargo/registry/src/index.crates.io-1949cf8c6b5b557f/bevy_asset-0.19.0/sPath not found: original-ui/MagIcon/54.png
10-01 14:40:50.109  3589  3614 I RustStdoutStderr: [2m2026-10-01T06:40:50.109069Z[0m [31mERROR[0m [2mbevy_asset::server[0m[2m:[0m Path not found: original-ui/MagIcon/54.png
10-01 14:40:50.437  3589  3616 E event /Users/henryliu/.cargo/registry/src/index.crates.io-1949cf8c6b5b557f/bevy_asset-0.19.0/sPath not found: original-ui/MagIcon/54.png
10-01 14:40:50.440  3589  3614 I RustStdoutStderr: [2m2026-10-01T06:40:50.437483Z[0m [31mERROR[0m [2mbevy_asset::server[0m[2m:[0m Path not found: original-ui/MagIcon/54.png
10-01 14:40:50.532  3589  3615 D EGL_emulation: app_time_stats: avg=273.68ms min=229.90ms max=321.13ms count=4
10-01 14:40:50.585  3589  3616 E event /Users/henryliu/.cargo/registry/src/index.crates.io-1949cf8c6b5b557f/bevy_asset-0.19.0/sPath not found: original-ui/MagIcon/54.png
10-01 14:40:50.586  3589  3614 I RustStdoutStderr: [2m2026-10-01T06:40:50.585688Z[0m [31mERROR[0m [2mbevy_asset::server[0m[2m:[0m Path not found: original-ui/MagIcon/54.png
10-01 14:40:50.846  3589  3616 E event /Users/henryliu/.cargo/registry/src/index.crates.io-1949cf8c6b5b557f/bevy_asset-0.19.0/sPath not found: original-ui/MagIcon/54.png
10-01 14:40:50.846  3589  3614 I RustStdoutStderr: [2m2026-10-01T06:40:50.843516Z[0m [31mERROR[0m [2mbevy_asset::server[0m[2m:[0m Path not found: original-ui/MagIcon/54.png
10-01 14:40:51.346  3589  3616 E event /Users/henryliu/.cargo/registry/src/index.crates.io-1949cf8c6b5b557f/bevy_asset-0.19.0/sPath not found: original-ui/MagIcon/54.png
10-01 14:40:51.363  3589  3614 I RustStdoutStderr: [2m2026-10-01T06:40:51.346625Z[0m [31mERROR[0m [2mbevy_asset::server[0m[2m:[0m Path not found: original-ui/MagIcon/54.png
10-01 14:40:51.650  3589  3616 E event /Users/henryliu/.cargo/registry/src/index.crates.io-1949cf8c6b5b557f/bevy_asset-0.19.0/sPath not found: original-ui/MagIcon/54.png
10-01 14:40:51.651  3589  3614 I RustStdoutStderr: [2m2026-10-01T06:40:51.649961Z[0m [31mERROR[0m [2mbevy_asset::server[0m[2m:[0m Path not found: original-ui/MagIcon/54.png
10-01 14:40:51.815  3589  3615 D EGL_emulation: app_time_stats: avg=320.59ms min=182.83ms max=442.83ms count=4
10-01 14:40:51.863  3589  3616 E event /Users/henryliu/.cargo/registry/src/index.crates.io-1949cf8c6b5b557f/bevy_asset-0.19.0/sPath not found: original-ui/MagIcon/54.png
10-01 14:40:51.866  3589  3614 I RustStdoutStderr: [2m2026-10-01T06:40:51.863720Z[0m [31mERROR[0m [2mbevy_asset::server[0m[2m:[0m Path not found: original-ui/MagIcon/54.png
10-01 14:40:52.092  3589  3616 E event /Users/henryliu/.cargo/registry/src/index.crates.io-1949cf8c6b5b557f/bevy_asset-0.19.0/sPath not found: original-ui/MagIcon/54.png
10-01 14:40:52.092  3589  3614 I RustStdoutStderr: [2m2026-10-01T06:40:52.091743Z[0m [31mERROR[0m [2mbevy_asset::server[0m[2m:[0m Path not found: original-ui/MagIcon/54.png
10-01 14:40:52.393  3589  3616 E event /Users/henryliu/.cargo/registry/src/index.crates.io-1949cf8c6b5b557f/bevy_asset-0.19.0/sPath not found: original-ui/MagIcon/54.png
10-01 14:40:52.396  3589  3614 I RustStdoutStderr: [2m2026-10-01T06:40:52.393790Z[0m [31mERROR[0m [2mbevy_asset::server[0m[2m:[0m Path not found: original-ui/MagIcon/54.png
10-01 14:40:52.537  3589  3616 E event /Users/henryliu/.cargo/registry/src/index.crates.io-1949cf8c6b5b557f/bevy_asset-0.19.0/sPath not found: original-ui/MagIcon/54.png
10-01 14:40:52.538  3589  3614 I RustStdoutStderr: [2m2026-10-01T06:40:52.537245Z[0m [31mERROR[0m [2mbevy_asset::server[0m[2m:[0m Path not found: original-ui/MagIcon/54.png
10-01 14:40:52.802  3589  3616 E event /Users/henryliu/.cargo/registry/src/index.crates.io-1949cf8c6b5b557f/bevy_asset-0.19.0/sPath not found: original-ui/MagIcon/54.png
10-01 14:40:52.803  3589  3614 I RustStdoutStderr: [2m2026-10-01T06:40:52.802448Z[0m [31mERROR[0m [2mbevy_asset::server[0m[2m:[0m Path not found: original-ui/MagIcon/54.png
10-01 14:40:52.909  3589  3615 D EGL_emulation: app_time_stats: avg=218.61ms min=98.40ms max=387.99ms count=5
10-01 14:40:53.046  3589  3616 E event /Users/henryliu/.cargo/registry/src/index.crates.io-1949cf8c6b5b557f/bevy_asset-0.19.0/sPath not found: original-ui/MagIcon/54.png
10-01 14:40:53.047  3589  3614 I RustStdoutStderr: [2m2026-10-01T06:40:53.046526Z[0m [31mERROR[0m [2mbevy_asset::server[0m[2m:[0m Path not found: original-ui/MagIcon/54.png
10-01 14:40:53.364  3589  3616 E event /Users/henryliu/.cargo/registry/src/index.crates.io-1949cf8c6b5b557f/bevy_asset-0.19.0/sPath not found: original-ui/MagIcon/54.png
10-01 14:40:53.365  3589  3614 I RustStdoutStderr: [2m2026-10-01T06:40:53.364869Z[0m [31mERROR[0m [2mbevy_asset::server[0m[2m:[0m Path not found: original-ui/MagIcon/54.png
10-01 14:40:53.516  3589  3616 E event /Users/henryliu/.cargo/registry/src/index.crates.io-1949cf8c6b5b557f/bevy_asset-0.19.0/sPath not found: original-ui/MagIcon/54.png
10-01 14:40:53.521  3589  3614 I RustStdoutStderr: [2m2026-10-01T06:40:53.516282Z[0m [31mERROR[0m [2mbevy_asset::server[0m[2m:[0m Path not found: original-ui/MagIcon/54.png
10-01 14:40:53.782  3589  3616 E event /Users/henryliu/.cargo/registry/src/index.crates.io-1949cf8c6b5b557f/bevy_asset-0.19.0/sPath not found: original-ui/MagIcon/54.png
10-01 14:40:53.782  3589  3614 I RustStdoutStderr: [2m2026-10-01T06:40:53.781900Z[0m [31mERROR[0m [2mbevy_asset::server[0m[2m:[0m Path not found: original-ui/MagIcon/54.png
10-01 14:40:53.977  3589  3616 E event /Users/henryliu/.cargo/registry/src/index.crates.io-1949cf8c6b5b557f/bevy_asset-0.19.0/sPath not found: original-ui/MagIcon/54.png
10-01 14:40:53.978  3589  3614 I RustStdoutStderr: [2m2026-10-01T06:40:53.977248Z[0m [31mERROR[0m [2mbevy_asset::server[0m[2m:[0m Path not found: original-ui/MagIcon/54.png
10-01 14:40:54.098  3589  3615 D EGL_emulation: app_time_stats: avg=237.84ms min=178.52ms max=289.15ms count=5
10-01 14:40:54.198  3589  3616 E event /Users/henryliu/.cargo/registry/src/index.crates.io-1949cf8c6b5b557f/bevy_asset-0.19.0/sPath not found: original-ui/MagIcon/54.png
10-01 14:40:54.198  3589  3614 I RustStdoutStderr: [2m2026-10-01T06:40:54.198006Z[0m [31mERROR[0m [2mbevy_asset::server[0m[2m:[0m Path not found: original-ui/MagIcon/54.png
10-01 14:40:54.418  3589  3616 E event /Users/henryliu/.cargo/registry/src/index.crates.io-1949cf8c6b5b557f/bevy_asset-0.19.0/sPath not found: original-ui/MagIcon/54.png
10-01 14:40:54.418  3589  3614 I RustStdoutStderr: [2m2026-10-01T06:40:54.416837Z[0m [31mERROR[0m [2mbevy_asset::server[0m[2m:[0m Path not found: original-ui/MagIcon/54.png
10-01 14:40:54.580  3589  3616 E event /Users/henryliu/.cargo/registry/src/index.crates.io-1949cf8c6b5b557f/bevy_asset-0.19.0/sPath not found: original-ui/MagIcon/54.png
10-01 14:40:54.581  3589  3614 I RustStdoutStderr: [2m2026-10-01T06:40:54.580885Z[0m [31mERROR[0m [2mbevy_asset::server[0m[2m:[0m Path not found: original-ui/MagIcon/54.png
10-01 14:40:55.061  3589  3616 E event /Users/henryliu/.cargo/registry/src/index.crates.io-1949cf8c6b5b557f/bevy_asset-0.19.0/sPath not found: original-ui/MagIcon/54.png
10-01 14:40:55.061  3589  3614 I RustStdoutStderr: [2m2026-10-01T06:40:55.061048Z[0m [31mERROR[0m [2mbevy_asset::server[0m[2m:[0m Path not found: original-ui/MagIcon/54.png
10-01 14:40:55.170  3589  3615 D EGL_emulation: app_time_stats: avg=267.84ms min=186.93ms max=328.95ms count=4
10-01 14:40:55.239  3589  3616 E event /Users/henryliu/.cargo/registry/src/index.crates.io-1949cf8c6b5b557f/bevy_asset-0.19.0/sPath not found: original-ui/MagIcon/54.png
10-01 14:40:55.244  3589  3614 I RustStdoutStderr: [2m2026-10-01T06:40:55.239332Z[0m [31mERROR[0m [2mbevy_asset::server[0m[2m:[0m Path not found: original-ui/MagIcon/54.png
10-01 14:40:55.861  3589  3616 E event /Users/henryliu/.cargo/registry/src/index.crates.io-1949cf8c6b5b557f/bevy_asset-0.19.0/sPath not found: original-ui/MagIcon/54.png
10-01 14:40:55.862  3589  3614 I RustStdoutStderr: [2m2026-10-01T06:40:55.861109Z[0m [31mERROR[0m [2mbevy_asset::server[0m[2m:[0m Path not found: original-ui/MagIcon/54.png
10-01 14:40:56.072  3589  3616 E event /Users/henryliu/.cargo/registry/src/index.crates.io-1949cf8c6b5b557f/bevy_asset-0.19.0/sPath not found: original-ui/MagIcon/54.png
10-01 14:40:56.072  3589  3614 I RustStdoutStderr: [2m2026-10-01T06:40:56.071878Z[0m [31mERROR[0m [2mbevy_asset::server[0m[2m:[0m Path not found: original-ui/MagIcon/54.png
10-01 14:40:56.532  3589  3615 D EGL_emulation: app_time_stats: avg=453.90ms min=236.18ms max=573.21ms count=3
10-01 14:40:56.594  3589  3616 E event /Users/henryliu/.cargo/registry/src/index.crates.io-1949cf8c6b5b557f/bevy_asset-0.19.0/sPath not found: original-ui/MagIcon/54.png
10-01 14:40:56.595  3589  3614 I RustStdoutStderr: [2m2026-10-01T06:40:56.594615Z[0m [31mERROR[0m [2mbevy_asset::server[0m[2m:[0m Path not found: original-ui/MagIcon/54.png
10-01 14:40:56.740  3589  3616 E event /Users/henryliu/.cargo/registry/src/index.crates.io-1949cf8c6b5b557f/bevy_asset-0.19.0/sPath not found: original-ui/MagIcon/54.png
10-01 14:40:56.741  3589  3614 I RustStdoutStderr: [2m2026-10-01T06:40:56.740545Z[0m [31mERROR[0m [2mbevy_asset::server[0m[2m:[0m Path not found: original-ui/MagIcon/54.png
10-01 14:40:56.939  3589  3616 E event /Users/henryliu/.cargo/registry/src/index.crates.io-1949cf8c6b5b557f/bevy_asset-0.19.0/sPath not found: original-ui/MagIcon/54.png
10-01 14:40:56.947  3589  3614 I RustStdoutStderr: [2m2026-10-01T06:40:56.939603Z[0m [31mERROR[0m [2mbevy_asset::server[0m[2m:[0m Path not found: original-ui/MagIcon/54.png
10-01 14:40:57.140  3589  3616 E event /Users/henryliu/.cargo/registry/src/index.crates.io-1949cf8c6b5b557f/bevy_asset-0.19.0/sPath not found: original-ui/MagIcon/54.png
10-01 14:40:57.141  3589  3614 I RustStdoutStderr: [2m2026-10-01T06:40:57.140493Z[0m [31mERROR[0m [2mbevy_asset::server[0m[2m:[0m Path not found: original-ui/MagIcon/54.png
10-01 14:40:57.483  3589  3616 E event /Users/henryliu/.cargo/registry/src/index.crates.io-1949cf8c6b5b557f/bevy_asset-0.19.0/sPath not found: original-ui/MagIcon/54.png
10-01 14:40:57.486  3589  3614 I RustStdoutStderr: [2m2026-10-01T06:40:57.482853Z[0m [31mERROR[0m [2mbevy_asset::server[0m[2m:[0m Path not found: original-ui/MagIcon/54.png
10-01 14:40:57.566  3589  3615 D EGL_emulation: app_time_stats: avg=206.82ms min=132.82ms max=295.72ms count=5
10-01 14:40:57.693  3589  3616 E event /Users/henryliu/.cargo/registry/src/index.crates.io-1949cf8c6b5b557f/bevy_asset-0.19.0/sPath not found: original-ui/MagIcon/54.png
10-01 14:40:57.694  3589  3614 I RustStdoutStderr: [2m2026-10-01T06:40:57.693514Z[0m [31mERROR[0m [2mbevy_asset::server[0m[2m:[0m Path not found: original-ui/MagIcon/54.png
10-01 14:40:57.871  3589  3616 E event /Users/henryliu/.cargo/registry/src/index.crates.io-1949cf8c6b5b557f/bevy_asset-0.19.0/sPath not found: original-ui/MagIcon/54.png
10-01 14:40:57.871  3589  3614 I RustStdoutStderr: [2m2026-10-01T06:40:57.870849Z[0m [31mERROR[0m [2mbevy_asset::server[0m[2m:[0m Path not found: original-ui/MagIcon/54.png
10-01 14:40:58.108  3589  3616 E event /Users/henryliu/.cargo/registry/src/index.crates.io-1949cf8c6b5b557f/bevy_asset-0.19.0/sPath not found: original-ui/MagIcon/54.png
10-01 14:40:58.109  3589  3614 I RustStdoutStderr: [2m2026-10-01T06:40:58.108587Z[0m [31mERROR[0m [2mbevy_asset::server[0m[2m:[0m Path not found: original-ui/MagIcon/54.png
10-01 14:40:58.301  3589  3616 E event /Users/henryliu/.cargo/registry/src/index.crates.io-1949cf8c6b5b557f/bevy_asset-0.19.0/sPath not found: original-ui/MagIcon/54.png
10-01 14:40:58.303  3589  3614 I RustStdoutStderr: [2m2026-10-01T06:40:58.301797Z[0m [31mERROR[0m [2mbevy_asset::server[0m[2m:[0m Path not found: original-ui/MagIcon/54.png
10-01 14:40:58.466  3589  3616 E event /Users/henryliu/.cargo/registry/src/index.crates.io-1949cf8c6b5b557f/bevy_asset-0.19.0/sPath not found: original-ui/MagIcon/54.png
10-01 14:40:58.474  3589  3614 I RustStdoutStderr: [2m2026-10-01T06:40:58.465806Z[0m [31mERROR[0m [2mbevy_asset::server[0m[2m:[0m Path not found: original-ui/MagIcon/54.png
10-01 14:40:58.658  3589  3615 D EGL_emulation: app_time_stats: avg=218.39ms min=187.52ms max=271.62ms count=5
10-01 14:40:58.864  3589  3616 E event /Users/henryliu/.cargo/registry/src/index.crates.io-1949cf8c6b5b557f/bevy_asset-0.19.0/sPath not found: original-ui/MagIcon/54.png
10-01 14:40:58.875  3589  3614 I RustStdoutStderr: [2m2026-10-01T06:40:58.864550Z[0m [31mERROR[0m [2mbevy_asset::server[0m[2m:[0m Path not found: original-ui/MagIcon/54.png
10-01 14:40:59.104  3589  3616 E event /Users/henryliu/.cargo/registry/src/index.crates.io-1949cf8c6b5b557f/bevy_asset-0.19.0/sPath not found: original-ui/MagIcon/54.png
10-01 14:40:59.105  3589  3614 I RustStdoutStderr: [2m2026-10-01T06:40:59.104164Z[0m [31mERROR[0m [2mbevy_asset::server[0m[2m:[0m Path not found: original-ui/MagIcon/54.png
10-01 14:40:59.771  3589  3614 I RustStdoutStderr: [2m2026-10-01T06:40:59.770994Z[0m [31mERROR[0m [2mbevy_asset::server[0m[2m:[0m Path not found: original-ui/MagIcon/54.png
10-01 14:40:59.771  3589  3616 E event /Users/henryliu/.cargo/registry/src/index.crates.io-1949cf8c6b5b557f/bevy_asset-0.19.0/sPath not found: original-ui/MagIcon/54.png
10-01 14:40:59.881  3589  3615 D EGL_emulation: app_time_stats: avg=407.41ms min=373.85ms max=460.90ms count=3
10-01 14:40:59.975  3589  3616 E event /Users/henryliu/.cargo/registry/src/index.crates.io-1949cf8c6b5b557f/bevy_asset-0.19.0/sPath not found: original-ui/MagIcon/54.png
10-01 14:40:59.975  3589  3614 I RustStdoutStderr: [2m2026-10-01T06:40:59.975129Z[0m [31mERROR[0m [2mbevy_asset::server[0m[2m:[0m Path not found: original-ui/MagIcon/54.png
10-01 14:41:00.244  3589  3616 E event /Users/henryliu/.cargo/registry/src/index.crates.io-1949cf8c6b5b557f/bevy_asset-0.19.0/sPath not found: original-ui/MagIcon/54.png
10-01 14:41:00.244  3589  3614 I RustStdoutStderr: [2m2026-10-01T06:41:00.244138Z[0m [31mERROR[0m [2mbevy_asset::server[0m[2m:[0m Path not found: original-ui/MagIcon/54.png
10-01 14:41:00.467  3589  3616 E event /Users/henryliu/.cargo/registry/src/index.crates.io-1949cf8c6b5b557f/bevy_asset-0.19.0/sPath not found: original-ui/MagIcon/54.png
10-01 14:41:00.468  3589  3614 I RustStdoutStderr: [2m2026-10-01T06:41:00.467514Z[0m [31mERROR[0m [2mbevy_asset::server[0m[2m:[0m Path not found: original-ui/MagIcon/54.png
10-01 14:41:00.842  3589  3616 E event /Users/henryliu/.cargo/registry/src/index.crates.io-1949cf8c6b5b557f/bevy_asset-0.19.0/sPath not found: original-ui/MagIcon/54.png
10-01 14:41:00.843  3589  3614 I RustStdoutStderr: [2m2026-10-01T06:41:00.842782Z[0m [31mERROR[0m [2mbevy_asset::server[0m[2m:[0m Path not found: original-ui/MagIcon/54.png
10-01 14:41:00.955  3589  3615 D EGL_emulation: app_time_stats: avg=268.52ms min=175.63ms max=417.64ms count=4
10-01 14:41:01.475  3589  3614 I RustStdoutStderr: [2m2026-10-01T06:41:01.475531Z[0m [31mERROR[0m [2mbevy_asset::server[0m[2m:[0m Path not found: original-ui/MagIcon/54.png
10-01 14:41:01.475  3589  3616 E event /Users/henryliu/.cargo/registry/src/index.crates.io-1949cf8c6b5b557f/bevy_asset-0.19.0/sPath not found: original-ui/MagIcon/54.png
10-01 14:41:01.898  3589  3616 E event /Users/henryliu/.cargo/registry/src/index.crates.io-1949cf8c6b5b557f/bevy_asset-0.19.0/sPath not found: original-ui/MagIcon/54.png
10-01 14:41:01.898  3589  3614 I RustStdoutStderr: [2m2026-10-01T06:41:01.898184Z[0m [31mERROR[0m [2mbevy_asset::server[0m[2m:[0m Path not found: original-ui/MagIcon/54.png
10-01 14:41:01.976  3589  3615 D EGL_emulation: app_time_stats: avg=500.34ms min=186.55ms max=814.13ms count=2
10-01 14:41:02.027  3589  3616 E event /Users/henryliu/.cargo/registry/src/index.crates.io-1949cf8c6b5b557f/bevy_asset-0.19.0/sPath not found: original-ui/MagIcon/54.png
10-01 14:41:02.046  3589  3614 I RustStdoutStderr: [2m2026-10-01T06:41:02.027550Z[0m [31mERROR[0m [2mbevy_asset::server[0m[2m:[0m Path not found: original-ui/MagIcon/54.png
10-01 14:41:02.244  3589  3616 E event /Users/henryliu/.cargo/registry/src/index.crates.io-1949cf8c6b5b557f/bevy_asset-0.19.0/sPath not found: original-ui/MagIcon/54.png
10-01 14:41:02.244  3589  3614 I RustStdoutStderr: [2m2026-10-01T06:41:02.244214Z[0m [31mERROR[0m [2mbevy_asset::server[0m[2m:[0m Path not found: original-ui/MagIcon/54.png
10-01 14:41:02.444  3589  3616 E event /Users/henryliu/.cargo/registry/src/index.crates.io-1949cf8c6b5b557f/bevy_asset-0.19.0/sPath not found: original-ui/MagIcon/54.png
10-01 14:41:02.444  3589  3614 I RustStdoutStderr: [2m2026-10-01T06:41:02.444076Z[0m [31mERROR[0m [2mbevy_asset::server[0m[2m:[0m Path not found: original-ui/MagIcon/54.png
10-01 14:41:03.044  3589  3616 E event /Users/henryliu/.cargo/registry/src/index.crates.io-1949cf8c6b5b557f/bevy_asset-0.19.0/sPath not found: original-ui/MagIcon/54.png
10-01 14:41:03.045  3589  3614 I RustStdoutStderr: [2m2026-10-01T06:41:03.044466Z[0m [31mERROR[0m [2mbevy_asset::server[0m[2m:[0m Path not found: original-ui/MagIcon/54.png
10-01 14:41:03.202  3589  3615 D EGL_emulation: app_time_stats: avg=306.31ms min=184.94ms max=469.09ms count=4
10-01 14:41:03.444  3589  3616 E event /Users/henryliu/.cargo/registry/src/index.crates.io-1949cf8c6b5b557f/bevy_asset-0.19.0/sPath not found: original-ui/MagIcon/54.png
10-01 14:41:03.445  3589  3614 I RustStdoutStderr: [2m2026-10-01T06:41:03.444313Z[0m [31mERROR[0m [2mbevy_asset::server[0m[2m:[0m Path not found: original-ui/MagIcon/54.png
10-01 14:41:03.646  3589  3616 E event /Users/henryliu/.cargo/registry/src/index.crates.io-1949cf8c6b5b557f/bevy_asset-0.19.0/sPath not found: original-ui/MagIcon/54.png
10-01 14:41:03.648  3589  3614 I RustStdoutStderr: [2m2026-10-01T06:41:03.645960Z[0m [31mERROR[0m [2mbevy_asset::server[0m[2m:[0m Path not found: original-ui/MagIcon/54.png
10-01 14:41:03.840  3589  3616 E event /Users/henryliu/.cargo/registry/src/index.crates.io-1949cf8c6b5b557f/bevy_asset-0.19.0/sPath not found: original-ui/MagIcon/54.png
10-01 14:41:03.840  3589  3614 I RustStdoutStderr: [2m2026-10-01T06:41:03.839898Z[0m [31mERROR[0m [2mbevy_asset::server[0m[2m:[0m Path not found: original-ui/MagIcon/54.png
10-01 14:41:04.061  3589  3616 E event /Users/henryliu/.cargo/registry/src/index.crates.io-1949cf8c6b5b557f/bevy_asset-0.19.0/sPath not found: original-ui/MagIcon/54.png
10-01 14:41:04.064  3589  3614 I RustStdoutStderr: [2m2026-10-01T06:41:04.061308Z[0m [31mERROR[0m [2mbevy_asset::server[0m[2m:[0m Path not found: original-ui/MagIcon/54.png
10-01 14:41:04.249  3589  3615 D EGL_emulation: app_time_stats: avg=261.77ms min=158.44ms max=366.91ms count=4
10-01 14:41:04.382  3589  3614 I RustStdoutStderr: [2m2026-10-01T06:41:04.367691Z[0m [31mERROR[0m [2mbevy_asset::server[0m[2m:[0m Path not found: original-ui/MagIcon/54.png
10-01 14:41:04.527  3589  3616 E event /Users/henryliu/.cargo/registry/src/index.crates.io-1949cf8c6b5b557f/bevy_asset-0.19.0/sPath not found: original-ui/MagIcon/54.png
10-01 14:41:04.915  3589  3616 E event /Users/henryliu/.cargo/registry/src/index.crates.io-1949cf8c6b5b557f/bevy_asset-0.19.0/sPath not found: original-ui/MagIcon/54.png
10-01 14:41:04.915  3589  3614 I RustStdoutStderr: [2m2026-10-01T06:41:04.914950Z[0m [31mERROR[0m [2mbevy_asset::server[0m[2m:[0m Path not found: original-ui/MagIcon/54.png
10-01 14:41:05.136  3589  3616 E event /Users/henryliu/.cargo/registry/src/index.crates.io-1949cf8c6b5b557f/bevy_asset-0.19.0/sPath not found: original-ui/MagIcon/54.png
10-01 14:41:05.137  3589  3614 I RustStdoutStderr: [2m2026-10-01T06:41:05.135995Z[0m [31mERROR[0m [2mbevy_asset::server[0m[2m:[0m Path not found: original-ui/MagIcon/54.png
10-01 14:41:05.304  3589  3616 E event /Users/henryliu/.cargo/registry/src/index.crates.io-1949cf8c6b5b557f/bevy_asset-0.19.0/sPath not found: original-ui/MagIcon/54.png
10-01 14:41:05.305  3589  3614 I RustStdoutStderr: [2m2026-10-01T06:41:05.304735Z[0m [31mERROR[0m [2mbevy_asset::server[0m[2m:[0m Path not found: original-ui/MagIcon/54.png
10-01 14:41:05.444  3589  3615 D EGL_emulation: app_time_stats: avg=298.39ms min=106.37ms max=579.35ms count=4
10-01 14:41:05.552  3589  3616 E event /Users/henryliu/.cargo/registry/src/index.crates.io-1949cf8c6b5b557f/bevy_asset-0.19.0/sPath not found: original-ui/MagIcon/54.png
10-01 14:41:05.553  3589  3614 I RustStdoutStderr: [2m2026-10-01T06:41:05.552464Z[0m [31mERROR[0m [2mbevy_asset::server[0m[2m:[0m Path not found: original-ui/MagIcon/54.png
10-01 14:41:05.697  3589  3616 E event /Users/henryliu/.cargo/registry/src/index.crates.io-1949cf8c6b5b557f/bevy_asset-0.19.0/sPath not found: original-ui/MagIcon/54.png
10-01 14:41:05.698  3589  3614 I RustStdoutStderr: [2m2026-10-01T06:41:05.697508Z[0m [31mERROR[0m [2mbevy_asset::server[0m[2m:[0m Path not found: original-ui/MagIcon/54.png
10-01 14:41:05.947  3589  3616 E event /Users/henryliu/.cargo/registry/src/index.crates.io-1949cf8c6b5b557f/bevy_asset-0.19.0/sPath not found: original-ui/MagIcon/54.png
10-01 14:41:05.947  3589  3614 I RustStdoutStderr: [2m2026-10-01T06:41:05.947419Z[0m [31mERROR[0m [2mbevy_asset::server[0m[2m:[0m Path not found: original-ui/MagIcon/54.png
10-01 14:41:06.145  3589  3616 E event /Users/henryliu/.cargo/registry/src/index.crates.io-1949cf8c6b5b557f/bevy_asset-0.19.0/sPath not found: original-ui/MagIcon/54.png
10-01 14:41:06.146  3589  3614 I RustStdoutStderr: [2m2026-10-01T06:41:06.145495Z[0m [31mERROR[0m [2mbevy_asset::server[0m[2m:[0m Path not found: original-ui/MagIcon/54.png
10-01 14:41:06.261  3589  3616 E event /Users/henryliu/.cargo/registry/src/index.crates.io-1949cf8c6b5b557f/bevy_asset-0.19.0/sPath not found: original-ui/MagIcon/54.png
10-01 14:41:06.262  3589  3614 I RustStdoutStderr: [2m2026-10-01T06:41:06.261770Z[0m [31mERROR[0m [2mbevy_asset::server[0m[2m:[0m Path not found: original-ui/MagIcon/54.png
10-01 14:41:06.473  3589  3615 D EGL_emulation: app_time_stats: avg=205.89ms min=160.37ms max=265.85ms count=5
10-01 14:41:06.522  3589  3616 E event /Users/henryliu/.cargo/registry/src/index.crates.io-1949cf8c6b5b557f/bevy_asset-0.19.0/sPath not found: original-ui/MagIcon/54.png
10-01 14:41:06.523  3589  3614 I RustStdoutStderr: [2m2026-10-01T06:41:06.522429Z[0m [31mERROR[0m [2mbevy_asset::server[0m[2m:[0m Path not found: original-ui/MagIcon/54.png
10-01 14:41:06.793  3589  3616 E event /Users/henryliu/.cargo/registry/src/index.crates.io-1949cf8c6b5b557f/bevy_asset-0.19.0/sPath not found: original-ui/MagIcon/54.png
10-01 14:41:06.794  3589  3614 I RustStdoutStderr: [2m2026-10-01T06:41:06.793441Z[0m [31mERROR[0m [2mbevy_asset::server[0m[2m:[0m Path not found: original-ui/MagIcon/54.png
10-01 14:41:07.285  3589  3616 E event /Users/henryliu/.cargo/registry/src/index.crates.io-1949cf8c6b5b557f/bevy_asset-0.19.0/sPath not found: original-ui/MagIcon/54.png
10-01 14:41:07.286  3589  3614 I RustStdoutStderr: [2m2026-10-01T06:41:07.285452Z[0m [31mERROR[0m [2mbevy_asset::server[0m[2m:[0m Path not found: original-ui/MagIcon/54.png
10-01 14:41:07.529  3589  3616 E event /Users/henryliu/.cargo/registry/src/index.crates.io-1949cf8c6b5b557f/bevy_asset-0.19.0/sPath not found: original-ui/MagIcon/54.png
10-01 14:41:07.530  3589  3614 I RustStdoutStderr: [2m2026-10-01T06:41:07.529735Z[0m [31mERROR[0m [2mbevy_asset::server[0m[2m:[0m Path not found: original-ui/MagIcon/54.png
10-01 14:41:07.581  3589  3615 D EGL_emulation: app_time_stats: avg=276.76ms min=123.23ms max=428.36ms count=4
10-01 14:41:07.676  3589  3616 E event /Users/henryliu/.cargo/registry/src/index.crates.io-1949cf8c6b5b557f/bevy_asset-0.19.0/sPath not found: original-ui/MagIcon/54.png
10-01 14:41:07.676  3589  3614 I RustStdoutStderr: [2m2026-10-01T06:41:07.676447Z[0m [31mERROR[0m [2mbevy_asset::server[0m[2m:[0m Path not found: original-ui/MagIcon/54.png
10-01 14:41:07.775  3589  3616 E event /Users/henryliu/.cargo/registry/src/index.crates.io-1949cf8c6b5b557f/bevy_asset-0.19.0/sPath not found: original-ui/MagIcon/54.png
10-01 14:41:07.776  3589  3614 I RustStdoutStderr: [2m2026-10-01T06:41:07.775435Z[0m [31mERROR[0m [2mbevy_asset::server[0m[2m:[0m Path not found: original-ui/MagIcon/54.png
10-01 14:41:07.891  3589  3616 E event /Users/henryliu/.cargo/registry/src/index.crates.io-1949cf8c6b5b557f/bevy_asset-0.19.0/sPath not found: original-ui/MagIcon/54.png
10-01 14:41:07.891  3589  3614 I RustStdoutStderr: [2m2026-10-01T06:41:07.891742Z[0m [31mERROR[0m [2mbevy_asset::server[0m[2m:[0m Path not found: original-ui/MagIcon/54.png
10-01 14:41:08.113  3589  3616 E event /Users/henryliu/.cargo/registry/src/index.crates.io-1949cf8c6b5b557f/bevy_asset-0.19.0/sPath not found: original-ui/MagIcon/54.png
10-01 14:41:08.114  3589  3614 I RustStdoutStderr: [2m2026-10-01T06:41:08.113590Z[0m [31mERROR[0m [2mbevy_asset::server[0m[2m:[0m Path not found: original-ui/MagIcon/54.png
10-01 14:41:08.529  3589  3616 E event /Users/henryliu/.cargo/registry/src/index.crates.io-1949cf8c6b5b557f/bevy_asset-0.19.0/sPath not found: original-ui/MagIcon/54.png
10-01 14:41:08.529  3589  3614 I RustStdoutStderr: [2m2026-10-01T06:41:08.529107Z[0m [31mERROR[0m [2mbevy_asset::server[0m[2m:[0m Path not found: original-ui/MagIcon/54.png
10-01 14:41:08.699  3589  3615 D EGL_emulation: app_time_stats: avg=223.32ms min=112.11ms max=423.02ms count=5
10-01 14:41:08.814  3589  3616 E event /Users/henryliu/.cargo/registry/src/index.crates.io-1949cf8c6b5b557f/bevy_asset-0.19.0/sPath not found: original-ui/MagIcon/54.png
10-01 14:41:08.815  3589  3614 I RustStdoutStderr: [2m2026-10-01T06:41:08.814294Z[0m [31mERROR[0m [2mbevy_asset::server[0m[2m:[0m Path not found: original-ui/MagIcon/54.png
10-01 14:41:09.012  3589  3616 E event /Users/henryliu/.cargo/registry/src/index.crates.io-1949cf8c6b5b557f/bevy_asset-0.19.0/sPath not found: original-ui/MagIcon/54.png
10-01 14:41:09.013  3589  3614 I RustStdoutStderr: [2m2026-10-01T06:41:09.012248Z[0m [31mERROR[0m [2mbevy_asset::server[0m[2m:[0m Path not found: original-ui/MagIcon/54.png
10-01 14:41:09.204  3589  3614 I RustStdoutStderr: [2m2026-10-01T06:41:09.204654Z[0m [31mERROR[0m [2mbevy_asset::server[0m[2m:[0m Path not found: original-ui/MagIcon/54.png
10-01 14:41:09.204  3589  3616 E event /Users/henryliu/.cargo/registry/src/index.crates.io-1949cf8c6b5b557f/bevy_asset-0.19.0/sPath not found: original-ui/MagIcon/54.png
10-01 14:41:09.503  3589  3616 E event /Users/henryliu/.cargo/registry/src/index.crates.io-1949cf8c6b5b557f/bevy_asset-0.19.0/sPath not found: original-ui/MagIcon/54.png
10-01 14:41:09.504  3589  3614 I RustStdoutStderr: [2m2026-10-01T06:41:09.503911Z[0m [31mERROR[0m [2mbevy_asset::server[0m[2m:[0m Path not found: original-ui/MagIcon/54.png
10-01 14:41:09.934  3589  3616 E event /Users/henryliu/.cargo/registry/src/index.crates.io-1949cf8c6b5b557f/bevy_asset-0.19.0/sPath not found: original-ui/MagIcon/54.png
10-01 14:41:09.935  3589  3614 I RustStdoutStderr: [2m2026-10-01T06:41:09.934731Z[0m [31mERROR[0m [2mbevy_asset::server[0m[2m:[0m Path not found: original-ui/MagIcon/54.png
10-01 14:41:10.050  3589  3615 D EGL_emulation: app_time_stats: avg=270.01ms min=180.98ms max=406.97ms count=5
10-01 14:41:10.060  3589  3616 E event /Users/henryliu/.cargo/registry/src/index.crates.io-1949cf8c6b5b557f/bevy_asset-0.19.0/sPath not found: original-ui/MagIcon/54.png
10-01 14:41:10.060  3589  3614 I RustStdoutStderr: [2m2026-10-01T06:41:10.060773Z[0m [31mERROR[0m [2mbevy_asset::server[0m[2m:[0m Path not found: original-ui/MagIcon/54.png
10-01 14:41:10.244  3589  3616 E event /Users/henryliu/.cargo/registry/src/index.crates.io-1949cf8c6b5b557f/bevy_asset-0.19.0/sPath not found: original-ui/MagIcon/54.png
10-01 14:41:10.244  3589  3614 I RustStdoutStderr: [2m2026-10-01T06:41:10.244334Z[0m [31mERROR[0m [2mbevy_asset::server[0m[2m:[0m Path not found: original-ui/MagIcon/54.png
10-01 14:41:10.416  3589  3616 E event /Users/henryliu/.cargo/registry/src/index.crates.io-1949cf8c6b5b557f/bevy_asset-0.19.0/sPath not found: original-ui/MagIcon/54.png
10-01 14:41:10.416  3589  3614 I RustStdoutStderr: [2m2026-10-01T06:41:10.416296Z[0m [31mERROR[0m [2mbevy_asset::server[0m[2m:[0m Path not found: original-ui/MagIcon/54.png
10-01 14:41:10.586  3589  3616 E event /Users/henryliu/.cargo/registry/src/index.crates.io-1949cf8c6b5b557f/bevy_asset-0.19.0/sPath not found: original-ui/MagIcon/54.png
10-01 14:41:10.590  3589  3614 I RustStdoutStderr: [2m2026-10-01T06:41:10.586598Z[0m [31mERROR[0m [2mbevy_asset::server[0m[2m:[0m Path not found: original-ui/MagIcon/54.png
10-01 14:41:10.967  3589  3616 E event /Users/henryliu/.cargo/registry/src/index.crates.io-1949cf8c6b5b557f/bevy_asset-0.19.0/sPath not found: original-ui/MagIcon/54.png
10-01 14:41:10.967  3589  3614 I RustStdoutStderr: [2m2026-10-01T06:41:10.967817Z[0m [31mERROR[0m [2mbevy_asset::server[0m[2m:[0m Path not found: original-ui/MagIcon/54.png
10-01 14:41:11.066  3589  3615 D EGL_emulation: app_time_stats: avg=203.12ms min=124.08ms max=316.30ms count=5
10-01 14:41:11.595  3589  3616 E event /Users/henryliu/.cargo/registry/src/index.crates.io-1949cf8c6b5b557f/bevy_asset-0.19.0/sPath not found: original-ui/MagIcon/54.png
10-01 14:41:11.597  3589  3614 I RustStdoutStderr: [2m2026-10-01T06:41:11.595542Z[0m [31mERROR[0m [2mbevy_asset::server[0m[2m:[0m Path not found: original-ui/MagIcon/54.png
10-01 14:41:11.910  3589  3616 E event /Users/henryliu/.cargo/registry/src/index.crates.io-1949cf8c6b5b557f/bevy_asset-0.19.0/sPath not found: original-ui/MagIcon/54.png
10-01 14:41:11.913  3589  3614 I RustStdoutStderr: [2m2026-10-01T06:41:11.910695Z[0m [31mERROR[0m [2mbevy_asset::server[0m[2m:[0m Path not found: original-ui/MagIcon/54.png
10-01 14:41:12.129  3589  3616 E event /Users/henryliu/.cargo/registry/src/index.crates.io-1949cf8c6b5b557f/bevy_asset-0.19.0/sPath not found: original-ui/MagIcon/54.png
10-01 14:41:12.130  3589  3614 I RustStdoutStderr: [2m2026-10-01T06:41:12.123708Z[0m [31mERROR[0m [2mbevy_asset::server[0m[2m:[0m Path not found: original-ui/MagIcon/54.png
10-01 14:41:12.239  3589  3615 D EGL_emulation: app_time_stats: avg=390.60ms min=201.19ms max=768.49ms count=3
10-01 14:41:12.314  3589  3616 E event /Users/henryliu/.cargo/registry/src/index.crates.io-1949cf8c6b5b557f/bevy_asset-0.19.0/sPath not found: original-ui/MagIcon/54.png
10-01 14:41:12.315  3589  3614 I RustStdoutStderr: [2m2026-10-01T06:41:12.314343Z[0m [31mERROR[0m [2mbevy_asset::server[0m[2m:[0m Path not found: original-ui/MagIcon/54.png
10-01 14:41:12.699  3589  3616 E event /Users/henryliu/.cargo/registry/src/index.crates.io-1949cf8c6b5b557f/bevy_asset-0.19.0/sPath not found: original-ui/MagIcon/54.png
10-01 14:41:12.701  3589  3614 I RustStdoutStderr: [2m2026-10-01T06:41:12.699611Z[0m [31mERROR[0m [2mbevy_asset::server[0m[2m:[0m Path not found: original-ui/MagIcon/54.png
10-01 14:41:12.947  3589  3616 E event /Users/henryliu/.cargo/registry/src/index.crates.io-1949cf8c6b5b557f/bevy_asset-0.19.0/sPath not found: original-ui/MagIcon/54.png
10-01 14:41:12.957  3589  3614 I RustStdoutStderr: [2m2026-10-01T06:41:12.947338Z[0m [31mERROR[0m [2mbevy_asset::server[0m[2m:[0m Path not found: original-ui/MagIcon/54.png
10-01 14:41:13.192  3589  3616 E event /Users/henryliu/.cargo/registry/src/index.crates.io-1949cf8c6b5b557f/bevy_asset-0.19.0/sPath not found: original-ui/MagIcon/54.png
10-01 14:41:13.192  3589  3614 I RustStdoutStderr: [2m2026-10-01T06:41:13.191984Z[0m [31mERROR[0m [2mbevy_asset::server[0m[2m:[0m Path not found: original-ui/MagIcon/54.png
10-01 14:41:13.263  3589  3615 D EGL_emulation: app_time_stats: avg=255.77ms min=124.03ms max=345.46ms count=4
10-01 14:41:13.340  3589  3616 E event /Users/henryliu/.cargo/registry/src/index.crates.io-1949cf8c6b5b557f/bevy_asset-0.19.0/sPath not found: original-ui/MagIcon/54.png
10-01 14:41:13.347  3589  3614 I RustStdoutStderr: [2m2026-10-01T06:41:13.339972Z[0m [31mERROR[0m [2mbevy_asset::server[0m[2m:[0m Path not found: original-ui/MagIcon/54.png
10-01 14:41:13.499  3589  3616 E event /Users/henryliu/.cargo/registry/src/index.crates.io-1949cf8c6b5b557f/bevy_asset-0.19.0/sPath not found: original-ui/MagIcon/54.png
10-01 14:41:13.500  3589  3614 I RustStdoutStderr: [2m2026-10-01T06:41:13.497875Z[0m [31mERROR[0m [2mbevy_asset::server[0m[2m:[0m Path not found: original-ui/MagIcon/54.png
10-01 14:41:13.720  3589  3616 E event /Users/henryliu/.cargo/registry/src/index.crates.io-1949cf8c6b5b557f/bevy_asset-0.19.0/sPath not found: original-ui/MagIcon/54.png
10-01 14:41:13.735  3589  3614 I RustStdoutStderr: [2m2026-10-01T06:41:13.719874Z[0m [31mERROR[0m [2mbevy_asset::server[0m[2m:[0m Path not found: original-ui/MagIcon/54.png
10-01 14:41:13.878  3589  3616 E event /Users/henryliu/.cargo/registry/src/index.crates.io-1949cf8c6b5b557f/bevy_asset-0.19.0/sPath not found: original-ui/MagIcon/54.png
10-01 14:41:13.878  3589  3614 I RustStdoutStderr: [2m2026-10-01T06:41:13.878026Z[0m [31mERROR[0m [2mbevy_asset::server[0m[2m:[0m Path not found: original-ui/MagIcon/54.png
10-01 14:41:14.133  3589  3616 E event /Users/henryliu/.cargo/registry/src/index.crates.io-1949cf8c6b5b557f/bevy_asset-0.19.0/sPath not found: original-ui/MagIcon/54.png
10-01 14:41:14.134  3589  3614 I RustStdoutStderr: [2m2026-10-01T06:41:14.133444Z[0m [31mERROR[0m [2mbevy_asset::server[0m[2m:[0m Path not found: original-ui/MagIcon/54.png
10-01 14:41:14.340  3589  3615 D EGL_emulation: app_time_stats: avg=215.42ms min=108.27ms max=294.62ms count=5
10-01 14:41:14.424  3589  3616 E event /Users/henryliu/.cargo/registry/src/index.crates.io-1949cf8c6b5b557f/bevy_asset-0.19.0/sPath not found: original-ui/MagIcon/54.png
10-01 14:41:14.426  3589  3614 I RustStdoutStderr: [2m2026-10-01T06:41:14.423933Z[0m [31mERROR[0m [2mbevy_asset::server[0m[2m:[0m Path not found: original-ui/MagIcon/54.png
10-01 14:41:14.591  3589  3616 E event /Users/henryliu/.cargo/registry/src/index.crates.io-1949cf8c6b5b557f/bevy_asset-0.19.0/sPath not found: original-ui/MagIcon/54.png
10-01 14:41:14.591  3589  3614 I RustStdoutStderr: [2m2026-10-01T06:41:14.591311Z[0m [31mERROR[0m [2mbevy_asset::server[0m[2m:[0m Path not found: original-ui/MagIcon/54.png
10-01 14:41:14.865  3589  3616 E event /Users/henryliu/.cargo/registry/src/index.crates.io-1949cf8c6b5b557f/bevy_asset-0.19.0/sPath not found: original-ui/MagIcon/54.png
10-01 14:41:14.866  3589  3614 I RustStdoutStderr: [2m2026-10-01T06:41:14.865867Z[0m [31mERROR[0m [2mbevy_asset::server[0m[2m:[0m Path not found: original-ui/MagIcon/54.png
10-01 14:41:15.240  3589  3616 E event /Users/henryliu/.cargo/registry/src/index.crates.io-1949cf8c6b5b557f/bevy_asset-0.19.0/sPath not found: original-ui/MagIcon/54.png
10-01 14:41:15.241  3589  3614 I RustStdoutStderr: [2m2026-10-01T06:41:15.240798Z[0m [31mERROR[0m [2mbevy_asset::server[0m[2m:[0m Path not found: original-ui/MagIcon/54.png
10-01 14:41:15.489  3589  3616 E event /Users/henryliu/.cargo/registry/src/index.crates.io-1949cf8c6b5b557f/bevy_asset-0.19.0/sPath not found: original-ui/MagIcon/54.png
10-01 14:41:15.489  3589  3614 I RustStdoutStderr: [2m2026-10-01T06:41:15.489204Z[0m [31mERROR[0m [2mbevy_asset::server[0m[2m:[0m Path not found: original-ui/MagIcon/54.png
10-01 14:41:15.697  3589  3615 D EGL_emulation: app_time_stats: avg=271.21ms min=171.79ms max=362.75ms count=5
10-01 14:41:15.781  3589  3616 E event /Users/henryliu/.cargo/registry/src/index.crates.io-1949cf8c6b5b557f/bevy_asset-0.19.0/sPath not found: original-ui/MagIcon/54.png
10-01 14:41:15.796  3589  3614 I RustStdoutStderr: [2m2026-10-01T06:41:15.781071Z[0m [31mERROR[0m [2mbevy_asset::server[0m[2m:[0m Path not found: original-ui/MagIcon/54.png
10-01 14:41:16.142  3589  3616 E event /Users/henryliu/.cargo/registry/src/index.crates.io-1949cf8c6b5b557f/bevy_asset-0.19.0/sPath not found: original-ui/MagIcon/54.png
10-01 14:41:16.143  3589  3614 I RustStdoutStderr: [2m2026-10-01T06:41:16.142025Z[0m [31mERROR[0m [2mbevy_asset::server[0m[2m:[0m Path not found: original-ui/MagIcon/54.png
10-01 14:41:16.530  3589  3616 E event /Users/henryliu/.cargo/registry/src/index.crates.io-1949cf8c6b5b557f/bevy_asset-0.19.0/sPath not found: original-ui/MagIcon/54.png
10-01 14:41:16.531  3589  3614 I RustStdoutStderr: [2m2026-10-01T06:41:16.530247Z[0m [31mERROR[0m [2mbevy_asset::server[0m[2m:[0m Path not found: original-ui/MagIcon/54.png
10-01 14:41:16.733  3589  3615 D EGL_emulation: app_time_stats: avg=345.21ms min=273.16ms max=418.84ms count=3
10-01 14:41:16.828  3589  3616 E event /Users/henryliu/.cargo/registry/src/index.crates.io-1949cf8c6b5b557f/bevy_asset-0.19.0/sPath not found: original-ui/MagIcon/54.png
10-01 14:41:16.829  3589  3614 I RustStdoutStderr: [2m2026-10-01T06:41:16.828606Z[0m [31mERROR[0m [2mbevy_asset::server[0m[2m:[0m Path not found: original-ui/MagIcon/54.png
10-01 14:41:17.258  3589  3616 E event /Users/henryliu/.cargo/registry/src/index.crates.io-1949cf8c6b5b557f/bevy_asset-0.19.0/sPath not found: original-ui/MagIcon/54.png
10-01 14:41:17.260  3589  3614 I RustStdoutStderr: [2m2026-10-01T06:41:17.258730Z[0m [31mERROR[0m [2mbevy_asset::server[0m[2m:[0m Path not found: original-ui/MagIcon/54.png
10-01 14:41:17.448  3589  3616 E event /Users/henryliu/.cargo/registry/src/index.crates.io-1949cf8c6b5b557f/bevy_asset-0.19.0/sPath not found: original-ui/MagIcon/54.png
10-01 14:41:17.449  3589  3614 I RustStdoutStderr: [2m2026-10-01T06:41:17.448020Z[0m [31mERROR[0m [2mbevy_asset::server[0m[2m:[0m Path not found: original-ui/MagIcon/54.png
10-01 14:41:17.664  3589  3616 E event /Users/henryliu/.cargo/registry/src/index.crates.io-1949cf8c6b5b557f/bevy_asset-0.19.0/sPath not found: original-ui/MagIcon/54.png
10-01 14:41:17.664  3589  3614 I RustStdoutStderr: [2m2026-10-01T06:41:17.664251Z[0m [31mERROR[0m [2mbevy_asset::server[0m[2m:[0m Path not found: original-ui/MagIcon/54.png
10-01 14:41:17.781  3589  3615 D EGL_emulation: app_time_stats: avg=261.76ms min=198.68ms max=418.67ms count=4
10-01 14:41:17.861  3589  3616 E event /Users/henryliu/.cargo/registry/src/index.crates.io-1949cf8c6b5b557f/bevy_asset-0.19.0/sPath not found: original-ui/MagIcon/54.png
10-01 14:41:17.862  3589  3614 I RustStdoutStderr: [2m2026-10-01T06:41:17.861694Z[0m [31mERROR[0m [2mbevy_asset::server[0m[2m:[0m Path not found: original-ui/MagIcon/54.png
10-01 14:41:18.076  3589  3616 E event /Users/henryliu/.cargo/registry/src/index.crates.io-1949cf8c6b5b557f/bevy_asset-0.19.0/sPath not found: original-ui/MagIcon/54.png
10-01 14:41:18.077  3589  3614 I RustStdoutStderr: [2m2026-10-01T06:41:18.076584Z[0m [31mERROR[0m [2mbevy_asset::server[0m[2m:[0m Path not found: original-ui/MagIcon/54.png
10-01 14:41:18.361  3589  3616 E event /Users/henryliu/.cargo/registry/src/index.crates.io-1949cf8c6b5b557f/bevy_asset-0.19.0/sPath not found: original-ui/MagIcon/54.png
10-01 14:41:18.362  3589  3614 I RustStdoutStderr: [2m2026-10-01T06:41:18.361644Z[0m [31mERROR[0m [2mbevy_asset::server[0m[2m:[0m Path not found: original-ui/MagIcon/54.png
10-01 14:41:18.774  3589  3616 E event /Users/henryliu/.cargo/registry/src/index.crates.io-1949cf8c6b5b557f/bevy_asset-0.19.0/sPath not found: original-ui/MagIcon/54.png
10-01 14:41:18.779  3589  3614 I RustStdoutStderr: [2m2026-10-01T06:41:18.761556Z[0m [31mERROR[0m [2mbevy_asset::server[0m[2m:[0m Path not found: original-ui/MagIcon/54.png
10-01 14:41:19.041  3589  3615 D EGL_emulation: app_time_stats: avg=314.74ms min=158.16ms max=551.68ms count=4
10-01 14:41:19.210  3589  3616 E event /Users/henryliu/.cargo/registry/src/index.crates.io-1949cf8c6b5b557f/bevy_asset-0.19.0/sPath not found: original-ui/MagIcon/54.png
10-01 14:41:19.210  3589  3614 I RustStdoutStderr: [2m2026-10-01T06:41:19.210012Z[0m [31mERROR[0m [2mbevy_asset::server[0m[2m:[0m Path not found: original-ui/MagIcon/54.png
10-01 14:41:19.459  3589  3616 E event /Users/henryliu/.cargo/registry/src/index.crates.io-1949cf8c6b5b557f/bevy_asset-0.19.0/sPath not found: original-ui/MagIcon/54.png
10-01 14:41:19.461  3589  3614 I RustStdoutStderr: [2m2026-10-01T06:41:19.459691Z[0m [31mERROR[0m [2mbevy_asset::server[0m[2m:[0m Path not found: original-ui/MagIcon/54.png
10-01 14:41:19.868  3589  3616 E event /Users/henryliu/.cargo/registry/src/index.crates.io-1949cf8c6b5b557f/bevy_asset-0.19.0/sPath not found: original-ui/MagIcon/54.png
10-01 14:41:19.869  3589  3614 I RustStdoutStderr: [2m2026-10-01T06:41:19.868705Z[0m [31mERROR[0m [2mbevy_asset::server[0m[2m:[0m Path not found: original-ui/MagIcon/54.png
10-01 14:41:20.100  3589  3616 E event /Users/henryliu/.cargo/registry/src/index.crates.io-1949cf8c6b5b557f/bevy_asset-0.19.0/sPath not found: original-ui/MagIcon/54.png
10-01 14:41:20.101  3589  3614 I RustStdoutStderr: [2m2026-10-01T06:41:20.100290Z[0m [31mERROR[0m [2mbevy_asset::server[0m[2m:[0m Path not found: original-ui/MagIcon/54.png
10-01 14:41:20.153  3589  3615 D EGL_emulation: app_time_stats: avg=278.01ms min=189.58ms max=362.28ms count=4
10-01 14:41:20.186  3589  3616 E event /Users/henryliu/.cargo/registry/src/index.crates.io-1949cf8c6b5b557f/bevy_asset-0.19.0/sPath not found: original-ui/MagIcon/54.png
10-01 14:41:20.192  3589  3614 I RustStdoutStderr: [2m2026-10-01T06:41:20.186135Z[0m [31mERROR[0m [2mbevy_asset::server[0m[2m:[0m Path not found: original-ui/MagIcon/54.png
10-01 14:41:20.668  3589  3616 E event /Users/henryliu/.cargo/registry/src/index.crates.io-1949cf8c6b5b557f/bevy_asset-0.19.0/sPath not found: original-ui/MagIcon/54.png
10-01 14:41:20.669  3589  3614 I RustStdoutStderr: [2m2026-10-01T06:41:20.668922Z[0m [31mERROR[0m [2mbevy_asset::server[0m[2m:[0m Path not found: original-ui/MagIcon/54.png
10-01 14:41:20.848  3589  3616 E event /Users/henryliu/.cargo/registry/src/index.crates.io-1949cf8c6b5b557f/bevy_asset-0.19.0/sPath not found: original-ui/MagIcon/54.png
10-01 14:41:20.848  3589  3614 I RustStdoutStderr: [2m2026-10-01T06:41:20.847776Z[0m [31mERROR[0m [2mbevy_asset::server[0m[2m:[0m Path not found: original-ui/MagIcon/54.png
10-01 14:41:21.131  3589  3616 E event /Users/henryliu/.cargo/registry/src/index.crates.io-1949cf8c6b5b557f/bevy_asset-0.19.0/sPath not found: original-ui/MagIcon/54.png
10-01 14:41:21.131  3589  3614 I RustStdoutStderr: [2m2026-10-01T06:41:21.131620Z[0m [31mERROR[0m [2mbevy_asset::server[0m[2m:[0m Path not found: original-ui/MagIcon/54.png
10-01 14:41:21.597  3589  3615 D EGL_emulation: app_time_stats: avg=361.01ms min=185.89ms max=649.16ms count=4
10-01 14:41:21.779  3589  3616 E event /Users/henryliu/.cargo/registry/src/index.crates.io-1949cf8c6b5b557f/bevy_asset-0.19.0/sPath not found: original-ui/MagIcon/54.png
10-01 14:41:21.779  3589  3614 I RustStdoutStderr: [2m2026-10-01T06:41:21.779404Z[0m [31mERROR[0m [2mbevy_asset::server[0m[2m:[0m Path not found: original-ui/MagIcon/54.png
10-01 14:41:22.075  3589  3616 E event /Users/henryliu/.cargo/registry/src/index.crates.io-1949cf8c6b5b557f/bevy_asset-0.19.0/sPath not found: original-ui/MagIcon/54.png
10-01 14:41:22.076  3589  3614 I RustStdoutStderr: [2m2026-10-01T06:41:22.075546Z[0m [31mERROR[0m [2mbevy_asset::server[0m[2m:[0m Path not found: original-ui/MagIcon/54.png
10-01 14:41:22.204  3589  3616 E event /Users/henryliu/.cargo/registry/src/index.crates.io-1949cf8c6b5b557f/bevy_asset-0.19.0/sPath not found: original-ui/MagIcon/54.png
10-01 14:41:22.205  3589  3614 I RustStdoutStderr: [2m2026-10-01T06:41:22.204724Z[0m [31mERROR[0m [2mbevy_asset::server[0m[2m:[0m Path not found: original-ui/MagIcon/54.png
10-01 14:41:22.643  3589  3616 E event /Users/henryliu/.cargo/registry/src/index.crates.io-1949cf8c6b5b557f/bevy_asset-0.19.0/sPath not found: original-ui/MagIcon/54.png
10-01 14:41:22.644  3589  3614 I RustStdoutStderr: [2m2026-10-01T06:41:22.643603Z[0m [31mERROR[0m [2mbevy_asset::server[0m[2m:[0m Path not found: original-ui/MagIcon/54.png
10-01 14:41:22.853  3589  3615 D EGL_emulation: app_time_stats: avg=313.55ms min=171.29ms max=399.84ms count=4
10-01 14:41:22.976  3589  3616 E event /Users/henryliu/.cargo/registry/src/index.crates.io-1949cf8c6b5b557f/bevy_asset-0.19.0/sPath not found: original-ui/MagIcon/54.png
10-01 14:41:22.976  3589  3614 I RustStdoutStderr: [2m2026-10-01T06:41:22.975887Z[0m [31mERROR[0m [2mbevy_asset::server[0m[2m:[0m Path not found: original-ui/MagIcon/54.png
10-01 14:41:23.506  3589  3616 E event /Users/henryliu/.cargo/registry/src/index.crates.io-1949cf8c6b5b557f/bevy_asset-0.19.0/sPath not found: original-ui/MagIcon/54.png
10-01 14:41:23.511  3589  3614 I RustStdoutStderr: [2m2026-10-01T06:41:23.506830Z[0m [31mERROR[0m [2mbevy_asset::server[0m[2m:[0m Path not found: original-ui/MagIcon/54.png
10-01 14:41:23.747  3589  3616 E event /Users/henryliu/.cargo/registry/src/index.crates.io-1949cf8c6b5b557f/bevy_asset-0.19.0/sPath not found: original-ui/MagIcon/54.png
10-01 14:41:23.749  3589  3614 I RustStdoutStderr: [2m2026-10-01T06:41:23.747629Z[0m [31mERROR[0m [2mbevy_asset::server[0m[2m:[0m Path not found: original-ui/MagIcon/54.png
10-01 14:41:23.934  3589  3616 E event /Users/henryliu/.cargo/registry/src/index.crates.io-1949cf8c6b5b557f/bevy_asset-0.19.0/sPath not found: original-ui/MagIcon/54.png
10-01 14:41:23.934  3589  3614 I RustStdoutStderr: [2m2026-10-01T06:41:23.933921Z[0m [31mERROR[0m [2mbevy_asset::server[0m[2m:[0m Path not found: original-ui/MagIcon/54.png
10-01 14:41:24.076  3589  3615 D EGL_emulation: app_time_stats: avg=305.73ms min=166.33ms max=452.67ms count=4
10-01 14:41:24.172  3589  3616 E event /Users/henryliu/.cargo/registry/src/index.crates.io-1949cf8c6b5b557f/bevy_asset-0.19.0/sPath not found: original-ui/MagIcon/54.png
10-01 14:41:24.173  3589  3614 I RustStdoutStderr: [2m2026-10-01T06:41:24.172490Z[0m [31mERROR[0m [2mbevy_asset::server[0m[2m:[0m Path not found: original-ui/MagIcon/54.png
10-01 14:41:24.484  3589  3616 E event /Users/henryliu/.cargo/registry/src/index.crates.io-1949cf8c6b5b557f/bevy_asset-0.19.0/sPath not found: original-ui/MagIcon/54.png
10-01 14:41:24.485  3589  3614 I RustStdoutStderr: [2m2026-10-01T06:41:24.483255Z[0m [31mERROR[0m [2mbevy_asset::server[0m[2m:[0m Path not found: original-ui/MagIcon/54.png
10-01 14:41:24.669  3589  3616 E event /Users/henryliu/.cargo/registry/src/index.crates.io-1949cf8c6b5b557f/bevy_asset-0.19.0/sPath not found: original-ui/MagIcon/54.png
10-01 14:41:24.670  3589  3614 I RustStdoutStderr: [2m2026-10-01T06:41:24.669557Z[0m [31mERROR[0m [2mbevy_asset::server[0m[2m:[0m Path not found: original-ui/MagIcon/54.png
10-01 14:41:24.847  3589  3616 E event /Users/henryliu/.cargo/registry/src/index.crates.io-1949cf8c6b5b557f/bevy_asset-0.19.0/sPath not found: original-ui/MagIcon/54.png
10-01 14:41:24.847  3589  3614 I RustStdoutStderr: [2m2026-10-01T06:41:24.847460Z[0m [31mERROR[0m [2mbevy_asset::server[0m[2m:[0m Path not found: original-ui/MagIcon/54.png
10-01 14:41:24.993  3589  3616 E event /Users/henryliu/.cargo/registry/src/index.crates.io-1949cf8c6b5b557f/bevy_asset-0.19.0/sPath not found: original-ui/MagIcon/54.png
10-01 14:41:24.994  3589  3614 I RustStdoutStderr: [2m2026-10-01T06:41:24.993867Z[0m [31mERROR[0m [2mbevy_asset::server[0m[2m:[0m Path not found: original-ui/MagIcon/54.png
10-01 14:41:25.101  3589  3615 D EGL_emulation: app_time_stats: avg=204.87ms min=151.08ms max=264.06ms count=5
10-01 14:41:25.116  3589  3616 E event /Users/henryliu/.cargo/registry/src/index.crates.io-1949cf8c6b5b557f/bevy_asset-0.19.0/sPath not found: original-ui/MagIcon/54.png
10-01 14:41:25.118  3589  3614 I RustStdoutStderr: [2m2026-10-01T06:41:25.116273Z[0m [31mERROR[0m [2mbevy_asset::server[0m[2m:[0m Path not found: original-ui/MagIcon/54.png
10-01 14:41:25.264  3589  3614 I RustStdoutStderr: [2m2026-10-01T06:41:25.251444Z[0m [31mERROR[0m [2mbevy_asset::server[0m[2m:[0m Path not found: original-ui/MagIcon/54.png
10-01 14:41:25.264  3589  3616 E event /Users/henryliu/.cargo/registry/src/index.crates.io-1949cf8c6b5b557f/bevy_asset-0.19.0/sPath not found: original-ui/MagIcon/54.png
10-01 14:41:25.388  3589  3616 E event /Users/henryliu/.cargo/registry/src/index.crates.io-1949cf8c6b5b557f/bevy_asset-0.19.0/sPath not found: original-ui/MagIcon/54.png
10-01 14:41:25.394  3589  3614 I RustStdoutStderr: [2m2026-10-01T06:41:25.386800Z[0m [31mERROR[0m [2mbevy_asset::server[0m[2m:[0m Path not found: original-ui/MagIcon/54.png
10-01 14:41:25.691  3589  3616 E event /Users/henryliu/.cargo/registry/src/index.crates.io-1949cf8c6b5b557f/bevy_asset-0.19.0/sPath not found: original-ui/MagIcon/54.png
10-01 14:41:25.691  3589  3614 I RustStdoutStderr: [2m2026-10-01T06:41:25.691536Z[0m [31mERROR[0m [2mbevy_asset::server[0m[2m:[0m Path not found: original-ui/MagIcon/54.png
10-01 14:41:26.087  3589  3616 E event /Users/henryliu/.cargo/registry/src/index.crates.io-1949cf8c6b5b557f/bevy_asset-0.19.0/sPath not found: original-ui/MagIcon/54.png
10-01 14:41:26.088  3589  3614 I RustStdoutStderr: [2m2026-10-01T06:41:26.087850Z[0m [31mERROR[0m [2mbevy_asset::server[0m[2m:[0m Path not found: original-ui/MagIcon/54.png
10-01 14:41:26.203  3589  3615 D EGL_emulation: app_time_stats: avg=220.44ms min=105.65ms max=341.69ms count=5
10-01 14:41:26.358  3589  3616 E event /Users/henryliu/.cargo/registry/src/index.crates.io-1949cf8c6b5b557f/bevy_asset-0.19.0/sPath not found: original-ui/MagIcon/54.png
10-01 14:41:26.361  3589  3614 I RustStdoutStderr: [2m2026-10-01T06:41:26.358365Z[0m [31mERROR[0m [2mbevy_asset::server[0m[2m:[0m Path not found: original-ui/MagIcon/54.png
10-01 14:41:26.464  3589  3616 E event /Users/henryliu/.cargo/registry/src/index.crates.io-1949cf8c6b5b557f/bevy_asset-0.19.0/sPath not found: original-ui/MagIcon/54.png
10-01 14:41:26.464  3589  3614 I RustStdoutStderr: [2m2026-10-01T06:41:26.464262Z[0m [31mERROR[0m [2mbevy_asset::server[0m[2m:[0m Path not found: original-ui/MagIcon/54.png
10-01 14:41:26.563  3589  3616 E event /Users/henryliu/.cargo/registry/src/index.crates.io-1949cf8c6b5b557f/bevy_asset-0.19.0/sPath not found: original-ui/MagIcon/54.png
10-01 14:41:26.564  3589  3614 I RustStdoutStderr: [2m2026-10-01T06:41:26.563633Z[0m [31mERROR[0m [2mbevy_asset::server[0m[2m:[0m Path not found: original-ui/MagIcon/54.png
10-01 14:41:27.015  3589  3616 E event /Users/henryliu/.cargo/registry/src/index.crates.io-1949cf8c6b5b557f/bevy_asset-0.19.0/sPath not found: original-ui/MagIcon/54.png
10-01 14:41:27.015  3589  3614 I RustStdoutStderr: [2m2026-10-01T06:41:27.014830Z[0m [31mERROR[0m [2mbevy_asset::server[0m[2m:[0m Path not found: original-ui/MagIcon/54.png
10-01 14:41:27.313  3589  3616 E event /Users/henryliu/.cargo/registry/src/index.crates.io-1949cf8c6b5b557f/bevy_asset-0.19.0/sPath not found: original-ui/MagIcon/54.png
10-01 14:41:27.316  3589  3614 I RustStdoutStderr: [2m2026-10-01T06:41:27.313812Z[0m [31mERROR[0m [2mbevy_asset::server[0m[2m:[0m Path not found: original-ui/MagIcon/54.png
10-01 14:41:27.490  3589  3615 D EGL_emulation: app_time_stats: avg=257.40ms min=90.41ms max=370.75ms count=5
10-01 14:41:27.589  3589  3616 E event /Users/henryliu/.cargo/registry/src/index.crates.io-1949cf8c6b5b557f/bevy_asset-0.19.0/sPath not found: original-ui/MagIcon/54.png
10-01 14:41:27.590  3589  3614 I RustStdoutStderr: [2m2026-10-01T06:41:27.589551Z[0m [31mERROR[0m [2mbevy_asset::server[0m[2m:[0m Path not found: original-ui/MagIcon/54.png
10-01 14:41:27.845  3589  3616 E event /Users/henryliu/.cargo/registry/src/index.crates.io-1949cf8c6b5b557f/bevy_asset-0.19.0/sPath not found: original-ui/MagIcon/54.png
10-01 14:41:27.845  3589  3614 I RustStdoutStderr: [2m2026-10-01T06:41:27.845260Z[0m [31mERROR[0m [2mbevy_asset::server[0m[2m:[0m Path not found: original-ui/MagIcon/54.png
10-01 14:41:28.076  3589  3616 E event /Users/henryliu/.cargo/registry/src/index.crates.io-1949cf8c6b5b557f/bevy_asset-0.19.0/sPath not found: original-ui/MagIcon/54.png
10-01 14:41:28.076  3589  3614 I RustStdoutStderr: [2m2026-10-01T06:41:28.076188Z[0m [31mERROR[0m [2mbevy_asset::server[0m[2m:[0m Path not found: original-ui/MagIcon/54.png
10-01 14:41:28.226  3589  3616 E event /Users/henryliu/.cargo/registry/src/index.crates.io-1949cf8c6b5b557f/bevy_asset-0.19.0/sPath not found: original-ui/MagIcon/54.png
10-01 14:41:28.249  3589  3614 I RustStdoutStderr: [2m2026-10-01T06:41:28.226092Z[0m [31mERROR[0m [2mbevy_asset::server[0m[2m:[0m Path not found: original-ui/MagIcon/54.png
10-01 14:41:28.544  3589  3615 D EGL_emulation: app_time_stats: avg=263.22ms min=119.39ms max=355.19ms count=4
10-01 14:41:28.952  3589  3616 E event /Users/henryliu/.cargo/registry/src/index.crates.io-1949cf8c6b5b557f/bevy_asset-0.19.0/sPath not found: original-ui/MagIcon/54.png
10-01 14:41:28.959  3589  3614 I RustStdoutStderr: [2m2026-10-01T06:41:28.952377Z[0m [31mERROR[0m [2mbevy_asset::server[0m[2m:[0m Path not found: original-ui/MagIcon/54.png
10-01 14:41:29.282  3589  3616 E event /Users/henryliu/.cargo/registry/src/index.crates.io-1949cf8c6b5b557f/bevy_asset-0.19.0/sPath not found: original-ui/MagIcon/54.png
10-01 14:41:29.286  3589  3614 I RustStdoutStderr: [2m2026-10-01T06:41:29.282544Z[0m [31mERROR[0m [2mbevy_asset::server[0m[2m:[0m Path not found: original-ui/MagIcon/54.png
10-01 14:41:30.340  3589  3615 D EGL_emulation: app_time_stats: avg=898.14ms min=651.56ms max=1144.72ms count=2
10-01 14:41:31.436  3589  3616 E event /Users/henryliu/.cargo/registry/src/index.crates.io-1949cf8c6b5b557f/bevy_asset-0.19.0/sPath not found: original-ui/MagIcon/54.png
10-01 14:41:31.441  3589  3614 I RustStdoutStderr: [2m2026-10-01T06:41:31.398276Z[0m [31mERROR[0m [2mbevy_asset::server[0m[2m:[0m Path not found: original-ui/MagIcon/54.png
10-01 14:41:31.671  3589  3615 D EGL_emulation: app_time_stats: avg=1198.39ms min=1198.39ms max=1198.39ms count=1
10-01 14:41:31.767  3589  3614 I RustStdoutStderr: [2m2026-10-01T06:41:31.767632Z[0m [31mERROR[0m [2mbevy_asset::server[0m[2m:[0m Path not found: original-ui/MagIcon/54.png
10-01 14:41:31.767  3589  3616 E event /Users/henryliu/.cargo/registry/src/index.crates.io-1949cf8c6b5b557f/bevy_asset-0.19.0/sPath not found: original-ui/MagIcon/54.png
10-01 14:41:32.131  3589  3616 E event /Users/henryliu/.cargo/registry/src/index.crates.io-1949cf8c6b5b557f/bevy_asset-0.19.0/sPath not found: original-ui/MagIcon/54.png
10-01 14:41:32.136  3589  3614 I RustStdoutStderr: [2m2026-10-01T06:41:32.131409Z[0m [31mERROR[0m [2mbevy_asset::server[0m[2m:[0m Path not found: original-ui/MagIcon/54.png
10-01 14:41:32.176  3589  3616 E event /Users/henryliu/.cargo/registry/src/index.crates.io-1949cf8c6b5b557f/bevy_asset-0.19.0/sPath not found: original-ui/MagIcon/54.png
10-01 14:41:32.176  3589  3614 I RustStdoutStderr: [2m2026-10-01T06:41:32.175464Z[0m [31mERROR[0m [2mbevy_asset::server[0m[2m:[0m Path not found: original-ui/MagIcon/54.png
10-01 14:41:32.258  3589  3616 E event /Users/henryliu/.cargo/registry/src/index.crates.io-1949cf8c6b5b557f/bevy_asset-0.19.0/sPath not found: original-ui/MagIcon/54.png
10-01 14:41:32.260  3589  3614 I RustStdoutStderr: [2m2026-10-01T06:41:32.258584Z[0m [31mERROR[0m [2mbevy_asset::server[0m[2m:[0m Path not found: original-ui/MagIcon/54.png
10-01 14:41:32.324  3589  3616 E event /Users/henryliu/.cargo/registry/src/index.crates.io-1949cf8c6b5b557f/bevy_asset-0.19.0/sPath not found: original-ui/MagIcon/54.png
10-01 14:41:32.325  3589  3614 I RustStdoutStderr: [2m2026-10-01T06:41:32.324030Z[0m [31mERROR[0m [2mbevy_asset::server[0m[2m:[0m Path not found: original-ui/MagIcon/54.png
10-01 14:41:32.399  3589  3616 E event /Users/henryliu/.cargo/registry/src/index.crates.io-1949cf8c6b5b557f/bevy_asset-0.19.0/sPath not found: original-ui/MagIcon/54.png
10-01 14:41:32.399  3589  3614 I RustStdoutStderr: [2m2026-10-01T06:41:32.399191Z[0m [31mERROR[0m [2mbevy_asset::server[0m[2m:[0m Path not found: original-ui/MagIcon/54.png
10-01 14:41:32.467  3589  3616 E event /Users/henryliu/.cargo/registry/src/index.crates.io-1949cf8c6b5b557f/bevy_asset-0.19.0/sPath not found: original-ui/MagIcon/54.png
10-01 14:41:32.470  3589  3614 I RustStdoutStderr: [2m2026-10-01T06:41:32.466775Z[0m [31mERROR[0m [2mbevy_asset::server[0m[2m:[0m Path not found: original-ui/MagIcon/54.png
10-01 14:41:32.689  3589  3616 E event /Users/henryliu/.cargo/registry/src/index.crates.io-1949cf8c6b5b557f/bevy_asset-0.19.0/sPath not found: original-ui/MagIcon/54.png
10-01 14:41:32.690  3589  3614 I RustStdoutStderr: [2m2026-10-01T06:41:32.689588Z[0m [31mERROR[0m [2mbevy_asset::server[0m[2m:[0m Path not found: original-ui/MagIcon/54.png
10-01 14:41:32.727  3589  3615 D EGL_emulation: app_time_stats: avg=131.88ms min=39.22ms max=317.98ms count=8
10-01 14:41:32.761  3589  3616 E event /Users/henryliu/.cargo/registry/src/index.crates.io-1949cf8c6b5b557f/bevy_asset-0.19.0/sPath not found: original-ui/MagIcon/54.png
10-01 14:41:32.762  3589  3614 I RustStdoutStderr: [2m2026-10-01T06:41:32.761256Z[0m [31mERROR[0m [2mbevy_asset::server[0m[2m:[0m Path not found: original-ui/MagIcon/54.png
10-01 14:41:32.936  3589  3616 E event /Users/henryliu/.cargo/registry/src/index.crates.io-1949cf8c6b5b557f/bevy_asset-0.19.0/sPath not found: original-ui/MagIcon/54.png
10-01 14:41:32.937  3589  3614 I RustStdoutStderr: [2m2026-10-01T06:41:32.935971Z[0m [31mERROR[0m [2mbevy_asset::server[0m[2m:[0m Path not found: original-ui/MagIcon/54.png
10-01 14:41:33.230  3589  3616 E event /Users/henryliu/.cargo/registry/src/index.crates.io-1949cf8c6b5b557f/bevy_asset-0.19.0/sPath not found: original-ui/MagIcon/54.png
10-01 14:41:33.231  3589  3614 I RustStdoutStderr: [2m2026-10-01T06:41:33.230607Z[0m [31mERROR[0m [2mbevy_asset::server[0m[2m:[0m Path not found: original-ui/MagIcon/54.png
10-01 14:41:33.319  3589  3616 E event /Users/henryliu/.cargo/registry/src/index.crates.io-1949cf8c6b5b557f/bevy_asset-0.19.0/sPath not found: original-ui/MagIcon/54.png
10-01 14:41:33.323  3589  3614 I RustStdoutStderr: [2m2026-10-01T06:41:33.318756Z[0m [31mERROR[0m [2mbevy_asset::server[0m[2m:[0m Path not found: original-ui/MagIcon/54.png
10-01 14:41:33.414  3589  3616 E event /Users/henryliu/.cargo/registry/src/index.crates.io-1949cf8c6b5b557f/bevy_asset-0.19.0/sPath not found: original-ui/MagIcon/54.png
10-01 14:41:33.414  3589  3614 I RustStdoutStderr: [2m2026-10-01T06:41:33.414069Z[0m [31mERROR[0m [2mbevy_asset::server[0m[2m:[0m Path not found: original-ui/MagIcon/54.png
10-01 14:41:33.535  3589  3616 E event /Users/henryliu/.cargo/registry/src/index.crates.io-1949cf8c6b5b557f/bevy_asset-0.19.0/sPath not found: original-ui/MagIcon/54.png
10-01 14:41:33.535  3589  3614 I RustStdoutStderr: [2m2026-10-01T06:41:33.535243Z[0m [31mERROR[0m [2mbevy_asset::server[0m[2m:[0m Path not found: original-ui/MagIcon/54.png
10-01 14:41:33.610  3589  3616 E event /Users/henryliu/.cargo/registry/src/index.crates.io-1949cf8c6b5b557f/bevy_asset-0.19.0/sPath not found: original-ui/MagIcon/54.png
10-01 14:41:33.610  3589  3614 I RustStdoutStderr: [2m2026-10-01T06:41:33.609937Z[0m [31mERROR[0m [2mbevy_asset::server[0m[2m:[0m Path not found: original-ui/MagIcon/54.png
10-01 14:41:33.760  3589  3615 D EGL_emulation: app_time_stats: avg=147.48ms min=72.48ms max=316.43ms count=7
10-01 14:41:33.824  3589  3616 E event /Users/henryliu/.cargo/registry/src/index.crates.io-1949cf8c6b5b557f/bevy_asset-0.19.0/sPath not found: original-ui/MagIcon/54.png
10-01 14:41:33.824  3589  3614 I RustStdoutStderr: [2m2026-10-01T06:41:33.824042Z[0m [31mERROR[0m [2mbevy_asset::server[0m[2m:[0m Path not found: original-ui/MagIcon/54.png
10-01 14:41:33.909  3589  3616 E event /Users/henryliu/.cargo/registry/src/index.crates.io-1949cf8c6b5b557f/bevy_asset-0.19.0/sPath not found: original-ui/MagIcon/54.png
10-01 14:41:33.910  3589  3614 I RustStdoutStderr: [2m2026-10-01T06:41:33.909041Z[0m [31mERROR[0m [2mbevy_asset::server[0m[2m:[0m Path not found: original-ui/MagIcon/54.png
10-01 14:41:34.199  3589  3616 E event /Users/henryliu/.cargo/registry/src/index.crates.io-1949cf8c6b5b557f/bevy_asset-0.19.0/sPath not found: original-ui/MagIcon/54.png
10-01 14:41:34.199  3589  3614 I RustStdoutStderr: [2m2026-10-01T06:41:34.199554Z[0m [31mERROR[0m [2mbevy_asset::server[0m[2m:[0m Path not found: original-ui/MagIcon/54.png
10-01 14:41:34.435  3589  3616 E event /Users/henryliu/.cargo/registry/src/index.crates.io-1949cf8c6b5b557f/bevy_asset-0.19.0/sPath not found: original-ui/MagIcon/54.png
10-01 14:41:34.435  3589  3614 I RustStdoutStderr: [2m2026-10-01T06:41:34.435184Z[0m [31mERROR[0m [2mbevy_asset::server[0m[2m:[0m Path not found: original-ui/MagIcon/54.png
10-01 14:41:34.512  3589  3616 E event /Users/henryliu/.cargo/registry/src/index.crates.io-1949cf8c6b5b557f/bevy_asset-0.19.0/sPath not found: original-ui/MagIcon/54.png
10-01 14:41:34.512  3589  3614 I RustStdoutStderr: [2m2026-10-01T06:41:34.512021Z[0m [31mERROR[0m [2mbevy_asset::server[0m[2m:[0m Path not found: original-ui/MagIcon/54.png
10-01 14:41:34.631  3589  3616 E event /Users/henryliu/.cargo/registry/src/index.crates.io-1949cf8c6b5b557f/bevy_asset-0.19.0/sPath not found: original-ui/MagIcon/54.png
10-01 14:41:34.632  3589  3614 I RustStdoutStderr: [2m2026-10-01T06:41:34.631833Z[0m [31mERROR[0m [2mbevy_asset::server[0m[2m:[0m Path not found: original-ui/MagIcon/54.png
10-01 14:41:34.686  3589  3616 E event /Users/henryliu/.cargo/registry/src/index.crates.io-1949cf8c6b5b557f/bevy_asset-0.19.0/sPath not found: original-ui/MagIcon/54.png
10-01 14:41:34.687  3589  3614 I RustStdoutStderr: [2m2026-10-01T06:41:34.686632Z[0m [31mERROR[0m [2mbevy_asset::server[0m[2m:[0m Path not found: original-ui/MagIcon/54.png
10-01 14:41:34.776  3589  3616 E event /Users/henryliu/.cargo/registry/src/index.crates.io-1949cf8c6b5b557f/bevy_asset-0.19.0/sPath not found: original-ui/MagIcon/54.png
10-01 14:41:34.777  3589  3614 I RustStdoutStderr: [2m2026-10-01T06:41:34.776246Z[0m [31mERROR[0m [2mbevy_asset::server[0m[2m:[0m Path not found: original-ui/MagIcon/54.png
10-01 14:41:34.815  3589  3615 D EGL_emulation: app_time_stats: avg=131.82ms min=47.56ms max=225.42ms count=8
10-01 14:41:34.927  3589  3616 E event /Users/henryliu/.cargo/registry/src/index.crates.io-1949cf8c6b5b557f/bevy_asset-0.19.0/sPath not found: original-ui/MagIcon/54.png
10-01 14:41:34.927  3589  3614 I RustStdoutStderr: [2m2026-10-01T06:41:34.927047Z[0m [31mERROR[0m [2mbevy_asset::server[0m[2m:[0m Path not found: original-ui/MagIcon/54.png
10-01 14:41:35.087  3589  3614 I RustStdoutStderr: [2m2026-10-01T06:41:35.087068Z[0m [31mERROR[0m [2mbevy_asset::server[0m[2m:[0m Path not found: original-ui/MagIcon/54.png
10-01 14:41:35.087  3589  3616 E event /Users/henryliu/.cargo/registry/src/index.crates.io-1949cf8c6b5b557f/bevy_asset-0.19.0/sPath not found: original-ui/MagIcon/54.png
10-01 14:41:35.398  3589  3616 E event /Users/henryliu/.cargo/registry/src/index.crates.io-1949cf8c6b5b557f/bevy_asset-0.19.0/sPath not found: original-ui/MagIcon/54.png
10-01 14:41:35.398  3589  3614 I RustStdoutStderr: [2m2026-10-01T06:41:35.398382Z[0m [31mERROR[0m [2mbevy_asset::server[0m[2m:[0m Path not found: original-ui/MagIcon/54.png
10-01 14:41:35.700  3589  3616 E event /Users/henryliu/.cargo/registry/src/index.crates.io-1949cf8c6b5b557f/bevy_asset-0.19.0/sPath not found: original-ui/MagIcon/54.png
10-01 14:41:35.701  3589  3614 I RustStdoutStderr: [2m2026-10-01T06:41:35.700035Z[0m [31mERROR[0m [2mbevy_asset::server[0m[2m:[0m Path not found: original-ui/MagIcon/54.png
10-01 14:41:35.816  3589  3616 E event /Users/henryliu/.cargo/registry/src/index.crates.io-1949cf8c6b5b557f/bevy_asset-0.19.0/sPath not found: original-ui/MagIcon/54.png
10-01 14:41:35.818  3589  3614 I RustStdoutStderr: [2m2026-10-01T06:41:35.816316Z[0m [31mERROR[0m [2mbevy_asset::server[0m[2m:[0m Path not found: original-ui/MagIcon/54.png
10-01 14:41:35.996  3589  3615 D EGL_emulation: app_time_stats: avg=236.20ms min=153.46ms max=378.55ms count=5
10-01 14:41:36.074  3589  3616 E event /Users/henryliu/.cargo/registry/src/index.crates.io-1949cf8c6b5b557f/bevy_asset-0.19.0/sPath not found: original-ui/MagIcon/54.png
10-01 14:41:36.074  3589  3614 I RustStdoutStderr: [2m2026-10-01T06:41:36.074145Z[0m [31mERROR[0m [2mbevy_asset::server[0m[2m:[0m Path not found: original-ui/MagIcon/54.png
10-01 14:41:36.219  3589  3616 E event /Users/henryliu/.cargo/registry/src/index.crates.io-1949cf8c6b5b557f/bevy_asset-0.19.0/sPath not found: original-ui/MagIcon/54.png
10-01 14:41:36.226  3589  3614 I RustStdoutStderr: [2m2026-10-01T06:41:36.219792Z[0m [31mERROR[0m [2mbevy_asset::server[0m[2m:[0m Path not found: original-ui/MagIcon/54.png
10-01 14:41:36.358  3589  3616 E event /Users/henryliu/.cargo/registry/src/index.crates.io-1949cf8c6b5b557f/bevy_asset-0.19.0/sPath not found: original-ui/MagIcon/54.png
10-01 14:41:36.360  3589  3614 I RustStdoutStderr: [2m2026-10-01T06:41:36.358028Z[0m [31mERROR[0m [2mbevy_asset::server[0m[2m:[0m Path not found: original-ui/MagIcon/54.png
10-01 14:41:36.792  3589  3616 E event /Users/henryliu/.cargo/registry/src/index.crates.io-1949cf8c6b5b557f/bevy_asset-0.19.0/sPath not found: original-ui/MagIcon/54.png
10-01 14:41:36.823  3589  3614 I RustStdoutStderr: [2m2026-10-01T06:41:36.792709Z[0m [31mERROR[0m [2mbevy_asset::server[0m[2m:[0m Path not found: original-ui/MagIcon/54.png
10-01 14:41:37.211  3589  3615 D EGL_emulation: app_time_stats: avg=303.86ms min=133.83ms max=754.39ms count=4
10-01 14:41:37.442  3589  3616 E event /Users/henryliu/.cargo/registry/src/index.crates.io-1949cf8c6b5b557f/bevy_asset-0.19.0/sPath not found: original-ui/MagIcon/54.png
10-01 14:41:37.444  3589  3614 I RustStdoutStderr: [2m2026-10-01T06:41:37.442308Z[0m [31mERROR[0m [2mbevy_asset::server[0m[2m:[0m Path not found: original-ui/MagIcon/54.png
10-01 14:41:37.766  3589  3616 E event /Users/henryliu/.cargo/registry/src/index.crates.io-1949cf8c6b5b557f/bevy_asset-0.19.0/sPath not found: original-ui/MagIcon/54.png
10-01 14:41:37.766  3589  3614 I RustStdoutStderr: [2m2026-10-01T06:41:37.765980Z[0m [31mERROR[0m [2mbevy_asset::server[0m[2m:[0m Path not found: original-ui/MagIcon/54.png
10-01 14:41:37.889  3589  3616 E event /Users/henryliu/.cargo/registry/src/index.crates.io-1949cf8c6b5b557f/bevy_asset-0.19.0/sPath not found: original-ui/MagIcon/54.png
10-01 14:41:37.889  3589  3614 I RustStdoutStderr: [2m2026-10-01T06:41:37.886978Z[0m [31mERROR[0m [2mbevy_asset::server[0m[2m:[0m Path not found: original-ui/MagIcon/54.png
10-01 14:41:38.158  3589  3616 E event /Users/henryliu/.cargo/registry/src/index.crates.io-1949cf8c6b5b557f/bevy_asset-0.19.0/sPath not found: original-ui/MagIcon/54.png
10-01 14:41:38.158  3589  3614 I RustStdoutStderr: [2m2026-10-01T06:41:38.158221Z[0m [31mERROR[0m [2mbevy_asset::server[0m[2m:[0m Path not found: original-ui/MagIcon/54.png
10-01 14:41:38.305  3589  3615 D EGL_emulation: app_time_stats: avg=273.41ms min=128.21ms max=486.05ms count=4
10-01 14:41:38.638  3589  3614 I RustStdoutStderr: [2m2026-10-01T06:41:38.638767Z[0m [31mERROR[0m [2mbevy_asset::server[0m[2m:[0m Path not found: original-ui/MagIcon/54.png
10-01 14:41:38.639  3589  3616 E event /Users/henryliu/.cargo/registry/src/index.crates.io-1949cf8c6b5b557f/bevy_asset-0.19.0/sPath not found: original-ui/MagIcon/54.png
10-01 14:41:39.091  3589  3614 I RustStdoutStderr: [2m2026-10-01T06:41:39.091038Z[0m [31mERROR[0m [2mbevy_asset::server[0m[2m:[0m Path not found: original-ui/MagIcon/54.png
10-01 14:41:39.091  3589  3616 E event /Users/henryliu/.cargo/registry/src/index.crates.io-1949cf8c6b5b557f/bevy_asset-0.19.0/sPath not found: original-ui/MagIcon/54.png
10-01 14:41:39.380  3589  3616 E event /Users/henryliu/.cargo/registry/src/index.crates.io-1949cf8c6b5b557f/bevy_asset-0.19.0/sPath not found: original-ui/MagIcon/54.png
10-01 14:41:39.382  3589  3614 I RustStdoutStderr: [2m2026-10-01T06:41:39.380799Z[0m [31mERROR[0m [2mbevy_asset::server[0m[2m:[0m Path not found: original-ui/MagIcon/54.png
10-01 14:41:39.526  3589  3615 D EGL_emulation: app_time_stats: avg=406.73ms min=260.23ms max=490.03ms count=3
10-01 14:41:39.609  3589  3616 E event /Users/henryliu/.cargo/registry/src/index.crates.io-1949cf8c6b5b557f/bevy_asset-0.19.0/sPath not found: original-ui/MagIcon/54.png
10-01 14:41:39.611  3589  3614 I RustStdoutStderr: [2m2026-10-01T06:41:39.607311Z[0m [31mERROR[0m [2mbevy_asset::server[0m[2m:[0m Path not found: original-ui/MagIcon/54.png
10-01 14:41:39.776  3589  3616 E event /Users/henryliu/.cargo/registry/src/index.crates.io-1949cf8c6b5b557f/bevy_asset-0.19.0/sPath not found: original-ui/MagIcon/54.png
10-01 14:41:39.776  3589  3614 I RustStdoutStderr: [2m2026-10-01T06:41:39.776295Z[0m [31mERROR[0m [2mbevy_asset::server[0m[2m:[0m Path not found: original-ui/MagIcon/54.png
10-01 14:41:39.933  3589  3616 E event /Users/henryliu/.cargo/registry/src/index.crates.io-1949cf8c6b5b557f/bevy_asset-0.19.0/sPath not found: original-ui/MagIcon/54.png
10-01 14:41:39.934  3589  3614 I RustStdoutStderr: [2m2026-10-01T06:41:39.933505Z[0m [31mERROR[0m [2mbevy_asset::server[0m[2m:[0m Path not found: original-ui/MagIcon/54.png
10-01 14:41:40.361  3589  3616 E event /Users/henryliu/.cargo/registry/src/index.crates.io-1949cf8c6b5b557f/bevy_asset-0.19.0/sPath not found: original-ui/MagIcon/54.png
10-01 14:41:40.363  3589  3614 I RustStdoutStderr: [2m2026-10-01T06:41:40.361448Z[0m [31mERROR[0m [2mbevy_asset::server[0m[2m:[0m Path not found: original-ui/MagIcon/54.png
10-01 14:41:40.674  3589  3616 E event /Users/henryliu/.cargo/registry/src/index.crates.io-1949cf8c6b5b557f/bevy_asset-0.19.0/sPath not found: original-ui/MagIcon/54.png
10-01 14:41:40.691  3589  3614 I RustStdoutStderr: [2m2026-10-01T06:41:40.674067Z[0m [31mERROR[0m [2mbevy_asset::server[0m[2m:[0m Path not found: original-ui/MagIcon/54.png
10-01 14:41:40.813  3589  3615 D EGL_emulation: app_time_stats: avg=257.37ms min=103.46ms max=332.70ms count=5
10-01 14:41:41.013  3589  3616 E event /Users/henryliu/.cargo/registry/src/index.crates.io-1949cf8c6b5b557f/bevy_asset-0.19.0/sPath not found: original-ui/MagIcon/54.png
10-01 14:41:41.013  3589  3614 I RustStdoutStderr: [2m2026-10-01T06:41:41.013051Z[0m [31mERROR[0m [2mbevy_asset::server[0m[2m:[0m Path not found: original-ui/MagIcon/54.png
10-01 14:41:41.541  3589  3616 E event /Users/henryliu/.cargo/registry/src/index.crates.io-1949cf8c6b5b557f/bevy_asset-0.19.0/sPath not found: original-ui/MagIcon/54.png
10-01 14:41:41.543  3589  3614 I RustStdoutStderr: [2m2026-10-01T06:41:41.541199Z[0m [31mERROR[0m [2mbevy_asset::server[0m[2m:[0m Path not found: original-ui/MagIcon/54.png
10-01 14:41:41.713  3589  3616 E event /Users/henryliu/.cargo/registry/src/index.crates.io-1949cf8c6b5b557f/bevy_asset-0.19.0/sPath not found: original-ui/MagIcon/54.png
10-01 14:41:41.713  3589  3614 I RustStdoutStderr: [2m2026-10-01T06:41:41.713027Z[0m [31mERROR[0m [2mbevy_asset::server[0m[2m:[0m Path not found: original-ui/MagIcon/54.png
10-01 14:41:41.832  3589  3616 E event /Users/henryliu/.cargo/registry/src/index.crates.io-1949cf8c6b5b557f/bevy_asset-0.19.0/sPath not found: original-ui/MagIcon/54.png
10-01 14:41:41.833  3589  3614 I RustStdoutStderr: [2m2026-10-01T06:41:41.832690Z[0m [31mERROR[0m [2mbevy_asset::server[0m[2m:[0m Path not found: original-ui/MagIcon/54.png
10-01 14:41:42.049  3589  3615 D EGL_emulation: app_time_stats: avg=308.90ms min=132.87ms max=625.05ms count=4
10-01 14:41:42.114  3589  3616 E event /Users/henryliu/.cargo/registry/src/index.crates.io-1949cf8c6b5b557f/bevy_asset-0.19.0/sPath not found: original-ui/MagIcon/54.png
10-01 14:41:42.115  3589  3614 I RustStdoutStderr: [2m2026-10-01T06:41:42.114779Z[0m [31mERROR[0m [2mbevy_asset::server[0m[2m:[0m Path not found: original-ui/MagIcon/54.png
10-01 14:41:42.628  3589  3616 E event /Users/henryliu/.cargo/registry/src/index.crates.io-1949cf8c6b5b557f/bevy_asset-0.19.0/sPath not found: original-ui/MagIcon/54.png
10-01 14:41:42.628  3589  3614 I RustStdoutStderr: [2m2026-10-01T06:41:42.628245Z[0m [31mERROR[0m [2mbevy_asset::server[0m[2m:[0m Path not found: original-ui/MagIcon/54.png
10-01 14:41:42.944  3589  3616 E event /Users/henryliu/.cargo/registry/src/index.crates.io-1949cf8c6b5b557f/bevy_asset-0.19.0/sPath not found: original-ui/MagIcon/54.png
10-01 14:41:42.944  3589  3614 I RustStdoutStderr: [2m2026-10-01T06:41:42.944196Z[0m [31mERROR[0m [2mbevy_asset::server[0m[2m:[0m Path not found: original-ui/MagIcon/54.png
10-01 14:41:43.100  3589  3616 E event /Users/henryliu/.cargo/registry/src/index.crates.io-1949cf8c6b5b557f/bevy_asset-0.19.0/sPath not found: original-ui/MagIcon/54.png
10-01 14:41:43.101  3589  3614 I RustStdoutStderr: [2m2026-10-01T06:41:43.100582Z[0m [31mERROR[0m [2mbevy_asset::server[0m[2m:[0m Path not found: original-ui/MagIcon/54.png
10-01 14:41:43.280  3589  3615 D EGL_emulation: app_time_stats: avg=307.57ms min=232.01ms max=431.61ms count=4
10-01 14:41:43.447  3589  3616 E event /Users/henryliu/.cargo/registry/src/index.crates.io-1949cf8c6b5b557f/bevy_asset-0.19.0/sPath not found: original-ui/MagIcon/54.png
10-01 14:41:43.449  3589  3614 I RustStdoutStderr: [2m2026-10-01T06:41:43.447247Z[0m [31mERROR[0m [2mbevy_asset::server[0m[2m:[0m Path not found: original-ui/MagIcon/54.png
10-01 14:41:44.188  3589  3616 E event /Users/henryliu/.cargo/registry/src/index.crates.io-1949cf8c6b5b557f/bevy_asset-0.19.0/sPath not found: original-ui/MagIcon/54.png
10-01 14:41:44.188  3589  3614 I RustStdoutStderr: [2m2026-10-01T06:41:44.187979Z[0m [31mERROR[0m [2mbevy_asset::server[0m[2m:[0m Path not found: original-ui/MagIcon/54.png
10-01 14:41:44.332  3589  3615 D EGL_emulation: app_time_stats: avg=526.12ms min=457.27ms max=594.98ms count=2
10-01 14:41:44.471  3589  3616 E event /Users/henryliu/.cargo/registry/src/index.crates.io-1949cf8c6b5b557f/bevy_asset-0.19.0/sPath not found: original-ui/MagIcon/54.png
10-01 14:41:44.472  3589  3614 I RustStdoutStderr: [2m2026-10-01T06:41:44.471468Z[0m [31mERROR[0m [2mbevy_asset::server[0m[2m:[0m Path not found: original-ui/MagIcon/54.png
10-01 14:41:44.647  3589  3616 E event /Users/henryliu/.cargo/registry/src/index.crates.io-1949cf8c6b5b557f/bevy_asset-0.19.0/sPath not found: original-ui/MagIcon/54.png
10-01 14:41:44.650  3589  3614 I RustStdoutStderr: [2m2026-10-01T06:41:44.646828Z[0m [31mERROR[0m [2mbevy_asset::server[0m[2m:[0m Path not found: original-ui/MagIcon/54.png
10-01 14:41:44.831  3589  3616 E event /Users/henryliu/.cargo/registry/src/index.crates.io-1949cf8c6b5b557f/bevy_asset-0.19.0/sPath not found: original-ui/MagIcon/54.png
10-01 14:41:44.832  3589  3614 I RustStdoutStderr: [2m2026-10-01T06:41:44.831398Z[0m [31mERROR[0m [2mbevy_asset::server[0m[2m:[0m Path not found: original-ui/MagIcon/54.png
10-01 14:41:45.092  3589  3616 E event /Users/henryliu/.cargo/registry/src/index.crates.io-1949cf8c6b5b557f/bevy_asset-0.19.0/sPath not found: original-ui/MagIcon/54.png
10-01 14:41:45.092  3589  3614 I RustStdoutStderr: [2m2026-10-01T06:41:45.092020Z[0m [31mERROR[0m [2mbevy_asset::server[0m[2m:[0m Path not found: original-ui/MagIcon/54.png
10-01 14:41:45.360  3589  3616 E event /Users/henryliu/.cargo/registry/src/index.crates.io-1949cf8c6b5b557f/bevy_asset-0.19.0/sPath not found: original-ui/MagIcon/54.png
10-01 14:41:45.361  3589  3614 I RustStdoutStderr: [2m2026-10-01T06:41:45.360460Z[0m [31mERROR[0m [2mbevy_asset::server[0m[2m:[0m Path not found: original-ui/MagIcon/54.png
10-01 14:41:45.413  3589  3615 D EGL_emulation: app_time_stats: avg=216.02ms min=130.99ms max=307.91ms count=5
10-01 14:41:45.433  3589  3616 E event /Users/henryliu/.cargo/registry/src/index.crates.io-1949cf8c6b5b557f/bevy_asset-0.19.0/sPath not found: original-ui/MagIcon/54.png
10-01 14:41:45.465  3589  3614 I RustStdoutStderr: [2m2026-10-01T06:41:45.433007Z[0m [31mERROR[0m [2mbevy_asset::server[0m[2m:[0m Path not found: original-ui/MagIcon/54.png
10-01 14:41:45.691  3589  3614 I RustStdoutStderr: [2m2026-10-01T06:41:45.691430Z[0m [31mERROR[0m [2mbevy_asset::server[0m[2m:[0m Path not found: original-ui/MagIcon/54.png
10-01 14:41:45.691  3589  3616 E event /Users/henryliu/.cargo/registry/src/index.crates.io-1949cf8c6b5b557f/bevy_asset-0.19.0/sPath not found: original-ui/MagIcon/54.png
10-01 14:41:45.945  3589  3616 E event /Users/henryliu/.cargo/registry/src/index.crates.io-1949cf8c6b5b557f/bevy_asset-0.19.0/sPath not found: original-ui/MagIcon/54.png
10-01 14:41:45.945  3589  3614 I RustStdoutStderr: [2m2026-10-01T06:41:45.945215Z[0m [31mERROR[0m [2mbevy_asset::server[0m[2m:[0m Path not found: original-ui/MagIcon/54.png
10-01 14:41:46.185  3589  3616 E event /Users/henryliu/.cargo/registry/src/index.crates.io-1949cf8c6b5b557f/bevy_asset-0.19.0/sPath not found: original-ui/MagIcon/54.png
10-01 14:41:46.186  3589  3614 I RustStdoutStderr: [2m2026-10-01T06:41:46.185536Z[0m [31mERROR[0m [2mbevy_asset::server[0m[2m:[0m Path not found: original-ui/MagIcon/54.png
10-01 14:41:46.344  3589  3616 E event /Users/henryliu/.cargo/registry/src/index.crates.io-1949cf8c6b5b557f/bevy_asset-0.19.0/sPath not found: original-ui/MagIcon/54.png
10-01 14:41:46.345  3589  3614 I RustStdoutStderr: [2m2026-10-01T06:41:46.344171Z[0m [31mERROR[0m [2mbevy_asset::server[0m[2m:[0m Path not found: original-ui/MagIcon/54.png
10-01 14:41:46.470  3589  3615 D EGL_emulation: app_time_stats: avg=211.46ms min=184.14ms max=250.95ms count=5
10-01 14:41:46.658  3589  3616 E event /Users/henryliu/.cargo/registry/src/index.crates.io-1949cf8c6b5b557f/bevy_asset-0.19.0/sPath not found: original-ui/MagIcon/54.png
10-01 14:41:46.659  3589  3614 I RustStdoutStderr: [2m2026-10-01T06:41:46.657957Z[0m [31mERROR[0m [2mbevy_asset::server[0m[2m:[0m Path not found: original-ui/MagIcon/54.png
10-01 14:41:46.969  3589  3616 E event /Users/henryliu/.cargo/registry/src/index.crates.io-1949cf8c6b5b557f/bevy_asset-0.19.0/sPath not found: original-ui/MagIcon/54.png
10-01 14:41:46.970  3589  3614 I RustStdoutStderr: [2m2026-10-01T06:41:46.969272Z[0m [31mERROR[0m [2mbevy_asset::server[0m[2m:[0m Path not found: original-ui/MagIcon/54.png
10-01 14:41:47.276  3589  3614 I RustStdoutStderr: [2m2026-10-01T06:41:47.276591Z[0m [31mERROR[0m [2mbevy_asset::server[0m[2m:[0m Path not found: original-ui/MagIcon/54.png
10-01 14:41:47.276  3589  3616 E event /Users/henryliu/.cargo/registry/src/index.crates.io-1949cf8c6b5b557f/bevy_asset-0.19.0/sPath not found: original-ui/MagIcon/54.png
10-01 14:41:47.498  3589  3616 E event /Users/henryliu/.cargo/registry/src/index.crates.io-1949cf8c6b5b557f/bevy_asset-0.19.0/sPath not found: original-ui/MagIcon/54.png
10-01 14:41:47.501  3589  3614 I RustStdoutStderr: [2m2026-10-01T06:41:47.496138Z[0m [31mERROR[0m [2mbevy_asset::server[0m[2m:[0m Path not found: original-ui/MagIcon/54.png
10-01 14:41:47.550  3589  3615 D EGL_emulation: app_time_stats: avg=269.89ms min=180.16ms max=404.97ms count=4
10-01 14:41:47.597  3589  3616 E event /Users/henryliu/.cargo/registry/src/index.crates.io-1949cf8c6b5b557f/bevy_asset-0.19.0/sPath not found: original-ui/MagIcon/54.png
10-01 14:41:47.597  3589  3614 I RustStdoutStderr: [2m2026-10-01T06:41:47.597397Z[0m [31mERROR[0m [2mbevy_asset::server[0m[2m:[0m Path not found: original-ui/MagIcon/54.png
10-01 14:41:47.731  3589  3616 E event /Users/henryliu/.cargo/registry/src/index.crates.io-1949cf8c6b5b557f/bevy_asset-0.19.0/sPath not found: original-ui/MagIcon/54.png
10-01 14:41:47.732  3589  3614 I RustStdoutStderr: [2m2026-10-01T06:41:47.731835Z[0m [31mERROR[0m [2mbevy_asset::server[0m[2m:[0m Path not found: original-ui/MagIcon/54.png
10-01 14:41:47.862  3589  3616 E event /Users/henryliu/.cargo/registry/src/index.crates.io-1949cf8c6b5b557f/bevy_asset-0.19.0/sPath not found: original-ui/MagIcon/54.png
10-01 14:41:47.863  3589  3614 I RustStdoutStderr: [2m2026-10-01T06:41:47.862830Z[0m [31mERROR[0m [2mbevy_asset::server[0m[2m:[0m Path not found: original-ui/MagIcon/54.png
10-01 14:41:47.962  3589  3616 E event /Users/henryliu/.cargo/registry/src/index.crates.io-1949cf8c6b5b557f/bevy_asset-0.19.0/sPath not found: original-ui/MagIcon/54.png
10-01 14:41:47.962  3589  3614 I RustStdoutStderr: [2m2026-10-01T06:41:47.962415Z[0m [31mERROR[0m [2mbevy_asset::server[0m[2m:[0m Path not found: original-ui/MagIcon/54.png
10-01 14:41:48.115  3589  3616 E event /Users/henryliu/.cargo/registry/src/index.crates.io-1949cf8c6b5b557f/bevy_asset-0.19.0/sPath not found: original-ui/MagIcon/54.png
10-01 14:41:48.115  3589  3614 I RustStdoutStderr: [2m2026-10-01T06:41:48.115021Z[0m [31mERROR[0m [2mbevy_asset::server[0m[2m:[0m Path not found: original-ui/MagIcon/54.png
10-01 14:41:48.176  3589  3616 E event /Users/henryliu/.cargo/registry/src/index.crates.io-1949cf8c6b5b557f/bevy_asset-0.19.0/sPath not found: original-ui/MagIcon/54.png
10-01 14:41:48.176  3589  3614 I RustStdoutStderr: [2m2026-10-01T06:41:48.176656Z[0m [31mERROR[0m [2mbevy_asset::server[0m[2m:[0m Path not found: original-ui/MagIcon/54.png
10-01 14:41:48.333  3589  3616 E event /Users/henryliu/.cargo/registry/src/index.crates.io-1949cf8c6b5b557f/bevy_asset-0.19.0/sPath not found: original-ui/MagIcon/54.png
10-01 14:41:48.333  3589  3614 I RustStdoutStderr: [2m2026-10-01T06:41:48.333905Z[0m [31mERROR[0m [2mbevy_asset::server[0m[2m:[0m Path not found: original-ui/MagIcon/54.png
10-01 14:41:48.379  3589  3616 E event /Users/henryliu/.cargo/registry/src/index.crates.io-1949cf8c6b5b557f/bevy_asset-0.19.0/sPath not found: original-ui/MagIcon/54.png
10-01 14:41:48.379  3589  3614 I RustStdoutStderr: [2m2026-10-01T06:41:48.379591Z[0m [31mERROR[0m [2mbevy_asset::server[0m[2m:[0m Path not found: original-ui/MagIcon/54.png
10-01 14:41:48.506  3589  3616 E event /Users/henryliu/.cargo/registry/src/index.crates.io-1949cf8c6b5b557f/bevy_asset-0.19.0/sPath not found: original-ui/MagIcon/54.png
10-01 14:41:48.506  3589  3614 I RustStdoutStderr: [2m2026-10-01T06:41:48.506460Z[0m [31mERROR[0m [2mbevy_asset::server[0m[2m:[0m Path not found: original-ui/MagIcon/54.png
10-01 14:41:48.573  3589  3616 E event /Users/henryliu/.cargo/registry/src/index.crates.io-1949cf8c6b5b557f/bevy_asset-0.19.0/sPath not found: original-ui/MagIcon/54.png
10-01 14:41:48.574  3589  3614 I RustStdoutStderr: [2m2026-10-01T06:41:48.572992Z[0m [31mERROR[0m [2mbevy_asset::server[0m[2m:[0m Path not found: original-ui/MagIcon/54.png
10-01 14:41:48.646  3589  3615 D EGL_emulation: app_time_stats: avg=109.55ms min=64.01ms max=182.95ms count=10
10-01 14:41:48.677  3589  3616 E event /Users/henryliu/.cargo/registry/src/index.crates.io-1949cf8c6b5b557f/bevy_asset-0.19.0/sPath not found: original-ui/MagIcon/54.png
10-01 14:41:48.678  3589  3614 I RustStdoutStderr: [2m2026-10-01T06:41:48.677509Z[0m [31mERROR[0m [2mbevy_asset::server[0m[2m:[0m Path not found: original-ui/MagIcon/54.png
10-01 14:41:48.823  3589  3616 E event /Users/henryliu/.cargo/registry/src/index.crates.io-1949cf8c6b5b557f/bevy_asset-0.19.0/sPath not found: original-ui/MagIcon/54.png
10-01 14:41:48.830  3589  3614 I RustStdoutStderr: [2m2026-10-01T06:41:48.822852Z[0m [31mERROR[0m [2mbevy_asset::server[0m[2m:[0m Path not found: original-ui/MagIcon/54.png
10-01 14:41:48.904  3589  3616 E event /Users/henryliu/.cargo/registry/src/index.crates.io-1949cf8c6b5b557f/bevy_asset-0.19.0/sPath not found: original-ui/MagIcon/54.png
10-01 14:41:48.905  3589  3614 I RustStdoutStderr: [2m2026-10-01T06:41:48.904060Z[0m [31mERROR[0m [2mbevy_asset::server[0m[2m:[0m Path not found: original-ui/MagIcon/54.png
10-01 14:41:48.981  3589  3616 E event /Users/henryliu/.cargo/registry/src/index.crates.io-1949cf8c6b5b557f/bevy_asset-0.19.0/sPath not found: original-ui/MagIcon/54.png
10-01 14:41:48.982  3589  3614 I RustStdoutStderr: [2m2026-10-01T06:41:48.981145Z[0m [31mERROR[0m [2mbevy_asset::server[0m[2m:[0m Path not found: original-ui/MagIcon/54.png
10-01 14:41:49.276  3589  3616 E event /Users/henryliu/.cargo/registry/src/index.crates.io-1949cf8c6b5b557f/bevy_asset-0.19.0/sPath not found: original-ui/MagIcon/54.png
10-01 14:41:49.276  3589  3614 I RustStdoutStderr: [2m2026-10-01T06:41:49.276610Z[0m [31mERROR[0m [2mbevy_asset::server[0m[2m:[0m Path not found: original-ui/MagIcon/54.png
10-01 14:41:49.404  3589  3616 E event /Users/henryliu/.cargo/registry/src/index.crates.io-1949cf8c6b5b557f/bevy_asset-0.19.0/sPath not found: original-ui/MagIcon/54.png
10-01 14:41:49.405  3589  3614 I RustStdoutStderr: [2m2026-10-01T06:41:49.404678Z[0m [31mERROR[0m [2mbevy_asset::server[0m[2m:[0m Path not found: original-ui/MagIcon/54.png
10-01 14:41:49.476  3589  3616 E event /Users/henryliu/.cargo/registry/src/index.crates.io-1949cf8c6b5b557f/bevy_asset-0.19.0/sPath not found: original-ui/MagIcon/54.png
10-01 14:41:49.476  3589  3614 I RustStdoutStderr: [2m2026-10-01T06:41:49.476524Z[0m [31mERROR[0m [2mbevy_asset::server[0m[2m:[0m Path not found: original-ui/MagIcon/54.png
10-01 14:41:49.608  3589  3616 E event /Users/henryliu/.cargo/registry/src/index.crates.io-1949cf8c6b5b557f/bevy_asset-0.19.0/sPath not found: original-ui/MagIcon/54.png
10-01 14:41:49.610  3589  3614 I RustStdoutStderr: [2m2026-10-01T06:41:49.608047Z[0m [31mERROR[0m [2mbevy_asset::server[0m[2m:[0m Path not found: original-ui/MagIcon/54.png
10-01 14:41:49.648  3589  3615 D EGL_emulation: app_time_stats: avg=125.16ms min=86.42ms max=244.27ms count=8
10-01 14:41:49.672  3589  3616 E event /Users/henryliu/.cargo/registry/src/index.crates.io-1949cf8c6b5b557f/bevy_asset-0.19.0/sPath not found: original-ui/MagIcon/54.png
10-01 14:41:49.673  3589  3614 I RustStdoutStderr: [2m2026-10-01T06:41:49.672696Z[0m [31mERROR[0m [2mbevy_asset::server[0m[2m:[0m Path not found: original-ui/MagIcon/54.png
10-01 14:41:49.847  3589  3616 E event /Users/henryliu/.cargo/registry/src/index.crates.io-1949cf8c6b5b557f/bevy_asset-0.19.0/sPath not found: original-ui/MagIcon/54.png
10-01 14:41:49.847  3589  3614 I RustStdoutStderr: [2m2026-10-01T06:41:49.847199Z[0m [31mERROR[0m [2mbevy_asset::server[0m[2m:[0m Path not found: original-ui/MagIcon/54.png
10-01 14:41:49.969  3589  3614 I RustStdoutStderr: [2m2026-10-01T06:41:49.969193Z[0m [31mERROR[0m [2mbevy_asset::server[0m[2m:[0m Path not found: original-ui/MagIcon/54.png
10-01 14:41:49.970  3589  3616 E event /Users/henryliu/.cargo/registry/src/index.crates.io-1949cf8c6b5b557f/bevy_asset-0.19.0/sPath not found: original-ui/MagIcon/54.png
10-01 14:41:50.045  3589  3616 E event /Users/henryliu/.cargo/registry/src/index.crates.io-1949cf8c6b5b557f/bevy_asset-0.19.0/sPath not found: original-ui/MagIcon/54.png
10-01 14:41:50.046  3589  3614 I RustStdoutStderr: [2m2026-10-01T06:41:50.045784Z[0m [31mERROR[0m [2mbevy_asset::server[0m[2m:[0m Path not found: original-ui/MagIcon/54.png
10-01 14:41:50.094  3589  3614 I RustStdoutStderr: [2m2026-10-01T06:41:50.093851Z[0m [31mERROR[0m [2mbevy_asset::server[0m[2m:[0m Path not found: original-ui/MagIcon/54.png
10-01 14:41:50.094  3589  3616 E event /Users/henryliu/.cargo/registry/src/index.crates.io-1949cf8c6b5b557f/bevy_asset-0.19.0/sPath not found: original-ui/MagIcon/54.png
10-01 14:41:50.131  3589  3616 E event /Users/henryliu/.cargo/registry/src/index.crates.io-1949cf8c6b5b557f/bevy_asset-0.19.0/sPath not found: original-ui/MagIcon/54.png
10-01 14:41:50.131  3589  3614 I RustStdoutStderr: [2m2026-10-01T06:41:50.131253Z[0m [31mERROR[0m [2mbevy_asset::server[0m[2m:[0m Path not found: original-ui/MagIcon/54.png
10-01 14:41:50.262  3589  3616 E event /Users/henryliu/.cargo/registry/src/index.crates.io-1949cf8c6b5b557f/bevy_asset-0.19.0/sPath not found: original-ui/MagIcon/54.png
10-01 14:41:50.262  3589  3614 I RustStdoutStderr: [2m2026-10-01T06:41:50.262571Z[0m [31mERROR[0m [2mbevy_asset::server[0m[2m:[0m Path not found: original-ui/MagIcon/54.png
10-01 14:41:50.315  3589  3616 E event /Users/henryliu/.cargo/registry/src/index.crates.io-1949cf8c6b5b557f/bevy_asset-0.19.0/sPath not found: original-ui/MagIcon/54.png
10-01 14:41:50.315  3589  3614 I RustStdoutStderr: [2m2026-10-01T06:41:50.315178Z[0m [31mERROR[0m [2mbevy_asset::server[0m[2m:[0m Path not found: original-ui/MagIcon/54.png
10-01 14:41:50.365  3589  3616 E event /Users/henryliu/.cargo/registry/src/index.crates.io-1949cf8c6b5b557f/bevy_asset-0.19.0/sPath not found: original-ui/MagIcon/54.png
10-01 14:41:50.365  3589  3614 I RustStdoutStderr: [2m2026-10-01T06:41:50.365608Z[0m [31mERROR[0m [2mbevy_asset::server[0m[2m:[0m Path not found: original-ui/MagIcon/54.png
10-01 14:41:50.534  3589  3616 E event /Users/henryliu/.cargo/registry/src/index.crates.io-1949cf8c6b5b557f/bevy_asset-0.19.0/sPath not found: original-ui/MagIcon/54.png
10-01 14:41:50.535  3589  3614 I RustStdoutStderr: [2m2026-10-01T06:41:50.534753Z[0m [31mERROR[0m [2mbevy_asset::server[0m[2m:[0m Path not found: original-ui/MagIcon/54.png
10-01 14:41:50.641  3589  3616 E event /Users/henryliu/.cargo/registry/src/index.crates.io-1949cf8c6b5b557f/bevy_asset-0.19.0/sPath not found: original-ui/MagIcon/54.png
10-01 14:41:50.642  3589  3614 I RustStdoutStderr: [2m2026-10-01T06:41:50.641799Z[0m [31mERROR[0m [2mbevy_asset::server[0m[2m:[0m Path not found: original-ui/MagIcon/54.png
10-01 14:41:50.682  3589  3615 D EGL_emulation: app_time_stats: avg=93.96ms min=39.86ms max=166.71ms count=11
10-01 14:41:50.722  3589  3616 E event /Users/henryliu/.cargo/registry/src/index.crates.io-1949cf8c6b5b557f/bevy_asset-0.19.0/sPath not found: original-ui/MagIcon/54.png
10-01 14:41:50.723  3589  3614 I RustStdoutStderr: [2m2026-10-01T06:41:50.722544Z[0m [31mERROR[0m [2mbevy_asset::server[0m[2m:[0m Path not found: original-ui/MagIcon/54.png
10-01 14:41:50.862  3589  3616 E event /Users/henryliu/.cargo/registry/src/index.crates.io-1949cf8c6b5b557f/bevy_asset-0.19.0/sPath not found: original-ui/MagIcon/54.png
10-01 14:41:50.863  3589  3614 I RustStdoutStderr: [2m2026-10-01T06:41:50.862727Z[0m [31mERROR[0m [2mbevy_asset::server[0m[2m:[0m Path not found: original-ui/MagIcon/54.png
10-01 14:41:51.213  3589  3616 E event /Users/henryliu/.cargo/registry/src/index.crates.io-1949cf8c6b5b557f/bevy_asset-0.19.0/sPath not found: original-ui/MagIcon/54.png
10-01 14:41:51.240  3589  3614 I RustStdoutStderr: [2m2026-10-01T06:41:51.213137Z[0m [31mERROR[0m [2mbevy_asset::server[0m[2m:[0m Path not found: original-ui/MagIcon/54.png
10-01 14:41:51.566  3589  3616 E event /Users/henryliu/.cargo/registry/src/index.crates.io-1949cf8c6b5b557f/bevy_asset-0.19.0/sPath not found: original-ui/MagIcon/54.png
10-01 14:41:51.569  3589  3614 I RustStdoutStderr: [2m2026-10-01T06:41:51.566896Z[0m [31mERROR[0m [2mbevy_asset::server[0m[2m:[0m Path not found: original-ui/MagIcon/54.png
10-01 14:41:51.656  3589  3616 E event /Users/henryliu/.cargo/registry/src/index.crates.io-1949cf8c6b5b557f/bevy_asset-0.19.0/sPath not found: original-ui/MagIcon/54.png
10-01 14:41:51.656  3589  3614 I RustStdoutStderr: [2m2026-10-01T06:41:51.656422Z[0m [31mERROR[0m [2mbevy_asset::server[0m[2m:[0m Path not found: original-ui/MagIcon/54.png
10-01 14:41:51.695  3589  3615 D EGL_emulation: app_time_stats: avg=202.58ms min=81.34ms max=405.34ms count=5
10-01 14:41:51.730  3589  3616 E event /Users/henryliu/.cargo/registry/src/index.crates.io-1949cf8c6b5b557f/bevy_asset-0.19.0/sPath not found: original-ui/MagIcon/54.png
10-01 14:41:51.730  3589  3614 I RustStdoutStderr: [2m2026-10-01T06:41:51.730377Z[0m [31mERROR[0m [2mbevy_asset::server[0m[2m:[0m Path not found: original-ui/MagIcon/54.png
10-01 14:41:51.909  3589  3616 E event /Users/henryliu/.cargo/registry/src/index.crates.io-1949cf8c6b5b557f/bevy_asset-0.19.0/sPath not found: original-ui/MagIcon/54.png
10-01 14:41:51.909  3589  3614 I RustStdoutStderr: [2m2026-10-01T06:41:51.909636Z[0m [31mERROR[0m [2mbevy_asset::server[0m[2m:[0m Path not found: original-ui/MagIcon/54.png
10-01 14:41:52.048  3589  3616 E event /Users/henryliu/.cargo/registry/src/index.crates.io-1949cf8c6b5b557f/bevy_asset-0.19.0/sPath not found: original-ui/MagIcon/54.png
10-01 14:41:52.049  3589  3614 I RustStdoutStderr: [2m2026-10-01T06:41:52.048592Z[0m [31mERROR[0m [2mbevy_asset::server[0m[2m:[0m Path not found: original-ui/MagIcon/54.png
10-01 14:41:52.132  3589  3616 E event /Users/henryliu/.cargo/registry/src/index.crates.io-1949cf8c6b5b557f/bevy_asset-0.19.0/sPath not found: original-ui/MagIcon/54.png
10-01 14:41:52.134  3589  3614 I RustStdoutStderr: [2m2026-10-01T06:41:52.132547Z[0m [31mERROR[0m [2mbevy_asset::server[0m[2m:[0m Path not found: original-ui/MagIcon/54.png
10-01 14:41:52.211  3589  3616 E event /Users/henryliu/.cargo/registry/src/index.crates.io-1949cf8c6b5b557f/bevy_asset-0.19.0/sPath not found: original-ui/MagIcon/54.png
10-01 14:41:52.213  3589  3614 I RustStdoutStderr: [2m2026-10-01T06:41:52.210992Z[0m [31mERROR[0m [2mbevy_asset::server[0m[2m:[0m Path not found: original-ui/MagIcon/54.png
10-01 14:41:52.347  3589  3616 E event /Users/henryliu/.cargo/registry/src/index.crates.io-1949cf8c6b5b557f/bevy_asset-0.19.0/sPath not found: original-ui/MagIcon/54.png
10-01 14:41:52.348  3589  3614 I RustStdoutStderr: [2m2026-10-01T06:41:52.347631Z[0m [31mERROR[0m [2mbevy_asset::server[0m[2m:[0m Path not found: original-ui/MagIcon/54.png
10-01 14:41:52.427  3589  3616 E event /Users/henryliu/.cargo/registry/src/index.crates.io-1949cf8c6b5b557f/bevy_asset-0.19.0/sPath not found: original-ui/MagIcon/54.png
10-01 14:41:52.427  3589  3614 I RustStdoutStderr: [2m2026-10-01T06:41:52.426743Z[0m [31mERROR[0m [2mbevy_asset::server[0m[2m:[0m Path not found: original-ui/MagIcon/54.png
10-01 14:41:52.563  3589  3616 E event /Users/henryliu/.cargo/registry/src/index.crates.io-1949cf8c6b5b557f/bevy_asset-0.19.0/sPath not found: original-ui/MagIcon/54.png
10-01 14:41:52.565  3589  3614 I RustStdoutStderr: [2m2026-10-01T06:41:52.563167Z[0m [31mERROR[0m [2mbevy_asset::server[0m[2m:[0m Path not found: original-ui/MagIcon/54.png
10-01 14:41:52.658  3589  3616 E event /Users/henryliu/.cargo/registry/src/index.crates.io-1949cf8c6b5b557f/bevy_asset-0.19.0/sPath not found: original-ui/MagIcon/54.png
10-01 14:41:52.658  3589  3614 I RustStdoutStderr: [2m2026-10-01T06:41:52.657987Z[0m [31mERROR[0m [2mbevy_asset::server[0m[2m:[0m Path not found: original-ui/MagIcon/54.png
10-01 14:41:52.702  3589  3615 D EGL_emulation: app_time_stats: avg=111.89ms min=71.27ms max=164.57ms count=9
10-01 14:41:52.714  3589  3616 E event /Users/henryliu/.cargo/registry/src/index.crates.io-1949cf8c6b5b557f/bevy_asset-0.19.0/sPath not found: original-ui/MagIcon/54.png
10-01 14:41:52.714  3589  3614 I RustStdoutStderr: [2m2026-10-01T06:41:52.714204Z[0m [31mERROR[0m [2mbevy_asset::server[0m[2m:[0m Path not found: original-ui/MagIcon/54.png
10-01 14:41:52.872  3589  3616 E event /Users/henryliu/.cargo/registry/src/index.crates.io-1949cf8c6b5b557f/bevy_asset-0.19.0/sPath not found: original-ui/MagIcon/54.png
10-01 14:41:52.876  3589  3614 I RustStdoutStderr: [2m2026-10-01T06:41:52.871913Z[0m [31mERROR[0m [2mbevy_asset::server[0m[2m:[0m Path not found: original-ui/MagIcon/54.png
10-01 14:41:52.969  3589  3616 E event /Users/henryliu/.cargo/registry/src/index.crates.io-1949cf8c6b5b557f/bevy_asset-0.19.0/sPath not found: original-ui/MagIcon/54.png
10-01 14:41:52.969  3589  3614 I RustStdoutStderr: [2m2026-10-01T06:41:52.968915Z[0m [31mERROR[0m [2mbevy_asset::server[0m[2m:[0m Path not found: original-ui/MagIcon/54.png
10-01 14:41:53.100  3589  3616 E event /Users/henryliu/.cargo/registry/src/index.crates.io-1949cf8c6b5b557f/bevy_asset-0.19.0/sPath not found: original-ui/MagIcon/54.png
10-01 14:41:53.101  3589  3614 I RustStdoutStderr: [2m2026-10-01T06:41:53.100225Z[0m [31mERROR[0m [2mbevy_asset::server[0m[2m:[0m Path not found: original-ui/MagIcon/54.png
10-01 14:41:53.202  3589  3616 E event /Users/henryliu/.cargo/registry/src/index.crates.io-1949cf8c6b5b557f/bevy_asset-0.19.0/sPath not found: original-ui/MagIcon/54.png
10-01 14:41:53.206  3589  3614 I RustStdoutStderr: [2m2026-10-01T06:41:53.202318Z[0m [31mERROR[0m [2mbevy_asset::server[0m[2m:[0m Path not found: original-ui/MagIcon/54.png
10-01 14:41:53.297  3589  3616 E event /Users/henryliu/.cargo/registry/src/index.crates.io-1949cf8c6b5b557f/bevy_asset-0.19.0/sPath not found: original-ui/MagIcon/54.png
10-01 14:41:53.297  3589  3614 I RustStdoutStderr: [2m2026-10-01T06:41:53.297137Z[0m [31mERROR[0m [2mbevy_asset::server[0m[2m:[0m Path not found: original-ui/MagIcon/54.png
10-01 14:41:53.409  3589  3616 E event /Users/henryliu/.cargo/registry/src/index.crates.io-1949cf8c6b5b557f/bevy_asset-0.19.0/sPath not found: original-ui/MagIcon/54.png
10-01 14:41:53.410  3589  3614 I RustStdoutStderr: [2m2026-10-01T06:41:53.409310Z[0m [31mERROR[0m [2mbevy_asset::server[0m[2m:[0m Path not found: original-ui/MagIcon/54.png
10-01 14:41:53.734  3589  3616 E event /Users/henryliu/.cargo/registry/src/index.crates.io-1949cf8c6b5b557f/bevy_asset-0.19.0/sPath not found: original-ui/MagIcon/54.png
10-01 14:41:53.735  3589  3614 I RustStdoutStderr: [2m2026-10-01T06:41:53.733960Z[0m [31mERROR[0m [2mbevy_asset::server[0m[2m:[0m Path not found: original-ui/MagIcon/54.png
10-01 14:41:53.833  3589  3615 D EGL_emulation: app_time_stats: avg=141.19ms min=75.95ms max=277.70ms count=8
10-01 14:41:53.978  3589  3614 I RustStdoutStderr: [2m2026-10-01T06:41:53.978598Z[0m [31mERROR[0m [2mbevy_asset::server[0m[2m:[0m Path not found: original-ui/MagIcon/54.png
10-01 14:41:53.978  3589  3616 E event /Users/henryliu/.cargo/registry/src/index.crates.io-1949cf8c6b5b557f/bevy_asset-0.19.0/sPath not found: original-ui/MagIcon/54.png
10-01 14:41:54.147  3589  3616 E event /Users/henryliu/.cargo/registry/src/index.crates.io-1949cf8c6b5b557f/bevy_asset-0.19.0/sPath not found: original-ui/MagIcon/54.png
10-01 14:41:54.147  3589  3614 I RustStdoutStderr: [2m2026-10-01T06:41:54.146829Z[0m [31mERROR[0m [2mbevy_asset::server[0m[2m:[0m Path not found: original-ui/MagIcon/54.png
10-01 14:41:54.523  3589  3616 E event /Users/henryliu/.cargo/registry/src/index.crates.io-1949cf8c6b5b557f/bevy_asset-0.19.0/sPath not found: original-ui/MagIcon/54.png
10-01 14:41:54.523  3589  3614 I RustStdoutStderr: [2m2026-10-01T06:41:54.523244Z[0m [31mERROR[0m [2mbevy_asset::server[0m[2m:[0m Path not found: original-ui/MagIcon/54.png
10-01 14:41:54.781  3589  3614 I RustStdoutStderr: [2m2026-10-01T06:41:54.781719Z[0m [31mERROR[0m [2mbevy_asset::server[0m[2m:[0m Path not found: original-ui/MagIcon/54.png
10-01 14:41:54.781  3589  3616 E event /Users/henryliu/.cargo/registry/src/index.crates.io-1949cf8c6b5b557f/bevy_asset-0.19.0/sPath not found: original-ui/MagIcon/54.png
10-01 14:41:54.849  3589  3615 D EGL_emulation: app_time_stats: avg=253.85ms min=129.36ms max=388.17ms count=4
10-01 14:41:54.941  3589  3616 E event /Users/henryliu/.cargo/registry/src/index.crates.io-1949cf8c6b5b557f/bevy_asset-0.19.0/sPath not found: original-ui/MagIcon/54.png
10-01 14:41:54.941  3589  3614 I RustStdoutStderr: [2m2026-10-01T06:41:54.940811Z[0m [31mERROR[0m [2mbevy_asset::server[0m[2m:[0m Path not found: original-ui/MagIcon/54.png
10-01 14:41:55.173  3589  3616 E event /Users/henryliu/.cargo/registry/src/index.crates.io-1949cf8c6b5b557f/bevy_asset-0.19.0/sPath not found: original-ui/MagIcon/54.png
10-01 14:41:55.174  3589  3614 I RustStdoutStderr: [2m2026-10-01T06:41:55.173406Z[0m [31mERROR[0m [2mbevy_asset::server[0m[2m:[0m Path not found: original-ui/MagIcon/54.png
10-01 14:41:55.625  3589  3616 E event /Users/henryliu/.cargo/registry/src/index.crates.io-1949cf8c6b5b557f/bevy_asset-0.19.0/sPath not found: original-ui/MagIcon/54.png
10-01 14:41:55.625  3589  3614 I RustStdoutStderr: [2m2026-10-01T06:41:55.624983Z[0m [31mERROR[0m [2mbevy_asset::server[0m[2m:[0m Path not found: original-ui/MagIcon/54.png
10-01 14:41:55.850  3589  3616 E event /Users/henryliu/.cargo/registry/src/index.crates.io-1949cf8c6b5b557f/bevy_asset-0.19.0/sPath not found: original-ui/MagIcon/54.png
10-01 14:41:55.856  3589  3614 I RustStdoutStderr: [2m2026-10-01T06:41:55.850226Z[0m [31mERROR[0m [2mbevy_asset::server[0m[2m:[0m Path not found: original-ui/MagIcon/54.png
10-01 14:41:56.043  3589  3615 D EGL_emulation: app_time_stats: avg=298.49ms min=199.07ms max=431.33ms count=4
10-01 14:41:56.192  3589  3616 E event /Users/henryliu/.cargo/registry/src/index.crates.io-1949cf8c6b5b557f/bevy_asset-0.19.0/sPath not found: original-ui/MagIcon/54.png
10-01 14:41:56.200  3589  3614 I RustStdoutStderr: [2m2026-10-01T06:41:56.192526Z[0m [31mERROR[0m [2mbevy_asset::server[0m[2m:[0m Path not found: original-ui/MagIcon/54.png
10-01 14:41:56.584  3589  3616 E event /Users/henryliu/.cargo/registry/src/index.crates.io-1949cf8c6b5b557f/bevy_asset-0.19.0/sPath not found: original-ui/MagIcon/54.png
10-01 14:41:56.585  3589  3614 I RustStdoutStderr: [2m2026-10-01T06:41:56.584735Z[0m [31mERROR[0m [2mbevy_asset::server[0m[2m:[0m Path not found: original-ui/MagIcon/54.png
10-01 14:41:56.773  3589  3616 E event /Users/henryliu/.cargo/registry/src/index.crates.io-1949cf8c6b5b557f/bevy_asset-0.19.0/sPath not found: original-ui/MagIcon/54.png
10-01 14:41:56.775  3589  3614 I RustStdoutStderr: [2m2026-10-01T06:41:56.771624Z[0m [31mERROR[0m [2mbevy_asset::server[0m[2m:[0m Path not found: original-ui/MagIcon/54.png
10-01 14:41:57.004  3589  3616 E event /Users/henryliu/.cargo/registry/src/index.crates.io-1949cf8c6b5b557f/bevy_asset-0.19.0/sPath not found: original-ui/MagIcon/54.png
10-01 14:41:57.004  3589  3614 I RustStdoutStderr: [2m2026-10-01T06:41:57.003797Z[0m [31mERROR[0m [2mbevy_asset::server[0m[2m:[0m Path not found: original-ui/MagIcon/54.png
10-01 14:41:57.124  3589  3615 D EGL_emulation: app_time_stats: avg=270.11ms min=174.18ms max=462.55ms count=4
10-01 14:41:57.360  3589  3616 E event /Users/henryliu/.cargo/registry/src/index.crates.io-1949cf8c6b5b557f/bevy_asset-0.19.0/sPath not found: original-ui/MagIcon/54.png
10-01 14:41:57.360  3589  3614 I RustStdoutStderr: [2m2026-10-01T06:41:57.360380Z[0m [31mERROR[0m [2mbevy_asset::server[0m[2m:[0m Path not found: original-ui/MagIcon/54.png
10-01 14:41:57.599  3589  3616 E event /Users/henryliu/.cargo/registry/src/index.crates.io-1949cf8c6b5b557f/bevy_asset-0.19.0/sPath not found: original-ui/MagIcon/54.png
10-01 14:41:57.600  3589  3614 I RustStdoutStderr: [2m2026-10-01T06:41:57.599200Z[0m [31mERROR[0m [2mbevy_asset::server[0m[2m:[0m Path not found: original-ui/MagIcon/54.png
10-01 14:41:57.971  3589  3616 E event /Users/henryliu/.cargo/registry/src/index.crates.io-1949cf8c6b5b557f/bevy_asset-0.19.0/sPath not found: original-ui/MagIcon/54.png
10-01 14:41:57.974  3589  3614 I RustStdoutStderr: [2m2026-10-01T06:41:57.969648Z[0m [31mERROR[0m [2mbevy_asset::server[0m[2m:[0m Path not found: original-ui/MagIcon/54.png
10-01 14:41:58.111  3589  3616 E event /Users/henryliu/.cargo/registry/src/index.crates.io-1949cf8c6b5b557f/bevy_asset-0.19.0/sPath not found: original-ui/MagIcon/54.png
10-01 14:41:58.120  3589  3614 I RustStdoutStderr: [2m2026-10-01T06:41:58.111380Z[0m [31mERROR[0m [2mbevy_asset::server[0m[2m:[0m Path not found: original-ui/MagIcon/54.png
10-01 14:41:58.193  3589  3615 D EGL_emulation: app_time_stats: avg=267.19ms min=122.89ms max=407.79ms count=4
10-01 14:41:58.365  3589  3616 E event /Users/henryliu/.cargo/registry/src/index.crates.io-1949cf8c6b5b557f/bevy_asset-0.19.0/sPath not found: original-ui/MagIcon/54.png
10-01 14:41:58.366  3589  3614 I RustStdoutStderr: [2m2026-10-01T06:41:58.365277Z[0m [31mERROR[0m [2mbevy_asset::server[0m[2m:[0m Path not found: original-ui/MagIcon/54.png
10-01 14:41:58.545  3589  3616 E event /Users/henryliu/.cargo/registry/src/index.crates.io-1949cf8c6b5b557f/bevy_asset-0.19.0/sPath not found: original-ui/MagIcon/54.png
10-01 14:41:58.545  3589  3614 I RustStdoutStderr: [2m2026-10-01T06:41:58.545439Z[0m [31mERROR[0m [2mbevy_asset::server[0m[2m:[0m Path not found: original-ui/MagIcon/54.png
10-01 14:41:58.709  3589  3616 E event /Users/henryliu/.cargo/registry/src/index.crates.io-1949cf8c6b5b557f/bevy_asset-0.19.0/sPath not found: original-ui/MagIcon/54.png
10-01 14:41:58.718  3589  3614 I RustStdoutStderr: [2m2026-10-01T06:41:58.709217Z[0m [31mERROR[0m [2mbevy_asset::server[0m[2m:[0m Path not found: original-ui/MagIcon/54.png
10-01 14:41:59.107  3589  3616 E event /Users/henryliu/.cargo/registry/src/index.crates.io-1949cf8c6b5b557f/bevy_asset-0.19.0/sPath not found: original-ui/MagIcon/54.png
10-01 14:41:59.107  3589  3614 I RustStdoutStderr: [2m2026-10-01T06:41:59.106930Z[0m [31mERROR[0m [2mbevy_asset::server[0m[2m:[0m Path not found: original-ui/MagIcon/54.png
10-01 14:41:59.245  3589  3615 D EGL_emulation: app_time_stats: avg=262.93ms min=177.00ms max=317.65ms count=4
10-01 14:41:59.976  3589  3616 E event /Users/henryliu/.cargo/registry/src/index.crates.io-1949cf8c6b5b557f/bevy_asset-0.19.0/sPath not found: original-ui/MagIcon/54.png
10-01 14:41:59.977  3589  3614 I RustStdoutStderr: [2m2026-10-01T06:41:59.976626Z[0m [31mERROR[0m [2mbevy_asset::server[0m[2m:[0m Path not found: original-ui/MagIcon/54.png
10-01 14:42:00.282  3589  3614 I RustStdoutStderr: [2m2026-10-01T06:42:00.281938Z[0m [31mERROR[0m [2mbevy_asset::server[0m[2m:[0m Path not found: original-ui/MagIcon/54.png
10-01 14:42:00.282  3589  3616 E event /Users/henryliu/.cargo/registry/src/index.crates.io-1949cf8c6b5b557f/bevy_asset-0.19.0/sPath not found: original-ui/MagIcon/54.png
10-01 14:42:00.424  3589  3615 D EGL_emulation: app_time_stats: avg=589.19ms min=338.90ms max=839.48ms count=2
10-01 14:42:00.570  3589  3616 E event /Users/henryliu/.cargo/registry/src/index.crates.io-1949cf8c6b5b557f/bevy_asset-0.19.0/sPath not found: original-ui/MagIcon/54.png
10-01 14:42:00.571  3589  3614 I RustStdoutStderr: [2m2026-10-01T06:42:00.570057Z[0m [31mERROR[0m [2mbevy_asset::server[0m[2m:[0m Path not found: original-ui/MagIcon/54.png
10-01 14:42:00.742  3589  3614 I RustStdoutStderr: [2m2026-10-01T06:42:00.742071Z[0m [31mERROR[0m [2mbevy_asset::server[0m[2m:[0m Path not found: original-ui/MagIcon/54.png
10-01 14:42:00.742  3589  3616 E event /Users/henryliu/.cargo/registry/src/index.crates.io-1949cf8c6b5b557f/bevy_asset-0.19.0/sPath not found: original-ui/MagIcon/54.png
10-01 14:42:01.058  3589  3616 E event /Users/henryliu/.cargo/registry/src/index.crates.io-1949cf8c6b5b557f/bevy_asset-0.19.0/sPath not found: original-ui/MagIcon/54.png
10-01 14:42:01.059  3589  3614 I RustStdoutStderr: [2m2026-10-01T06:42:01.058755Z[0m [31mERROR[0m [2mbevy_asset::server[0m[2m:[0m Path not found: original-ui/MagIcon/54.png
10-01 14:42:01.368  3589  3616 E event /Users/henryliu/.cargo/registry/src/index.crates.io-1949cf8c6b5b557f/bevy_asset-0.19.0/sPath not found: original-ui/MagIcon/54.png
10-01 14:42:01.370  3589  3614 I RustStdoutStderr: [2m2026-10-01T06:42:01.368665Z[0m [31mERROR[0m [2mbevy_asset::server[0m[2m:[0m Path not found: original-ui/MagIcon/54.png
10-01 14:42:01.572  3589  3615 D EGL_emulation: app_time_stats: avg=286.98ms min=205.88ms max=353.61ms count=4
10-01 14:42:01.760  3589  3616 E event /Users/henryliu/.cargo/registry/src/index.crates.io-1949cf8c6b5b557f/bevy_asset-0.19.0/sPath not found: original-ui/MagIcon/54.png
10-01 14:42:01.771  3589  3614 I RustStdoutStderr: [2m2026-10-01T06:42:01.760761Z[0m [31mERROR[0m [2mbevy_asset::server[0m[2m:[0m Path not found: original-ui/MagIcon/54.png
10-01 14:42:01.995  3589  3616 E event /Users/henryliu/.cargo/registry/src/index.crates.io-1949cf8c6b5b557f/bevy_asset-0.19.0/sPath not found: original-ui/MagIcon/54.png
10-01 14:42:01.996  3589  3614 I RustStdoutStderr: [2m2026-10-01T06:42:01.995526Z[0m [31mERROR[0m [2mbevy_asset::server[0m[2m:[0m Path not found: original-ui/MagIcon/54.png
10-01 14:42:02.207  3589  3616 E event /Users/henryliu/.cargo/registry/src/index.crates.io-1949cf8c6b5b557f/bevy_asset-0.19.0/sPath not found: original-ui/MagIcon/54.png
10-01 14:42:02.209  3589  3614 I RustStdoutStderr: [2m2026-10-01T06:42:02.207185Z[0m [31mERROR[0m [2mbevy_asset::server[0m[2m:[0m Path not found: original-ui/MagIcon/54.png
10-01 14:42:02.590  3589  3616 E event /Users/henryliu/.cargo/registry/src/index.crates.io-1949cf8c6b5b557f/bevy_asset-0.19.0/sPath not found: original-ui/MagIcon/54.png
10-01 14:42:02.590  3589  3614 I RustStdoutStderr: [2m2026-10-01T06:42:02.589976Z[0m [31mERROR[0m [2mbevy_asset::server[0m[2m:[0m Path not found: original-ui/MagIcon/54.png
10-01 14:42:02.758  3589  3615 D EGL_emulation: app_time_stats: avg=296.45ms min=224.71ms max=349.02ms count=4
10-01 14:42:02.895  3589  3616 E event /Users/henryliu/.cargo/registry/src/index.crates.io-1949cf8c6b5b557f/bevy_asset-0.19.0/sPath not found: original-ui/MagIcon/54.png
10-01 14:42:02.895  3589  3614 I RustStdoutStderr: [2m2026-10-01T06:42:02.895453Z[0m [31mERROR[0m [2mbevy_asset::server[0m[2m:[0m Path not found: original-ui/MagIcon/54.png
10-01 14:42:03.441  3589  3616 E event /Users/henryliu/.cargo/registry/src/index.crates.io-1949cf8c6b5b557f/bevy_asset-0.19.0/sPath not found: original-ui/MagIcon/54.png
10-01 14:42:03.442  3589  3614 I RustStdoutStderr: [2m2026-10-01T06:42:03.441212Z[0m [31mERROR[0m [2mbevy_asset::server[0m[2m:[0m Path not found: original-ui/MagIcon/54.png
10-01 14:42:03.623  3589  3616 E event /Users/henryliu/.cargo/registry/src/index.crates.io-1949cf8c6b5b557f/bevy_asset-0.19.0/sPath not found: original-ui/MagIcon/54.png
10-01 14:42:03.624  3589  3614 I RustStdoutStderr: [2m2026-10-01T06:42:03.623537Z[0m [31mERROR[0m [2mbevy_asset::server[0m[2m:[0m Path not found: original-ui/MagIcon/54.png
10-01 14:42:03.839  3589  3616 E event /Users/henryliu/.cargo/registry/src/index.crates.io-1949cf8c6b5b557f/bevy_asset-0.19.0/sPath not found: original-ui/MagIcon/54.png
10-01 14:42:03.841  3589  3614 I RustStdoutStderr: [2m2026-10-01T06:42:03.839559Z[0m [31mERROR[0m [2mbevy_asset::server[0m[2m:[0m Path not found: original-ui/MagIcon/54.png
10-01 14:42:03.927  3589  3615 D EGL_emulation: app_time_stats: avg=292.20ms min=171.85ms max=456.96ms count=4
10-01 14:42:04.096  3589  3616 E event /Users/henryliu/.cargo/registry/src/index.crates.io-1949cf8c6b5b557f/bevy_asset-0.19.0/sPath not found: original-ui/MagIcon/54.png
10-01 14:42:04.096  3589  3614 I RustStdoutStderr: [2m2026-10-01T06:42:04.095957Z[0m [31mERROR[0m [2mbevy_asset::server[0m[2m:[0m Path not found: original-ui/MagIcon/54.png
10-01 14:42:04.201  3589  3616 E event /Users/henryliu/.cargo/registry/src/index.crates.io-1949cf8c6b5b557f/bevy_asset-0.19.0/sPath not found: original-ui/MagIcon/54.png
10-01 14:42:04.201  3589  3614 I RustStdoutStderr: [2m2026-10-01T06:42:04.201049Z[0m [31mERROR[0m [2mbevy_asset::server[0m[2m:[0m Path not found: original-ui/MagIcon/54.png
10-01 14:42:04.585  3589  3616 E event /Users/henryliu/.cargo/registry/src/index.crates.io-1949cf8c6b5b557f/bevy_asset-0.19.0/sPath not found: original-ui/MagIcon/54.png
10-01 14:42:04.593  3589  3614 I RustStdoutStderr: [2m2026-10-01T06:42:04.585898Z[0m [31mERROR[0m [2mbevy_asset::server[0m[2m:[0m Path not found: original-ui/MagIcon/54.png
10-01 14:42:04.849  3589  3616 E event /Users/henryliu/.cargo/registry/src/index.crates.io-1949cf8c6b5b557f/bevy_asset-0.19.0/sPath not found: original-ui/MagIcon/54.png
10-01 14:42:04.849  3589  3614 I RustStdoutStderr: [2m2026-10-01T06:42:04.849196Z[0m [31mERROR[0m [2mbevy_asset::server[0m[2m:[0m Path not found: original-ui/MagIcon/54.png
10-01 14:42:04.948  3589  3615 D EGL_emulation: app_time_stats: avg=255.25ms min=173.64ms max=381.30ms count=4
10-01 14:42:05.263  3589  3616 E event /Users/henryliu/.cargo/registry/src/index.crates.io-1949cf8c6b5b557f/bevy_asset-0.19.0/sPath not found: original-ui/MagIcon/54.png
10-01 14:42:05.264  3589  3614 I RustStdoutStderr: [2m2026-10-01T06:42:05.263815Z[0m [31mERROR[0m [2mbevy_asset::server[0m[2m:[0m Path not found: original-ui/MagIcon/54.png
10-01 14:42:05.487  3589  3616 E event /Users/henryliu/.cargo/registry/src/index.crates.io-1949cf8c6b5b557f/bevy_asset-0.19.0/sPath not found: original-ui/MagIcon/54.png
10-01 14:42:05.488  3589  3614 I RustStdoutStderr: [2m2026-10-01T06:42:05.487801Z[0m [31mERROR[0m [2mbevy_asset::server[0m[2m:[0m Path not found: original-ui/MagIcon/54.png
10-01 14:42:05.779  3589  3616 E event /Users/henryliu/.cargo/registry/src/index.crates.io-1949cf8c6b5b557f/bevy_asset-0.19.0/sPath not found: original-ui/MagIcon/54.png
10-01 14:42:05.779  3589  3614 I RustStdoutStderr: [2m2026-10-01T06:42:05.778990Z[0m [31mERROR[0m [2mbevy_asset::server[0m[2m:[0m Path not found: original-ui/MagIcon/54.png
10-01 14:42:05.936  3589  3616 E event /Users/henryliu/.cargo/registry/src/index.crates.io-1949cf8c6b5b557f/bevy_asset-0.19.0/sPath not found: original-ui/MagIcon/54.png
10-01 14:42:05.937  3589  3614 I RustStdoutStderr: [2m2026-10-01T06:42:05.936795Z[0m [31mERROR[0m [2mbevy_asset::server[0m[2m:[0m Path not found: original-ui/MagIcon/54.png
10-01 14:42:06.052  3589  3615 D EGL_emulation: app_time_stats: avg=275.82ms min=167.54ms max=424.40ms count=4
10-01 14:42:06.133  3589  3616 E event /Users/henryliu/.cargo/registry/src/index.crates.io-1949cf8c6b5b557f/bevy_asset-0.19.0/sPath not found: original-ui/MagIcon/54.png
10-01 14:42:06.133  3589  3614 I RustStdoutStderr: [2m2026-10-01T06:42:06.133015Z[0m [31mERROR[0m [2mbevy_asset::server[0m[2m:[0m Path not found: original-ui/MagIcon/54.png
10-01 14:42:06.235  3589  3616 E event /Users/henryliu/.cargo/registry/src/index.crates.io-1949cf8c6b5b557f/bevy_asset-0.19.0/sPath not found: original-ui/MagIcon/54.png
10-01 14:42:06.235  3589  3614 I RustStdoutStderr: [2m2026-10-01T06:42:06.235191Z[0m [31mERROR[0m [2mbevy_asset::server[0m[2m:[0m Path not found: original-ui/MagIcon/54.png
10-01 14:42:06.334  3589  3616 E event /Users/henryliu/.cargo/registry/src/index.crates.io-1949cf8c6b5b557f/bevy_asset-0.19.0/sPath not found: original-ui/MagIcon/54.png
10-01 14:42:06.336  3589  3614 I RustStdoutStderr: [2m2026-10-01T06:42:06.334902Z[0m [31mERROR[0m [2mbevy_asset::server[0m[2m:[0m Path not found: original-ui/MagIcon/54.png
10-01 14:42:06.524  3589  3616 E event /Users/henryliu/.cargo/registry/src/index.crates.io-1949cf8c6b5b557f/bevy_asset-0.19.0/sPath not found: original-ui/MagIcon/54.png
10-01 14:42:06.524  3589  3614 I RustStdoutStderr: [2m2026-10-01T06:42:06.523958Z[0m [31mERROR[0m [2mbevy_asset::server[0m[2m:[0m Path not found: original-ui/MagIcon/54.png
10-01 14:42:06.837  3589  3616 E event /Users/henryliu/.cargo/registry/src/index.crates.io-1949cf8c6b5b557f/bevy_asset-0.19.0/sPath not found: original-ui/MagIcon/54.png
10-01 14:42:06.841  3589  3614 I RustStdoutStderr: [2m2026-10-01T06:42:06.837836Z[0m [31mERROR[0m [2mbevy_asset::server[0m[2m:[0m Path not found: original-ui/MagIcon/54.png
10-01 14:42:07.258  3589  3616 E event /Users/henryliu/.cargo/registry/src/index.crates.io-1949cf8c6b5b557f/bevy_asset-0.19.0/sPath not found: original-ui/MagIcon/54.png
10-01 14:42:07.259  3589  3614 I RustStdoutStderr: [2m2026-10-01T06:42:07.258669Z[0m [31mERROR[0m [2mbevy_asset::server[0m[2m:[0m Path not found: original-ui/MagIcon/54.png
10-01 14:42:07.436  3589  3615 D EGL_emulation: app_time_stats: avg=230.54ms min=102.12ms max=443.57ms count=6
10-01 14:42:07.524  3589  3616 E event /Users/henryliu/.cargo/registry/src/index.crates.io-1949cf8c6b5b557f/bevy_asset-0.19.0/sPath not found: original-ui/MagIcon/54.png
10-01 14:42:07.524  3589  3614 I RustStdoutStderr: [2m2026-10-01T06:42:07.524286Z[0m [31mERROR[0m [2mbevy_asset::server[0m[2m:[0m Path not found: original-ui/MagIcon/54.png
10-01 14:42:07.840  3589  3616 E event /Users/henryliu/.cargo/registry/src/index.crates.io-1949cf8c6b5b557f/bevy_asset-0.19.0/sPath not found: original-ui/MagIcon/54.png
10-01 14:42:07.841  3589  3614 I RustStdoutStderr: [2m2026-10-01T06:42:07.840158Z[0m [31mERROR[0m [2mbevy_asset::server[0m[2m:[0m Path not found: original-ui/MagIcon/54.png
10-01 14:42:07.982  3589  3616 E event /Users/henryliu/.cargo/registry/src/index.crates.io-1949cf8c6b5b557f/bevy_asset-0.19.0/sPath not found: original-ui/MagIcon/54.png
10-01 14:42:07.986  3589  3614 I RustStdoutStderr: [2m2026-10-01T06:42:07.982100Z[0m [31mERROR[0m [2mbevy_asset::server[0m[2m:[0m Path not found: original-ui/MagIcon/54.png
10-01 14:42:08.328  3589  3616 E event /Users/henryliu/.cargo/registry/src/index.crates.io-1949cf8c6b5b557f/bevy_asset-0.19.0/sPath not found: original-ui/MagIcon/54.png
10-01 14:42:08.331  3589  3614 I RustStdoutStderr: [2m2026-10-01T06:42:08.328020Z[0m [31mERROR[0m [2mbevy_asset::server[0m[2m:[0m Path not found: original-ui/MagIcon/54.png
10-01 14:42:08.627  3589  3615 D EGL_emulation: app_time_stats: avg=297.68ms min=144.18ms max=449.59ms count=4
10-01 14:42:08.782  3589  3616 E event /Users/henryliu/.cargo/registry/src/index.crates.io-1949cf8c6b5b557f/bevy_asset-0.19.0/sPath not found: original-ui/MagIcon/54.png
10-01 14:42:08.783  3589  3614 I RustStdoutStderr: [2m2026-10-01T06:42:08.782441Z[0m [31mERROR[0m [2mbevy_asset::server[0m[2m:[0m Path not found: original-ui/MagIcon/54.png
10-01 14:42:08.938  3589  3616 E event /Users/henryliu/.cargo/registry/src/index.crates.io-1949cf8c6b5b557f/bevy_asset-0.19.0/sPath not found: original-ui/MagIcon/54.png
10-01 14:42:08.939  3589  3614 I RustStdoutStderr: [2m2026-10-01T06:42:08.937871Z[0m [31mERROR[0m [2mbevy_asset::server[0m[2m:[0m Path not found: original-ui/MagIcon/54.png
10-01 14:42:09.157  3589  3616 E event /Users/henryliu/.cargo/registry/src/index.crates.io-1949cf8c6b5b557f/bevy_asset-0.19.0/sPath not found: original-ui/MagIcon/54.png
10-01 14:42:09.158  3589  3614 I RustStdoutStderr: [2m2026-10-01T06:42:09.157564Z[0m [31mERROR[0m [2mbevy_asset::server[0m[2m:[0m Path not found: original-ui/MagIcon/54.png
10-01 14:42:09.360  3589  3614 I RustStdoutStderr: [2m2026-10-01T06:42:09.360648Z[0m [31mERROR[0m [2mbevy_asset::server[0m[2m:[0m Path not found: original-ui/MagIcon/54.png
10-01 14:42:09.360  3589  3616 E event /Users/henryliu/.cargo/registry/src/index.crates.io-1949cf8c6b5b557f/bevy_asset-0.19.0/sPath not found: original-ui/MagIcon/54.png
10-01 14:42:09.519  3589  3616 E event /Users/henryliu/.cargo/registry/src/index.crates.io-1949cf8c6b5b557f/bevy_asset-0.19.0/sPath not found: original-ui/MagIcon/54.png
10-01 14:42:09.520  3589  3614 I RustStdoutStderr: [2m2026-10-01T06:42:09.519370Z[0m [31mERROR[0m [2mbevy_asset::server[0m[2m:[0m Path not found: original-ui/MagIcon/54.png
10-01 14:42:09.715  3589  3616 E event /Users/henryliu/.cargo/registry/src/index.crates.io-1949cf8c6b5b557f/bevy_asset-0.19.0/sPath not found: original-ui/MagIcon/54.png
10-01 14:42:09.715  3589  3614 I RustStdoutStderr: [2m2026-10-01T06:42:09.715201Z[0m [31mERROR[0m [2mbevy_asset::server[0m[2m:[0m Path not found: original-ui/MagIcon/54.png
10-01 14:42:10.008  3589  3615 D EGL_emulation: app_time_stats: avg=230.20ms min=105.82ms max=412.44ms count=6
10-01 14:42:10.120  3589  3616 E event /Users/henryliu/.cargo/registry/src/index.crates.io-1949cf8c6b5b557f/bevy_asset-0.19.0/sPath not found: original-ui/MagIcon/54.png
10-01 14:42:10.122  3589  3614 I RustStdoutStderr: [2m2026-10-01T06:42:10.120216Z[0m [31mERROR[0m [2mbevy_asset::server[0m[2m:[0m Path not found: original-ui/MagIcon/54.png
10-01 14:42:10.337  3589  3614 I RustStdoutStderr: [2m2026-10-01T06:42:10.337756Z[0m [31mERROR[0m [2mbevy_asset::server[0m[2m:[0m Path not found: original-ui/MagIcon/54.png
10-01 14:42:10.337  3589  3616 E event /Users/henryliu/.cargo/registry/src/index.crates.io-1949cf8c6b5b557f/bevy_asset-0.19.0/sPath not found: original-ui/MagIcon/54.png
10-01 14:42:10.665  3589  3616 E event /Users/henryliu/.cargo/registry/src/index.crates.io-1949cf8c6b5b557f/bevy_asset-0.19.0/sPath not found: original-ui/MagIcon/54.png
10-01 14:42:10.666  3589  3614 I RustStdoutStderr: [2m2026-10-01T06:42:10.665696Z[0m [31mERROR[0m [2mbevy_asset::server[0m[2m:[0m Path not found: original-ui/MagIcon/54.png
10-01 14:42:10.910  3589  3616 E event /Users/henryliu/.cargo/registry/src/index.crates.io-1949cf8c6b5b557f/bevy_asset-0.19.0/sPath not found: original-ui/MagIcon/54.png
10-01 14:42:10.911  3589  3614 I RustStdoutStderr: [2m2026-10-01T06:42:10.909768Z[0m [31mERROR[0m [2mbevy_asset::server[0m[2m:[0m Path not found: original-ui/MagIcon/54.png
10-01 14:42:11.206  3589  3615 D EGL_emulation: app_time_stats: avg=299.33ms min=167.51ms max=438.35ms count=4
10-01 14:42:11.437  3589  3616 E event /Users/henryliu/.cargo/registry/src/index.crates.io-1949cf8c6b5b557f/bevy_asset-0.19.0/sPath not found: original-ui/MagIcon/54.png
10-01 14:42:11.439  3589  3614 I RustStdoutStderr: [2m2026-10-01T06:42:11.436489Z[0m [31mERROR[0m [2mbevy_asset::server[0m[2m:[0m Path not found: original-ui/MagIcon/54.png
10-01 14:42:11.780  3589  3616 E event /Users/henryliu/.cargo/registry/src/index.crates.io-1949cf8c6b5b557f/bevy_asset-0.19.0/sPath not found: original-ui/MagIcon/54.png
10-01 14:42:11.780  3589  3614 I RustStdoutStderr: [2m2026-10-01T06:42:11.780219Z[0m [31mERROR[0m [2mbevy_asset::server[0m[2m:[0m Path not found: original-ui/MagIcon/54.png
10-01 14:42:11.987  3589  3616 E event /Users/henryliu/.cargo/registry/src/index.crates.io-1949cf8c6b5b557f/bevy_asset-0.19.0/sPath not found: original-ui/MagIcon/54.png
10-01 14:42:11.987  3589  3614 I RustStdoutStderr: [2m2026-10-01T06:42:11.987087Z[0m [31mERROR[0m [2mbevy_asset::server[0m[2m:[0m Path not found: original-ui/MagIcon/54.png
10-01 14:42:12.131  3589  3616 E event /Users/henryliu/.cargo/registry/src/index.crates.io-1949cf8c6b5b557f/bevy_asset-0.19.0/sPath not found: original-ui/MagIcon/54.png
10-01 14:42:12.131  3589  3614 I RustStdoutStderr: [2m2026-10-01T06:42:12.131142Z[0m [31mERROR[0m [2mbevy_asset::server[0m[2m:[0m Path not found: original-ui/MagIcon/54.png
10-01 14:42:12.293  3589  3614 I RustStdoutStderr: [2m2026-10-01T06:42:12.293198Z[0m [31mERROR[0m [2mbevy_asset::server[0m[2m:[0m Path not found: original-ui/MagIcon/54.png
10-01 14:42:12.293  3589  3616 E event /Users/henryliu/.cargo/registry/src/index.crates.io-1949cf8c6b5b557f/bevy_asset-0.19.0/sPath not found: original-ui/MagIcon/54.png
10-01 14:42:12.390  3589  3615 D EGL_emulation: app_time_stats: avg=236.85ms min=113.76ms max=494.38ms count=5
10-01 14:42:12.496  3589  3616 E event /Users/henryliu/.cargo/registry/src/index.crates.io-1949cf8c6b5b557f/bevy_asset-0.19.0/sPath not found: original-ui/MagIcon/54.png
10-01 14:42:12.498  3589  3614 I RustStdoutStderr: [2m2026-10-01T06:42:12.496304Z[0m [31mERROR[0m [2mbevy_asset::server[0m[2m:[0m Path not found: original-ui/MagIcon/54.png
10-01 14:42:12.765  3589  3616 E event /Users/henryliu/.cargo/registry/src/index.crates.io-1949cf8c6b5b557f/bevy_asset-0.19.0/sPath not found: original-ui/MagIcon/54.png
10-01 14:42:12.767  3589  3614 I RustStdoutStderr: [2m2026-10-01T06:42:12.765716Z[0m [31mERROR[0m [2mbevy_asset::server[0m[2m:[0m Path not found: original-ui/MagIcon/54.png
10-01 14:42:12.906  3589  3616 E event /Users/henryliu/.cargo/registry/src/index.crates.io-1949cf8c6b5b557f/bevy_asset-0.19.0/sPath not found: original-ui/MagIcon/54.png
10-01 14:42:12.906  3589  3614 I RustStdoutStderr: [2m2026-10-01T06:42:12.906155Z[0m [31mERROR[0m [2mbevy_asset::server[0m[2m:[0m Path not found: original-ui/MagIcon/54.png
10-01 14:42:13.218  3589  3616 E event /Users/henryliu/.cargo/registry/src/index.crates.io-1949cf8c6b5b557f/bevy_asset-0.19.0/sPath not found: original-ui/MagIcon/54.png
10-01 14:42:13.219  3589  3614 I RustStdoutStderr: [2m2026-10-01T06:42:13.217738Z[0m [31mERROR[0m [2mbevy_asset::server[0m[2m:[0m Path not found: original-ui/MagIcon/54.png
10-01 14:42:13.419  3589  3616 E event /Users/henryliu/.cargo/registry/src/index.crates.io-1949cf8c6b5b557f/bevy_asset-0.19.0/sPath not found: original-ui/MagIcon/54.png
10-01 14:42:13.424  3589  3614 I RustStdoutStderr: [2m2026-10-01T06:42:13.419364Z[0m [31mERROR[0m [2mbevy_asset::server[0m[2m:[0m Path not found: original-ui/MagIcon/54.png
10-01 14:42:13.522  3589  3615 D EGL_emulation: app_time_stats: avg=226.28ms min=146.89ms max=340.20ms count=5
10-01 14:42:13.605  3589  3616 E event /Users/henryliu/.cargo/registry/src/index.crates.io-1949cf8c6b5b557f/bevy_asset-0.19.0/sPath not found: original-ui/MagIcon/54.png
10-01 14:42:13.606  3589  3614 I RustStdoutStderr: [2m2026-10-01T06:42:13.605822Z[0m [31mERROR[0m [2mbevy_asset::server[0m[2m:[0m Path not found: original-ui/MagIcon/54.png
10-01 14:42:13.904  3589  3616 E event /Users/henryliu/.cargo/registry/src/index.crates.io-1949cf8c6b5b557f/bevy_asset-0.19.0/sPath not found: original-ui/MagIcon/54.png
10-01 14:42:13.906  3589  3614 I RustStdoutStderr: [2m2026-10-01T06:42:13.904094Z[0m [31mERROR[0m [2mbevy_asset::server[0m[2m:[0m Path not found: original-ui/MagIcon/54.png
10-01 14:42:14.079  3589  3616 E event /Users/henryliu/.cargo/registry/src/index.crates.io-1949cf8c6b5b557f/bevy_asset-0.19.0/sPath not found: original-ui/MagIcon/54.png
10-01 14:42:14.080  3589  3614 I RustStdoutStderr: [2m2026-10-01T06:42:14.079455Z[0m [31mERROR[0m [2mbevy_asset::server[0m[2m:[0m Path not found: original-ui/MagIcon/54.png
10-01 14:42:14.329  3589  3616 E event /Users/henryliu/.cargo/registry/src/index.crates.io-1949cf8c6b5b557f/bevy_asset-0.19.0/sPath not found: original-ui/MagIcon/54.png
10-01 14:42:14.329  3589  3614 I RustStdoutStderr: [2m2026-10-01T06:42:14.329040Z[0m [31mERROR[0m [2mbevy_asset::server[0m[2m:[0m Path not found: original-ui/MagIcon/54.png
10-01 14:42:14.685  3589  3616 E event /Users/henryliu/.cargo/registry/src/index.crates.io-1949cf8c6b5b557f/bevy_asset-0.19.0/sPath not found: original-ui/MagIcon/54.png
10-01 14:42:14.686  3589  3614 I RustStdoutStderr: [2m2026-10-01T06:42:14.685217Z[0m [31mERROR[0m [2mbevy_asset::server[0m[2m:[0m Path not found: original-ui/MagIcon/54.png
10-01 14:42:14.840  3589  3615 D EGL_emulation: app_time_stats: avg=263.56ms min=108.82ms max=460.18ms count=5
10-01 14:42:14.973  3589  3616 E event /Users/henryliu/.cargo/registry/src/index.crates.io-1949cf8c6b5b557f/bevy_asset-0.19.0/sPath not found: original-ui/MagIcon/54.png
10-01 14:42:14.982  3589  3614 I RustStdoutStderr: [2m2026-10-01T06:42:14.973894Z[0m [31mERROR[0m [2mbevy_asset::server[0m[2m:[0m Path not found: original-ui/MagIcon/54.png
10-01 14:42:15.167  3589  3616 E event /Users/henryliu/.cargo/registry/src/index.crates.io-1949cf8c6b5b557f/bevy_asset-0.19.0/sPath not found: original-ui/MagIcon/54.png
10-01 14:42:15.169  3589  3614 I RustStdoutStderr: [2m2026-10-01T06:42:15.167718Z[0m [31mERROR[0m [2mbevy_asset::server[0m[2m:[0m Path not found: original-ui/MagIcon/54.png
10-01 14:42:15.547  3589  3616 E event /Users/henryliu/.cargo/registry/src/index.crates.io-1949cf8c6b5b557f/bevy_asset-0.19.0/sPath not found: original-ui/MagIcon/54.png
10-01 14:42:15.556  3589  3614 I RustStdoutStderr: [2m2026-10-01T06:42:15.547329Z[0m [31mERROR[0m [2mbevy_asset::server[0m[2m:[0m Path not found: original-ui/MagIcon/54.png
10-01 14:42:15.938  3589  3615 D EGL_emulation: app_time_stats: avg=365.85ms min=222.72ms max=546.90ms count=3
10-01 14:42:16.041  3589  3616 E event /Users/henryliu/.cargo/registry/src/index.crates.io-1949cf8c6b5b557f/bevy_asset-0.19.0/sPath not found: original-ui/MagIcon/54.png
10-01 14:42:16.042  3589  3614 I RustStdoutStderr: [2m2026-10-01T06:42:16.041145Z[0m [31mERROR[0m [2mbevy_asset::server[0m[2m:[0m Path not found: original-ui/MagIcon/54.png
10-01 14:42:16.443  3589  3616 E event /Users/henryliu/.cargo/registry/src/index.crates.io-1949cf8c6b5b557f/bevy_asset-0.19.0/sPath not found: original-ui/MagIcon/54.png
10-01 14:42:16.443  3589  3614 I RustStdoutStderr: [2m2026-10-01T06:42:16.442955Z[0m [31mERROR[0m [2mbevy_asset::server[0m[2m:[0m Path not found: original-ui/MagIcon/54.png
10-01 14:42:16.596  3589  3616 E event /Users/henryliu/.cargo/registry/src/index.crates.io-1949cf8c6b5b557f/bevy_asset-0.19.0/sPath not found: original-ui/MagIcon/54.png
10-01 14:42:16.596  3589  3614 I RustStdoutStderr: [2m2026-10-01T06:42:16.596259Z[0m [31mERROR[0m [2mbevy_asset::server[0m[2m:[0m Path not found: original-ui/MagIcon/54.png
10-01 14:42:16.847  3589  3616 E event /Users/henryliu/.cargo/registry/src/index.crates.io-1949cf8c6b5b557f/bevy_asset-0.19.0/sPath not found: original-ui/MagIcon/54.png
10-01 14:42:16.848  3589  3614 I RustStdoutStderr: [2m2026-10-01T06:42:16.847323Z[0m [31mERROR[0m [2mbevy_asset::server[0m[2m:[0m Path not found: original-ui/MagIcon/54.png
10-01 14:42:16.974  3589  3615 D EGL_emulation: app_time_stats: avg=258.79ms min=200.94ms max=369.77ms count=4
10-01 14:42:17.118  3589  3616 E event /Users/henryliu/.cargo/registry/src/index.crates.io-1949cf8c6b5b557f/bevy_asset-0.19.0/sPath not found: original-ui/MagIcon/54.png
10-01 14:42:17.119  3589  3614 I RustStdoutStderr: [2m2026-10-01T06:42:17.117995Z[0m [31mERROR[0m [2mbevy_asset::server[0m[2m:[0m Path not found: original-ui/MagIcon/54.png
10-01 14:42:17.528  3589  3616 E event /Users/henryliu/.cargo/registry/src/index.crates.io-1949cf8c6b5b557f/bevy_asset-0.19.0/sPath not found: original-ui/MagIcon/54.png
10-01 14:42:17.529  3589  3614 I RustStdoutStderr: [2m2026-10-01T06:42:17.528834Z[0m [31mERROR[0m [2mbevy_asset::server[0m[2m:[0m Path not found: original-ui/MagIcon/54.png
10-01 14:42:17.649  3589  3616 E event /Users/henryliu/.cargo/registry/src/index.crates.io-1949cf8c6b5b557f/bevy_asset-0.19.0/sPath not found: original-ui/MagIcon/54.png
10-01 14:42:17.894  3589  3614 I RustStdoutStderr: [2m2026-10-01T06:42:17.648711Z[0m [31mERROR[0m [2mbevy_asset::server[0m[2m:[0m Path not found: original-ui/MagIcon/54.png
10-01 14:42:18.124  3589  3615 D EGL_emulation: app_time_stats: avg=383.42ms min=234.96ms max=540.61ms count=3
10-01 14:42:18.241  3589  3616 E event /Users/henryliu/.cargo/registry/src/index.crates.io-1949cf8c6b5b557f/bevy_asset-0.19.0/sPath not found: original-ui/MagIcon/54.png
10-01 14:42:18.241  3589  3614 I RustStdoutStderr: [2m2026-10-01T06:42:18.241354Z[0m [31mERROR[0m [2mbevy_asset::server[0m[2m:[0m Path not found: original-ui/MagIcon/54.png
10-01 14:42:18.379  3589  3616 E event /Users/henryliu/.cargo/registry/src/index.crates.io-1949cf8c6b5b557f/bevy_asset-0.19.0/sPath not found: original-ui/MagIcon/54.png
10-01 14:42:18.380  3589  3614 I RustStdoutStderr: [2m2026-10-01T06:42:18.379005Z[0m [31mERROR[0m [2mbevy_asset::server[0m[2m:[0m Path not found: original-ui/MagIcon/54.png
10-01 14:42:18.664  3589  3616 E event /Users/henryliu/.cargo/registry/src/index.crates.io-1949cf8c6b5b557f/bevy_asset-0.19.0/sPath not found: original-ui/MagIcon/54.png
10-01 14:42:18.665  3589  3614 I RustStdoutStderr: [2m2026-10-01T06:42:18.664898Z[0m [31mERROR[0m [2mbevy_asset::server[0m[2m:[0m Path not found: original-ui/MagIcon/54.png
10-01 14:42:19.084  3589  3616 E event /Users/henryliu/.cargo/registry/src/index.crates.io-1949cf8c6b5b557f/bevy_asset-0.19.0/sPath not found: original-ui/MagIcon/54.png
10-01 14:42:19.085  3589  3614 I RustStdoutStderr: [2m2026-10-01T06:42:19.084256Z[0m [31mERROR[0m [2mbevy_asset::server[0m[2m:[0m Path not found: original-ui/MagIcon/54.png
10-01 14:42:19.187  3589  3615 D EGL_emulation: app_time_stats: avg=265.57ms min=190.30ms max=436.56ms count=4
10-01 14:42:19.401  3589  3616 E event /Users/henryliu/.cargo/registry/src/index.crates.io-1949cf8c6b5b557f/bevy_asset-0.19.0/sPath not found: original-ui/MagIcon/54.png
10-01 14:42:19.410  3589  3614 I RustStdoutStderr: [2m2026-10-01T06:42:19.401335Z[0m [31mERROR[0m [2mbevy_asset::server[0m[2m:[0m Path not found: original-ui/MagIcon/54.png
10-01 14:42:19.700  3589  3616 E event /Users/henryliu/.cargo/registry/src/index.crates.io-1949cf8c6b5b557f/bevy_asset-0.19.0/sPath not found: original-ui/MagIcon/54.png
10-01 14:42:19.700  3589  3614 I RustStdoutStderr: [2m2026-10-01T06:42:19.699974Z[0m [31mERROR[0m [2mbevy_asset::server[0m[2m:[0m Path not found: original-ui/MagIcon/54.png
10-01 14:42:19.913  3589  3616 E event /Users/henryliu/.cargo/registry/src/index.crates.io-1949cf8c6b5b557f/bevy_asset-0.19.0/sPath not found: original-ui/MagIcon/54.png
10-01 14:42:19.914  3589  3614 I RustStdoutStderr: [2m2026-10-01T06:42:19.912817Z[0m [31mERROR[0m [2mbevy_asset::server[0m[2m:[0m Path not found: original-ui/MagIcon/54.png
10-01 14:42:20.113  3589  3616 E event /Users/henryliu/.cargo/registry/src/index.crates.io-1949cf8c6b5b557f/bevy_asset-0.19.0/sPath not found: original-ui/MagIcon/54.png
10-01 14:42:20.114  3589  3614 I RustStdoutStderr: [2m2026-10-01T06:42:20.113592Z[0m [31mERROR[0m [2mbevy_asset::server[0m[2m:[0m Path not found: original-ui/MagIcon/54.png
10-01 14:42:20.205  3589  3615 D EGL_emulation: app_time_stats: avg=253.81ms min=172.95ms max=361.64ms count=4
10-01 14:42:20.289  3589  3616 E event /Users/henryliu/.cargo/registry/src/index.crates.io-1949cf8c6b5b557f/bevy_asset-0.19.0/sPath not found: original-ui/MagIcon/54.png
10-01 14:42:20.290  3589  3614 I RustStdoutStderr: [2m2026-10-01T06:42:20.286824Z[0m [31mERROR[0m [2mbevy_asset::server[0m[2m:[0m Path not found: original-ui/MagIcon/54.png
10-01 14:42:20.746  3589  3616 E event /Users/henryliu/.cargo/registry/src/index.crates.io-1949cf8c6b5b557f/bevy_asset-0.19.0/sPath not found: original-ui/MagIcon/54.png
10-01 14:42:20.748  3589  3614 I RustStdoutStderr: [2m2026-10-01T06:42:20.746777Z[0m [31mERROR[0m [2mbevy_asset::server[0m[2m:[0m Path not found: original-ui/MagIcon/54.png
10-01 14:42:21.451  3589  3616 E event /Users/henryliu/.cargo/registry/src/index.crates.io-1949cf8c6b5b557f/bevy_asset-0.19.0/sPath not found: original-ui/MagIcon/54.png
10-01 14:42:21.451  3589  3614 I RustStdoutStderr: [2m2026-10-01T06:42:21.451231Z[0m [31mERROR[0m [2mbevy_asset::server[0m[2m:[0m Path not found: original-ui/MagIcon/54.png
10-01 14:42:21.551  3589  3615 D EGL_emulation: app_time_stats: avg=448.70ms min=317.79ms max=699.47ms count=3
10-01 14:42:21.682  3589  3616 E event /Users/henryliu/.cargo/registry/src/index.crates.io-1949cf8c6b5b557f/bevy_asset-0.19.0/sPath not found: original-ui/MagIcon/54.png
10-01 14:42:21.683  3589  3614 I RustStdoutStderr: [2m2026-10-01T06:42:21.682367Z[0m [31mERROR[0m [2mbevy_asset::server[0m[2m:[0m Path not found: original-ui/MagIcon/54.png
10-01 14:42:21.871  3589  3616 E event /Users/henryliu/.cargo/registry/src/index.crates.io-1949cf8c6b5b557f/bevy_asset-0.19.0/sPath not found: original-ui/MagIcon/54.png
10-01 14:42:21.873  3589  3614 I RustStdoutStderr: [2m2026-10-01T06:42:21.871450Z[0m [31mERROR[0m [2mbevy_asset::server[0m[2m:[0m Path not found: original-ui/MagIcon/54.png
10-01 14:42:22.065  3589  3616 E event /Users/henryliu/.cargo/registry/src/index.crates.io-1949cf8c6b5b557f/bevy_asset-0.19.0/sPath not found: original-ui/MagIcon/54.png
10-01 14:42:22.066  3589  3614 I RustStdoutStderr: [2m2026-10-01T06:42:22.065404Z[0m [31mERROR[0m [2mbevy_asset::server[0m[2m:[0m Path not found: original-ui/MagIcon/54.png
10-01 14:42:22.250  3589  3616 E event /Users/henryliu/.cargo/registry/src/index.crates.io-1949cf8c6b5b557f/bevy_asset-0.19.0/sPath not found: original-ui/MagIcon/54.png
10-01 14:42:22.250  3589  3614 I RustStdoutStderr: [2m2026-10-01T06:42:22.250110Z[0m [31mERROR[0m [2mbevy_asset::server[0m[2m:[0m Path not found: original-ui/MagIcon/54.png
10-01 14:42:22.585  3589  3616 E event /Users/henryliu/.cargo/registry/src/index.crates.io-1949cf8c6b5b557f/bevy_asset-0.19.0/sPath not found: original-ui/MagIcon/54.png
10-01 14:42:22.586  3589  3614 I RustStdoutStderr: [2m2026-10-01T06:42:22.585604Z[0m [31mERROR[0m [2mbevy_asset::server[0m[2m:[0m Path not found: original-ui/MagIcon/54.png
10-01 14:42:22.700  3589  3615 D EGL_emulation: app_time_stats: avg=229.67ms min=141.10ms max=322.03ms count=5
10-01 14:42:22.966  3589  3616 E event /Users/henryliu/.cargo/registry/src/index.crates.io-1949cf8c6b5b557f/bevy_asset-0.19.0/sPath not found: original-ui/MagIcon/54.png
10-01 14:42:22.967  3589  3614 I RustStdoutStderr: [2m2026-10-01T06:42:22.966690Z[0m [31mERROR[0m [2mbevy_asset::server[0m[2m:[0m Path not found: original-ui/MagIcon/54.png
10-01 14:42:23.264  3589  3616 E event /Users/henryliu/.cargo/registry/src/index.crates.io-1949cf8c6b5b557f/bevy_asset-0.19.0/sPath not found: original-ui/MagIcon/54.png
10-01 14:42:23.264  3589  3614 I RustStdoutStderr: [2m2026-10-01T06:42:23.263861Z[0m [31mERROR[0m [2mbevy_asset::server[0m[2m:[0m Path not found: original-ui/MagIcon/54.png
10-01 14:42:23.557  3589  3616 E event /Users/henryliu/.cargo/registry/src/index.crates.io-1949cf8c6b5b557f/bevy_asset-0.19.0/sPath not found: original-ui/MagIcon/54.png
10-01 14:42:23.558  3589  3614 I RustStdoutStderr: [2m2026-10-01T06:42:23.556873Z[0m [31mERROR[0m [2mbevy_asset::server[0m[2m:[0m Path not found: original-ui/MagIcon/54.png
10-01 14:42:23.729  3589  3616 E event /Users/henryliu/.cargo/registry/src/index.crates.io-1949cf8c6b5b557f/bevy_asset-0.19.0/sPath not found: original-ui/MagIcon/54.png
10-01 14:42:23.731  3589  3614 I RustStdoutStderr: [2m2026-10-01T06:42:23.729599Z[0m [31mERROR[0m [2mbevy_asset::server[0m[2m:[0m Path not found: original-ui/MagIcon/54.png
10-01 14:42:23.880  3589  3615 D EGL_emulation: app_time_stats: avg=294.95ms min=209.57ms max=419.82ms count=4
10-01 14:42:24.062  3589  3616 E event /Users/henryliu/.cargo/registry/src/index.crates.io-1949cf8c6b5b557f/bevy_asset-0.19.0/sPath not found: original-ui/MagIcon/54.png
10-01 14:42:24.062  3589  3614 I RustStdoutStderr: [2m2026-10-01T06:42:24.062568Z[0m [31mERROR[0m [2mbevy_asset::server[0m[2m:[0m Path not found: original-ui/MagIcon/54.png
10-01 14:42:24.329  3589  3616 E event /Users/henryliu/.cargo/registry/src/index.crates.io-1949cf8c6b5b557f/bevy_asset-0.19.0/sPath not found: original-ui/MagIcon/54.png
10-01 14:42:24.330  3589  3614 I RustStdoutStderr: [2m2026-10-01T06:42:24.329715Z[0m [31mERROR[0m [2mbevy_asset::server[0m[2m:[0m Path not found: original-ui/MagIcon/54.png
10-01 14:42:24.474  3589  3616 E event /Users/henryliu/.cargo/registry/src/index.crates.io-1949cf8c6b5b557f/bevy_asset-0.19.0/sPath not found: original-ui/MagIcon/54.png
10-01 14:42:24.475  3589  3614 I RustStdoutStderr: [2m2026-10-01T06:42:24.474580Z[0m [31mERROR[0m [2mbevy_asset::server[0m[2m:[0m Path not found: original-ui/MagIcon/54.png
10-01 14:42:24.633  3589  3616 E event /Users/henryliu/.cargo/registry/src/index.crates.io-1949cf8c6b5b557f/bevy_asset-0.19.0/sPath not found: original-ui/MagIcon/54.png
10-01 14:42:24.634  3589  3614 I RustStdoutStderr: [2m2026-10-01T06:42:24.633357Z[0m [31mERROR[0m [2mbevy_asset::server[0m[2m:[0m Path not found: original-ui/MagIcon/54.png
10-01 14:42:24.723  3589  3616 E event /Users/henryliu/.cargo/registry/src/index.crates.io-1949cf8c6b5b557f/bevy_asset-0.19.0/sPath not found: original-ui/MagIcon/54.png
10-01 14:42:24.723  3589  3614 I RustStdoutStderr: [2m2026-10-01T06:42:24.723068Z[0m [31mERROR[0m [2mbevy_asset::server[0m[2m:[0m Path not found: original-ui/MagIcon/54.png
10-01 14:42:24.818  3589  3616 E event /Users/henryliu/.cargo/registry/src/index.crates.io-1949cf8c6b5b557f/bevy_asset-0.19.0/sPath not found: original-ui/MagIcon/54.png
10-01 14:42:24.819  3589  3614 I RustStdoutStderr: [2m2026-10-01T06:42:24.818729Z[0m [31mERROR[0m [2mbevy_asset::server[0m[2m:[0m Path not found: original-ui/MagIcon/54.png
10-01 14:42:24.914  3589  3616 E event /Users/henryliu/.cargo/registry/src/index.crates.io-1949cf8c6b5b557f/bevy_asset-0.19.0/sPath not found: original-ui/MagIcon/54.png
10-01 14:42:24.914  3589  3614 I RustStdoutStderr: [2m2026-10-01T06:42:24.914314Z[0m [31mERROR[0m [2mbevy_asset::server[0m[2m:[0m Path not found: original-ui/MagIcon/54.png
10-01 14:42:24.975  3589  3615 D EGL_emulation: app_time_stats: avg=156.29ms min=94.38ms max=270.65ms count=7
10-01 14:42:25.138  3589  3616 E event /Users/henryliu/.cargo/registry/src/index.crates.io-1949cf8c6b5b557f/bevy_asset-0.19.0/sPath not found: original-ui/MagIcon/54.png
10-01 14:42:25.138  3589  3614 I RustStdoutStderr: [2m2026-10-01T06:42:25.138250Z[0m [31mERROR[0m [2mbevy_asset::server[0m[2m:[0m Path not found: original-ui/MagIcon/54.png
10-01 14:42:25.273  3589  3616 E event /Users/henryliu/.cargo/registry/src/index.crates.io-1949cf8c6b5b557f/bevy_asset-0.19.0/sPath not found: original-ui/MagIcon/54.png
10-01 14:42:25.277  3589  3614 I RustStdoutStderr: [2m2026-10-01T06:42:25.273619Z[0m [31mERROR[0m [2mbevy_asset::server[0m[2m:[0m Path not found: original-ui/MagIcon/54.png
10-01 14:42:25.480  3589  3616 E event /Users/henryliu/.cargo/registry/src/index.crates.io-1949cf8c6b5b557f/bevy_asset-0.19.0/sPath not found: original-ui/MagIcon/54.png
10-01 14:42:25.480  3589  3614 I RustStdoutStderr: [2m2026-10-01T06:42:25.480231Z[0m [31mERROR[0m [2mbevy_asset::server[0m[2m:[0m Path not found: original-ui/MagIcon/54.png
10-01 14:42:25.661  3589  3616 E event /Users/henryliu/.cargo/registry/src/index.crates.io-1949cf8c6b5b557f/bevy_asset-0.19.0/sPath not found: original-ui/MagIcon/54.png
10-01 14:42:25.663  3589  3614 I RustStdoutStderr: [2m2026-10-01T06:42:25.661832Z[0m [31mERROR[0m [2mbevy_asset::server[0m[2m:[0m Path not found: original-ui/MagIcon/54.png
10-01 14:42:25.807  3589  3616 E event /Users/henryliu/.cargo/registry/src/index.crates.io-1949cf8c6b5b557f/bevy_asset-0.19.0/sPath not found: original-ui/MagIcon/54.png
10-01 14:42:25.807  3589  3614 I RustStdoutStderr: [2m2026-10-01T06:42:25.806650Z[0m [31mERROR[0m [2mbevy_asset::server[0m[2m:[0m Path not found: original-ui/MagIcon/54.png
10-01 14:42:25.997  3589  3616 E event /Users/henryliu/.cargo/registry/src/index.crates.io-1949cf8c6b5b557f/bevy_asset-0.19.0/sPath not found: original-ui/MagIcon/54.png
10-01 14:42:25.998  3589  3614 I RustStdoutStderr: [2m2026-10-01T06:42:25.997519Z[0m [31mERROR[0m [2mbevy_asset::server[0m[2m:[0m Path not found: original-ui/MagIcon/54.png
10-01 14:42:26.136  3589  3615 D EGL_emulation: app_time_stats: avg=193.42ms min=146.13ms max=240.16ms count=6
10-01 14:42:26.184  3589  3616 E event /Users/henryliu/.cargo/registry/src/index.crates.io-1949cf8c6b5b557f/bevy_asset-0.19.0/sPath not found: original-ui/MagIcon/54.png
10-01 14:42:26.185  3589  3614 I RustStdoutStderr: [2m2026-10-01T06:42:26.184330Z[0m [31mERROR[0m [2mbevy_asset::server[0m[2m:[0m Path not found: original-ui/MagIcon/54.png
10-01 14:42:26.496  3589  3616 E event /Users/henryliu/.cargo/registry/src/index.crates.io-1949cf8c6b5b557f/bevy_asset-0.19.0/sPath not found: original-ui/MagIcon/54.png
10-01 14:42:26.496  3589  3614 I RustStdoutStderr: [2m2026-10-01T06:42:26.496470Z[0m [31mERROR[0m [2mbevy_asset::server[0m[2m:[0m Path not found: original-ui/MagIcon/54.png
10-01 14:42:26.875  3589  3616 E event /Users/henryliu/.cargo/registry/src/index.crates.io-1949cf8c6b5b557f/bevy_asset-0.19.0/sPath not found: original-ui/MagIcon/54.png
10-01 14:42:26.884  3589  3614 I RustStdoutStderr: [2m2026-10-01T06:42:26.875442Z[0m [31mERROR[0m [2mbevy_asset::server[0m[2m:[0m Path not found: original-ui/MagIcon/54.png
10-01 14:42:27.181  3589  3614 I RustStdoutStderr: [2m2026-10-01T06:42:27.181338Z[0m [31mERROR[0m [2mbevy_asset::server[0m[2m:[0m Path not found: original-ui/MagIcon/54.png
10-01 14:42:27.182  3589  3616 E event /Users/henryliu/.cargo/registry/src/index.crates.io-1949cf8c6b5b557f/bevy_asset-0.19.0/sPath not found: original-ui/MagIcon/54.png
10-01 14:42:27.264  3589  3615 D EGL_emulation: app_time_stats: avg=281.13ms min=155.07ms max=377.91ms count=4
10-01 14:42:27.366  3589  3616 E event /Users/henryliu/.cargo/registry/src/index.crates.io-1949cf8c6b5b557f/bevy_asset-0.19.0/sPath not found: original-ui/MagIcon/54.png
10-01 14:42:27.371  3589  3614 I RustStdoutStderr: [2m2026-10-01T06:42:27.366520Z[0m [31mERROR[0m [2mbevy_asset::server[0m[2m:[0m Path not found: original-ui/MagIcon/54.png
10-01 14:42:27.650  3589  3616 E event /Users/henryliu/.cargo/registry/src/index.crates.io-1949cf8c6b5b557f/bevy_asset-0.19.0/sPath not found: original-ui/MagIcon/54.png
10-01 14:42:27.656  3589  3614 I RustStdoutStderr: [2m2026-10-01T06:42:27.649905Z[0m [31mERROR[0m [2mbevy_asset::server[0m[2m:[0m Path not found: original-ui/MagIcon/54.png
10-01 14:42:27.871  3589  3616 E event /Users/henryliu/.cargo/registry/src/index.crates.io-1949cf8c6b5b557f/bevy_asset-0.19.0/sPath not found: original-ui/MagIcon/54.png
10-01 14:42:27.872  3589  3614 I RustStdoutStderr: [2m2026-10-01T06:42:27.871875Z[0m [31mERROR[0m [2mbevy_asset::server[0m[2m:[0m Path not found: original-ui/MagIcon/54.png
10-01 14:42:28.177  3589  3616 E event /Users/henryliu/.cargo/registry/src/index.crates.io-1949cf8c6b5b557f/bevy_asset-0.19.0/sPath not found: original-ui/MagIcon/54.png
10-01 14:42:28.178  3589  3614 I RustStdoutStderr: [2m2026-10-01T06:42:28.177350Z[0m [31mERROR[0m [2mbevy_asset::server[0m[2m:[0m Path not found: original-ui/MagIcon/54.png
10-01 14:42:28.652  3589  3615 D EGL_emulation: app_time_stats: avg=346.90ms min=261.35ms max=584.66ms count=4
10-01 14:42:28.756  3589  3616 E event /Users/henryliu/.cargo/registry/src/index.crates.io-1949cf8c6b5b557f/bevy_asset-0.19.0/sPath not found: original-ui/MagIcon/54.png
10-01 14:42:28.756  3589  3614 I RustStdoutStderr: [2m2026-10-01T06:42:28.756137Z[0m [31mERROR[0m [2mbevy_asset::server[0m[2m:[0m Path not found: original-ui/MagIcon/54.png
10-01 14:42:28.947  3589  3616 E event /Users/henryliu/.cargo/registry/src/index.crates.io-1949cf8c6b5b557f/bevy_asset-0.19.0/sPath not found: original-ui/MagIcon/54.png
10-01 14:42:28.952  3589  3614 I RustStdoutStderr: [2m2026-10-01T06:42:28.947754Z[0m [31mERROR[0m [2mbevy_asset::server[0m[2m:[0m Path not found: original-ui/MagIcon/54.png
10-01 14:42:29.147  3589  3616 E event /Users/henryliu/.cargo/registry/src/index.crates.io-1949cf8c6b5b557f/bevy_asset-0.19.0/sPath not found: original-ui/MagIcon/54.png
10-01 14:42:29.147  3589  3614 I RustStdoutStderr: [2m2026-10-01T06:42:29.146979Z[0m [31mERROR[0m [2mbevy_asset::server[0m[2m:[0m Path not found: original-ui/MagIcon/54.png
10-01 14:42:29.415  3589  3616 E event /Users/henryliu/.cargo/registry/src/index.crates.io-1949cf8c6b5b557f/bevy_asset-0.19.0/sPath not found: original-ui/MagIcon/54.png
10-01 14:42:29.416  3589  3614 I RustStdoutStderr: [2m2026-10-01T06:42:29.415889Z[0m [31mERROR[0m [2mbevy_asset::server[0m[2m:[0m Path not found: original-ui/MagIcon/54.png
10-01 14:42:29.803  3589  3616 E event /Users/henryliu/.cargo/registry/src/index.crates.io-1949cf8c6b5b557f/bevy_asset-0.19.0/sPath not found: original-ui/MagIcon/54.png
10-01 14:42:29.807  3589  3614 I RustStdoutStderr: [2m2026-10-01T06:42:29.802636Z[0m [31mERROR[0m [2mbevy_asset::server[0m[2m:[0m Path not found: original-ui/MagIcon/54.png
10-01 14:42:29.978  3589  3615 D EGL_emulation: app_time_stats: avg=265.26ms min=138.22ms max=475.12ms count=5
10-01 14:42:30.099  3589  3616 E event /Users/henryliu/.cargo/registry/src/index.crates.io-1949cf8c6b5b557f/bevy_asset-0.19.0/sPath not found: original-ui/MagIcon/54.png
10-01 14:42:30.100  3589  3614 I RustStdoutStderr: [2m2026-10-01T06:42:30.099736Z[0m [31mERROR[0m [2mbevy_asset::server[0m[2m:[0m Path not found: original-ui/MagIcon/54.png
10-01 14:42:30.260  3589  3616 E event /Users/henryliu/.cargo/registry/src/index.crates.io-1949cf8c6b5b557f/bevy_asset-0.19.0/sPath not found: original-ui/MagIcon/54.png
10-01 14:42:30.261  3589  3614 I RustStdoutStderr: [2m2026-10-01T06:42:30.260522Z[0m [31mERROR[0m [2mbevy_asset::server[0m[2m:[0m Path not found: original-ui/MagIcon/54.png
10-01 14:42:30.457  3589  3616 E event /Users/henryliu/.cargo/registry/src/index.crates.io-1949cf8c6b5b557f/bevy_asset-0.19.0/sPath not found: original-ui/MagIcon/54.png
10-01 14:42:30.458  3589  3614 I RustStdoutStderr: [2m2026-10-01T06:42:30.457650Z[0m [31mERROR[0m [2mbevy_asset::server[0m[2m:[0m Path not found: original-ui/MagIcon/54.png
10-01 14:42:30.571  3589  3616 E event /Users/henryliu/.cargo/registry/src/index.crates.io-1949cf8c6b5b557f/bevy_asset-0.19.0/sPath not found: original-ui/MagIcon/54.png
10-01 14:42:30.572  3589  3614 I RustStdoutStderr: [2m2026-10-01T06:42:30.571782Z[0m [31mERROR[0m [2mbevy_asset::server[0m[2m:[0m Path not found: original-ui/MagIcon/54.png
10-01 14:42:31.002  3589  3616 E event /Users/henryliu/.cargo/registry/src/index.crates.io-1949cf8c6b5b557f/bevy_asset-0.19.0/sPath not found: original-ui/MagIcon/54.png
10-01 14:42:31.003  3589  3614 I RustStdoutStderr: [2m2026-10-01T06:42:31.002595Z[0m [31mERROR[0m [2mbevy_asset::server[0m[2m:[0m Path not found: original-ui/MagIcon/54.png
10-01 14:42:31.148  3589  3615 D EGL_emulation: app_time_stats: avg=233.82ms min=139.63ms max=410.44ms count=5
10-01 14:42:31.177  3589  3616 E event /Users/henryliu/.cargo/registry/src/index.crates.io-1949cf8c6b5b557f/bevy_asset-0.19.0/sPath not found: original-ui/MagIcon/54.png
10-01 14:42:31.178  3589  3614 I RustStdoutStderr: [2m2026-10-01T06:42:31.177840Z[0m [31mERROR[0m [2mbevy_asset::server[0m[2m:[0m Path not found: original-ui/MagIcon/54.png
10-01 14:42:31.881  3589  3616 E event /Users/henryliu/.cargo/registry/src/index.crates.io-1949cf8c6b5b557f/bevy_asset-0.19.0/sPath not found: original-ui/MagIcon/54.png
10-01 14:42:31.902  3589  3614 I RustStdoutStderr: [2m2026-10-01T06:42:31.881426Z[0m [31mERROR[0m [2mbevy_asset::server[0m[2m:[0m Path not found: original-ui/MagIcon/54.png
10-01 14:42:32.113  3589  3616 E event /Users/henryliu/.cargo/registry/src/index.crates.io-1949cf8c6b5b557f/bevy_asset-0.19.0/sPath not found: original-ui/MagIcon/54.png
10-01 14:42:32.114  3589  3614 I RustStdoutStderr: [2m2026-10-01T06:42:32.113720Z[0m [31mERROR[0m [2mbevy_asset::server[0m[2m:[0m Path not found: original-ui/MagIcon/54.png
10-01 14:42:32.181  3589  3615 D EGL_emulation: app_time_stats: avg=344.35ms min=139.81ms max=452.79ms count=3
10-01 14:42:32.269  3589  3616 E event /Users/henryliu/.cargo/registry/src/index.crates.io-1949cf8c6b5b557f/bevy_asset-0.19.0/sPath not found: original-ui/MagIcon/54.png
10-01 14:42:32.270  3589  3614 I RustStdoutStderr: [2m2026-10-01T06:42:32.269802Z[0m [31mERROR[0m [2mbevy_asset::server[0m[2m:[0m Path not found: original-ui/MagIcon/54.png
10-01 14:42:32.549  3589  3616 E event /Users/henryliu/.cargo/registry/src/index.crates.io-1949cf8c6b5b557f/bevy_asset-0.19.0/sPath not found: original-ui/MagIcon/54.png
10-01 14:42:32.556  3589  3614 I RustStdoutStderr: [2m2026-10-01T06:42:32.549727Z[0m [31mERROR[0m [2mbevy_asset::server[0m[2m:[0m Path not found: original-ui/MagIcon/54.png
10-01 14:42:32.828  3589  3616 E event /Users/henryliu/.cargo/registry/src/index.crates.io-1949cf8c6b5b557f/bevy_asset-0.19.0/sPath not found: original-ui/MagIcon/54.png
10-01 14:42:32.828  3589  3614 I RustStdoutStderr: [2m2026-10-01T06:42:32.828673Z[0m [31mERROR[0m [2mbevy_asset::server[0m[2m:[0m Path not found: original-ui/MagIcon/54.png
10-01 14:42:33.084  3589  3616 E event /Users/henryliu/.cargo/registry/src/index.crates.io-1949cf8c6b5b557f/bevy_asset-0.19.0/sPath not found: original-ui/MagIcon/54.png
10-01 14:42:33.085  3589  3614 I RustStdoutStderr: [2m2026-10-01T06:42:33.084567Z[0m [31mERROR[0m [2mbevy_asset::server[0m[2m:[0m Path not found: original-ui/MagIcon/54.png
10-01 14:42:33.274  3589  3616 E event /Users/henryliu/.cargo/registry/src/index.crates.io-1949cf8c6b5b557f/bevy_asset-0.19.0/sPath not found: original-ui/MagIcon/54.png
10-01 14:42:33.277  3589  3614 I RustStdoutStderr: [2m2026-10-01T06:42:33.274172Z[0m [31mERROR[0m [2mbevy_asset::server[0m[2m:[0m Path not found: original-ui/MagIcon/54.png
10-01 14:42:33.430  3589  3615 D EGL_emulation: app_time_stats: avg=249.62ms min=190.83ms max=364.99ms count=5
10-01 14:42:33.531  3589  3616 E event /Users/henryliu/.cargo/registry/src/index.crates.io-1949cf8c6b5b557f/bevy_asset-0.19.0/sPath not found: original-ui/MagIcon/54.png
10-01 14:42:33.531  3589  3614 I RustStdoutStderr: [2m2026-10-01T06:42:33.530796Z[0m [31mERROR[0m [2mbevy_asset::server[0m[2m:[0m Path not found: original-ui/MagIcon/54.png
10-01 14:42:33.731  3589  3616 E event /Users/henryliu/.cargo/registry/src/index.crates.io-1949cf8c6b5b557f/bevy_asset-0.19.0/sPath not found: original-ui/MagIcon/54.png
10-01 14:42:33.731  3589  3614 I RustStdoutStderr: [2m2026-10-01T06:42:33.731005Z[0m [31mERROR[0m [2mbevy_asset::server[0m[2m:[0m Path not found: original-ui/MagIcon/54.png
10-01 14:42:33.914  3589  3616 E event /Users/henryliu/.cargo/registry/src/index.crates.io-1949cf8c6b5b557f/bevy_asset-0.19.0/sPath not found: original-ui/MagIcon/54.png
10-01 14:42:33.915  3589  3614 I RustStdoutStderr: [2m2026-10-01T06:42:33.913935Z[0m [31mERROR[0m [2mbevy_asset::server[0m[2m:[0m Path not found: original-ui/MagIcon/54.png
10-01 14:42:34.192  3589  3616 E event /Users/henryliu/.cargo/registry/src/index.crates.io-1949cf8c6b5b557f/bevy_asset-0.19.0/sPath not found: original-ui/MagIcon/54.png
10-01 14:42:34.192  3589  3614 I RustStdoutStderr: [2m2026-10-01T06:42:34.192528Z[0m [31mERROR[0m [2mbevy_asset::server[0m[2m:[0m Path not found: original-ui/MagIcon/54.png
10-01 14:42:34.361  3589  3616 E event /Users/henryliu/.cargo/registry/src/index.crates.io-1949cf8c6b5b557f/bevy_asset-0.19.0/sPath not found: original-ui/MagIcon/54.png
10-01 14:42:34.362  3589  3614 I RustStdoutStderr: [2m2026-10-01T06:42:34.360956Z[0m [31mERROR[0m [2mbevy_asset::server[0m[2m:[0m Path not found: original-ui/MagIcon/54.png
10-01 14:42:34.615  3589  3615 D EGL_emulation: app_time_stats: avg=237.03ms min=155.12ms max=355.12ms count=5
10-01 14:42:34.772  3589  3616 E event /Users/henryliu/.cargo/registry/src/index.crates.io-1949cf8c6b5b557f/bevy_asset-0.19.0/sPath not found: original-ui/MagIcon/54.png
10-01 14:42:34.772  3589  3614 I RustStdoutStderr: [2m2026-10-01T06:42:34.772602Z[0m [31mERROR[0m [2mbevy_asset::server[0m[2m:[0m Path not found: original-ui/MagIcon/54.png
10-01 14:42:35.041  3589  3616 E event /Users/henryliu/.cargo/registry/src/index.crates.io-1949cf8c6b5b557f/bevy_asset-0.19.0/sPath not found: original-ui/MagIcon/54.png
10-01 14:42:35.043  3589  3614 I RustStdoutStderr: [2m2026-10-01T06:42:35.041621Z[0m [31mERROR[0m [2mbevy_asset::server[0m[2m:[0m Path not found: original-ui/MagIcon/54.png
10-01 14:42:35.283  3589  3616 E event /Users/henryliu/.cargo/registry/src/index.crates.io-1949cf8c6b5b557f/bevy_asset-0.19.0/sPath not found: original-ui/MagIcon/54.png
10-01 14:42:35.284  3589  3614 I RustStdoutStderr: [2m2026-10-01T06:42:35.283680Z[0m [31mERROR[0m [2mbevy_asset::server[0m[2m:[0m Path not found: original-ui/MagIcon/54.png
10-01 14:42:35.645  3589  3616 E event /Users/henryliu/.cargo/registry/src/index.crates.io-1949cf8c6b5b557f/bevy_asset-0.19.0/sPath not found: original-ui/MagIcon/54.png
10-01 14:42:35.646  3589  3614 I RustStdoutStderr: [2m2026-10-01T06:42:35.645854Z[0m [31mERROR[0m [2mbevy_asset::server[0m[2m:[0m Path not found: original-ui/MagIcon/54.png
10-01 14:42:35.871  3589  3615 D EGL_emulation: app_time_stats: avg=313.57ms min=227.12ms max=379.93ms count=4
10-01 14:42:35.918  3589  3616 E event /Users/henryliu/.cargo/registry/src/index.crates.io-1949cf8c6b5b557f/bevy_asset-0.19.0/sPath not found: original-ui/MagIcon/54.png
10-01 14:42:35.918  3589  3614 I RustStdoutStderr: [2m2026-10-01T06:42:35.918320Z[0m [31mERROR[0m [2mbevy_asset::server[0m[2m:[0m Path not found: original-ui/MagIcon/54.png
10-01 14:42:36.177  3589  3616 E event /Users/henryliu/.cargo/registry/src/index.crates.io-1949cf8c6b5b557f/bevy_asset-0.19.0/sPath not found: original-ui/MagIcon/54.png
10-01 14:42:36.177  3589  3614 I RustStdoutStderr: [2m2026-10-01T06:42:36.177200Z[0m [31mERROR[0m [2mbevy_asset::server[0m[2m:[0m Path not found: original-ui/MagIcon/54.png
10-01 14:42:36.366  3589  3616 E event /Users/henryliu/.cargo/registry/src/index.crates.io-1949cf8c6b5b557f/bevy_asset-0.19.0/sPath not found: original-ui/MagIcon/54.png
10-01 14:42:36.367  3589  3614 I RustStdoutStderr: [2m2026-10-01T06:42:36.366737Z[0m [31mERROR[0m [2mbevy_asset::server[0m[2m:[0m Path not found: original-ui/MagIcon/54.png
10-01 14:42:37.053  3589  3615 D EGL_emulation: app_time_stats: avg=394.13ms min=201.67ms max=734.89ms count=3
10-01 14:42:37.268  3589  3616 E event /Users/henryliu/.cargo/registry/src/index.crates.io-1949cf8c6b5b557f/bevy_asset-0.19.0/sPath not found: original-ui/MagIcon/54.png
10-01 14:42:37.268  3589  3614 I RustStdoutStderr: [2m2026-10-01T06:42:37.268205Z[0m [31mERROR[0m [2mbevy_asset::server[0m[2m:[0m Path not found: original-ui/MagIcon/54.png
10-01 14:42:37.366  3589  3616 E event /Users/henryliu/.cargo/registry/src/index.crates.io-1949cf8c6b5b557f/bevy_asset-0.19.0/sPath not found: original-ui/MagIcon/54.png
10-01 14:42:37.366  3589  3614 I RustStdoutStderr: [2m2026-10-01T06:42:37.365879Z[0m [31mERROR[0m [2mbevy_asset::server[0m[2m:[0m Path not found: original-ui/MagIcon/54.png
10-01 14:42:37.498  3589  3616 E event /Users/henryliu/.cargo/registry/src/index.crates.io-1949cf8c6b5b557f/bevy_asset-0.19.0/sPath not found: original-ui/MagIcon/54.png
10-01 14:42:37.500  3589  3614 I RustStdoutStderr: [2m2026-10-01T06:42:37.498282Z[0m [31mERROR[0m [2mbevy_asset::server[0m[2m:[0m Path not found: original-ui/MagIcon/54.png
10-01 14:42:37.761  3589  3616 E event /Users/henryliu/.cargo/registry/src/index.crates.io-1949cf8c6b5b557f/bevy_asset-0.19.0/sPath not found: original-ui/MagIcon/54.png
10-01 14:42:37.762  3589  3614 I RustStdoutStderr: [2m2026-10-01T06:42:37.754071Z[0m [31mERROR[0m [2mbevy_asset::server[0m[2m:[0m Path not found: original-ui/MagIcon/54.png
10-01 14:42:38.021  3589  3616 E event /Users/henryliu/.cargo/registry/src/index.crates.io-1949cf8c6b5b557f/bevy_asset-0.19.0/sPath not found: original-ui/MagIcon/54.png
10-01 14:42:38.026  3589  3614 I RustStdoutStderr: [2m2026-10-01T06:42:38.021293Z[0m [31mERROR[0m [2mbevy_asset::server[0m[2m:[0m Path not found: original-ui/MagIcon/54.png
10-01 14:42:38.175  3589  3615 D EGL_emulation: app_time_stats: avg=224.12ms min=111.25ms max=271.86ms count=5
10-01 14:42:38.276  3589  3616 E event /Users/henryliu/.cargo/registry/src/index.crates.io-1949cf8c6b5b557f/bevy_asset-0.19.0/sPath not found: original-ui/MagIcon/54.png
10-01 14:42:38.277  3589  3614 I RustStdoutStderr: [2m2026-10-01T06:42:38.276832Z[0m [31mERROR[0m [2mbevy_asset::server[0m[2m:[0m Path not found: original-ui/MagIcon/54.png
10-01 14:42:38.511  3589  3614 I RustStdoutStderr: [2m2026-10-01T06:42:38.511531Z[0m [31mERROR[0m [2mbevy_asset::server[0m[2m:[0m Path not found: original-ui/MagIcon/54.png
10-01 14:42:38.511  3589  3616 E event /Users/henryliu/.cargo/registry/src/index.crates.io-1949cf8c6b5b557f/bevy_asset-0.19.0/sPath not found: original-ui/MagIcon/54.png
10-01 14:42:38.864  3589  3614 I RustStdoutStderr: [2m2026-10-01T06:42:38.864433Z[0m [31mERROR[0m [2mbevy_asset::server[0m[2m:[0m Path not found: original-ui/MagIcon/54.png
10-01 14:42:38.864  3589  3616 E event /Users/henryliu/.cargo/registry/src/index.crates.io-1949cf8c6b5b557f/bevy_asset-0.19.0/sPath not found: original-ui/MagIcon/54.png
10-01 14:42:39.178  3589  3615 D EGL_emulation: app_time_stats: avg=334.34ms min=222.08ms max=521.94ms count=3
10-01 14:42:39.258  3589  3616 E event /Users/henryliu/.cargo/registry/src/index.crates.io-1949cf8c6b5b557f/bevy_asset-0.19.0/sPath not found: original-ui/MagIcon/54.png
10-01 14:42:39.258  3589  3614 I RustStdoutStderr: [2m2026-10-01T06:42:39.258330Z[0m [31mERROR[0m [2mbevy_asset::server[0m[2m:[0m Path not found: original-ui/MagIcon/54.png
10-01 14:42:39.488  3589  3616 E event /Users/henryliu/.cargo/registry/src/index.crates.io-1949cf8c6b5b557f/bevy_asset-0.19.0/sPath not found: original-ui/MagIcon/54.png
10-01 14:42:39.533  3589  3614 I RustStdoutStderr: [2m2026-10-01T06:42:39.488792Z[0m [31mERROR[0m [2mbevy_asset::server[0m[2m:[0m Path not found: original-ui/MagIcon/54.png
10-01 14:42:39.735  3589  3616 E event /Users/henryliu/.cargo/registry/src/index.crates.io-1949cf8c6b5b557f/bevy_asset-0.19.0/sPath not found: original-ui/MagIcon/54.png
10-01 14:42:39.738  3589  3614 I RustStdoutStderr: [2m2026-10-01T06:42:39.735015Z[0m [31mERROR[0m [2mbevy_asset::server[0m[2m:[0m Path not found: original-ui/MagIcon/54.png
10-01 14:42:40.038  3589  3616 E event /Users/henryliu/.cargo/registry/src/index.crates.io-1949cf8c6b5b557f/bevy_asset-0.19.0/sPath not found: original-ui/MagIcon/54.png
10-01 14:42:40.039  3589  3614 I RustStdoutStderr: [2m2026-10-01T06:42:40.038186Z[0m [31mERROR[0m [2mbevy_asset::server[0m[2m:[0m Path not found: original-ui/MagIcon/54.png
10-01 14:42:40.203  3589  3616 E event /Users/henryliu/.cargo/registry/src/index.crates.io-1949cf8c6b5b557f/bevy_asset-0.19.0/sPath not found: original-ui/MagIcon/54.png
10-01 14:42:40.204  3589  3614 I RustStdoutStderr: [2m2026-10-01T06:42:40.203880Z[0m [31mERROR[0m [2mbevy_asset::server[0m[2m:[0m Path not found: original-ui/MagIcon/54.png
10-01 14:42:40.326  3589  3615 D EGL_emulation: app_time_stats: avg=229.53ms min=175.10ms max=313.65ms count=5
10-01 14:42:40.472  3589  3616 E event /Users/henryliu/.cargo/registry/src/index.crates.io-1949cf8c6b5b557f/bevy_asset-0.19.0/sPath not found: original-ui/MagIcon/54.png
10-01 14:42:40.473  3589  3614 I RustStdoutStderr: [2m2026-10-01T06:42:40.472728Z[0m [31mERROR[0m [2mbevy_asset::server[0m[2m:[0m Path not found: original-ui/MagIcon/54.png
10-01 14:42:40.694  3589  3616 E event /Users/henryliu/.cargo/registry/src/index.crates.io-1949cf8c6b5b557f/bevy_asset-0.19.0/sPath not found: original-ui/MagIcon/54.png
10-01 14:42:40.696  3589  3614 I RustStdoutStderr: [2m2026-10-01T06:42:40.694725Z[0m [31mERROR[0m [2mbevy_asset::server[0m[2m:[0m Path not found: original-ui/MagIcon/54.png
10-01 14:42:40.937  3589  3616 E event /Users/henryliu/.cargo/registry/src/index.crates.io-1949cf8c6b5b557f/bevy_asset-0.19.0/sPath not found: original-ui/MagIcon/54.png
10-01 14:42:40.937  3589  3614 I RustStdoutStderr: [2m2026-10-01T06:42:40.937049Z[0m [31mERROR[0m [2mbevy_asset::server[0m[2m:[0m Path not found: original-ui/MagIcon/54.png
10-01 14:42:41.335  3589  3616 E event /Users/henryliu/.cargo/registry/src/index.crates.io-1949cf8c6b5b557f/bevy_asset-0.19.0/sPath not found: original-ui/MagIcon/54.png
10-01 14:42:41.337  3589  3614 I RustStdoutStderr: [2m2026-10-01T06:42:41.335139Z[0m [31mERROR[0m [2mbevy_asset::server[0m[2m:[0m Path not found: original-ui/MagIcon/54.png
10-01 14:42:41.449  3589  3615 D EGL_emulation: app_time_stats: avg=280.75ms min=189.56ms max=438.03ms count=4
10-01 14:42:41.535  3589  3616 E event /Users/henryliu/.cargo/registry/src/index.crates.io-1949cf8c6b5b557f/bevy_asset-0.19.0/sPath not found: original-ui/MagIcon/54.png
10-01 14:42:41.562  3589  3614 I RustStdoutStderr: [2m2026-10-01T06:42:41.535639Z[0m [31mERROR[0m [2mbevy_asset::server[0m[2m:[0m Path not found: original-ui/MagIcon/54.png
10-01 14:42:41.857  3589  3616 E event /Users/henryliu/.cargo/registry/src/index.crates.io-1949cf8c6b5b557f/bevy_asset-0.19.0/sPath not found: original-ui/MagIcon/54.png
10-01 14:42:41.858  3589  3614 I RustStdoutStderr: [2m2026-10-01T06:42:41.857221Z[0m [31mERROR[0m [2mbevy_asset::server[0m[2m:[0m Path not found: original-ui/MagIcon/54.png
10-01 14:42:42.355  3589  3616 E event /Users/henryliu/.cargo/registry/src/index.crates.io-1949cf8c6b5b557f/bevy_asset-0.19.0/sPath not found: original-ui/MagIcon/54.png
10-01 14:42:42.355  3589  3614 I RustStdoutStderr: [2m2026-10-01T06:42:42.353887Z[0m [31mERROR[0m [2mbevy_asset::server[0m[2m:[0m Path not found: original-ui/MagIcon/54.png
10-01 14:42:42.536  3589  3616 E event /Users/henryliu/.cargo/registry/src/index.crates.io-1949cf8c6b5b557f/bevy_asset-0.19.0/sPath not found: original-ui/MagIcon/54.png
10-01 14:42:42.536  3589  3614 I RustStdoutStderr: [2m2026-10-01T06:42:42.536320Z[0m [31mERROR[0m [2mbevy_asset::server[0m[2m:[0m Path not found: original-ui/MagIcon/54.png
10-01 14:42:42.973  3589  3615 D EGL_emulation: app_time_stats: avg=380.75ms min=241.01ms max=541.17ms count=4
10-01 14:42:43.125  3589  3614 I RustStdoutStderr: [2m2026-10-01T06:42:43.125454Z[0m [31mERROR[0m [2mbevy_asset::server[0m[2m:[0m Path not found: original-ui/MagIcon/54.png
10-01 14:42:43.125  3589  3616 E event /Users/henryliu/.cargo/registry/src/index.crates.io-1949cf8c6b5b557f/bevy_asset-0.19.0/sPath not found: original-ui/MagIcon/54.png
10-01 14:42:43.387  3589  3616 E event /Users/henryliu/.cargo/registry/src/index.crates.io-1949cf8c6b5b557f/bevy_asset-0.19.0/sPath not found: original-ui/MagIcon/54.png
10-01 14:42:43.391  3589  3614 I RustStdoutStderr: [2m2026-10-01T06:42:43.387548Z[0m [31mERROR[0m [2mbevy_asset::server[0m[2m:[0m Path not found: original-ui/MagIcon/54.png
10-01 14:42:43.614  3589  3616 E event /Users/henryliu/.cargo/registry/src/index.crates.io-1949cf8c6b5b557f/bevy_asset-0.19.0/sPath not found: original-ui/MagIcon/54.png
10-01 14:42:43.615  3589  3614 I RustStdoutStderr: [2m2026-10-01T06:42:43.611050Z[0m [31mERROR[0m [2mbevy_asset::server[0m[2m:[0m Path not found: original-ui/MagIcon/54.png
10-01 14:42:43.724  3589  3616 E event /Users/henryliu/.cargo/registry/src/index.crates.io-1949cf8c6b5b557f/bevy_asset-0.19.0/sPath not found: original-ui/MagIcon/54.png
10-01 14:42:43.724  3589  3614 I RustStdoutStderr: [2m2026-10-01T06:42:43.723965Z[0m [31mERROR[0m [2mbevy_asset::server[0m[2m:[0m Path not found: original-ui/MagIcon/54.png
10-01 14:42:44.027  3589  3616 E event /Users/henryliu/.cargo/registry/src/index.crates.io-1949cf8c6b5b557f/bevy_asset-0.19.0/sPath not found: original-ui/MagIcon/54.png
10-01 14:42:44.027  3589  3614 I RustStdoutStderr: [2m2026-10-01T06:42:44.027216Z[0m [31mERROR[0m [2mbevy_asset::server[0m[2m:[0m Path not found: original-ui/MagIcon/54.png
10-01 14:42:44.583  3589  3615 D EGL_emulation: app_time_stats: avg=321.37ms min=192.15ms max=643.69ms count=5
10-01 14:42:44.672  3589  3616 E event /Users/henryliu/.cargo/registry/src/index.crates.io-1949cf8c6b5b557f/bevy_asset-0.19.0/sPath not found: original-ui/MagIcon/54.png
10-01 14:42:44.673  3589  3614 I RustStdoutStderr: [2m2026-10-01T06:42:44.672639Z[0m [31mERROR[0m [2mbevy_asset::server[0m[2m:[0m Path not found: original-ui/MagIcon/54.png
10-01 14:42:44.951  3589  3616 E event /Users/henryliu/.cargo/registry/src/index.crates.io-1949cf8c6b5b557f/bevy_asset-0.19.0/sPath not found: original-ui/MagIcon/54.png
10-01 14:42:44.952  3589  3614 I RustStdoutStderr: [2m2026-10-01T06:42:44.951593Z[0m [31mERROR[0m [2mbevy_asset::server[0m[2m:[0m Path not found: original-ui/MagIcon/54.png
10-01 14:42:45.153  3589  3616 E event /Users/henryliu/.cargo/registry/src/index.crates.io-1949cf8c6b5b557f/bevy_asset-0.19.0/sPath not found: original-ui/MagIcon/54.png
10-01 14:42:45.154  3589  3614 I RustStdoutStderr: [2m2026-10-01T06:42:45.153354Z[0m [31mERROR[0m [2mbevy_asset::server[0m[2m:[0m Path not found: original-ui/MagIcon/54.png
10-01 14:42:45.533  3589  3616 E event /Users/henryliu/.cargo/registry/src/index.crates.io-1949cf8c6b5b557f/bevy_asset-0.19.0/sPath not found: original-ui/MagIcon/54.png
10-01 14:42:45.533  3589  3614 I RustStdoutStderr: [2m2026-10-01T06:42:45.533494Z[0m [31mERROR[0m [2mbevy_asset::server[0m[2m:[0m Path not found: original-ui/MagIcon/54.png
10-01 14:42:45.680  3589  3616 E event /Users/henryliu/.cargo/registry/src/index.crates.io-1949cf8c6b5b557f/bevy_asset-0.19.0/sPath not found: original-ui/MagIcon/54.png
10-01 14:42:45.683  3589  3614 I RustStdoutStderr: [2m2026-10-01T06:42:45.680561Z[0m [31mERROR[0m [2mbevy_asset::server[0m[2m:[0m Path not found: original-ui/MagIcon/54.png
10-01 14:42:45.785  3589  3615 D EGL_emulation: app_time_stats: avg=240.26ms min=203.27ms max=310.91ms count=5
10-01 14:42:45.879  3589  3616 E event /Users/henryliu/.cargo/registry/src/index.crates.io-1949cf8c6b5b557f/bevy_asset-0.19.0/sPath not found: original-ui/MagIcon/54.png
10-01 14:42:45.881  3589  3614 I RustStdoutStderr: [2m2026-10-01T06:42:45.878990Z[0m [31mERROR[0m [2mbevy_asset::server[0m[2m:[0m Path not found: original-ui/MagIcon/54.png
10-01 14:42:46.203  3589  3616 E event /Users/henryliu/.cargo/registry/src/index.crates.io-1949cf8c6b5b557f/bevy_asset-0.19.0/sPath not found: original-ui/MagIcon/54.png
10-01 14:42:46.204  3589  3614 I RustStdoutStderr: [2m2026-10-01T06:42:46.203273Z[0m [31mERROR[0m [2mbevy_asset::server[0m[2m:[0m Path not found: original-ui/MagIcon/54.png
10-01 14:42:46.513  3589  3616 E event /Users/henryliu/.cargo/registry/src/index.crates.io-1949cf8c6b5b557f/bevy_asset-0.19.0/sPath not found: original-ui/MagIcon/54.png
10-01 14:42:46.515  3589  3614 I RustStdoutStderr: [2m2026-10-01T06:42:46.513432Z[0m [31mERROR[0m [2mbevy_asset::server[0m[2m:[0m Path not found: original-ui/MagIcon/54.png
10-01 14:42:46.706  3589  3616 E event /Users/henryliu/.cargo/registry/src/index.crates.io-1949cf8c6b5b557f/bevy_asset-0.19.0/sPath not found: original-ui/MagIcon/54.png
10-01 14:42:46.706  3589  3614 I RustStdoutStderr: [2m2026-10-01T06:42:46.705927Z[0m [31mERROR[0m [2mbevy_asset::server[0m[2m:[0m Path not found: original-ui/MagIcon/54.png
10-01 14:42:46.970  3589  3615 D EGL_emulation: app_time_stats: avg=296.21ms min=212.06ms max=399.73ms count=4
10-01 14:42:47.054  3589  3616 E event /Users/henryliu/.cargo/registry/src/index.crates.io-1949cf8c6b5b557f/bevy_asset-0.19.0/sPath not found: original-ui/MagIcon/54.png
10-01 14:42:47.059  3589  3614 I RustStdoutStderr: [2m2026-10-01T06:42:47.054053Z[0m [31mERROR[0m [2mbevy_asset::server[0m[2m:[0m Path not found: original-ui/MagIcon/54.png
10-01 14:42:47.591  3589  3616 E event /Users/henryliu/.cargo/registry/src/index.crates.io-1949cf8c6b5b557f/bevy_asset-0.19.0/sPath not found: original-ui/MagIcon/54.png
10-01 14:42:47.591  3589  3614 I RustStdoutStderr: [2m2026-10-01T06:42:47.590987Z[0m [31mERROR[0m [2mbevy_asset::server[0m[2m:[0m Path not found: original-ui/MagIcon/54.png
10-01 14:42:47.839  3589  3616 E event /Users/henryliu/.cargo/registry/src/index.crates.io-1949cf8c6b5b557f/bevy_asset-0.19.0/sPath not found: original-ui/MagIcon/54.png
10-01 14:42:47.839  3589  3614 I RustStdoutStderr: [2m2026-10-01T06:42:47.839107Z[0m [31mERROR[0m [2mbevy_asset::server[0m[2m:[0m Path not found: original-ui/MagIcon/54.png
10-01 14:42:47.909  3589  3616 E event /Users/henryliu/.cargo/registry/src/index.crates.io-1949cf8c6b5b557f/bevy_asset-0.19.0/sPath not found: original-ui/MagIcon/54.png
10-01 14:42:47.910  3589  3614 I RustStdoutStderr: [2m2026-10-01T06:42:47.909622Z[0m [31mERROR[0m [2mbevy_asset::server[0m[2m:[0m Path not found: original-ui/MagIcon/54.png
10-01 14:42:48.050  3589  3616 E event /Users/henryliu/.cargo/registry/src/index.crates.io-1949cf8c6b5b557f/bevy_asset-0.19.0/sPath not found: original-ui/MagIcon/54.png
10-01 14:42:48.051  3589  3614 I RustStdoutStderr: [2m2026-10-01T06:42:48.050380Z[0m [31mERROR[0m [2mbevy_asset::server[0m[2m:[0m Path not found: original-ui/MagIcon/54.png
10-01 14:42:48.226  3589  3615 D EGL_emulation: app_time_stats: avg=250.98ms min=92.01ms max=621.11ms count=5
10-01 14:42:48.306  3589  3616 E event /Users/henryliu/.cargo/registry/src/index.crates.io-1949cf8c6b5b557f/bevy_asset-0.19.0/sPath not found: original-ui/MagIcon/54.png
10-01 14:42:48.307  3589  3614 I RustStdoutStderr: [2m2026-10-01T06:42:48.306329Z[0m [31mERROR[0m [2mbevy_asset::server[0m[2m:[0m Path not found: original-ui/MagIcon/54.png
10-01 14:42:48.609  3589  3614 I RustStdoutStderr: [2m2026-10-01T06:42:48.609228Z[0m [31mERROR[0m [2mbevy_asset::server[0m[2m:[0m Path not found: original-ui/MagIcon/54.png
10-01 14:42:48.640  3589  3616 E event /Users/henryliu/.cargo/registry/src/index.crates.io-1949cf8c6b5b557f/bevy_asset-0.19.0/sPath not found: original-ui/MagIcon/54.png
10-01 14:42:48.854  3589  3616 E event /Users/henryliu/.cargo/registry/src/index.crates.io-1949cf8c6b5b557f/bevy_asset-0.19.0/sPath not found: original-ui/MagIcon/54.png
10-01 14:42:48.857  3589  3614 I RustStdoutStderr: [2m2026-10-01T06:42:48.854386Z[0m [31mERROR[0m [2mbevy_asset::server[0m[2m:[0m Path not found: original-ui/MagIcon/54.png
10-01 14:42:49.114  3589  3616 E event /Users/henryliu/.cargo/registry/src/index.crates.io-1949cf8c6b5b557f/bevy_asset-0.19.0/sPath not found: original-ui/MagIcon/54.png
10-01 14:42:49.115  3589  3614 I RustStdoutStderr: [2m2026-10-01T06:42:49.114420Z[0m [31mERROR[0m [2mbevy_asset::server[0m[2m:[0m Path not found: original-ui/MagIcon/54.png
10-01 14:42:49.243  3589  3615 D EGL_emulation: app_time_stats: avg=254.16ms min=172.23ms max=307.23ms count=4
10-01 14:42:49.335  3589  3616 E event /Users/henryliu/.cargo/registry/src/index.crates.io-1949cf8c6b5b557f/bevy_asset-0.19.0/sPath not found: original-ui/MagIcon/54.png
10-01 14:42:49.360  3589  3614 I RustStdoutStderr: [2m2026-10-01T06:42:49.335470Z[0m [31mERROR[0m [2mbevy_asset::server[0m[2m:[0m Path not found: original-ui/MagIcon/54.png
10-01 14:42:49.665  3589  3616 E event /Users/henryliu/.cargo/registry/src/index.crates.io-1949cf8c6b5b557f/bevy_asset-0.19.0/sPath not found: original-ui/MagIcon/54.png
10-01 14:42:49.667  3589  3614 I RustStdoutStderr: [2m2026-10-01T06:42:49.664880Z[0m [31mERROR[0m [2mbevy_asset::server[0m[2m:[0m Path not found: original-ui/MagIcon/54.png
10-01 14:42:49.865  3589  3616 E event /Users/henryliu/.cargo/registry/src/index.crates.io-1949cf8c6b5b557f/bevy_asset-0.19.0/sPath not found: original-ui/MagIcon/54.png
10-01 14:42:49.868  3589  3614 I RustStdoutStderr: [2m2026-10-01T06:42:49.864990Z[0m [31mERROR[0m [2mbevy_asset::server[0m[2m:[0m Path not found: original-ui/MagIcon/54.png
10-01 14:42:50.059  3589  3616 E event /Users/henryliu/.cargo/registry/src/index.crates.io-1949cf8c6b5b557f/bevy_asset-0.19.0/sPath not found: original-ui/MagIcon/54.png
10-01 14:42:50.060  3589  3614 I RustStdoutStderr: [2m2026-10-01T06:42:50.059395Z[0m [31mERROR[0m [2mbevy_asset::server[0m[2m:[0m Path not found: original-ui/MagIcon/54.png
10-01 14:42:50.249  3589  3615 D EGL_emulation: app_time_stats: avg=251.41ms min=169.18ms max=316.78ms count=4
10-01 14:42:50.367  3589  3616 E event /Users/henryliu/.cargo/registry/src/index.crates.io-1949cf8c6b5b557f/bevy_asset-0.19.0/sPath not found: original-ui/MagIcon/54.png
10-01 14:42:50.368  3589  3614 I RustStdoutStderr: [2m2026-10-01T06:42:50.367877Z[0m [31mERROR[0m [2mbevy_asset::server[0m[2m:[0m Path not found: original-ui/MagIcon/54.png
10-01 14:42:50.681  3589  3616 E event /Users/henryliu/.cargo/registry/src/index.crates.io-1949cf8c6b5b557f/bevy_asset-0.19.0/sPath not found: original-ui/MagIcon/54.png
10-01 14:42:50.681  3589  3614 I RustStdoutStderr: [2m2026-10-01T06:42:50.681013Z[0m [31mERROR[0m [2mbevy_asset::server[0m[2m:[0m Path not found: original-ui/MagIcon/54.png
10-01 14:42:51.051  3589  3616 E event /Users/henryliu/.cargo/registry/src/index.crates.io-1949cf8c6b5b557f/bevy_asset-0.19.0/sPath not found: original-ui/MagIcon/54.png
10-01 14:42:51.051  3589  3614 I RustStdoutStderr: [2m2026-10-01T06:42:51.050977Z[0m [31mERROR[0m [2mbevy_asset::server[0m[2m:[0m Path not found: original-ui/MagIcon/54.png
10-01 14:42:51.385  3589  3616 E event /Users/henryliu/.cargo/registry/src/index.crates.io-1949cf8c6b5b557f/bevy_asset-0.19.0/sPath not found: original-ui/MagIcon/54.png
10-01 14:42:51.385  3589  3614 I RustStdoutStderr: [2m2026-10-01T06:42:51.385161Z[0m [31mERROR[0m [2mbevy_asset::server[0m[2m:[0m Path not found: original-ui/MagIcon/54.png
10-01 14:42:51.500  3589  3615 D EGL_emulation: app_time_stats: avg=312.75ms min=251.61ms max=376.38ms count=4
10-01 14:42:51.634  3589  3616 E event /Users/henryliu/.cargo/registry/src/index.crates.io-1949cf8c6b5b557f/bevy_asset-0.19.0/sPath not found: original-ui/MagIcon/54.png
10-01 14:42:51.636  3589  3614 I RustStdoutStderr: [2m2026-10-01T06:42:51.634781Z[0m [31mERROR[0m [2mbevy_asset::server[0m[2m:[0m Path not found: original-ui/MagIcon/54.png
10-01 14:42:51.920  3589  3616 E event /Users/henryliu/.cargo/registry/src/index.crates.io-1949cf8c6b5b557f/bevy_asset-0.19.0/sPath not found: original-ui/MagIcon/54.png
10-01 14:42:51.920  3589  3614 I RustStdoutStderr: [2m2026-10-01T06:42:51.920222Z[0m [31mERROR[0m [2mbevy_asset::server[0m[2m:[0m Path not found: original-ui/MagIcon/54.png
10-01 14:42:52.273  3589  3616 E event /Users/henryliu/.cargo/registry/src/index.crates.io-1949cf8c6b5b557f/bevy_asset-0.19.0/sPath not found: original-ui/MagIcon/54.png
10-01 14:42:52.273  3589  3614 I RustStdoutStderr: [2m2026-10-01T06:42:52.273705Z[0m [31mERROR[0m [2mbevy_asset::server[0m[2m:[0m Path not found: original-ui/MagIcon/54.png
10-01 14:42:52.535  3589  3616 E event /Users/henryliu/.cargo/registry/src/index.crates.io-1949cf8c6b5b557f/bevy_asset-0.19.0/sPath not found: original-ui/MagIcon/54.png
10-01 14:42:52.535  3589  3614 I RustStdoutStderr: [2m2026-10-01T06:42:52.534685Z[0m [31mERROR[0m [2mbevy_asset::server[0m[2m:[0m Path not found: original-ui/MagIcon/54.png
10-01 14:42:52.902  3589  3615 D EGL_emulation: app_time_stats: avg=350.40ms min=278.75ms max=453.55ms count=4
10-01 14:42:52.942  3589  3616 E event /Users/henryliu/.cargo/registry/src/index.crates.io-1949cf8c6b5b557f/bevy_asset-0.19.0/sPath not found: original-ui/MagIcon/54.png
10-01 14:42:52.943  3589  3614 I RustStdoutStderr: [2m2026-10-01T06:42:52.942075Z[0m [31mERROR[0m [2mbevy_asset::server[0m[2m:[0m Path not found: original-ui/MagIcon/54.png
10-01 14:42:53.258  3589  3616 E event /Users/henryliu/.cargo/registry/src/index.crates.io-1949cf8c6b5b557f/bevy_asset-0.19.0/sPath not found: original-ui/MagIcon/54.png
10-01 14:42:53.260  3589  3614 I RustStdoutStderr: [2m2026-10-01T06:42:53.258793Z[0m [31mERROR[0m [2mbevy_asset::server[0m[2m:[0m Path not found: original-ui/MagIcon/54.png
10-01 14:42:53.470  3589  3616 E event /Users/henryliu/.cargo/registry/src/index.crates.io-1949cf8c6b5b557f/bevy_asset-0.19.0/sPath not found: original-ui/MagIcon/54.png
10-01 14:42:53.471  3589  3614 I RustStdoutStderr: [2m2026-10-01T06:42:53.470596Z[0m [31mERROR[0m [2mbevy_asset::server[0m[2m:[0m Path not found: original-ui/MagIcon/54.png
10-01 14:42:53.947  3589  3616 E event /Users/henryliu/.cargo/registry/src/index.crates.io-1949cf8c6b5b557f/bevy_asset-0.19.0/sPath not found: original-ui/MagIcon/54.png
10-01 14:42:53.947  3589  3614 I RustStdoutStderr: [2m2026-10-01T06:42:53.947131Z[0m [31mERROR[0m [2mbevy_asset::server[0m[2m:[0m Path not found: original-ui/MagIcon/54.png
10-01 14:42:54.051  3589  3615 D EGL_emulation: app_time_stats: avg=287.23ms min=227.17ms max=401.99ms count=4
10-01 14:42:54.133  3589  3616 E event /Users/henryliu/.cargo/registry/src/index.crates.io-1949cf8c6b5b557f/bevy_asset-0.19.0/sPath not found: original-ui/MagIcon/54.png
10-01 14:42:54.134  3589  3614 I RustStdoutStderr: [2m2026-10-01T06:42:54.133334Z[0m [31mERROR[0m [2mbevy_asset::server[0m[2m:[0m Path not found: original-ui/MagIcon/54.png
10-01 14:42:54.295  3589  3616 E event /Users/henryliu/.cargo/registry/src/index.crates.io-1949cf8c6b5b557f/bevy_asset-0.19.0/sPath not found: original-ui/MagIcon/54.png
10-01 14:42:54.299  3589  3614 I RustStdoutStderr: [2m2026-10-01T06:42:54.295528Z[0m [31mERROR[0m [2mbevy_asset::server[0m[2m:[0m Path not found: original-ui/MagIcon/54.png
10-01 14:42:54.412  3589  3616 E event /Users/henryliu/.cargo/registry/src/index.crates.io-1949cf8c6b5b557f/bevy_asset-0.19.0/sPath not found: original-ui/MagIcon/54.png
10-01 14:42:54.412  3589  3614 I RustStdoutStderr: [2m2026-10-01T06:42:54.412351Z[0m [31mERROR[0m [2mbevy_asset::server[0m[2m:[0m Path not found: original-ui/MagIcon/54.png
10-01 14:42:54.510  3589  3616 E event /Users/henryliu/.cargo/registry/src/index.crates.io-1949cf8c6b5b557f/bevy_asset-0.19.0/sPath not found: original-ui/MagIcon/54.png
10-01 14:42:54.511  3589  3614 I RustStdoutStderr: [2m2026-10-01T06:42:54.510742Z[0m [31mERROR[0m [2mbevy_asset::server[0m[2m:[0m Path not found: original-ui/MagIcon/54.png
10-01 14:42:54.767  3589  3616 E event /Users/henryliu/.cargo/registry/src/index.crates.io-1949cf8c6b5b557f/bevy_asset-0.19.0/sPath not found: original-ui/MagIcon/54.png
10-01 14:42:54.777  3589  3614 I RustStdoutStderr: [2m2026-10-01T06:42:54.767251Z[0m [31mERROR[0m [2mbevy_asset::server[0m[2m:[0m Path not found: original-ui/MagIcon/54.png
10-01 14:42:55.072  3589  3616 E event /Users/henryliu/.cargo/registry/src/index.crates.io-1949cf8c6b5b557f/bevy_asset-0.19.0/sPath not found: original-ui/MagIcon/54.png
10-01 14:42:55.072  3589  3614 I RustStdoutStderr: [2m2026-10-01T06:42:55.072558Z[0m [31mERROR[0m [2mbevy_asset::server[0m[2m:[0m Path not found: original-ui/MagIcon/54.png
10-01 14:42:55.318  3589  3615 D EGL_emulation: app_time_stats: avg=211.01ms min=104.50ms max=441.96ms count=6
10-01 14:42:55.664  3589  3616 E event /Users/henryliu/.cargo/registry/src/index.crates.io-1949cf8c6b5b557f/bevy_asset-0.19.0/sPath not found: original-ui/MagIcon/54.png
10-01 14:42:55.664  3589  3614 I RustStdoutStderr: [2m2026-10-01T06:42:55.663954Z[0m [31mERROR[0m [2mbevy_asset::server[0m[2m:[0m Path not found: original-ui/MagIcon/54.png
10-01 14:42:55.934  3589  3616 E event /Users/henryliu/.cargo/registry/src/index.crates.io-1949cf8c6b5b557f/bevy_asset-0.19.0/sPath not found: original-ui/MagIcon/54.png
10-01 14:42:55.935  3589  3614 I RustStdoutStderr: [2m2026-10-01T06:42:55.934404Z[0m [31mERROR[0m [2mbevy_asset::server[0m[2m:[0m Path not found: original-ui/MagIcon/54.png
10-01 14:42:56.254  3589  3614 I RustStdoutStderr: [2m2026-10-01T06:42:56.254205Z[0m [31mERROR[0m [2mbevy_asset::server[0m[2m:[0m Path not found: original-ui/MagIcon/54.png
10-01 14:42:56.254  3589  3616 E event /Users/henryliu/.cargo/registry/src/index.crates.io-1949cf8c6b5b557f/bevy_asset-0.19.0/sPath not found: original-ui/MagIcon/54.png
10-01 14:42:56.394  3589  3615 D EGL_emulation: app_time_stats: avg=358.72ms min=250.78ms max=479.24ms count=3
10-01 14:42:56.435  3589  3616 E event /Users/henryliu/.cargo/registry/src/index.crates.io-1949cf8c6b5b557f/bevy_asset-0.19.0/sPath not found: original-ui/MagIcon/54.png
10-01 14:42:56.435  3589  3614 I RustStdoutStderr: [2m2026-10-01T06:42:56.435668Z[0m [31mERROR[0m [2mbevy_asset::server[0m[2m:[0m Path not found: original-ui/MagIcon/54.png
10-01 14:42:56.664  3589  3616 E event /Users/henryliu/.cargo/registry/src/index.crates.io-1949cf8c6b5b557f/bevy_asset-0.19.0/sPath not found: original-ui/MagIcon/54.png
10-01 14:42:56.665  3589  3614 I RustStdoutStderr: [2m2026-10-01T06:42:56.664787Z[0m [31mERROR[0m [2mbevy_asset::server[0m[2m:[0m Path not found: original-ui/MagIcon/54.png
10-01 14:42:56.856  3589  3616 E event /Users/henryliu/.cargo/registry/src/index.crates.io-1949cf8c6b5b557f/bevy_asset-0.19.0/sPath not found: original-ui/MagIcon/54.png
10-01 14:42:56.861  3589  3614 I RustStdoutStderr: [2m2026-10-01T06:42:56.855882Z[0m [31mERROR[0m [2mbevy_asset::server[0m[2m:[0m Path not found: original-ui/MagIcon/54.png
10-01 14:42:57.042  3589  3616 E event /Users/henryliu/.cargo/registry/src/index.crates.io-1949cf8c6b5b557f/bevy_asset-0.19.0/sPath not found: original-ui/MagIcon/54.png
10-01 14:42:57.042  3589  3614 I RustStdoutStderr: [2m2026-10-01T06:42:57.041790Z[0m [31mERROR[0m [2mbevy_asset::server[0m[2m:[0m Path not found: original-ui/MagIcon/54.png
10-01 14:42:57.240  3589  3616 E event /Users/henryliu/.cargo/registry/src/index.crates.io-1949cf8c6b5b557f/bevy_asset-0.19.0/sPath not found: original-ui/MagIcon/54.png
10-01 14:42:57.260  3589  3614 I RustStdoutStderr: [2m2026-10-01T06:42:57.240102Z[0m [31mERROR[0m [2mbevy_asset::server[0m[2m:[0m Path not found: original-ui/MagIcon/54.png
10-01 14:42:57.404  3589  3615 D EGL_emulation: app_time_stats: avg=201.93ms min=156.67ms max=263.17ms count=5
10-01 14:42:57.444  3589  3616 E event /Users/henryliu/.cargo/registry/src/index.crates.io-1949cf8c6b5b557f/bevy_asset-0.19.0/sPath not found: original-ui/MagIcon/54.png
10-01 14:42:57.444  3589  3614 I RustStdoutStderr: [2m2026-10-01T06:42:57.443936Z[0m [31mERROR[0m [2mbevy_asset::server[0m[2m:[0m Path not found: original-ui/MagIcon/54.png
10-01 14:42:57.716  3589  3616 E event /Users/henryliu/.cargo/registry/src/index.crates.io-1949cf8c6b5b557f/bevy_asset-0.19.0/sPath not found: original-ui/MagIcon/54.png
10-01 14:42:57.716  3589  3614 I RustStdoutStderr: [2m2026-10-01T06:42:57.716234Z[0m [31mERROR[0m [2mbevy_asset::server[0m[2m:[0m Path not found: original-ui/MagIcon/54.png
10-01 14:42:58.103  3589  3616 E event /Users/henryliu/.cargo/registry/src/index.crates.io-1949cf8c6b5b557f/bevy_asset-0.19.0/sPath not found: original-ui/MagIcon/54.png
10-01 14:42:58.131  3589  3614 I RustStdoutStderr: [2m2026-10-01T06:42:58.103492Z[0m [31mERROR[0m [2mbevy_asset::server[0m[2m:[0m Path not found: original-ui/MagIcon/54.png
10-01 14:42:58.471  3589  3616 E event /Users/henryliu/.cargo/registry/src/index.crates.io-1949cf8c6b5b557f/bevy_asset-0.19.0/sPath not found: original-ui/MagIcon/54.png
10-01 14:42:58.475  3589  3614 I RustStdoutStderr: [2m2026-10-01T06:42:58.470960Z[0m [31mERROR[0m [2mbevy_asset::server[0m[2m:[0m Path not found: original-ui/MagIcon/54.png
10-01 14:42:58.539  3589  3615 D EGL_emulation: app_time_stats: avg=283.51ms min=105.33ms max=530.44ms count=4
10-01 14:42:58.621  3589  3616 E event /Users/henryliu/.cargo/registry/src/index.crates.io-1949cf8c6b5b557f/bevy_asset-0.19.0/sPath not found: original-ui/MagIcon/54.png
10-01 14:42:58.622  3589  3614 I RustStdoutStderr: [2m2026-10-01T06:42:58.620994Z[0m [31mERROR[0m [2mbevy_asset::server[0m[2m:[0m Path not found: original-ui/MagIcon/54.png
10-01 14:42:58.923  3589  3616 E event /Users/henryliu/.cargo/registry/src/index.crates.io-1949cf8c6b5b557f/bevy_asset-0.19.0/sPath not found: original-ui/MagIcon/54.png
10-01 14:42:58.929  3589  3614 I RustStdoutStderr: [2m2026-10-01T06:42:58.923628Z[0m [31mERROR[0m [2mbevy_asset::server[0m[2m:[0m Path not found: original-ui/MagIcon/54.png
10-01 14:42:59.202  3589  3616 E event /Users/henryliu/.cargo/registry/src/index.crates.io-1949cf8c6b5b557f/bevy_asset-0.19.0/sPath not found: original-ui/MagIcon/54.png
10-01 14:42:59.202  3589  3614 I RustStdoutStderr: [2m2026-10-01T06:42:59.201933Z[0m [31mERROR[0m [2mbevy_asset::server[0m[2m:[0m Path not found: original-ui/MagIcon/54.png
10-01 14:42:59.549  3589  3615 D EGL_emulation: app_time_stats: avg=336.57ms min=247.85ms max=480.07ms count=3
10-01 14:42:59.627  3589  3616 E event /Users/henryliu/.cargo/registry/src/index.crates.io-1949cf8c6b5b557f/bevy_asset-0.19.0/sPath not found: original-ui/MagIcon/54.png
10-01 14:42:59.628  3589  3614 I RustStdoutStderr: [2m2026-10-01T06:42:59.627822Z[0m [31mERROR[0m [2mbevy_asset::server[0m[2m:[0m Path not found: original-ui/MagIcon/54.png
10-01 14:42:59.878  3589  3616 E event /Users/henryliu/.cargo/registry/src/index.crates.io-1949cf8c6b5b557f/bevy_asset-0.19.0/sPath not found: original-ui/MagIcon/54.png
10-01 14:42:59.879  3589  3614 I RustStdoutStderr: [2m2026-10-01T06:42:59.878326Z[0m [31mERROR[0m [2mbevy_asset::server[0m[2m:[0m Path not found: original-ui/MagIcon/54.png
10-01 14:43:00.165  3589  3616 E event /Users/henryliu/.cargo/registry/src/index.crates.io-1949cf8c6b5b557f/bevy_asset-0.19.0/sPath not found: original-ui/MagIcon/54.png
10-01 14:43:00.167  3589  3614 I RustStdoutStderr: [2m2026-10-01T06:43:00.165494Z[0m [31mERROR[0m [2mbevy_asset::server[0m[2m:[0m Path not found: original-ui/MagIcon/54.png
10-01 14:43:00.449  3589  3616 E event /Users/henryliu/.cargo/registry/src/index.crates.io-1949cf8c6b5b557f/bevy_asset-0.19.0/sPath not found: original-ui/MagIcon/54.png
10-01 14:43:00.450  3589  3614 I RustStdoutStderr: [2m2026-10-01T06:43:00.449771Z[0m [31mERROR[0m [2mbevy_asset::server[0m[2m:[0m Path not found: original-ui/MagIcon/54.png
10-01 14:43:00.586  3589  3616 E event /Users/henryliu/.cargo/registry/src/index.crates.io-1949cf8c6b5b557f/bevy_asset-0.19.0/sPath not found: original-ui/MagIcon/54.png
10-01 14:43:00.587  3589  3614 I RustStdoutStderr: [2m2026-10-01T06:43:00.586675Z[0m [31mERROR[0m [2mbevy_asset::server[0m[2m:[0m Path not found: original-ui/MagIcon/54.png
10-01 14:43:00.672  3589  3615 D EGL_emulation: app_time_stats: avg=224.51ms min=128.27ms max=347.70ms count=5
10-01 14:43:00.708  3589  3616 E event /Users/henryliu/.cargo/registry/src/index.crates.io-1949cf8c6b5b557f/bevy_asset-0.19.0/sPath not found: original-ui/MagIcon/54.png
10-01 14:43:00.709  3589  3614 I RustStdoutStderr: [2m2026-10-01T06:43:00.708230Z[0m [31mERROR[0m [2mbevy_asset::server[0m[2m:[0m Path not found: original-ui/MagIcon/54.png
10-01 14:43:01.041  3589  3616 E event /Users/henryliu/.cargo/registry/src/index.crates.io-1949cf8c6b5b557f/bevy_asset-0.19.0/sPath not found: original-ui/MagIcon/54.png
10-01 14:43:01.042  3589  3614 I RustStdoutStderr: [2m2026-10-01T06:43:01.041426Z[0m [31mERROR[0m [2mbevy_asset::server[0m[2m:[0m Path not found: original-ui/MagIcon/54.png
10-01 14:43:01.475  3589  3616 E event /Users/henryliu/.cargo/registry/src/index.crates.io-1949cf8c6b5b557f/bevy_asset-0.19.0/sPath not found: original-ui/MagIcon/54.png
10-01 14:43:01.479  3589  3614 I RustStdoutStderr: [2m2026-10-01T06:43:01.462918Z[0m [31mERROR[0m [2mbevy_asset::server[0m[2m:[0m Path not found: original-ui/MagIcon/54.png
10-01 14:43:01.732  3589  3616 E event /Users/henryliu/.cargo/registry/src/index.crates.io-1949cf8c6b5b557f/bevy_asset-0.19.0/sPath not found: original-ui/MagIcon/54.png
10-01 14:43:01.732  3589  3614 I RustStdoutStderr: [2m2026-10-01T06:43:01.731991Z[0m [31mERROR[0m [2mbevy_asset::server[0m[2m:[0m Path not found: original-ui/MagIcon/54.png
10-01 14:43:01.778  3589  3615 D EGL_emulation: app_time_stats: avg=276.11ms min=166.27ms max=441.83ms count=4
10-01 14:43:01.830  3589  3616 E event /Users/henryliu/.cargo/registry/src/index.crates.io-1949cf8c6b5b557f/bevy_asset-0.19.0/sPath not found: original-ui/MagIcon/54.png
10-01 14:43:01.831  3589  3614 I RustStdoutStderr: [2m2026-10-01T06:43:01.830679Z[0m [31mERROR[0m [2mbevy_asset::server[0m[2m:[0m Path not found: original-ui/MagIcon/54.png
10-01 14:43:01.984  3589  3616 E event /Users/henryliu/.cargo/registry/src/index.crates.io-1949cf8c6b5b557f/bevy_asset-0.19.0/sPath not found: original-ui/MagIcon/54.png
10-01 14:43:01.986  3589  3614 I RustStdoutStderr: [2m2026-10-01T06:43:01.984605Z[0m [31mERROR[0m [2mbevy_asset::server[0m[2m:[0m Path not found: original-ui/MagIcon/54.png
10-01 14:43:02.205  3589  3616 E event /Users/henryliu/.cargo/registry/src/index.crates.io-1949cf8c6b5b557f/bevy_asset-0.19.0/sPath not found: original-ui/MagIcon/54.png
10-01 14:43:02.205  3589  3614 I RustStdoutStderr: [2m2026-10-01T06:43:02.205264Z[0m [31mERROR[0m [2mbevy_asset::server[0m[2m:[0m Path not found: original-ui/MagIcon/54.png
10-01 14:43:02.579  3589  3616 E event /Users/henryliu/.cargo/registry/src/index.crates.io-1949cf8c6b5b557f/bevy_asset-0.19.0/sPath not found: original-ui/MagIcon/54.png
10-01 14:43:02.580  3589  3614 I RustStdoutStderr: [2m2026-10-01T06:43:02.579380Z[0m [31mERROR[0m [2mbevy_asset::server[0m[2m:[0m Path not found: original-ui/MagIcon/54.png
10-01 14:43:02.957  3589  3616 E event /Users/henryliu/.cargo/registry/src/index.crates.io-1949cf8c6b5b557f/bevy_asset-0.19.0/sPath not found: original-ui/MagIcon/54.png
10-01 14:43:02.968  3589  3614 I RustStdoutStderr: [2m2026-10-01T06:43:02.956930Z[0m [31mERROR[0m [2mbevy_asset::server[0m[2m:[0m Path not found: original-ui/MagIcon/54.png
10-01 14:43:03.161  3589  3615 D EGL_emulation: app_time_stats: avg=276.62ms min=135.98ms max=461.14ms count=5
10-01 14:43:03.549  3589  3616 E event /Users/henryliu/.cargo/registry/src/index.crates.io-1949cf8c6b5b557f/bevy_asset-0.19.0/sPath not found: original-ui/MagIcon/54.png
10-01 14:43:03.551  3589  3614 I RustStdoutStderr: [2m2026-10-01T06:43:03.548205Z[0m [31mERROR[0m [2mbevy_asset::server[0m[2m:[0m Path not found: original-ui/MagIcon/54.png
10-01 14:43:03.800  3589  3616 E event /Users/henryliu/.cargo/registry/src/index.crates.io-1949cf8c6b5b557f/bevy_asset-0.19.0/sPath not found: original-ui/MagIcon/54.png
10-01 14:43:03.801  3589  3614 I RustStdoutStderr: [2m2026-10-01T06:43:03.800712Z[0m [31mERROR[0m [2mbevy_asset::server[0m[2m:[0m Path not found: original-ui/MagIcon/54.png
10-01 14:43:04.053  3589  3616 E event /Users/henryliu/.cargo/registry/src/index.crates.io-1949cf8c6b5b557f/bevy_asset-0.19.0/sPath not found: original-ui/MagIcon/54.png
10-01 14:43:04.060  3589  3614 I RustStdoutStderr: [2m2026-10-01T06:43:04.051056Z[0m [31mERROR[0m [2mbevy_asset::server[0m[2m:[0m Path not found: original-ui/MagIcon/54.png
10-01 14:43:04.167  3589  3615 D EGL_emulation: app_time_stats: avg=332.39ms min=220.27ms max=528.29ms count=3
10-01 14:43:04.273  3589  3616 E event /Users/henryliu/.cargo/registry/src/index.crates.io-1949cf8c6b5b557f/bevy_asset-0.19.0/sPath not found: original-ui/MagIcon/54.png
10-01 14:43:04.277  3589  3614 I RustStdoutStderr: [2m2026-10-01T06:43:04.272253Z[0m [31mERROR[0m [2mbevy_asset::server[0m[2m:[0m Path not found: original-ui/MagIcon/54.png
10-01 14:43:04.636  3589  3616 E event /Users/henryliu/.cargo/registry/src/index.crates.io-1949cf8c6b5b557f/bevy_asset-0.19.0/sPath not found: original-ui/MagIcon/54.png
10-01 14:43:04.639  3589  3614 I RustStdoutStderr: [2m2026-10-01T06:43:04.636322Z[0m [31mERROR[0m [2mbevy_asset::server[0m[2m:[0m Path not found: original-ui/MagIcon/54.png
10-01 14:43:04.930  3589  3614 I RustStdoutStderr: [2m2026-10-01T06:43:04.919908Z[0m [31mERROR[0m [2mbevy_asset::server[0m[2m:[0m Path not found: original-ui/MagIcon/54.png
10-01 14:43:04.931  3589  3616 E event /Users/henryliu/.cargo/registry/src/index.crates.io-1949cf8c6b5b557f/bevy_asset-0.19.0/sPath not found: original-ui/MagIcon/54.png
10-01 14:43:05.131  3589  3616 E event /Users/henryliu/.cargo/registry/src/index.crates.io-1949cf8c6b5b557f/bevy_asset-0.19.0/sPath not found: original-ui/MagIcon/54.png
10-01 14:43:05.131  3589  3614 I RustStdoutStderr: [2m2026-10-01T06:43:05.130920Z[0m [31mERROR[0m [2mbevy_asset::server[0m[2m:[0m Path not found: original-ui/MagIcon/54.png
10-01 14:43:05.242  3589  3615 D EGL_emulation: app_time_stats: avg=268.77ms min=181.77ms max=342.54ms count=4
10-01 14:43:05.293  3589  3616 E event /Users/henryliu/.cargo/registry/src/index.crates.io-1949cf8c6b5b557f/bevy_asset-0.19.0/sPath not found: original-ui/MagIcon/54.png
10-01 14:43:05.293  3589  3614 I RustStdoutStderr: [2m2026-10-01T06:43:05.287056Z[0m [31mERROR[0m [2mbevy_asset::server[0m[2m:[0m Path not found: original-ui/MagIcon/54.png
10-01 14:43:05.508  3589  3616 E event /Users/henryliu/.cargo/registry/src/index.crates.io-1949cf8c6b5b557f/bevy_asset-0.19.0/sPath not found: original-ui/MagIcon/54.png
10-01 14:43:05.509  3589  3614 I RustStdoutStderr: [2m2026-10-01T06:43:05.508549Z[0m [31mERROR[0m [2mbevy_asset::server[0m[2m:[0m Path not found: original-ui/MagIcon/54.png
10-01 14:43:05.639  3589  3616 E event /Users/henryliu/.cargo/registry/src/index.crates.io-1949cf8c6b5b557f/bevy_asset-0.19.0/sPath not found: original-ui/MagIcon/54.png
10-01 14:43:05.641  3589  3614 I RustStdoutStderr: [2m2026-10-01T06:43:05.639764Z[0m [31mERROR[0m [2mbevy_asset::server[0m[2m:[0m Path not found: original-ui/MagIcon/54.png
10-01 14:43:05.842  3589  3616 E event /Users/henryliu/.cargo/registry/src/index.crates.io-1949cf8c6b5b557f/bevy_asset-0.19.0/sPath not found: original-ui/MagIcon/54.png
10-01 14:43:05.842  3589  3614 I RustStdoutStderr: [2m2026-10-01T06:43:05.842245Z[0m [31mERROR[0m [2mbevy_asset::server[0m[2m:[0m Path not found: original-ui/MagIcon/54.png
10-01 14:43:05.944  3589  3616 E event /Users/henryliu/.cargo/registry/src/index.crates.io-1949cf8c6b5b557f/bevy_asset-0.19.0/sPath not found: original-ui/MagIcon/54.png
10-01 14:43:05.944  3589  3614 I RustStdoutStderr: [2m2026-10-01T06:43:05.944021Z[0m [31mERROR[0m [2mbevy_asset::server[0m[2m:[0m Path not found: original-ui/MagIcon/54.png
10-01 14:43:06.180  3589  3616 E event /Users/henryliu/.cargo/registry/src/index.crates.io-1949cf8c6b5b557f/bevy_asset-0.19.0/sPath not found: original-ui/MagIcon/54.png
10-01 14:43:06.180  3589  3614 I RustStdoutStderr: [2m2026-10-01T06:43:06.180021Z[0m [31mERROR[0m [2mbevy_asset::server[0m[2m:[0m Path not found: original-ui/MagIcon/54.png
10-01 14:43:06.274  3589  3615 D EGL_emulation: app_time_stats: avg=171.91ms min=113.73ms max=231.03ms count=6
10-01 14:43:06.326  3589  3616 E event /Users/henryliu/.cargo/registry/src/index.crates.io-1949cf8c6b5b557f/bevy_asset-0.19.0/sPath not found: original-ui/MagIcon/54.png
10-01 14:43:06.327  3589  3614 I RustStdoutStderr: [2m2026-10-01T06:43:06.326720Z[0m [31mERROR[0m [2mbevy_asset::server[0m[2m:[0m Path not found: original-ui/MagIcon/54.png
10-01 14:43:06.427  3589  3616 E event /Users/henryliu/.cargo/registry/src/index.crates.io-1949cf8c6b5b557f/bevy_asset-0.19.0/sPath not found: original-ui/MagIcon/54.png
10-01 14:43:06.428  3589  3614 I RustStdoutStderr: [2m2026-10-01T06:43:06.427893Z[0m [31mERROR[0m [2mbevy_asset::server[0m[2m:[0m Path not found: original-ui/MagIcon/54.png
10-01 14:43:06.581  3589  3616 E event /Users/henryliu/.cargo/registry/src/index.crates.io-1949cf8c6b5b557f/bevy_asset-0.19.0/sPath not found: original-ui/MagIcon/54.png
10-01 14:43:06.584  3589  3614 I RustStdoutStderr: [2m2026-10-01T06:43:06.581175Z[0m [31mERROR[0m [2mbevy_asset::server[0m[2m:[0m Path not found: original-ui/MagIcon/54.png
10-01 14:43:06.806  3589  3616 E event /Users/henryliu/.cargo/registry/src/index.crates.io-1949cf8c6b5b557f/bevy_asset-0.19.0/sPath not found: original-ui/MagIcon/54.png
10-01 14:43:06.807  3589  3614 I RustStdoutStderr: [2m2026-10-01T06:43:06.806450Z[0m [31mERROR[0m [2mbevy_asset::server[0m[2m:[0m Path not found: original-ui/MagIcon/54.png
10-01 14:43:07.053  3589  3616 E event /Users/henryliu/.cargo/registry/src/index.crates.io-1949cf8c6b5b557f/bevy_asset-0.19.0/sPath not found: original-ui/MagIcon/54.png
10-01 14:43:07.053  3589  3614 I RustStdoutStderr: [2m2026-10-01T06:43:07.053568Z[0m [31mERROR[0m [2mbevy_asset::server[0m[2m:[0m Path not found: original-ui/MagIcon/54.png
10-01 14:43:07.276  3589  3615 D EGL_emulation: app_time_stats: avg=200.34ms min=84.66ms max=364.99ms count=5
10-01 14:43:07.375  3589  3616 E event /Users/henryliu/.cargo/registry/src/index.crates.io-1949cf8c6b5b557f/bevy_asset-0.19.0/sPath not found: original-ui/MagIcon/54.png
10-01 14:43:07.375  3589  3614 I RustStdoutStderr: [2m2026-10-01T06:43:07.375279Z[0m [31mERROR[0m [2mbevy_asset::server[0m[2m:[0m Path not found: original-ui/MagIcon/54.png
10-01 14:43:07.554  3589  3616 E event /Users/henryliu/.cargo/registry/src/index.crates.io-1949cf8c6b5b557f/bevy_asset-0.19.0/sPath not found: original-ui/MagIcon/54.png
10-01 14:43:07.555  3589  3614 I RustStdoutStderr: [2m2026-10-01T06:43:07.554753Z[0m [31mERROR[0m [2mbevy_asset::server[0m[2m:[0m Path not found: original-ui/MagIcon/54.png
10-01 14:43:07.744  3589  3616 E event /Users/henryliu/.cargo/registry/src/index.crates.io-1949cf8c6b5b557f/bevy_asset-0.19.0/sPath not found: original-ui/MagIcon/54.png
10-01 14:43:07.751  3589  3614 I RustStdoutStderr: [2m2026-10-01T06:43:07.744156Z[0m [31mERROR[0m [2mbevy_asset::server[0m[2m:[0m Path not found: original-ui/MagIcon/54.png
10-01 14:43:07.889  3589  3616 E event /Users/henryliu/.cargo/registry/src/index.crates.io-1949cf8c6b5b557f/bevy_asset-0.19.0/sPath not found: original-ui/MagIcon/54.png
10-01 14:43:07.889  3589  3614 I RustStdoutStderr: [2m2026-10-01T06:43:07.889553Z[0m [31mERROR[0m [2mbevy_asset::server[0m[2m:[0m Path not found: original-ui/MagIcon/54.png
10-01 14:43:08.118  3589  3616 E event /Users/henryliu/.cargo/registry/src/index.crates.io-1949cf8c6b5b557f/bevy_asset-0.19.0/sPath not found: original-ui/MagIcon/54.png
10-01 14:43:08.119  3589  3614 I RustStdoutStderr: [2m2026-10-01T06:43:08.116661Z[0m [31mERROR[0m [2mbevy_asset::server[0m[2m:[0m Path not found: original-ui/MagIcon/54.png
10-01 14:43:08.366  3589  3616 E event /Users/henryliu/.cargo/registry/src/index.crates.io-1949cf8c6b5b557f/bevy_asset-0.19.0/sPath not found: original-ui/MagIcon/54.png
10-01 14:43:08.367  3589  3614 I RustStdoutStderr: [2m2026-10-01T06:43:08.366814Z[0m [31mERROR[0m [2mbevy_asset::server[0m[2m:[0m Path not found: original-ui/MagIcon/54.png
10-01 14:43:08.493  3589  3615 D EGL_emulation: app_time_stats: avg=202.59ms min=139.73ms max=294.29ms count=6
10-01 14:43:08.574  3589  3616 E event /Users/henryliu/.cargo/registry/src/index.crates.io-1949cf8c6b5b557f/bevy_asset-0.19.0/sPath not found: original-ui/MagIcon/54.png
10-01 14:43:08.575  3589  3614 I RustStdoutStderr: [2m2026-10-01T06:43:08.574686Z[0m [31mERROR[0m [2mbevy_asset::server[0m[2m:[0m Path not found: original-ui/MagIcon/54.png
10-01 14:43:08.862  3589  3616 E event /Users/henryliu/.cargo/registry/src/index.crates.io-1949cf8c6b5b557f/bevy_asset-0.19.0/sPath not found: original-ui/MagIcon/54.png
10-01 14:43:08.862  3589  3614 I RustStdoutStderr: [2m2026-10-01T06:43:08.862005Z[0m [31mERROR[0m [2mbevy_asset::server[0m[2m:[0m Path not found: original-ui/MagIcon/54.png
10-01 14:43:09.014  3589  3616 E event /Users/henryliu/.cargo/registry/src/index.crates.io-1949cf8c6b5b557f/bevy_asset-0.19.0/sPath not found: original-ui/MagIcon/54.png
10-01 14:43:09.014  3589  3614 I RustStdoutStderr: [2m2026-10-01T06:43:09.014086Z[0m [31mERROR[0m [2mbevy_asset::server[0m[2m:[0m Path not found: original-ui/MagIcon/54.png
10-01 14:43:09.384  3589  3616 E event /Users/henryliu/.cargo/registry/src/index.crates.io-1949cf8c6b5b557f/bevy_asset-0.19.0/sPath not found: original-ui/MagIcon/54.png
10-01 14:43:09.384  3589  3614 I RustStdoutStderr: [2m2026-10-01T06:43:09.384270Z[0m [31mERROR[0m [2mbevy_asset::server[0m[2m:[0m Path not found: original-ui/MagIcon/54.png
10-01 14:43:09.550  3589  3616 E event /Users/henryliu/.cargo/registry/src/index.crates.io-1949cf8c6b5b557f/bevy_asset-0.19.0/sPath not found: original-ui/MagIcon/54.png
10-01 14:43:09.551  3589  3614 I RustStdoutStderr: [2m2026-10-01T06:43:09.550008Z[0m [31mERROR[0m [2mbevy_asset::server[0m[2m:[0m Path not found: original-ui/MagIcon/54.png
10-01 14:43:09.980  3589  3615 D EGL_emulation: app_time_stats: avg=297.28ms min=218.80ms max=537.18ms count=5
10-01 14:43:10.095  3589  3616 E event /Users/henryliu/.cargo/registry/src/index.crates.io-1949cf8c6b5b557f/bevy_asset-0.19.0/sPath not found: original-ui/MagIcon/54.png
10-01 14:43:10.096  3589  3614 I RustStdoutStderr: [2m2026-10-01T06:43:10.095019Z[0m [31mERROR[0m [2mbevy_asset::server[0m[2m:[0m Path not found: original-ui/MagIcon/54.png
10-01 14:43:10.290  3589  3616 E event /Users/henryliu/.cargo/registry/src/index.crates.io-1949cf8c6b5b557f/bevy_asset-0.19.0/sPath not found: original-ui/MagIcon/54.png
10-01 14:43:10.291  3589  3614 I RustStdoutStderr: [2m2026-10-01T06:43:10.289749Z[0m [31mERROR[0m [2mbevy_asset::server[0m[2m:[0m Path not found: original-ui/MagIcon/54.png
10-01 14:43:10.494  3589  3616 E event /Users/henryliu/.cargo/registry/src/index.crates.io-1949cf8c6b5b557f/bevy_asset-0.19.0/sPath not found: original-ui/MagIcon/54.png
10-01 14:43:10.494  3589  3614 I RustStdoutStderr: [2m2026-10-01T06:43:10.494344Z[0m [31mERROR[0m [2mbevy_asset::server[0m[2m:[0m Path not found: original-ui/MagIcon/54.png
10-01 14:43:10.862  3589  3616 E event /Users/henryliu/.cargo/registry/src/index.crates.io-1949cf8c6b5b557f/bevy_asset-0.19.0/sPath not found: original-ui/MagIcon/54.png
10-01 14:43:10.862  3589  3614 I RustStdoutStderr: [2m2026-10-01T06:43:10.862029Z[0m [31mERROR[0m [2mbevy_asset::server[0m[2m:[0m Path not found: original-ui/MagIcon/54.png
10-01 14:43:10.987  3589  3615 D EGL_emulation: app_time_stats: avg=251.65ms min=212.34ms max=348.64ms count=4
10-01 14:43:11.293  3589  3616 E event /Users/henryliu/.cargo/registry/src/index.crates.io-1949cf8c6b5b557f/bevy_asset-0.19.0/sPath not found: original-ui/MagIcon/54.png
10-01 14:43:11.293  3589  3614 I RustStdoutStderr: [2m2026-10-01T06:43:11.293090Z[0m [31mERROR[0m [2mbevy_asset::server[0m[2m:[0m Path not found: original-ui/MagIcon/54.png
10-01 14:43:11.549  3589  3616 E event /Users/henryliu/.cargo/registry/src/index.crates.io-1949cf8c6b5b557f/bevy_asset-0.19.0/sPath not found: original-ui/MagIcon/54.png
10-01 14:43:11.550  3589  3614 I RustStdoutStderr: [2m2026-10-01T06:43:11.549570Z[0m [31mERROR[0m [2mbevy_asset::server[0m[2m:[0m Path not found: original-ui/MagIcon/54.png
10-01 14:43:11.877  3589  3614 I RustStdoutStderr: [2m2026-10-01T06:43:11.863904Z[0m [31mERROR[0m [2mbevy_asset::server[0m[2m:[0m Path not found: original-ui/MagIcon/54.png
10-01 14:43:11.906  3589  3616 E event /Users/henryliu/.cargo/registry/src/index.crates.io-1949cf8c6b5b557f/bevy_asset-0.19.0/sPath not found: original-ui/MagIcon/54.png
10-01 14:43:11.997  3589  3614 I RustStdoutStderr: [2m2026-10-01T06:43:11.997108Z[0m [31mERROR[0m [2mbevy_asset::server[0m[2m:[0m Path not found: original-ui/MagIcon/54.png
10-01 14:43:11.997  3589  3616 E event /Users/henryliu/.cargo/registry/src/index.crates.io-1949cf8c6b5b557f/bevy_asset-0.19.0/sPath not found: original-ui/MagIcon/54.png
10-01 14:43:12.056  3589  3615 D EGL_emulation: app_time_stats: avg=267.29ms min=102.37ms max=510.14ms count=4
10-01 14:43:12.109  3589  3616 E event /Users/henryliu/.cargo/registry/src/index.crates.io-1949cf8c6b5b557f/bevy_asset-0.19.0/sPath not found: original-ui/MagIcon/54.png
10-01 14:43:12.110  3589  3614 I RustStdoutStderr: [2m2026-10-01T06:43:12.109562Z[0m [31mERROR[0m [2mbevy_asset::server[0m[2m:[0m Path not found: original-ui/MagIcon/54.png
10-01 14:43:12.437  3589  3616 E event /Users/henryliu/.cargo/registry/src/index.crates.io-1949cf8c6b5b557f/bevy_asset-0.19.0/sPath not found: original-ui/MagIcon/54.png
10-01 14:43:12.444  3589  3614 I RustStdoutStderr: [2m2026-10-01T06:43:12.437349Z[0m [31mERROR[0m [2mbevy_asset::server[0m[2m:[0m Path not found: original-ui/MagIcon/54.png
10-01 14:43:12.645  3589  3616 E event /Users/henryliu/.cargo/registry/src/index.crates.io-1949cf8c6b5b557f/bevy_asset-0.19.0/sPath not found: original-ui/MagIcon/54.png
10-01 14:43:12.646  3589  3614 I RustStdoutStderr: [2m2026-10-01T06:43:12.645188Z[0m [31mERROR[0m [2mbevy_asset::server[0m[2m:[0m Path not found: original-ui/MagIcon/54.png
10-01 14:43:12.931  3589  3616 E event /Users/henryliu/.cargo/registry/src/index.crates.io-1949cf8c6b5b557f/bevy_asset-0.19.0/sPath not found: original-ui/MagIcon/54.png
10-01 14:43:12.933  3589  3614 I RustStdoutStderr: [2m2026-10-01T06:43:12.931124Z[0m [31mERROR[0m [2mbevy_asset::server[0m[2m:[0m Path not found: original-ui/MagIcon/54.png
10-01 14:43:13.145  3589  3615 D EGL_emulation: app_time_stats: avg=272.10ms min=175.57ms max=357.18ms count=4
10-01 14:43:13.272  3589  3616 E event /Users/henryliu/.cargo/registry/src/index.crates.io-1949cf8c6b5b557f/bevy_asset-0.19.0/sPath not found: original-ui/MagIcon/54.png
10-01 14:43:13.273  3589  3614 I RustStdoutStderr: [2m2026-10-01T06:43:13.271983Z[0m [31mERROR[0m [2mbevy_asset::server[0m[2m:[0m Path not found: original-ui/MagIcon/54.png
10-01 14:43:13.538  3589  3616 E event /Users/henryliu/.cargo/registry/src/index.crates.io-1949cf8c6b5b557f/bevy_asset-0.19.0/sPath not found: original-ui/MagIcon/54.png
10-01 14:43:13.539  3589  3614 I RustStdoutStderr: [2m2026-10-01T06:43:13.538627Z[0m [31mERROR[0m [2mbevy_asset::server[0m[2m:[0m Path not found: original-ui/MagIcon/54.png
10-01 14:43:13.752  3589  3616 E event /Users/henryliu/.cargo/registry/src/index.crates.io-1949cf8c6b5b557f/bevy_asset-0.19.0/sPath not found: original-ui/MagIcon/54.png
10-01 14:43:13.753  3589  3614 I RustStdoutStderr: [2m2026-10-01T06:43:13.752723Z[0m [31mERROR[0m [2mbevy_asset::server[0m[2m:[0m Path not found: original-ui/MagIcon/54.png
10-01 14:43:13.940  3589  3616 E event /Users/henryliu/.cargo/registry/src/index.crates.io-1949cf8c6b5b557f/bevy_asset-0.19.0/sPath not found: original-ui/MagIcon/54.png
10-01 14:43:13.941  3589  3614 I RustStdoutStderr: [2m2026-10-01T06:43:13.939365Z[0m [31mERROR[0m [2mbevy_asset::server[0m[2m:[0m Path not found: original-ui/MagIcon/54.png
10-01 14:43:14.313  3589  3615 D EGL_emulation: app_time_stats: avg=291.85ms min=135.14ms max=466.11ms count=4
10-01 14:43:14.431  3589  3616 E event /Users/henryliu/.cargo/registry/src/index.crates.io-1949cf8c6b5b557f/bevy_asset-0.19.0/sPath not found: original-ui/MagIcon/54.png
10-01 14:43:14.431  3589  3614 I RustStdoutStderr: [2m2026-10-01T06:43:14.431184Z[0m [31mERROR[0m [2mbevy_asset::server[0m[2m:[0m Path not found: original-ui/MagIcon/54.png
10-01 14:43:14.768  3589  3616 E event /Users/henryliu/.cargo/registry/src/index.crates.io-1949cf8c6b5b557f/bevy_asset-0.19.0/sPath not found: original-ui/MagIcon/54.png
10-01 14:43:14.771  3589  3614 I RustStdoutStderr: [2m2026-10-01T06:43:14.768503Z[0m [31mERROR[0m [2mbevy_asset::server[0m[2m:[0m Path not found: original-ui/MagIcon/54.png
10-01 14:43:15.068  3589  3614 I RustStdoutStderr: [2m2026-10-01T06:43:15.068196Z[0m [31mERROR[0m [2mbevy_asset::server[0m[2m:[0m Path not found: original-ui/MagIcon/54.png
10-01 14:43:15.068  3589  3616 E event /Users/henryliu/.cargo/registry/src/index.crates.io-1949cf8c6b5b557f/bevy_asset-0.19.0/sPath not found: original-ui/MagIcon/54.png
10-01 14:43:15.228  3589  3616 E event /Users/henryliu/.cargo/registry/src/index.crates.io-1949cf8c6b5b557f/bevy_asset-0.19.0/sPath not found: original-ui/MagIcon/54.png
10-01 14:43:15.229  3589  3614 I RustStdoutStderr: [2m2026-10-01T06:43:15.228603Z[0m [31mERROR[0m [2mbevy_asset::server[0m[2m:[0m Path not found: original-ui/MagIcon/54.png
10-01 14:43:15.339  3589  3615 D EGL_emulation: app_time_stats: avg=255.88ms min=160.68ms max=384.16ms count=4
10-01 14:43:15.510  3589  3616 E event /Users/henryliu/.cargo/registry/src/index.crates.io-1949cf8c6b5b557f/bevy_asset-0.19.0/sPath not found: original-ui/MagIcon/54.png
10-01 14:43:15.511  3589  3614 I RustStdoutStderr: [2m2026-10-01T06:43:15.510190Z[0m [31mERROR[0m [2mbevy_asset::server[0m[2m:[0m Path not found: original-ui/MagIcon/54.png
10-01 14:43:15.824  3589  3616 E event /Users/henryliu/.cargo/registry/src/index.crates.io-1949cf8c6b5b557f/bevy_asset-0.19.0/sPath not found: original-ui/MagIcon/54.png
10-01 14:43:15.825  3589  3614 I RustStdoutStderr: [2m2026-10-01T06:43:15.824662Z[0m [31mERROR[0m [2mbevy_asset::server[0m[2m:[0m Path not found: original-ui/MagIcon/54.png
10-01 14:43:16.066  3589  3616 E event /Users/henryliu/.cargo/registry/src/index.crates.io-1949cf8c6b5b557f/bevy_asset-0.19.0/sPath not found: original-ui/MagIcon/54.png
10-01 14:43:16.067  3589  3614 I RustStdoutStderr: [2m2026-10-01T06:43:16.066356Z[0m [31mERROR[0m [2mbevy_asset::server[0m[2m:[0m Path not found: original-ui/MagIcon/54.png
10-01 14:43:16.473  3589  3616 E event /Users/henryliu/.cargo/registry/src/index.crates.io-1949cf8c6b5b557f/bevy_asset-0.19.0/sPath not found: original-ui/MagIcon/54.png
10-01 14:43:16.473  3589  3614 I RustStdoutStderr: [2m2026-10-01T06:43:16.473094Z[0m [31mERROR[0m [2mbevy_asset::server[0m[2m:[0m Path not found: original-ui/MagIcon/54.png
10-01 14:43:16.658  3589  3615 D EGL_emulation: app_time_stats: avg=329.40ms min=195.84ms max=470.90ms count=4
10-01 14:43:16.803  3589  3616 E event /Users/henryliu/.cargo/registry/src/index.crates.io-1949cf8c6b5b557f/bevy_asset-0.19.0/sPath not found: original-ui/MagIcon/54.png
10-01 14:43:16.803  3589  3614 I RustStdoutStderr: [2m2026-10-01T06:43:16.801358Z[0m [31mERROR[0m [2mbevy_asset::server[0m[2m:[0m Path not found: original-ui/MagIcon/54.png
10-01 14:43:17.246  3589  3616 E event /Users/henryliu/.cargo/registry/src/index.crates.io-1949cf8c6b5b557f/bevy_asset-0.19.0/sPath not found: original-ui/MagIcon/54.png
10-01 14:43:17.251  3589  3614 I RustStdoutStderr: [2m2026-10-01T06:43:17.246607Z[0m [31mERROR[0m [2mbevy_asset::server[0m[2m:[0m Path not found: original-ui/MagIcon/54.png
10-01 14:43:17.602  3589  3616 E event /Users/henryliu/.cargo/registry/src/index.crates.io-1949cf8c6b5b557f/bevy_asset-0.19.0/sPath not found: original-ui/MagIcon/54.png
10-01 14:43:17.602  3589  3614 I RustStdoutStderr: [2m2026-10-01T06:43:17.602069Z[0m [31mERROR[0m [2mbevy_asset::server[0m[2m:[0m Path not found: original-ui/MagIcon/54.png
10-01 14:43:17.879  3589  3615 D EGL_emulation: app_time_stats: avg=406.87ms min=367.64ms max=466.96ms count=3
10-01 14:43:18.079  3589  3616 E event /Users/henryliu/.cargo/registry/src/index.crates.io-1949cf8c6b5b557f/bevy_asset-0.19.0/sPath not found: original-ui/MagIcon/54.png
10-01 14:43:18.079  3589  3614 I RustStdoutStderr: [2m2026-10-01T06:43:18.079256Z[0m [31mERROR[0m [2mbevy_asset::server[0m[2m:[0m Path not found: original-ui/MagIcon/54.png
10-01 14:43:18.269  3589  3616 E event /Users/henryliu/.cargo/registry/src/index.crates.io-1949cf8c6b5b557f/bevy_asset-0.19.0/sPath not found: original-ui/MagIcon/54.png
10-01 14:43:18.270  3589  3614 I RustStdoutStderr: [2m2026-10-01T06:43:18.269402Z[0m [31mERROR[0m [2mbevy_asset::server[0m[2m:[0m Path not found: original-ui/MagIcon/54.png
10-01 14:43:18.422  3589  3616 E event /Users/henryliu/.cargo/registry/src/index.crates.io-1949cf8c6b5b557f/bevy_asset-0.19.0/sPath not found: original-ui/MagIcon/54.png
10-01 14:43:18.422  3589  3614 I RustStdoutStderr: [2m2026-10-01T06:43:18.422011Z[0m [31mERROR[0m [2mbevy_asset::server[0m[2m:[0m Path not found: original-ui/MagIcon/54.png
10-01 14:43:18.872  3589  3616 E event /Users/henryliu/.cargo/registry/src/index.crates.io-1949cf8c6b5b557f/bevy_asset-0.19.0/sPath not found: original-ui/MagIcon/54.png
10-01 14:43:18.873  3589  3614 I RustStdoutStderr: [2m2026-10-01T06:43:18.872419Z[0m [31mERROR[0m [2mbevy_asset::server[0m[2m:[0m Path not found: original-ui/MagIcon/54.png
10-01 14:43:19.085  3589  3615 D EGL_emulation: app_time_stats: avg=301.55ms min=168.94ms max=497.91ms count=4
10-01 14:43:19.252  3589  3616 E event /Users/henryliu/.cargo/registry/src/index.crates.io-1949cf8c6b5b557f/bevy_asset-0.19.0/sPath not found: original-ui/MagIcon/54.png
10-01 14:43:19.259  3589  3614 I RustStdoutStderr: [2m2026-10-01T06:43:19.252333Z[0m [31mERROR[0m [2mbevy_asset::server[0m[2m:[0m Path not found: original-ui/MagIcon/54.png
10-01 14:43:19.697  3589  3616 E event /Users/henryliu/.cargo/registry/src/index.crates.io-1949cf8c6b5b557f/bevy_asset-0.19.0/sPath not found: original-ui/MagIcon/54.png
10-01 14:43:19.698  3589  3614 I RustStdoutStderr: [2m2026-10-01T06:43:19.697368Z[0m [31mERROR[0m [2mbevy_asset::server[0m[2m:[0m Path not found: original-ui/MagIcon/54.png
10-01 14:43:20.003  3589  3614 I RustStdoutStderr: [2m2026-10-01T06:43:20.003693Z[0m [31mERROR[0m [2mbevy_asset::server[0m[2m:[0m Path not found: original-ui/MagIcon/54.png
10-01 14:43:20.003  3589  3616 E event /Users/henryliu/.cargo/registry/src/index.crates.io-1949cf8c6b5b557f/bevy_asset-0.19.0/sPath not found: original-ui/MagIcon/54.png
10-01 14:43:20.189  3589  3615 D EGL_emulation: app_time_stats: avg=367.96ms min=272.28ms max=519.76ms count=3
10-01 14:43:20.263  3589  3616 E event /Users/henryliu/.cargo/registry/src/index.crates.io-1949cf8c6b5b557f/bevy_asset-0.19.0/sPath not found: original-ui/MagIcon/54.png
10-01 14:43:20.264  3589  3614 I RustStdoutStderr: [2m2026-10-01T06:43:20.263684Z[0m [31mERROR[0m [2mbevy_asset::server[0m[2m:[0m Path not found: original-ui/MagIcon/54.png
10-01 14:43:20.731  3589  3616 E event /Users/henryliu/.cargo/registry/src/index.crates.io-1949cf8c6b5b557f/bevy_asset-0.19.0/sPath not found: original-ui/MagIcon/54.png
10-01 14:43:20.732  3589  3614 I RustStdoutStderr: [2m2026-10-01T06:43:20.730989Z[0m [31mERROR[0m [2mbevy_asset::server[0m[2m:[0m Path not found: original-ui/MagIcon/54.png
10-01 14:43:20.910  3589  3616 E event /Users/henryliu/.cargo/registry/src/index.crates.io-1949cf8c6b5b557f/bevy_asset-0.19.0/sPath not found: original-ui/MagIcon/54.png
10-01 14:43:20.911  3589  3614 I RustStdoutStderr: [2m2026-10-01T06:43:20.910473Z[0m [31mERROR[0m [2mbevy_asset::server[0m[2m:[0m Path not found: original-ui/MagIcon/54.png
10-01 14:43:21.159  3589  3616 E event /Users/henryliu/.cargo/registry/src/index.crates.io-1949cf8c6b5b557f/bevy_asset-0.19.0/sPath not found: original-ui/MagIcon/54.png
10-01 14:43:21.160  3589  3614 I RustStdoutStderr: [2m2026-10-01T06:43:21.159846Z[0m [31mERROR[0m [2mbevy_asset::server[0m[2m:[0m Path not found: original-ui/MagIcon/54.png
10-01 14:43:21.450  3589  3615 D EGL_emulation: app_time_stats: avg=315.10ms min=104.48ms max=497.45ms count=4
10-01 14:43:21.565  3589  3616 E event /Users/henryliu/.cargo/registry/src/index.crates.io-1949cf8c6b5b557f/bevy_asset-0.19.0/sPath not found: original-ui/MagIcon/54.png
10-01 14:43:21.567  3589  3614 I RustStdoutStderr: [2m2026-10-01T06:43:21.565086Z[0m [31mERROR[0m [2mbevy_asset::server[0m[2m:[0m Path not found: original-ui/MagIcon/54.png
10-01 14:43:21.839  3589  3616 E event /Users/henryliu/.cargo/registry/src/index.crates.io-1949cf8c6b5b557f/bevy_asset-0.19.0/sPath not found: original-ui/MagIcon/54.png
10-01 14:43:21.840  3589  3614 I RustStdoutStderr: [2m2026-10-01T06:43:21.839384Z[0m [31mERROR[0m [2mbevy_asset::server[0m[2m:[0m Path not found: original-ui/MagIcon/54.png
10-01 14:43:22.046  3589  3616 E event /Users/henryliu/.cargo/registry/src/index.crates.io-1949cf8c6b5b557f/bevy_asset-0.19.0/sPath not found: original-ui/MagIcon/54.png
10-01 14:43:22.048  3589  3614 I RustStdoutStderr: [2m2026-10-01T06:43:22.046049Z[0m [31mERROR[0m [2mbevy_asset::server[0m[2m:[0m Path not found: original-ui/MagIcon/54.png
10-01 14:43:22.312  3589  3616 E event /Users/henryliu/.cargo/registry/src/index.crates.io-1949cf8c6b5b557f/bevy_asset-0.19.0/sPath not found: original-ui/MagIcon/54.png
10-01 14:43:22.312  3589  3614 I RustStdoutStderr: [2m2026-10-01T06:43:22.311887Z[0m [31mERROR[0m [2mbevy_asset::server[0m[2m:[0m Path not found: original-ui/MagIcon/54.png
10-01 14:43:22.771  3589  3615 D EGL_emulation: app_time_stats: avg=330.14ms min=166.67ms max=591.55ms count=4
10-01 14:43:23.209  3589  3616 E event /Users/henryliu/.cargo/registry/src/index.crates.io-1949cf8c6b5b557f/bevy_asset-0.19.0/sPath not found: original-ui/MagIcon/54.png
10-01 14:43:23.222  3589  3614 I RustStdoutStderr: [2m2026-10-01T06:43:23.209746Z[0m [31mERROR[0m [2mbevy_asset::server[0m[2m:[0m Path not found: original-ui/MagIcon/54.png
10-01 14:43:23.455  3589  3616 E event /Users/henryliu/.cargo/registry/src/index.crates.io-1949cf8c6b5b557f/bevy_asset-0.19.0/sPath not found: original-ui/MagIcon/54.png
10-01 14:43:23.456  3589  3614 I RustStdoutStderr: [2m2026-10-01T06:43:23.452693Z[0m [31mERROR[0m [2mbevy_asset::server[0m[2m:[0m Path not found: original-ui/MagIcon/54.png
10-01 14:43:23.662  3589  3616 E event /Users/henryliu/.cargo/registry/src/index.crates.io-1949cf8c6b5b557f/bevy_asset-0.19.0/sPath not found: original-ui/MagIcon/54.png
10-01 14:43:23.662  3589  3614 I RustStdoutStderr: [2m2026-10-01T06:43:23.662219Z[0m [31mERROR[0m [2mbevy_asset::server[0m[2m:[0m Path not found: original-ui/MagIcon/54.png
10-01 14:43:24.048  3589  3615 D EGL_emulation: app_time_stats: avg=425.62ms min=237.15ms max=556.42ms count=3
10-01 14:43:24.130  3589  3616 E event /Users/henryliu/.cargo/registry/src/index.crates.io-1949cf8c6b5b557f/bevy_asset-0.19.0/sPath not found: original-ui/MagIcon/54.png
10-01 14:43:24.131  3589  3614 I RustStdoutStderr: [2m2026-10-01T06:43:24.130666Z[0m [31mERROR[0m [2mbevy_asset::server[0m[2m:[0m Path not found: original-ui/MagIcon/54.png
10-01 14:43:24.402  3589  3616 E event /Users/henryliu/.cargo/registry/src/index.crates.io-1949cf8c6b5b557f/bevy_asset-0.19.0/sPath not found: original-ui/MagIcon/54.png
10-01 14:43:24.402  3589  3614 I RustStdoutStderr: [2m2026-10-01T06:43:24.401935Z[0m [31mERROR[0m [2mbevy_asset::server[0m[2m:[0m Path not found: original-ui/MagIcon/54.png
10-01 14:43:24.588  3589  3616 E event /Users/henryliu/.cargo/registry/src/index.crates.io-1949cf8c6b5b557f/bevy_asset-0.19.0/sPath not found: original-ui/MagIcon/54.png
10-01 14:43:24.588  3589  3614 I RustStdoutStderr: [2m2026-10-01T06:43:24.588267Z[0m [31mERROR[0m [2mbevy_asset::server[0m[2m:[0m Path not found: original-ui/MagIcon/54.png
10-01 14:43:24.902  3589  3616 E event /Users/henryliu/.cargo/registry/src/index.crates.io-1949cf8c6b5b557f/bevy_asset-0.19.0/sPath not found: original-ui/MagIcon/54.png
10-01 14:43:24.904  3589  3614 I RustStdoutStderr: [2m2026-10-01T06:43:24.902789Z[0m [31mERROR[0m [2mbevy_asset::server[0m[2m:[0m Path not found: original-ui/MagIcon/54.png
10-01 14:43:25.012  3589  3616 E event /Users/henryliu/.cargo/registry/src/index.crates.io-1949cf8c6b5b557f/bevy_asset-0.19.0/sPath not found: original-ui/MagIcon/54.png
10-01 14:43:25.013  3589  3614 I RustStdoutStderr: [2m2026-10-01T06:43:25.012677Z[0m [31mERROR[0m [2mbevy_asset::server[0m[2m:[0m Path not found: original-ui/MagIcon/54.png
10-01 14:43:25.174  3589  3615 D EGL_emulation: app_time_stats: avg=224.97ms min=133.73ms max=300.67ms count=5
10-01 14:43:25.246  3589  3616 E event /Users/henryliu/.cargo/registry/src/index.crates.io-1949cf8c6b5b557f/bevy_asset-0.19.0/sPath not found: original-ui/MagIcon/54.png
10-01 14:43:25.246  3589  3614 I RustStdoutStderr: [2m2026-10-01T06:43:25.246378Z[0m [31mERROR[0m [2mbevy_asset::server[0m[2m:[0m Path not found: original-ui/MagIcon/54.png
10-01 14:43:25.623  3589  3616 E event /Users/henryliu/.cargo/registry/src/index.crates.io-1949cf8c6b5b557f/bevy_asset-0.19.0/sPath not found: original-ui/MagIcon/54.png
10-01 14:43:25.628  3589  3614 I RustStdoutStderr: [2m2026-10-01T06:43:25.623549Z[0m [31mERROR[0m [2mbevy_asset::server[0m[2m:[0m Path not found: original-ui/MagIcon/54.png
10-01 14:43:25.855  3589  3614 I RustStdoutStderr: [2m2026-10-01T06:43:25.855060Z[0m [31mERROR[0m [2mbevy_asset::server[0m[2m:[0m Path not found: original-ui/MagIcon/54.png
10-01 14:43:25.857  3589  3616 E event /Users/henryliu/.cargo/registry/src/index.crates.io-1949cf8c6b5b557f/bevy_asset-0.19.0/sPath not found: original-ui/MagIcon/54.png
10-01 14:43:26.245  3589  3615 D EGL_emulation: app_time_stats: avg=356.72ms min=251.65ms max=539.88ms count=3
10-01 14:43:26.365  3589  3616 E event /Users/henryliu/.cargo/registry/src/index.crates.io-1949cf8c6b5b557f/bevy_asset-0.19.0/sPath not found: original-ui/MagIcon/54.png
10-01 14:43:26.366  3589  3614 I RustStdoutStderr: [2m2026-10-01T06:43:26.365258Z[0m [31mERROR[0m [2mbevy_asset::server[0m[2m:[0m Path not found: original-ui/MagIcon/54.png
10-01 14:43:27.195  3589  3616 E event /Users/henryliu/.cargo/registry/src/index.crates.io-1949cf8c6b5b557f/bevy_asset-0.19.0/sPath not found: original-ui/MagIcon/54.png
10-01 14:43:27.199  3589  3614 I RustStdoutStderr: [2m2026-10-01T06:43:27.195024Z[0m [31mERROR[0m [2mbevy_asset::server[0m[2m:[0m Path not found: original-ui/MagIcon/54.png
10-01 14:43:27.305  3589  3615 D EGL_emulation: app_time_stats: avg=530.07ms min=235.50ms max=824.65ms count=2
10-01 14:43:27.491  3589  3616 E event /Users/henryliu/.cargo/registry/src/index.crates.io-1949cf8c6b5b557f/bevy_asset-0.19.0/sPath not found: original-ui/MagIcon/54.png
10-01 14:43:27.492  3589  3614 I RustStdoutStderr: [2m2026-10-01T06:43:27.491173Z[0m [31mERROR[0m [2mbevy_asset::server[0m[2m:[0m Path not found: original-ui/MagIcon/54.png
10-01 14:43:27.801  3589  3616 E event /Users/henryliu/.cargo/registry/src/index.crates.io-1949cf8c6b5b557f/bevy_asset-0.19.0/sPath not found: original-ui/MagIcon/54.png
10-01 14:43:27.801  3589  3614 I RustStdoutStderr: [2m2026-10-01T06:43:27.801382Z[0m [31mERROR[0m [2mbevy_asset::server[0m[2m:[0m Path not found: original-ui/MagIcon/54.png
10-01 14:43:27.982  3589  3614 I RustStdoutStderr: [2m2026-10-01T06:43:27.982571Z[0m [31mERROR[0m [2mbevy_asset::server[0m[2m:[0m Path not found: original-ui/MagIcon/54.png
10-01 14:43:27.982  3589  3616 E event /Users/henryliu/.cargo/registry/src/index.crates.io-1949cf8c6b5b557f/bevy_asset-0.19.0/sPath not found: original-ui/MagIcon/54.png
10-01 14:43:28.136  3589  3616 E event /Users/henryliu/.cargo/registry/src/index.crates.io-1949cf8c6b5b557f/bevy_asset-0.19.0/sPath not found: original-ui/MagIcon/54.png
10-01 14:43:28.167  3589  3614 I RustStdoutStderr: [2m2026-10-01T06:43:28.085590Z[0m [31mERROR[0m [2mbevy_asset::server[0m[2m:[0m Path not found: original-ui/MagIcon/54.png
10-01 14:43:28.505  3589  3615 D EGL_emulation: app_time_stats: avg=297.91ms min=162.01ms max=457.54ms count=4
10-01 14:43:28.595  3589  3616 E event /Users/henryliu/.cargo/registry/src/index.crates.io-1949cf8c6b5b557f/bevy_asset-0.19.0/sPath not found: original-ui/MagIcon/54.png
10-01 14:43:28.597  3589  3614 I RustStdoutStderr: [2m2026-10-01T06:43:28.595832Z[0m [31mERROR[0m [2mbevy_asset::server[0m[2m:[0m Path not found: original-ui/MagIcon/54.png
10-01 14:43:28.823  3589  3616 E event /Users/henryliu/.cargo/registry/src/index.crates.io-1949cf8c6b5b557f/bevy_asset-0.19.0/sPath not found: original-ui/MagIcon/54.png
10-01 14:43:28.823  3589  3614 I RustStdoutStderr: [2m2026-10-01T06:43:28.822932Z[0m [31mERROR[0m [2mbevy_asset::server[0m[2m:[0m Path not found: original-ui/MagIcon/54.png
10-01 14:43:28.972  3589  3616 E event /Users/henryliu/.cargo/registry/src/index.crates.io-1949cf8c6b5b557f/bevy_asset-0.19.0/sPath not found: original-ui/MagIcon/54.png
10-01 14:43:28.972  3589  3614 I RustStdoutStderr: [2m2026-10-01T06:43:28.971959Z[0m [31mERROR[0m [2mbevy_asset::server[0m[2m:[0m Path not found: original-ui/MagIcon/54.png
10-01 14:43:29.345  3589  3616 E event /Users/henryliu/.cargo/registry/src/index.crates.io-1949cf8c6b5b557f/bevy_asset-0.19.0/sPath not found: original-ui/MagIcon/54.png
10-01 14:43:29.346  3589  3614 I RustStdoutStderr: [2m2026-10-01T06:43:29.345726Z[0m [31mERROR[0m [2mbevy_asset::server[0m[2m:[0m Path not found: original-ui/MagIcon/54.png
10-01 14:43:30.232  3589  3615 D EGL_emulation: app_time_stats: avg=431.52ms min=141.16ms max=1122.19ms count=4
10-01 14:43:30.379  3589  3616 E event /Users/henryliu/.cargo/registry/src/index.crates.io-1949cf8c6b5b557f/bevy_asset-0.19.0/sPath not found: original-ui/MagIcon/54.png
10-01 14:43:30.380  3589  3614 I RustStdoutStderr: [2m2026-10-01T06:43:30.379698Z[0m [31mERROR[0m [2mbevy_asset::server[0m[2m:[0m Path not found: original-ui/MagIcon/54.png
10-01 14:43:30.571  3589  3616 E event /Users/henryliu/.cargo/registry/src/index.crates.io-1949cf8c6b5b557f/bevy_asset-0.19.0/sPath not found: original-ui/MagIcon/54.png
10-01 14:43:30.572  3589  3614 I RustStdoutStderr: [2m2026-10-01T06:43:30.571834Z[0m [31mERROR[0m [2mbevy_asset::server[0m[2m:[0m Path not found: original-ui/MagIcon/54.png
10-01 14:43:30.814  3589  3614 I RustStdoutStderr: [2m2026-10-01T06:43:30.814726Z[0m [31mERROR[0m [2mbevy_asset::server[0m[2m:[0m Path not found: original-ui/MagIcon/54.png
10-01 14:43:30.815  3589  3616 E event /Users/henryliu/.cargo/registry/src/index.crates.io-1949cf8c6b5b557f/bevy_asset-0.19.0/sPath not found: original-ui/MagIcon/54.png
10-01 14:43:31.319  3589  3614 I RustStdoutStderr: [2m2026-10-01T06:43:31.319029Z[0m [31mERROR[0m [2mbevy_asset::server[0m[2m:[0m Path not found: original-ui/MagIcon/54.png
10-01 14:43:31.319  3589  3616 E event /Users/henryliu/.cargo/registry/src/index.crates.io-1949cf8c6b5b557f/bevy_asset-0.19.0/sPath not found: original-ui/MagIcon/54.png
10-01 14:43:31.541  3589  3615 D EGL_emulation: app_time_stats: avg=326.96ms min=163.49ms max=573.08ms count=4
10-01 14:43:31.642  3589  3614 I RustStdoutStderr: [2m2026-10-01T06:43:31.640734Z[0m [31mERROR[0m [2mbevy_asset::server[0m[2m:[0m Path not found: original-ui/MagIcon/54.png
10-01 14:43:31.642  3589  3616 E event /Users/henryliu/.cargo/registry/src/index.crates.io-1949cf8c6b5b557f/bevy_asset-0.19.0/sPath not found: original-ui/MagIcon/54.png
10-01 14:43:32.102  3589  3616 E event /Users/henryliu/.cargo/registry/src/index.crates.io-1949cf8c6b5b557f/bevy_asset-0.19.0/sPath not found: original-ui/MagIcon/54.png
10-01 14:43:32.103  3589  3614 I RustStdoutStderr: [2m2026-10-01T06:43:32.102915Z[0m [31mERROR[0m [2mbevy_asset::server[0m[2m:[0m Path not found: original-ui/MagIcon/54.png
10-01 14:43:32.363  3589  3616 E event /Users/henryliu/.cargo/registry/src/index.crates.io-1949cf8c6b5b557f/bevy_asset-0.19.0/sPath not found: original-ui/MagIcon/54.png
10-01 14:43:32.364  3589  3614 I RustStdoutStderr: [2m2026-10-01T06:43:32.363219Z[0m [31mERROR[0m [2mbevy_asset::server[0m[2m:[0m Path not found: original-ui/MagIcon/54.png
10-01 14:43:32.750  3589  3616 E event /Users/henryliu/.cargo/registry/src/index.crates.io-1949cf8c6b5b557f/bevy_asset-0.19.0/sPath not found: original-ui/MagIcon/54.png
10-01 14:43:32.752  3589  3614 I RustStdoutStderr: [2m2026-10-01T06:43:32.750687Z[0m [31mERROR[0m [2mbevy_asset::server[0m[2m:[0m Path not found: original-ui/MagIcon/54.png
10-01 14:43:32.995  3589  3615 D EGL_emulation: app_time_stats: avg=363.48ms min=225.53ms max=521.61ms count=4
10-01 14:43:33.093  3589  3616 E event /Users/henryliu/.cargo/registry/src/index.crates.io-1949cf8c6b5b557f/bevy_asset-0.19.0/sPath not found: original-ui/MagIcon/54.png
10-01 14:43:33.093  3589  3614 I RustStdoutStderr: [2m2026-10-01T06:43:33.093311Z[0m [31mERROR[0m [2mbevy_asset::server[0m[2m:[0m Path not found: original-ui/MagIcon/54.png
10-01 14:43:33.395  3589  3616 E event /Users/henryliu/.cargo/registry/src/index.crates.io-1949cf8c6b5b557f/bevy_asset-0.19.0/sPath not found: original-ui/MagIcon/54.png
10-01 14:43:33.396  3589  3614 I RustStdoutStderr: [2m2026-10-01T06:43:33.394844Z[0m [31mERROR[0m [2mbevy_asset::server[0m[2m:[0m Path not found: original-ui/MagIcon/54.png
10-01 14:43:33.605  3589  3616 E event /Users/henryliu/.cargo/registry/src/index.crates.io-1949cf8c6b5b557f/bevy_asset-0.19.0/sPath not found: original-ui/MagIcon/54.png
10-01 14:43:33.608  3589  3614 I RustStdoutStderr: [2m2026-10-01T06:43:33.604989Z[0m [31mERROR[0m [2mbevy_asset::server[0m[2m:[0m Path not found: original-ui/MagIcon/54.png
10-01 14:43:33.811  3589  3616 E event /Users/henryliu/.cargo/registry/src/index.crates.io-1949cf8c6b5b557f/bevy_asset-0.19.0/sPath not found: original-ui/MagIcon/54.png
10-01 14:43:33.815  3589  3614 I RustStdoutStderr: [2m2026-10-01T06:43:33.811668Z[0m [31mERROR[0m [2mbevy_asset::server[0m[2m:[0m Path not found: original-ui/MagIcon/54.png
10-01 14:43:34.091  3589  3616 E event /Users/henryliu/.cargo/registry/src/index.crates.io-1949cf8c6b5b557f/bevy_asset-0.19.0/sPath not found: original-ui/MagIcon/54.png
10-01 14:43:34.091  3589  3614 I RustStdoutStderr: [2m2026-10-01T06:43:34.090984Z[0m [31mERROR[0m [2mbevy_asset::server[0m[2m:[0m Path not found: original-ui/MagIcon/54.png
10-01 14:43:34.243  3589  3615 D EGL_emulation: app_time_stats: avg=249.37ms min=196.17ms max=295.27ms count=5
10-01 14:43:34.342  3589  3616 E event /Users/henryliu/.cargo/registry/src/index.crates.io-1949cf8c6b5b557f/bevy_asset-0.19.0/sPath not found: original-ui/MagIcon/54.png
10-01 14:43:34.346  3589  3614 I RustStdoutStderr: [2m2026-10-01T06:43:34.341962Z[0m [31mERROR[0m [2mbevy_asset::server[0m[2m:[0m Path not found: original-ui/MagIcon/54.png
10-01 14:43:34.595  3589  3616 E event /Users/henryliu/.cargo/registry/src/index.crates.io-1949cf8c6b5b557f/bevy_asset-0.19.0/sPath not found: original-ui/MagIcon/54.png
10-01 14:43:34.597  3589  3614 I RustStdoutStderr: [2m2026-10-01T06:43:34.595387Z[0m [31mERROR[0m [2mbevy_asset::server[0m[2m:[0m Path not found: original-ui/MagIcon/54.png
10-01 14:43:34.966  3589  3616 E event /Users/henryliu/.cargo/registry/src/index.crates.io-1949cf8c6b5b557f/bevy_asset-0.19.0/sPath not found: original-ui/MagIcon/54.png
10-01 14:43:34.970  3589  3614 I RustStdoutStderr: [2m2026-10-01T06:43:34.965938Z[0m [31mERROR[0m [2mbevy_asset::server[0m[2m:[0m Path not found: original-ui/MagIcon/54.png
10-01 14:43:35.637  3589  3616 E event /Users/henryliu/.cargo/registry/src/index.crates.io-1949cf8c6b5b557f/bevy_asset-0.19.0/sPath not found: original-ui/MagIcon/54.png
10-01 14:43:35.650  3589  3614 I RustStdoutStderr: [2m2026-10-01T06:43:35.637852Z[0m [31mERROR[0m [2mbevy_asset::server[0m[2m:[0m Path not found: original-ui/MagIcon/54.png
10-01 14:43:35.728  3589  3615 D EGL_emulation: app_time_stats: avg=371.44ms min=220.84ms max=507.85ms count=4
10-01 14:43:35.753  3589  3614 I RustStdoutStderr: [2m2026-10-01T06:43:35.752902Z[0m [31mERROR[0m [2mbevy_asset::server[0m[2m:[0m Path not found: original-ui/MagIcon/54.png
10-01 14:43:35.753  3589  3616 E event /Users/henryliu/.cargo/registry/src/index.crates.io-1949cf8c6b5b557f/bevy_asset-0.19.0/sPath not found: original-ui/MagIcon/54.png
10-01 14:43:35.880  3589  3616 E event /Users/henryliu/.cargo/registry/src/index.crates.io-1949cf8c6b5b557f/bevy_asset-0.19.0/sPath not found: original-ui/MagIcon2/54.png
10-01 14:43:35.886  3589  3614 I RustStdoutStderr: [2m2026-10-01T06:43:35.880055Z[0m [31mERROR[0m [2mbevy_asset::server[0m[2m:[0m Path not found: original-ui/MagIcon2/54.png
10-01 14:43:35.895  3589  3616 E event /Users/henryliu/.cargo/registry/src/index.crates.io-1949cf8c6b5b557f/bevy_asset-0.19.0/sPath not found: original-ui/MagIcon/54.png
10-01 14:43:35.895  3589  3614 I RustStdoutStderr: [2m2026-10-01T06:43:35.895255Z[0m [31mERROR[0m [2mbevy_asset::server[0m[2m:[0m Path not found: original-ui/MagIcon/54.png
10-01 14:43:36.044  3589  3616 E event /Users/henryliu/.cargo/registry/src/index.crates.io-1949cf8c6b5b557f/bevy_asset-0.19.0/sPath not found: original-ui/MagIcon2/54.png
10-01 14:43:36.046  3589  3614 I RustStdoutStderr: [2m2026-10-01T06:43:36.043949Z[0m [31mERROR[0m [2mbevy_asset::server[0m[2m:[0m Path not found: original-ui/MagIcon2/54.png
10-01 14:43:36.054  3589  3616 E event /Users/henryliu/.cargo/registry/src/index.crates.io-1949cf8c6b5b557f/bevy_asset-0.19.0/sPath not found: original-ui/MagIcon/54.png
10-01 14:43:36.055  3589  3614 I RustStdoutStderr: [2m2026-10-01T06:43:36.054520Z[0m [31mERROR[0m [2mbevy_asset::server[0m[2m:[0m Path not found: original-ui/MagIcon/54.png
10-01 14:43:36.501  3589  3616 E event /Users/henryliu/.cargo/registry/src/index.crates.io-1949cf8c6b5b557f/bevy_asset-0.19.0/sPath not found: original-ui/MagIcon/54.png
10-01 14:43:36.502  3589  3614 I RustStdoutStderr: [2m2026-10-01T06:43:36.501753Z[0m [31mERROR[0m [2mbevy_asset::server[0m[2m:[0m Path not found: original-ui/MagIcon/54.png
10-01 14:43:36.514  3589  3616 E event /Users/henryliu/.cargo/registry/src/index.crates.io-1949cf8c6b5b557f/bevy_asset-0.19.0/sPath not found: original-ui/MagIcon2/54.png
10-01 14:43:36.516  3589  3614 I RustStdoutStderr: [2m2026-10-01T06:43:36.514713Z[0m [31mERROR[0m [2mbevy_asset::server[0m[2m:[0m Path not found: original-ui/MagIcon2/54.png
10-01 14:43:36.693  3589  3616 E event /Users/henryliu/.cargo/registry/src/index.crates.io-1949cf8c6b5b557f/bevy_asset-0.19.0/sPath not found: original-ui/MagIcon/54.png
10-01 14:43:36.695  3589  3614 I RustStdoutStderr: [2m2026-10-01T06:43:36.693836Z[0m [31mERROR[0m [2mbevy_asset::server[0m[2m:[0m Path not found: original-ui/MagIcon/54.png
10-01 14:43:36.724  3589  3616 E event /Users/henryliu/.cargo/registry/src/index.crates.io-1949cf8c6b5b557f/bevy_asset-0.19.0/sPath not found: original-ui/MagIcon2/54.png
10-01 14:43:36.727  3589  3614 I RustStdoutStderr: [2m2026-10-01T06:43:36.723658Z[0m [31mERROR[0m [2mbevy_asset::server[0m[2m:[0m Path not found: original-ui/MagIcon2/54.png
10-01 14:43:36.804  3589  3615 D EGL_emulation: app_time_stats: avg=215.02ms min=104.92ms max=407.86ms count=5
10-01 14:43:36.903  3589  3616 E event /Users/henryliu/.cargo/registry/src/index.crates.io-1949cf8c6b5b557f/bevy_asset-0.19.0/sPath not found: original-ui/MagIcon/54.png
10-01 14:43:36.903  3589  3614 I RustStdoutStderr: [2m2026-10-01T06:43:36.902264Z[0m [31mERROR[0m [2mbevy_asset::server[0m[2m:[0m Path not found: original-ui/MagIcon/54.png
10-01 14:43:36.918  3589  3614 I RustStdoutStderr: [2m2026-10-01T06:43:36.918815Z[0m [31mERROR[0m [2mbevy_asset::server[0m[2m:[0m Path not found: original-ui/MagIcon2/54.png
10-01 14:43:36.919  3589  3616 E event /Users/henryliu/.cargo/registry/src/index.crates.io-1949cf8c6b5b557f/bevy_asset-0.19.0/sPath not found: original-ui/MagIcon2/54.png
10-01 14:43:37.097  3589  3616 E event /Users/henryliu/.cargo/registry/src/index.crates.io-1949cf8c6b5b557f/bevy_asset-0.19.0/sPath not found: original-ui/MagIcon/54.png
10-01 14:43:37.097  3589  3614 I RustStdoutStderr: [2m2026-10-01T06:43:37.096982Z[0m [31mERROR[0m [2mbevy_asset::server[0m[2m:[0m Path not found: original-ui/MagIcon/54.png
10-01 14:43:37.124  3589  3616 E event /Users/henryliu/.cargo/registry/src/index.crates.io-1949cf8c6b5b557f/bevy_asset-0.19.0/sPath not found: original-ui/MagIcon2/54.png
10-01 14:43:37.131  3589  3614 I RustStdoutStderr: [2m2026-10-01T06:43:37.124495Z[0m [31mERROR[0m [2mbevy_asset::server[0m[2m:[0m Path not found: original-ui/MagIcon2/54.png
10-01 14:43:37.313  3589  3616 E event /Users/henryliu/.cargo/registry/src/index.crates.io-1949cf8c6b5b557f/bevy_asset-0.19.0/sPath not found: original-ui/MagIcon/54.png
10-01 14:43:37.314  3589  3614 I RustStdoutStderr: [2m2026-10-01T06:43:37.313847Z[0m [31mERROR[0m [2mbevy_asset::server[0m[2m:[0m Path not found: original-ui/MagIcon/54.png
10-01 14:43:37.337  3589  3616 E event /Users/henryliu/.cargo/registry/src/index.crates.io-1949cf8c6b5b557f/bevy_asset-0.19.0/sPath not found: original-ui/MagIcon2/54.png
10-01 14:43:37.337  3589  3614 I RustStdoutStderr: [2m2026-10-01T06:43:37.337320Z[0m [31mERROR[0m [2mbevy_asset::server[0m[2m:[0m Path not found: original-ui/MagIcon2/54.png
10-01 14:43:37.719  3589  3616 E event /Users/henryliu/.cargo/registry/src/index.crates.io-1949cf8c6b5b557f/bevy_asset-0.19.0/sPath not found: original-ui/MagIcon/54.png
10-01 14:43:37.720  3589  3614 I RustStdoutStderr: [2m2026-10-01T06:43:37.719793Z[0m [31mERROR[0m [2mbevy_asset::server[0m[2m:[0m Path not found: original-ui/MagIcon/54.png
10-01 14:43:37.733  3589  3616 E event /Users/henryliu/.cargo/registry/src/index.crates.io-1949cf8c6b5b557f/bevy_asset-0.19.0/sPath not found: original-ui/MagIcon2/54.png
10-01 14:43:37.737  3589  3614 I RustStdoutStderr: [2m2026-10-01T06:43:37.733779Z[0m [31mERROR[0m [2mbevy_asset::server[0m[2m:[0m Path not found: original-ui/MagIcon2/54.png
10-01 14:43:37.873  3589  3616 E event /Users/henryliu/.cargo/registry/src/index.crates.io-1949cf8c6b5b557f/bevy_asset-0.19.0/sPath not found: original-ui/MagIcon/54.png
10-01 14:43:37.874  3589  3614 I RustStdoutStderr: [2m2026-10-01T06:43:37.873801Z[0m [31mERROR[0m [2mbevy_asset::server[0m[2m:[0m Path not found: original-ui/MagIcon/54.png
10-01 14:43:37.893  3589  3616 E event /Users/henryliu/.cargo/registry/src/index.crates.io-1949cf8c6b5b557f/bevy_asset-0.19.0/sPath not found: original-ui/MagIcon2/54.png
10-01 14:43:37.893  3589  3614 I RustStdoutStderr: [2m2026-10-01T06:43:37.893072Z[0m [31mERROR[0m [2mbevy_asset::server[0m[2m:[0m Path not found: original-ui/MagIcon2/54.png
10-01 14:43:37.948  3589  3615 D EGL_emulation: app_time_stats: avg=228.83ms min=160.10ms max=344.91ms count=5
10-01 14:43:38.027  3589  3614 I RustStdoutStderr: [2m2026-10-01T06:43:38.027533Z[0m [31mERROR[0m [2mbevy_asset::server[0m[2m:[0m Path not found: original-ui/MagIcon/54.png
10-01 14:43:38.027  3589  3616 E event /Users/henryliu/.cargo/registry/src/index.crates.io-1949cf8c6b5b557f/bevy_asset-0.19.0/sPath not found: original-ui/MagIcon/54.png
10-01 14:43:38.048  3589  3616 E event /Users/henryliu/.cargo/registry/src/index.crates.io-1949cf8c6b5b557f/bevy_asset-0.19.0/sPath not found: original-ui/MagIcon2/54.png
10-01 14:43:38.052  3589  3614 I RustStdoutStderr: [2m2026-10-01T06:43:38.048594Z[0m [31mERROR[0m [2mbevy_asset::server[0m[2m:[0m Path not found: original-ui/MagIcon2/54.png
10-01 14:43:38.246  3589  3616 E event /Users/henryliu/.cargo/registry/src/index.crates.io-1949cf8c6b5b557f/bevy_asset-0.19.0/sPath not found: original-ui/MagIcon/54.png
10-01 14:43:38.247  3589  3614 I RustStdoutStderr: [2m2026-10-01T06:43:38.246635Z[0m [31mERROR[0m [2mbevy_asset::server[0m[2m:[0m Path not found: original-ui/MagIcon/54.png
10-01 14:43:38.286  3589  3616 E event /Users/henryliu/.cargo/registry/src/index.crates.io-1949cf8c6b5b557f/bevy_asset-0.19.0/sPath not found: original-ui/MagIcon2/54.png
10-01 14:43:38.287  3589  3614 I RustStdoutStderr: [2m2026-10-01T06:43:38.285089Z[0m [31mERROR[0m [2mbevy_asset::server[0m[2m:[0m Path not found: original-ui/MagIcon2/54.png
10-01 14:43:38.524  3589  3616 E event /Users/henryliu/.cargo/registry/src/index.crates.io-1949cf8c6b5b557f/bevy_asset-0.19.0/sPath not found: original-ui/MagIcon/54.png
10-01 14:43:38.524  3589  3614 I RustStdoutStderr: [2m2026-10-01T06:43:38.524290Z[0m [31mERROR[0m [2mbevy_asset::server[0m[2m:[0m Path not found: original-ui/MagIcon/54.png
10-01 14:43:38.592  3589  3616 E event /Users/henryliu/.cargo/registry/src/index.crates.io-1949cf8c6b5b557f/bevy_asset-0.19.0/sPath not found: original-ui/MagIcon2/54.png
10-01 14:43:38.593  3589  3614 I RustStdoutStderr: [2m2026-10-01T06:43:38.592462Z[0m [31mERROR[0m [2mbevy_asset::server[0m[2m:[0m Path not found: original-ui/MagIcon2/54.png
10-01 14:43:38.759  3589  3616 E event /Users/henryliu/.cargo/registry/src/index.crates.io-1949cf8c6b5b557f/bevy_asset-0.19.0/sPath not found: original-ui/MagIcon/54.png
10-01 14:43:38.763  3589  3614 I RustStdoutStderr: [2m2026-10-01T06:43:38.758403Z[0m [31mERROR[0m [2mbevy_asset::server[0m[2m:[0m Path not found: original-ui/MagIcon/54.png
10-01 14:43:38.799  3589  3616 E event /Users/henryliu/.cargo/registry/src/index.crates.io-1949cf8c6b5b557f/bevy_asset-0.19.0/sPath not found: original-ui/MagIcon2/54.png
10-01 14:43:38.833  3589  3614 I RustStdoutStderr: [2m2026-10-01T06:43:38.799181Z[0m [31mERROR[0m [2mbevy_asset::server[0m[2m:[0m Path not found: original-ui/MagIcon2/54.png
10-01 14:43:39.149  3589  3616 E event /Users/henryliu/.cargo/registry/src/index.crates.io-1949cf8c6b5b557f/bevy_asset-0.19.0/sPath not found: original-ui/MagIcon/54.png
10-01 14:43:39.151  3589  3614 I RustStdoutStderr: [2m2026-10-01T06:43:39.148934Z[0m [31mERROR[0m [2mbevy_asset::server[0m[2m:[0m Path not found: original-ui/MagIcon/54.png
10-01 14:43:39.189  3589  3616 E event /Users/henryliu/.cargo/registry/src/index.crates.io-1949cf8c6b5b557f/bevy_asset-0.19.0/sPath not found: original-ui/MagIcon2/54.png
10-01 14:43:39.189  3589  3614 I RustStdoutStderr: [2m2026-10-01T06:43:39.188731Z[0m [31mERROR[0m [2mbevy_asset::server[0m[2m:[0m Path not found: original-ui/MagIcon2/54.png
10-01 14:43:39.344  3589  3615 D EGL_emulation: app_time_stats: avg=279.07ms min=182.16ms max=405.02ms count=5
10-01 14:43:39.629  3589  3616 E event /Users/henryliu/.cargo/registry/src/index.crates.io-1949cf8c6b5b557f/bevy_asset-0.19.0/sPath not found: original-ui/MagIcon/54.png
10-01 14:43:39.633  3589  3614 I RustStdoutStderr: [2m2026-10-01T06:43:39.628707Z[0m [31mERROR[0m [2mbevy_asset::server[0m[2m:[0m Path not found: original-ui/MagIcon/54.png
10-01 14:43:39.638  3589  3616 E event /Users/henryliu/.cargo/registry/src/index.crates.io-1949cf8c6b5b557f/bevy_asset-0.19.0/sPath not found: original-ui/MagIcon2/54.png
10-01 14:43:39.639  3589  3614 I RustStdoutStderr: [2m2026-10-01T06:43:39.638170Z[0m [31mERROR[0m [2mbevy_asset::server[0m[2m:[0m Path not found: original-ui/MagIcon2/54.png
10-01 14:43:39.792  3589  3614 I RustStdoutStderr: [2m2026-10-01T06:43:39.790339Z[0m [31mERROR[0m [2mbevy_asset::server[0m[2m:[0m Path not found: original-ui/MagIcon/54.png
10-01 14:43:39.793  3589  3616 E event /Users/henryliu/.cargo/registry/src/index.crates.io-1949cf8c6b5b557f/bevy_asset-0.19.0/sPath not found: original-ui/MagIcon/54.png
10-01 14:43:39.837  3589  3616 E event /Users/henryliu/.cargo/registry/src/index.crates.io-1949cf8c6b5b557f/bevy_asset-0.19.0/sPath not found: original-ui/MagIcon2/54.png
10-01 14:43:39.838  3589  3614 I RustStdoutStderr: [2m2026-10-01T06:43:39.837764Z[0m [31mERROR[0m [2mbevy_asset::server[0m[2m:[0m Path not found: original-ui/MagIcon2/54.png
10-01 14:43:39.982  3589  3616 E event /Users/henryliu/.cargo/registry/src/index.crates.io-1949cf8c6b5b557f/bevy_asset-0.19.0/sPath not found: original-ui/MagIcon/54.png
10-01 14:43:39.983  3589  3614 I RustStdoutStderr: [2m2026-10-01T06:43:39.982468Z[0m [31mERROR[0m [2mbevy_asset::server[0m[2m:[0m Path not found: original-ui/MagIcon/54.png
10-01 14:43:40.007  3589  3614 I RustStdoutStderr: [2m2026-10-01T06:43:40.005603Z[0m [31mERROR[0m [2mbevy_asset::server[0m[2m:[0m Path not found: original-ui/MagIcon2/54.png
10-01 14:43:40.009  3589  3616 E event /Users/henryliu/.cargo/registry/src/index.crates.io-1949cf8c6b5b557f/bevy_asset-0.19.0/sPath not found: original-ui/MagIcon2/54.png
10-01 14:43:40.138  3589  3616 E event /Users/henryliu/.cargo/registry/src/index.crates.io-1949cf8c6b5b557f/bevy_asset-0.19.0/sPath not found: original-ui/MagIcon/54.png
10-01 14:43:40.140  3589  3614 I RustStdoutStderr: [2m2026-10-01T06:43:40.138199Z[0m [31mERROR[0m [2mbevy_asset::server[0m[2m:[0m Path not found: original-ui/MagIcon/54.png
10-01 14:43:40.174  3589  3616 E event /Users/henryliu/.cargo/registry/src/index.crates.io-1949cf8c6b5b557f/bevy_asset-0.19.0/sPath not found: original-ui/MagIcon2/54.png
10-01 14:43:40.183  3589  3614 I RustStdoutStderr: [2m2026-10-01T06:43:40.170849Z[0m [31mERROR[0m [2mbevy_asset::server[0m[2m:[0m Path not found: original-ui/MagIcon2/54.png
10-01 14:43:40.383  3589  3616 E event /Users/henryliu/.cargo/registry/src/index.crates.io-1949cf8c6b5b557f/bevy_asset-0.19.0/sPath not found: original-ui/MagIcon/54.png
10-01 14:43:40.385  3589  3614 I RustStdoutStderr: [2m2026-10-01T06:43:40.383386Z[0m [31mERROR[0m [2mbevy_asset::server[0m[2m:[0m Path not found: original-ui/MagIcon/54.png
10-01 14:43:40.419  3589  3616 E event /Users/henryliu/.cargo/registry/src/index.crates.io-1949cf8c6b5b557f/bevy_asset-0.19.0/sPath not found: original-ui/MagIcon2/54.png
10-01 14:43:40.446  3589  3614 I RustStdoutStderr: [2m2026-10-01T06:43:40.419343Z[0m [31mERROR[0m [2mbevy_asset::server[0m[2m:[0m Path not found: original-ui/MagIcon2/54.png
10-01 14:43:40.558  3589  3615 D EGL_emulation: app_time_stats: avg=242.75ms min=170.47ms max=333.36ms count=5
10-01 14:43:40.911  3589  3616 E event /Users/henryliu/.cargo/registry/src/index.crates.io-1949cf8c6b5b557f/bevy_asset-0.19.0/sPath not found: original-ui/MagIcon/54.png
10-01 14:43:40.911  3589  3614 I RustStdoutStderr: [2m2026-10-01T06:43:40.911106Z[0m [31mERROR[0m [2mbevy_asset::server[0m[2m:[0m Path not found: original-ui/MagIcon/54.png
10-01 14:43:40.931  3589  3616 E event /Users/henryliu/.cargo/registry/src/index.crates.io-1949cf8c6b5b557f/bevy_asset-0.19.0/sPath not found: original-ui/MagIcon2/54.png
10-01 14:43:40.934  3589  3614 I RustStdoutStderr: [2m2026-10-01T06:43:40.931882Z[0m [31mERROR[0m [2mbevy_asset::server[0m[2m:[0m Path not found: original-ui/MagIcon2/54.png
10-01 14:43:41.399  3589  3616 E event /Users/henryliu/.cargo/registry/src/index.crates.io-1949cf8c6b5b557f/bevy_asset-0.19.0/sPath not found: original-ui/MagIcon/54.png
10-01 14:43:41.404  3589  3614 I RustStdoutStderr: [2m2026-10-01T06:43:41.399826Z[0m [31mERROR[0m [2mbevy_asset::server[0m[2m:[0m Path not found: original-ui/MagIcon/54.png
10-01 14:43:41.433  3589  3616 E event /Users/henryliu/.cargo/registry/src/index.crates.io-1949cf8c6b5b557f/bevy_asset-0.19.0/sPath not found: original-ui/MagIcon2/54.png
10-01 14:43:41.439  3589  3614 I RustStdoutStderr: [2m2026-10-01T06:43:41.433389Z[0m [31mERROR[0m [2mbevy_asset::server[0m[2m:[0m Path not found: original-ui/MagIcon2/54.png
10-01 14:43:41.561  3589  3615 D EGL_emulation: app_time_stats: avg=501.39ms min=288.79ms max=714.00ms count=2
10-01 14:43:41.632  3589  3616 E event /Users/henryliu/.cargo/registry/src/index.crates.io-1949cf8c6b5b557f/bevy_asset-0.19.0/sPath not found: original-ui/MagIcon/54.png
10-01 14:43:41.633  3589  3614 I RustStdoutStderr: [2m2026-10-01T06:43:41.632275Z[0m [31mERROR[0m [2mbevy_asset::server[0m[2m:[0m Path not found: original-ui/MagIcon/54.png
10-01 14:43:41.649  3589  3616 E event /Users/henryliu/.cargo/registry/src/index.crates.io-1949cf8c6b5b557f/bevy_asset-0.19.0/sPath not found: original-ui/MagIcon2/54.png
10-01 14:43:41.652  3589  3614 I RustStdoutStderr: [2m2026-10-01T06:43:41.649598Z[0m [31mERROR[0m [2mbevy_asset::server[0m[2m:[0m Path not found: original-ui/MagIcon2/54.png
10-01 14:43:41.838  3589  3616 E event /Users/henryliu/.cargo/registry/src/index.crates.io-1949cf8c6b5b557f/bevy_asset-0.19.0/sPath not found: original-ui/MagIcon/54.png
10-01 14:43:41.838  3589  3614 I RustStdoutStderr: [2m2026-10-01T06:43:41.838103Z[0m [31mERROR[0m [2mbevy_asset::server[0m[2m:[0m Path not found: original-ui/MagIcon/54.png
10-01 14:43:41.868  3589  3616 E event /Users/henryliu/.cargo/registry/src/index.crates.io-1949cf8c6b5b557f/bevy_asset-0.19.0/sPath not found: original-ui/MagIcon2/54.png
10-01 14:43:41.870  3589  3614 I RustStdoutStderr: [2m2026-10-01T06:43:41.868680Z[0m [31mERROR[0m [2mbevy_asset::server[0m[2m:[0m Path not found: original-ui/MagIcon2/54.png
10-01 14:43:42.033  3589  3616 E event /Users/henryliu/.cargo/registry/src/index.crates.io-1949cf8c6b5b557f/bevy_asset-0.19.0/sPath not found: original-ui/MagIcon/54.png
10-01 14:43:42.036  3589  3614 I RustStdoutStderr: [2m2026-10-01T06:43:42.033826Z[0m [31mERROR[0m [2mbevy_asset::server[0m[2m:[0m Path not found: original-ui/MagIcon/54.png
10-01 14:43:42.067  3589  3616 E event /Users/henryliu/.cargo/registry/src/index.crates.io-1949cf8c6b5b557f/bevy_asset-0.19.0/sPath not found: original-ui/MagIcon2/54.png
10-01 14:43:42.071  3589  3614 I RustStdoutStderr: [2m2026-10-01T06:43:42.065138Z[0m [31mERROR[0m [2mbevy_asset::server[0m[2m:[0m Path not found: original-ui/MagIcon2/54.png
10-01 14:43:42.383  3589  3616 E event /Users/henryliu/.cargo/registry/src/index.crates.io-1949cf8c6b5b557f/bevy_asset-0.19.0/sPath not found: original-ui/MagIcon/54.png
10-01 14:43:42.384  3589  3614 I RustStdoutStderr: [2m2026-10-01T06:43:42.383073Z[0m [31mERROR[0m [2mbevy_asset::server[0m[2m:[0m Path not found: original-ui/MagIcon/54.png
10-01 14:43:42.401  3589  3616 E event /Users/henryliu/.cargo/registry/src/index.crates.io-1949cf8c6b5b557f/bevy_asset-0.19.0/sPath not found: original-ui/MagIcon2/54.png
10-01 14:43:42.403  3589  3614 I RustStdoutStderr: [2m2026-10-01T06:43:42.401528Z[0m [31mERROR[0m [2mbevy_asset::server[0m[2m:[0m Path not found: original-ui/MagIcon2/54.png
10-01 14:43:42.634  3589  3616 E event /Users/henryliu/.cargo/registry/src/index.crates.io-1949cf8c6b5b557f/bevy_asset-0.19.0/sPath not found: original-ui/MagIcon/54.png
10-01 14:43:42.639  3589  3614 I RustStdoutStderr: [2m2026-10-01T06:43:42.634221Z[0m [31mERROR[0m [2mbevy_asset::server[0m[2m:[0m Path not found: original-ui/MagIcon/54.png
10-01 14:43:42.709  3589  3616 E event /Users/henryliu/.cargo/registry/src/index.crates.io-1949cf8c6b5b557f/bevy_asset-0.19.0/sPath not found: original-ui/MagIcon2/54.png
10-01 14:43:42.711  3589  3614 I RustStdoutStderr: [2m2026-10-01T06:43:42.708913Z[0m [31mERROR[0m [2mbevy_asset::server[0m[2m:[0m Path not found: original-ui/MagIcon2/54.png
10-01 14:43:42.893  3589  3615 D EGL_emulation: app_time_stats: avg=266.21ms min=183.38ms max=419.84ms count=5
10-01 14:43:43.008  3589  3616 E event /Users/henryliu/.cargo/registry/src/index.crates.io-1949cf8c6b5b557f/bevy_asset-0.19.0/sPath not found: original-ui/MagIcon/54.png
10-01 14:43:43.013  3589  3614 I RustStdoutStderr: [2m2026-10-01T06:43:43.008075Z[0m [31mERROR[0m [2mbevy_asset::server[0m[2m:[0m Path not found: original-ui/MagIcon/54.png
10-01 14:43:43.075  3589  3616 E event /Users/henryliu/.cargo/registry/src/index.crates.io-1949cf8c6b5b557f/bevy_asset-0.19.0/sPath not found: original-ui/MagIcon2/54.png
10-01 14:43:43.077  3589  3614 I RustStdoutStderr: [2m2026-10-01T06:43:43.075042Z[0m [31mERROR[0m [2mbevy_asset::server[0m[2m:[0m Path not found: original-ui/MagIcon2/54.png
10-01 14:43:43.317  3589  3616 E event /Users/henryliu/.cargo/registry/src/index.crates.io-1949cf8c6b5b557f/bevy_asset-0.19.0/sPath not found: original-ui/MagIcon/54.png
10-01 14:43:43.320  3589  3614 I RustStdoutStderr: [2m2026-10-01T06:43:43.317718Z[0m [31mERROR[0m [2mbevy_asset::server[0m[2m:[0m Path not found: original-ui/MagIcon/54.png
10-01 14:43:43.336  3589  3616 E event /Users/henryliu/.cargo/registry/src/index.crates.io-1949cf8c6b5b557f/bevy_asset-0.19.0/sPath not found: original-ui/MagIcon2/54.png
10-01 14:43:43.336  3589  3614 I RustStdoutStderr: [2m2026-10-01T06:43:43.335877Z[0m [31mERROR[0m [2mbevy_asset::server[0m[2m:[0m Path not found: original-ui/MagIcon2/54.png
10-01 14:43:43.568  3589  3616 E event /Users/henryliu/.cargo/registry/src/index.crates.io-1949cf8c6b5b557f/bevy_asset-0.19.0/sPath not found: original-ui/MagIcon/54.png
10-01 14:43:43.571  3589  3614 I RustStdoutStderr: [2m2026-10-01T06:43:43.568783Z[0m [31mERROR[0m [2mbevy_asset::server[0m[2m:[0m Path not found: original-ui/MagIcon/54.png
10-01 14:43:43.587  3589  3616 E event /Users/henryliu/.cargo/registry/src/index.crates.io-1949cf8c6b5b557f/bevy_asset-0.19.0/sPath not found: original-ui/MagIcon2/54.png
10-01 14:43:43.594  3589  3614 I RustStdoutStderr: [2m2026-10-01T06:43:43.587568Z[0m [31mERROR[0m [2mbevy_asset::server[0m[2m:[0m Path not found: original-ui/MagIcon2/54.png
10-01 14:43:43.794  3589  3616 E event /Users/henryliu/.cargo/registry/src/index.crates.io-1949cf8c6b5b557f/bevy_asset-0.19.0/sPath not found: original-ui/MagIcon/54.png
10-01 14:43:43.794  3589  3614 I RustStdoutStderr: [2m2026-10-01T06:43:43.794233Z[0m [31mERROR[0m [2mbevy_asset::server[0m[2m:[0m Path not found: original-ui/MagIcon/54.png
10-01 14:43:43.818  3589  3616 E event /Users/henryliu/.cargo/registry/src/index.crates.io-1949cf8c6b5b557f/bevy_asset-0.19.0/sPath not found: original-ui/MagIcon2/54.png
10-01 14:43:43.820  3589  3614 I RustStdoutStderr: [2m2026-10-01T06:43:43.818442Z[0m [31mERROR[0m [2mbevy_asset::server[0m[2m:[0m Path not found: original-ui/MagIcon2/54.png
10-01 14:43:43.936  3589  3615 D EGL_emulation: app_time_stats: avg=260.68ms min=224.38ms max=302.19ms count=4
10-01 14:43:44.124  3589  3616 E event /Users/henryliu/.cargo/registry/src/index.crates.io-1949cf8c6b5b557f/bevy_asset-0.19.0/sPath not found: original-ui/MagIcon/54.png
10-01 14:43:44.125  3589  3614 I RustStdoutStderr: [2m2026-10-01T06:43:44.120462Z[0m [31mERROR[0m [2mbevy_asset::server[0m[2m:[0m Path not found: original-ui/MagIcon/54.png
10-01 14:43:44.153  3589  3616 E event /Users/henryliu/.cargo/registry/src/index.crates.io-1949cf8c6b5b557f/bevy_asset-0.19.0/sPath not found: original-ui/MagIcon2/54.png
10-01 14:43:44.158  3589  3614 I RustStdoutStderr: [2m2026-10-01T06:43:44.153180Z[0m [31mERROR[0m [2mbevy_asset::server[0m[2m:[0m Path not found: original-ui/MagIcon2/54.png
10-01 14:43:44.509  3589  3616 E event /Users/henryliu/.cargo/registry/src/index.crates.io-1949cf8c6b5b557f/bevy_asset-0.19.0/sPath not found: original-ui/MagIcon/54.png
10-01 14:43:44.510  3589  3614 I RustStdoutStderr: [2m2026-10-01T06:43:44.509040Z[0m [31mERROR[0m [2mbevy_asset::server[0m[2m:[0m Path not found: original-ui/MagIcon/54.png
10-01 14:43:44.565  3589  3616 E event /Users/henryliu/.cargo/registry/src/index.crates.io-1949cf8c6b5b557f/bevy_asset-0.19.0/sPath not found: original-ui/MagIcon2/54.png
10-01 14:43:44.569  3589  3614 I RustStdoutStderr: [2m2026-10-01T06:43:44.564795Z[0m [31mERROR[0m [2mbevy_asset::server[0m[2m:[0m Path not found: original-ui/MagIcon2/54.png
10-01 14:43:44.767  3589  3616 E event /Users/henryliu/.cargo/registry/src/index.crates.io-1949cf8c6b5b557f/bevy_asset-0.19.0/sPath not found: original-ui/MagIcon/54.png
10-01 14:43:44.768  3589  3614 I RustStdoutStderr: [2m2026-10-01T06:43:44.767215Z[0m [31mERROR[0m [2mbevy_asset::server[0m[2m:[0m Path not found: original-ui/MagIcon/54.png
10-01 14:43:44.812  3589  3616 E event /Users/henryliu/.cargo/registry/src/index.crates.io-1949cf8c6b5b557f/bevy_asset-0.19.0/sPath not found: original-ui/MagIcon2/54.png
10-01 14:43:44.817  3589  3614 I RustStdoutStderr: [2m2026-10-01T06:43:44.812004Z[0m [31mERROR[0m [2mbevy_asset::server[0m[2m:[0m Path not found: original-ui/MagIcon2/54.png
10-01 14:43:45.009  3589  3615 D EGL_emulation: app_time_stats: avg=357.82ms min=347.95ms max=366.98ms count=3
10-01 14:43:45.084  3589  3616 E event /Users/henryliu/.cargo/registry/src/index.crates.io-1949cf8c6b5b557f/bevy_asset-0.19.0/sPath not found: original-ui/MagIcon/54.png
10-01 14:43:45.084  3589  3614 I RustStdoutStderr: [2m2026-10-01T06:43:45.084149Z[0m [31mERROR[0m [2mbevy_asset::server[0m[2m:[0m Path not found: original-ui/MagIcon/54.png
10-01 14:43:45.109  3589  3616 E event /Users/henryliu/.cargo/registry/src/index.crates.io-1949cf8c6b5b557f/bevy_asset-0.19.0/sPath not found: original-ui/MagIcon2/54.png
10-01 14:43:45.111  3589  3614 I RustStdoutStderr: [2m2026-10-01T06:43:45.109239Z[0m [31mERROR[0m [2mbevy_asset::server[0m[2m:[0m Path not found: original-ui/MagIcon2/54.png
10-01 14:43:45.314  3589  3616 E event /Users/henryliu/.cargo/registry/src/index.crates.io-1949cf8c6b5b557f/bevy_asset-0.19.0/sPath not found: original-ui/MagIcon/54.png
10-01 14:43:45.327  3589  3614 I RustStdoutStderr: [2m2026-10-01T06:43:45.314243Z[0m [31mERROR[0m [2mbevy_asset::server[0m[2m:[0m Path not found: original-ui/MagIcon/54.png
10-01 14:43:45.343  3589  3616 E event /Users/henryliu/.cargo/registry/src/index.crates.io-1949cf8c6b5b557f/bevy_asset-0.19.0/sPath not found: original-ui/MagIcon2/54.png
10-01 14:43:45.343  3589  3614 I RustStdoutStderr: [2m2026-10-01T06:43:45.342984Z[0m [31mERROR[0m [2mbevy_asset::server[0m[2m:[0m Path not found: original-ui/MagIcon2/54.png
10-01 14:43:45.519  3589  3616 E event /Users/henryliu/.cargo/registry/src/index.crates.io-1949cf8c6b5b557f/bevy_asset-0.19.0/sPath not found: original-ui/MagIcon/54.png
10-01 14:43:45.550  3589  3614 I RustStdoutStderr: [2m2026-10-01T06:43:45.519456Z[0m [31mERROR[0m [2mbevy_asset::server[0m[2m:[0m Path not found: original-ui/MagIcon/54.png
10-01 14:43:45.603  3589  3616 E event /Users/henryliu/.cargo/registry/src/index.crates.io-1949cf8c6b5b557f/bevy_asset-0.19.0/sPath not found: original-ui/MagIcon2/54.png
10-01 14:43:45.607  3589  3614 I RustStdoutStderr: [2m2026-10-01T06:43:45.603266Z[0m [31mERROR[0m [2mbevy_asset::server[0m[2m:[0m Path not found: original-ui/MagIcon2/54.png
10-01 14:43:45.812  3589  3616 E event /Users/henryliu/.cargo/registry/src/index.crates.io-1949cf8c6b5b557f/bevy_asset-0.19.0/sPath not found: original-ui/MagIcon/54.png
10-01 14:43:45.813  3589  3614 I RustStdoutStderr: [2m2026-10-01T06:43:45.811967Z[0m [31mERROR[0m [2mbevy_asset::server[0m[2m:[0m Path not found: original-ui/MagIcon/54.png
10-01 14:43:45.844  3589  3616 E event /Users/henryliu/.cargo/registry/src/index.crates.io-1949cf8c6b5b557f/bevy_asset-0.19.0/sPath not found: original-ui/MagIcon2/54.png
10-01 14:43:45.846  3589  3614 I RustStdoutStderr: [2m2026-10-01T06:43:45.844612Z[0m [31mERROR[0m [2mbevy_asset::server[0m[2m:[0m Path not found: original-ui/MagIcon2/54.png
10-01 14:43:46.248  3589  3616 E event /Users/henryliu/.cargo/registry/src/index.crates.io-1949cf8c6b5b557f/bevy_asset-0.19.0/sPath not found: original-ui/MagIcon/54.png
10-01 14:43:46.249  3589  3614 I RustStdoutStderr: [2m2026-10-01T06:43:46.248702Z[0m [31mERROR[0m [2mbevy_asset::server[0m[2m:[0m Path not found: original-ui/MagIcon/54.png
10-01 14:43:46.268  3589  3616 E event /Users/henryliu/.cargo/registry/src/index.crates.io-1949cf8c6b5b557f/bevy_asset-0.19.0/sPath not found: original-ui/MagIcon2/54.png
10-01 14:43:46.271  3589  3614 I RustStdoutStderr: [2m2026-10-01T06:43:46.268317Z[0m [31mERROR[0m [2mbevy_asset::server[0m[2m:[0m Path not found: original-ui/MagIcon2/54.png
10-01 14:43:46.340  3589  3615 D EGL_emulation: app_time_stats: avg=266.13ms min=164.59ms max=462.34ms count=5
10-01 14:43:46.457  3589  3616 E event /Users/henryliu/.cargo/registry/src/index.crates.io-1949cf8c6b5b557f/bevy_asset-0.19.0/sPath not found: original-ui/MagIcon/54.png
10-01 14:43:46.459  3589  3614 I RustStdoutStderr: [2m2026-10-01T06:43:46.457680Z[0m [31mERROR[0m [2mbevy_asset::server[0m[2m:[0m Path not found: original-ui/MagIcon/54.png
10-01 14:43:46.509  3589  3616 E event /Users/henryliu/.cargo/registry/src/index.crates.io-1949cf8c6b5b557f/bevy_asset-0.19.0/sPath not found: original-ui/MagIcon2/54.png
10-01 14:43:46.514  3589  3614 I RustStdoutStderr: [2m2026-10-01T06:43:46.509324Z[0m [31mERROR[0m [2mbevy_asset::server[0m[2m:[0m Path not found: original-ui/MagIcon2/54.png
10-01 14:43:46.670  3589  3616 E event /Users/henryliu/.cargo/registry/src/index.crates.io-1949cf8c6b5b557f/bevy_asset-0.19.0/sPath not found: original-ui/MagIcon/54.png
10-01 14:43:46.672  3589  3614 I RustStdoutStderr: [2m2026-10-01T06:43:46.670539Z[0m [31mERROR[0m [2mbevy_asset::server[0m[2m:[0m Path not found: original-ui/MagIcon/54.png
10-01 14:43:46.696  3589  3616 E event /Users/henryliu/.cargo/registry/src/index.crates.io-1949cf8c6b5b557f/bevy_asset-0.19.0/sPath not found: original-ui/MagIcon2/54.png
10-01 14:43:46.699  3589  3614 I RustStdoutStderr: [2m2026-10-01T06:43:46.696342Z[0m [31mERROR[0m [2mbevy_asset::server[0m[2m:[0m Path not found: original-ui/MagIcon2/54.png
10-01 14:43:46.876  3589  3616 E event /Users/henryliu/.cargo/registry/src/index.crates.io-1949cf8c6b5b557f/bevy_asset-0.19.0/sPath not found: original-ui/MagIcon/54.png
10-01 14:43:46.876  3589  3614 I RustStdoutStderr: [2m2026-10-01T06:43:46.876346Z[0m [31mERROR[0m [2mbevy_asset::server[0m[2m:[0m Path not found: original-ui/MagIcon/54.png
10-01 14:43:46.893  3589  3616 E event /Users/henryliu/.cargo/registry/src/index.crates.io-1949cf8c6b5b557f/bevy_asset-0.19.0/sPath not found: original-ui/MagIcon2/54.png
10-01 14:43:46.894  3589  3614 I RustStdoutStderr: [2m2026-10-01T06:43:46.893664Z[0m [31mERROR[0m [2mbevy_asset::server[0m[2m:[0m Path not found: original-ui/MagIcon2/54.png
10-01 14:43:47.013  3589  3616 E event /Users/henryliu/.cargo/registry/src/index.crates.io-1949cf8c6b5b557f/bevy_asset-0.19.0/sPath not found: original-ui/MagIcon/54.png
10-01 14:43:47.014  3589  3614 I RustStdoutStderr: [2m2026-10-01T06:43:47.013728Z[0m [31mERROR[0m [2mbevy_asset::server[0m[2m:[0m Path not found: original-ui/MagIcon/54.png
10-01 14:43:47.071  3589  3616 E event /Users/henryliu/.cargo/registry/src/index.crates.io-1949cf8c6b5b557f/bevy_asset-0.19.0/sPath not found: original-ui/MagIcon2/54.png
10-01 14:43:47.074  3589  3614 I RustStdoutStderr: [2m2026-10-01T06:43:47.070525Z[0m [31mERROR[0m [2mbevy_asset::server[0m[2m:[0m Path not found: original-ui/MagIcon2/54.png
10-01 14:43:47.347  3589  3615 D EGL_emulation: app_time_stats: avg=251.61ms min=171.42ms max=407.57ms count=4
10-01 14:43:47.403  3589  3616 E event /Users/henryliu/.cargo/registry/src/index.crates.io-1949cf8c6b5b557f/bevy_asset-0.19.0/sPath not found: original-ui/MagIcon/54.png
10-01 14:43:47.403  3589  3614 I RustStdoutStderr: [2m2026-10-01T06:43:47.403569Z[0m [31mERROR[0m [2mbevy_asset::server[0m[2m:[0m Path not found: original-ui/MagIcon/54.png
10-01 14:43:47.446  3589  3616 E event /Users/henryliu/.cargo/registry/src/index.crates.io-1949cf8c6b5b557f/bevy_asset-0.19.0/sPath not found: original-ui/MagIcon2/54.png
10-01 14:43:47.448  3589  3614 I RustStdoutStderr: [2m2026-10-01T06:43:47.446560Z[0m [31mERROR[0m [2mbevy_asset::server[0m[2m:[0m Path not found: original-ui/MagIcon2/54.png
10-01 14:43:47.739  3589  3616 E event /Users/henryliu/.cargo/registry/src/index.crates.io-1949cf8c6b5b557f/bevy_asset-0.19.0/sPath not found: original-ui/MagIcon/54.png
10-01 14:43:47.740  3589  3614 I RustStdoutStderr: [2m2026-10-01T06:43:47.739639Z[0m [31mERROR[0m [2mbevy_asset::server[0m[2m:[0m Path not found: original-ui/MagIcon/54.png
10-01 14:43:47.753  3589  3616 E event /Users/henryliu/.cargo/registry/src/index.crates.io-1949cf8c6b5b557f/bevy_asset-0.19.0/sPath not found: original-ui/MagIcon2/54.png
10-01 14:43:47.753  3589  3614 I RustStdoutStderr: [2m2026-10-01T06:43:47.753154Z[0m [31mERROR[0m [2mbevy_asset::server[0m[2m:[0m Path not found: original-ui/MagIcon2/54.png
10-01 14:43:47.911  3589  3616 E event /Users/henryliu/.cargo/registry/src/index.crates.io-1949cf8c6b5b557f/bevy_asset-0.19.0/sPath not found: original-ui/MagIcon/54.png
10-01 14:43:47.911  3589  3614 I RustStdoutStderr: [2m2026-10-01T06:43:47.910789Z[0m [31mERROR[0m [2mbevy_asset::server[0m[2m:[0m Path not found: original-ui/MagIcon/54.png
10-01 14:43:47.923  3589  3616 E event /Users/henryliu/.cargo/registry/src/index.crates.io-1949cf8c6b5b557f/bevy_asset-0.19.0/sPath not found: original-ui/MagIcon2/54.png
10-01 14:43:47.924  3589  3614 I RustStdoutStderr: [2m2026-10-01T06:43:47.923418Z[0m [31mERROR[0m [2mbevy_asset::server[0m[2m:[0m Path not found: original-ui/MagIcon2/54.png
10-01 14:43:48.041  3589  3616 E event /Users/henryliu/.cargo/registry/src/index.crates.io-1949cf8c6b5b557f/bevy_asset-0.19.0/sPath not found: original-ui/MagIcon/54.png
10-01 14:43:48.042  3589  3614 I RustStdoutStderr: [2m2026-10-01T06:43:48.041860Z[0m [31mERROR[0m [2mbevy_asset::server[0m[2m:[0m Path not found: original-ui/MagIcon/54.png
10-01 14:43:48.060  3589  3616 E event /Users/henryliu/.cargo/registry/src/index.crates.io-1949cf8c6b5b557f/bevy_asset-0.19.0/sPath not found: original-ui/MagIcon2/54.png
10-01 14:43:48.063  3589  3614 I RustStdoutStderr: [2m2026-10-01T06:43:48.060367Z[0m [31mERROR[0m [2mbevy_asset::server[0m[2m:[0m Path not found: original-ui/MagIcon2/54.png
10-01 14:43:48.272  3589  3616 E event /Users/henryliu/.cargo/registry/src/index.crates.io-1949cf8c6b5b557f/bevy_asset-0.19.0/sPath not found: original-ui/MagIcon/54.png
10-01 14:43:48.273  3589  3614 I RustStdoutStderr: [2m2026-10-01T06:43:48.272083Z[0m [31mERROR[0m [2mbevy_asset::server[0m[2m:[0m Path not found: original-ui/MagIcon/54.png
10-01 14:43:48.281  3589  3616 E event /Users/henryliu/.cargo/registry/src/index.crates.io-1949cf8c6b5b557f/bevy_asset-0.19.0/sPath not found: original-ui/MagIcon2/54.png
10-01 14:43:48.281  3589  3614 I RustStdoutStderr: [2m2026-10-01T06:43:48.281141Z[0m [31mERROR[0m [2mbevy_asset::server[0m[2m:[0m Path not found: original-ui/MagIcon2/54.png
10-01 14:43:48.363  3589  3615 D EGL_emulation: app_time_stats: avg=202.96ms min=115.31ms max=320.49ms count=5
10-01 14:43:48.923  3589  3616 E event /Users/henryliu/.cargo/registry/src/index.crates.io-1949cf8c6b5b557f/bevy_asset-0.19.0/sPath not found: original-ui/MagIcon/54.png
10-01 14:43:48.939  3589  3614 I RustStdoutStderr: [2m2026-10-01T06:43:48.923697Z[0m [31mERROR[0m [2mbevy_asset::server[0m[2m:[0m Path not found: original-ui/MagIcon/54.png
10-01 14:43:49.017  3589  3616 E event /Users/henryliu/.cargo/registry/src/index.crates.io-1949cf8c6b5b557f/bevy_asset-0.19.0/sPath not found: original-ui/MagIcon2/54.png
10-01 14:43:49.017  3589  3614 I RustStdoutStderr: [2m2026-10-01T06:43:49.015301Z[0m [31mERROR[0m [2mbevy_asset::server[0m[2m:[0m Path not found: original-ui/MagIcon2/54.png
10-01 14:43:49.442  3589  3615 D EGL_emulation: app_time_stats: avg=1078.16ms min=1078.16ms max=1078.16ms count=1
10-01 14:43:49.774  3589  3616 E event /Users/henryliu/.cargo/registry/src/index.crates.io-1949cf8c6b5b557f/bevy_asset-0.19.0/sPath not found: original-ui/MagIcon/54.png
10-01 14:43:49.785  3589  3614 I RustStdoutStderr: [2m2026-10-01T06:43:49.774523Z[0m [31mERROR[0m [2mbevy_asset::server[0m[2m:[0m Path not found: original-ui/MagIcon/54.png
10-01 14:43:49.945  3589  3616 E event /Users/henryliu/.cargo/registry/src/index.crates.io-1949cf8c6b5b557f/bevy_asset-0.19.0/sPath not found: original-ui/MagIcon2/54.png
10-01 14:43:49.962  3589  3614 I RustStdoutStderr: [2m2026-10-01T06:43:49.945140Z[0m [31mERROR[0m [2mbevy_asset::server[0m[2m:[0m Path not found: original-ui/MagIcon2/54.png
10-01 14:43:50.469  3589  3616 E event /Users/henryliu/.cargo/registry/src/index.crates.io-1949cf8c6b5b557f/bevy_asset-0.19.0/sPath not found: original-ui/MagIcon/54.png
10-01 14:43:50.476  3589  3614 I RustStdoutStderr: [2m2026-10-01T06:43:50.469448Z[0m [31mERROR[0m [2mbevy_asset::server[0m[2m:[0m Path not found: original-ui/MagIcon/54.png
10-01 14:43:50.489  3589  3614 I RustStdoutStderr: [2m2026-10-01T06:43:50.489052Z[0m [31mERROR[0m [2mbevy_asset::server[0m[2m:[0m Path not found: original-ui/MagIcon2/54.png
10-01 14:43:50.489  3589  3616 E event /Users/henryliu/.cargo/registry/src/index.crates.io-1949cf8c6b5b557f/bevy_asset-0.19.0/sPath not found: original-ui/MagIcon2/54.png
10-01 14:43:50.571  3589  3615 D EGL_emulation: app_time_stats: avg=564.31ms min=330.06ms max=798.57ms count=2
10-01 14:43:50.621  3589  3614 I RustStdoutStderr: [2m2026-10-01T06:43:50.621286Z[0m [31mERROR[0m [2mbevy_asset::server[0m[2m:[0m Path not found: original-ui/MagIcon/54.png
10-01 14:43:50.621  3589  3616 E event /Users/henryliu/.cargo/registry/src/index.crates.io-1949cf8c6b5b557f/bevy_asset-0.19.0/sPath not found: original-ui/MagIcon/54.png
10-01 14:43:50.874  3589  3614 I RustStdoutStderr: [2m2026-10-01T06:43:50.873308Z[0m [31mERROR[0m [2mbevy_asset::server[0m[2m:[0m Path not found: original-ui/MagIcon2/54.png
10-01 14:43:50.874  3589  3616 E event /Users/henryliu/.cargo/registry/src/index.crates.io-1949cf8c6b5b557f/bevy_asset-0.19.0/sPath not found: original-ui/MagIcon2/54.png
10-01 14:43:51.070  3589  3616 E event /Users/henryliu/.cargo/registry/src/index.crates.io-1949cf8c6b5b557f/bevy_asset-0.19.0/sPath not found: original-ui/MagIcon/54.png
10-01 14:43:51.071  3589  3614 I RustStdoutStderr: [2m2026-10-01T06:43:51.070032Z[0m [31mERROR[0m [2mbevy_asset::server[0m[2m:[0m Path not found: original-ui/MagIcon/54.png
10-01 14:43:51.563  3589  3616 E event /Users/henryliu/.cargo/registry/src/index.crates.io-1949cf8c6b5b557f/bevy_asset-0.19.0/sPath not found: original-ui/MagIcon2/54.png
10-01 14:43:51.564  3589  3614 I RustStdoutStderr: [2m2026-10-01T06:43:51.563659Z[0m [31mERROR[0m [2mbevy_asset::server[0m[2m:[0m Path not found: original-ui/MagIcon2/54.png
10-01 14:43:51.619  3589  3615 D EGL_emulation: app_time_stats: avg=524.15ms min=416.34ms max=631.96ms count=2
10-01 14:43:51.713  3589  3616 E event /Users/henryliu/.cargo/registry/src/index.crates.io-1949cf8c6b5b557f/bevy_asset-0.19.0/sPath not found: original-ui/MagIcon/54.png
10-01 14:43:51.714  3589  3614 I RustStdoutStderr: [2m2026-10-01T06:43:51.713129Z[0m [31mERROR[0m [2mbevy_asset::server[0m[2m:[0m Path not found: original-ui/MagIcon/54.png
10-01 14:43:51.735  3589  3616 E event /Users/henryliu/.cargo/registry/src/index.crates.io-1949cf8c6b5b557f/bevy_asset-0.19.0/sPath not found: original-ui/MagIcon2/54.png
10-01 14:43:51.738  3589  3614 I RustStdoutStderr: [2m2026-10-01T06:43:51.734967Z[0m [31mERROR[0m [2mbevy_asset::server[0m[2m:[0m Path not found: original-ui/MagIcon2/54.png
10-01 14:43:51.988  3589  3616 E event /Users/henryliu/.cargo/registry/src/index.crates.io-1949cf8c6b5b557f/bevy_asset-0.19.0/sPath not found: original-ui/MagIcon/54.png
10-01 14:43:51.990  3589  3614 I RustStdoutStderr: [2m2026-10-01T06:43:51.988517Z[0m [31mERROR[0m [2mbevy_asset::server[0m[2m:[0m Path not found: original-ui/MagIcon/54.png
10-01 14:43:52.000  3589  3614 I RustStdoutStderr: [2m2026-10-01T06:43:52.000148Z[0m [31mERROR[0m [2mbevy_asset::server[0m[2m:[0m Path not found: original-ui/MagIcon2/54.png
10-01 14:43:52.000  3589  3616 E event /Users/henryliu/.cargo/registry/src/index.crates.io-1949cf8c6b5b557f/bevy_asset-0.19.0/sPath not found: original-ui/MagIcon2/54.png
10-01 14:43:52.228  3589  3616 E event /Users/henryliu/.cargo/registry/src/index.crates.io-1949cf8c6b5b557f/bevy_asset-0.19.0/sPath not found: original-ui/MagIcon/54.png
10-01 14:43:52.235  3589  3614 I RustStdoutStderr: [2m2026-10-01T06:43:52.228700Z[0m [31mERROR[0m [2mbevy_asset::server[0m[2m:[0m Path not found: original-ui/MagIcon/54.png
10-01 14:43:52.255  3589  3614 I RustStdoutStderr: [2m2026-10-01T06:43:52.252004Z[0m [31mERROR[0m [2mbevy_asset::server[0m[2m:[0m Path not found: original-ui/MagIcon2/54.png
10-01 14:43:52.255  3589  3616 E event /Users/henryliu/.cargo/registry/src/index.crates.io-1949cf8c6b5b557f/bevy_asset-0.19.0/sPath not found: original-ui/MagIcon2/54.png
10-01 14:43:52.473  3589  3616 E event /Users/henryliu/.cargo/registry/src/index.crates.io-1949cf8c6b5b557f/bevy_asset-0.19.0/sPath not found: original-ui/MagIcon/54.png
10-01 14:43:52.474  3589  3614 I RustStdoutStderr: [2m2026-10-01T06:43:52.473374Z[0m [31mERROR[0m [2mbevy_asset::server[0m[2m:[0m Path not found: original-ui/MagIcon/54.png
10-01 14:43:52.503  3589  3616 E event /Users/henryliu/.cargo/registry/src/index.crates.io-1949cf8c6b5b557f/bevy_asset-0.19.0/sPath not found: original-ui/MagIcon2/54.png
10-01 14:43:52.503  3589  3614 I RustStdoutStderr: [2m2026-10-01T06:43:52.502818Z[0m [31mERROR[0m [2mbevy_asset::server[0m[2m:[0m Path not found: original-ui/MagIcon2/54.png
10-01 14:43:52.732  3589  3615 D EGL_emulation: app_time_stats: avg=278.07ms min=233.63ms max=374.37ms count=4
10-01 14:43:52.835  3589  3616 E event /Users/henryliu/.cargo/registry/src/index.crates.io-1949cf8c6b5b557f/bevy_asset-0.19.0/sPath not found: original-ui/MagIcon/54.png
10-01 14:43:52.837  3589  3614 I RustStdoutStderr: [2m2026-10-01T06:43:52.834682Z[0m [31mERROR[0m [2mbevy_asset::server[0m[2m:[0m Path not found: original-ui/MagIcon/54.png
10-01 14:43:53.097  3589  3616 E event /Users/henryliu/.cargo/registry/src/index.crates.io-1949cf8c6b5b557f/bevy_asset-0.19.0/sPath not found: original-ui/MagIcon2/54.png
10-01 14:43:53.100  3589  3614 I RustStdoutStderr: [2m2026-10-01T06:43:53.095531Z[0m [31mERROR[0m [2mbevy_asset::server[0m[2m:[0m Path not found: original-ui/MagIcon2/54.png
10-01 14:43:53.351  3589  3616 E event /Users/henryliu/.cargo/registry/src/index.crates.io-1949cf8c6b5b557f/bevy_asset-0.19.0/sPath not found: original-ui/MagIcon/54.png
10-01 14:43:53.352  3589  3614 I RustStdoutStderr: [2m2026-10-01T06:43:53.351037Z[0m [31mERROR[0m [2mbevy_asset::server[0m[2m:[0m Path not found: original-ui/MagIcon/54.png
10-01 14:43:53.384  3589  3616 E event /Users/henryliu/.cargo/registry/src/index.crates.io-1949cf8c6b5b557f/bevy_asset-0.19.0/sPath not found: original-ui/MagIcon2/54.png
10-01 14:43:53.384  3589  3614 I RustStdoutStderr: [2m2026-10-01T06:43:53.384501Z[0m [31mERROR[0m [2mbevy_asset::server[0m[2m:[0m Path not found: original-ui/MagIcon2/54.png
10-01 14:43:53.577  3589  3616 E event /Users/henryliu/.cargo/registry/src/index.crates.io-1949cf8c6b5b557f/bevy_asset-0.19.0/sPath not found: original-ui/MagIcon/54.png
10-01 14:43:53.578  3589  3614 I RustStdoutStderr: [2m2026-10-01T06:43:53.577135Z[0m [31mERROR[0m [2mbevy_asset::server[0m[2m:[0m Path not found: original-ui/MagIcon/54.png
10-01 14:43:53.602  3589  3616 E event /Users/henryliu/.cargo/registry/src/index.crates.io-1949cf8c6b5b557f/bevy_asset-0.19.0/sPath not found: original-ui/MagIcon2/54.png
10-01 14:43:53.604  3589  3614 I RustStdoutStderr: [2m2026-10-01T06:43:53.602113Z[0m [31mERROR[0m [2mbevy_asset::server[0m[2m:[0m Path not found: original-ui/MagIcon2/54.png
10-01 14:43:53.743  3589  3616 E event /Users/henryliu/.cargo/registry/src/index.crates.io-1949cf8c6b5b557f/bevy_asset-0.19.0/sPath not found: original-ui/MagIcon/54.png
10-01 14:43:53.743  3589  3614 I RustStdoutStderr: [2m2026-10-01T06:43:53.743430Z[0m [31mERROR[0m [2mbevy_asset::server[0m[2m:[0m Path not found: original-ui/MagIcon/54.png
10-01 14:43:53.766  3589  3616 E event /Users/henryliu/.cargo/registry/src/index.crates.io-1949cf8c6b5b557f/bevy_asset-0.19.0/sPath not found: original-ui/MagIcon2/54.png
10-01 14:43:53.767  3589  3614 I RustStdoutStderr: [2m2026-10-01T06:43:53.766089Z[0m [31mERROR[0m [2mbevy_asset::server[0m[2m:[0m Path not found: original-ui/MagIcon2/54.png
10-01 14:43:53.841  3589  3615 D EGL_emulation: app_time_stats: avg=277.08ms min=145.85ms max=454.02ms count=4
10-01 14:43:53.962  3589  3616 E event /Users/henryliu/.cargo/registry/src/index.crates.io-1949cf8c6b5b557f/bevy_asset-0.19.0/sPath not found: original-ui/MagIcon/54.png
10-01 14:43:53.963  3589  3614 I RustStdoutStderr: [2m2026-10-01T06:43:53.962196Z[0m [31mERROR[0m [2mbevy_asset::server[0m[2m:[0m Path not found: original-ui/MagIcon/54.png
10-01 14:43:54.021  3589  3616 E event /Users/henryliu/.cargo/registry/src/index.crates.io-1949cf8c6b5b557f/bevy_asset-0.19.0/sPath not found: original-ui/MagIcon2/54.png
10-01 14:43:54.026  3589  3614 I RustStdoutStderr: [2m2026-10-01T06:43:54.021754Z[0m [31mERROR[0m [2mbevy_asset::server[0m[2m:[0m Path not found: original-ui/MagIcon2/54.png
10-01 14:43:54.330  3589  3616 E event /Users/henryliu/.cargo/registry/src/index.crates.io-1949cf8c6b5b557f/bevy_asset-0.19.0/sPath not found: original-ui/MagIcon/54.png
10-01 14:43:54.330  3589  3614 I RustStdoutStderr: [2m2026-10-01T06:43:54.330455Z[0m [31mERROR[0m [2mbevy_asset::server[0m[2m:[0m Path not found: original-ui/MagIcon/54.png
10-01 14:43:54.344  3589  3616 E event /Users/henryliu/.cargo/registry/src/index.crates.io-1949cf8c6b5b557f/bevy_asset-0.19.0/sPath not found: original-ui/MagIcon2/54.png
10-01 14:43:54.344  3589  3614 I RustStdoutStderr: [2m2026-10-01T06:43:54.344327Z[0m [31mERROR[0m [2mbevy_asset::server[0m[2m:[0m Path not found: original-ui/MagIcon2/54.png
10-01 14:43:54.477  3589  3616 E event /Users/henryliu/.cargo/registry/src/index.crates.io-1949cf8c6b5b557f/bevy_asset-0.19.0/sPath not found: original-ui/MagIcon/54.png
10-01 14:43:54.477  3589  3614 I RustStdoutStderr: [2m2026-10-01T06:43:54.477507Z[0m [31mERROR[0m [2mbevy_asset::server[0m[2m:[0m Path not found: original-ui/MagIcon/54.png
10-01 14:43:54.495  3589  3616 E event /Users/henryliu/.cargo/registry/src/index.crates.io-1949cf8c6b5b557f/bevy_asset-0.19.0/sPath not found: original-ui/MagIcon2/54.png
10-01 14:43:54.497  3589  3614 I RustStdoutStderr: [2m2026-10-01T06:43:54.495128Z[0m [31mERROR[0m [2mbevy_asset::server[0m[2m:[0m Path not found: original-ui/MagIcon2/54.png
10-01 14:43:54.695  3589  3616 E event /Users/henryliu/.cargo/registry/src/index.crates.io-1949cf8c6b5b557f/bevy_asset-0.19.0/sPath not found: original-ui/MagIcon/54.png
10-01 14:43:54.706  3589  3614 I RustStdoutStderr: [2m2026-10-01T06:43:54.695739Z[0m [31mERROR[0m [2mbevy_asset::server[0m[2m:[0m Path not found: original-ui/MagIcon/54.png
10-01 14:43:54.727  3589  3616 E event /Users/henryliu/.cargo/registry/src/index.crates.io-1949cf8c6b5b557f/bevy_asset-0.19.0/sPath not found: original-ui/MagIcon2/54.png
10-01 14:43:54.727  3589  3614 I RustStdoutStderr: [2m2026-10-01T06:43:54.727117Z[0m [31mERROR[0m [2mbevy_asset::server[0m[2m:[0m Path not found: original-ui/MagIcon2/54.png
10-01 14:43:54.847  3589  3615 D EGL_emulation: app_time_stats: avg=251.45ms min=170.42ms max=329.48ms count=4
10-01 14:43:54.939  3589  3616 E event /Users/henryliu/.cargo/registry/src/index.crates.io-1949cf8c6b5b557f/bevy_asset-0.19.0/sPath not found: original-ui/MagIcon/54.png
10-01 14:43:54.939  3589  3614 I RustStdoutStderr: [2m2026-10-01T06:43:54.938951Z[0m [31mERROR[0m [2mbevy_asset::server[0m[2m:[0m Path not found: original-ui/MagIcon/54.png
10-01 14:43:54.972  3589  3616 E event /Users/henryliu/.cargo/registry/src/index.crates.io-1949cf8c6b5b557f/bevy_asset-0.19.0/sPath not found: original-ui/MagIcon2/54.png
10-01 14:43:54.974  3589  3614 I RustStdoutStderr: [2m2026-10-01T06:43:54.972566Z[0m [31mERROR[0m [2mbevy_asset::server[0m[2m:[0m Path not found: original-ui/MagIcon2/54.png
10-01 14:43:55.152  3589  3616 E event /Users/henryliu/.cargo/registry/src/index.crates.io-1949cf8c6b5b557f/bevy_asset-0.19.0/sPath not found: original-ui/MagIcon/54.png
10-01 14:43:55.152  3589  3614 I RustStdoutStderr: [2m2026-10-01T06:43:55.152411Z[0m [31mERROR[0m [2mbevy_asset::server[0m[2m:[0m Path not found: original-ui/MagIcon/54.png
10-01 14:43:55.179  3589  3616 E event /Users/henryliu/.cargo/registry/src/index.crates.io-1949cf8c6b5b557f/bevy_asset-0.19.0/sPath not found: original-ui/MagIcon2/54.png
10-01 14:43:55.180  3589  3614 I RustStdoutStderr: [2m2026-10-01T06:43:55.179580Z[0m [31mERROR[0m [2mbevy_asset::server[0m[2m:[0m Path not found: original-ui/MagIcon2/54.png
10-01 14:43:55.551  3589  3616 E event /Users/henryliu/.cargo/registry/src/index.crates.io-1949cf8c6b5b557f/bevy_asset-0.19.0/sPath not found: original-ui/MagIcon/54.png
10-01 14:43:55.552  3589  3614 I RustStdoutStderr: [2m2026-10-01T06:43:55.550027Z[0m [31mERROR[0m [2mbevy_asset::server[0m[2m:[0m Path not found: original-ui/MagIcon/54.png
10-01 14:43:55.584  3589  3616 E event /Users/henryliu/.cargo/registry/src/index.crates.io-1949cf8c6b5b557f/bevy_asset-0.19.0/sPath not found: original-ui/MagIcon2/54.png
10-01 14:43:55.844  3589  3614 I RustStdoutStderr: [2m2026-10-01T06:43:55.584295Z[0m [31mERROR[0m [2mbevy_asset::server[0m[2m:[0m Path not found: original-ui/MagIcon2/54.png
10-01 14:43:55.978  3589  3615 D EGL_emulation: app_time_stats: avg=376.76ms min=226.67ms max=552.91ms count=3
10-01 14:43:56.136  3589  3616 E event /Users/henryliu/.cargo/registry/src/index.crates.io-1949cf8c6b5b557f/bevy_asset-0.19.0/sPath not found: original-ui/MagIcon/54.png
10-01 14:43:56.137  3589  3614 I RustStdoutStderr: [2m2026-10-01T06:43:56.136615Z[0m [31mERROR[0m [2mbevy_asset::server[0m[2m:[0m Path not found: original-ui/MagIcon/54.png
10-01 14:43:56.158  3589  3616 E event /Users/henryliu/.cargo/registry/src/index.crates.io-1949cf8c6b5b557f/bevy_asset-0.19.0/sPath not found: original-ui/MagIcon2/54.png
10-01 14:43:56.160  3589  3614 I RustStdoutStderr: [2m2026-10-01T06:43:56.153415Z[0m [31mERROR[0m [2mbevy_asset::server[0m[2m:[0m Path not found: original-ui/MagIcon2/54.png
10-01 14:43:56.296  3589  3616 E event /Users/henryliu/.cargo/registry/src/index.crates.io-1949cf8c6b5b557f/bevy_asset-0.19.0/sPath not found: original-ui/MagIcon/54.png
10-01 14:43:56.298  3589  3614 I RustStdoutStderr: [2m2026-10-01T06:43:56.294852Z[0m [31mERROR[0m [2mbevy_asset::server[0m[2m:[0m Path not found: original-ui/MagIcon/54.png
10-01 14:43:56.308  3589  3616 E event /Users/henryliu/.cargo/registry/src/index.crates.io-1949cf8c6b5b557f/bevy_asset-0.19.0/sPath not found: original-ui/MagIcon2/54.png
10-01 14:43:56.315  3589  3614 I RustStdoutStderr: [2m2026-10-01T06:43:56.308308Z[0m [31mERROR[0m [2mbevy_asset::server[0m[2m:[0m Path not found: original-ui/MagIcon2/54.png
10-01 14:43:56.497  3589  3616 E event /Users/henryliu/.cargo/registry/src/index.crates.io-1949cf8c6b5b557f/bevy_asset-0.19.0/sPath not found: original-ui/MagIcon/54.png
10-01 14:43:56.497  3589  3614 I RustStdoutStderr: [2m2026-10-01T06:43:56.497083Z[0m [31mERROR[0m [2mbevy_asset::server[0m[2m:[0m Path not found: original-ui/MagIcon/54.png
10-01 14:43:56.512  3589  3616 E event /Users/henryliu/.cargo/registry/src/index.crates.io-1949cf8c6b5b557f/bevy_asset-0.19.0/sPath not found: original-ui/MagIcon2/54.png
10-01 14:43:56.513  3589  3614 I RustStdoutStderr: [2m2026-10-01T06:43:56.512167Z[0m [31mERROR[0m [2mbevy_asset::server[0m[2m:[0m Path not found: original-ui/MagIcon2/54.png
10-01 14:43:56.623  3589  3616 E event /Users/henryliu/.cargo/registry/src/index.crates.io-1949cf8c6b5b557f/bevy_asset-0.19.0/sPath not found: original-ui/MagIcon/54.png
10-01 14:43:56.624  3589  3614 I RustStdoutStderr: [2m2026-10-01T06:43:56.623020Z[0m [31mERROR[0m [2mbevy_asset::server[0m[2m:[0m Path not found: original-ui/MagIcon/54.png
10-01 14:43:56.741  3589  3616 E event /Users/henryliu/.cargo/registry/src/index.crates.io-1949cf8c6b5b557f/bevy_asset-0.19.0/sPath not found: original-ui/MagIcon2/54.png
10-01 14:43:56.910  3589  3614 I RustStdoutStderr: [2m2026-10-01T06:43:56.644228Z[0m [31mERROR[0m [2mbevy_asset::server[0m[2m:[0m Path not found: original-ui/MagIcon2/54.png
10-01 14:43:56.992  3589  3615 D EGL_emulation: app_time_stats: avg=252.92ms min=101.58ms max=442.52ms count=4
10-01 14:43:57.077  3589  3614 I RustStdoutStderr: [2m2026-10-01T06:43:57.077321Z[0m [31mERROR[0m [2mbevy_asset::server[0m[2m:[0m Path not found: original-ui/MagIcon/54.png
10-01 14:43:57.077  3589  3616 E event /Users/henryliu/.cargo/registry/src/index.crates.io-1949cf8c6b5b557f/bevy_asset-0.19.0/sPath not found: original-ui/MagIcon/54.png
10-01 14:43:57.097  3589  3616 E event /Users/henryliu/.cargo/registry/src/index.crates.io-1949cf8c6b5b557f/bevy_asset-0.19.0/sPath not found: original-ui/MagIcon2/54.png
10-01 14:43:57.098  3589  3614 I RustStdoutStderr: [2m2026-10-01T06:43:57.097703Z[0m [31mERROR[0m [2mbevy_asset::server[0m[2m:[0m Path not found: original-ui/MagIcon2/54.png
10-01 14:43:57.452  3589  3616 E event /Users/henryliu/.cargo/registry/src/index.crates.io-1949cf8c6b5b557f/bevy_asset-0.19.0/sPath not found: original-ui/MagIcon/54.png
10-01 14:43:57.452  3589  3614 I RustStdoutStderr: [2m2026-10-01T06:43:57.452003Z[0m [31mERROR[0m [2mbevy_asset::server[0m[2m:[0m Path not found: original-ui/MagIcon/54.png
10-01 14:43:57.496  3589  3616 E event /Users/henryliu/.cargo/registry/src/index.crates.io-1949cf8c6b5b557f/bevy_asset-0.19.0/sPath not found: original-ui/MagIcon2/54.png
10-01 14:43:57.500  3589  3614 I RustStdoutStderr: [2m2026-10-01T06:43:57.496552Z[0m [31mERROR[0m [2mbevy_asset::server[0m[2m:[0m Path not found: original-ui/MagIcon2/54.png
10-01 14:43:57.696  3589  3616 E event /Users/henryliu/.cargo/registry/src/index.crates.io-1949cf8c6b5b557f/bevy_asset-0.19.0/sPath not found: original-ui/MagIcon/54.png
10-01 14:43:57.697  3589  3614 I RustStdoutStderr: [2m2026-10-01T06:43:57.696130Z[0m [31mERROR[0m [2mbevy_asset::server[0m[2m:[0m Path not found: original-ui/MagIcon/54.png
10-01 14:43:57.744  3589  3616 E event /Users/henryliu/.cargo/registry/src/index.crates.io-1949cf8c6b5b557f/bevy_asset-0.19.0/sPath not found: original-ui/MagIcon2/54.png
10-01 14:43:57.745  3589  3614 I RustStdoutStderr: [2m2026-10-01T06:43:57.743879Z[0m [31mERROR[0m [2mbevy_asset::server[0m[2m:[0m Path not found: original-ui/MagIcon2/54.png
10-01 14:43:57.898  3589  3616 E event /Users/henryliu/.cargo/registry/src/index.crates.io-1949cf8c6b5b557f/bevy_asset-0.19.0/sPath not found: original-ui/MagIcon/54.png
10-01 14:43:57.898  3589  3614 I RustStdoutStderr: [2m2026-10-01T06:43:57.898380Z[0m [31mERROR[0m [2mbevy_asset::server[0m[2m:[0m Path not found: original-ui/MagIcon/54.png
10-01 14:43:57.924  3589  3616 E event /Users/henryliu/.cargo/registry/src/index.crates.io-1949cf8c6b5b557f/bevy_asset-0.19.0/sPath not found: original-ui/MagIcon2/54.png
10-01 14:43:57.927  3589  3614 I RustStdoutStderr: [2m2026-10-01T06:43:57.924314Z[0m [31mERROR[0m [2mbevy_asset::server[0m[2m:[0m Path not found: original-ui/MagIcon2/54.png
10-01 14:43:58.029  3589  3615 D EGL_emulation: app_time_stats: avg=259.19ms min=193.14ms max=344.53ms count=4
10-01 14:43:58.082  3589  3616 E event /Users/henryliu/.cargo/registry/src/index.crates.io-1949cf8c6b5b557f/bevy_asset-0.19.0/sPath not found: original-ui/MagIcon/54.png
10-01 14:43:58.083  3589  3614 I RustStdoutStderr: [2m2026-10-01T06:43:58.082748Z[0m [31mERROR[0m [2mbevy_asset::server[0m[2m:[0m Path not found: original-ui/MagIcon/54.png
10-01 14:43:58.103  3589  3616 E event /Users/henryliu/.cargo/registry/src/index.crates.io-1949cf8c6b5b557f/bevy_asset-0.19.0/sPath not found: original-ui/MagIcon2/54.png
10-01 14:43:58.107  3589  3614 I RustStdoutStderr: [2m2026-10-01T06:43:58.103074Z[0m [31mERROR[0m [2mbevy_asset::server[0m[2m:[0m Path not found: original-ui/MagIcon2/54.png
10-01 14:43:58.361  3589  3616 E event /Users/henryliu/.cargo/registry/src/index.crates.io-1949cf8c6b5b557f/bevy_asset-0.19.0/sPath not found: original-ui/MagIcon/54.png
10-01 14:43:58.362  3589  3614 I RustStdoutStderr: [2m2026-10-01T06:43:58.361369Z[0m [31mERROR[0m [2mbevy_asset::server[0m[2m:[0m Path not found: original-ui/MagIcon/54.png
10-01 14:43:58.399  3589  3616 E event /Users/henryliu/.cargo/registry/src/index.crates.io-1949cf8c6b5b557f/bevy_asset-0.19.0/sPath not found: original-ui/MagIcon2/54.png
10-01 14:43:58.403  3589  3614 I RustStdoutStderr: [2m2026-10-01T06:43:58.399470Z[0m [31mERROR[0m [2mbevy_asset::server[0m[2m:[0m Path not found: original-ui/MagIcon2/54.png
10-01 14:43:58.530  3589  3616 E event /Users/henryliu/.cargo/registry/src/index.crates.io-1949cf8c6b5b557f/bevy_asset-0.19.0/sPath not found: original-ui/MagIcon/54.png
10-01 14:43:58.534  3589  3614 I RustStdoutStderr: [2m2026-10-01T06:43:58.530563Z[0m [31mERROR[0m [2mbevy_asset::server[0m[2m:[0m Path not found: original-ui/MagIcon/54.png
10-01 14:43:58.546  3589  3616 E event /Users/henryliu/.cargo/registry/src/index.crates.io-1949cf8c6b5b557f/bevy_asset-0.19.0/sPath not found: original-ui/MagIcon2/54.png
10-01 14:43:58.548  3589  3614 I RustStdoutStderr: [2m2026-10-01T06:43:58.546702Z[0m [31mERROR[0m [2mbevy_asset::server[0m[2m:[0m Path not found: original-ui/MagIcon2/54.png
10-01 14:43:58.855  3589  3616 E event /Users/henryliu/.cargo/registry/src/index.crates.io-1949cf8c6b5b557f/bevy_asset-0.19.0/sPath not found: original-ui/MagIcon/54.png
10-01 14:43:58.856  3589  3614 I RustStdoutStderr: [2m2026-10-01T06:43:58.855702Z[0m [31mERROR[0m [2mbevy_asset::server[0m[2m:[0m Path not found: original-ui/MagIcon/54.png
10-01 14:43:58.879  3589  3614 I RustStdoutStderr: [2m2026-10-01T06:43:58.879828Z[0m [31mERROR[0m [2mbevy_asset::server[0m[2m:[0m Path not found: original-ui/MagIcon2/54.png
10-01 14:43:58.879  3589  3616 E event /Users/henryliu/.cargo/registry/src/index.crates.io-1949cf8c6b5b557f/bevy_asset-0.19.0/sPath not found: original-ui/MagIcon2/54.png
10-01 14:43:59.183  3589  3616 E event /Users/henryliu/.cargo/registry/src/index.crates.io-1949cf8c6b5b557f/bevy_asset-0.19.0/sPath not found: original-ui/MagIcon/54.png
10-01 14:43:59.183  3589  3614 I RustStdoutStderr: [2m2026-10-01T06:43:59.182732Z[0m [31mERROR[0m [2mbevy_asset::server[0m[2m:[0m Path not found: original-ui/MagIcon/54.png
10-01 14:43:59.238  3589  3616 E event /Users/henryliu/.cargo/registry/src/index.crates.io-1949cf8c6b5b557f/bevy_asset-0.19.0/sPath not found: original-ui/MagIcon2/54.png
10-01 14:43:59.251  3589  3614 I RustStdoutStderr: [2m2026-10-01T06:43:59.238076Z[0m [31mERROR[0m [2mbevy_asset::server[0m[2m:[0m Path not found: original-ui/MagIcon2/54.png
10-01 14:43:59.347  3589  3615 D EGL_emulation: app_time_stats: avg=263.58ms min=119.30ms max=408.20ms count=5
10-01 14:43:59.801  3589  3616 E event /Users/henryliu/.cargo/registry/src/index.crates.io-1949cf8c6b5b557f/bevy_asset-0.19.0/sPath not found: original-ui/MagIcon/54.png
10-01 14:43:59.803  3589  3614 I RustStdoutStderr: [2m2026-10-01T06:43:59.801592Z[0m [31mERROR[0m [2mbevy_asset::server[0m[2m:[0m Path not found: original-ui/MagIcon/54.png
10-01 14:43:59.827  3589  3614 I RustStdoutStderr: [2m2026-10-01T06:43:59.827738Z[0m [31mERROR[0m [2mbevy_asset::server[0m[2m:[0m Path not found: original-ui/MagIcon2/54.png
10-01 14:43:59.827  3589  3616 E event /Users/henryliu/.cargo/registry/src/index.crates.io-1949cf8c6b5b557f/bevy_asset-0.19.0/sPath not found: original-ui/MagIcon2/54.png
10-01 14:44:00.151  3589  3616 E event /Users/henryliu/.cargo/registry/src/index.crates.io-1949cf8c6b5b557f/bevy_asset-0.19.0/sPath not found: original-ui/MagIcon/54.png
10-01 14:44:00.152  3589  3614 I RustStdoutStderr: [2m2026-10-01T06:44:00.151894Z[0m [31mERROR[0m [2mbevy_asset::server[0m[2m:[0m Path not found: original-ui/MagIcon/54.png
10-01 14:44:00.212  3589  3616 E event /Users/henryliu/.cargo/registry/src/index.crates.io-1949cf8c6b5b557f/bevy_asset-0.19.0/sPath not found: original-ui/MagIcon2/54.png
10-01 14:44:00.223  3589  3614 I RustStdoutStderr: [2m2026-10-01T06:44:00.212271Z[0m [31mERROR[0m [2mbevy_asset::server[0m[2m:[0m Path not found: original-ui/MagIcon2/54.png
10-01 14:44:00.467  3589  3615 D EGL_emulation: app_time_stats: avg=559.60ms min=521.95ms max=597.25ms count=2
10-01 14:44:00.701  3589  3616 E event /Users/henryliu/.cargo/registry/src/index.crates.io-1949cf8c6b5b557f/bevy_asset-0.19.0/sPath not found: original-ui/MagIcon/54.png
10-01 14:44:00.702  3589  3614 I RustStdoutStderr: [2m2026-10-01T06:44:00.701571Z[0m [31mERROR[0m [2mbevy_asset::server[0m[2m:[0m Path not found: original-ui/MagIcon/54.png
10-01 14:44:00.717  3589  3616 E event /Users/henryliu/.cargo/registry/src/index.crates.io-1949cf8c6b5b557f/bevy_asset-0.19.0/sPath not found: original-ui/MagIcon2/54.png
10-01 14:44:00.718  3589  3614 I RustStdoutStderr: [2m2026-10-01T06:44:00.717443Z[0m [31mERROR[0m [2mbevy_asset::server[0m[2m:[0m Path not found: original-ui/MagIcon2/54.png
10-01 14:44:00.883  3589  3616 E event /Users/henryliu/.cargo/registry/src/index.crates.io-1949cf8c6b5b557f/bevy_asset-0.19.0/sPath not found: original-ui/MagIcon/54.png
10-01 14:44:00.884  3589  3614 I RustStdoutStderr: [2m2026-10-01T06:44:00.883627Z[0m [31mERROR[0m [2mbevy_asset::server[0m[2m:[0m Path not found: original-ui/MagIcon/54.png
10-01 14:44:00.901  3589  3616 E event /Users/henryliu/.cargo/registry/src/index.crates.io-1949cf8c6b5b557f/bevy_asset-0.19.0/sPath not found: original-ui/MagIcon2/54.png
10-01 14:44:00.903  3589  3614 I RustStdoutStderr: [2m2026-10-01T06:44:00.901149Z[0m [31mERROR[0m [2mbevy_asset::server[0m[2m:[0m Path not found: original-ui/MagIcon2/54.png
10-01 14:44:01.041  3589  3616 E event /Users/henryliu/.cargo/registry/src/index.crates.io-1949cf8c6b5b557f/bevy_asset-0.19.0/sPath not found: original-ui/MagIcon/54.png
10-01 14:44:01.043  3589  3614 I RustStdoutStderr: [2m2026-10-01T06:44:01.041581Z[0m [31mERROR[0m [2mbevy_asset::server[0m[2m:[0m Path not found: original-ui/MagIcon/54.png
10-01 14:44:01.059  3589  3616 E event /Users/henryliu/.cargo/registry/src/index.crates.io-1949cf8c6b5b557f/bevy_asset-0.19.0/sPath not found: original-ui/MagIcon2/54.png
10-01 14:44:01.060  3589  3614 I RustStdoutStderr: [2m2026-10-01T06:44:01.059228Z[0m [31mERROR[0m [2mbevy_asset::server[0m[2m:[0m Path not found: original-ui/MagIcon2/54.png
10-01 14:44:01.368  3589  3614 I RustStdoutStderr: [2m2026-10-01T06:44:01.368782Z[0m [31mERROR[0m [2mbevy_asset::server[0m[2m:[0m Path not found: original-ui/MagIcon/54.png
10-01 14:44:01.368  3589  3616 E event /Users/henryliu/.cargo/registry/src/index.crates.io-1949cf8c6b5b557f/bevy_asset-0.19.0/sPath not found: original-ui/MagIcon/54.png
10-01 14:44:01.395  3589  3614 I RustStdoutStderr: [2m2026-10-01T06:44:01.395426Z[0m [31mERROR[0m [2mbevy_asset::server[0m[2m:[0m Path not found: original-ui/MagIcon2/54.png
10-01 14:44:01.395  3589  3616 E event /Users/henryliu/.cargo/registry/src/index.crates.io-1949cf8c6b5b557f/bevy_asset-0.19.0/sPath not found: original-ui/MagIcon2/54.png
10-01 14:44:01.566  3589  3616 E event /Users/henryliu/.cargo/registry/src/index.crates.io-1949cf8c6b5b557f/bevy_asset-0.19.0/sPath not found: original-ui/MagIcon/54.png
10-01 14:44:01.567  3589  3614 I RustStdoutStderr: [2m2026-10-01T06:44:01.565958Z[0m [31mERROR[0m [2mbevy_asset::server[0m[2m:[0m Path not found: original-ui/MagIcon/54.png
10-01 14:44:01.585  3589  3616 E event /Users/henryliu/.cargo/registry/src/index.crates.io-1949cf8c6b5b557f/bevy_asset-0.19.0/sPath not found: original-ui/MagIcon2/54.png
10-01 14:44:01.586  3589  3614 I RustStdoutStderr: [2m2026-10-01T06:44:01.585025Z[0m [31mERROR[0m [2mbevy_asset::server[0m[2m:[0m Path not found: original-ui/MagIcon2/54.png
10-01 14:44:01.923  3589  3615 D EGL_emulation: app_time_stats: avg=291.14ms min=136.99ms max=458.25ms count=5
10-01 14:44:02.267  3589  3616 E event /Users/henryliu/.cargo/registry/src/index.crates.io-1949cf8c6b5b557f/bevy_asset-0.19.0/sPath not found: original-ui/MagIcon/54.png
10-01 14:44:02.270  3589  3614 I RustStdoutStderr: [2m2026-10-01T06:44:02.267241Z[0m [31mERROR[0m [2mbevy_asset::server[0m[2m:[0m Path not found: original-ui/MagIcon/54.png
10-01 14:44:02.306  3589  3616 E event /Users/henryliu/.cargo/registry/src/index.crates.io-1949cf8c6b5b557f/bevy_asset-0.19.0/sPath not found: original-ui/MagIcon2/54.png
10-01 14:44:02.309  3589  3614 I RustStdoutStderr: [2m2026-10-01T06:44:02.306617Z[0m [31mERROR[0m [2mbevy_asset::server[0m[2m:[0m Path not found: original-ui/MagIcon2/54.png
10-01 14:44:02.449  3589  3616 E event /Users/henryliu/.cargo/registry/src/index.crates.io-1949cf8c6b5b557f/bevy_asset-0.19.0/sPath not found: original-ui/MagIcon/54.png
10-01 14:44:02.450  3589  3614 I RustStdoutStderr: [2m2026-10-01T06:44:02.449554Z[0m [31mERROR[0m [2mbevy_asset::server[0m[2m:[0m Path not found: original-ui/MagIcon/54.png
10-01 14:44:02.461  3589  3616 E event /Users/henryliu/.cargo/registry/src/index.crates.io-1949cf8c6b5b557f/bevy_asset-0.19.0/sPath not found: original-ui/MagIcon2/54.png
10-01 14:44:02.464  3589  3614 I RustStdoutStderr: [2m2026-10-01T06:44:02.461404Z[0m [31mERROR[0m [2mbevy_asset::server[0m[2m:[0m Path not found: original-ui/MagIcon2/54.png
10-01 14:44:02.590  3589  3616 E event /Users/henryliu/.cargo/registry/src/index.crates.io-1949cf8c6b5b557f/bevy_asset-0.19.0/sPath not found: original-ui/MagIcon/54.png
10-01 14:44:02.591  3589  3614 I RustStdoutStderr: [2m2026-10-01T06:44:02.590177Z[0m [31mERROR[0m [2mbevy_asset::server[0m[2m:[0m Path not found: original-ui/MagIcon/54.png
10-01 14:44:02.615  3589  3616 E event /Users/henryliu/.cargo/registry/src/index.crates.io-1949cf8c6b5b557f/bevy_asset-0.19.0/sPath not found: original-ui/MagIcon2/54.png
10-01 14:44:02.620  3589  3614 I RustStdoutStderr: [2m2026-10-01T06:44:02.615848Z[0m [31mERROR[0m [2mbevy_asset::server[0m[2m:[0m Path not found: original-ui/MagIcon2/54.png
10-01 14:44:02.839  3589  3616 E event /Users/henryliu/.cargo/registry/src/index.crates.io-1949cf8c6b5b557f/bevy_asset-0.19.0/sPath not found: original-ui/MagIcon/54.png
10-01 14:44:02.840  3589  3614 I RustStdoutStderr: [2m2026-10-01T06:44:02.839315Z[0m [31mERROR[0m [2mbevy_asset::server[0m[2m:[0m Path not found: original-ui/MagIcon/54.png
10-01 14:44:02.890  3589  3616 E event /Users/henryliu/.cargo/registry/src/index.crates.io-1949cf8c6b5b557f/bevy_asset-0.19.0/sPath not found: original-ui/MagIcon2/54.png
10-01 14:44:02.895  3589  3614 I RustStdoutStderr: [2m2026-10-01T06:44:02.889945Z[0m [31mERROR[0m [2mbevy_asset::server[0m[2m:[0m Path not found: original-ui/MagIcon2/54.png
10-01 14:44:03.017  3589  3615 D EGL_emulation: app_time_stats: avg=273.33ms min=119.96ms max=472.90ms count=4
10-01 14:44:03.167  3589  3616 E event /Users/henryliu/.cargo/registry/src/index.crates.io-1949cf8c6b5b557f/bevy_asset-0.19.0/sPath not found: original-ui/MagIcon/54.png
10-01 14:44:03.170  3589  3614 I RustStdoutStderr: [2m2026-10-01T06:44:03.167095Z[0m [31mERROR[0m [2mbevy_asset::server[0m[2m:[0m Path not found: original-ui/MagIcon/54.png
10-01 14:44:03.244  3589  3616 E event /Users/henryliu/.cargo/registry/src/index.crates.io-1949cf8c6b5b557f/bevy_asset-0.19.0/sPath not found: original-ui/MagIcon2/54.png
10-01 14:44:03.247  3589  3614 I RustStdoutStderr: [2m2026-10-01T06:44:03.242050Z[0m [31mERROR[0m [2mbevy_asset::server[0m[2m:[0m Path not found: original-ui/MagIcon2/54.png
10-01 14:44:03.465  3589  3616 E event /Users/henryliu/.cargo/registry/src/index.crates.io-1949cf8c6b5b557f/bevy_asset-0.19.0/sPath not found: original-ui/MagIcon/54.png
10-01 14:44:03.466  3589  3614 I RustStdoutStderr: [2m2026-10-01T06:44:03.465240Z[0m [31mERROR[0m [2mbevy_asset::server[0m[2m:[0m Path not found: original-ui/MagIcon/54.png
10-01 14:44:03.486  3589  3616 E event /Users/henryliu/.cargo/registry/src/index.crates.io-1949cf8c6b5b557f/bevy_asset-0.19.0/sPath not found: original-ui/MagIcon2/54.png
10-01 14:44:03.489  3589  3614 I RustStdoutStderr: [2m2026-10-01T06:44:03.486758Z[0m [31mERROR[0m [2mbevy_asset::server[0m[2m:[0m Path not found: original-ui/MagIcon2/54.png
10-01 14:44:03.665  3589  3616 E event /Users/henryliu/.cargo/registry/src/index.crates.io-1949cf8c6b5b557f/bevy_asset-0.19.0/sPath not found: original-ui/MagIcon/54.png
10-01 14:44:03.666  3589  3614 I RustStdoutStderr: [2m2026-10-01T06:44:03.665547Z[0m [31mERROR[0m [2mbevy_asset::server[0m[2m:[0m Path not found: original-ui/MagIcon/54.png
10-01 14:44:03.691  3589  3616 E event /Users/henryliu/.cargo/registry/src/index.crates.io-1949cf8c6b5b557f/bevy_asset-0.19.0/sPath not found: original-ui/MagIcon2/54.png
10-01 14:44:03.696  3589  3614 I RustStdoutStderr: [2m2026-10-01T06:44:03.691575Z[0m [31mERROR[0m [2mbevy_asset::server[0m[2m:[0m Path not found: original-ui/MagIcon2/54.png
10-01 14:44:03.824  3589  3616 E event /Users/henryliu/.cargo/registry/src/index.crates.io-1949cf8c6b5b557f/bevy_asset-0.19.0/sPath not found: original-ui/MagIcon/54.png
10-01 14:44:03.834  3589  3614 I RustStdoutStderr: [2m2026-10-01T06:44:03.824168Z[0m [31mERROR[0m [2mbevy_asset::server[0m[2m:[0m Path not found: original-ui/MagIcon/54.png
10-01 14:44:03.891  3589  3616 E event /Users/henryliu/.cargo/registry/src/index.crates.io-1949cf8c6b5b557f/bevy_asset-0.19.0/sPath not found: original-ui/MagIcon2/54.png
10-01 14:44:03.893  3589  3614 I RustStdoutStderr: [2m2026-10-01T06:44:03.891377Z[0m [31mERROR[0m [2mbevy_asset::server[0m[2m:[0m Path not found: original-ui/MagIcon2/54.png
10-01 14:44:04.079  3589  3616 E event /Users/henryliu/.cargo/registry/src/index.crates.io-1949cf8c6b5b557f/bevy_asset-0.19.0/sPath not found: original-ui/MagIcon/54.png
10-01 14:44:04.080  3589  3614 I RustStdoutStderr: [2m2026-10-01T06:44:04.079835Z[0m [31mERROR[0m [2mbevy_asset::server[0m[2m:[0m Path not found: original-ui/MagIcon/54.png
10-01 14:44:04.133  3589  3614 I RustStdoutStderr: [2m2026-10-01T06:44:04.133517Z[0m [31mERROR[0m [2mbevy_asset::server[0m[2m:[0m Path not found: original-ui/MagIcon2/54.png
10-01 14:44:04.134  3589  3616 E event /Users/henryliu/.cargo/registry/src/index.crates.io-1949cf8c6b5b557f/bevy_asset-0.19.0/sPath not found: original-ui/MagIcon2/54.png
10-01 14:44:04.231  3589  3615 D EGL_emulation: app_time_stats: avg=242.77ms min=140.79ms max=356.60ms count=5
10-01 14:44:04.334  3589  3616 E event /Users/henryliu/.cargo/registry/src/index.crates.io-1949cf8c6b5b557f/bevy_asset-0.19.0/sPath not found: original-ui/MagIcon/54.png
10-01 14:44:04.336  3589  3614 I RustStdoutStderr: [2m2026-10-01T06:44:04.334715Z[0m [31mERROR[0m [2mbevy_asset::server[0m[2m:[0m Path not found: original-ui/MagIcon/54.png
10-01 14:44:04.364  3589  3616 E event /Users/henryliu/.cargo/registry/src/index.crates.io-1949cf8c6b5b557f/bevy_asset-0.19.0/sPath not found: original-ui/MagIcon2/54.png
10-01 14:44:04.366  3589  3614 I RustStdoutStderr: [2m2026-10-01T06:44:04.364267Z[0m [31mERROR[0m [2mbevy_asset::server[0m[2m:[0m Path not found: original-ui/MagIcon2/54.png
10-01 14:44:04.576  3589  3616 E event /Users/henryliu/.cargo/registry/src/index.crates.io-1949cf8c6b5b557f/bevy_asset-0.19.0/sPath not found: original-ui/MagIcon/54.png
10-01 14:44:04.576  3589  3614 I RustStdoutStderr: [2m2026-10-01T06:44:04.576357Z[0m [31mERROR[0m [2mbevy_asset::server[0m[2m:[0m Path not found: original-ui/MagIcon/54.png
10-01 14:44:04.597  3589  3616 E event /Users/henryliu/.cargo/registry/src/index.crates.io-1949cf8c6b5b557f/bevy_asset-0.19.0/sPath not found: original-ui/MagIcon2/54.png
10-01 14:44:04.599  3589  3614 I RustStdoutStderr: [2m2026-10-01T06:44:04.597649Z[0m [31mERROR[0m [2mbevy_asset::server[0m[2m:[0m Path not found: original-ui/MagIcon2/54.png
10-01 14:44:04.778  3589  3616 E event /Users/henryliu/.cargo/registry/src/index.crates.io-1949cf8c6b5b557f/bevy_asset-0.19.0/sPath not found: original-ui/MagIcon/54.png
10-01 14:44:04.781  3589  3614 I RustStdoutStderr: [2m2026-10-01T06:44:04.778201Z[0m [31mERROR[0m [2mbevy_asset::server[0m[2m:[0m Path not found: original-ui/MagIcon/54.png
10-01 14:44:04.830  3589  3616 E event /Users/henryliu/.cargo/registry/src/index.crates.io-1949cf8c6b5b557f/bevy_asset-0.19.0/sPath not found: original-ui/MagIcon2/54.png
10-01 14:44:04.831  3589  3614 I RustStdoutStderr: [2m2026-10-01T06:44:04.830409Z[0m [31mERROR[0m [2mbevy_asset::server[0m[2m:[0m Path not found: original-ui/MagIcon2/54.png
10-01 14:44:05.334  3589  3616 E event /Users/henryliu/.cargo/registry/src/index.crates.io-1949cf8c6b5b557f/bevy_asset-0.19.0/sPath not found: original-ui/MagIcon/54.png
10-01 14:44:05.335  3589  3614 I RustStdoutStderr: [2m2026-10-01T06:44:05.334284Z[0m [31mERROR[0m [2mbevy_asset::server[0m[2m:[0m Path not found: original-ui/MagIcon/54.png
10-01 14:44:05.352  3589  3616 E event /Users/henryliu/.cargo/registry/src/index.crates.io-1949cf8c6b5b557f/bevy_asset-0.19.0/sPath not found: original-ui/MagIcon2/54.png
10-01 14:44:05.354  3589  3614 I RustStdoutStderr: [2m2026-10-01T06:44:05.352577Z[0m [31mERROR[0m [2mbevy_asset::server[0m[2m:[0m Path not found: original-ui/MagIcon2/54.png
10-01 14:44:05.432  3589  3615 D EGL_emulation: app_time_stats: avg=300.19ms min=142.46ms max=550.19ms count=4
10-01 14:44:05.523  3589  3614 I RustStdoutStderr: [2m2026-10-01T06:44:05.522752Z[0m [31mERROR[0m [2mbevy_asset::server[0m[2m:[0m Path not found: original-ui/MagIcon/54.png
10-01 14:44:05.523  3589  3616 E event /Users/henryliu/.cargo/registry/src/index.crates.io-1949cf8c6b5b557f/bevy_asset-0.19.0/sPath not found: original-ui/MagIcon/54.png
10-01 14:44:05.571  3589  3616 E event /Users/henryliu/.cargo/registry/src/index.crates.io-1949cf8c6b5b557f/bevy_asset-0.19.0/sPath not found: original-ui/MagIcon2/54.png
10-01 14:44:05.574  3589  3614 I RustStdoutStderr: [2m2026-10-01T06:44:05.571320Z[0m [31mERROR[0m [2mbevy_asset::server[0m[2m:[0m Path not found: original-ui/MagIcon2/54.png
10-01 14:44:05.710  3589  3616 E event /Users/henryliu/.cargo/registry/src/index.crates.io-1949cf8c6b5b557f/bevy_asset-0.19.0/sPath not found: original-ui/MagIcon/54.png
10-01 14:44:05.710  3589  3614 I RustStdoutStderr: [2m2026-10-01T06:44:05.710214Z[0m [31mERROR[0m [2mbevy_asset::server[0m[2m:[0m Path not found: original-ui/MagIcon/54.png
10-01 14:44:05.745  3589  3616 E event /Users/henryliu/.cargo/registry/src/index.crates.io-1949cf8c6b5b557f/bevy_asset-0.19.0/sPath not found: original-ui/MagIcon2/54.png
10-01 14:44:05.745  3589  3614 I RustStdoutStderr: [2m2026-10-01T06:44:05.745194Z[0m [31mERROR[0m [2mbevy_asset::server[0m[2m:[0m Path not found: original-ui/MagIcon2/54.png
10-01 14:44:05.830  3589  3616 E event /Users/henryliu/.cargo/registry/src/index.crates.io-1949cf8c6b5b557f/bevy_asset-0.19.0/sPath not found: original-ui/MagIcon/54.png
10-01 14:44:05.831  3589  3614 I RustStdoutStderr: [2m2026-10-01T06:44:05.830786Z[0m [31mERROR[0m [2mbevy_asset::server[0m[2m:[0m Path not found: original-ui/MagIcon/54.png
10-01 14:44:05.843  3589  3616 E event /Users/henryliu/.cargo/registry/src/index.crates.io-1949cf8c6b5b557f/bevy_asset-0.19.0/sPath not found: original-ui/MagIcon2/54.png
10-01 14:44:05.845  3589  3614 I RustStdoutStderr: [2m2026-10-01T06:44:05.843098Z[0m [31mERROR[0m [2mbevy_asset::server[0m[2m:[0m Path not found: original-ui/MagIcon2/54.png
10-01 14:44:05.983  3589  3616 E event /Users/henryliu/.cargo/registry/src/index.crates.io-1949cf8c6b5b557f/bevy_asset-0.19.0/sPath not found: original-ui/MagIcon/54.png
10-01 14:44:05.984  3589  3614 I RustStdoutStderr: [2m2026-10-01T06:44:05.983206Z[0m [31mERROR[0m [2mbevy_asset::server[0m[2m:[0m Path not found: original-ui/MagIcon/54.png
10-01 14:44:06.014  3589  3616 E event /Users/henryliu/.cargo/registry/src/index.crates.io-1949cf8c6b5b557f/bevy_asset-0.19.0/sPath not found: original-ui/MagIcon2/54.png
10-01 14:44:06.014  3589  3614 I RustStdoutStderr: [2m2026-10-01T06:44:06.014283Z[0m [31mERROR[0m [2mbevy_asset::server[0m[2m:[0m Path not found: original-ui/MagIcon2/54.png
10-01 14:44:06.251  3589  3616 E event /Users/henryliu/.cargo/registry/src/index.crates.io-1949cf8c6b5b557f/bevy_asset-0.19.0/sPath not found: original-ui/MagIcon/54.png
10-01 14:44:06.256  3589  3614 I RustStdoutStderr: [2m2026-10-01T06:44:06.251667Z[0m [31mERROR[0m [2mbevy_asset::server[0m[2m:[0m Path not found: original-ui/MagIcon/54.png
10-01 14:44:06.339  3589  3616 E event /Users/henryliu/.cargo/registry/src/index.crates.io-1949cf8c6b5b557f/bevy_asset-0.19.0/sPath not found: original-ui/MagIcon2/54.png
10-01 14:44:06.347  3589  3614 I RustStdoutStderr: [2m2026-10-01T06:44:06.339308Z[0m [31mERROR[0m [2mbevy_asset::server[0m[2m:[0m Path not found: original-ui/MagIcon2/54.png
10-01 14:44:06.448  3589  3616 E event /Users/henryliu/.cargo/registry/src/index.crates.io-1949cf8c6b5b557f/bevy_asset-0.19.0/sPath not found: original-ui/MagIcon/54.png
10-01 14:44:06.448  3589  3614 I RustStdoutStderr: [2m2026-10-01T06:44:06.448330Z[0m [31mERROR[0m [2mbevy_asset::server[0m[2m:[0m Path not found: original-ui/MagIcon/54.png
10-01 14:44:06.467  3589  3616 E event /Users/henryliu/.cargo/registry/src/index.crates.io-1949cf8c6b5b557f/bevy_asset-0.19.0/sPath not found: original-ui/MagIcon2/54.png
10-01 14:44:06.468  3589  3614 I RustStdoutStderr: [2m2026-10-01T06:44:06.466921Z[0m [31mERROR[0m [2mbevy_asset::server[0m[2m:[0m Path not found: original-ui/MagIcon2/54.png
10-01 14:44:06.540  3589  3615 D EGL_emulation: app_time_stats: avg=184.63ms min=98.32ms max=293.03ms count=6
10-01 14:44:06.620  3589  3616 E event /Users/henryliu/.cargo/registry/src/index.crates.io-1949cf8c6b5b557f/bevy_asset-0.19.0/sPath not found: original-ui/MagIcon/54.png
10-01 14:44:06.621  3589  3614 I RustStdoutStderr: [2m2026-10-01T06:44:06.620589Z[0m [31mERROR[0m [2mbevy_asset::server[0m[2m:[0m Path not found: original-ui/MagIcon/54.png
10-01 14:44:06.656  3589  3616 E event /Users/henryliu/.cargo/registry/src/index.crates.io-1949cf8c6b5b557f/bevy_asset-0.19.0/sPath not found: original-ui/MagIcon2/54.png
10-01 14:44:06.664  3589  3614 I RustStdoutStderr: [2m2026-10-01T06:44:06.656833Z[0m [31mERROR[0m [2mbevy_asset::server[0m[2m:[0m Path not found: original-ui/MagIcon2/54.png
10-01 14:44:06.898  3589  3616 E event /Users/henryliu/.cargo/registry/src/index.crates.io-1949cf8c6b5b557f/bevy_asset-0.19.0/sPath not found: original-ui/MagIcon/54.png
10-01 14:44:06.900  3589  3614 I RustStdoutStderr: [2m2026-10-01T06:44:06.898288Z[0m [31mERROR[0m [2mbevy_asset::server[0m[2m:[0m Path not found: original-ui/MagIcon/54.png
10-01 14:44:06.943  3589  3616 E event /Users/henryliu/.cargo/registry/src/index.crates.io-1949cf8c6b5b557f/bevy_asset-0.19.0/sPath not found: original-ui/MagIcon2/54.png
10-01 14:44:06.944  3589  3614 I RustStdoutStderr: [2m2026-10-01T06:44:06.935342Z[0m [31mERROR[0m [2mbevy_asset::server[0m[2m:[0m Path not found: original-ui/MagIcon2/54.png
10-01 14:44:07.242  3589  3616 E event /Users/henryliu/.cargo/registry/src/index.crates.io-1949cf8c6b5b557f/bevy_asset-0.19.0/sPath not found: original-ui/MagIcon/54.png
10-01 14:44:07.243  3589  3614 I RustStdoutStderr: [2m2026-10-01T06:44:07.242232Z[0m [31mERROR[0m [2mbevy_asset::server[0m[2m:[0m Path not found: original-ui/MagIcon/54.png
10-01 14:44:07.255  3589  3616 E event /Users/henryliu/.cargo/registry/src/index.crates.io-1949cf8c6b5b557f/bevy_asset-0.19.0/sPath not found: original-ui/MagIcon2/54.png
10-01 14:44:07.261  3589  3614 I RustStdoutStderr: [2m2026-10-01T06:44:07.255542Z[0m [31mERROR[0m [2mbevy_asset::server[0m[2m:[0m Path not found: original-ui/MagIcon2/54.png
10-01 14:44:07.675  3589  3616 E event /Users/henryliu/.cargo/registry/src/index.crates.io-1949cf8c6b5b557f/bevy_asset-0.19.0/sPath not found: original-ui/MagIcon/54.png
10-01 14:44:07.675  3589  3614 I RustStdoutStderr: [2m2026-10-01T06:44:07.674844Z[0m [31mERROR[0m [2mbevy_asset::server[0m[2m:[0m Path not found: original-ui/MagIcon/54.png
10-01 14:44:07.700  3589  3616 E event /Users/henryliu/.cargo/registry/src/index.crates.io-1949cf8c6b5b557f/bevy_asset-0.19.0/sPath not found: original-ui/MagIcon2/54.png
10-01 14:44:07.701  3589  3614 I RustStdoutStderr: [2m2026-10-01T06:44:07.700186Z[0m [31mERROR[0m [2mbevy_asset::server[0m[2m:[0m Path not found: original-ui/MagIcon2/54.png
10-01 14:44:07.785  3589  3615 D EGL_emulation: app_time_stats: avg=311.06ms min=240.10ms max=450.14ms count=4
10-01 14:44:07.838  3589  3616 E event /Users/henryliu/.cargo/registry/src/index.crates.io-1949cf8c6b5b557f/bevy_asset-0.19.0/sPath not found: original-ui/MagIcon/54.png
10-01 14:44:07.838  3589  3614 I RustStdoutStderr: [2m2026-10-01T06:44:07.838272Z[0m [31mERROR[0m [2mbevy_asset::server[0m[2m:[0m Path not found: original-ui/MagIcon/54.png
10-01 14:44:07.865  3589  3616 E event /Users/henryliu/.cargo/registry/src/index.crates.io-1949cf8c6b5b557f/bevy_asset-0.19.0/sPath not found: original-ui/MagIcon2/54.png
10-01 14:44:07.866  3589  3614 I RustStdoutStderr: [2m2026-10-01T06:44:07.865323Z[0m [31mERROR[0m [2mbevy_asset::server[0m[2m:[0m Path not found: original-ui/MagIcon2/54.png
10-01 14:44:08.094  3589  3616 E event /Users/henryliu/.cargo/registry/src/index.crates.io-1949cf8c6b5b557f/bevy_asset-0.19.0/sPath not found: original-ui/MagIcon/54.png
10-01 14:44:08.094  3589  3614 I RustStdoutStderr: [2m2026-10-01T06:44:08.094378Z[0m [31mERROR[0m [2mbevy_asset::server[0m[2m:[0m Path not found: original-ui/MagIcon/54.png
10-01 14:44:08.114  3589  3616 E event /Users/henryliu/.cargo/registry/src/index.crates.io-1949cf8c6b5b557f/bevy_asset-0.19.0/sPath not found: original-ui/MagIcon2/54.png
10-01 14:44:08.117  3589  3614 I RustStdoutStderr: [2m2026-10-01T06:44:08.114073Z[0m [31mERROR[0m [2mbevy_asset::server[0m[2m:[0m Path not found: original-ui/MagIcon2/54.png
10-01 14:44:08.415  3589  3616 E event /Users/henryliu/.cargo/registry/src/index.crates.io-1949cf8c6b5b557f/bevy_asset-0.19.0/sPath not found: original-ui/MagIcon/54.png
10-01 14:44:08.416  3589  3614 I RustStdoutStderr: [2m2026-10-01T06:44:08.414982Z[0m [31mERROR[0m [2mbevy_asset::server[0m[2m:[0m Path not found: original-ui/MagIcon/54.png
10-01 14:44:08.437  3589  3616 E event /Users/henryliu/.cargo/registry/src/index.crates.io-1949cf8c6b5b557f/bevy_asset-0.19.0/sPath not found: original-ui/MagIcon2/54.png
10-01 14:44:08.442  3589  3614 I RustStdoutStderr: [2m2026-10-01T06:44:08.437601Z[0m [31mERROR[0m [2mbevy_asset::server[0m[2m:[0m Path not found: original-ui/MagIcon2/54.png
10-01 14:44:08.683  3589  3616 E event /Users/henryliu/.cargo/registry/src/index.crates.io-1949cf8c6b5b557f/bevy_asset-0.19.0/sPath not found: original-ui/MagIcon/54.png
10-01 14:44:08.683  3589  3614 I RustStdoutStderr: [2m2026-10-01T06:44:08.683457Z[0m [31mERROR[0m [2mbevy_asset::server[0m[2m:[0m Path not found: original-ui/MagIcon/54.png
10-01 14:44:08.744  3589  3616 E event /Users/henryliu/.cargo/registry/src/index.crates.io-1949cf8c6b5b557f/bevy_asset-0.19.0/sPath not found: original-ui/MagIcon2/54.png
10-01 14:44:08.745  3589  3614 I RustStdoutStderr: [2m2026-10-01T06:44:08.743867Z[0m [31mERROR[0m [2mbevy_asset::server[0m[2m:[0m Path not found: original-ui/MagIcon2/54.png
10-01 14:44:08.906  3589  3615 D EGL_emulation: app_time_stats: avg=279.20ms min=100.31ms max=418.71ms count=4
10-01 14:44:09.040  3589  3616 E event /Users/henryliu/.cargo/registry/src/index.crates.io-1949cf8c6b5b557f/bevy_asset-0.19.0/sPath not found: original-ui/MagIcon/54.png
10-01 14:44:09.043  3589  3614 I RustStdoutStderr: [2m2026-10-01T06:44:09.040557Z[0m [31mERROR[0m [2mbevy_asset::server[0m[2m:[0m Path not found: original-ui/MagIcon/54.png
10-01 14:44:09.072  3589  3616 E event /Users/henryliu/.cargo/registry/src/index.crates.io-1949cf8c6b5b557f/bevy_asset-0.19.0/sPath not found: original-ui/MagIcon2/54.png
10-01 14:44:09.076  3589  3614 I RustStdoutStderr: [2m2026-10-01T06:44:09.072608Z[0m [31mERROR[0m [2mbevy_asset::server[0m[2m:[0m Path not found: original-ui/MagIcon2/54.png
10-01 14:44:09.461  3589  3616 E event /Users/henryliu/.cargo/registry/src/index.crates.io-1949cf8c6b5b557f/bevy_asset-0.19.0/sPath not found: original-ui/MagIcon/54.png
10-01 14:44:09.463  3589  3614 I RustStdoutStderr: [2m2026-10-01T06:44:09.460905Z[0m [31mERROR[0m [2mbevy_asset::server[0m[2m:[0m Path not found: original-ui/MagIcon/54.png
10-01 14:44:09.519  3589  3616 E event /Users/henryliu/.cargo/registry/src/index.crates.io-1949cf8c6b5b557f/bevy_asset-0.19.0/sPath not found: original-ui/MagIcon2/54.png
10-01 14:44:09.520  3589  3614 I RustStdoutStderr: [2m2026-10-01T06:44:09.519373Z[0m [31mERROR[0m [2mbevy_asset::server[0m[2m:[0m Path not found: original-ui/MagIcon2/54.png
10-01 14:44:09.740  3589  3616 E event /Users/henryliu/.cargo/registry/src/index.crates.io-1949cf8c6b5b557f/bevy_asset-0.19.0/sPath not found: original-ui/MagIcon/54.png
10-01 14:44:09.742  3589  3614 I RustStdoutStderr: [2m2026-10-01T06:44:09.739965Z[0m [31mERROR[0m [2mbevy_asset::server[0m[2m:[0m Path not found: original-ui/MagIcon/54.png
10-01 14:44:09.780  3589  3616 E event /Users/henryliu/.cargo/registry/src/index.crates.io-1949cf8c6b5b557f/bevy_asset-0.19.0/sPath not found: original-ui/MagIcon2/54.png
10-01 14:44:09.781  3589  3614 I RustStdoutStderr: [2m2026-10-01T06:44:09.780340Z[0m [31mERROR[0m [2mbevy_asset::server[0m[2m:[0m Path not found: original-ui/MagIcon2/54.png
10-01 14:44:09.953  3589  3616 E event /Users/henryliu/.cargo/registry/src/index.crates.io-1949cf8c6b5b557f/bevy_asset-0.19.0/sPath not found: original-ui/MagIcon/54.png
10-01 14:44:09.961  3589  3614 I RustStdoutStderr: [2m2026-10-01T06:44:09.953176Z[0m [31mERROR[0m [2mbevy_asset::server[0m[2m:[0m Path not found: original-ui/MagIcon/54.png
10-01 14:44:09.980  3589  3616 E event /Users/henryliu/.cargo/registry/src/index.crates.io-1949cf8c6b5b557f/bevy_asset-0.19.0/sPath not found: original-ui/MagIcon2/54.png
10-01 14:44:09.980  3589  3614 I RustStdoutStderr: [2m2026-10-01T06:44:09.980077Z[0m [31mERROR[0m [2mbevy_asset::server[0m[2m:[0m Path not found: original-ui/MagIcon2/54.png
10-01 14:44:10.049  3589  3615 D EGL_emulation: app_time_stats: avg=285.05ms min=203.51ms max=481.43ms count=4
10-01 14:44:10.103  3589  3616 E event /Users/henryliu/.cargo/registry/src/index.crates.io-1949cf8c6b5b557f/bevy_asset-0.19.0/sPath not found: original-ui/MagIcon/54.png
10-01 14:44:10.103  3589  3614 I RustStdoutStderr: [2m2026-10-01T06:44:10.103447Z[0m [31mERROR[0m [2mbevy_asset::server[0m[2m:[0m Path not found: original-ui/MagIcon/54.png
10-01 14:44:10.128  3589  3616 E event /Users/henryliu/.cargo/registry/src/index.crates.io-1949cf8c6b5b557f/bevy_asset-0.19.0/sPath not found: original-ui/MagIcon2/54.png
10-01 14:44:10.128  3589  3614 I RustStdoutStderr: [2m2026-10-01T06:44:10.127947Z[0m [31mERROR[0m [2mbevy_asset::server[0m[2m:[0m Path not found: original-ui/MagIcon2/54.png
10-01 14:44:10.328  3589  3614 I RustStdoutStderr: [2m2026-10-01T06:44:10.319836Z[0m [31mERROR[0m [2mbevy_asset::server[0m[2m:[0m Path not found: original-ui/MagIcon/54.png
10-01 14:44:10.330  3589  3616 E event /Users/henryliu/.cargo/registry/src/index.crates.io-1949cf8c6b5b557f/bevy_asset-0.19.0/sPath not found: original-ui/MagIcon/54.png
10-01 14:44:10.348  3589  3616 E event /Users/henryliu/.cargo/registry/src/index.crates.io-1949cf8c6b5b557f/bevy_asset-0.19.0/sPath not found: original-ui/MagIcon2/54.png
10-01 14:44:10.348  3589  3614 I RustStdoutStderr: [2m2026-10-01T06:44:10.348736Z[0m [31mERROR[0m [2mbevy_asset::server[0m[2m:[0m Path not found: original-ui/MagIcon2/54.png
10-01 14:44:10.629  3589  3616 E event /Users/henryliu/.cargo/registry/src/index.crates.io-1949cf8c6b5b557f/bevy_asset-0.19.0/sPath not found: original-ui/MagIcon/54.png
10-01 14:44:10.629  3589  3614 I RustStdoutStderr: [2m2026-10-01T06:44:10.629243Z[0m [31mERROR[0m [2mbevy_asset::server[0m[2m:[0m Path not found: original-ui/MagIcon/54.png
10-01 14:44:10.646  3589  3616 E event /Users/henryliu/.cargo/registry/src/index.crates.io-1949cf8c6b5b557f/bevy_asset-0.19.0/sPath not found: original-ui/MagIcon2/54.png
10-01 14:44:10.647  3589  3614 I RustStdoutStderr: [2m2026-10-01T06:44:10.646336Z[0m [31mERROR[0m [2mbevy_asset::server[0m[2m:[0m Path not found: original-ui/MagIcon2/54.png
10-01 14:44:11.037  3589  3616 E event /Users/henryliu/.cargo/registry/src/index.crates.io-1949cf8c6b5b557f/bevy_asset-0.19.0/sPath not found: original-ui/MagIcon/54.png
10-01 14:44:11.041  3589  3614 I RustStdoutStderr: [2m2026-10-01T06:44:11.037842Z[0m [31mERROR[0m [2mbevy_asset::server[0m[2m:[0m Path not found: original-ui/MagIcon/54.png
10-01 14:44:11.052  3589  3616 E event /Users/henryliu/.cargo/registry/src/index.crates.io-1949cf8c6b5b557f/bevy_asset-0.19.0/sPath not found: original-ui/MagIcon2/54.png
10-01 14:44:11.053  3589  3614 I RustStdoutStderr: [2m2026-10-01T06:44:11.052212Z[0m [31mERROR[0m [2mbevy_asset::server[0m[2m:[0m Path not found: original-ui/MagIcon2/54.png
10-01 14:44:11.173  3589  3615 D EGL_emulation: app_time_stats: avg=280.84ms min=182.17ms max=442.37ms count=4
10-01 14:44:11.270  3589  3616 E event /Users/henryliu/.cargo/registry/src/index.crates.io-1949cf8c6b5b557f/bevy_asset-0.19.0/sPath not found: original-ui/MagIcon/54.png
10-01 14:44:11.278  3589  3614 I RustStdoutStderr: [2m2026-10-01T06:44:11.270589Z[0m [31mERROR[0m [2mbevy_asset::server[0m[2m:[0m Path not found: original-ui/MagIcon/54.png
10-01 14:44:11.378  3589  3616 E event /Users/henryliu/.cargo/registry/src/index.crates.io-1949cf8c6b5b557f/bevy_asset-0.19.0/sPath not found: original-ui/MagIcon2/54.png
10-01 14:44:11.379  3589  3614 I RustStdoutStderr: [2m2026-10-01T06:44:11.378305Z[0m [31mERROR[0m [2mbevy_asset::server[0m[2m:[0m Path not found: original-ui/MagIcon2/54.png
10-01 14:44:11.568  3589  3614 I RustStdoutStderr: [2m2026-10-01T06:44:11.568149Z[0m [31mERROR[0m [2mbevy_asset::server[0m[2m:[0m Path not found: original-ui/MagIcon/54.png
10-01 14:44:11.568  3589  3616 E event /Users/henryliu/.cargo/registry/src/index.crates.io-1949cf8c6b5b557f/bevy_asset-0.19.0/sPath not found: original-ui/MagIcon/54.png
10-01 14:44:11.611  3589  3614 I RustStdoutStderr: [2m2026-10-01T06:44:11.611425Z[0m [31mERROR[0m [2mbevy_asset::server[0m[2m:[0m Path not found: original-ui/MagIcon2/54.png
10-01 14:44:11.611  3589  3616 E event /Users/henryliu/.cargo/registry/src/index.crates.io-1949cf8c6b5b557f/bevy_asset-0.19.0/sPath not found: original-ui/MagIcon2/54.png
10-01 14:44:11.768  3589  3614 I RustStdoutStderr: [2m2026-10-01T06:44:11.768110Z[0m [31mERROR[0m [2mbevy_asset::server[0m[2m:[0m Path not found: original-ui/MagIcon/54.png
10-01 14:44:11.769  3589  3616 E event /Users/henryliu/.cargo/registry/src/index.crates.io-1949cf8c6b5b557f/bevy_asset-0.19.0/sPath not found: original-ui/MagIcon/54.png
10-01 14:44:11.840  3589  3616 E event /Users/henryliu/.cargo/registry/src/index.crates.io-1949cf8c6b5b557f/bevy_asset-0.19.0/sPath not found: original-ui/MagIcon2/54.png
10-01 14:44:11.840  3589  3614 I RustStdoutStderr: [2m2026-10-01T06:44:11.840366Z[0m [31mERROR[0m [2mbevy_asset::server[0m[2m:[0m Path not found: original-ui/MagIcon2/54.png
10-01 14:44:12.053  3589  3616 E event /Users/henryliu/.cargo/registry/src/index.crates.io-1949cf8c6b5b557f/bevy_asset-0.19.0/sPath not found: original-ui/MagIcon/54.png
10-01 14:44:12.053  3589  3614 I RustStdoutStderr: [2m2026-10-01T06:44:12.053004Z[0m [31mERROR[0m [2mbevy_asset::server[0m[2m:[0m Path not found: original-ui/MagIcon/54.png
10-01 14:44:12.102  3589  3616 E event /Users/henryliu/.cargo/registry/src/index.crates.io-1949cf8c6b5b557f/bevy_asset-0.19.0/sPath not found: original-ui/MagIcon2/54.png
10-01 14:44:12.104  3589  3614 I RustStdoutStderr: [2m2026-10-01T06:44:12.102123Z[0m [31mERROR[0m [2mbevy_asset::server[0m[2m:[0m Path not found: original-ui/MagIcon2/54.png
10-01 14:44:12.315  3589  3615 D EGL_emulation: app_time_stats: avg=285.53ms min=208.88ms max=401.75ms count=4
10-01 14:44:12.457  3589  3616 E event /Users/henryliu/.cargo/registry/src/index.crates.io-1949cf8c6b5b557f/bevy_asset-0.19.0/sPath not found: original-ui/MagIcon/54.png
10-01 14:44:12.461  3589  3614 I RustStdoutStderr: [2m2026-10-01T06:44:12.457261Z[0m [31mERROR[0m [2mbevy_asset::server[0m[2m:[0m Path not found: original-ui/MagIcon/54.png
10-01 14:44:12.889  3589  3616 E event /Users/henryliu/.cargo/registry/src/index.crates.io-1949cf8c6b5b557f/bevy_asset-0.19.0/sPath not found: original-ui/MagIcon2/54.png
10-01 14:44:12.892  3589  3614 I RustStdoutStderr: [2m2026-10-01T06:44:12.889440Z[0m [31mERROR[0m [2mbevy_asset::server[0m[2m:[0m Path not found: original-ui/MagIcon2/54.png
10-01 14:44:13.052  3589  3616 E event /Users/henryliu/.cargo/registry/src/index.crates.io-1949cf8c6b5b557f/bevy_asset-0.19.0/sPath not found: original-ui/MagIcon/54.png
10-01 14:44:13.052  3589  3614 I RustStdoutStderr: [2m2026-10-01T06:44:13.051896Z[0m [31mERROR[0m [2mbevy_asset::server[0m[2m:[0m Path not found: original-ui/MagIcon/54.png
10-01 14:44:13.073  3589  3616 E event /Users/henryliu/.cargo/registry/src/index.crates.io-1949cf8c6b5b557f/bevy_asset-0.19.0/sPath not found: original-ui/MagIcon2/54.png
10-01 14:44:13.076  3589  3614 I RustStdoutStderr: [2m2026-10-01T06:44:13.073508Z[0m [31mERROR[0m [2mbevy_asset::server[0m[2m:[0m Path not found: original-ui/MagIcon2/54.png
10-01 14:44:13.261  3589  3616 E event /Users/henryliu/.cargo/registry/src/index.crates.io-1949cf8c6b5b557f/bevy_asset-0.19.0/sPath not found: original-ui/MagIcon/54.png
10-01 14:44:13.261  3589  3614 I RustStdoutStderr: [2m2026-10-01T06:44:13.260977Z[0m [31mERROR[0m [2mbevy_asset::server[0m[2m:[0m Path not found: original-ui/MagIcon/54.png
10-01 14:44:13.315  3589  3616 E event /Users/henryliu/.cargo/registry/src/index.crates.io-1949cf8c6b5b557f/bevy_asset-0.19.0/sPath not found: original-ui/MagIcon2/54.png
10-01 14:44:13.319  3589  3614 I RustStdoutStderr: [2m2026-10-01T06:44:13.315193Z[0m [31mERROR[0m [2mbevy_asset::server[0m[2m:[0m Path not found: original-ui/MagIcon2/54.png
10-01 14:44:13.390  3589  3615 D EGL_emulation: app_time_stats: avg=358.01ms min=162.71ms max=649.56ms count=3
10-01 14:44:13.506  3589  3614 I RustStdoutStderr: [2m2026-10-01T06:44:13.506290Z[0m [31mERROR[0m [2mbevy_asset::server[0m[2m:[0m Path not found: original-ui/MagIcon/54.png
10-01 14:44:13.506  3589  3616 E event /Users/henryliu/.cargo/registry/src/index.crates.io-1949cf8c6b5b557f/bevy_asset-0.19.0/sPath not found: original-ui/MagIcon/54.png
10-01 14:44:13.535  3589  3614 I RustStdoutStderr: [2m2026-10-01T06:44:13.535321Z[0m [31mERROR[0m [2mbevy_asset::server[0m[2m:[0m Path not found: original-ui/MagIcon2/54.png
10-01 14:44:13.535  3589  3616 E event /Users/henryliu/.cargo/registry/src/index.crates.io-1949cf8c6b5b557f/bevy_asset-0.19.0/sPath not found: original-ui/MagIcon2/54.png
10-01 14:44:13.823  3589  3616 E event /Users/henryliu/.cargo/registry/src/index.crates.io-1949cf8c6b5b557f/bevy_asset-0.19.0/sPath not found: original-ui/MagIcon/54.png
10-01 14:44:13.827  3589  3614 I RustStdoutStderr: [2m2026-10-01T06:44:13.822972Z[0m [31mERROR[0m [2mbevy_asset::server[0m[2m:[0m Path not found: original-ui/MagIcon/54.png
10-01 14:44:13.847  3589  3616 E event /Users/henryliu/.cargo/registry/src/index.crates.io-1949cf8c6b5b557f/bevy_asset-0.19.0/sPath not found: original-ui/MagIcon2/54.png
10-01 14:44:13.850  3589  3614 I RustStdoutStderr: [2m2026-10-01T06:44:13.847347Z[0m [31mERROR[0m [2mbevy_asset::server[0m[2m:[0m Path not found: original-ui/MagIcon2/54.png
10-01 14:44:13.995  3589  3616 E event /Users/henryliu/.cargo/registry/src/index.crates.io-1949cf8c6b5b557f/bevy_asset-0.19.0/sPath not found: original-ui/MagIcon/54.png
10-01 14:44:13.995  3589  3614 I RustStdoutStderr: [2m2026-10-01T06:44:13.994362Z[0m [31mERROR[0m [2mbevy_asset::server[0m[2m:[0m Path not found: original-ui/MagIcon/54.png
10-01 14:44:14.085  3589  3616 E event /Users/henryliu/.cargo/registry/src/index.crates.io-1949cf8c6b5b557f/bevy_asset-0.19.0/sPath not found: original-ui/MagIcon2/54.png
10-01 14:44:14.085  3589  3614 I RustStdoutStderr: [2m2026-10-01T06:44:14.084942Z[0m [31mERROR[0m [2mbevy_asset::server[0m[2m:[0m Path not found: original-ui/MagIcon2/54.png
10-01 14:44:14.347  3589  3616 E event /Users/henryliu/.cargo/registry/src/index.crates.io-1949cf8c6b5b557f/bevy_asset-0.19.0/sPath not found: original-ui/MagIcon/54.png
10-01 14:44:14.348  3589  3614 I RustStdoutStderr: [2m2026-10-01T06:44:14.347755Z[0m [31mERROR[0m [2mbevy_asset::server[0m[2m:[0m Path not found: original-ui/MagIcon/54.png
10-01 14:44:14.367  3589  3616 E event /Users/henryliu/.cargo/registry/src/index.crates.io-1949cf8c6b5b557f/bevy_asset-0.19.0/sPath not found: original-ui/MagIcon2/54.png
10-01 14:44:14.367  3589  3614 I RustStdoutStderr: [2m2026-10-01T06:44:14.367466Z[0m [31mERROR[0m [2mbevy_asset::server[0m[2m:[0m Path not found: original-ui/MagIcon2/54.png
10-01 14:44:14.473  3589  3615 D EGL_emulation: app_time_stats: avg=270.60ms min=229.37ms max=298.05ms count=4
10-01 14:44:14.570  3589  3616 E event /Users/henryliu/.cargo/registry/src/index.crates.io-1949cf8c6b5b557f/bevy_asset-0.19.0/sPath not found: original-ui/MagIcon/54.png
10-01 14:44:14.571  3589  3614 I RustStdoutStderr: [2m2026-10-01T06:44:14.570729Z[0m [31mERROR[0m [2mbevy_asset::server[0m[2m:[0m Path not found: original-ui/MagIcon/54.png
10-01 14:44:14.581  3589  3616 E event /Users/henryliu/.cargo/registry/src/index.crates.io-1949cf8c6b5b557f/bevy_asset-0.19.0/sPath not found: original-ui/MagIcon2/54.png
10-01 14:44:14.582  3589  3614 I RustStdoutStderr: [2m2026-10-01T06:44:14.581791Z[0m [31mERROR[0m [2mbevy_asset::server[0m[2m:[0m Path not found: original-ui/MagIcon2/54.png
10-01 14:44:14.681  3589  3616 E event /Users/henryliu/.cargo/registry/src/index.crates.io-1949cf8c6b5b557f/bevy_asset-0.19.0/sPath not found: original-ui/MagIcon/54.png
10-01 14:44:14.681  3589  3614 I RustStdoutStderr: [2m2026-10-01T06:44:14.680953Z[0m [31mERROR[0m [2mbevy_asset::server[0m[2m:[0m Path not found: original-ui/MagIcon/54.png
10-01 14:44:14.710  3589  3616 E event /Users/henryliu/.cargo/registry/src/index.crates.io-1949cf8c6b5b557f/bevy_asset-0.19.0/sPath not found: original-ui/MagIcon2/54.png
10-01 14:44:14.710  3589  3614 I RustStdoutStderr: [2m2026-10-01T06:44:14.709979Z[0m [31mERROR[0m [2mbevy_asset::server[0m[2m:[0m Path not found: original-ui/MagIcon2/54.png
10-01 14:44:14.940  3589  3616 E event /Users/henryliu/.cargo/registry/src/index.crates.io-1949cf8c6b5b557f/bevy_asset-0.19.0/sPath not found: original-ui/MagIcon/54.png
10-01 14:44:14.946  3589  3614 I RustStdoutStderr: [2m2026-10-01T06:44:14.940270Z[0m [31mERROR[0m [2mbevy_asset::server[0m[2m:[0m Path not found: original-ui/MagIcon/54.png
10-01 14:44:14.978  3589  3616 E event /Users/henryliu/.cargo/registry/src/index.crates.io-1949cf8c6b5b557f/bevy_asset-0.19.0/sPath not found: original-ui/MagIcon2/54.png
10-01 14:44:14.979  3589  3614 I RustStdoutStderr: [2m2026-10-01T06:44:14.978054Z[0m [31mERROR[0m [2mbevy_asset::server[0m[2m:[0m Path not found: original-ui/MagIcon2/54.png
10-01 14:44:15.244  3589  3616 E event /Users/henryliu/.cargo/registry/src/index.crates.io-1949cf8c6b5b557f/bevy_asset-0.19.0/sPath not found: original-ui/MagIcon/54.png
10-01 14:44:15.295  3589  3614 I RustStdoutStderr: [2m2026-10-01T06:44:15.244414Z[0m [31mERROR[0m [2mbevy_asset::server[0m[2m:[0m Path not found: original-ui/MagIcon/54.png
10-01 14:44:15.398  3589  3616 E event /Users/henryliu/.cargo/registry/src/index.crates.io-1949cf8c6b5b557f/bevy_asset-0.19.0/sPath not found: original-ui/MagIcon2/54.png
10-01 14:44:15.401  3589  3614 I RustStdoutStderr: [2m2026-10-01T06:44:15.398680Z[0m [31mERROR[0m [2mbevy_asset::server[0m[2m:[0m Path not found: original-ui/MagIcon2/54.png
10-01 14:44:15.569  3589  3616 E event /Users/henryliu/.cargo/registry/src/index.crates.io-1949cf8c6b5b557f/bevy_asset-0.19.0/sPath not found: original-ui/MagIcon/54.png
10-01 14:44:15.570  3589  3614 I RustStdoutStderr: [2m2026-10-01T06:44:15.569453Z[0m [31mERROR[0m [2mbevy_asset::server[0m[2m:[0m Path not found: original-ui/MagIcon/54.png
10-01 14:44:15.611  3589  3616 E event /Users/henryliu/.cargo/registry/src/index.crates.io-1949cf8c6b5b557f/bevy_asset-0.19.0/sPath not found: original-ui/MagIcon2/54.png
10-01 14:44:15.611  3589  3614 I RustStdoutStderr: [2m2026-10-01T06:44:15.611363Z[0m [31mERROR[0m [2mbevy_asset::server[0m[2m:[0m Path not found: original-ui/MagIcon2/54.png
10-01 14:44:15.760  3589  3615 D EGL_emulation: app_time_stats: avg=257.26ms min=164.38ms max=385.49ms count=5
10-01 14:44:15.813  3589  3616 E event /Users/henryliu/.cargo/registry/src/index.crates.io-1949cf8c6b5b557f/bevy_asset-0.19.0/sPath not found: original-ui/MagIcon/54.png
10-01 14:44:15.814  3589  3614 I RustStdoutStderr: [2m2026-10-01T06:44:15.813639Z[0m [31mERROR[0m [2mbevy_asset::server[0m[2m:[0m Path not found: original-ui/MagIcon/54.png
10-01 14:44:15.830  3589  3616 E event /Users/henryliu/.cargo/registry/src/index.crates.io-1949cf8c6b5b557f/bevy_asset-0.19.0/sPath not found: original-ui/MagIcon2/54.png
10-01 14:44:15.832  3589  3614 I RustStdoutStderr: [2m2026-10-01T06:44:15.830155Z[0m [31mERROR[0m [2mbevy_asset::server[0m[2m:[0m Path not found: original-ui/MagIcon2/54.png
10-01 14:44:15.981  3589  3616 E event /Users/henryliu/.cargo/registry/src/index.crates.io-1949cf8c6b5b557f/bevy_asset-0.19.0/sPath not found: original-ui/MagIcon/54.png
10-01 14:44:15.986  3589  3614 I RustStdoutStderr: [2m2026-10-01T06:44:15.981081Z[0m [31mERROR[0m [2mbevy_asset::server[0m[2m:[0m Path not found: original-ui/MagIcon/54.png
10-01 14:44:16.042  3589  3616 E event /Users/henryliu/.cargo/registry/src/index.crates.io-1949cf8c6b5b557f/bevy_asset-0.19.0/sPath not found: original-ui/MagIcon2/54.png
10-01 14:44:16.044  3589  3614 I RustStdoutStderr: [2m2026-10-01T06:44:16.039279Z[0m [31mERROR[0m [2mbevy_asset::server[0m[2m:[0m Path not found: original-ui/MagIcon2/54.png
10-01 14:44:16.260  3589  3616 E event /Users/henryliu/.cargo/registry/src/index.crates.io-1949cf8c6b5b557f/bevy_asset-0.19.0/sPath not found: original-ui/MagIcon/54.png
10-01 14:44:16.261  3589  3614 I RustStdoutStderr: [2m2026-10-01T06:44:16.260290Z[0m [31mERROR[0m [2mbevy_asset::server[0m[2m:[0m Path not found: original-ui/MagIcon/54.png
10-01 14:44:16.276  3589  3616 E event /Users/henryliu/.cargo/registry/src/index.crates.io-1949cf8c6b5b557f/bevy_asset-0.19.0/sPath not found: original-ui/MagIcon2/54.png
10-01 14:44:16.277  3589  3614 I RustStdoutStderr: [2m2026-10-01T06:44:16.276920Z[0m [31mERROR[0m [2mbevy_asset::server[0m[2m:[0m Path not found: original-ui/MagIcon2/54.png
10-01 14:44:16.468  3589  3616 E event /Users/henryliu/.cargo/registry/src/index.crates.io-1949cf8c6b5b557f/bevy_asset-0.19.0/sPath not found: original-ui/MagIcon/54.png
10-01 14:44:16.470  3589  3614 I RustStdoutStderr: [2m2026-10-01T06:44:16.467570Z[0m [31mERROR[0m [2mbevy_asset::server[0m[2m:[0m Path not found: original-ui/MagIcon/54.png
10-01 14:44:16.485  3589  3616 E event /Users/henryliu/.cargo/registry/src/index.crates.io-1949cf8c6b5b557f/bevy_asset-0.19.0/sPath not found: original-ui/MagIcon2/54.png
10-01 14:44:16.488  3589  3614 I RustStdoutStderr: [2m2026-10-01T06:44:16.484846Z[0m [31mERROR[0m [2mbevy_asset::server[0m[2m:[0m Path not found: original-ui/MagIcon2/54.png
10-01 14:44:16.569  3589  3616 E event /Users/henryliu/.cargo/registry/src/index.crates.io-1949cf8c6b5b557f/bevy_asset-0.19.0/sPath not found: original-ui/MagIcon/54.png
10-01 14:44:16.569  3589  3614 I RustStdoutStderr: [2m2026-10-01T06:44:16.569092Z[0m [31mERROR[0m [2mbevy_asset::server[0m[2m:[0m Path not found: original-ui/MagIcon/54.png
10-01 14:44:16.588  3589  3616 E event /Users/henryliu/.cargo/registry/src/index.crates.io-1949cf8c6b5b557f/bevy_asset-0.19.0/sPath not found: original-ui/MagIcon2/54.png
10-01 14:44:16.588  3589  3614 I RustStdoutStderr: [2m2026-10-01T06:44:16.588642Z[0m [31mERROR[0m [2mbevy_asset::server[0m[2m:[0m Path not found: original-ui/MagIcon2/54.png
10-01 14:44:16.800  3589  3615 D EGL_emulation: app_time_stats: avg=207.93ms min=124.83ms max=276.95ms count=5
10-01 14:44:16.877  3589  3616 E event /Users/henryliu/.cargo/registry/src/index.crates.io-1949cf8c6b5b557f/bevy_asset-0.19.0/sPath not found: original-ui/MagIcon/54.png
10-01 14:44:16.877  3589  3614 I RustStdoutStderr: [2m2026-10-01T06:44:16.877116Z[0m [31mERROR[0m [2mbevy_asset::server[0m[2m:[0m Path not found: original-ui/MagIcon/54.png
10-01 14:44:16.907  3589  3616 E event /Users/henryliu/.cargo/registry/src/index.crates.io-1949cf8c6b5b557f/bevy_asset-0.19.0/sPath not found: original-ui/MagIcon2/54.png
10-01 14:44:16.915  3589  3614 I RustStdoutStderr: [2m2026-10-01T06:44:16.907556Z[0m [31mERROR[0m [2mbevy_asset::server[0m[2m:[0m Path not found: original-ui/MagIcon2/54.png
10-01 14:44:17.373  3589  3616 E event /Users/henryliu/.cargo/registry/src/index.crates.io-1949cf8c6b5b557f/bevy_asset-0.19.0/sPath not found: original-ui/MagIcon/54.png
10-01 14:44:17.375  3589  3614 I RustStdoutStderr: [2m2026-10-01T06:44:17.373485Z[0m [31mERROR[0m [2mbevy_asset::server[0m[2m:[0m Path not found: original-ui/MagIcon/54.png
10-01 14:44:17.383  3589  3616 E event /Users/henryliu/.cargo/registry/src/index.crates.io-1949cf8c6b5b557f/bevy_asset-0.19.0/sPath not found: original-ui/MagIcon2/54.png
10-01 14:44:17.383  3589  3614 I RustStdoutStderr: [2m2026-10-01T06:44:17.383174Z[0m [31mERROR[0m [2mbevy_asset::server[0m[2m:[0m Path not found: original-ui/MagIcon2/54.png
10-01 14:44:17.556  3589  3616 E event /Users/henryliu/.cargo/registry/src/index.crates.io-1949cf8c6b5b557f/bevy_asset-0.19.0/sPath not found: original-ui/MagIcon/54.png
10-01 14:44:17.558  3589  3614 I RustStdoutStderr: [2m2026-10-01T06:44:17.556522Z[0m [31mERROR[0m [2mbevy_asset::server[0m[2m:[0m Path not found: original-ui/MagIcon/54.png
10-01 14:44:17.571  3589  3616 E event /Users/henryliu/.cargo/registry/src/index.crates.io-1949cf8c6b5b557f/bevy_asset-0.19.0/sPath not found: original-ui/MagIcon2/54.png
10-01 14:44:17.571  3589  3614 I RustStdoutStderr: [2m2026-10-01T06:44:17.571160Z[0m [31mERROR[0m [2mbevy_asset::server[0m[2m:[0m Path not found: original-ui/MagIcon2/54.png
10-01 14:44:17.651  3589  3616 E event /Users/henryliu/.cargo/registry/src/index.crates.io-1949cf8c6b5b557f/bevy_asset-0.19.0/sPath not found: original-ui/MagIcon/54.png
10-01 14:44:17.653  3589  3614 I RustStdoutStderr: [2m2026-10-01T06:44:17.651300Z[0m [31mERROR[0m [2mbevy_asset::server[0m[2m:[0m Path not found: original-ui/MagIcon/54.png
10-01 14:44:17.674  3589  3616 E event /Users/henryliu/.cargo/registry/src/index.crates.io-1949cf8c6b5b557f/bevy_asset-0.19.0/sPath not found: original-ui/MagIcon2/54.png
10-01 14:44:17.678  3589  3614 I RustStdoutStderr: [2m2026-10-01T06:44:17.674591Z[0m [31mERROR[0m [2mbevy_asset::server[0m[2m:[0m Path not found: original-ui/MagIcon2/54.png
10-01 14:44:17.819  3589  3615 D EGL_emulation: app_time_stats: avg=254.79ms min=156.53ms max=436.23ms count=4
10-01 14:44:17.933  3589  3616 E event /Users/henryliu/.cargo/registry/src/index.crates.io-1949cf8c6b5b557f/bevy_asset-0.19.0/sPath not found: original-ui/MagIcon/54.png
10-01 14:44:17.935  3589  3614 I RustStdoutStderr: [2m2026-10-01T06:44:17.933291Z[0m [31mERROR[0m [2mbevy_asset::server[0m[2m:[0m Path not found: original-ui/MagIcon/54.png
10-01 14:44:17.944  3589  3616 E event /Users/henryliu/.cargo/registry/src/index.crates.io-1949cf8c6b5b557f/bevy_asset-0.19.0/sPath not found: original-ui/MagIcon2/54.png
10-01 14:44:17.945  3589  3614 I RustStdoutStderr: [2m2026-10-01T06:44:17.944445Z[0m [31mERROR[0m [2mbevy_asset::server[0m[2m:[0m Path not found: original-ui/MagIcon2/54.png
10-01 14:44:18.365  3589  3616 E event /Users/henryliu/.cargo/registry/src/index.crates.io-1949cf8c6b5b557f/bevy_asset-0.19.0/sPath not found: original-ui/MagIcon/54.png
10-01 14:44:18.369  3589  3614 I RustStdoutStderr: [2m2026-10-01T06:44:18.365266Z[0m [31mERROR[0m [2mbevy_asset::server[0m[2m:[0m Path not found: original-ui/MagIcon/54.png
10-01 14:44:18.378  3589  3616 E event /Users/henryliu/.cargo/registry/src/index.crates.io-1949cf8c6b5b557f/bevy_asset-0.19.0/sPath not found: original-ui/MagIcon2/54.png
10-01 14:44:18.379  3589  3614 I RustStdoutStderr: [2m2026-10-01T06:44:18.378344Z[0m [31mERROR[0m [2mbevy_asset::server[0m[2m:[0m Path not found: original-ui/MagIcon2/54.png
10-01 14:44:18.650  3589  3616 E event /Users/henryliu/.cargo/registry/src/index.crates.io-1949cf8c6b5b557f/bevy_asset-0.19.0/sPath not found: original-ui/MagIcon/54.png
10-01 14:44:18.651  3589  3614 I RustStdoutStderr: [2m2026-10-01T06:44:18.650369Z[0m [31mERROR[0m [2mbevy_asset::server[0m[2m:[0m Path not found: original-ui/MagIcon/54.png
10-01 14:44:18.665  3589  3616 E event /Users/henryliu/.cargo/registry/src/index.crates.io-1949cf8c6b5b557f/bevy_asset-0.19.0/sPath not found: original-ui/MagIcon2/54.png
10-01 14:44:18.668  3589  3614 I RustStdoutStderr: [2m2026-10-01T06:44:18.665882Z[0m [31mERROR[0m [2mbevy_asset::server[0m[2m:[0m Path not found: original-ui/MagIcon2/54.png
10-01 14:44:18.963  3589  3616 E event /Users/henryliu/.cargo/registry/src/index.crates.io-1949cf8c6b5b557f/bevy_asset-0.19.0/sPath not found: original-ui/MagIcon/54.png
10-01 14:44:18.968  3589  3614 I RustStdoutStderr: [2m2026-10-01T06:44:18.963183Z[0m [31mERROR[0m [2mbevy_asset::server[0m[2m:[0m Path not found: original-ui/MagIcon/54.png
10-01 14:44:19.029  3589  3616 E event /Users/henryliu/.cargo/registry/src/index.crates.io-1949cf8c6b5b557f/bevy_asset-0.19.0/sPath not found: original-ui/MagIcon2/54.png
10-01 14:44:19.029  3589  3614 I RustStdoutStderr: [2m2026-10-01T06:44:19.029379Z[0m [31mERROR[0m [2mbevy_asset::server[0m[2m:[0m Path not found: original-ui/MagIcon2/54.png
10-01 14:44:19.123  3589  3615 D EGL_emulation: app_time_stats: avg=325.80ms min=195.50ms max=454.62ms count=4
10-01 14:44:19.211  3589  3616 E event /Users/henryliu/.cargo/registry/src/index.crates.io-1949cf8c6b5b557f/bevy_asset-0.19.0/sPath not found: original-ui/MagIcon/54.png
10-01 14:44:19.214  3589  3614 I RustStdoutStderr: [2m2026-10-01T06:44:19.211906Z[0m [31mERROR[0m [2mbevy_asset::server[0m[2m:[0m Path not found: original-ui/MagIcon/54.png
10-01 14:44:19.271  3589  3616 E event /Users/henryliu/.cargo/registry/src/index.crates.io-1949cf8c6b5b557f/bevy_asset-0.19.0/sPath not found: original-ui/MagIcon2/54.png
10-01 14:44:19.274  3589  3614 I RustStdoutStderr: [2m2026-10-01T06:44:19.271525Z[0m [31mERROR[0m [2mbevy_asset::server[0m[2m:[0m Path not found: original-ui/MagIcon2/54.png
10-01 14:44:19.514  3589  3616 E event /Users/henryliu/.cargo/registry/src/index.crates.io-1949cf8c6b5b557f/bevy_asset-0.19.0/sPath not found: original-ui/MagIcon/54.png
10-01 14:44:19.514  3589  3614 I RustStdoutStderr: [2m2026-10-01T06:44:19.514245Z[0m [31mERROR[0m [2mbevy_asset::server[0m[2m:[0m Path not found: original-ui/MagIcon/54.png
10-01 14:44:19.559  3589  3616 E event /Users/henryliu/.cargo/registry/src/index.crates.io-1949cf8c6b5b557f/bevy_asset-0.19.0/sPath not found: original-ui/MagIcon2/54.png
10-01 14:44:19.562  3589  3614 I RustStdoutStderr: [2m2026-10-01T06:44:19.559626Z[0m [31mERROR[0m [2mbevy_asset::server[0m[2m:[0m Path not found: original-ui/MagIcon2/54.png
10-01 14:44:19.710  3589  3616 E event /Users/henryliu/.cargo/registry/src/index.crates.io-1949cf8c6b5b557f/bevy_asset-0.19.0/sPath not found: original-ui/MagIcon/54.png
10-01 14:44:19.713  3589  3614 I RustStdoutStderr: [2m2026-10-01T06:44:19.710297Z[0m [31mERROR[0m [2mbevy_asset::server[0m[2m:[0m Path not found: original-ui/MagIcon/54.png
10-01 14:44:19.731  3589  3616 E event /Users/henryliu/.cargo/registry/src/index.crates.io-1949cf8c6b5b557f/bevy_asset-0.19.0/sPath not found: original-ui/MagIcon2/54.png
10-01 14:44:19.731  3589  3614 I RustStdoutStderr: [2m2026-10-01T06:44:19.731099Z[0m [31mERROR[0m [2mbevy_asset::server[0m[2m:[0m Path not found: original-ui/MagIcon2/54.png
10-01 14:44:19.980  3589  3616 E event /Users/henryliu/.cargo/registry/src/index.crates.io-1949cf8c6b5b557f/bevy_asset-0.19.0/sPath not found: original-ui/MagIcon/54.png
10-01 14:44:19.980  3589  3614 I RustStdoutStderr: [2m2026-10-01T06:44:19.979756Z[0m [31mERROR[0m [2mbevy_asset::server[0m[2m:[0m Path not found: original-ui/MagIcon/54.png
10-01 14:44:20.009  3589  3616 E event /Users/henryliu/.cargo/registry/src/index.crates.io-1949cf8c6b5b557f/bevy_asset-0.19.0/sPath not found: original-ui/MagIcon2/54.png
10-01 14:44:20.010  3589  3614 I RustStdoutStderr: [2m2026-10-01T06:44:20.009747Z[0m [31mERROR[0m [2mbevy_asset::server[0m[2m:[0m Path not found: original-ui/MagIcon2/54.png
10-01 14:44:20.400  3589  3616 E event /Users/henryliu/.cargo/registry/src/index.crates.io-1949cf8c6b5b557f/bevy_asset-0.19.0/sPath not found: original-ui/MagIcon/54.png
10-01 14:44:20.403  3589  3614 I RustStdoutStderr: [2m2026-10-01T06:44:20.400727Z[0m [31mERROR[0m [2mbevy_asset::server[0m[2m:[0m Path not found: original-ui/MagIcon/54.png
10-01 14:44:20.442  3589  3614 I RustStdoutStderr: [2m2026-10-01T06:44:20.442582Z[0m [31mERROR[0m [2mbevy_asset::server[0m[2m:[0m Path not found: original-ui/MagIcon2/54.png
10-01 14:44:20.442  3589  3616 E event /Users/henryliu/.cargo/registry/src/index.crates.io-1949cf8c6b5b557f/bevy_asset-0.19.0/sPath not found: original-ui/MagIcon2/54.png
10-01 14:44:20.543  3589  3615 D EGL_emulation: app_time_stats: avg=282.79ms min=167.94ms max=474.15ms count=5
10-01 14:44:20.588  3589  3616 E event /Users/henryliu/.cargo/registry/src/index.crates.io-1949cf8c6b5b557f/bevy_asset-0.19.0/sPath not found: original-ui/MagIcon/54.png
10-01 14:44:20.590  3589  3614 I RustStdoutStderr: [2m2026-10-01T06:44:20.587040Z[0m [31mERROR[0m [2mbevy_asset::server[0m[2m:[0m Path not found: original-ui/MagIcon/54.png
10-01 14:44:20.618  3589  3616 E event /Users/henryliu/.cargo/registry/src/index.crates.io-1949cf8c6b5b557f/bevy_asset-0.19.0/sPath not found: original-ui/MagIcon2/54.png
10-01 14:44:20.622  3589  3614 I RustStdoutStderr: [2m2026-10-01T06:44:20.614654Z[0m [31mERROR[0m [2mbevy_asset::server[0m[2m:[0m Path not found: original-ui/MagIcon2/54.png
10-01 14:44:20.828  3589  3616 E event /Users/henryliu/.cargo/registry/src/index.crates.io-1949cf8c6b5b557f/bevy_asset-0.19.0/sPath not found: original-ui/MagIcon/54.png
10-01 14:44:20.829  3589  3614 I RustStdoutStderr: [2m2026-10-01T06:44:20.828054Z[0m [31mERROR[0m [2mbevy_asset::server[0m[2m:[0m Path not found: original-ui/MagIcon/54.png
10-01 14:44:20.845  3589  3614 I RustStdoutStderr: [2m2026-10-01T06:44:20.845600Z[0m [31mERROR[0m [2mbevy_asset::server[0m[2m:[0m Path not found: original-ui/MagIcon2/54.png
10-01 14:44:20.845  3589  3616 E event /Users/henryliu/.cargo/registry/src/index.crates.io-1949cf8c6b5b557f/bevy_asset-0.19.0/sPath not found: original-ui/MagIcon2/54.png
10-01 14:44:20.997  3589  3616 E event /Users/henryliu/.cargo/registry/src/index.crates.io-1949cf8c6b5b557f/bevy_asset-0.19.0/sPath not found: original-ui/MagIcon/54.png
10-01 14:44:20.999  3589  3614 I RustStdoutStderr: [2m2026-10-01T06:44:20.997696Z[0m [31mERROR[0m [2mbevy_asset::server[0m[2m:[0m Path not found: original-ui/MagIcon/54.png
10-01 14:44:21.059  3589  3616 E event /Users/henryliu/.cargo/registry/src/index.crates.io-1949cf8c6b5b557f/bevy_asset-0.19.0/sPath not found: original-ui/MagIcon2/54.png
10-01 14:44:21.061  3589  3614 I RustStdoutStderr: [2m2026-10-01T06:44:21.059400Z[0m [31mERROR[0m [2mbevy_asset::server[0m[2m:[0m Path not found: original-ui/MagIcon2/54.png
10-01 14:44:21.420  3589  3616 E event /Users/henryliu/.cargo/registry/src/index.crates.io-1949cf8c6b5b557f/bevy_asset-0.19.0/sPath not found: original-ui/MagIcon/54.png
10-01 14:44:21.420  3589  3614 I RustStdoutStderr: [2m2026-10-01T06:44:21.419882Z[0m [31mERROR[0m [2mbevy_asset::server[0m[2m:[0m Path not found: original-ui/MagIcon/54.png
10-01 14:44:21.463  3589  3614 I RustStdoutStderr: [2m2026-10-01T06:44:21.463337Z[0m [31mERROR[0m [2mbevy_asset::server[0m[2m:[0m Path not found: original-ui/MagIcon2/54.png
10-01 14:44:21.463  3589  3616 E event /Users/henryliu/.cargo/registry/src/index.crates.io-1949cf8c6b5b557f/bevy_asset-0.19.0/sPath not found: original-ui/MagIcon2/54.png
10-01 14:44:21.710  3589  3615 D EGL_emulation: app_time_stats: avg=285.99ms min=157.31ms max=424.58ms count=4
10-01 14:44:21.910  3589  3616 E event /Users/henryliu/.cargo/registry/src/index.crates.io-1949cf8c6b5b557f/bevy_asset-0.19.0/sPath not found: original-ui/MagIcon/54.png
10-01 14:44:21.910  3589  3614 I RustStdoutStderr: [2m2026-10-01T06:44:21.910194Z[0m [31mERROR[0m [2mbevy_asset::server[0m[2m:[0m Path not found: original-ui/MagIcon/54.png
10-01 14:44:21.929  3589  3616 E event /Users/henryliu/.cargo/registry/src/index.crates.io-1949cf8c6b5b557f/bevy_asset-0.19.0/sPath not found: original-ui/MagIcon2/54.png
10-01 14:44:21.931  3589  3614 I RustStdoutStderr: [2m2026-10-01T06:44:21.929227Z[0m [31mERROR[0m [2mbevy_asset::server[0m[2m:[0m Path not found: original-ui/MagIcon2/54.png
10-01 14:44:22.074  3589  3614 I RustStdoutStderr: [2m2026-10-01T06:44:22.074141Z[0m [31mERROR[0m [2mbevy_asset::server[0m[2m:[0m Path not found: original-ui/MagIcon/54.png
10-01 14:44:22.074  3589  3616 E event /Users/henryliu/.cargo/registry/src/index.crates.io-1949cf8c6b5b557f/bevy_asset-0.19.0/sPath not found: original-ui/MagIcon/54.png
10-01 14:44:22.093  3589  3616 E event /Users/henryliu/.cargo/registry/src/index.crates.io-1949cf8c6b5b557f/bevy_asset-0.19.0/sPath not found: original-ui/MagIcon2/54.png
10-01 14:44:22.094  3589  3614 I RustStdoutStderr: [2m2026-10-01T06:44:22.093332Z[0m [31mERROR[0m [2mbevy_asset::server[0m[2m:[0m Path not found: original-ui/MagIcon2/54.png
10-01 14:44:22.286  3589  3616 E event /Users/henryliu/.cargo/registry/src/index.crates.io-1949cf8c6b5b557f/bevy_asset-0.19.0/sPath not found: original-ui/MagIcon/54.png
10-01 14:44:22.286  3589  3614 I RustStdoutStderr: [2m2026-10-01T06:44:22.286191Z[0m [31mERROR[0m [2mbevy_asset::server[0m[2m:[0m Path not found: original-ui/MagIcon/54.png
10-01 14:44:22.338  3589  3614 I RustStdoutStderr: [2m2026-10-01T06:44:22.337958Z[0m [31mERROR[0m [2mbevy_asset::server[0m[2m:[0m Path not found: original-ui/MagIcon2/54.png
10-01 14:44:22.338  3589  3616 E event /Users/henryliu/.cargo/registry/src/index.crates.io-1949cf8c6b5b557f/bevy_asset-0.19.0/sPath not found: original-ui/MagIcon2/54.png
10-01 14:44:22.516  3589  3616 E event /Users/henryliu/.cargo/registry/src/index.crates.io-1949cf8c6b5b557f/bevy_asset-0.19.0/sPath not found: original-ui/MagIcon/54.png
10-01 14:44:22.518  3589  3614 I RustStdoutStderr: [2m2026-10-01T06:44:22.515985Z[0m [31mERROR[0m [2mbevy_asset::server[0m[2m:[0m Path not found: original-ui/MagIcon/54.png
10-01 14:44:22.584  3589  3616 E event /Users/henryliu/.cargo/registry/src/index.crates.io-1949cf8c6b5b557f/bevy_asset-0.19.0/sPath not found: original-ui/MagIcon2/54.png
10-01 14:44:22.587  3589  3614 I RustStdoutStderr: [2m2026-10-01T06:44:22.584093Z[0m [31mERROR[0m [2mbevy_asset::server[0m[2m:[0m Path not found: original-ui/MagIcon2/54.png
10-01 14:44:22.809  3589  3616 E event /Users/henryliu/.cargo/registry/src/index.crates.io-1949cf8c6b5b557f/bevy_asset-0.19.0/sPath not found: original-ui/MagIcon/54.png
10-01 14:44:22.810  3589  3614 I RustStdoutStderr: [2m2026-10-01T06:44:22.808984Z[0m [31mERROR[0m [2mbevy_asset::server[0m[2m:[0m Path not found: original-ui/MagIcon/54.png
10-01 14:44:22.865  3589  3616 E event /Users/henryliu/.cargo/registry/src/index.crates.io-1949cf8c6b5b557f/bevy_asset-0.19.0/sPath not found: original-ui/MagIcon2/54.png
10-01 14:44:22.865  3589  3614 I RustStdoutStderr: [2m2026-10-01T06:44:22.865001Z[0m [31mERROR[0m [2mbevy_asset::server[0m[2m:[0m Path not found: original-ui/MagIcon2/54.png
10-01 14:44:23.051  3589  3615 D EGL_emulation: app_time_stats: avg=268.09ms min=193.02ms max=351.47ms count=5
10-01 14:44:23.147  3589  3616 E event /Users/henryliu/.cargo/registry/src/index.crates.io-1949cf8c6b5b557f/bevy_asset-0.19.0/sPath not found: original-ui/MagIcon/54.png
10-01 14:44:23.164  3589  3614 I RustStdoutStderr: [2m2026-10-01T06:44:23.147826Z[0m [31mERROR[0m [2mbevy_asset::server[0m[2m:[0m Path not found: original-ui/MagIcon/54.png
10-01 14:44:23.184  3589  3616 E event /Users/henryliu/.cargo/registry/src/index.crates.io-1949cf8c6b5b557f/bevy_asset-0.19.0/sPath not found: original-ui/MagIcon2/54.png
10-01 14:44:23.185  3589  3614 I RustStdoutStderr: [2m2026-10-01T06:44:23.184762Z[0m [31mERROR[0m [2mbevy_asset::server[0m[2m:[0m Path not found: original-ui/MagIcon2/54.png
10-01 14:44:23.583  3589  3616 E event /Users/henryliu/.cargo/registry/src/index.crates.io-1949cf8c6b5b557f/bevy_asset-0.19.0/sPath not found: original-ui/MagIcon/54.png
10-01 14:44:23.584  3589  3614 I RustStdoutStderr: [2m2026-10-01T06:44:23.583223Z[0m [31mERROR[0m [2mbevy_asset::server[0m[2m:[0m Path not found: original-ui/MagIcon/54.png
10-01 14:44:23.611  3589  3616 E event /Users/henryliu/.cargo/registry/src/index.crates.io-1949cf8c6b5b557f/bevy_asset-0.19.0/sPath not found: original-ui/MagIcon2/54.png
10-01 14:44:23.615  3589  3614 I RustStdoutStderr: [2m2026-10-01T06:44:23.611848Z[0m [31mERROR[0m [2mbevy_asset::server[0m[2m:[0m Path not found: original-ui/MagIcon2/54.png
10-01 14:44:23.804  3589  3616 E event /Users/henryliu/.cargo/registry/src/index.crates.io-1949cf8c6b5b557f/bevy_asset-0.19.0/sPath not found: original-ui/MagIcon/54.png
10-01 14:44:23.805  3589  3614 I RustStdoutStderr: [2m2026-10-01T06:44:23.804459Z[0m [31mERROR[0m [2mbevy_asset::server[0m[2m:[0m Path not found: original-ui/MagIcon/54.png
10-01 14:44:23.817  3589  3616 E event /Users/henryliu/.cargo/registry/src/index.crates.io-1949cf8c6b5b557f/bevy_asset-0.19.0/sPath not found: original-ui/MagIcon2/54.png
10-01 14:44:23.824  3589  3614 I RustStdoutStderr: [2m2026-10-01T06:44:23.816998Z[0m [31mERROR[0m [2mbevy_asset::server[0m[2m:[0m Path not found: original-ui/MagIcon2/54.png
10-01 14:44:24.069  3589  3616 E event /Users/henryliu/.cargo/registry/src/index.crates.io-1949cf8c6b5b557f/bevy_asset-0.19.0/sPath not found: original-ui/MagIcon/54.png
10-01 14:44:24.071  3589  3614 I RustStdoutStderr: [2m2026-10-01T06:44:24.069717Z[0m [31mERROR[0m [2mbevy_asset::server[0m[2m:[0m Path not found: original-ui/MagIcon/54.png
10-01 14:44:24.084  3589  3616 E event /Users/henryliu/.cargo/registry/src/index.crates.io-1949cf8c6b5b557f/bevy_asset-0.19.0/sPath not found: original-ui/MagIcon2/54.png
10-01 14:44:24.084  3589  3614 I RustStdoutStderr: [2m2026-10-01T06:44:24.084183Z[0m [31mERROR[0m [2mbevy_asset::server[0m[2m:[0m Path not found: original-ui/MagIcon2/54.png
10-01 14:44:24.128  3589  3615 D EGL_emulation: app_time_stats: avg=269.13ms min=190.28ms max=387.30ms count=4
10-01 14:44:24.178  3589  3616 E event /Users/henryliu/.cargo/registry/src/index.crates.io-1949cf8c6b5b557f/bevy_asset-0.19.0/sPath not found: original-ui/MagIcon/54.png
10-01 14:44:24.179  3589  3614 I RustStdoutStderr: [2m2026-10-01T06:44:24.178589Z[0m [31mERROR[0m [2mbevy_asset::server[0m[2m:[0m Path not found: original-ui/MagIcon/54.png
10-01 14:44:24.335  3589  3616 E event /Users/henryliu/.cargo/registry/src/index.crates.io-1949cf8c6b5b557f/bevy_asset-0.19.0/sPath not found: original-ui/MagIcon2/54.png
10-01 14:44:24.337  3589  3614 I RustStdoutStderr: [2m2026-10-01T06:44:24.335332Z[0m [31mERROR[0m [2mbevy_asset::server[0m[2m:[0m Path not found: original-ui/MagIcon2/54.png
10-01 14:44:24.471  3589  3616 E event /Users/henryliu/.cargo/registry/src/index.crates.io-1949cf8c6b5b557f/bevy_asset-0.19.0/sPath not found: original-ui/MagIcon/54.png
10-01 14:44:24.471  3589  3614 I RustStdoutStderr: [2m2026-10-01T06:44:24.471089Z[0m [31mERROR[0m [2mbevy_asset::server[0m[2m:[0m Path not found: original-ui/MagIcon/54.png
10-01 14:44:24.489  3589  3616 E event /Users/henryliu/.cargo/registry/src/index.crates.io-1949cf8c6b5b557f/bevy_asset-0.19.0/sPath not found: original-ui/MagIcon2/54.png
10-01 14:44:24.489  3589  3614 I RustStdoutStderr: [2m2026-10-01T06:44:24.489242Z[0m [31mERROR[0m [2mbevy_asset::server[0m[2m:[0m Path not found: original-ui/MagIcon2/54.png
10-01 14:44:24.681  3589  3616 E event /Users/henryliu/.cargo/registry/src/index.crates.io-1949cf8c6b5b557f/bevy_asset-0.19.0/sPath not found: original-ui/MagIcon/54.png
10-01 14:44:24.681  3589  3614 I RustStdoutStderr: [2m2026-10-01T06:44:24.681014Z[0m [31mERROR[0m [2mbevy_asset::server[0m[2m:[0m Path not found: original-ui/MagIcon/54.png
10-01 14:44:24.742  3589  3616 E event /Users/henryliu/.cargo/registry/src/index.crates.io-1949cf8c6b5b557f/bevy_asset-0.19.0/sPath not found: original-ui/MagIcon2/54.png
10-01 14:44:24.743  3589  3614 I RustStdoutStderr: [2m2026-10-01T06:44:24.742290Z[0m [31mERROR[0m [2mbevy_asset::server[0m[2m:[0m Path not found: original-ui/MagIcon2/54.png
10-01 14:44:24.828  3589  3616 E event /Users/henryliu/.cargo/registry/src/index.crates.io-1949cf8c6b5b557f/bevy_asset-0.19.0/sPath not found: original-ui/MagIcon/54.png
10-01 14:44:24.830  3589  3614 I RustStdoutStderr: [2m2026-10-01T06:44:24.828806Z[0m [31mERROR[0m [2mbevy_asset::server[0m[2m:[0m Path not found: original-ui/MagIcon/54.png
10-01 14:44:24.846  3589  3616 E event /Users/henryliu/.cargo/registry/src/index.crates.io-1949cf8c6b5b557f/bevy_asset-0.19.0/sPath not found: original-ui/MagIcon2/54.png
10-01 14:44:24.847  3589  3614 I RustStdoutStderr: [2m2026-10-01T06:44:24.846827Z[0m [31mERROR[0m [2mbevy_asset::server[0m[2m:[0m Path not found: original-ui/MagIcon2/54.png
10-01 14:44:24.940  3589  3614 I RustStdoutStderr: [2m2026-10-01T06:44:24.940889Z[0m [31mERROR[0m [2mbevy_asset::server[0m[2m:[0m Path not found: original-ui/MagIcon/54.png
10-01 14:44:24.941  3589  3616 E event /Users/henryliu/.cargo/registry/src/index.crates.io-1949cf8c6b5b557f/bevy_asset-0.19.0/sPath not found: original-ui/MagIcon/54.png
10-01 14:44:24.941  3589  3614 I RustStdoutStderr: [2m2026-10-01T06:44:24.941057Z[0m [31mERROR[0m [2mbevy_asset::server[0m[2m:[0m Path not found: original-ui/MagIcon2/54.png
10-01 14:44:24.941  3589  3616 E event /Users/henryliu/.cargo/registry/src/index.crates.io-1949cf8c6b5b557f/bevy_asset-0.19.0/sPath not found: original-ui/MagIcon2/54.png
10-01 14:44:25.140  3589  3616 E event /Users/henryliu/.cargo/registry/src/index.crates.io-1949cf8c6b5b557f/bevy_asset-0.19.0/sPath not found: original-ui/MagIcon/54.png
10-01 14:44:25.141  3589  3614 I RustStdoutStderr: [2m2026-10-01T06:44:25.140520Z[0m [31mERROR[0m [2mbevy_asset::server[0m[2m:[0m Path not found: original-ui/MagIcon/54.png
10-01 14:44:25.155  3589  3616 E event /Users/henryliu/.cargo/registry/src/index.crates.io-1949cf8c6b5b557f/bevy_asset-0.19.0/sPath not found: original-ui/MagIcon2/54.png
10-01 14:44:25.160  3589  3614 I RustStdoutStderr: [2m2026-10-01T06:44:25.155202Z[0m [31mERROR[0m [2mbevy_asset::server[0m[2m:[0m Path not found: original-ui/MagIcon2/54.png
10-01 14:44:25.228  3589  3615 D EGL_emulation: app_time_stats: avg=183.26ms min=99.91ms max=265.09ms count=6
10-01 14:44:25.365  3589  3616 E event /Users/henryliu/.cargo/registry/src/index.crates.io-1949cf8c6b5b557f/bevy_asset-0.19.0/sPath not found: original-ui/MagIcon/54.png
10-01 14:44:25.366  3589  3614 I RustStdoutStderr: [2m2026-10-01T06:44:25.365646Z[0m [31mERROR[0m [2mbevy_asset::server[0m[2m:[0m Path not found: original-ui/MagIcon/54.png
10-01 14:44:25.379  3589  3616 E event /Users/henryliu/.cargo/registry/src/index.crates.io-1949cf8c6b5b557f/bevy_asset-0.19.0/sPath not found: original-ui/MagIcon2/54.png
10-01 14:44:25.380  3589  3614 I RustStdoutStderr: [2m2026-10-01T06:44:25.378642Z[0m [31mERROR[0m [2mbevy_asset::server[0m[2m:[0m Path not found: original-ui/MagIcon2/54.png
10-01 14:44:25.710  3589  3616 E event /Users/henryliu/.cargo/registry/src/index.crates.io-1949cf8c6b5b557f/bevy_asset-0.19.0/sPath not found: original-ui/MagIcon/54.png
10-01 14:44:25.711  3589  3614 I RustStdoutStderr: [2m2026-10-01T06:44:25.710464Z[0m [31mERROR[0m [2mbevy_asset::server[0m[2m:[0m Path not found: original-ui/MagIcon/54.png
10-01 14:44:25.744  3589  3616 E event /Users/henryliu/.cargo/registry/src/index.crates.io-1949cf8c6b5b557f/bevy_asset-0.19.0/sPath not found: original-ui/MagIcon2/54.png
10-01 14:44:25.744  3589  3614 I RustStdoutStderr: [2m2026-10-01T06:44:25.744572Z[0m [31mERROR[0m [2mbevy_asset::server[0m[2m:[0m Path not found: original-ui/MagIcon2/54.png
10-01 14:44:25.964  3589  3616 E event /Users/henryliu/.cargo/registry/src/index.crates.io-1949cf8c6b5b557f/bevy_asset-0.19.0/sPath not found: original-ui/MagIcon/54.png
10-01 14:44:25.965  3589  3614 I RustStdoutStderr: [2m2026-10-01T06:44:25.964388Z[0m [31mERROR[0m [2mbevy_asset::server[0m[2m:[0m Path not found: original-ui/MagIcon/54.png
10-01 14:44:25.981  3589  3616 E event /Users/henryliu/.cargo/registry/src/index.crates.io-1949cf8c6b5b557f/bevy_asset-0.19.0/sPath not found: original-ui/MagIcon2/54.png
10-01 14:44:25.982  3589  3614 I RustStdoutStderr: [2m2026-10-01T06:44:25.981208Z[0m [31mERROR[0m [2mbevy_asset::server[0m[2m:[0m Path not found: original-ui/MagIcon2/54.png
10-01 14:44:26.202  3589  3616 E event /Users/henryliu/.cargo/registry/src/index.crates.io-1949cf8c6b5b557f/bevy_asset-0.19.0/sPath not found: original-ui/MagIcon/54.png
10-01 14:44:26.202  3589  3614 I RustStdoutStderr: [2m2026-10-01T06:44:26.202127Z[0m [31mERROR[0m [2mbevy_asset::server[0m[2m:[0m Path not found: original-ui/MagIcon/54.png
10-01 14:44:26.234  3589  3614 I RustStdoutStderr: [2m2026-10-01T06:44:26.234172Z[0m [31mERROR[0m [2mbevy_asset::server[0m[2m:[0m Path not found: original-ui/MagIcon2/54.png
10-01 14:44:26.234  3589  3616 E event /Users/henryliu/.cargo/registry/src/index.crates.io-1949cf8c6b5b557f/bevy_asset-0.19.0/sPath not found: original-ui/MagIcon2/54.png
10-01 14:44:26.349  3589  3615 D EGL_emulation: app_time_stats: avg=280.11ms min=196.46ms max=439.17ms count=4
10-01 14:44:26.399  3589  3616 E event /Users/henryliu/.cargo/registry/src/index.crates.io-1949cf8c6b5b557f/bevy_asset-0.19.0/sPath not found: original-ui/MagIcon/54.png
10-01 14:44:26.399  3589  3614 I RustStdoutStderr: [2m2026-10-01T06:44:26.399024Z[0m [31mERROR[0m [2mbevy_asset::server[0m[2m:[0m Path not found: original-ui/MagIcon/54.png
10-01 14:44:26.415  3589  3616 E event /Users/henryliu/.cargo/registry/src/index.crates.io-1949cf8c6b5b557f/bevy_asset-0.19.0/sPath not found: original-ui/MagIcon2/54.png
10-01 14:44:26.417  3589  3614 I RustStdoutStderr: [2m2026-10-01T06:44:26.415559Z[0m [31mERROR[0m [2mbevy_asset::server[0m[2m:[0m Path not found: original-ui/MagIcon2/54.png
10-01 14:44:26.500  3589  3616 E event /Users/henryliu/.cargo/registry/src/index.crates.io-1949cf8c6b5b557f/bevy_asset-0.19.0/sPath not found: original-ui/MagIcon/54.png
10-01 14:44:26.500  3589  3614 I RustStdoutStderr: [2m2026-10-01T06:44:26.500126Z[0m [31mERROR[0m [2mbevy_asset::server[0m[2m:[0m Path not found: original-ui/MagIcon/54.png
10-01 14:44:26.513  3589  3616 E event /Users/henryliu/.cargo/registry/src/index.crates.io-1949cf8c6b5b557f/bevy_asset-0.19.0/sPath not found: original-ui/MagIcon2/54.png
10-01 14:44:26.523  3589  3614 I RustStdoutStderr: [2m2026-10-01T06:44:26.513751Z[0m [31mERROR[0m [2mbevy_asset::server[0m[2m:[0m Path not found: original-ui/MagIcon2/54.png
10-01 14:44:26.907  3589  3616 E event /Users/henryliu/.cargo/registry/src/index.crates.io-1949cf8c6b5b557f/bevy_asset-0.19.0/sPath not found: original-ui/MagIcon/54.png
10-01 14:44:26.909  3589  3614 I RustStdoutStderr: [2m2026-10-01T06:44:26.906193Z[0m [31mERROR[0m [2mbevy_asset::server[0m[2m:[0m Path not found: original-ui/MagIcon/54.png
10-01 14:44:27.017  3589  3616 E event /Users/henryliu/.cargo/registry/src/index.crates.io-1949cf8c6b5b557f/bevy_asset-0.19.0/sPath not found: original-ui/MagIcon2/54.png
10-01 14:44:27.022  3589  3614 I RustStdoutStderr: [2m2026-10-01T06:44:27.017326Z[0m [31mERROR[0m [2mbevy_asset::server[0m[2m:[0m Path not found: original-ui/MagIcon2/54.png
10-01 14:44:27.428  3589  3616 E event /Users/henryliu/.cargo/registry/src/index.crates.io-1949cf8c6b5b557f/bevy_asset-0.19.0/sPath not found: original-ui/MagIcon/54.png
10-01 14:44:27.428  3589  3614 I RustStdoutStderr: [2m2026-10-01T06:44:27.428146Z[0m [31mERROR[0m [2mbevy_asset::server[0m[2m:[0m Path not found: original-ui/MagIcon/54.png
10-01 14:44:27.518  3589  3616 E event /Users/henryliu/.cargo/registry/src/index.crates.io-1949cf8c6b5b557f/bevy_asset-0.19.0/sPath not found: original-ui/MagIcon2/54.png
10-01 14:44:27.526  3589  3614 I RustStdoutStderr: [2m2026-10-01T06:44:27.518348Z[0m [31mERROR[0m [2mbevy_asset::server[0m[2m:[0m Path not found: original-ui/MagIcon2/54.png
10-01 14:44:27.636  3589  3615 D EGL_emulation: app_time_stats: avg=321.87ms min=104.28ms max=461.11ms count=4
10-01 14:44:27.724  3589  3616 E event /Users/henryliu/.cargo/registry/src/index.crates.io-1949cf8c6b5b557f/bevy_asset-0.19.0/sPath not found: original-ui/MagIcon/54.png
10-01 14:44:27.732  3589  3614 I RustStdoutStderr: [2m2026-10-01T06:44:27.724750Z[0m [31mERROR[0m [2mbevy_asset::server[0m[2m:[0m Path not found: original-ui/MagIcon/54.png
10-01 14:44:27.792  3589  3616 E event /Users/henryliu/.cargo/registry/src/index.crates.io-1949cf8c6b5b557f/bevy_asset-0.19.0/sPath not found: original-ui/MagIcon2/54.png
10-01 14:44:27.795  3589  3614 I RustStdoutStderr: [2m2026-10-01T06:44:27.783027Z[0m [31mERROR[0m [2mbevy_asset::server[0m[2m:[0m Path not found: original-ui/MagIcon2/54.png
10-01 14:44:27.955  3589  3616 E event /Users/henryliu/.cargo/registry/src/index.crates.io-1949cf8c6b5b557f/bevy_asset-0.19.0/sPath not found: original-ui/MagIcon/54.png
10-01 14:44:27.957  3589  3614 I RustStdoutStderr: [2m2026-10-01T06:44:27.955694Z[0m [31mERROR[0m [2mbevy_asset::server[0m[2m:[0m Path not found: original-ui/MagIcon/54.png
10-01 14:44:27.975  3589  3616 E event /Users/henryliu/.cargo/registry/src/index.crates.io-1949cf8c6b5b557f/bevy_asset-0.19.0/sPath not found: original-ui/MagIcon2/54.png
10-01 14:44:27.977  3589  3614 I RustStdoutStderr: [2m2026-10-01T06:44:27.975673Z[0m [31mERROR[0m [2mbevy_asset::server[0m[2m:[0m Path not found: original-ui/MagIcon2/54.png
10-01 14:44:28.137  3589  3616 E event /Users/henryliu/.cargo/registry/src/index.crates.io-1949cf8c6b5b557f/bevy_asset-0.19.0/sPath not found: original-ui/MagIcon/54.png
10-01 14:44:28.137  3589  3614 I RustStdoutStderr: [2m2026-10-01T06:44:28.137370Z[0m [31mERROR[0m [2mbevy_asset::server[0m[2m:[0m Path not found: original-ui/MagIcon/54.png
10-01 14:44:28.161  3589  3616 E event /Users/henryliu/.cargo/registry/src/index.crates.io-1949cf8c6b5b557f/bevy_asset-0.19.0/sPath not found: original-ui/MagIcon2/54.png
10-01 14:44:28.163  3589  3614 I RustStdoutStderr: [2m2026-10-01T06:44:28.161032Z[0m [31mERROR[0m [2mbevy_asset::server[0m[2m:[0m Path not found: original-ui/MagIcon2/54.png
10-01 14:44:28.399  3589  3616 E event /Users/henryliu/.cargo/registry/src/index.crates.io-1949cf8c6b5b557f/bevy_asset-0.19.0/sPath not found: original-ui/MagIcon/54.png
10-01 14:44:28.400  3589  3614 I RustStdoutStderr: [2m2026-10-01T06:44:28.399306Z[0m [31mERROR[0m [2mbevy_asset::server[0m[2m:[0m Path not found: original-ui/MagIcon/54.png
10-01 14:44:28.439  3589  3616 E event /Users/henryliu/.cargo/registry/src/index.crates.io-1949cf8c6b5b557f/bevy_asset-0.19.0/sPath not found: original-ui/MagIcon2/54.png
10-01 14:44:28.439  3589  3614 I RustStdoutStderr: [2m2026-10-01T06:44:28.436817Z[0m [31mERROR[0m [2mbevy_asset::server[0m[2m:[0m Path not found: original-ui/MagIcon2/54.png
10-01 14:44:28.579  3589  3616 E event /Users/henryliu/.cargo/registry/src/index.crates.io-1949cf8c6b5b557f/bevy_asset-0.19.0/sPath not found: original-ui/MagIcon/54.png
10-01 14:44:28.580  3589  3614 I RustStdoutStderr: [2m2026-10-01T06:44:28.579587Z[0m [31mERROR[0m [2mbevy_asset::server[0m[2m:[0m Path not found: original-ui/MagIcon/54.png
10-01 14:44:28.615  3589  3616 E event /Users/henryliu/.cargo/registry/src/index.crates.io-1949cf8c6b5b557f/bevy_asset-0.19.0/sPath not found: original-ui/MagIcon2/54.png
10-01 14:44:28.615  3589  3614 I RustStdoutStderr: [2m2026-10-01T06:44:28.615100Z[0m [31mERROR[0m [2mbevy_asset::server[0m[2m:[0m Path not found: original-ui/MagIcon2/54.png
10-01 14:44:29.018  3589  3615 D EGL_emulation: app_time_stats: avg=276.18ms min=172.19ms max=544.33ms count=5
10-01 14:44:29.067  3589  3616 E event /Users/henryliu/.cargo/registry/src/index.crates.io-1949cf8c6b5b557f/bevy_asset-0.19.0/sPath not found: original-ui/MagIcon/54.png
10-01 14:44:29.067  3589  3614 I RustStdoutStderr: [2m2026-10-01T06:44:29.067305Z[0m [31mERROR[0m [2mbevy_asset::server[0m[2m:[0m Path not found: original-ui/MagIcon/54.png
10-01 14:44:29.089  3589  3616 E event /Users/henryliu/.cargo/registry/src/index.crates.io-1949cf8c6b5b557f/bevy_asset-0.19.0/sPath not found: original-ui/MagIcon2/54.png
10-01 14:44:29.090  3589  3614 I RustStdoutStderr: [2m2026-10-01T06:44:29.089205Z[0m [31mERROR[0m [2mbevy_asset::server[0m[2m:[0m Path not found: original-ui/MagIcon2/54.png
10-01 14:44:29.211  3589  3616 E event /Users/henryliu/.cargo/registry/src/index.crates.io-1949cf8c6b5b557f/bevy_asset-0.19.0/sPath not found: original-ui/MagIcon/54.png
10-01 14:44:29.212  3589  3614 I RustStdoutStderr: [2m2026-10-01T06:44:29.211144Z[0m [31mERROR[0m [2mbevy_asset::server[0m[2m:[0m Path not found: original-ui/MagIcon/54.png
10-01 14:44:29.245  3589  3616 E event /Users/henryliu/.cargo/registry/src/index.crates.io-1949cf8c6b5b557f/bevy_asset-0.19.0/sPath not found: original-ui/MagIcon2/54.png
10-01 14:44:29.246  3589  3614 I RustStdoutStderr: [2m2026-10-01T06:44:29.245126Z[0m [31mERROR[0m [2mbevy_asset::server[0m[2m:[0m Path not found: original-ui/MagIcon2/54.png
10-01 14:44:29.381  3589  3616 E event /Users/henryliu/.cargo/registry/src/index.crates.io-1949cf8c6b5b557f/bevy_asset-0.19.0/sPath not found: original-ui/MagIcon/54.png
10-01 14:44:29.382  3589  3614 I RustStdoutStderr: [2m2026-10-01T06:44:29.379172Z[0m [31mERROR[0m [2mbevy_asset::server[0m[2m:[0m Path not found: original-ui/MagIcon/54.png
10-01 14:44:29.404  3589  3616 E event /Users/henryliu/.cargo/registry/src/index.crates.io-1949cf8c6b5b557f/bevy_asset-0.19.0/sPath not found: original-ui/MagIcon2/54.png
10-01 14:44:29.406  3589  3614 I RustStdoutStderr: [2m2026-10-01T06:44:29.404137Z[0m [31mERROR[0m [2mbevy_asset::server[0m[2m:[0m Path not found: original-ui/MagIcon2/54.png
10-01 14:44:29.564  3589  3616 E event /Users/henryliu/.cargo/registry/src/index.crates.io-1949cf8c6b5b557f/bevy_asset-0.19.0/sPath not found: original-ui/MagIcon/54.png
10-01 14:44:29.565  3589  3614 I RustStdoutStderr: [2m2026-10-01T06:44:29.564485Z[0m [31mERROR[0m [2mbevy_asset::server[0m[2m:[0m Path not found: original-ui/MagIcon/54.png
10-01 14:44:29.581  3589  3616 E event /Users/henryliu/.cargo/registry/src/index.crates.io-1949cf8c6b5b557f/bevy_asset-0.19.0/sPath not found: original-ui/MagIcon2/54.png
10-01 14:44:29.583  3589  3614 I RustStdoutStderr: [2m2026-10-01T06:44:29.581214Z[0m [31mERROR[0m [2mbevy_asset::server[0m[2m:[0m Path not found: original-ui/MagIcon2/54.png
10-01 14:44:29.774  3589  3616 E event /Users/henryliu/.cargo/registry/src/index.crates.io-1949cf8c6b5b557f/bevy_asset-0.19.0/sPath not found: original-ui/MagIcon/54.png
10-01 14:44:29.780  3589  3614 I RustStdoutStderr: [2m2026-10-01T06:44:29.774580Z[0m [31mERROR[0m [2mbevy_asset::server[0m[2m:[0m Path not found: original-ui/MagIcon/54.png
10-01 14:44:29.803  3589  3614 I RustStdoutStderr: [2m2026-10-01T06:44:29.802840Z[0m [31mERROR[0m [2mbevy_asset::server[0m[2m:[0m Path not found: original-ui/MagIcon2/54.png
10-01 14:44:29.804  3589  3616 E event /Users/henryliu/.cargo/registry/src/index.crates.io-1949cf8c6b5b557f/bevy_asset-0.19.0/sPath not found: original-ui/MagIcon2/54.png
10-01 14:44:30.129  3589  3616 E event /Users/henryliu/.cargo/registry/src/index.crates.io-1949cf8c6b5b557f/bevy_asset-0.19.0/sPath not found: original-ui/MagIcon/54.png
10-01 14:44:30.130  3589  3614 I RustStdoutStderr: [2m2026-10-01T06:44:30.129215Z[0m [31mERROR[0m [2mbevy_asset::server[0m[2m:[0m Path not found: original-ui/MagIcon/54.png
10-01 14:44:30.386  3589  3616 E event /Users/henryliu/.cargo/registry/src/index.crates.io-1949cf8c6b5b557f/bevy_asset-0.19.0/sPath not found: original-ui/MagIcon2/54.png
10-01 14:44:30.393  3589  3614 I RustStdoutStderr: [2m2026-10-01T06:44:30.386535Z[0m [31mERROR[0m [2mbevy_asset::server[0m[2m:[0m Path not found: original-ui/MagIcon2/54.png
10-01 14:44:30.475  3589  3615 D EGL_emulation: app_time_stats: avg=242.95ms min=129.60ms max=470.46ms count=6
10-01 14:44:30.595  3589  3616 E event /Users/henryliu/.cargo/registry/src/index.crates.io-1949cf8c6b5b557f/bevy_asset-0.19.0/sPath not found: original-ui/MagIcon/54.png
10-01 14:44:30.601  3589  3614 I RustStdoutStderr: [2m2026-10-01T06:44:30.595494Z[0m [31mERROR[0m [2mbevy_asset::server[0m[2m:[0m Path not found: original-ui/MagIcon/54.png
10-01 14:44:30.627  3589  3616 E event /Users/henryliu/.cargo/registry/src/index.crates.io-1949cf8c6b5b557f/bevy_asset-0.19.0/sPath not found: original-ui/MagIcon2/54.png
10-01 14:44:30.633  3589  3614 I RustStdoutStderr: [2m2026-10-01T06:44:30.627867Z[0m [31mERROR[0m [2mbevy_asset::server[0m[2m:[0m Path not found: original-ui/MagIcon2/54.png
10-01 14:44:30.800  3589  3616 E event /Users/henryliu/.cargo/registry/src/index.crates.io-1949cf8c6b5b557f/bevy_asset-0.19.0/sPath not found: original-ui/MagIcon/54.png
10-01 14:44:30.802  3589  3614 I RustStdoutStderr: [2m2026-10-01T06:44:30.800295Z[0m [31mERROR[0m [2mbevy_asset::server[0m[2m:[0m Path not found: original-ui/MagIcon/54.png
10-01 14:44:30.837  3589  3616 E event /Users/henryliu/.cargo/registry/src/index.crates.io-1949cf8c6b5b557f/bevy_asset-0.19.0/sPath not found: original-ui/MagIcon2/54.png
10-01 14:44:30.844  3589  3614 I RustStdoutStderr: [2m2026-10-01T06:44:30.837205Z[0m [31mERROR[0m [2mbevy_asset::server[0m[2m:[0m Path not found: original-ui/MagIcon2/54.png
10-01 14:44:31.053  3589  3616 E event /Users/henryliu/.cargo/registry/src/index.crates.io-1949cf8c6b5b557f/bevy_asset-0.19.0/sPath not found: original-ui/MagIcon/54.png
10-01 14:44:31.054  3589  3614 I RustStdoutStderr: [2m2026-10-01T06:44:31.053428Z[0m [31mERROR[0m [2mbevy_asset::server[0m[2m:[0m Path not found: original-ui/MagIcon/54.png
10-01 14:44:31.151  3589  3614 I RustStdoutStderr: [2m2026-10-01T06:44:31.151189Z[0m [31mERROR[0m [2mbevy_asset::server[0m[2m:[0m Path not found: original-ui/MagIcon2/54.png
10-01 14:44:31.151  3589  3616 E event /Users/henryliu/.cargo/registry/src/index.crates.io-1949cf8c6b5b557f/bevy_asset-0.19.0/sPath not found: original-ui/MagIcon2/54.png
10-01 14:44:31.435  3589  3616 E event /Users/henryliu/.cargo/registry/src/index.crates.io-1949cf8c6b5b557f/bevy_asset-0.19.0/sPath not found: original-ui/MagIcon/54.png
10-01 14:44:31.436  3589  3614 I RustStdoutStderr: [2m2026-10-01T06:44:31.435412Z[0m [31mERROR[0m [2mbevy_asset::server[0m[2m:[0m Path not found: original-ui/MagIcon/54.png
10-01 14:44:31.448  3589  3616 E event /Users/henryliu/.cargo/registry/src/index.crates.io-1949cf8c6b5b557f/bevy_asset-0.19.0/sPath not found: original-ui/MagIcon2/54.png
10-01 14:44:31.461  3589  3614 I RustStdoutStderr: [2m2026-10-01T06:44:31.447933Z[0m [31mERROR[0m [2mbevy_asset::server[0m[2m:[0m Path not found: original-ui/MagIcon2/54.png
10-01 14:44:31.627  3589  3615 D EGL_emulation: app_time_stats: avg=287.69ms min=213.27ms max=375.00ms count=4
10-01 14:44:31.681  3589  3616 E event /Users/henryliu/.cargo/registry/src/index.crates.io-1949cf8c6b5b557f/bevy_asset-0.19.0/sPath not found: original-ui/MagIcon/54.png
10-01 14:44:31.681  3589  3614 I RustStdoutStderr: [2m2026-10-01T06:44:31.681556Z[0m [31mERROR[0m [2mbevy_asset::server[0m[2m:[0m Path not found: original-ui/MagIcon/54.png
10-01 14:44:31.692  3589  3616 E event /Users/henryliu/.cargo/registry/src/index.crates.io-1949cf8c6b5b557f/bevy_asset-0.19.0/sPath not found: original-ui/MagIcon2/54.png
10-01 14:44:31.692  3589  3614 I RustStdoutStderr: [2m2026-10-01T06:44:31.692318Z[0m [31mERROR[0m [2mbevy_asset::server[0m[2m:[0m Path not found: original-ui/MagIcon2/54.png
10-01 14:44:31.946  3589  3614 I RustStdoutStderr: [2m2026-10-01T06:44:31.946307Z[0m [31mERROR[0m [2mbevy_asset::server[0m[2m:[0m Path not found: original-ui/MagIcon/54.png
10-01 14:44:31.946  3589  3616 E event /Users/henryliu/.cargo/registry/src/index.crates.io-1949cf8c6b5b557f/bevy_asset-0.19.0/sPath not found: original-ui/MagIcon/54.png
10-01 14:44:31.960  3589  3616 E event /Users/henryliu/.cargo/registry/src/index.crates.io-1949cf8c6b5b557f/bevy_asset-0.19.0/sPath not found: original-ui/MagIcon2/54.png
10-01 14:44:32.013  3589  3614 I RustStdoutStderr: [2m2026-10-01T06:44:31.960673Z[0m [31mERROR[0m [2mbevy_asset::server[0m[2m:[0m Path not found: original-ui/MagIcon2/54.png
10-01 14:44:32.133  3589  3616 E event /Users/henryliu/.cargo/registry/src/index.crates.io-1949cf8c6b5b557f/bevy_asset-0.19.0/sPath not found: original-ui/MagIcon/54.png
10-01 14:44:32.134  3589  3614 I RustStdoutStderr: [2m2026-10-01T06:44:32.133405Z[0m [31mERROR[0m [2mbevy_asset::server[0m[2m:[0m Path not found: original-ui/MagIcon/54.png
10-01 14:44:32.146  3589  3616 E event /Users/henryliu/.cargo/registry/src/index.crates.io-1949cf8c6b5b557f/bevy_asset-0.19.0/sPath not found: original-ui/MagIcon2/54.png
10-01 14:44:32.148  3589  3614 I RustStdoutStderr: [2m2026-10-01T06:44:32.146130Z[0m [31mERROR[0m [2mbevy_asset::server[0m[2m:[0m Path not found: original-ui/MagIcon2/54.png
10-01 14:44:32.310  3589  3616 E event /Users/henryliu/.cargo/registry/src/index.crates.io-1949cf8c6b5b557f/bevy_asset-0.19.0/sPath not found: original-ui/MagIcon/54.png
10-01 14:44:32.312  3589  3614 I RustStdoutStderr: [2m2026-10-01T06:44:32.310453Z[0m [31mERROR[0m [2mbevy_asset::server[0m[2m:[0m Path not found: original-ui/MagIcon/54.png
10-01 14:44:32.331  3589  3616 E event /Users/henryliu/.cargo/registry/src/index.crates.io-1949cf8c6b5b557f/bevy_asset-0.19.0/sPath not found: original-ui/MagIcon2/54.png
10-01 14:44:32.332  3589  3614 I RustStdoutStderr: [2m2026-10-01T06:44:32.330339Z[0m [31mERROR[0m [2mbevy_asset::server[0m[2m:[0m Path not found: original-ui/MagIcon2/54.png
10-01 14:44:32.420  3589  3616 E event /Users/henryliu/.cargo/registry/src/index.crates.io-1949cf8c6b5b557f/bevy_asset-0.19.0/sPath not found: original-ui/MagIcon/54.png
10-01 14:44:32.420  3589  3614 I RustStdoutStderr: [2m2026-10-01T06:44:32.420531Z[0m [31mERROR[0m [2mbevy_asset::server[0m[2m:[0m Path not found: original-ui/MagIcon/54.png
10-01 14:44:32.442  3589  3616 E event /Users/henryliu/.cargo/registry/src/index.crates.io-1949cf8c6b5b557f/bevy_asset-0.19.0/sPath not found: original-ui/MagIcon2/54.png
10-01 14:44:32.442  3589  3614 I RustStdoutStderr: [2m2026-10-01T06:44:32.441941Z[0m [31mERROR[0m [2mbevy_asset::server[0m[2m:[0m Path not found: original-ui/MagIcon2/54.png
10-01 14:44:32.712  3589  3616 E event /Users/henryliu/.cargo/registry/src/index.crates.io-1949cf8c6b5b557f/bevy_asset-0.19.0/sPath not found: original-ui/MagIcon/54.png
10-01 14:44:32.712  3589  3614 I RustStdoutStderr: [2m2026-10-01T06:44:32.712193Z[0m [31mERROR[0m [2mbevy_asset::server[0m[2m:[0m Path not found: original-ui/MagIcon/54.png
10-01 14:44:32.731  3589  3616 E event /Users/henryliu/.cargo/registry/src/index.crates.io-1949cf8c6b5b557f/bevy_asset-0.19.0/sPath not found: original-ui/MagIcon2/54.png
10-01 14:44:32.731  3589  3614 I RustStdoutStderr: [2m2026-10-01T06:44:32.731505Z[0m [31mERROR[0m [2mbevy_asset::server[0m[2m:[0m Path not found: original-ui/MagIcon2/54.png
10-01 14:44:32.780  3589  3615 D EGL_emulation: app_time_stats: avg=192.14ms min=103.65ms max=299.16ms count=6
10-01 14:44:32.862  3589  3614 I RustStdoutStderr: [2m2026-10-01T06:44:32.862238Z[0m [31mERROR[0m [2mbevy_asset::server[0m[2m:[0m Path not found: original-ui/MagIcon/54.png
10-01 14:44:32.862  3589  3616 E event /Users/henryliu/.cargo/registry/src/index.crates.io-1949cf8c6b5b557f/bevy_asset-0.19.0/sPath not found: original-ui/MagIcon/54.png
10-01 14:44:32.879  3589  3616 E event /Users/henryliu/.cargo/registry/src/index.crates.io-1949cf8c6b5b557f/bevy_asset-0.19.0/sPath not found: original-ui/MagIcon2/54.png
10-01 14:44:32.881  3589  3614 I RustStdoutStderr: [2m2026-10-01T06:44:32.879765Z[0m [31mERROR[0m [2mbevy_asset::server[0m[2m:[0m Path not found: original-ui/MagIcon2/54.png
10-01 14:44:33.281  3589  3616 E event /Users/henryliu/.cargo/registry/src/index.crates.io-1949cf8c6b5b557f/bevy_asset-0.19.0/sPath not found: original-ui/MagIcon/54.png
10-01 14:44:33.282  3589  3614 I RustStdoutStderr: [2m2026-10-01T06:44:33.281663Z[0m [31mERROR[0m [2mbevy_asset::server[0m[2m:[0m Path not found: original-ui/MagIcon/54.png
10-01 14:44:33.340  3589  3616 E event /Users/henryliu/.cargo/registry/src/index.crates.io-1949cf8c6b5b557f/bevy_asset-0.19.0/sPath not found: original-ui/MagIcon2/54.png
10-01 14:44:33.343  3589  3614 I RustStdoutStderr: [2m2026-10-01T06:44:33.340241Z[0m [31mERROR[0m [2mbevy_asset::server[0m[2m:[0m Path not found: original-ui/MagIcon2/54.png
10-01 14:44:33.509  3589  3616 E event /Users/henryliu/.cargo/registry/src/index.crates.io-1949cf8c6b5b557f/bevy_asset-0.19.0/sPath not found: original-ui/MagIcon/54.png
10-01 14:44:33.509  3589  3614 I RustStdoutStderr: [2m2026-10-01T06:44:33.508426Z[0m [31mERROR[0m [2mbevy_asset::server[0m[2m:[0m Path not found: original-ui/MagIcon/54.png
10-01 14:44:33.536  3589  3616 E event /Users/henryliu/.cargo/registry/src/index.crates.io-1949cf8c6b5b557f/bevy_asset-0.19.0/sPath not found: original-ui/MagIcon2/54.png
10-01 14:44:33.538  3589  3614 I RustStdoutStderr: [2m2026-10-01T06:44:33.536397Z[0m [31mERROR[0m [2mbevy_asset::server[0m[2m:[0m Path not found: original-ui/MagIcon2/54.png
10-01 14:44:33.663  3589  3616 E event /Users/henryliu/.cargo/registry/src/index.crates.io-1949cf8c6b5b557f/bevy_asset-0.19.0/sPath not found: original-ui/MagIcon/54.png
10-01 14:44:33.663  3589  3614 I RustStdoutStderr: [2m2026-10-01T06:44:33.663334Z[0m [31mERROR[0m [2mbevy_asset::server[0m[2m:[0m Path not found: original-ui/MagIcon/54.png
10-01 14:44:33.677  3589  3616 E event /Users/henryliu/.cargo/registry/src/index.crates.io-1949cf8c6b5b557f/bevy_asset-0.19.0/sPath not found: original-ui/MagIcon2/54.png
10-01 14:44:33.678  3589  3614 I RustStdoutStderr: [2m2026-10-01T06:44:33.677283Z[0m [31mERROR[0m [2mbevy_asset::server[0m[2m:[0m Path not found: original-ui/MagIcon2/54.png
10-01 14:44:33.798  3589  3615 D EGL_emulation: app_time_stats: avg=254.51ms min=174.38ms max=368.09ms count=4
10-01 14:44:33.879  3589  3614 I RustStdoutStderr: [2m2026-10-01T06:44:33.878829Z[0m [31mERROR[0m [2mbevy_asset::server[0m[2m:[0m Path not found: original-ui/MagIcon/54.png
10-01 14:44:33.879  3589  3616 E event /Users/henryliu/.cargo/registry/src/index.crates.io-1949cf8c6b5b557f/bevy_asset-0.19.0/sPath not found: original-ui/MagIcon/54.png
10-01 14:44:33.899  3589  3616 E event /Users/henryliu/.cargo/registry/src/index.crates.io-1949cf8c6b5b557f/bevy_asset-0.19.0/sPath not found: original-ui/MagIcon2/54.png
10-01 14:44:33.901  3589  3614 I RustStdoutStderr: [2m2026-10-01T06:44:33.899118Z[0m [31mERROR[0m [2mbevy_asset::server[0m[2m:[0m Path not found: original-ui/MagIcon2/54.png
10-01 14:44:34.332  3589  3616 E event /Users/henryliu/.cargo/registry/src/index.crates.io-1949cf8c6b5b557f/bevy_asset-0.19.0/sPath not found: original-ui/MagIcon/54.png
10-01 14:44:34.333  3589  3614 I RustStdoutStderr: [2m2026-10-01T06:44:34.332779Z[0m [31mERROR[0m [2mbevy_asset::server[0m[2m:[0m Path not found: original-ui/MagIcon/54.png
10-01 14:44:34.404  3589  3616 E event /Users/henryliu/.cargo/registry/src/index.crates.io-1949cf8c6b5b557f/bevy_asset-0.19.0/sPath not found: original-ui/MagIcon2/54.png
10-01 14:44:34.407  3589  3614 I RustStdoutStderr: [2m2026-10-01T06:44:34.404724Z[0m [31mERROR[0m [2mbevy_asset::server[0m[2m:[0m Path not found: original-ui/MagIcon2/54.png
10-01 14:44:34.806  3589  3616 E event /Users/henryliu/.cargo/registry/src/index.crates.io-1949cf8c6b5b557f/bevy_asset-0.19.0/sPath not found: original-ui/MagIcon/54.png
10-01 14:44:34.809  3589  3614 I RustStdoutStderr: [2m2026-10-01T06:44:34.806151Z[0m [31mERROR[0m [2mbevy_asset::server[0m[2m:[0m Path not found: original-ui/MagIcon/54.png
10-01 14:44:34.889  3589  3616 E event /Users/henryliu/.cargo/registry/src/index.crates.io-1949cf8c6b5b557f/bevy_asset-0.19.0/sPath not found: original-ui/MagIcon2/54.png
10-01 14:44:34.891  3589  3614 I RustStdoutStderr: [2m2026-10-01T06:44:34.885524Z[0m [31mERROR[0m [2mbevy_asset::server[0m[2m:[0m Path not found: original-ui/MagIcon2/54.png
10-01 14:44:34.950  3589  3615 D EGL_emulation: app_time_stats: avg=383.95ms min=173.81ms max=618.83ms count=3
10-01 14:44:35.041  3589  3616 E event /Users/henryliu/.cargo/registry/src/index.crates.io-1949cf8c6b5b557f/bevy_asset-0.19.0/sPath not found: original-ui/MagIcon/54.png
10-01 14:44:35.041  3589  3614 I RustStdoutStderr: [2m2026-10-01T06:44:35.041185Z[0m [31mERROR[0m [2mbevy_asset::server[0m[2m:[0m Path not found: original-ui/MagIcon/54.png
10-01 14:44:35.126  3589  3616 E event /Users/henryliu/.cargo/registry/src/index.crates.io-1949cf8c6b5b557f/bevy_asset-0.19.0/sPath not found: original-ui/MagIcon2/54.png
10-01 14:44:35.126  3589  3614 I RustStdoutStderr: [2m2026-10-01T06:44:35.126267Z[0m [31mERROR[0m [2mbevy_asset::server[0m[2m:[0m Path not found: original-ui/MagIcon2/54.png
10-01 14:44:35.313  3589  3616 E event /Users/henryliu/.cargo/registry/src/index.crates.io-1949cf8c6b5b557f/bevy_asset-0.19.0/sPath not found: original-ui/MagIcon/54.png
10-01 14:44:35.313  3589  3614 I RustStdoutStderr: [2m2026-10-01T06:44:35.311900Z[0m [31mERROR[0m [2mbevy_asset::server[0m[2m:[0m Path not found: original-ui/MagIcon/54.png
10-01 14:44:35.411  3589  3616 E event /Users/henryliu/.cargo/registry/src/index.crates.io-1949cf8c6b5b557f/bevy_asset-0.19.0/sPath not found: original-ui/MagIcon2/54.png
10-01 14:44:35.417  3589  3614 I RustStdoutStderr: [2m2026-10-01T06:44:35.411754Z[0m [31mERROR[0m [2mbevy_asset::server[0m[2m:[0m Path not found: original-ui/MagIcon2/54.png
10-01 14:44:35.708  3589  3616 E event /Users/henryliu/.cargo/registry/src/index.crates.io-1949cf8c6b5b557f/bevy_asset-0.19.0/sPath not found: original-ui/MagIcon/54.png
10-01 14:44:35.708  3589  3614 I RustStdoutStderr: [2m2026-10-01T06:44:35.708544Z[0m [31mERROR[0m [2mbevy_asset::server[0m[2m:[0m Path not found: original-ui/MagIcon/54.png
10-01 14:44:35.730  3589  3614 I RustStdoutStderr: [2m2026-10-01T06:44:35.730227Z[0m [31mERROR[0m [2mbevy_asset::server[0m[2m:[0m Path not found: original-ui/MagIcon2/54.png
10-01 14:44:35.730  3589  3616 E event /Users/henryliu/.cargo/registry/src/index.crates.io-1949cf8c6b5b557f/bevy_asset-0.19.0/sPath not found: original-ui/MagIcon2/54.png
10-01 14:44:35.882  3589  3616 E event /Users/henryliu/.cargo/registry/src/index.crates.io-1949cf8c6b5b557f/bevy_asset-0.19.0/sPath not found: original-ui/MagIcon/54.png
10-01 14:44:35.882  3589  3614 I RustStdoutStderr: [2m2026-10-01T06:44:35.882179Z[0m [31mERROR[0m [2mbevy_asset::server[0m[2m:[0m Path not found: original-ui/MagIcon/54.png
10-01 14:44:35.898  3589  3616 E event /Users/henryliu/.cargo/registry/src/index.crates.io-1949cf8c6b5b557f/bevy_asset-0.19.0/sPath not found: original-ui/MagIcon2/54.png
10-01 14:44:35.900  3589  3614 I RustStdoutStderr: [2m2026-10-01T06:44:35.898833Z[0m [31mERROR[0m [2mbevy_asset::server[0m[2m:[0m Path not found: original-ui/MagIcon2/54.png
10-01 14:44:35.981  3589  3615 D EGL_emulation: app_time_stats: avg=257.55ms min=169.60ms max=458.75ms count=4
10-01 14:44:36.043  3589  3616 E event /Users/henryliu/.cargo/registry/src/index.crates.io-1949cf8c6b5b557f/bevy_asset-0.19.0/sPath not found: original-ui/MagIcon/54.png
10-01 14:44:36.044  3589  3614 I RustStdoutStderr: [2m2026-10-01T06:44:36.043668Z[0m [31mERROR[0m [2mbevy_asset::server[0m[2m:[0m Path not found: original-ui/MagIcon/54.png
10-01 14:44:36.076  3589  3616 E event /Users/henryliu/.cargo/registry/src/index.crates.io-1949cf8c6b5b557f/bevy_asset-0.19.0/sPath not found: original-ui/MagIcon2/54.png
10-01 14:44:36.089  3589  3614 I RustStdoutStderr: [2m2026-10-01T06:44:36.075986Z[0m [31mERROR[0m [2mbevy_asset::server[0m[2m:[0m Path not found: original-ui/MagIcon2/54.png
10-01 14:44:36.272  3589  3616 E event /Users/henryliu/.cargo/registry/src/index.crates.io-1949cf8c6b5b557f/bevy_asset-0.19.0/sPath not found: original-ui/MagIcon/54.png
10-01 14:44:36.273  3589  3614 I RustStdoutStderr: [2m2026-10-01T06:44:36.272888Z[0m [31mERROR[0m [2mbevy_asset::server[0m[2m:[0m Path not found: original-ui/MagIcon/54.png
10-01 14:44:36.289  3589  3616 E event /Users/henryliu/.cargo/registry/src/index.crates.io-1949cf8c6b5b557f/bevy_asset-0.19.0/sPath not found: original-ui/MagIcon2/54.png
10-01 14:44:36.293  3589  3614 I RustStdoutStderr: [2m2026-10-01T06:44:36.289167Z[0m [31mERROR[0m [2mbevy_asset::server[0m[2m:[0m Path not found: original-ui/MagIcon2/54.png
10-01 14:44:36.411  3589  3616 E event /Users/henryliu/.cargo/registry/src/index.crates.io-1949cf8c6b5b557f/bevy_asset-0.19.0/sPath not found: original-ui/MagIcon/54.png
10-01 14:44:36.412  3589  3614 I RustStdoutStderr: [2m2026-10-01T06:44:36.411323Z[0m [31mERROR[0m [2mbevy_asset::server[0m[2m:[0m Path not found: original-ui/MagIcon/54.png
10-01 14:44:36.428  3589  3616 E event /Users/henryliu/.cargo/registry/src/index.crates.io-1949cf8c6b5b557f/bevy_asset-0.19.0/sPath not found: original-ui/MagIcon2/54.png
10-01 14:44:36.429  3589  3614 I RustStdoutStderr: [2m2026-10-01T06:44:36.428730Z[0m [31mERROR[0m [2mbevy_asset::server[0m[2m:[0m Path not found: original-ui/MagIcon2/54.png
10-01 14:44:36.538  3589  3616 E event /Users/henryliu/.cargo/registry/src/index.crates.io-1949cf8c6b5b557f/bevy_asset-0.19.0/sPath not found: original-ui/MagIcon/54.png
10-01 14:44:36.538  3589  3614 I RustStdoutStderr: [2m2026-10-01T06:44:36.538236Z[0m [31mERROR[0m [2mbevy_asset::server[0m[2m:[0m Path not found: original-ui/MagIcon/54.png
10-01 14:44:36.551  3589  3616 E event /Users/henryliu/.cargo/registry/src/index.crates.io-1949cf8c6b5b557f/bevy_asset-0.19.0/sPath not found: original-ui/MagIcon2/54.png
10-01 14:44:36.552  3589  3614 I RustStdoutStderr: [2m2026-10-01T06:44:36.551925Z[0m [31mERROR[0m [2mbevy_asset::server[0m[2m:[0m Path not found: original-ui/MagIcon2/54.png
10-01 14:44:36.636  3589  3616 E event /Users/henryliu/.cargo/registry/src/index.crates.io-1949cf8c6b5b557f/bevy_asset-0.19.0/sPath not found: original-ui/MagIcon/54.png
10-01 14:44:36.637  3589  3614 I RustStdoutStderr: [2m2026-10-01T06:44:36.636277Z[0m [31mERROR[0m [2mbevy_asset::server[0m[2m:[0m Path not found: original-ui/MagIcon/54.png
10-01 14:44:36.649  3589  3616 E event /Users/henryliu/.cargo/registry/src/index.crates.io-1949cf8c6b5b557f/bevy_asset-0.19.0/sPath not found: original-ui/MagIcon2/54.png
10-01 14:44:36.649  3589  3614 I RustStdoutStderr: [2m2026-10-01T06:44:36.649259Z[0m [31mERROR[0m [2mbevy_asset::server[0m[2m:[0m Path not found: original-ui/MagIcon2/54.png
10-01 14:44:36.897  3589  3616 E event /Users/henryliu/.cargo/registry/src/index.crates.io-1949cf8c6b5b557f/bevy_asset-0.19.0/sPath not found: original-ui/MagIcon/54.png
10-01 14:44:36.901  3589  3614 I RustStdoutStderr: [2m2026-10-01T06:44:36.897686Z[0m [31mERROR[0m [2mbevy_asset::server[0m[2m:[0m Path not found: original-ui/MagIcon/54.png
10-01 14:44:36.933  3589  3614 I RustStdoutStderr: [2m2026-10-01T06:44:36.928444Z[0m [31mERROR[0m [2mbevy_asset::server[0m[2m:[0m Path not found: original-ui/MagIcon2/54.png
10-01 14:44:36.933  3589  3616 E event /Users/henryliu/.cargo/registry/src/index.crates.io-1949cf8c6b5b557f/bevy_asset-0.19.0/sPath not found: original-ui/MagIcon2/54.png
10-01 14:44:37.108  3589  3615 D EGL_emulation: app_time_stats: avg=187.80ms min=96.55ms max=297.83ms count=6
10-01 14:44:37.180  3589  3616 E event /Users/henryliu/.cargo/registry/src/index.crates.io-1949cf8c6b5b557f/bevy_asset-0.19.0/sPath not found: original-ui/MagIcon/54.png
10-01 14:44:37.181  3589  3614 I RustStdoutStderr: [2m2026-10-01T06:44:37.180641Z[0m [31mERROR[0m [2mbevy_asset::server[0m[2m:[0m Path not found: original-ui/MagIcon/54.png
10-01 14:44:37.231  3589  3616 E event /Users/henryliu/.cargo/registry/src/index.crates.io-1949cf8c6b5b557f/bevy_asset-0.19.0/sPath not found: original-ui/MagIcon2/54.png
10-01 14:44:37.232  3589  3614 I RustStdoutStderr: [2m2026-10-01T06:44:37.231103Z[0m [31mERROR[0m [2mbevy_asset::server[0m[2m:[0m Path not found: original-ui/MagIcon2/54.png
10-01 14:44:37.423  3589  3616 E event /Users/henryliu/.cargo/registry/src/index.crates.io-1949cf8c6b5b557f/bevy_asset-0.19.0/sPath not found: original-ui/MagIcon/54.png
10-01 14:44:37.426  3589  3614 I RustStdoutStderr: [2m2026-10-01T06:44:37.423817Z[0m [31mERROR[0m [2mbevy_asset::server[0m[2m:[0m Path not found: original-ui/MagIcon/54.png
10-01 14:44:37.448  3589  3616 E event /Users/henryliu/.cargo/registry/src/index.crates.io-1949cf8c6b5b557f/bevy_asset-0.19.0/sPath not found: original-ui/MagIcon2/54.png
10-01 14:44:37.450  3589  3614 I RustStdoutStderr: [2m2026-10-01T06:44:37.448591Z[0m [31mERROR[0m [2mbevy_asset::server[0m[2m:[0m Path not found: original-ui/MagIcon2/54.png
10-01 14:44:37.657  3589  3616 E event /Users/henryliu/.cargo/registry/src/index.crates.io-1949cf8c6b5b557f/bevy_asset-0.19.0/sPath not found: original-ui/MagIcon/54.png
10-01 14:44:37.659  3589  3614 I RustStdoutStderr: [2m2026-10-01T06:44:37.656713Z[0m [31mERROR[0m [2mbevy_asset::server[0m[2m:[0m Path not found: original-ui/MagIcon/54.png
10-01 14:44:37.675  3589  3616 E event /Users/henryliu/.cargo/registry/src/index.crates.io-1949cf8c6b5b557f/bevy_asset-0.19.0/sPath not found: original-ui/MagIcon2/54.png
10-01 14:44:37.680  3589  3614 I RustStdoutStderr: [2m2026-10-01T06:44:37.675554Z[0m [31mERROR[0m [2mbevy_asset::server[0m[2m:[0m Path not found: original-ui/MagIcon2/54.png
10-01 14:44:37.820  3589  3616 E event /Users/henryliu/.cargo/registry/src/index.crates.io-1949cf8c6b5b557f/bevy_asset-0.19.0/sPath not found: original-ui/MagIcon/54.png
10-01 14:44:37.823  3589  3614 I RustStdoutStderr: [2m2026-10-01T06:44:37.820500Z[0m [31mERROR[0m [2mbevy_asset::server[0m[2m:[0m Path not found: original-ui/MagIcon/54.png
10-01 14:44:37.846  3589  3616 E event /Users/henryliu/.cargo/registry/src/index.crates.io-1949cf8c6b5b557f/bevy_asset-0.19.0/sPath not found: original-ui/MagIcon2/54.png
10-01 14:44:37.847  3589  3614 I RustStdoutStderr: [2m2026-10-01T06:44:37.846651Z[0m [31mERROR[0m [2mbevy_asset::server[0m[2m:[0m Path not found: original-ui/MagIcon2/54.png
10-01 14:44:37.953  3589  3616 E event /Users/henryliu/.cargo/registry/src/index.crates.io-1949cf8c6b5b557f/bevy_asset-0.19.0/sPath not found: original-ui/MagIcon/54.png
10-01 14:44:37.959  3589  3614 I RustStdoutStderr: [2m2026-10-01T06:44:37.953174Z[0m [31mERROR[0m [2mbevy_asset::server[0m[2m:[0m Path not found: original-ui/MagIcon/54.png
10-01 14:44:37.987  3589  3616 E event /Users/henryliu/.cargo/registry/src/index.crates.io-1949cf8c6b5b557f/bevy_asset-0.19.0/sPath not found: original-ui/MagIcon2/54.png
10-01 14:44:37.988  3589  3614 I RustStdoutStderr: [2m2026-10-01T06:44:37.987690Z[0m [31mERROR[0m [2mbevy_asset::server[0m[2m:[0m Path not found: original-ui/MagIcon2/54.png
10-01 14:44:38.204  3589  3615 D EGL_emulation: app_time_stats: avg=219.11ms min=118.95ms max=317.52ms count=5
10-01 14:44:38.279  3589  3614 I RustStdoutStderr: [2m2026-10-01T06:44:38.279642Z[0m [31mERROR[0m [2mbevy_asset::server[0m[2m:[0m Path not found: original-ui/MagIcon/54.png
10-01 14:44:38.280  3589  3616 E event /Users/henryliu/.cargo/registry/src/index.crates.io-1949cf8c6b5b557f/bevy_asset-0.19.0/sPath not found: original-ui/MagIcon/54.png
10-01 14:44:38.370  3589  3616 E event /Users/henryliu/.cargo/registry/src/index.crates.io-1949cf8c6b5b557f/bevy_asset-0.19.0/sPath not found: original-ui/MagIcon2/54.png
10-01 14:44:38.371  3589  3614 I RustStdoutStderr: [2m2026-10-01T06:44:38.370570Z[0m [31mERROR[0m [2mbevy_asset::server[0m[2m:[0m Path not found: original-ui/MagIcon2/54.png
10-01 14:44:38.716  3589  3614 I RustStdoutStderr: [2m2026-10-01T06:44:38.716801Z[0m [31mERROR[0m [2mbevy_asset::server[0m[2m:[0m Path not found: original-ui/MagIcon/54.png
10-01 14:44:38.717  3589  3616 E event /Users/henryliu/.cargo/registry/src/index.crates.io-1949cf8c6b5b557f/bevy_asset-0.19.0/sPath not found: original-ui/MagIcon/54.png
10-01 14:44:38.829  3589  3616 E event /Users/henryliu/.cargo/registry/src/index.crates.io-1949cf8c6b5b557f/bevy_asset-0.19.0/sPath not found: original-ui/MagIcon2/54.png
10-01 14:44:38.829  3589  3614 I RustStdoutStderr: [2m2026-10-01T06:44:38.829478Z[0m [31mERROR[0m [2mbevy_asset::server[0m[2m:[0m Path not found: original-ui/MagIcon2/54.png
10-01 14:44:39.605  3589  3614 I RustStdoutStderr: [2m2026-10-01T06:44:39.604902Z[0m [31mERROR[0m [2mbevy_asset::server[0m[2m:[0m Path not found: original-ui/MagIcon/54.png
10-01 14:44:39.605  3589  3616 E event /Users/henryliu/.cargo/registry/src/index.crates.io-1949cf8c6b5b557f/bevy_asset-0.19.0/sPath not found: original-ui/MagIcon/54.png
10-01 14:44:39.697  3589  3616 E event /Users/henryliu/.cargo/registry/src/index.crates.io-1949cf8c6b5b557f/bevy_asset-0.19.0/sPath not found: original-ui/MagIcon2/54.png
10-01 14:44:39.697  3589  3614 I RustStdoutStderr: [2m2026-10-01T06:44:39.697471Z[0m [31mERROR[0m [2mbevy_asset::server[0m[2m:[0m Path not found: original-ui/MagIcon2/54.png
10-01 14:44:40.085  3589  3615 D EGL_emulation: app_time_stats: avg=626.89ms min=416.41ms max=945.53ms count=3
10-01 14:44:40.274  3589  3614 I RustStdoutStderr: [2m2026-10-01T06:44:40.274103Z[0m [31mERROR[0m [2mbevy_asset::server[0m[2m:[0m Path not found: original-ui/MagIcon/54.png
10-01 14:44:40.274  3589  3616 E event /Users/henryliu/.cargo/registry/src/index.crates.io-1949cf8c6b5b557f/bevy_asset-0.19.0/sPath not found: original-ui/MagIcon/54.png
10-01 14:44:40.326  3589  3614 I RustStdoutStderr: [2m2026-10-01T06:44:40.326653Z[0m [31mERROR[0m [2mbevy_asset::server[0m[2m:[0m Path not found: original-ui/MagIcon2/54.png
10-01 14:44:40.327  3589  3616 E event /Users/henryliu/.cargo/registry/src/index.crates.io-1949cf8c6b5b557f/bevy_asset-0.19.0/sPath not found: original-ui/MagIcon2/54.png
10-01 14:44:40.550  3589  3616 E event /Users/henryliu/.cargo/registry/src/index.crates.io-1949cf8c6b5b557f/bevy_asset-0.19.0/sPath not found: original-ui/MagIcon/54.png
10-01 14:44:40.560  3589  3614 I RustStdoutStderr: [2m2026-10-01T06:44:40.550507Z[0m [31mERROR[0m [2mbevy_asset::server[0m[2m:[0m Path not found: original-ui/MagIcon/54.png
10-01 14:44:40.595  3589  3616 E event /Users/henryliu/.cargo/registry/src/index.crates.io-1949cf8c6b5b557f/bevy_asset-0.19.0/sPath not found: original-ui/MagIcon2/54.png
10-01 14:44:40.598  3589  3614 I RustStdoutStderr: [2m2026-10-01T06:44:40.595009Z[0m [31mERROR[0m [2mbevy_asset::server[0m[2m:[0m Path not found: original-ui/MagIcon2/54.png
10-01 14:44:41.030  3589  3616 E event /Users/henryliu/.cargo/registry/src/index.crates.io-1949cf8c6b5b557f/bevy_asset-0.19.0/sPath not found: original-ui/MagIcon/54.png
10-01 14:44:41.033  3589  3614 I RustStdoutStderr: [2m2026-10-01T06:44:41.027606Z[0m [31mERROR[0m [2mbevy_asset::server[0m[2m:[0m Path not found: original-ui/MagIcon/54.png
10-01 14:44:41.210  3589  3616 E event /Users/henryliu/.cargo/registry/src/index.crates.io-1949cf8c6b5b557f/bevy_asset-0.19.0/sPath not found: original-ui/MagIcon2/54.png
10-01 14:44:41.210  3589  3614 I RustStdoutStderr: [2m2026-10-01T06:44:41.210020Z[0m [31mERROR[0m [2mbevy_asset::server[0m[2m:[0m Path not found: original-ui/MagIcon2/54.png
10-01 14:44:41.395  3589  3615 D EGL_emulation: app_time_stats: avg=436.60ms min=347.76ms max=604.81ms count=3
10-01 14:44:41.442  3589  3616 E event /Users/henryliu/.cargo/registry/src/index.crates.io-1949cf8c6b5b557f/bevy_asset-0.19.0/sPath not found: original-ui/MagIcon/54.png
10-01 14:44:41.442  3589  3614 I RustStdoutStderr: [2m2026-10-01T06:44:41.442346Z[0m [31mERROR[0m [2mbevy_asset::server[0m[2m:[0m Path not found: original-ui/MagIcon/54.png
10-01 14:44:41.466  3589  3616 E event /Users/henryliu/.cargo/registry/src/index.crates.io-1949cf8c6b5b557f/bevy_asset-0.19.0/sPath not found: original-ui/MagIcon2/54.png
10-01 14:44:41.466  3589  3614 I RustStdoutStderr: [2m2026-10-01T06:44:41.466032Z[0m [31mERROR[0m [2mbevy_asset::server[0m[2m:[0m Path not found: original-ui/MagIcon2/54.png
10-01 14:44:41.839  3589  3616 E event /Users/henryliu/.cargo/registry/src/index.crates.io-1949cf8c6b5b557f/bevy_asset-0.19.0/sPath not found: original-ui/MagIcon/54.png
10-01 14:44:41.840  3589  3614 I RustStdoutStderr: [2m2026-10-01T06:44:41.837049Z[0m [31mERROR[0m [2mbevy_asset::server[0m[2m:[0m Path not found: original-ui/MagIcon/54.png
