original-mining	Set up job	﻿2026-10-06T18:23:34.2600137Z Current runner version: '2.337.0'
original-mining	Set up job	2026-10-06T18:23:34.2630743Z ##[group]Runner Image Provisioner
original-mining	Set up job	2026-10-06T18:23:34.2632140Z Hosted Compute Agent
original-mining	Set up job	2026-10-06T18:23:34.2632850Z Version: 20261002.596
original-mining	Set up job	2026-10-06T18:23:34.2633814Z Commit: c3d12f3313a95f25162a1503be624f3b0617f8c0
original-mining	Set up job	2026-10-06T18:23:34.2634711Z Build Date: 2026-10-02T22:28:27Z
original-mining	Set up job	2026-10-06T18:23:34.2635582Z Worker ID: {c1f63985-620c-4a69-8c90-412ace67a67c}
original-mining	Set up job	2026-10-06T18:23:34.2636524Z Region: eastus
original-mining	Set up job	2026-10-06T18:23:34.2637180Z Cloud: Azure
original-mining	Set up job	2026-10-06T18:23:34.2637824Z ##[endgroup]
original-mining	Set up job	2026-10-06T18:23:34.2639484Z ##[group]Operating System
original-mining	Set up job	2026-10-06T18:23:34.2640249Z Ubuntu
original-mining	Set up job	2026-10-06T18:23:34.2640992Z 24.04.5
original-mining	Set up job	2026-10-06T18:23:34.2641594Z LTS
original-mining	Set up job	2026-10-06T18:23:34.2642256Z ##[endgroup]
original-mining	Set up job	2026-10-06T18:23:34.2642911Z ##[group]Runner Image
original-mining	Set up job	2026-10-06T18:23:34.2643766Z Image: ubuntu-24.04
original-mining	Set up job	2026-10-06T18:23:34.2644961Z Version: 20261004.327.1
original-mining	Set up job	2026-10-06T18:23:34.2646290Z Included Software: https://github.com/actions/runner-images/blob/ubuntu24/20261004.327/images/ubuntu/Ubuntu2404-Readme.md
original-mining	Set up job	2026-10-06T18:23:34.2648521Z Image Release: https://github.com/actions/runner-images/releases/tag/ubuntu24%2F20261004.327
original-mining	Set up job	2026-10-06T18:23:34.2649835Z ##[endgroup]
original-mining	Set up job	2026-10-06T18:23:34.2651148Z ##[group]GITHUB_TOKEN Permissions
original-mining	Set up job	2026-10-06T18:23:34.2653728Z Contents: read
original-mining	Set up job	2026-10-06T18:23:34.2654455Z Metadata: read
original-mining	Set up job	2026-10-06T18:23:34.2655121Z ##[endgroup]
original-mining	Set up job	2026-10-06T18:23:34.2657656Z Secret source: Actions
original-mining	Set up job	2026-10-06T18:23:34.2658841Z Cache mode: write
original-mining	Set up job	2026-10-06T18:23:34.2659929Z Prepare workflow directory
original-mining	Set up job	2026-10-06T18:23:34.3089804Z Prepare all required actions
original-mining	Set up job	2026-10-06T18:23:34.3146463Z Getting action download info
original-mining	Set up job	2026-10-06T18:23:34.4906424Z Download action repository 'actions/checkout@3d3c42e5aac5ba805825da76410c181273ba90b1' (SHA:3d3c42e5aac5ba805825da76410c181273ba90b1)
original-mining	Set up job	2026-10-06T18:23:34.6394514Z Complete job name: original-mining
original-mining	Checkout exact source and original fixtures	﻿2026-10-06T18:23:34.7187646Z ##[group]Run actions/checkout@3d3c42e5aac5ba805825da76410c181273ba90b1
original-mining	Checkout exact source and original fixtures	2026-10-06T18:23:34.7188485Z with:
original-mining	Checkout exact source and original fixtures	2026-10-06T18:23:34.7188873Z   persist-credentials: false
original-mining	Checkout exact source and original fixtures	2026-10-06T18:23:34.7189290Z   repository: Zombieliu/mir2
original-mining	Checkout exact source and original fixtures	2026-10-06T18:23:34.7192325Z   token: ***
original-mining	Checkout exact source and original fixtures	2026-10-06T18:23:34.7192679Z   ssh-strict: true
original-mining	Checkout exact source and original fixtures	2026-10-06T18:23:34.7193041Z   ssh-user: git
original-mining	Checkout exact source and original fixtures	2026-10-06T18:23:34.7193384Z   clean: true
original-mining	Checkout exact source and original fixtures	2026-10-06T18:23:34.7193945Z   sparse-checkout-cone-mode: true
original-mining	Checkout exact source and original fixtures	2026-10-06T18:23:34.7194374Z   fetch-depth: 1
original-mining	Checkout exact source and original fixtures	2026-10-06T18:23:34.7194731Z   fetch-tags: false
original-mining	Checkout exact source and original fixtures	2026-10-06T18:23:34.7195089Z   show-progress: true
original-mining	Checkout exact source and original fixtures	2026-10-06T18:23:34.7195448Z   lfs: false
original-mining	Checkout exact source and original fixtures	2026-10-06T18:23:34.7195783Z   submodules: false
original-mining	Checkout exact source and original fixtures	2026-10-06T18:23:34.7196153Z   set-safe-directory: true
original-mining	Checkout exact source and original fixtures	2026-10-06T18:23:34.7196561Z   allow-unsafe-pr-checkout: false
original-mining	Checkout exact source and original fixtures	2026-10-06T18:23:34.7197135Z env:
original-mining	Checkout exact source and original fixtures	2026-10-06T18:23:34.7197465Z   CARGO_BUILD_JOBS: 2
original-mining	Checkout exact source and original fixtures	2026-10-06T18:23:34.7197831Z ##[endgroup]
original-mining	Checkout exact source and original fixtures	2026-10-06T18:23:34.8091055Z Syncing repository: Zombieliu/mir2
original-mining	Checkout exact source and original fixtures	2026-10-06T18:23:34.8093398Z ##[group]Getting Git version info
original-mining	Checkout exact source and original fixtures	2026-10-06T18:23:34.8094363Z Working directory is '/home/runner/work/mir2/mir2'
original-mining	Checkout exact source and original fixtures	2026-10-06T18:23:34.8095641Z [command]/usr/bin/git version
original-mining	Checkout exact source and original fixtures	2026-10-06T18:23:34.8136795Z git version 2.55.0
original-mining	Checkout exact source and original fixtures	2026-10-06T18:23:34.8154233Z ##[endgroup]
original-mining	Checkout exact source and original fixtures	2026-10-06T18:23:34.8165915Z Temporarily overriding HOME='/home/runner/work/_temp/b3d0b49f-1cbc-410e-b5b7-5cf408816c55' before making global git config changes
original-mining	Checkout exact source and original fixtures	2026-10-06T18:23:34.8167677Z Adding repository directory to the temporary git global config as a safe directory
original-mining	Checkout exact source and original fixtures	2026-10-06T18:23:34.8180065Z [command]/usr/bin/git config --global --add safe.directory /home/runner/work/mir2/mir2
original-mining	Checkout exact source and original fixtures	2026-10-06T18:23:34.8218798Z Deleting the contents of '/home/runner/work/mir2/mir2'
original-mining	Checkout exact source and original fixtures	2026-10-06T18:23:34.8222194Z ##[group]Determining repository object format
original-mining	Checkout exact source and original fixtures	2026-10-06T18:23:34.8223662Z ##[endgroup]
original-mining	Checkout exact source and original fixtures	2026-10-06T18:23:34.8224456Z ##[group]Initializing the repository
original-mining	Checkout exact source and original fixtures	2026-10-06T18:23:34.8228069Z [command]/usr/bin/git init /home/runner/work/mir2/mir2
original-mining	Checkout exact source and original fixtures	2026-10-06T18:23:34.8383451Z hint: Using 'master' as the name for the initial branch. This default branch name
original-mining	Checkout exact source and original fixtures	2026-10-06T18:23:34.8386871Z hint: will change to "main" in Git 3.0. To configure the initial branch name
original-mining	Checkout exact source and original fixtures	2026-10-06T18:23:34.8388394Z hint: to use in all of your new repositories, which will suppress this warning,
original-mining	Checkout exact source and original fixtures	2026-10-06T18:23:34.8389364Z hint: call:
original-mining	Checkout exact source and original fixtures	2026-10-06T18:23:34.8389858Z hint:
original-mining	Checkout exact source and original fixtures	2026-10-06T18:23:34.8390453Z hint: 	git config --global init.defaultBranch <name>
original-mining	Checkout exact source and original fixtures	2026-10-06T18:23:34.8390963Z hint:
original-mining	Checkout exact source and original fixtures	2026-10-06T18:23:34.8391439Z hint: Names commonly chosen instead of 'master' are 'main', 'trunk' and
original-mining	Checkout exact source and original fixtures	2026-10-06T18:23:34.8392650Z hint: 'development'. The just-created branch can be renamed via this command:
original-mining	Checkout exact source and original fixtures	2026-10-06T18:23:34.8393780Z hint:
original-mining	Checkout exact source and original fixtures	2026-10-06T18:23:34.8394289Z hint: 	git branch -m <name>
original-mining	Checkout exact source and original fixtures	2026-10-06T18:23:34.8394865Z hint:
original-mining	Checkout exact source and original fixtures	2026-10-06T18:23:34.8395635Z hint: Disable this message with "git config set advice.defaultBranchName false"
original-mining	Checkout exact source and original fixtures	2026-10-06T18:23:34.8396828Z Initialized empty Git repository in /home/runner/work/mir2/mir2/.git/
original-mining	Checkout exact source and original fixtures	2026-10-06T18:23:34.8398831Z [command]/usr/bin/git remote add origin https://github.com/Zombieliu/mir2
original-mining	Checkout exact source and original fixtures	2026-10-06T18:23:34.8432398Z ##[endgroup]
original-mining	Checkout exact source and original fixtures	2026-10-06T18:23:34.8433050Z ##[group]Disabling automatic garbage collection
original-mining	Checkout exact source and original fixtures	2026-10-06T18:23:34.8437841Z [command]/usr/bin/git config --local gc.auto 0
original-mining	Checkout exact source and original fixtures	2026-10-06T18:23:34.8469848Z ##[endgroup]
original-mining	Checkout exact source and original fixtures	2026-10-06T18:23:34.8471018Z ##[group]Setting up auth
original-mining	Checkout exact source and original fixtures	2026-10-06T18:23:34.8471579Z Removing SSH command configuration
original-mining	Checkout exact source and original fixtures	2026-10-06T18:23:34.8475733Z [command]/usr/bin/git config --local --name-only --get-regexp core\.sshCommand
original-mining	Checkout exact source and original fixtures	2026-10-06T18:23:34.8509311Z [command]/usr/bin/git submodule foreach --recursive sh -c "git config --local --name-only --get-regexp 'core\.sshCommand' && git config --local --unset-all 'core.sshCommand' || :"
original-mining	Checkout exact source and original fixtures	2026-10-06T18:23:34.8807077Z Removing HTTP extra header
original-mining	Checkout exact source and original fixtures	2026-10-06T18:23:34.8812115Z [command]/usr/bin/git config --local --name-only --get-regexp http\.https\:\/\/github\.com\/\.extraheader
original-mining	Checkout exact source and original fixtures	2026-10-06T18:23:34.8843341Z [command]/usr/bin/git submodule foreach --recursive sh -c "git config --local --name-only --get-regexp 'http\.https\:\/\/github\.com\/\.extraheader' && git config --local --unset-all 'http.https://github.com/.extraheader' || :"
original-mining	Checkout exact source and original fixtures	2026-10-06T18:23:34.9034887Z Removing includeIf entries pointing to credentials config files
original-mining	Checkout exact source and original fixtures	2026-10-06T18:23:34.9040487Z [command]/usr/bin/git config --local --name-only --get-regexp ^includeIf\.gitdir:
original-mining	Checkout exact source and original fixtures	2026-10-06T18:23:34.9073480Z [command]/usr/bin/git submodule foreach --recursive git config --local --show-origin --name-only --get-regexp remote.origin.url
original-mining	Checkout exact source and original fixtures	2026-10-06T18:23:34.9269242Z [command]/usr/bin/git config --file /home/runner/work/_temp/git-credentials-890d4ce7-913d-4434-8e4f-2a9442990f27.config http.https://github.com/.extraheader AUTHORIZATION: basic ***
original-mining	Checkout exact source and original fixtures	2026-10-06T18:23:34.9304855Z [command]/usr/bin/git config --local includeIf.gitdir:/home/runner/work/mir2/mir2/.git.path /home/runner/work/_temp/git-credentials-890d4ce7-913d-4434-8e4f-2a9442990f27.config
original-mining	Checkout exact source and original fixtures	2026-10-06T18:23:34.9334660Z [command]/usr/bin/git config --local includeIf.gitdir:/home/runner/work/mir2/mir2/.git/worktrees/*.path /home/runner/work/_temp/git-credentials-890d4ce7-913d-4434-8e4f-2a9442990f27.config
original-mining	Checkout exact source and original fixtures	2026-10-06T18:23:34.9366307Z [command]/usr/bin/git config --local includeIf.gitdir:/github/workspace/.git.path /github/runner_temp/git-credentials-890d4ce7-913d-4434-8e4f-2a9442990f27.config
original-mining	Checkout exact source and original fixtures	2026-10-06T18:23:34.9397593Z [command]/usr/bin/git config --local includeIf.gitdir:/github/workspace/.git/worktrees/*.path /github/runner_temp/git-credentials-890d4ce7-913d-4434-8e4f-2a9442990f27.config
original-mining	Checkout exact source and original fixtures	2026-10-06T18:23:34.9424679Z ##[endgroup]
original-mining	Checkout exact source and original fixtures	2026-10-06T18:23:34.9425297Z ##[group]Fetching the repository
original-mining	Checkout exact source and original fixtures	2026-10-06T18:23:34.9431686Z [command]/usr/bin/git -c protocol.version=2 fetch --no-tags --prune --no-recurse-submodules --depth=1 origin +e397fdc90404b13e827aa4e5dc89078421d9851a:refs/remotes/origin/codex/classic-gameplay-resume-20261006
original-mining	Checkout exact source and original fixtures	2026-10-06T18:23:59.9229092Z From https://github.com/Zombieliu/mir2
original-mining	Checkout exact source and original fixtures	2026-10-06T18:23:59.9230285Z  * [new ref]             e397fdc90404b13e827aa4e5dc89078421d9851a -> origin/codex/classic-gameplay-resume-20261006
original-mining	Checkout exact source and original fixtures	2026-10-06T18:23:59.9237159Z [command]/usr/bin/git branch --list --remote origin/codex/classic-gameplay-resume-20261006
original-mining	Checkout exact source and original fixtures	2026-10-06T18:23:59.9265121Z   origin/codex/classic-gameplay-resume-20261006
original-mining	Checkout exact source and original fixtures	2026-10-06T18:23:59.9271357Z [command]/usr/bin/git rev-parse refs/remotes/origin/codex/classic-gameplay-resume-20261006
original-mining	Checkout exact source and original fixtures	2026-10-06T18:23:59.9294691Z e397fdc90404b13e827aa4e5dc89078421d9851a
original-mining	Checkout exact source and original fixtures	2026-10-06T18:23:59.9297761Z ##[endgroup]
original-mining	Checkout exact source and original fixtures	2026-10-06T18:23:59.9298272Z ##[group]Determining the checkout info
original-mining	Checkout exact source and original fixtures	2026-10-06T18:23:59.9298743Z ##[endgroup]
original-mining	Checkout exact source and original fixtures	2026-10-06T18:23:59.9303205Z [command]/usr/bin/git sparse-checkout disable
original-mining	Checkout exact source and original fixtures	2026-10-06T18:23:59.9349722Z [command]/usr/bin/git config --local --unset-all extensions.worktreeConfig
original-mining	Checkout exact source and original fixtures	2026-10-06T18:23:59.9379832Z ##[group]Checking out the ref
original-mining	Checkout exact source and original fixtures	2026-10-06T18:23:59.9383874Z [command]/usr/bin/git checkout --progress --force -B codex/classic-gameplay-resume-20261006 refs/remotes/origin/codex/classic-gameplay-resume-20261006
original-mining	Checkout exact source and original fixtures	2026-10-06T18:24:01.0403221Z Updating files:  10% (12578/125125)
original-mining	Checkout exact source and original fixtures	2026-10-06T18:24:01.0915854Z Updating files:  11% (13764/125125)
original-mining	Checkout exact source and original fixtures	2026-10-06T18:24:01.1428449Z Updating files:  12% (15015/125125)
original-mining	Checkout exact source and original fixtures	2026-10-06T18:24:01.1930657Z Updating files:  13% (16267/125125)
original-mining	Checkout exact source and original fixtures	2026-10-06T18:24:01.2381067Z Updating files:  14% (17518/125125)
original-mining	Checkout exact source and original fixtures	2026-10-06T18:24:01.2878023Z Updating files:  15% (18769/125125)
original-mining	Checkout exact source and original fixtures	2026-10-06T18:24:01.3437247Z Updating files:  16% (20020/125125)
original-mining	Checkout exact source and original fixtures	2026-10-06T18:24:01.3922479Z Updating files:  17% (21272/125125)
original-mining	Checkout exact source and original fixtures	2026-10-06T18:24:01.4421392Z Updating files:  18% (22523/125125)
original-mining	Checkout exact source and original fixtures	2026-10-06T18:24:01.4894757Z Updating files:  19% (23774/125125)
original-mining	Checkout exact source and original fixtures	2026-10-06T18:24:01.5326501Z Updating files:  20% (25025/125125)
original-mining	Checkout exact source and original fixtures	2026-10-06T18:24:01.5770495Z Updating files:  21% (26277/125125)
original-mining	Checkout exact source and original fixtures	2026-10-06T18:24:01.6204951Z Updating files:  22% (27528/125125)
original-mining	Checkout exact source and original fixtures	2026-10-06T18:24:01.6629100Z Updating files:  23% (28779/125125)
original-mining	Checkout exact source and original fixtures	2026-10-06T18:24:01.7064652Z Updating files:  24% (30030/125125)
original-mining	Checkout exact source and original fixtures	2026-10-06T18:24:01.7487282Z Updating files:  25% (31282/125125)
original-mining	Checkout exact source and original fixtures	2026-10-06T18:24:01.7928070Z Updating files:  26% (32533/125125)
original-mining	Checkout exact source and original fixtures	2026-10-06T18:24:01.8387196Z Updating files:  27% (33784/125125)
original-mining	Checkout exact source and original fixtures	2026-10-06T18:24:01.8841957Z Updating files:  28% (35035/125125)
original-mining	Checkout exact source and original fixtures	2026-10-06T18:24:01.9268316Z Updating files:  29% (36287/125125)
original-mining	Checkout exact source and original fixtures	2026-10-06T18:24:01.9727236Z Updating files:  30% (37538/125125)
original-mining	Checkout exact source and original fixtures	2026-10-06T18:24:01.9959519Z Updating files:  31% (38789/125125)
original-mining	Checkout exact source and original fixtures	2026-10-06T18:24:02.0175979Z Updating files:  31% (39426/125125)
original-mining	Checkout exact source and original fixtures	2026-10-06T18:24:02.0622702Z Updating files:  32% (40040/125125)
original-mining	Checkout exact source and original fixtures	2026-10-06T18:24:02.1086934Z Updating files:  33% (41292/125125)
original-mining	Checkout exact source and original fixtures	2026-10-06T18:24:02.1531641Z Updating files:  34% (42543/125125)
original-mining	Checkout exact source and original fixtures	2026-10-06T18:24:02.1989143Z Updating files:  35% (43794/125125)
original-mining	Checkout exact source and original fixtures	2026-10-06T18:24:02.2421786Z Updating files:  36% (45045/125125)
original-mining	Checkout exact source and original fixtures	2026-10-06T18:24:02.2877978Z Updating files:  37% (46297/125125)
original-mining	Checkout exact source and original fixtures	2026-10-06T18:24:02.3337289Z Updating files:  38% (47548/125125)
original-mining	Checkout exact source and original fixtures	2026-10-06T18:24:02.3782034Z Updating files:  39% (48799/125125)
original-mining	Checkout exact source and original fixtures	2026-10-06T18:24:02.4228401Z Updating files:  40% (50050/125125)
original-mining	Checkout exact source and original fixtures	2026-10-06T18:24:02.4715848Z Updating files:  41% (51302/125125)
original-mining	Checkout exact source and original fixtures	2026-10-06T18:24:02.5169566Z Updating files:  42% (52553/125125)
original-mining	Checkout exact source and original fixtures	2026-10-06T18:24:02.5626000Z Updating files:  43% (53804/125125)
original-mining	Checkout exact source and original fixtures	2026-10-06T18:24:02.6047001Z Updating files:  44% (55055/125125)
original-mining	Checkout exact source and original fixtures	2026-10-06T18:24:02.6469591Z Updating files:  45% (56307/125125)
original-mining	Checkout exact source and original fixtures	2026-10-06T18:24:02.6919509Z Updating files:  46% (57558/125125)
original-mining	Checkout exact source and original fixtures	2026-10-06T18:24:02.7344442Z Updating files:  47% (58809/125125)
original-mining	Checkout exact source and original fixtures	2026-10-06T18:24:02.7779985Z Updating files:  48% (60060/125125)
original-mining	Checkout exact source and original fixtures	2026-10-06T18:24:02.8216927Z Updating files:  49% (61312/125125)
original-mining	Checkout exact source and original fixtures	2026-10-06T18:24:02.8649439Z Updating files:  50% (62563/125125)
original-mining	Checkout exact source and original fixtures	2026-10-06T18:24:02.9096459Z Updating files:  51% (63814/125125)
original-mining	Checkout exact source and original fixtures	2026-10-06T18:24:02.9538167Z Updating files:  52% (65065/125125)
original-mining	Checkout exact source and original fixtures	2026-10-06T18:24:02.9959536Z Updating files:  53% (66317/125125)
original-mining	Checkout exact source and original fixtures	2026-10-06T18:24:02.9967944Z Updating files:  53% (67539/125125)
original-mining	Checkout exact source and original fixtures	2026-10-06T18:24:03.0418643Z Updating files:  54% (67568/125125)
original-mining	Checkout exact source and original fixtures	2026-10-06T18:24:03.0850567Z Updating files:  55% (68819/125125)
original-mining	Checkout exact source and original fixtures	2026-10-06T18:24:03.1278474Z Updating files:  56% (70070/125125)
original-mining	Checkout exact source and original fixtures	2026-10-06T18:24:03.5560726Z Updating files:  57% (71322/125125)
original-mining	Checkout exact source and original fixtures	2026-10-06T18:24:03.5999909Z Updating files:  58% (72573/125125)
original-mining	Checkout exact source and original fixtures	2026-10-06T18:24:03.6435562Z Updating files:  59% (73824/125125)
original-mining	Checkout exact source and original fixtures	2026-10-06T18:24:03.6872097Z Updating files:  60% (75075/125125)
original-mining	Checkout exact source and original fixtures	2026-10-06T18:24:03.7299098Z Updating files:  61% (76327/125125)
original-mining	Checkout exact source and original fixtures	2026-10-06T18:24:03.7737749Z Updating files:  62% (77578/125125)
original-mining	Checkout exact source and original fixtures	2026-10-06T18:24:03.8553112Z Updating files:  63% (78829/125125)
original-mining	Checkout exact source and original fixtures	2026-10-06T18:24:03.9001461Z Updating files:  64% (80080/125125)
original-mining	Checkout exact source and original fixtures	2026-10-06T18:24:03.9438615Z Updating files:  65% (81332/125125)
original-mining	Checkout exact source and original fixtures	2026-10-06T18:24:03.9888849Z Updating files:  66% (82583/125125)
original-mining	Checkout exact source and original fixtures	2026-10-06T18:24:03.9958223Z Updating files:  67% (83834/125125)
original-mining	Checkout exact source and original fixtures	2026-10-06T18:24:04.0492455Z Updating files:  67% (84048/125125)
original-mining	Checkout exact source and original fixtures	2026-10-06T18:24:04.1106159Z Updating files:  68% (85085/125125)
original-mining	Checkout exact source and original fixtures	2026-10-06T18:24:04.1494461Z Updating files:  69% (86337/125125)
original-mining	Checkout exact source and original fixtures	2026-10-06T18:24:04.1921699Z Updating files:  70% (87588/125125)
original-mining	Checkout exact source and original fixtures	2026-10-06T18:24:04.2411561Z Updating files:  71% (88839/125125)
original-mining	Checkout exact source and original fixtures	2026-10-06T18:24:04.2821582Z Updating files:  72% (90090/125125)
original-mining	Checkout exact source and original fixtures	2026-10-06T18:24:04.3245373Z Updating files:  73% (91342/125125)
original-mining	Checkout exact source and original fixtures	2026-10-06T18:24:04.3660674Z Updating files:  74% (92593/125125)
original-mining	Checkout exact source and original fixtures	2026-10-06T18:24:04.4076012Z Updating files:  75% (93844/125125)
original-mining	Checkout exact source and original fixtures	2026-10-06T18:24:04.4476861Z Updating files:  76% (95095/125125)
original-mining	Checkout exact source and original fixtures	2026-10-06T18:24:04.4911935Z Updating files:  77% (96347/125125)
original-mining	Checkout exact source and original fixtures	2026-10-06T18:24:04.5378457Z Updating files:  78% (97598/125125)
original-mining	Checkout exact source and original fixtures	2026-10-06T18:24:04.5830544Z Updating files:  79% (98849/125125)
original-mining	Checkout exact source and original fixtures	2026-10-06T18:24:04.6235062Z Updating files:  80% (100100/125125)
original-mining	Checkout exact source and original fixtures	2026-10-06T18:24:04.6686789Z Updating files:  81% (101352/125125)
original-mining	Checkout exact source and original fixtures	2026-10-06T18:24:04.7084173Z Updating files:  82% (102603/125125)
original-mining	Checkout exact source and original fixtures	2026-10-06T18:24:04.7493908Z Updating files:  83% (103854/125125)
original-mining	Checkout exact source and original fixtures	2026-10-06T18:24:04.7916577Z Updating files:  84% (105105/125125)
original-mining	Checkout exact source and original fixtures	2026-10-06T18:24:04.8340372Z Updating files:  85% (106357/125125)
original-mining	Checkout exact source and original fixtures	2026-10-06T18:24:04.8736667Z Updating files:  86% (107608/125125)
original-mining	Checkout exact source and original fixtures	2026-10-06T18:24:04.9161866Z Updating files:  87% (108859/125125)
original-mining	Checkout exact source and original fixtures	2026-10-06T18:24:04.9618187Z Updating files:  88% (110110/125125)
original-mining	Checkout exact source and original fixtures	2026-10-06T18:24:04.9959421Z Updating files:  89% (111362/125125)
original-mining	Checkout exact source and original fixtures	2026-10-06T18:24:05.0042857Z Updating files:  89% (112367/125125)
original-mining	Checkout exact source and original fixtures	2026-10-06T18:24:05.0709890Z Updating files:  90% (112613/125125)
original-mining	Checkout exact source and original fixtures	2026-10-06T18:24:05.1089209Z Updating files:  91% (113864/125125)
original-mining	Checkout exact source and original fixtures	2026-10-06T18:24:05.1503292Z Updating files:  92% (115115/125125)
original-mining	Checkout exact source and original fixtures	2026-10-06T18:24:05.1901241Z Updating files:  93% (116367/125125)
original-mining	Checkout exact source and original fixtures	2026-10-06T18:24:05.2310089Z Updating files:  94% (117618/125125)
original-mining	Checkout exact source and original fixtures	2026-10-06T18:24:05.2915326Z Updating files:  95% (118869/125125)
original-mining	Checkout exact source and original fixtures	2026-10-06T18:24:05.4368337Z Updating files:  96% (120120/125125)
original-mining	Checkout exact source and original fixtures	2026-10-06T18:24:05.6320452Z Updating files:  97% (121372/125125)
original-mining	Checkout exact source and original fixtures	2026-10-06T18:24:05.9960276Z Updating files:  98% (122623/125125)
original-mining	Checkout exact source and original fixtures	2026-10-06T18:24:06.0258774Z Updating files:  98% (123769/125125)
original-mining	Checkout exact source and original fixtures	2026-10-06T18:24:06.2934854Z Updating files:  99% (123874/125125)
original-mining	Checkout exact source and original fixtures	2026-10-06T18:24:06.2935262Z Updating files: 100% (125125/125125)
original-mining	Checkout exact source and original fixtures	2026-10-06T18:24:06.2935504Z Updating files: 100% (125125/125125), done.
original-mining	Checkout exact source and original fixtures	2026-10-06T18:24:06.3745649Z Switched to a new branch 'codex/classic-gameplay-resume-20261006'
original-mining	Checkout exact source and original fixtures	2026-10-06T18:24:06.3764417Z branch 'codex/classic-gameplay-resume-20261006' set up to track 'origin/codex/classic-gameplay-resume-20261006'.
original-mining	Checkout exact source and original fixtures	2026-10-06T18:24:06.3877650Z ##[endgroup]
original-mining	Checkout exact source and original fixtures	2026-10-06T18:24:06.3920448Z [command]/usr/bin/git log -1 --format=%H
original-mining	Checkout exact source and original fixtures	2026-10-06T18:24:06.3947576Z e397fdc90404b13e827aa4e5dc89078421d9851a
original-mining	Checkout exact source and original fixtures	2026-10-06T18:24:06.3958388Z ##[group]Removing auth
original-mining	Checkout exact source and original fixtures	2026-10-06T18:24:06.3958717Z Removing SSH command configuration
original-mining	Checkout exact source and original fixtures	2026-10-06T18:24:06.3960205Z [command]/usr/bin/git config --local --name-only --get-regexp core\.sshCommand
original-mining	Checkout exact source and original fixtures	2026-10-06T18:24:06.3990411Z [command]/usr/bin/git submodule foreach --recursive sh -c "git config --local --name-only --get-regexp 'core\.sshCommand' && git config --local --unset-all 'core.sshCommand' || :"
original-mining	Checkout exact source and original fixtures	2026-10-06T18:24:06.4253045Z Removing HTTP extra header
original-mining	Checkout exact source and original fixtures	2026-10-06T18:24:06.4256367Z [command]/usr/bin/git config --local --name-only --get-regexp http\.https\:\/\/github\.com\/\.extraheader
original-mining	Checkout exact source and original fixtures	2026-10-06T18:24:06.4292709Z [command]/usr/bin/git submodule foreach --recursive sh -c "git config --local --name-only --get-regexp 'http\.https\:\/\/github\.com\/\.extraheader' && git config --local --unset-all 'http.https://github.com/.extraheader' || :"
original-mining	Checkout exact source and original fixtures	2026-10-06T18:24:06.4552350Z Removing includeIf entries pointing to credentials config files
original-mining	Checkout exact source and original fixtures	2026-10-06T18:24:06.4560702Z [command]/usr/bin/git config --local --name-only --get-regexp ^includeIf\.gitdir:
original-mining	Checkout exact source and original fixtures	2026-10-06T18:24:06.4589141Z includeif.gitdir:/home/runner/work/mir2/mir2/.git.path
original-mining	Checkout exact source and original fixtures	2026-10-06T18:24:06.4589666Z includeif.gitdir:/home/runner/work/mir2/mir2/.git/worktrees/*.path
original-mining	Checkout exact source and original fixtures	2026-10-06T18:24:06.4590014Z includeif.gitdir:/github/workspace/.git.path
original-mining	Checkout exact source and original fixtures	2026-10-06T18:24:06.4590308Z includeif.gitdir:/github/workspace/.git/worktrees/*.path
original-mining	Checkout exact source and original fixtures	2026-10-06T18:24:06.4595978Z [command]/usr/bin/git config --local --get-all includeif.gitdir:/home/runner/work/mir2/mir2/.git.path
original-mining	Checkout exact source and original fixtures	2026-10-06T18:24:06.4620456Z /home/runner/work/_temp/git-credentials-890d4ce7-913d-4434-8e4f-2a9442990f27.config
original-mining	Checkout exact source and original fixtures	2026-10-06T18:24:06.4628376Z [command]/usr/bin/git config --local --unset includeif.gitdir:/home/runner/work/mir2/mir2/.git.path \/home\/runner\/work\/_temp\/git\-credentials\-890d4ce7\-913d\-4434\-8e4f\-2a9442990f27\.config
original-mining	Checkout exact source and original fixtures	2026-10-06T18:24:06.4664655Z [command]/usr/bin/git config --local --get-all includeif.gitdir:/home/runner/work/mir2/mir2/.git/worktrees/*.path
original-mining	Checkout exact source and original fixtures	2026-10-06T18:24:06.4689891Z /home/runner/work/_temp/git-credentials-890d4ce7-913d-4434-8e4f-2a9442990f27.config
original-mining	Checkout exact source and original fixtures	2026-10-06T18:24:06.4696735Z [command]/usr/bin/git config --local --unset includeif.gitdir:/home/runner/work/mir2/mir2/.git/worktrees/*.path \/home\/runner\/work\/_temp\/git\-credentials\-890d4ce7\-913d\-4434\-8e4f\-2a9442990f27\.config
original-mining	Checkout exact source and original fixtures	2026-10-06T18:24:06.4727605Z [command]/usr/bin/git config --local --get-all includeif.gitdir:/github/workspace/.git.path
original-mining	Checkout exact source and original fixtures	2026-10-06T18:24:06.4750326Z /github/runner_temp/git-credentials-890d4ce7-913d-4434-8e4f-2a9442990f27.config
original-mining	Checkout exact source and original fixtures	2026-10-06T18:24:06.4756169Z [command]/usr/bin/git config --local --unset includeif.gitdir:/github/workspace/.git.path \/github\/runner_temp\/git\-credentials\-890d4ce7\-913d\-4434\-8e4f\-2a9442990f27\.config
original-mining	Checkout exact source and original fixtures	2026-10-06T18:24:06.4786365Z [command]/usr/bin/git config --local --get-all includeif.gitdir:/github/workspace/.git/worktrees/*.path
original-mining	Checkout exact source and original fixtures	2026-10-06T18:24:06.4808461Z /github/runner_temp/git-credentials-890d4ce7-913d-4434-8e4f-2a9442990f27.config
original-mining	Checkout exact source and original fixtures	2026-10-06T18:24:06.4814764Z [command]/usr/bin/git config --local --unset includeif.gitdir:/github/workspace/.git/worktrees/*.path \/github\/runner_temp\/git\-credentials\-890d4ce7\-913d\-4434\-8e4f\-2a9442990f27\.config
original-mining	Checkout exact source and original fixtures	2026-10-06T18:24:06.4845991Z [command]/usr/bin/git submodule foreach --recursive git config --local --show-origin --name-only --get-regexp remote.origin.url
original-mining	Checkout exact source and original fixtures	2026-10-06T18:24:06.5093980Z Removing credentials config '/home/runner/work/_temp/git-credentials-890d4ce7-913d-4434-8e4f-2a9442990f27.config'
original-mining	Checkout exact source and original fixtures	2026-10-06T18:24:06.5103224Z ##[endgroup]
original-mining	Install Rust	﻿2026-10-06T18:24:06.5270254Z ##[group]Run rustup toolchain install 1.89.0 --profile minimal
original-mining	Install Rust	2026-10-06T18:24:06.5270701Z ^[[36;1mrustup toolchain install 1.89.0 --profile minimal^[[0m
original-mining	Install Rust	2026-10-06T18:24:06.5474612Z shell: /usr/bin/bash -e {0}
original-mining	Install Rust	2026-10-06T18:24:06.5474847Z env:
original-mining	Install Rust	2026-10-06T18:24:06.5475017Z   CARGO_BUILD_JOBS: 2
original-mining	Install Rust	2026-10-06T18:24:06.5475200Z ##[endgroup]
original-mining	Install Rust	2026-10-06T18:24:06.5947117Z info: syncing channel updates for 1.89.0-x86_64-unknown-linux-gnu
original-mining	Install Rust	2026-10-06T18:24:06.8115820Z info: latest update on 2025-08-07 for version 1.89.0 (29483883e 2025-08-04)
original-mining	Install Rust	2026-10-06T18:24:06.8116245Z info: downloading 3 components
original-mining	Install Rust	2026-10-06T18:24:13.1553215Z 
original-mining	Install Rust	2026-10-06T18:24:13.1623064Z   1.89.0-x86_64-unknown-linux-gnu installed - rustc 1.89.0 (29483883e 2025-08-04)
original-mining	Install Rust	2026-10-06T18:24:13.1623895Z 
original-mining	Source tables and content scope	﻿2026-10-06T18:24:13.1702953Z ##[group]Run cargo +1.89.0 test --locked -p mir2-game-data -- --test-threads=1
original-mining	Source tables and content scope	2026-10-06T18:24:13.1703925Z ^[[36;1mcargo +1.89.0 test --locked -p mir2-game-data -- --test-threads=1^[[0m
original-mining	Source tables and content scope	2026-10-06T18:24:13.1761940Z shell: /usr/bin/bash -e {0}
original-mining	Source tables and content scope	2026-10-06T18:24:13.1762162Z env:
original-mining	Source tables and content scope	2026-10-06T18:24:13.1762323Z   CARGO_BUILD_JOBS: 2
original-mining	Source tables and content scope	2026-10-06T18:24:13.1762503Z ##[endgroup]
original-mining	Source tables and content scope	2026-10-06T18:24:13.2282461Z     Updating crates.io index
original-mining	Source tables and content scope	2026-10-06T18:24:13.2284849Z     Updating git repository `https://github.com/commonwarexyz/monorepo.git`
original-mining	Source tables and content scope	2026-10-06T18:24:16.9465503Z  Downloading crates ...
original-mining	Source tables and content scope	2026-10-06T18:24:16.9850377Z   Downloaded quote v1.0.45
original-mining	Source tables and content scope	2026-10-06T18:24:16.9877768Z   Downloaded zmij v1.0.21
original-mining	Source tables and content scope	2026-10-06T18:24:16.9893355Z   Downloaded proc-macro2 v1.0.106
original-mining	Source tables and content scope	2026-10-06T18:24:16.9920303Z   Downloaded serde_core v1.0.228
original-mining	Source tables and content scope	2026-10-06T18:24:16.9944711Z   Downloaded unicode-ident v1.0.24
original-mining	Source tables and content scope	2026-10-06T18:24:16.9967574Z   Downloaded serde_derive v1.0.228
original-mining	Source tables and content scope	2026-10-06T18:24:16.9993998Z   Downloaded itoa v1.0.18
original-mining	Source tables and content scope	2026-10-06T18:24:17.0006360Z   Downloaded memchr v2.8.0
original-mining	Source tables and content scope	2026-10-06T18:24:17.0051570Z   Downloaded serde v1.0.228
original-mining	Source tables and content scope	2026-10-06T18:24:17.0187201Z   Downloaded serde_json v1.0.149
original-mining	Source tables and content scope	2026-10-06T18:24:17.0326859Z   Downloaded syn v2.0.117
original-mining	Source tables and content scope	2026-10-06T18:24:17.2834171Z    Compiling proc-macro2 v1.0.106
original-mining	Source tables and content scope	2026-10-06T18:24:17.2834641Z    Compiling unicode-ident v1.0.24
original-mining	Source tables and content scope	2026-10-06T18:24:17.3200104Z    Compiling quote v1.0.45
original-mining	Source tables and content scope	2026-10-06T18:24:17.5144983Z    Compiling serde_core v1.0.228
original-mining	Source tables and content scope	2026-10-06T18:24:17.9659261Z    Compiling syn v2.0.117
original-mining	Source tables and content scope	2026-10-06T18:24:18.8101412Z    Compiling serde v1.0.228
original-mining	Source tables and content scope	2026-10-06T18:24:18.9500649Z    Compiling zmij v1.0.21
original-mining	Source tables and content scope	2026-10-06T18:24:19.1054640Z    Compiling serde_json v1.0.149
original-mining	Source tables and content scope	2026-10-06T18:24:19.2394639Z    Compiling serde_derive v1.0.228
original-mining	Source tables and content scope	2026-10-06T18:24:19.3535370Z    Compiling itoa v1.0.18
original-mining	Source tables and content scope	2026-10-06T18:24:19.4252300Z    Compiling memchr v2.8.0
original-mining	Source tables and content scope	2026-10-06T18:24:21.0903195Z    Compiling mir2-protocol v0.1.0 (/home/runner/work/mir2/mir2/mir2-web3/packages/protocol)
original-mining	Source tables and content scope	2026-10-06T18:24:23.7675820Z    Compiling mir2-game-data v0.1.0 (/home/runner/work/mir2/mir2/mir2-web3/packages/game-data)
original-mining	Source tables and content scope	2026-10-06T18:24:33.1229175Z     Finished `test` profile [unoptimized + debuginfo] target(s) in 19.93s
original-mining	Source tables and content scope	2026-10-06T18:24:33.2391863Z      Running unittests src/lib.rs (target/debug/deps/mir2_game_data-b4eccf333cd7f3bd)
original-mining	Source tables and content scope	2026-10-06T18:24:33.2408802Z 
original-mining	Source tables and content scope	2026-10-06T18:24:33.2409021Z running 62 tests
original-mining	Source tables and content scope	2026-10-06T18:24:33.2418491Z test crystal_creature_settings::tests::creature_drop_rate_matches_current_source ... ok
original-mining	Source tables and content scope	2026-10-06T18:24:33.2419018Z test crystal_creature_settings::tests::creature_drop_rate_rejects_invalid_f32_values ... ok
original-mining	Source tables and content scope	2026-10-06T18:24:33.2419502Z test crystal_guild_settings::tests::guild_buff_catalog_is_complete_unique_and_server_owned ... ok
original-mining	Source tables and content scope	2026-10-06T18:24:33.2419994Z test crystal_guild_settings::tests::guild_settings_preserve_source_costs_and_int64_threshold ... ok
original-mining	Source tables and content scope	2026-10-06T18:24:33.2423053Z test crystal_hero_settings::tests::hero_base_formulas_use_original_class_stats_and_max_rule ... ok
original-mining	Source tables and content scope	2026-10-06T18:24:33.2430338Z test crystal_hero_settings::tests::hero_rules_match_original_creation_item_and_luck_configuration ... ok
original-mining	Source tables and content scope	2026-10-06T18:24:33.2436367Z test crystal_hero_settings::tests::hero_settings_import_five_classes_and_int64_experience_without_rounding ... ok
original-mining	Source tables and content scope	2026-10-06T18:24:33.2445876Z test crystal_hero_settings::tests::hero_settings_reject_invalid_class_formula_and_experience ... ok
original-mining	Source tables and content scope	2026-10-06T18:24:33.2773239Z test crystal_item_image::tests::complete_catalogue_only_changes_the_three_source_stack_shapes ... ok
original-mining	Source tables and content scope	2026-10-06T18:24:33.2798945Z test crystal_item_image::tests::every_wire_count_matches_the_source_image_bands ... ok
original-mining	Source tables and content scope	2026-10-06T18:24:33.2805825Z test crystal_item_image::tests::guards_and_non_stack_previews_retain_the_catalogue_image ... ok
original-mining	Source tables and content scope	2026-10-06T18:24:33.2822183Z test crystal_mining::tests::classic_profile_carries_all_admitted_mines_and_original_minerals ... ok
original-mining	Source tables and content scope	2026-10-06T18:24:33.2825143Z test crystal_mining::tests::mineral_name_repair_uses_only_the_original_item_identities ... ok
original-mining	Source tables and content scope	2026-10-06T18:24:33.2826460Z test crystal_mining::tests::original_mining_metadata_matches_database_and_legal_mines ... ok
original-mining	Source tables and content scope	2026-10-06T18:24:33.2827292Z test crystal_mining::tests::overlapping_mine_rectangles_use_last_source_override_and_exclusive_edges ... ok
original-mining	Source tables and content scope	2026-10-06T18:24:33.4918498Z test manifest_lookup_tests::item_and_monster_lookups_preserve_first_match_and_ascii_case ... ok
original-mining	Source tables and content scope	2026-10-06T18:24:33.4919265Z test manifest_lookup_tests::manifest_lookup_benchmark ... ignored, explicit before/after timing; run release with --ignored --nocapture --test-threads=1
original-mining	Source tables and content scope	2026-10-06T18:24:34.4085359Z test manifest_lookup_tests::other_lookups_preserve_order_and_original_case_rules ... ok
original-mining	Source tables and content scope	2026-10-06T18:24:34.5081840Z test manifest_lookup_tests::owned_manifests_and_lookup_results_do_not_mutate_shared_catalogues ... ok
original-mining	Source tables and content scope	2026-10-06T18:24:41.2252173Z test manifest_lookup_tests::real_item_selection_matches_old_algorithm_for_all_catalogue_origins ... ok
original-mining	Source tables and content scope	2026-10-06T18:24:41.2253049Z test manifest_lookup_tests::real_item_selection_preserves_ties_filters_and_origin_fallback ... ok
original-mining	Source tables and content scope	2026-10-06T18:24:41.2261300Z test periodic_quests::tests::every_supported_band_has_five_slots_and_only_experience_gold_rewards ... ok
original-mining	Source tables and content scope	2026-10-06T18:24:41.2273787Z test periodic_quests::tests::invalid_periodic_slot_objective_and_duplicate_npc_are_rejected ... ok
original-mining	Source tables and content scope	2026-10-06T18:24:41.3465504Z test periodic_quests::tests::periodic_additions_do_not_reuse_imported_npc_quest_ids_or_tiles ... ok
original-mining	Source tables and content scope	2026-10-06T18:24:41.3478999Z test periodic_quests::tests::periodic_hunts_reference_existing_profile_monsters_and_respawns ... ok
original-mining	Source tables and content scope	2026-10-06T18:24:41.3479698Z test tests::crystal_base_stats_packet_manifest_loads ... ok
original-mining	Source tables and content scope	2026-10-06T18:24:41.3488070Z test tests::crystal_buff_manifest_loads ... ok
original-mining	Source tables and content scope	2026-10-06T18:24:41.3488583Z test tests::crystal_drop_entry_deserializes_group_shape ... ok
original-mining	Source tables and content scope	2026-10-06T18:24:41.3489138Z test tests::crystal_drop_lookup_preserves_special_entry_shapes ... ok
original-mining	Source tables and content scope	2026-10-06T18:24:41.3758771Z test tests::crystal_drop_manifest_loads ... ok
original-mining	Source tables and content scope	2026-10-06T18:24:41.3778135Z test tests::crystal_game_shop_packet_manifest_loads ... ok
original-mining	Source tables and content scope	2026-10-06T18:24:41.3779046Z test tests::crystal_guild_buff_packet_manifest_loads ... ok
original-mining	Source tables and content scope	2026-10-06T18:24:41.3783888Z test tests::crystal_item_manifest_loads ... ok
original-mining	Source tables and content scope	2026-10-06T18:24:41.3786472Z test tests::crystal_magic_manifest_contains_only_unique_enabled_spells ... ok
original-mining	Source tables and content scope	2026-10-06T18:24:41.3787685Z test tests::crystal_magic_manifest_loads ... ok
original-mining	Source tables and content scope	2026-10-06T18:24:41.3815462Z test tests::crystal_monster_ai_summary_classifies_manifest_families ... ok
original-mining	Source tables and content scope	2026-10-06T18:24:41.3817098Z test tests::crystal_monster_drop_path_resolves_imported_drop_table ... ok
original-mining	Source tables and content scope	2026-10-06T18:24:41.3818845Z test tests::crystal_monster_manifest_loads ... ok
original-mining	Source tables and content scope	2026-10-06T18:24:41.3830494Z test tests::crystal_npc_command_summary_classifies_runtime_coverage ... ok
original-mining	Source tables and content scope	2026-10-06T18:24:41.3832419Z test tests::crystal_npc_info_manifest_loads ... ok
original-mining	Source tables and content scope	2026-10-06T18:24:41.3900778Z test tests::crystal_npc_manifest_loads ... ok
original-mining	Source tables and content scope	2026-10-06T18:24:41.3917227Z test tests::crystal_quest_packet_manifest_loads ... ok
original-mining	Source tables and content scope	2026-10-06T18:24:41.3917770Z test tests::crystal_random_item_stats_manifest_loads ... ok
original-mining	Source tables and content scope	2026-10-06T18:24:41.3919519Z test tests::crystal_real_item_selection_matches_class_and_level_variants ... ok
original-mining	Source tables and content scope	2026-10-06T18:24:41.3934292Z test tests::crystal_recipe_packet_manifest_loads ... ok
original-mining	Source tables and content scope	2026-10-06T18:24:41.3941423Z test tests::crystal_recipes_decode_every_payload ... ok
original-mining	Source tables and content scope	2026-10-06T18:24:41.3942507Z test tests::crystal_recipes_decode_per_ingredient_counts ... ok
original-mining	Source tables and content scope	2026-10-06T18:24:41.3968416Z test tests::crystal_respawn_manifest_loads ... ok
original-mining	Source tables and content scope	2026-10-06T18:24:41.3983019Z test tests::crystal_starter_region_respawns_include_expected_monsters ... ok
original-mining	Source tables and content scope	2026-10-06T18:24:41.4202505Z test tests::localization_bundle_loads ... ok
original-mining	Source tables and content scope	2026-10-06T18:24:41.4203398Z test tests::localization_formatter_replaces_placeholders ... ok
original-mining	Source tables and content scope	2026-10-06T18:24:41.4204221Z test tests::localization_lookup_uses_selected_language ... ok
original-mining	Source tables and content scope	2026-10-06T18:24:41.4205817Z test tests::monster_accuracy_preserves_source_stat_and_legacy_manifest_compatibility ... ok
original-mining	Source tables and content scope	2026-10-06T18:24:41.4214075Z test tests::platinum_176_exposes_every_source_three_class_book_through_level_50 ... ok
original-mining	Source tables and content scope	2026-10-06T18:24:41.6540177Z test tests::platinum_176_prajna_island_requires_the_visible_round_trip_sailor_scripts ... ok
original-mining	Source tables and content scope	2026-10-06T18:24:41.6541292Z test tests::platinum_176_profile_bundle_matches_the_compiled_profile ... ok
original-mining	Source tables and content scope	2026-10-06T18:24:41.9268685Z test tests::platinum_176_profile_is_reference_complete_and_has_a_1_to_50_curve ... ok
original-mining	Source tables and content scope	2026-10-06T18:24:41.9269467Z test tests::portuguese_language_is_wired ... ok
original-mining	Source tables and content scope	2026-10-06T18:24:41.9270339Z test tests::starter_map_collision_loads ... ok
original-mining	Source tables and content scope	2026-10-06T18:24:41.9275604Z test tests::starter_runtime_data_maps_into_crystal_manifests ... ok
original-mining	Source tables and content scope	2026-10-06T18:24:41.9277865Z test tests::starter_scene_loads ... ok
original-mining	Source tables and content scope	2026-10-06T18:24:41.9278716Z test tests::starter_server_data_loads ... ok
original-mining	Source tables and content scope	2026-10-06T18:24:41.9279027Z 
original-mining	Source tables and content scope	2026-10-06T18:24:41.9279338Z test result: ok. 61 passed; 0 failed; 1 ignored; 0 measured; 0 filtered out; finished in 8.69s
original-mining	Source tables and content scope	2026-10-06T18:24:41.9279837Z 
original-mining	Source tables and content scope	2026-10-06T18:24:41.9320717Z      Running tests/classic_native_resource_scope.rs (target/debug/deps/classic_native_resource_scope-e628c7d4111217e6)
original-mining	Source tables and content scope	2026-10-06T18:24:41.9344825Z 
original-mining	Source tables and content scope	2026-10-06T18:24:41.9345009Z running 5 tests
original-mining	Source tables and content scope	2026-10-06T18:24:42.4224968Z test another_unreachable_runtime_branch_still_fails ... ok
original-mining	Source tables and content scope	2026-10-06T18:24:42.6590542Z test classic_runtime_has_208_maps_and_the_209th_room_is_resource_only ... ok
original-mining	Source tables and content scope	2026-10-06T18:24:42.7203865Z test metadata_and_summary_are_defaulted_for_older_json_consumers ... ok
original-mining	Source tables and content scope	2026-10-06T18:24:43.3060213Z test only_the_canonical_named_resource_room_is_allowed ... ok
original-mining	Source tables and content scope	2026-10-06T18:24:43.5354098Z test resource_only_room_does_not_bypass_the_original_runtime_reachability_error ... ok
original-mining	Source tables and content scope	2026-10-06T18:24:43.5354572Z 
original-mining	Source tables and content scope	2026-10-06T18:24:43.5354872Z test result: ok. 5 passed; 0 failed; 0 ignored; 0 measured; 0 filtered out; finished in 1.60s
original-mining	Source tables and content scope	2026-10-06T18:24:43.5355260Z 
original-mining	Source tables and content scope	2026-10-06T18:24:43.5375106Z      Running tests/platinum_176_content_loop.rs (target/debug/deps/platinum_176_content_loop-0600b9cfd2d3fc98)
original-mining	Source tables and content scope	2026-10-06T18:24:43.5408372Z 
original-mining	Source tables and content scope	2026-10-06T18:24:43.5408531Z running 3 tests
original-mining	Source tables and content scope	2026-10-06T18:24:44.1062323Z test platinum_176_levels_22_to_35_have_core_skills_gear_and_boss_sources ... ok
original-mining	Source tables and content scope	2026-10-06T18:24:44.1305900Z test platinum_176_levels_36_to_50_have_endgame_boss_and_equipment_sources ... ok
original-mining	Source tables and content scope	2026-10-06T18:24:44.3001493Z test platinum_176_levels_8_to_21_have_a_complete_natural_product_loop ... ok
original-mining	Source tables and content scope	2026-10-06T18:24:44.3001825Z 
original-mining	Source tables and content scope	2026-10-06T18:24:44.3002026Z test result: ok. 3 passed; 0 failed; 0 ignored; 0 measured; 0 filtered out; finished in 0.76s
original-mining	Source tables and content scope	2026-10-06T18:24:44.3002293Z 
original-mining	Source tables and content scope	2026-10-06T18:24:44.3038344Z    Doc-tests mir2_game_data
original-mining	Source tables and content scope	2026-10-06T18:24:44.9937473Z 
original-mining	Source tables and content scope	2026-10-06T18:24:44.9938037Z running 0 tests
original-mining	Source tables and content scope	2026-10-06T18:24:44.9938201Z 
original-mining	Source tables and content scope	2026-10-06T18:24:44.9938443Z test result: ok. 0 passed; 0 failed; 0 ignored; 0 measured; 0 filtered out; finished in 0.00s
original-mining	Source tables and content scope	2026-10-06T18:24:44.9938734Z 
original-mining	Shared wall rules and checkpoint compatibility	﻿2026-10-06T18:24:45.0137786Z ##[group]Run cargo +1.89.0 test --locked -p mir2-simulation mining -- --test-threads=1
original-mining	Shared wall rules and checkpoint compatibility	2026-10-06T18:24:45.0138270Z ^[[36;1mcargo +1.89.0 test --locked -p mir2-simulation mining -- --test-threads=1^[[0m
original-mining	Shared wall rules and checkpoint compatibility	2026-10-06T18:24:45.0193434Z shell: /usr/bin/bash -e {0}
original-mining	Shared wall rules and checkpoint compatibility	2026-10-06T18:24:45.0193814Z env:
original-mining	Shared wall rules and checkpoint compatibility	2026-10-06T18:24:45.0193978Z   CARGO_BUILD_JOBS: 2
original-mining	Shared wall rules and checkpoint compatibility	2026-10-06T18:24:45.0194157Z ##[endgroup]
original-mining	Shared wall rules and checkpoint compatibility	2026-10-06T18:24:45.1987181Z  Downloading crates ...
original-mining	Shared wall rules and checkpoint compatibility	2026-10-06T18:24:45.4279540Z   Downloaded adler2 v2.0.1
original-mining	Shared wall rules and checkpoint compatibility	2026-10-06T18:24:45.4299492Z   Downloaded atomic-waker v1.1.2
original-mining	Shared wall rules and checkpoint compatibility	2026-10-06T18:24:45.4322541Z   Downloaded rand_core v0.6.4
original-mining	Shared wall rules and checkpoint compatibility	2026-10-06T18:24:45.4344777Z   Downloaded phf v0.13.1
original-mining	Shared wall rules and checkpoint compatibility	2026-10-06T18:24:45.4408757Z   Downloaded ctrlc v3.5.2
original-mining	Shared wall rules and checkpoint compatibility	2026-10-06T18:24:45.4438796Z   Downloaded bevy_utils v0.17.3
original-mining	Shared wall rules and checkpoint compatibility	2026-10-06T18:24:45.4457768Z   Downloaded pin-project-lite v0.2.17
original-mining	Shared wall rules and checkpoint compatibility	2026-10-06T18:24:45.4516496Z   Downloaded phf_shared v0.13.1
original-mining	Shared wall rules and checkpoint compatibility	2026-10-06T18:24:45.4531117Z   Downloaded toml_datetime v0.7.5+spec-1.1.0
original-mining	Shared wall rules and checkpoint compatibility	2026-10-06T18:24:45.4550039Z   Downloaded event-listener-strategy v0.5.4
original-mining	Shared wall rules and checkpoint compatibility	2026-10-06T18:24:45.4567228Z   Downloaded percent-encoding v2.3.2
original-mining	Shared wall rules and checkpoint compatibility	2026-10-06T18:24:45.4577266Z   Downloaded futures-lite v2.6.1
original-mining	Shared wall rules and checkpoint compatibility	2026-10-06T18:24:45.4604048Z   Downloaded postgres-protocol v0.6.11
original-mining	Shared wall rules and checkpoint compatibility	2026-10-06T18:24:45.4632201Z   Downloaded portable-atomic v1.13.1
original-mining	Shared wall rules and checkpoint compatibility	2026-10-06T18:24:45.4707369Z   Downloaded tokio-postgres v0.7.17
original-mining	Shared wall rules and checkpoint compatibility	2026-10-06T18:24:45.4765867Z   Downloaded tinyvec_macros v0.1.1
original-mining	Shared wall rules and checkpoint compatibility	2026-10-06T18:24:45.4786103Z   Downloaded simd-adler32 v0.3.9
original-mining	Shared wall rules and checkpoint compatibility	2026-10-06T18:24:45.4818155Z   Downloaded subtle v2.6.1
original-mining	Shared wall rules and checkpoint compatibility	2026-10-06T18:24:45.4840008Z   Downloaded variadics_please v1.1.0
original-mining	Shared wall rules and checkpoint compatibility	2026-10-06T18:24:45.4864087Z   Downloaded thread_local v1.1.9
original-mining	Shared wall rules and checkpoint compatibility	2026-10-06T18:24:45.4885057Z   Downloaded stringprep v0.1.5
original-mining	Shared wall rules and checkpoint compatibility	2026-10-06T18:24:45.4904217Z   Downloaded tinyvec v1.11.0
original-mining	Shared wall rules and checkpoint compatibility	2026-10-06T18:24:45.4931953Z   Downloaded spin v0.10.0
original-mining	Shared wall rules and checkpoint compatibility	2026-10-06T18:24:45.4957909Z   Downloaded semver v1.0.28
original-mining	Shared wall rules and checkpoint compatibility	2026-10-06T18:24:45.4983252Z   Downloaded wgpu-types v26.0.0
original-mining	Shared wall rules and checkpoint compatibility	2026-10-06T18:24:45.5007070Z   Downloaded typenum v1.19.0
original-mining	Shared wall rules and checkpoint compatibility	2026-10-06T18:24:45.5034510Z   Downloaded bevy_reflect v0.17.3
original-mining	Shared wall rules and checkpoint compatibility	2026-10-06T18:24:45.5134143Z   Downloaded winnow v0.7.15
original-mining	Shared wall rules and checkpoint compatibility	2026-10-06T18:24:45.5216559Z   Downloaded glam v0.30.10
original-mining	Shared wall rules and checkpoint compatibility	2026-10-06T18:24:45.5437026Z   Downloaded toml_edit v0.23.10+spec-1.0.0
original-mining	Shared wall rules and checkpoint compatibility	2026-10-06T18:24:45.5471922Z   Downloaded sha2 v0.11.0
original-mining	Shared wall rules and checkpoint compatibility	2026-10-06T18:24:45.5505340Z   Downloaded unicode-normalization v0.1.25
original-mining	Shared wall rules and checkpoint compatibility	2026-10-06T18:24:45.5535975Z   Downloaded toml_parser v1.1.2+spec-1.1.0
original-mining	Shared wall rules and checkpoint compatibility	2026-10-06T18:24:45.5559693Z   Downloaded smallvec v1.15.1
original-mining	Shared wall rules and checkpoint compatibility	2026-10-06T18:24:45.5579149Z   Downloaded rand_core v0.10.1
original-mining	Shared wall rules and checkpoint compatibility	2026-10-06T18:24:45.5594596Z   Downloaded erased-serde v0.4.10
original-mining	Shared wall rules and checkpoint compatibility	2026-10-06T18:24:45.5616563Z   Downloaded unicode-xid v0.2.6
original-mining	Shared wall rules and checkpoint compatibility	2026-10-06T18:24:45.5628891Z   Downloaded unicode-segmentation v1.13.2
original-mining	Shared wall rules and checkpoint compatibility	2026-10-06T18:24:45.5655767Z   Downloaded libc v0.2.185
original-mining	Shared wall rules and checkpoint compatibility	2026-10-06T18:24:45.5986681Z   Downloaded unicode-bidi v0.3.18
original-mining	Shared wall rules and checkpoint compatibility	2026-10-06T18:24:45.6008663Z   Downloaded block-buffer v0.10.4
original-mining	Shared wall rules and checkpoint compatibility	2026-10-06T18:24:45.6018696Z   Downloaded tokio-util v0.7.18
original-mining	Shared wall rules and checkpoint compatibility	2026-10-06T18:24:45.6084219Z   Downloaded rand v0.10.1
original-mining	Shared wall rules and checkpoint compatibility	2026-10-06T18:24:45.6117290Z   Downloaded flate2 v1.1.9
original-mining	Shared wall rules and checkpoint compatibility	2026-10-06T18:24:45.6159741Z   Downloaded derive_more v2.1.1
original-mining	Shared wall rules and checkpoint compatibility	2026-10-06T18:24:45.6268945Z   Downloaded cpufeatures v0.3.0
original-mining	Shared wall rules and checkpoint compatibility	2026-10-06T18:24:45.6282609Z   Downloaded siphasher v1.0.2
original-mining	Shared wall rules and checkpoint compatibility	2026-10-06T18:24:45.6294344Z   Downloaded version_check v0.9.5
original-mining	Shared wall rules and checkpoint compatibility	2026-10-06T18:24:45.6305694Z   Downloaded tokio v1.52.0
original-mining	Shared wall rules and checkpoint compatibility	2026-10-06T18:24:45.6677176Z   Downloaded typeid v1.0.3
original-mining	Shared wall rules and checkpoint compatibility	2026-10-06T18:24:45.6687751Z   Downloaded slab v0.4.12
original-mining	Shared wall rules and checkpoint compatibility	2026-10-06T18:24:45.6698829Z   Downloaded nix v0.31.2
original-mining	Shared wall rules and checkpoint compatibility	2026-10-06T18:24:45.6796190Z   Downloaded fixedbitset v0.5.7
original-mining	Shared wall rules and checkpoint compatibility	2026-10-06T18:24:45.6812405Z   Downloaded bytes v1.11.1
original-mining	Shared wall rules and checkpoint compatibility	2026-10-06T18:24:45.6847944Z   Downloaded bumpalo v3.20.2
original-mining	Shared wall rules and checkpoint compatibility	2026-10-06T18:24:45.6869556Z   Downloaded blake2 v0.10.6
original-mining	Shared wall rules and checkpoint compatibility	2026-10-06T18:24:45.6890990Z   Downloaded thiserror v2.0.18
original-mining	Shared wall rules and checkpoint compatibility	2026-10-06T18:24:45.6945466Z   Downloaded smol_str v0.2.2
original-mining	Shared wall rules and checkpoint compatibility	2026-10-06T18:24:45.6957654Z   Downloaded winnow v1.0.1
original-mining	Shared wall rules and checkpoint compatibility	2026-10-06T18:24:45.7037872Z   Downloaded parking_lot v0.12.5
original-mining	Shared wall rules and checkpoint compatibility	2026-10-06T18:24:45.7058307Z   Downloaded foldhash v0.2.0
original-mining	Shared wall rules and checkpoint compatibility	2026-10-06T18:24:45.7068632Z   Downloaded disqualified v1.0.0
original-mining	Shared wall rules and checkpoint compatibility	2026-10-06T18:24:45.7077773Z   Downloaded bytemuck v1.25.0
original-mining	Shared wall rules and checkpoint compatibility	2026-10-06T18:24:45.7104424Z   Downloaded bevy_tasks v0.17.3
original-mining	Shared wall rules and checkpoint compatibility	2026-10-06T18:24:45.7122493Z   Downloaded bevy_macro_utils v0.17.3
original-mining	Shared wall rules and checkpoint compatibility	2026-10-06T18:24:45.7133911Z   Downloaded thiserror-impl v2.0.18
original-mining	Shared wall rules and checkpoint compatibility	2026-10-06T18:24:45.7145852Z   Downloaded socket2 v0.6.3
original-mining	Shared wall rules and checkpoint compatibility	2026-10-06T18:24:45.7160206Z   Downloaded password-hash v0.5.0
original-mining	Shared wall rules and checkpoint compatibility	2026-10-06T18:24:45.7174700Z   Downloaded futures-util v0.3.32
original-mining	Shared wall rules and checkpoint compatibility	2026-10-06T18:24:45.7284122Z   Downloaded critical-section v1.2.0
original-mining	Shared wall rules and checkpoint compatibility	2026-10-06T18:24:45.7296740Z   Downloaded convert_case v0.10.0
original-mining	Shared wall rules and checkpoint compatibility	2026-10-06T18:24:45.7310238Z   Downloaded bitflags v2.11.1
original-mining	Shared wall rules and checkpoint compatibility	2026-10-06T18:24:45.7345313Z   Downloaded whoami v2.1.1
original-mining	Shared wall rules and checkpoint compatibility	2026-10-06T18:24:45.7362528Z   Downloaded uuid v1.23.1
original-mining	Shared wall rules and checkpoint compatibility	2026-10-06T18:24:45.7386563Z   Downloaded equivalent v1.0.2
original-mining	Shared wall rules and checkpoint compatibility	2026-10-06T18:24:45.7394485Z   Downloaded bevy_ptr v0.17.3
original-mining	Shared wall rules and checkpoint compatibility	2026-10-06T18:24:45.7402364Z   Downloaded unicode-properties v0.1.4
original-mining	Shared wall rules and checkpoint compatibility	2026-10-06T18:24:45.7417305Z   Downloaded postgres-types v0.2.13
original-mining	Shared wall rules and checkpoint compatibility	2026-10-06T18:24:45.7438790Z   Downloaded hybrid-array v0.4.10
original-mining	Shared wall rules and checkpoint compatibility	2026-10-06T18:24:45.7456473Z   Downloaded fastrand v2.4.1
original-mining	Shared wall rules and checkpoint compatibility	2026-10-06T18:24:45.7467557Z   Downloaded downcast-rs v2.0.2
original-mining	Shared wall rules and checkpoint compatibility	2026-10-06T18:24:45.7478290Z   Downloaded digest v0.11.2
original-mining	Shared wall rules and checkpoint compatibility	2026-10-06T18:24:45.7497081Z   Downloaded concurrent-queue v2.5.0
original-mining	Shared wall rules and checkpoint compatibility	2026-10-06T18:24:45.7510595Z   Downloaded chacha20 v0.10.0
original-mining	Shared wall rules and checkpoint compatibility	2026-10-06T18:24:45.7529986Z   Downloaded scopeguard v1.2.0
original-mining	Shared wall rules and checkpoint compatibility	2026-10-06T18:24:45.7539384Z   Downloaded rustc_version v0.4.1
original-mining	Shared wall rules and checkpoint compatibility	2026-10-06T18:24:45.7549364Z   Downloaded postgres v0.19.13
original-mining	Shared wall rules and checkpoint compatibility	2026-10-06T18:24:45.7567020Z   Downloaded mio v1.2.0
original-mining	Shared wall rules and checkpoint compatibility	2026-10-06T18:24:45.7615423Z   Downloaded miniz_oxide v0.8.9
original-mining	Shared wall rules and checkpoint compatibility	2026-10-06T18:24:45.7636104Z   Downloaded hashbrown v0.17.0
original-mining	Shared wall rules and checkpoint compatibility	2026-10-06T18:24:45.7679445Z   Downloaded generic-array v0.14.7
original-mining	Shared wall rules and checkpoint compatibility	2026-10-06T18:24:45.7690770Z   Downloaded derive_more-impl v2.1.1
original-mining	Shared wall rules and checkpoint compatibility	2026-10-06T18:24:45.7734886Z   Downloaded crossbeam-queue v0.3.12
original-mining	Shared wall rules and checkpoint compatibility	2026-10-06T18:24:45.7744946Z   Downloaded const-oid v0.10.2
original-mining	Shared wall rules and checkpoint compatibility	2026-10-06T18:24:45.7764300Z   Downloaded block-buffer v0.12.0
original-mining	Shared wall rules and checkpoint compatibility	2026-10-06T18:24:45.7774049Z   Downloaded bevy_app v0.17.3
original-mining	Shared wall rules and checkpoint compatibility	2026-10-06T18:24:45.7791558Z   Downloaded lock_api v0.4.14
original-mining	Shared wall rules and checkpoint compatibility	2026-10-06T18:24:45.7801493Z   Downloaded indexmap v2.14.0
original-mining	Shared wall rules and checkpoint compatibility	2026-10-06T18:24:45.7836778Z   Downloaded hashbrown v0.16.1
original-mining	Shared wall rules and checkpoint compatibility	2026-10-06T18:24:45.7878823Z   Downloaded fallible-iterator v0.2.0
original-mining	Shared wall rules and checkpoint compatibility	2026-10-06T18:24:45.7888504Z   Downloaded bytemuck_derive v1.10.2
original-mining	Shared wall rules and checkpoint compatibility	2026-10-06T18:24:45.7898937Z   Downloaded bevy_ecs_macros v0.17.3
original-mining	Shared wall rules and checkpoint compatibility	2026-10-06T18:24:45.7910522Z   Downloaded parking_lot_core v0.9.12
original-mining	Shared wall rules and checkpoint compatibility	2026-10-06T18:24:45.7927682Z   Downloaded md-5 v0.11.0
original-mining	Shared wall rules and checkpoint compatibility	2026-10-06T18:24:45.7941092Z   Downloaded log v0.4.29
original-mining	Shared wall rules and checkpoint compatibility	2026-10-06T18:24:45.7961267Z   Downloaded futures-core v0.3.32
original-mining	Shared wall rules and checkpoint compatibility	2026-10-06T18:24:45.7972731Z   Downloaded cfg-if v1.0.4
original-mining	Shared wall rules and checkpoint compatibility	2026-10-06T18:24:45.7984323Z   Downloaded bevy_derive v0.17.3
original-mining	Shared wall rules and checkpoint compatibility	2026-10-06T18:24:45.7992644Z   Downloaded hmac v0.13.0
original-mining	Shared wall rules and checkpoint compatibility	2026-10-06T18:24:45.8010308Z   Downloaded futures-sink v0.3.32
original-mining	Shared wall rules and checkpoint compatibility	2026-10-06T18:24:45.8017639Z   Downloaded futures-io v0.3.32
original-mining	Shared wall rules and checkpoint compatibility	2026-10-06T18:24:45.8024894Z   Downloaded ctutils v0.4.2
original-mining	Shared wall rules and checkpoint compatibility	2026-10-06T18:24:45.8040948Z   Downloaded crc32fast v1.5.0
original-mining	Shared wall rules and checkpoint compatibility	2026-10-06T18:24:45.8055893Z   Downloaded crypto-common v0.2.1
original-mining	Shared wall rules and checkpoint compatibility	2026-10-06T18:24:45.8065508Z   Downloaded crypto-common v0.1.7
original-mining	Shared wall rules and checkpoint compatibility	2026-10-06T18:24:45.8072641Z   Downloaded bevy_platform v0.17.3
original-mining	Shared wall rules and checkpoint compatibility	2026-10-06T18:24:45.8095839Z   Downloaded slotmap v1.1.1
original-mining	Shared wall rules and checkpoint compatibility	2026-10-06T18:24:45.8113421Z   Downloaded parking v2.2.1
original-mining	Shared wall rules and checkpoint compatibility	2026-10-06T18:24:45.8121829Z   Downloaded nonmax v0.5.5
original-mining	Shared wall rules and checkpoint compatibility	2026-10-06T18:24:45.8130840Z   Downloaded base64 v0.22.1
original-mining	Shared wall rules and checkpoint compatibility	2026-10-06T18:24:45.8161270Z   Downloaded getrandom v0.4.2
original-mining	Shared wall rules and checkpoint compatibility	2026-10-06T18:24:45.8192041Z   Downloaded event-listener v5.4.1
original-mining	Shared wall rules and checkpoint compatibility	2026-10-06T18:24:45.8208448Z   Downloaded digest v0.10.7
original-mining	Shared wall rules and checkpoint compatibility	2026-10-06T18:24:45.8222821Z   Downloaded cpufeatures v0.2.17
original-mining	Shared wall rules and checkpoint compatibility	2026-10-06T18:24:45.8233751Z   Downloaded cmov v0.5.3
original-mining	Shared wall rules and checkpoint compatibility	2026-10-06T18:24:45.8248069Z   Downloaded bevy_ecs v0.17.3
original-mining	Shared wall rules and checkpoint compatibility	2026-10-06T18:24:45.8391919Z   Downloaded crossbeam-utils v0.8.21
original-mining	Shared wall rules and checkpoint compatibility	2026-10-06T18:24:45.8413326Z   Downloaded cfg_aliases v0.2.1
original-mining	Shared wall rules and checkpoint compatibility	2026-10-06T18:24:45.8420823Z   Downloaded bevy_reflect_derive v0.17.3
original-mining	Shared wall rules and checkpoint compatibility	2026-10-06T18:24:45.8446777Z   Downloaded base64ct v1.8.3
original-mining	Shared wall rules and checkpoint compatibility	2026-10-06T18:24:45.8467056Z   Downloaded getrandom v0.2.17
original-mining	Shared wall rules and checkpoint compatibility	2026-10-06T18:24:45.8490551Z   Downloaded futures-task v0.3.32
original-mining	Shared wall rules and checkpoint compatibility	2026-10-06T18:24:45.8499907Z   Downloaded futures-channel v0.3.32
original-mining	Shared wall rules and checkpoint compatibility	2026-10-06T18:24:45.8515402Z   Downloaded byteorder v1.5.0
original-mining	Shared wall rules and checkpoint compatibility	2026-10-06T18:24:45.8527818Z   Downloaded async-trait v0.1.89
original-mining	Shared wall rules and checkpoint compatibility	2026-10-06T18:24:45.8557865Z   Downloaded async-executor v1.14.0
original-mining	Shared wall rules and checkpoint compatibility	2026-10-06T18:24:45.8572864Z   Downloaded assert_type_match v0.1.1
original-mining	Shared wall rules and checkpoint compatibility	2026-10-06T18:24:45.8615166Z   Downloaded async-task v4.7.1
original-mining	Shared wall rules and checkpoint compatibility	2026-10-06T18:24:45.8635402Z   Downloaded async-channel v2.5.0
original-mining	Shared wall rules and checkpoint compatibility	2026-10-06T18:24:45.8645058Z   Downloaded arrayvec v0.7.6
original-mining	Shared wall rules and checkpoint compatibility	2026-10-06T18:24:45.8661827Z   Downloaded argon2 v0.5.3
original-mining	Shared wall rules and checkpoint compatibility	2026-10-06T18:24:46.3050771Z    Compiling cfg-if v1.0.4
original-mining	Shared wall rules and checkpoint compatibility	2026-10-06T18:24:46.3051209Z    Compiling proc-macro2 v1.0.106
original-mining	Shared wall rules and checkpoint compatibility	2026-10-06T18:24:46.3244749Z    Compiling quote v1.0.45
original-mining	Shared wall rules and checkpoint compatibility	2026-10-06T18:24:46.4582208Z    Compiling libc v0.2.185
original-mining	Shared wall rules and checkpoint compatibility	2026-10-06T18:24:46.9101670Z    Compiling syn v2.0.117
original-mining	Shared wall rules and checkpoint compatibility	2026-10-06T18:24:47.4220759Z    Compiling typenum v1.19.0
original-mining	Shared wall rules and checkpoint compatibility	2026-10-06T18:24:47.9534479Z    Compiling serde_core v1.0.228
original-mining	Shared wall rules and checkpoint compatibility	2026-10-06T18:24:49.2029048Z    Compiling equivalent v1.0.2
original-mining	Shared wall rules and checkpoint compatibility	2026-10-06T18:24:49.2212900Z    Compiling parking_lot_core v0.9.12
original-mining	Shared wall rules and checkpoint compatibility	2026-10-06T18:24:49.3322359Z    Compiling pin-project-lite v0.2.17
original-mining	Shared wall rules and checkpoint compatibility	2026-10-06T18:24:49.3574191Z    Compiling version_check v0.9.5
original-mining	Shared wall rules and checkpoint compatibility	2026-10-06T18:24:49.4800277Z    Compiling scopeguard v1.2.0
original-mining	Shared wall rules and checkpoint compatibility	2026-10-06T18:24:49.5042100Z    Compiling lock_api v0.4.14
original-mining	Shared wall rules and checkpoint compatibility	2026-10-06T18:24:49.5354764Z    Compiling crossbeam-utils v0.8.21
original-mining	Shared wall rules and checkpoint compatibility	2026-10-06T18:24:49.5997886Z    Compiling futures-core v0.3.32
original-mining	Shared wall rules and checkpoint compatibility	2026-10-06T18:24:49.6676166Z    Compiling hybrid-array v0.4.10
original-mining	Shared wall rules and checkpoint compatibility	2026-10-06T18:24:49.8247896Z    Compiling hashbrown v0.17.0
original-mining	Shared wall rules and checkpoint compatibility	2026-10-06T18:24:49.9339396Z    Compiling serde v1.0.228
original-mining	Shared wall rules and checkpoint compatibility	2026-10-06T18:24:50.2346179Z    Compiling serde_derive v1.0.228
original-mining	Shared wall rules and checkpoint compatibility	2026-10-06T18:24:50.5606094Z    Compiling winnow v1.0.1
original-mining	Shared wall rules and checkpoint compatibility	2026-10-06T18:24:50.7145382Z    Compiling cmov v0.5.3
original-mining	Shared wall rules and checkpoint compatibility	2026-10-06T18:24:50.7995331Z    Compiling smallvec v1.15.1
original-mining	Shared wall rules and checkpoint compatibility	2026-10-06T18:24:50.9985473Z    Compiling ctutils v0.4.2
original-mining	Shared wall rules and checkpoint compatibility	2026-10-06T18:24:51.0777082Z    Compiling toml_parser v1.1.2+spec-1.1.0
original-mining	Shared wall rules and checkpoint compatibility	2026-10-06T18:24:51.3785540Z    Compiling indexmap v2.14.0
original-mining	Shared wall rules and checkpoint compatibility	2026-10-06T18:24:51.7234548Z    Compiling block-buffer v0.12.0
original-mining	Shared wall rules and checkpoint compatibility	2026-10-06T18:24:51.7774599Z    Compiling crypto-common v0.2.1
original-mining	Shared wall rules and checkpoint compatibility	2026-10-06T18:24:52.2974556Z    Compiling winnow v0.7.15
original-mining	Shared wall rules and checkpoint compatibility	2026-10-06T18:24:52.4515724Z    Compiling toml_datetime v0.7.5+spec-1.1.0
original-mining	Shared wall rules and checkpoint compatibility	2026-10-06T18:24:52.5370485Z    Compiling const-oid v0.10.2
original-mining	Shared wall rules and checkpoint compatibility	2026-10-06T18:24:52.6125207Z    Compiling parking v2.2.1
original-mining	Shared wall rules and checkpoint compatibility	2026-10-06T18:24:52.6631211Z    Compiling digest v0.11.2
original-mining	Shared wall rules and checkpoint compatibility	2026-10-06T18:24:52.7284538Z    Compiling parking_lot v0.12.5
original-mining	Shared wall rules and checkpoint compatibility	2026-10-06T18:24:52.9166347Z    Compiling concurrent-queue v2.5.0
original-mining	Shared wall rules and checkpoint compatibility	2026-10-06T18:24:52.9862466Z    Compiling generic-array v0.14.7
original-mining	Shared wall rules and checkpoint compatibility	2026-10-06T18:24:53.0809696Z    Compiling getrandom v0.4.2
original-mining	Shared wall rules and checkpoint compatibility	2026-10-06T18:24:53.1917050Z    Compiling toml_edit v0.23.10+spec-1.0.0
original-mining	Shared wall rules and checkpoint compatibility	2026-10-06T18:24:53.2045298Z    Compiling unicode-segmentation v1.13.2
original-mining	Shared wall rules and checkpoint compatibility	2026-10-06T18:24:53.4664114Z    Compiling tinyvec_macros v0.1.1
original-mining	Shared wall rules and checkpoint compatibility	2026-10-06T18:24:53.4850445Z    Compiling cpufeatures v0.3.0
original-mining	Shared wall rules and checkpoint compatibility	2026-10-06T18:24:53.5031445Z    Compiling rand_core v0.10.1
original-mining	Shared wall rules and checkpoint compatibility	2026-10-06T18:24:53.5549917Z    Compiling tinyvec v1.11.0
original-mining	Shared wall rules and checkpoint compatibility	2026-10-06T18:24:53.7251328Z    Compiling bevy_macro_utils v0.17.3
original-mining	Shared wall rules and checkpoint compatibility	2026-10-06T18:24:53.7372357Z    Compiling convert_case v0.10.0
original-mining	Shared wall rules and checkpoint compatibility	2026-10-06T18:24:53.8698104Z    Compiling hashbrown v0.16.1
original-mining	Shared wall rules and checkpoint compatibility	2026-10-06T18:24:53.8737913Z    Compiling bytes v1.11.1
original-mining	Shared wall rules and checkpoint compatibility	2026-10-06T18:24:54.1704268Z    Compiling foldhash v0.2.0
original-mining	Shared wall rules and checkpoint compatibility	2026-10-06T18:24:54.1954441Z    Compiling spin v0.10.0
original-mining	Shared wall rules and checkpoint compatibility	2026-10-06T18:24:54.2433126Z    Compiling typeid v1.0.3
original-mining	Shared wall rules and checkpoint compatibility	2026-10-06T18:24:54.2656919Z    Compiling unicode-xid v0.2.6
original-mining	Shared wall rules and checkpoint compatibility	2026-10-06T18:24:54.2969575Z    Compiling memchr v2.8.0
original-mining	Shared wall rules and checkpoint compatibility	2026-10-06T18:24:54.3751032Z    Compiling derive_more-impl v2.1.1
original-mining	Shared wall rules and checkpoint compatibility	2026-10-06T18:24:54.6744498Z    Compiling bevy_platform v0.17.3
original-mining	Shared wall rules and checkpoint compatibility	2026-10-06T18:24:55.0881754Z    Compiling unicode-normalization v0.1.25
original-mining	Shared wall rules and checkpoint compatibility	2026-10-06T18:24:55.3367905Z    Compiling chacha20 v0.10.0
original-mining	Shared wall rules and checkpoint compatibility	2026-10-06T18:24:55.4510141Z    Compiling event-listener v5.4.1
original-mining	Shared wall rules and checkpoint compatibility	2026-10-06T18:24:55.5661953Z    Compiling futures-io v0.3.32
original-mining	Shared wall rules and checkpoint compatibility	2026-10-06T18:24:55.6149775Z    Compiling unicode-properties v0.1.4
original-mining	Shared wall rules and checkpoint compatibility	2026-10-06T18:24:55.6934504Z    Compiling cfg_aliases v0.2.1
original-mining	Shared wall rules and checkpoint compatibility	2026-10-06T18:24:55.7116758Z    Compiling futures-sink v0.3.32
original-mining	Shared wall rules and checkpoint compatibility	2026-10-06T18:24:55.7387376Z    Compiling thiserror v2.0.18
original-mining	Shared wall rules and checkpoint compatibility	2026-10-06T18:24:55.8944546Z    Compiling fastrand v2.4.1
original-mining	Shared wall rules and checkpoint compatibility	2026-10-06T18:24:55.9788531Z    Compiling unicode-bidi v0.3.18
original-mining	Shared wall rules and checkpoint compatibility	2026-10-06T18:24:56.2025491Z    Compiling erased-serde v0.4.10
original-mining	Shared wall rules and checkpoint compatibility	2026-10-06T18:24:56.3032132Z    Compiling derive_more v2.1.1
original-mining	Shared wall rules and checkpoint compatibility	2026-10-06T18:24:56.3249151Z    Compiling stringprep v0.1.5
original-mining	Shared wall rules and checkpoint compatibility	2026-10-06T18:24:56.3384536Z    Compiling futures-lite v2.6.1
original-mining	Shared wall rules and checkpoint compatibility	2026-10-06T18:24:56.6097370Z    Compiling serde_json v1.0.149
original-mining	Shared wall rules and checkpoint compatibility	2026-10-06T18:24:56.7369241Z    Compiling nix v0.31.2
original-mining	Shared wall rules and checkpoint compatibility	2026-10-06T18:24:56.9115515Z    Compiling event-listener-strategy v0.5.4
original-mining	Shared wall rules and checkpoint compatibility	2026-10-06T18:24:56.9490980Z    Compiling rand v0.10.1
original-mining	Shared wall rules and checkpoint compatibility	2026-10-06T18:24:57.2860523Z    Compiling sha2 v0.11.0
original-mining	Shared wall rules and checkpoint compatibility	2026-10-06T18:24:57.2987233Z    Compiling hmac v0.13.0
original-mining	Shared wall rules and checkpoint compatibility	2026-10-06T18:24:57.3555980Z    Compiling md-5 v0.11.0
original-mining	Shared wall rules and checkpoint compatibility	2026-10-06T18:24:57.4209631Z    Compiling thiserror-impl v2.0.18
original-mining	Shared wall rules and checkpoint compatibility	2026-10-06T18:24:57.7775365Z    Compiling slotmap v1.1.1
original-mining	Shared wall rules and checkpoint compatibility	2026-10-06T18:24:57.8756088Z    Compiling socket2 v0.6.3
original-mining	Shared wall rules and checkpoint compatibility	2026-10-06T18:24:58.1337073Z    Compiling mio v1.2.0
original-mining	Shared wall rules and checkpoint compatibility	2026-10-06T18:24:58.1931062Z    Compiling thread_local v1.1.9
original-mining	Shared wall rules and checkpoint compatibility	2026-10-06T18:24:58.2791519Z    Compiling slab v0.4.12
original-mining	Shared wall rules and checkpoint compatibility	2026-10-06T18:24:58.3392981Z    Compiling base64 v0.22.1
original-mining	Shared wall rules and checkpoint compatibility	2026-10-06T18:24:58.3953938Z    Compiling subtle v2.6.1
original-mining	Shared wall rules and checkpoint compatibility	2026-10-06T18:24:58.4413726Z    Compiling bitflags v2.11.1
original-mining	Shared wall rules and checkpoint compatibility	2026-10-06T18:24:58.4935035Z    Compiling siphasher v1.0.2
original-mining	Shared wall rules and checkpoint compatibility	2026-10-06T18:24:58.5318781Z    Compiling async-task v4.7.1
original-mining	Shared wall rules and checkpoint compatibility	2026-10-06T18:24:58.5662721Z    Compiling disqualified v1.0.0
original-mining	Shared wall rules and checkpoint compatibility	2026-10-06T18:24:58.6150602Z    Compiling log v0.4.29
original-mining	Shared wall rules and checkpoint compatibility	2026-10-06T18:24:58.6201052Z    Compiling byteorder v1.5.0
original-mining	Shared wall rules and checkpoint compatibility	2026-10-06T18:24:58.6890686Z    Compiling fallible-iterator v0.2.0
original-mining	Shared wall rules and checkpoint compatibility	2026-10-06T18:24:58.7110500Z    Compiling async-executor v1.14.0
original-mining	Shared wall rules and checkpoint compatibility	2026-10-06T18:24:58.8408379Z    Compiling postgres-protocol v0.6.11
original-mining	Shared wall rules and checkpoint compatibility	2026-10-06T18:24:58.8881521Z    Compiling bevy_utils v0.17.3
original-mining	Shared wall rules and checkpoint compatibility	2026-10-06T18:24:58.9329070Z    Compiling phf_shared v0.13.1
original-mining	Shared wall rules and checkpoint compatibility	2026-10-06T18:24:59.0372412Z    Compiling tokio v1.52.0
original-mining	Shared wall rules and checkpoint compatibility	2026-10-06T18:24:59.4155155Z    Compiling async-channel v2.5.0
original-mining	Shared wall rules and checkpoint compatibility	2026-10-06T18:24:59.4910557Z    Compiling crypto-common v0.1.7
original-mining	Shared wall rules and checkpoint compatibility	2026-10-06T18:24:59.5189702Z    Compiling block-buffer v0.10.4
original-mining	Shared wall rules and checkpoint compatibility	2026-10-06T18:24:59.5583028Z    Compiling bevy_reflect_derive v0.17.3
original-mining	Shared wall rules and checkpoint compatibility	2026-10-06T18:25:01.1810115Z    Compiling crossbeam-queue v0.3.12
original-mining	Shared wall rules and checkpoint compatibility	2026-10-06T18:25:01.2275066Z    Compiling variadics_please v1.1.0
original-mining	Shared wall rules and checkpoint compatibility	2026-10-06T18:25:01.5409599Z    Compiling assert_type_match v0.1.1
original-mining	Shared wall rules and checkpoint compatibility	2026-10-06T18:25:01.7629918Z    Compiling getrandom v0.2.17
original-mining	Shared wall rules and checkpoint compatibility	2026-10-06T18:25:01.8318512Z    Compiling futures-task v0.3.32
original-mining	Shared wall rules and checkpoint compatibility	2026-10-06T18:25:01.8639734Z    Compiling downcast-rs v2.0.2
original-mining	Shared wall rules and checkpoint compatibility	2026-10-06T18:25:01.8859567Z    Compiling crc32fast v1.5.0
original-mining	Shared wall rules and checkpoint compatibility	2026-10-06T18:25:02.0039020Z    Compiling bevy_ptr v0.17.3
original-mining	Shared wall rules and checkpoint compatibility	2026-10-06T18:25:02.0508046Z    Compiling atomic-waker v1.1.2
original-mining	Shared wall rules and checkpoint compatibility	2026-10-06T18:25:02.0535069Z    Compiling bevy_reflect v0.17.3
original-mining	Shared wall rules and checkpoint compatibility	2026-10-06T18:25:02.0823194Z    Compiling bevy_tasks v0.17.3
original-mining	Shared wall rules and checkpoint compatibility	2026-10-06T18:25:02.4297234Z    Compiling futures-util v0.3.32
original-mining	Shared wall rules and checkpoint compatibility	2026-10-06T18:25:03.1937962Z    Compiling rand_core v0.6.4
original-mining	Shared wall rules and checkpoint compatibility	2026-10-06T18:25:03.4366467Z    Compiling tokio-util v0.7.18
original-mining	Shared wall rules and checkpoint compatibility	2026-10-06T18:25:03.6937697Z    Compiling digest v0.10.7
original-mining	Shared wall rules and checkpoint compatibility	2026-10-06T18:25:04.3318239Z    Compiling phf v0.13.1
original-mining	Shared wall rules and checkpoint compatibility	2026-10-06T18:25:04.3855475Z    Compiling postgres-types v0.2.13
original-mining	Shared wall rules and checkpoint compatibility	2026-10-06T18:25:04.6469022Z    Compiling futures-channel v0.3.32
original-mining	Shared wall rules and checkpoint compatibility	2026-10-06T18:25:04.7307947Z    Compiling bevy_ecs_macros v0.17.3
original-mining	Shared wall rules and checkpoint compatibility	2026-10-06T18:25:05.8759968Z    Compiling async-trait v0.1.89
original-mining	Shared wall rules and checkpoint compatibility	2026-10-06T18:25:06.1313995Z    Compiling whoami v2.1.1
original-mining	Shared wall rules and checkpoint compatibility	2026-10-06T18:25:06.3378845Z    Compiling fixedbitset v0.5.7
original-mining	Shared wall rules and checkpoint compatibility	2026-10-06T18:25:06.4551706Z    Compiling base64ct v1.8.3
original-mining	Shared wall rules and checkpoint compatibility	2026-10-06T18:25:06.4820991Z    Compiling percent-encoding v2.3.2
original-mining	Shared wall rules and checkpoint compatibility	2026-10-06T18:25:06.5459814Z    Compiling bumpalo v3.20.2
original-mining	Shared wall rules and checkpoint compatibility	2026-10-06T18:25:06.5759280Z    Compiling adler2 v2.0.1
original-mining	Shared wall rules and checkpoint compatibility	2026-10-06T18:25:06.6105550Z    Compiling simd-adler32 v0.3.9
original-mining	Shared wall rules and checkpoint compatibility	2026-10-06T18:25:06.6549660Z    Compiling nonmax v0.5.5
original-mining	Shared wall rules and checkpoint compatibility	2026-10-06T18:25:06.6884913Z    Compiling miniz_oxide v0.8.9
original-mining	Shared wall rules and checkpoint compatibility	2026-10-06T18:25:06.7818590Z    Compiling bevy_ecs v0.17.3
original-mining	Shared wall rules and checkpoint compatibility	2026-10-06T18:25:07.0648485Z    Compiling password-hash v0.5.0
original-mining	Shared wall rules and checkpoint compatibility	2026-10-06T18:25:07.2825377Z    Compiling tokio-postgres v0.7.17
original-mining	Shared wall rules and checkpoint compatibility	2026-10-06T18:25:08.9563051Z    Compiling ctrlc v3.5.2
original-mining	Shared wall rules and checkpoint compatibility	2026-10-06T18:25:09.0029936Z    Compiling blake2 v0.10.6
original-mining	Shared wall rules and checkpoint compatibility	2026-10-06T18:25:09.2702542Z    Compiling bevy_derive v0.17.3
original-mining	Shared wall rules and checkpoint compatibility	2026-10-06T18:25:09.6620427Z    Compiling mir2-protocol v0.1.0 (/home/runner/work/mir2/mir2/mir2-web3/packages/protocol)
original-mining	Shared wall rules and checkpoint compatibility	2026-10-06T18:25:13.0736125Z    Compiling cpufeatures v0.2.17
original-mining	Shared wall rules and checkpoint compatibility	2026-10-06T18:25:13.0924334Z    Compiling argon2 v0.5.3
original-mining	Shared wall rules and checkpoint compatibility	2026-10-06T18:25:13.3481402Z    Compiling bevy_app v0.17.3
original-mining	Shared wall rules and checkpoint compatibility	2026-10-06T18:25:14.1919916Z    Compiling mir2-game-data v0.1.0 (/home/runner/work/mir2/mir2/mir2-web3/packages/game-data)
original-mining	Shared wall rules and checkpoint compatibility	2026-10-06T18:25:16.1293457Z    Compiling flate2 v1.1.9
original-mining	Shared wall rules and checkpoint compatibility	2026-10-06T18:25:16.3260211Z    Compiling postgres v0.19.13
original-mining	Shared wall rules and checkpoint compatibility	2026-10-06T18:25:17.9836495Z    Compiling mir2-simulation v0.1.0 (/home/runner/work/mir2/mir2/mir2-web3/apps/simulation)
original-mining	Shared wall rules and checkpoint compatibility	2026-10-06T18:25:19.2778530Z warning: unused import: `super::skills::crystal_magic_damage`
original-mining	Shared wall rules and checkpoint compatibility	2026-10-06T18:25:19.2779082Z   --> apps/simulation/src/runtime/hero_ai.rs:53:5
original-mining	Shared wall rules and checkpoint compatibility	2026-10-06T18:25:19.2779431Z    |
original-mining	Shared wall rules and checkpoint compatibility	2026-10-06T18:25:19.2779693Z 53 | use super::skills::crystal_magic_damage;
original-mining	Shared wall rules and checkpoint compatibility	2026-10-06T18:25:19.2780025Z    |     ^^^^^^^^^^^^^^^^^^^^^^^^^^^^^^^^^^^
original-mining	Shared wall rules and checkpoint compatibility	2026-10-06T18:25:19.2780315Z    |
original-mining	Shared wall rules and checkpoint compatibility	2026-10-06T18:25:19.2780557Z    = note: `#[warn(unused_imports)]` on by default
original-mining	Shared wall rules and checkpoint compatibility	2026-10-06T18:25:19.2780788Z 
original-mining	Shared wall rules and checkpoint compatibility	2026-10-06T18:25:19.2784834Z warning: unused import: `hero_registry_scan::validate_shared_hero_physical_custody`
original-mining	Shared wall rules and checkpoint compatibility	2026-10-06T18:25:19.2785690Z   --> apps/simulation/src/runtime/mod.rs:22:16
original-mining	Shared wall rules and checkpoint compatibility	2026-10-06T18:25:19.2786213Z    |
original-mining	Shared wall rules and checkpoint compatibility	2026-10-06T18:25:19.2786658Z 22 | pub(crate) use hero_registry_scan::validate_shared_hero_physical_custody;
original-mining	Shared wall rules and checkpoint compatibility	2026-10-06T18:25:19.2787206Z    |                ^^^^^^^^^^^^^^^^^^^^^^^^^^^^^^^^^^^^^^^^^^^^^^^^^^^^^^^^^
original-mining	Shared wall rules and checkpoint compatibility	2026-10-06T18:25:19.2787490Z 
original-mining	Shared wall rules and checkpoint compatibility	2026-10-06T18:25:19.2793069Z warning: unused import: `HeroInventoryResource`
original-mining	Shared wall rules and checkpoint compatibility	2026-10-06T18:25:19.2793817Z   --> apps/simulation/src/runtime/items.rs:58:19
original-mining	Shared wall rules and checkpoint compatibility	2026-10-06T18:25:19.2794384Z    |
original-mining	Shared wall rules and checkpoint compatibility	2026-10-06T18:25:19.2794839Z 58 |     BuffResource, HeroInventoryResource, InventoryResource, PlayerPermissionResource,
original-mining	Shared wall rules and checkpoint compatibility	2026-10-06T18:25:19.2795395Z    |                   ^^^^^^^^^^^^^^^^^^^^^
original-mining	Shared wall rules and checkpoint compatibility	2026-10-06T18:25:19.2795601Z 
original-mining	Shared wall rules and checkpoint compatibility	2026-10-06T18:25:19.2827589Z warning: unused import: `merged_user_item_stats`
original-mining	Shared wall rules and checkpoint compatibility	2026-10-06T18:25:19.2828158Z   --> apps/simulation/src/runtime/npc.rs:35:72
original-mining	Shared wall rules and checkpoint compatibility	2026-10-06T18:25:19.2828508Z    |
original-mining	Shared wall rules and checkpoint compatibility	2026-10-06T18:25:19.2828930Z 35 |     crystal_item_key_for_template, crystal_item_template_for_item_key, merged_user_item_stats,
original-mining	Shared wall rules and checkpoint compatibility	2026-10-06T18:25:19.2829539Z    |                                                                        ^^^^^^^^^^^^^^^^^^^^^^
original-mining	Shared wall rules and checkpoint compatibility	2026-10-06T18:25:19.2829857Z 
original-mining	Shared wall rules and checkpoint compatibility	2026-10-06T18:25:19.2844516Z warning: unused import: `hero_inventory_crystal_stat_total`
original-mining	Shared wall rules and checkpoint compatibility	2026-10-06T18:25:19.2845268Z   --> apps/simulation/src/runtime/packets.rs:72:22
original-mining	Shared wall rules and checkpoint compatibility	2026-10-06T18:25:19.2845595Z    |
original-mining	Shared wall rules and checkpoint compatibility	2026-10-06T18:25:19.2845999Z 72 | use super::hero_ai::{hero_inventory_crystal_stat_total, hero_inventory_equipment_slots};
original-mining	Shared wall rules and checkpoint compatibility	2026-10-06T18:25:19.2846494Z    |                      ^^^^^^^^^^^^^^^^^^^^^^^^^^^^^^^^^
original-mining	Shared wall rules and checkpoint compatibility	2026-10-06T18:25:19.2846708Z 
original-mining	Shared wall rules and checkpoint compatibility	2026-10-06T18:25:19.2846842Z warning: unused import: `crystal_quest_info_by_id`
original-mining	Shared wall rules and checkpoint compatibility	2026-10-06T18:25:19.2847219Z    --> apps/simulation/src/runtime/packets.rs:108:5
original-mining	Shared wall rules and checkpoint compatibility	2026-10-06T18:25:19.2847541Z     |
original-mining	Shared wall rules and checkpoint compatibility	2026-10-06T18:25:19.2847875Z 108 |     crystal_quest_info_by_id, crystal_quest_reward_selection_missing,
original-mining	Shared wall rules and checkpoint compatibility	2026-10-06T18:25:19.2848287Z     |     ^^^^^^^^^^^^^^^^^^^^^^^^
original-mining	Shared wall rules and checkpoint compatibility	2026-10-06T18:25:19.2848697Z 
original-mining	Shared wall rules and checkpoint compatibility	2026-10-06T18:25:19.2854693Z warning: unused import: `intelligent_creature_default_rules`
original-mining	Shared wall rules and checkpoint compatibility	2026-10-06T18:25:19.2855307Z    --> apps/simulation/src/runtime/packets.rs:125:5
original-mining	Shared wall rules and checkpoint compatibility	2026-10-06T18:25:19.2855653Z     |
original-mining	Shared wall rules and checkpoint compatibility	2026-10-06T18:25:19.2856018Z 125 |     intelligent_creature_default_rules, is_in_world, mark_crystal_packet_action,
original-mining	Shared wall rules and checkpoint compatibility	2026-10-06T18:25:19.2856482Z     |     ^^^^^^^^^^^^^^^^^^^^^^^^^^^^^^^^^^
original-mining	Shared wall rules and checkpoint compatibility	2026-10-06T18:25:19.2856683Z 
original-mining	Shared wall rules and checkpoint compatibility	2026-10-06T18:25:19.2937168Z warning: unused imports: `ZoneExperienceProfile` and `ZoneGuildExperienceMembership`
original-mining	Shared wall rules and checkpoint compatibility	2026-10-06T18:25:19.2938018Z  --> apps/simulation/src/runtime/zone/mod.rs:6:22
original-mining	Shared wall rules and checkpoint compatibility	2026-10-06T18:25:19.2938559Z   |
original-mining	Shared wall rules and checkpoint compatibility	2026-10-06T18:25:19.2939381Z 6 | pub use experience::{ZoneExperienceProfile,ZoneExperienceSelection,ZoneGuildExperienceMembership};
original-mining	Shared wall rules and checkpoint compatibility	2026-10-06T18:25:19.2940195Z   |                      ^^^^^^^^^^^^^^^^^^^^^                         ^^^^^^^^^^^^^^^^^^^^^^^^^^^^^
original-mining	Shared wall rules and checkpoint compatibility	2026-10-06T18:25:19.2940519Z 
original-mining	Shared wall rules and checkpoint compatibility	2026-10-06T18:25:22.1185470Z warning: use of deprecated method `bevy_ecs::world::World::iter_entities`: use world.query::<EntityRef>()` instead
original-mining	Shared wall rules and checkpoint compatibility	2026-10-06T18:25:22.1186325Z   --> apps/simulation/src/runtime/hero_cast.rs:61:22
original-mining	Shared wall rules and checkpoint compatibility	2026-10-06T18:25:22.1187031Z    |
original-mining	Shared wall rules and checkpoint compatibility	2026-10-06T18:25:22.1187348Z 61 |     let target=world.iter_entities().find_map(|entry| {
original-mining	Shared wall rules and checkpoint compatibility	2026-10-06T18:25:22.1187757Z    |                      ^^^^^^^^^^^^^
original-mining	Shared wall rules and checkpoint compatibility	2026-10-06T18:25:22.1188066Z    |
original-mining	Shared wall rules and checkpoint compatibility	2026-10-06T18:25:22.1188330Z    = note: `#[warn(deprecated)]` on by default
original-mining	Shared wall rules and checkpoint compatibility	2026-10-06T18:25:22.1188586Z 
original-mining	Shared wall rules and checkpoint compatibility	2026-10-06T18:25:22.4291394Z warning: use of deprecated method `bevy_ecs::world::World::iter_entities`: use world.query::<EntityRef>()` instead
original-mining	Shared wall rules and checkpoint compatibility	2026-10-06T18:25:22.4292455Z    --> apps/simulation/src/runtime/monster_ai/great_fox_spirit.rs:163:28
original-mining	Shared wall rules and checkpoint compatibility	2026-10-06T18:25:22.4293002Z     |
original-mining	Shared wall rules and checkpoint compatibility	2026-10-06T18:25:22.4293303Z 163 |     for candidate in world.iter_entities() {
original-mining	Shared wall rules and checkpoint compatibility	2026-10-06T18:25:22.4295035Z     |                            ^^^^^^^^^^^^^
original-mining	Shared wall rules and checkpoint compatibility	2026-10-06T18:25:22.4295311Z 
original-mining	Shared wall rules and checkpoint compatibility	2026-10-06T18:25:22.8699212Z warning: use of deprecated method `bevy_ecs::world::World::iter_entities`: use world.query::<EntityRef>()` instead
original-mining	Shared wall rules and checkpoint compatibility	2026-10-06T18:25:22.8700027Z     --> apps/simulation/src/runtime/packets.rs:7894:25
original-mining	Shared wall rules and checkpoint compatibility	2026-10-06T18:25:22.8700411Z      |
original-mining	Shared wall rules and checkpoint compatibility	2026-10-06T18:25:22.8700683Z 7894 |     for entity in world.iter_entities() {
original-mining	Shared wall rules and checkpoint compatibility	2026-10-06T18:25:22.8701044Z      |                         ^^^^^^^^^^^^^
original-mining	Shared wall rules and checkpoint compatibility	2026-10-06T18:25:22.8701263Z 
original-mining	Shared wall rules and checkpoint compatibility	2026-10-06T18:25:23.2454021Z warning: use of deprecated method `bevy_ecs::world::World::iter_entities`: use world.query::<EntityRef>()` instead
original-mining	Shared wall rules and checkpoint compatibility	2026-10-06T18:25:23.2454770Z    --> apps/simulation/src/runtime/session.rs:772:14
original-mining	Shared wall rules and checkpoint compatibility	2026-10-06T18:25:23.2455134Z     |
original-mining	Shared wall rules and checkpoint compatibility	2026-10-06T18:25:23.2455343Z 772 |             .iter_entities()
original-mining	Shared wall rules and checkpoint compatibility	2026-10-06T18:25:23.2455628Z     |              ^^^^^^^^^^^^^
original-mining	Shared wall rules and checkpoint compatibility	2026-10-06T18:25:23.2455805Z 
original-mining	Shared wall rules and checkpoint compatibility	2026-10-06T18:25:23.2664280Z warning: unused import: `ZoneExperienceProfile`
original-mining	Shared wall rules and checkpoint compatibility	2026-10-06T18:25:23.2665076Z  --> apps/simulation/src/runtime/zone/mod.rs:6:22
original-mining	Shared wall rules and checkpoint compatibility	2026-10-06T18:25:23.2665633Z   |
original-mining	Shared wall rules and checkpoint compatibility	2026-10-06T18:25:23.2666259Z 6 | pub use experience::{ZoneExperienceProfile,ZoneExperienceSelection,ZoneGuildExperienceMembership};
original-mining	Shared wall rules and checkpoint compatibility	2026-10-06T18:25:23.2666957Z   |                      ^^^^^^^^^^^^^^^^^^^^^
original-mining	Shared wall rules and checkpoint compatibility	2026-10-06T18:25:23.2667193Z 
original-mining	Shared wall rules and checkpoint compatibility	2026-10-06T18:25:23.4226799Z warning: use of deprecated method `bevy_ecs::world::World::iter_entities`: use world.query::<EntityRef>()` instead
original-mining	Shared wall rules and checkpoint compatibility	2026-10-06T18:25:23.4227552Z     --> apps/simulation/src/runtime/skills.rs:5017:10
original-mining	Shared wall rules and checkpoint compatibility	2026-10-06T18:25:23.4227909Z      |
original-mining	Shared wall rules and checkpoint compatibility	2026-10-06T18:25:23.4228127Z 5017 |         .iter_entities()
original-mining	Shared wall rules and checkpoint compatibility	2026-10-06T18:25:23.4228388Z      |          ^^^^^^^^^^^^^
original-mining	Shared wall rules and checkpoint compatibility	2026-10-06T18:25:23.4228545Z 
original-mining	Shared wall rules and checkpoint compatibility	2026-10-06T18:25:23.4247856Z warning: use of deprecated method `bevy_ecs::world::World::iter_entities`: use world.query::<EntityRef>()` instead
original-mining	Shared wall rules and checkpoint compatibility	2026-10-06T18:25:23.4248838Z     --> apps/simulation/src/runtime/skills.rs:5100:10
original-mining	Shared wall rules and checkpoint compatibility	2026-10-06T18:25:23.4249435Z      |
original-mining	Shared wall rules and checkpoint compatibility	2026-10-06T18:25:23.4249691Z 5100 |         .iter_entities()
original-mining	Shared wall rules and checkpoint compatibility	2026-10-06T18:25:23.4263381Z      |          ^^^^^^^^^^^^^
original-mining	Shared wall rules and checkpoint compatibility	2026-10-06T18:25:23.4264990Z 
original-mining	Shared wall rules and checkpoint compatibility	2026-10-06T18:25:27.1850710Z warning: use of deprecated method `bevy_ecs::world::World::iter_entities`: use world.query::<EntityRef>()` instead
original-mining	Shared wall rules and checkpoint compatibility	2026-10-06T18:25:27.1851496Z   --> apps/simulation/src/runtime/hero_cast.rs:99:27
original-mining	Shared wall rules and checkpoint compatibility	2026-10-06T18:25:27.1851848Z    |
original-mining	Shared wall rules and checkpoint compatibility	2026-10-06T18:25:27.1852313Z 99 |         let monster=world.iter_entities().find(|e|e.get::<Monster>().is_some()).unwrap().id();
original-mining	Shared wall rules and checkpoint compatibility	2026-10-06T18:25:27.1852844Z    |                           ^^^^^^^^^^^^^
original-mining	Shared wall rules and checkpoint compatibility	2026-10-06T18:25:27.1853069Z 
original-mining	Shared wall rules and checkpoint compatibility	2026-10-06T18:25:32.2425018Z warning: type `HeroSourceVersions` is more private than the item `config::AccountStoreRepositorySave::heroes`
original-mining	Shared wall rules and checkpoint compatibility	2026-10-06T18:25:32.2425732Z    --> apps/simulation/src/config.rs:912:5
original-mining	Shared wall rules and checkpoint compatibility	2026-10-06T18:25:32.2426032Z     |
original-mining	Shared wall rules and checkpoint compatibility	2026-10-06T18:25:32.2426323Z 912 |     pub(crate) heroes: hero_registry::HeroSourceVersions,
original-mining	Shared wall rules and checkpoint compatibility	2026-10-06T18:25:32.2427016Z     |     ^^^^^^^^^^^^^^^^^^^^^^^^^^^^^^^^^^^^^^^^^^^^^^^^^^^^ field `config::AccountStoreRepositorySave::heroes` is reachable at visibility `pub(crate)`
original-mining	Shared wall rules and checkpoint compatibility	2026-10-06T18:25:32.2427636Z     |
original-mining	Shared wall rules and checkpoint compatibility	2026-10-06T18:25:32.2428033Z note: but type `HeroSourceVersions` is only usable at visibility `pub(in crate::config)`
original-mining	Shared wall rules and checkpoint compatibility	2026-10-06T18:25:32.2428838Z    --> apps/simulation/src/config_hero_registry.rs:93:1
original-mining	Shared wall rules and checkpoint compatibility	2026-10-06T18:25:32.2429164Z     |
original-mining	Shared wall rules and checkpoint compatibility	2026-10-06T18:25:32.2429397Z 93  | pub(super) struct HeroSourceVersions {
original-mining	Shared wall rules and checkpoint compatibility	2026-10-06T18:25:32.2429707Z     | ^^^^^^^^^^^^^^^^^^^^^^^^^^^^^^^^^^^^
original-mining	Shared wall rules and checkpoint compatibility	2026-10-06T18:25:32.2430030Z     = note: `#[warn(private_interfaces)]` on by default
original-mining	Shared wall rules and checkpoint compatibility	2026-10-06T18:25:32.2430278Z 
original-mining	Shared wall rules and checkpoint compatibility	2026-10-06T18:25:32.2482564Z warning: type `ZoneCombatEntityRef` is more private than the item `tree_queen_ai::TreeQueenRoot::source_ref`
original-mining	Shared wall rules and checkpoint compatibility	2026-10-06T18:25:32.2483634Z   --> apps/simulation/src/runtime/zone/runtime/tree_queen_ai.rs:39:5
original-mining	Shared wall rules and checkpoint compatibility	2026-10-06T18:25:32.2484291Z    |
original-mining	Shared wall rules and checkpoint compatibility	2026-10-06T18:25:32.2484668Z 39 |     pub source_ref: Option<ZoneCombatEntityRef>,
original-mining	Shared wall rules and checkpoint compatibility	2026-10-06T18:25:32.2485417Z    |     ^^^^^^^^^^^^^^^^^^^^^^^^^^^^^^^^^^^^^^^^^^^ field `tree_queen_ai::TreeQueenRoot::source_ref` is reachable at visibility `pub(in crate::runtime::zone)`
original-mining	Shared wall rules and checkpoint compatibility	2026-10-06T18:25:32.2486061Z    |
original-mining	Shared wall rules and checkpoint compatibility	2026-10-06T18:25:32.2486524Z note: but type `ZoneCombatEntityRef` is only usable at visibility `pub(in crate::runtime::zone::runtime)`
original-mining	Shared wall rules and checkpoint compatibility	2026-10-06T18:25:32.2487213Z   --> apps/simulation/src/runtime/zone/runtime/entity_combat.rs:7:1
original-mining	Shared wall rules and checkpoint compatibility	2026-10-06T18:25:32.2487662Z    |
original-mining	Shared wall rules and checkpoint compatibility	2026-10-06T18:25:32.2487909Z 7  | pub(super) enum ZoneCombatEntityRef {
original-mining	Shared wall rules and checkpoint compatibility	2026-10-06T18:25:32.2488241Z    | ^^^^^^^^^^^^^^^^^^^^^^^^^^^^^^^^^^^
original-mining	Shared wall rules and checkpoint compatibility	2026-10-06T18:25:32.2488443Z 
original-mining	Shared wall rules and checkpoint compatibility	2026-10-06T18:25:32.2488754Z warning: type `ZoneCombatEntityRef` is more private than the item `EvilMirState::target_ref`
original-mining	Shared wall rules and checkpoint compatibility	2026-10-06T18:25:32.2489360Z   --> apps/simulation/src/runtime/zone/runtime/evil_mir_ai.rs:11:5
original-mining	Shared wall rules and checkpoint compatibility	2026-10-06T18:25:32.2489744Z    |
original-mining	Shared wall rules and checkpoint compatibility	2026-10-06T18:25:32.2490017Z 11 |     pub target_ref: Option<ZoneCombatEntityRef>,
original-mining	Shared wall rules and checkpoint compatibility	2026-10-06T18:25:32.2490652Z    |     ^^^^^^^^^^^^^^^^^^^^^^^^^^^^^^^^^^^^^^^^^^^ field `EvilMirState::target_ref` is reachable at visibility `pub(in crate::runtime::zone)`
original-mining	Shared wall rules and checkpoint compatibility	2026-10-06T18:25:32.2491230Z    |
original-mining	Shared wall rules and checkpoint compatibility	2026-10-06T18:25:32.2491702Z note: but type `ZoneCombatEntityRef` is only usable at visibility `pub(in crate::runtime::zone::runtime)`
original-mining	Shared wall rules and checkpoint compatibility	2026-10-06T18:25:32.2492389Z   --> apps/simulation/src/runtime/zone/runtime/entity_combat.rs:7:1
original-mining	Shared wall rules and checkpoint compatibility	2026-10-06T18:25:32.2492785Z    |
original-mining	Shared wall rules and checkpoint compatibility	2026-10-06T18:25:32.2493039Z 7  | pub(super) enum ZoneCombatEntityRef {
original-mining	Shared wall rules and checkpoint compatibility	2026-10-06T18:25:32.2493383Z    | ^^^^^^^^^^^^^^^^^^^^^^^^^^^^^^^^^^^
original-mining	Shared wall rules and checkpoint compatibility	2026-10-06T18:25:32.2493747Z 
original-mining	Shared wall rules and checkpoint compatibility	2026-10-06T18:25:32.2494086Z warning: type `ZoneCombatEntityRef` is more private than the item `EvilMirPendingSource::source`
original-mining	Shared wall rules and checkpoint compatibility	2026-10-06T18:25:32.2494739Z   --> apps/simulation/src/runtime/zone/runtime/evil_mir_ai.rs:20:5
original-mining	Shared wall rules and checkpoint compatibility	2026-10-06T18:25:32.2495152Z    |
original-mining	Shared wall rules and checkpoint compatibility	2026-10-06T18:25:32.2495410Z 20 |     pub source: ZoneCombatEntityRef,
original-mining	Shared wall rules and checkpoint compatibility	2026-10-06T18:25:32.2496020Z    |     ^^^^^^^^^^^^^^^^^^^^^^^^^^^^^^^ field `EvilMirPendingSource::source` is reachable at visibility `pub(in crate::runtime::zone)`
original-mining	Shared wall rules and checkpoint compatibility	2026-10-06T18:25:32.2496584Z    |
original-mining	Shared wall rules and checkpoint compatibility	2026-10-06T18:25:32.2497365Z note: but type `ZoneCombatEntityRef` is only usable at visibility `pub(in crate::runtime::zone::runtime)`
original-mining	Shared wall rules and checkpoint compatibility	2026-10-06T18:25:32.2498026Z   --> apps/simulation/src/runtime/zone/runtime/entity_combat.rs:7:1
original-mining	Shared wall rules and checkpoint compatibility	2026-10-06T18:25:32.2498452Z    |
original-mining	Shared wall rules and checkpoint compatibility	2026-10-06T18:25:32.2498703Z 7  | pub(super) enum ZoneCombatEntityRef {
original-mining	Shared wall rules and checkpoint compatibility	2026-10-06T18:25:32.2499026Z    | ^^^^^^^^^^^^^^^^^^^^^^^^^^^^^^^^^^^
original-mining	Shared wall rules and checkpoint compatibility	2026-10-06T18:25:32.2499219Z 
original-mining	Shared wall rules and checkpoint compatibility	2026-10-06T18:25:32.2505949Z warning: type `ZoneCombatEntityRef` is more private than the item `GreatFoxState::target_ref`
original-mining	Shared wall rules and checkpoint compatibility	2026-10-06T18:25:32.2506748Z   --> apps/simulation/src/runtime/zone/runtime/great_fox_ai.rs:15:5
original-mining	Shared wall rules and checkpoint compatibility	2026-10-06T18:25:32.2507239Z    |
original-mining	Shared wall rules and checkpoint compatibility	2026-10-06T18:25:32.2507533Z 15 |     pub target_ref: Option<ZoneCombatEntityRef>,
original-mining	Shared wall rules and checkpoint compatibility	2026-10-06T18:25:32.2508298Z    |     ^^^^^^^^^^^^^^^^^^^^^^^^^^^^^^^^^^^^^^^^^^^ field `GreatFoxState::target_ref` is reachable at visibility `pub(in crate::runtime::zone)`
original-mining	Shared wall rules and checkpoint compatibility	2026-10-06T18:25:32.2508961Z    |
original-mining	Shared wall rules and checkpoint compatibility	2026-10-06T18:25:32.2509525Z note: but type `ZoneCombatEntityRef` is only usable at visibility `pub(in crate::runtime::zone::runtime)`
original-mining	Shared wall rules and checkpoint compatibility	2026-10-06T18:25:32.2510332Z   --> apps/simulation/src/runtime/zone/runtime/entity_combat.rs:7:1
original-mining	Shared wall rules and checkpoint compatibility	2026-10-06T18:25:32.2511210Z    |
original-mining	Shared wall rules and checkpoint compatibility	2026-10-06T18:25:32.2511487Z 7  | pub(super) enum ZoneCombatEntityRef {
original-mining	Shared wall rules and checkpoint compatibility	2026-10-06T18:25:32.2511893Z    | ^^^^^^^^^^^^^^^^^^^^^^^^^^^^^^^^^^^
original-mining	Shared wall rules and checkpoint compatibility	2026-10-06T18:25:32.2512171Z 
original-mining	Shared wall rules and checkpoint compatibility	2026-10-06T18:25:32.2513828Z warning: type `ZoneCombatEntityRef` is more private than the item `GreatFoxHit::source_ref`
original-mining	Shared wall rules and checkpoint compatibility	2026-10-06T18:25:32.2514550Z   --> apps/simulation/src/runtime/zone/runtime/great_fox_ai.rs:42:5
original-mining	Shared wall rules and checkpoint compatibility	2026-10-06T18:25:32.2514971Z    |
original-mining	Shared wall rules and checkpoint compatibility	2026-10-06T18:25:32.2515262Z 42 |     pub source_ref: Option<ZoneCombatEntityRef>,
original-mining	Shared wall rules and checkpoint compatibility	2026-10-06T18:25:32.2515879Z    |     ^^^^^^^^^^^^^^^^^^^^^^^^^^^^^^^^^^^^^^^^^^^ field `GreatFoxHit::source_ref` is reachable at visibility `pub(in crate::runtime::zone)`
original-mining	Shared wall rules and checkpoint compatibility	2026-10-06T18:25:32.2516447Z    |
original-mining	Shared wall rules and checkpoint compatibility	2026-10-06T18:25:32.2516935Z note: but type `ZoneCombatEntityRef` is only usable at visibility `pub(in crate::runtime::zone::runtime)`
original-mining	Shared wall rules and checkpoint compatibility	2026-10-06T18:25:32.2517584Z   --> apps/simulation/src/runtime/zone/runtime/entity_combat.rs:7:1
original-mining	Shared wall rules and checkpoint compatibility	2026-10-06T18:25:32.2517997Z    |
original-mining	Shared wall rules and checkpoint compatibility	2026-10-06T18:25:32.2518268Z 7  | pub(super) enum ZoneCombatEntityRef {
original-mining	Shared wall rules and checkpoint compatibility	2026-10-06T18:25:32.2518611Z    | ^^^^^^^^^^^^^^^^^^^^^^^^^^^^^^^^^^^
original-mining	Shared wall rules and checkpoint compatibility	2026-10-06T18:25:32.2518831Z 
original-mining	Shared wall rules and checkpoint compatibility	2026-10-06T18:25:32.2519146Z warning: type `ZoneCombatEntityRef` is more private than the item `GreatFoxHit::target_ref`
original-mining	Shared wall rules and checkpoint compatibility	2026-10-06T18:25:32.2519795Z   --> apps/simulation/src/runtime/zone/runtime/great_fox_ai.rs:44:5
original-mining	Shared wall rules and checkpoint compatibility	2026-10-06T18:25:32.2520221Z    |
original-mining	Shared wall rules and checkpoint compatibility	2026-10-06T18:25:32.2520493Z 44 |     pub target_ref: Option<ZoneCombatEntityRef>,
original-mining	Shared wall rules and checkpoint compatibility	2026-10-06T18:25:32.2521121Z    |     ^^^^^^^^^^^^^^^^^^^^^^^^^^^^^^^^^^^^^^^^^^^ field `GreatFoxHit::target_ref` is reachable at visibility `pub(in crate::runtime::zone)`
original-mining	Shared wall rules and checkpoint compatibility	2026-10-06T18:25:32.2521686Z    |
original-mining	Shared wall rules and checkpoint compatibility	2026-10-06T18:25:32.2522166Z note: but type `ZoneCombatEntityRef` is only usable at visibility `pub(in crate::runtime::zone::runtime)`
original-mining	Shared wall rules and checkpoint compatibility	2026-10-06T18:25:32.2522849Z   --> apps/simulation/src/runtime/zone/runtime/entity_combat.rs:7:1
original-mining	Shared wall rules and checkpoint compatibility	2026-10-06T18:25:32.2523252Z    |
original-mining	Shared wall rules and checkpoint compatibility	2026-10-06T18:25:32.2523496Z 7  | pub(super) enum ZoneCombatEntityRef {
original-mining	Shared wall rules and checkpoint compatibility	2026-10-06T18:25:32.2523986Z    | ^^^^^^^^^^^^^^^^^^^^^^^^^^^^^^^^^^^
original-mining	Shared wall rules and checkpoint compatibility	2026-10-06T18:25:32.2524194Z 
original-mining	Shared wall rules and checkpoint compatibility	2026-10-06T18:25:32.2524539Z warning: type `ZoneCombatEntityRef` is more private than the item `HornedEncounterState::target_ref`
original-mining	Shared wall rules and checkpoint compatibility	2026-10-06T18:25:32.2525221Z   --> apps/simulation/src/runtime/zone/runtime/horned_encounter_ai.rs:12:5
original-mining	Shared wall rules and checkpoint compatibility	2026-10-06T18:25:32.2525658Z    |
original-mining	Shared wall rules and checkpoint compatibility	2026-10-06T18:25:32.2525936Z 12 |     pub target_ref: Option<ZoneCombatEntityRef>,
original-mining	Shared wall rules and checkpoint compatibility	2026-10-06T18:25:32.2526634Z    |     ^^^^^^^^^^^^^^^^^^^^^^^^^^^^^^^^^^^^^^^^^^^ field `HornedEncounterState::target_ref` is reachable at visibility `pub(in crate::runtime::zone)`
original-mining	Shared wall rules and checkpoint compatibility	2026-10-06T18:25:32.2527257Z    |
original-mining	Shared wall rules and checkpoint compatibility	2026-10-06T18:25:32.2527733Z note: but type `ZoneCombatEntityRef` is only usable at visibility `pub(in crate::runtime::zone::runtime)`
original-mining	Shared wall rules and checkpoint compatibility	2026-10-06T18:25:32.2528404Z   --> apps/simulation/src/runtime/zone/runtime/entity_combat.rs:7:1
original-mining	Shared wall rules and checkpoint compatibility	2026-10-06T18:25:32.2529051Z    |
original-mining	Shared wall rules and checkpoint compatibility	2026-10-06T18:25:32.2529316Z 7  | pub(super) enum ZoneCombatEntityRef {
original-mining	Shared wall rules and checkpoint compatibility	2026-10-06T18:25:32.2529656Z    | ^^^^^^^^^^^^^^^^^^^^^^^^^^^^^^^^^^^
original-mining	Shared wall rules and checkpoint compatibility	2026-10-06T18:25:32.2529857Z 
original-mining	Shared wall rules and checkpoint compatibility	2026-10-06T18:25:32.2530199Z warning: type `ZoneCombatEntityRef` is more private than the item `HornedEncounterHit::source_ref`
original-mining	Shared wall rules and checkpoint compatibility	2026-10-06T18:25:32.2530860Z   --> apps/simulation/src/runtime/zone/runtime/horned_encounter_ai.rs:38:5
original-mining	Shared wall rules and checkpoint compatibility	2026-10-06T18:25:32.2531296Z    |
original-mining	Shared wall rules and checkpoint compatibility	2026-10-06T18:25:32.2531571Z 38 |     pub source_ref: Option<ZoneCombatEntityRef>,
original-mining	Shared wall rules and checkpoint compatibility	2026-10-06T18:25:32.2532232Z    |     ^^^^^^^^^^^^^^^^^^^^^^^^^^^^^^^^^^^^^^^^^^^ field `HornedEncounterHit::source_ref` is reachable at visibility `pub(in crate::runtime::zone)`
original-mining	Shared wall rules and checkpoint compatibility	2026-10-06T18:25:32.2532823Z    |
original-mining	Shared wall rules and checkpoint compatibility	2026-10-06T18:25:32.2533281Z note: but type `ZoneCombatEntityRef` is only usable at visibility `pub(in crate::runtime::zone::runtime)`
original-mining	Shared wall rules and checkpoint compatibility	2026-10-06T18:25:32.2534103Z   --> apps/simulation/src/runtime/zone/runtime/entity_combat.rs:7:1
original-mining	Shared wall rules and checkpoint compatibility	2026-10-06T18:25:32.2534503Z    |
original-mining	Shared wall rules and checkpoint compatibility	2026-10-06T18:25:32.2534744Z 7  | pub(super) enum ZoneCombatEntityRef {
original-mining	Shared wall rules and checkpoint compatibility	2026-10-06T18:25:32.2535059Z    | ^^^^^^^^^^^^^^^^^^^^^^^^^^^^^^^^^^^
original-mining	Shared wall rules and checkpoint compatibility	2026-10-06T18:25:32.2535476Z 
original-mining	Shared wall rules and checkpoint compatibility	2026-10-06T18:25:32.2535808Z warning: type `ZoneCombatEntityRef` is more private than the item `HornedEncounterHit::target_ref`
original-mining	Shared wall rules and checkpoint compatibility	2026-10-06T18:25:32.2536493Z   --> apps/simulation/src/runtime/zone/runtime/horned_encounter_ai.rs:41:5
original-mining	Shared wall rules and checkpoint compatibility	2026-10-06T18:25:32.2536919Z    |
original-mining	Shared wall rules and checkpoint compatibility	2026-10-06T18:25:32.2537180Z 41 |     pub target_ref: Option<ZoneCombatEntityRef>,
original-mining	Shared wall rules and checkpoint compatibility	2026-10-06T18:25:32.2537827Z    |     ^^^^^^^^^^^^^^^^^^^^^^^^^^^^^^^^^^^^^^^^^^^ field `HornedEncounterHit::target_ref` is reachable at visibility `pub(in crate::runtime::zone)`
original-mining	Shared wall rules and checkpoint compatibility	2026-10-06T18:25:32.2538416Z    |
original-mining	Shared wall rules and checkpoint compatibility	2026-10-06T18:25:32.2538863Z note: but type `ZoneCombatEntityRef` is only usable at visibility `pub(in crate::runtime::zone::runtime)`
original-mining	Shared wall rules and checkpoint compatibility	2026-10-06T18:25:32.2539535Z   --> apps/simulation/src/runtime/zone/runtime/entity_combat.rs:7:1
original-mining	Shared wall rules and checkpoint compatibility	2026-10-06T18:25:32.2539936Z    |
original-mining	Shared wall rules and checkpoint compatibility	2026-10-06T18:25:32.2540178Z 7  | pub(super) enum ZoneCombatEntityRef {
original-mining	Shared wall rules and checkpoint compatibility	2026-10-06T18:25:32.2540500Z    | ^^^^^^^^^^^^^^^^^^^^^^^^^^^^^^^^^^^
original-mining	Shared wall rules and checkpoint compatibility	2026-10-06T18:25:32.2540703Z 
original-mining	Shared wall rules and checkpoint compatibility	2026-10-06T18:25:32.2541035Z warning: type `ZoneCombatEntityRef` is more private than the item `HornedMapSpell::source_ref`
original-mining	Shared wall rules and checkpoint compatibility	2026-10-06T18:25:32.2541716Z   --> apps/simulation/src/runtime/zone/runtime/horned_encounter_ai.rs:60:5
original-mining	Shared wall rules and checkpoint compatibility	2026-10-06T18:25:32.2542147Z    |
original-mining	Shared wall rules and checkpoint compatibility	2026-10-06T18:25:32.2542401Z 60 |     pub source_ref: Option<ZoneCombatEntityRef>,
original-mining	Shared wall rules and checkpoint compatibility	2026-10-06T18:25:32.2543039Z    |     ^^^^^^^^^^^^^^^^^^^^^^^^^^^^^^^^^^^^^^^^^^^ field `HornedMapSpell::source_ref` is reachable at visibility `pub(in crate::runtime::zone)`
original-mining	Shared wall rules and checkpoint compatibility	2026-10-06T18:25:32.2543780Z    |
original-mining	Shared wall rules and checkpoint compatibility	2026-10-06T18:25:32.2544248Z note: but type `ZoneCombatEntityRef` is only usable at visibility `pub(in crate::runtime::zone::runtime)`
original-mining	Shared wall rules and checkpoint compatibility	2026-10-06T18:25:32.2544917Z   --> apps/simulation/src/runtime/zone/runtime/entity_combat.rs:7:1
original-mining	Shared wall rules and checkpoint compatibility	2026-10-06T18:25:32.2545337Z    |
original-mining	Shared wall rules and checkpoint compatibility	2026-10-06T18:25:32.2545592Z 7  | pub(super) enum ZoneCombatEntityRef {
original-mining	Shared wall rules and checkpoint compatibility	2026-10-06T18:25:32.2545901Z    | ^^^^^^^^^^^^^^^^^^^^^^^^^^^^^^^^^^^
original-mining	Shared wall rules and checkpoint compatibility	2026-10-06T18:25:32.2546106Z 
original-mining	Shared wall rules and checkpoint compatibility	2026-10-06T18:25:32.2546410Z warning: type `ZoneCombatEntityRef` is more private than the item `HornedState::target_ref`
original-mining	Shared wall rules and checkpoint compatibility	2026-10-06T18:25:32.2547024Z   --> apps/simulation/src/runtime/zone/runtime/horned_ai.rs:14:5
original-mining	Shared wall rules and checkpoint compatibility	2026-10-06T18:25:32.2547437Z    |
original-mining	Shared wall rules and checkpoint compatibility	2026-10-06T18:25:32.2547703Z 14 |     pub target_ref: Option<ZoneCombatEntityRef>,
original-mining	Shared wall rules and checkpoint compatibility	2026-10-06T18:25:32.2548330Z    |     ^^^^^^^^^^^^^^^^^^^^^^^^^^^^^^^^^^^^^^^^^^^ field `HornedState::target_ref` is reachable at visibility `pub(in crate::runtime::zone)`
original-mining	Shared wall rules and checkpoint compatibility	2026-10-06T18:25:32.2548870Z    |
original-mining	Shared wall rules and checkpoint compatibility	2026-10-06T18:25:32.2549326Z note: but type `ZoneCombatEntityRef` is only usable at visibility `pub(in crate::runtime::zone::runtime)`
original-mining	Shared wall rules and checkpoint compatibility	2026-10-06T18:25:32.2550025Z   --> apps/simulation/src/runtime/zone/runtime/entity_combat.rs:7:1
original-mining	Shared wall rules and checkpoint compatibility	2026-10-06T18:25:32.2550450Z    |
original-mining	Shared wall rules and checkpoint compatibility	2026-10-06T18:25:32.2550691Z 7  | pub(super) enum ZoneCombatEntityRef {
original-mining	Shared wall rules and checkpoint compatibility	2026-10-06T18:25:32.2551217Z    | ^^^^^^^^^^^^^^^^^^^^^^^^^^^^^^^^^^^
original-mining	Shared wall rules and checkpoint compatibility	2026-10-06T18:25:32.2551412Z 
original-mining	Shared wall rules and checkpoint compatibility	2026-10-06T18:25:32.2551706Z warning: type `ZoneCombatEntityRef` is more private than the item `HornedHit::source_ref`
original-mining	Shared wall rules and checkpoint compatibility	2026-10-06T18:25:32.2552305Z   --> apps/simulation/src/runtime/zone/runtime/horned_ai.rs:28:5
original-mining	Shared wall rules and checkpoint compatibility	2026-10-06T18:25:32.2552702Z    |
original-mining	Shared wall rules and checkpoint compatibility	2026-10-06T18:25:32.2552970Z 28 |     pub source_ref: Option<ZoneCombatEntityRef>,
original-mining	Shared wall rules and checkpoint compatibility	2026-10-06T18:25:32.2553723Z    |     ^^^^^^^^^^^^^^^^^^^^^^^^^^^^^^^^^^^^^^^^^^^ field `HornedHit::source_ref` is reachable at visibility `pub(in crate::runtime::zone)`
original-mining	Shared wall rules and checkpoint compatibility	2026-10-06T18:25:32.2554235Z    |
original-mining	Shared wall rules and checkpoint compatibility	2026-10-06T18:25:32.2554686Z note: but type `ZoneCombatEntityRef` is only usable at visibility `pub(in crate::runtime::zone::runtime)`
original-mining	Shared wall rules and checkpoint compatibility	2026-10-06T18:25:32.2555316Z   --> apps/simulation/src/runtime/zone/runtime/entity_combat.rs:7:1
original-mining	Shared wall rules and checkpoint compatibility	2026-10-06T18:25:32.2555705Z    |
original-mining	Shared wall rules and checkpoint compatibility	2026-10-06T18:25:32.2555940Z 7  | pub(super) enum ZoneCombatEntityRef {
original-mining	Shared wall rules and checkpoint compatibility	2026-10-06T18:25:32.2556273Z    | ^^^^^^^^^^^^^^^^^^^^^^^^^^^^^^^^^^^
original-mining	Shared wall rules and checkpoint compatibility	2026-10-06T18:25:32.2556472Z 
original-mining	Shared wall rules and checkpoint compatibility	2026-10-06T18:25:32.2556769Z warning: type `ZoneCombatEntityRef` is more private than the item `HornedHit::target_ref`
original-mining	Shared wall rules and checkpoint compatibility	2026-10-06T18:25:32.2557572Z   --> apps/simulation/src/runtime/zone/runtime/horned_ai.rs:30:5
original-mining	Shared wall rules and checkpoint compatibility	2026-10-06T18:25:32.2557952Z    |
original-mining	Shared wall rules and checkpoint compatibility	2026-10-06T18:25:32.2558206Z 30 |     pub target_ref: Option<ZoneCombatEntityRef>,
original-mining	Shared wall rules and checkpoint compatibility	2026-10-06T18:25:32.2558839Z    |     ^^^^^^^^^^^^^^^^^^^^^^^^^^^^^^^^^^^^^^^^^^^ field `HornedHit::target_ref` is reachable at visibility `pub(in crate::runtime::zone)`
original-mining	Shared wall rules and checkpoint compatibility	2026-10-06T18:25:32.2559380Z    |
original-mining	Shared wall rules and checkpoint compatibility	2026-10-06T18:25:32.2559861Z note: but type `ZoneCombatEntityRef` is only usable at visibility `pub(in crate::runtime::zone::runtime)`
original-mining	Shared wall rules and checkpoint compatibility	2026-10-06T18:25:32.2560539Z   --> apps/simulation/src/runtime/zone/runtime/entity_combat.rs:7:1
original-mining	Shared wall rules and checkpoint compatibility	2026-10-06T18:25:32.2560951Z    |
original-mining	Shared wall rules and checkpoint compatibility	2026-10-06T18:25:32.2561193Z 7  | pub(super) enum ZoneCombatEntityRef {
original-mining	Shared wall rules and checkpoint compatibility	2026-10-06T18:25:32.2561524Z    | ^^^^^^^^^^^^^^^^^^^^^^^^^^^^^^^^^^^
original-mining	Shared wall rules and checkpoint compatibility	2026-10-06T18:25:32.2561734Z 
original-mining	Shared wall rules and checkpoint compatibility	2026-10-06T18:25:32.2562063Z warning: type `ZoneCombatEntityRef` is more private than the item `HellState::explosion_source_ref`
original-mining	Shared wall rules and checkpoint compatibility	2026-10-06T18:25:32.2562697Z   --> apps/simulation/src/runtime/zone/runtime/hell_ai.rs:14:5
original-mining	Shared wall rules and checkpoint compatibility	2026-10-06T18:25:32.2563103Z    |
original-mining	Shared wall rules and checkpoint compatibility	2026-10-06T18:25:32.2563409Z 14 |     pub explosion_source_ref: Option<ZoneCombatEntityRef>,
original-mining	Shared wall rules and checkpoint compatibility	2026-10-06T18:25:32.2564245Z    |     ^^^^^^^^^^^^^^^^^^^^^^^^^^^^^^^^^^^^^^^^^^^^^^^^^^^^^ field `HellState::explosion_source_ref` is reachable at visibility `pub(in crate::runtime::zone)`
original-mining	Shared wall rules and checkpoint compatibility	2026-10-06T18:25:32.2564863Z    |
original-mining	Shared wall rules and checkpoint compatibility	2026-10-06T18:25:32.2565305Z note: but type `ZoneCombatEntityRef` is only usable at visibility `pub(in crate::runtime::zone::runtime)`
original-mining	Shared wall rules and checkpoint compatibility	2026-10-06T18:25:32.2565962Z   --> apps/simulation/src/runtime/zone/runtime/entity_combat.rs:7:1
original-mining	Shared wall rules and checkpoint compatibility	2026-10-06T18:25:32.2566336Z    |
original-mining	Shared wall rules and checkpoint compatibility	2026-10-06T18:25:32.2566578Z 7  | pub(super) enum ZoneCombatEntityRef {
original-mining	Shared wall rules and checkpoint compatibility	2026-10-06T18:25:32.2566897Z    | ^^^^^^^^^^^^^^^^^^^^^^^^^^^^^^^^^^^
original-mining	Shared wall rules and checkpoint compatibility	2026-10-06T18:25:32.2567094Z 
original-mining	Shared wall rules and checkpoint compatibility	2026-10-06T18:25:32.2567399Z warning: type `ZoneCombatEntityRef` is more private than the item `SpiderAiState::parent_ref`
original-mining	Shared wall rules and checkpoint compatibility	2026-10-06T18:25:32.2568019Z   --> apps/simulation/src/runtime/zone/runtime/spider_ai.rs:40:5
original-mining	Shared wall rules and checkpoint compatibility	2026-10-06T18:25:32.2568394Z    |
original-mining	Shared wall rules and checkpoint compatibility	2026-10-06T18:25:32.2568644Z 40 |     pub parent_ref: Option<ZoneCombatEntityRef>,
original-mining	Shared wall rules and checkpoint compatibility	2026-10-06T18:25:32.2569272Z    |     ^^^^^^^^^^^^^^^^^^^^^^^^^^^^^^^^^^^^^^^^^^^ field `SpiderAiState::parent_ref` is reachable at visibility `pub(in crate::runtime::zone)`
original-mining	Shared wall rules and checkpoint compatibility	2026-10-06T18:25:32.2569806Z    |
original-mining	Shared wall rules and checkpoint compatibility	2026-10-06T18:25:32.2570260Z note: but type `ZoneCombatEntityRef` is only usable at visibility `pub(in crate::runtime::zone::runtime)`
original-mining	Shared wall rules and checkpoint compatibility	2026-10-06T18:25:32.2570899Z   --> apps/simulation/src/runtime/zone/runtime/entity_combat.rs:7:1
original-mining	Shared wall rules and checkpoint compatibility	2026-10-06T18:25:32.2571281Z    |
original-mining	Shared wall rules and checkpoint compatibility	2026-10-06T18:25:32.2571513Z 7  | pub(super) enum ZoneCombatEntityRef {
original-mining	Shared wall rules and checkpoint compatibility	2026-10-06T18:25:32.2571828Z    | ^^^^^^^^^^^^^^^^^^^^^^^^^^^^^^^^^^^
original-mining	Shared wall rules and checkpoint compatibility	2026-10-06T18:25:32.2572023Z 
original-mining	Shared wall rules and checkpoint compatibility	2026-10-06T18:25:32.2572559Z warning: type `ZoneCombatEntityRef` is more private than the item `PendingRootSpiderSpawn::source`
original-mining	Shared wall rules and checkpoint compatibility	2026-10-06T18:25:32.2573224Z   --> apps/simulation/src/runtime/zone/runtime/spider_ai.rs:52:5
original-mining	Shared wall rules and checkpoint compatibility	2026-10-06T18:25:32.2573777Z    |
original-mining	Shared wall rules and checkpoint compatibility	2026-10-06T18:25:32.2574042Z 52 |     pub source: Option<ZoneCombatEntityRef>,
original-mining	Shared wall rules and checkpoint compatibility	2026-10-06T18:25:32.2574720Z    |     ^^^^^^^^^^^^^^^^^^^^^^^^^^^^^^^^^^^^^^^ field `PendingRootSpiderSpawn::source` is reachable at visibility `pub(in crate::runtime::zone)`
original-mining	Shared wall rules and checkpoint compatibility	2026-10-06T18:25:32.2575319Z    |
original-mining	Shared wall rules and checkpoint compatibility	2026-10-06T18:25:32.2575784Z note: but type `ZoneCombatEntityRef` is only usable at visibility `pub(in crate::runtime::zone::runtime)`
original-mining	Shared wall rules and checkpoint compatibility	2026-10-06T18:25:32.2576455Z   --> apps/simulation/src/runtime/zone/runtime/entity_combat.rs:7:1
original-mining	Shared wall rules and checkpoint compatibility	2026-10-06T18:25:32.2576876Z    |
original-mining	Shared wall rules and checkpoint compatibility	2026-10-06T18:25:32.2577132Z 7  | pub(super) enum ZoneCombatEntityRef {
original-mining	Shared wall rules and checkpoint compatibility	2026-10-06T18:25:32.2577479Z    | ^^^^^^^^^^^^^^^^^^^^^^^^^^^^^^^^^^^
original-mining	Shared wall rules and checkpoint compatibility	2026-10-06T18:25:32.2577693Z 
original-mining	Shared wall rules and checkpoint compatibility	2026-10-06T18:25:32.2578024Z warning: type `ZoneCombatEntityRef` is more private than the item `PendingRootSpiderSpawn::target`
original-mining	Shared wall rules and checkpoint compatibility	2026-10-06T18:25:32.2578753Z   --> apps/simulation/src/runtime/zone/runtime/spider_ai.rs:54:5
original-mining	Shared wall rules and checkpoint compatibility	2026-10-06T18:25:32.2579371Z    |
original-mining	Shared wall rules and checkpoint compatibility	2026-10-06T18:25:32.2579624Z 54 |     pub target: Option<ZoneCombatEntityRef>,
original-mining	Shared wall rules and checkpoint compatibility	2026-10-06T18:25:32.2580328Z    |     ^^^^^^^^^^^^^^^^^^^^^^^^^^^^^^^^^^^^^^^ field `PendingRootSpiderSpawn::target` is reachable at visibility `pub(in crate::runtime::zone)`
original-mining	Shared wall rules and checkpoint compatibility	2026-10-06T18:25:32.2580942Z    |
original-mining	Shared wall rules and checkpoint compatibility	2026-10-06T18:25:32.2581404Z note: but type `ZoneCombatEntityRef` is only usable at visibility `pub(in crate::runtime::zone::runtime)`
original-mining	Shared wall rules and checkpoint compatibility	2026-10-06T18:25:32.2582068Z   --> apps/simulation/src/runtime/zone/runtime/entity_combat.rs:7:1
original-mining	Shared wall rules and checkpoint compatibility	2026-10-06T18:25:32.2582469Z    |
original-mining	Shared wall rules and checkpoint compatibility	2026-10-06T18:25:32.2582716Z 7  | pub(super) enum ZoneCombatEntityRef {
original-mining	Shared wall rules and checkpoint compatibility	2026-10-06T18:25:32.2583047Z    | ^^^^^^^^^^^^^^^^^^^^^^^^^^^^^^^^^^^
original-mining	Shared wall rules and checkpoint compatibility	2026-10-06T18:25:32.2583261Z 
original-mining	Shared wall rules and checkpoint compatibility	2026-10-06T18:25:32.3801879Z warning: methods `scoped_to_account` and `scoped_to_accounts` are never used
original-mining	Shared wall rules and checkpoint compatibility	2026-10-06T18:25:32.3802992Z    --> apps/simulation/src/config.rs:404:8
original-mining	Shared wall rules and checkpoint compatibility	2026-10-06T18:25:32.3812983Z     |
original-mining	Shared wall rules and checkpoint compatibility	2026-10-06T18:25:32.3813496Z 266 | impl AccountStore {
original-mining	Shared wall rules and checkpoint compatibility	2026-10-06T18:25:32.3814335Z     | ----------------- methods in this implementation
original-mining	Shared wall rules and checkpoint compatibility	2026-10-06T18:25:32.3814706Z ...
original-mining	Shared wall rules and checkpoint compatibility	2026-10-06T18:25:32.3815032Z 404 |     fn scoped_to_account(&self, account_id: &str) -> Self {
original-mining	Shared wall rules and checkpoint compatibility	2026-10-06T18:25:32.3815443Z     |        ^^^^^^^^^^^^^^^^^
original-mining	Shared wall rules and checkpoint compatibility	2026-10-06T18:25:32.3815702Z ...
original-mining	Shared wall rules and checkpoint compatibility	2026-10-06T18:25:32.3815993Z 408 |     fn scoped_to_accounts(&self, account_ids: &[&str]) -> Self {
original-mining	Shared wall rules and checkpoint compatibility	2026-10-06T18:25:32.3816417Z     |        ^^^^^^^^^^^^^^^^^^
original-mining	Shared wall rules and checkpoint compatibility	2026-10-06T18:25:32.3816693Z     |
original-mining	Shared wall rules and checkpoint compatibility	2026-10-06T18:25:32.3816933Z     = note: `#[warn(dead_code)]` on by default
original-mining	Shared wall rules and checkpoint compatibility	2026-10-06T18:25:32.3817160Z 
original-mining	Shared wall rules and checkpoint compatibility	2026-10-06T18:25:32.3817353Z warning: variant `AccountsWithHeroes` is never constructed
original-mining	Shared wall rules and checkpoint compatibility	2026-10-06T18:25:32.3817779Z    --> apps/simulation/src/config.rs:489:5
original-mining	Shared wall rules and checkpoint compatibility	2026-10-06T18:25:32.3818098Z     |
original-mining	Shared wall rules and checkpoint compatibility	2026-10-06T18:25:32.3818363Z 486 | enum AccountStoreMutationScope<'a> {
original-mining	Shared wall rules and checkpoint compatibility	2026-10-06T18:25:32.3818744Z     |      ------------------------- variant in this enum
original-mining	Shared wall rules and checkpoint compatibility	2026-10-06T18:25:32.3819073Z ...
original-mining	Shared wall rules and checkpoint compatibility	2026-10-06T18:25:32.3819478Z 489 |     AccountsWithHeroes { account_ids: &'a [String], hero_ids: &'a [i32], allocate: bool },
original-mining	Shared wall rules and checkpoint compatibility	2026-10-06T18:25:32.3819976Z     |     ^^^^^^^^^^^^^^^^^^
original-mining	Shared wall rules and checkpoint compatibility	2026-10-06T18:25:32.3820241Z     |
original-mining	Shared wall rules and checkpoint compatibility	2026-10-06T18:25:32.3820882Z     = note: `AccountStoreMutationScope` has derived impls for the traits `Clone` and `Debug`, but these are intentionally ignored during dead code analysis
original-mining	Shared wall rules and checkpoint compatibility	2026-10-06T18:25:32.3821510Z 
original-mining	Shared wall rules and checkpoint compatibility	2026-10-06T18:25:32.3821689Z warning: field `admitted_minutes` is never read
original-mining	Shared wall rules and checkpoint compatibility	2026-10-06T18:25:32.3822136Z   --> apps/simulation/src/config_guild_clock_transactions.rs:13:9
original-mining	Shared wall rules and checkpoint compatibility	2026-10-06T18:25:32.3822515Z    |
original-mining	Shared wall rules and checkpoint compatibility	2026-10-06T18:25:32.3822810Z 6  | pub(in crate::config) struct GuildClockCommitReceipt {
original-mining	Shared wall rules and checkpoint compatibility	2026-10-06T18:25:32.3823252Z    |                              ----------------------- field in this struct
original-mining	Shared wall rules and checkpoint compatibility	2026-10-06T18:25:32.3823773Z ...
original-mining	Shared wall rules and checkpoint compatibility	2026-10-06T18:25:32.3824266Z 13 |     pub admitted_minutes: u64,
original-mining	Shared wall rules and checkpoint compatibility	2026-10-06T18:25:32.3824589Z    |         ^^^^^^^^^^^^^^^^
original-mining	Shared wall rules and checkpoint compatibility	2026-10-06T18:25:32.3824869Z    |
original-mining	Shared wall rules and checkpoint compatibility	2026-10-06T18:25:32.3825532Z    = note: `GuildClockCommitReceipt` has derived impls for the traits `Clone` and `Debug`, but these are intentionally ignored during dead code analysis
original-mining	Shared wall rules and checkpoint compatibility	2026-10-06T18:25:32.3826196Z 
original-mining	Shared wall rules and checkpoint compatibility	2026-10-06T18:25:32.3826375Z warning: function `commit_postgres_tick` is never used
original-mining	Shared wall rules and checkpoint compatibility	2026-10-06T18:25:32.3826863Z   --> apps/simulation/src/config_guild_clock_transactions.rs:17:26
original-mining	Shared wall rules and checkpoint compatibility	2026-10-06T18:25:32.3827283Z    |
original-mining	Shared wall rules and checkpoint compatibility	2026-10-06T18:25:32.3827559Z 17 | pub(in crate::config) fn commit_postgres_tick(
original-mining	Shared wall rules and checkpoint compatibility	2026-10-06T18:25:32.3827938Z    |                          ^^^^^^^^^^^^^^^^^^^^
original-mining	Shared wall rules and checkpoint compatibility	2026-10-06T18:25:32.3828314Z 
original-mining	Shared wall rules and checkpoint compatibility	2026-10-06T18:25:32.3828491Z warning: function `commit_postgres_tick_checked` is never used
original-mining	Shared wall rules and checkpoint compatibility	2026-10-06T18:25:32.3829010Z   --> apps/simulation/src/config_guild_clock_transactions.rs:24:26
original-mining	Shared wall rules and checkpoint compatibility	2026-10-06T18:25:32.3829411Z    |
original-mining	Shared wall rules and checkpoint compatibility	2026-10-06T18:25:32.3829676Z 24 | pub(in crate::config) fn commit_postgres_tick_checked(
original-mining	Shared wall rules and checkpoint compatibility	2026-10-06T18:25:32.3830073Z    |                          ^^^^^^^^^^^^^^^^^^^^^^^^^^^^
original-mining	Shared wall rules and checkpoint compatibility	2026-10-06T18:25:32.3830316Z 
original-mining	Shared wall rules and checkpoint compatibility	2026-10-06T18:25:32.3830656Z warning: method `item_identity_path` is never used
original-mining	Shared wall rules and checkpoint compatibility	2026-10-06T18:25:32.3831043Z    --> apps/simulation/src/config_file_authority.rs:102:19
original-mining	Shared wall rules and checkpoint compatibility	2026-10-06T18:25:32.3831374Z     |
original-mining	Shared wall rules and checkpoint compatibility	2026-10-06T18:25:32.3831587Z 99  | impl FileAuthority {
original-mining	Shared wall rules and checkpoint compatibility	2026-10-06T18:25:32.3831881Z     | ------------------ method in this implementation
original-mining	Shared wall rules and checkpoint compatibility	2026-10-06T18:25:32.3832189Z ...
original-mining	Shared wall rules and checkpoint compatibility	2026-10-06T18:25:32.3832643Z 102 |     pub(super) fn item_identity_path(&self, config: &SimulationConfig) -> Result<PathBuf, String> {
original-mining	Shared wall rules and checkpoint compatibility	2026-10-06T18:25:32.3833274Z     |                   ^^^^^^^^^^^^^^^^^^
original-mining	Shared wall rules and checkpoint compatibility	2026-10-06T18:25:32.3833462Z 
original-mining	Shared wall rules and checkpoint compatibility	2026-10-06T18:25:32.3833763Z warning: method `refresh_shared_hero_authority` is never used
original-mining	Shared wall rules and checkpoint compatibility	2026-10-06T18:25:32.3834188Z  --> apps/simulation/src/config_hero_authority.rs:8:19
original-mining	Shared wall rules and checkpoint compatibility	2026-10-06T18:25:32.3834513Z   |
original-mining	Shared wall rules and checkpoint compatibility	2026-10-06T18:25:32.3834724Z 7 | impl SimulationConfig {
original-mining	Shared wall rules and checkpoint compatibility	2026-10-06T18:25:32.3835032Z   | --------------------- method in this implementation
original-mining	Shared wall rules and checkpoint compatibility	2026-10-06T18:25:32.3835475Z 8 |     pub(crate) fn refresh_shared_hero_authority(&self)->Result<(),String>{
original-mining	Shared wall rules and checkpoint compatibility	2026-10-06T18:25:32.3835908Z   |                   ^^^^^^^^^^^^^^^^^^^^^^^^^^^^^
original-mining	Shared wall rules and checkpoint compatibility	2026-10-06T18:25:32.3836130Z 
original-mining	Shared wall rules and checkpoint compatibility	2026-10-06T18:25:32.3836336Z warning: method `shared_guild_authority_snapshot` is never used
original-mining	Shared wall rules and checkpoint compatibility	2026-10-06T18:25:32.3836812Z    --> apps/simulation/src/config_shared_guilds.rs:845:19
original-mining	Shared wall rules and checkpoint compatibility	2026-10-06T18:25:32.3837174Z     |
original-mining	Shared wall rules and checkpoint compatibility	2026-10-06T18:25:32.3837386Z 844 | impl SimulationConfig {
original-mining	Shared wall rules and checkpoint compatibility	2026-10-06T18:25:32.3837686Z     | --------------------- method in this implementation
original-mining	Shared wall rules and checkpoint compatibility	2026-10-06T18:25:32.3838064Z 845 |     pub(crate) fn shared_guild_authority_snapshot(
original-mining	Shared wall rules and checkpoint compatibility	2026-10-06T18:25:32.3838440Z     |                   ^^^^^^^^^^^^^^^^^^^^^^^^^^^^^^^
original-mining	Shared wall rules and checkpoint compatibility	2026-10-06T18:25:32.3838646Z 
original-mining	Shared wall rules and checkpoint compatibility	2026-10-06T18:25:32.3838782Z warning: variant `MacAgility` is never constructed
original-mining	Shared wall rules and checkpoint compatibility	2026-10-06T18:25:32.3839146Z    --> apps/simulation/src/runtime/combat.rs:785:5
original-mining	Shared wall rules and checkpoint compatibility	2026-10-06T18:25:32.3839479Z     |
original-mining	Shared wall rules and checkpoint compatibility	2026-10-06T18:25:32.3839690Z 778 | pub(super) enum CrystalDefence {
original-mining	Shared wall rules and checkpoint compatibility	2026-10-06T18:25:32.3840012Z     |                 -------------- variant in this enum
original-mining	Shared wall rules and checkpoint compatibility	2026-10-06T18:25:32.3840326Z ...
original-mining	Shared wall rules and checkpoint compatibility	2026-10-06T18:25:32.3840540Z 785 |     MacAgility,
original-mining	Shared wall rules and checkpoint compatibility	2026-10-06T18:25:32.3840792Z     |     ^^^^^^^^^^
original-mining	Shared wall rules and checkpoint compatibility	2026-10-06T18:25:32.3841029Z     |
original-mining	Shared wall rules and checkpoint compatibility	2026-10-06T18:25:32.3841626Z     = note: `CrystalDefence` has derived impls for the traits `Debug` and `Clone`, but these are intentionally ignored during dead code analysis
original-mining	Shared wall rules and checkpoint compatibility	2026-10-06T18:25:32.3842201Z 
original-mining	Shared wall rules and checkpoint compatibility	2026-10-06T18:25:32.3842425Z warning: constant `CRYSTAL_BAG_WEIGHT_LIMIT` is never used
original-mining	Shared wall rules and checkpoint compatibility	2026-10-06T18:25:32.3842837Z   --> apps/simulation/src/runtime/drops.rs:72:18
original-mining	Shared wall rules and checkpoint compatibility	2026-10-06T18:25:32.3843197Z    |
original-mining	Shared wall rules and checkpoint compatibility	2026-10-06T18:25:32.3843897Z 72 | pub(super) const CRYSTAL_BAG_WEIGHT_LIMIT: u32 = 100;
original-mining	Shared wall rules and checkpoint compatibility	2026-10-06T18:25:32.3844301Z    |                  ^^^^^^^^^^^^^^^^^^^^^^^^
original-mining	Shared wall rules and checkpoint compatibility	2026-10-06T18:25:32.3844527Z 
original-mining	Shared wall rules and checkpoint compatibility	2026-10-06T18:25:32.3844771Z warning: function `resolved_monster_drop_templates_at_tick` is never used
original-mining	Shared wall rules and checkpoint compatibility	2026-10-06T18:25:32.3845484Z    --> apps/simulation/src/runtime/drops.rs:466:15
original-mining	Shared wall rules and checkpoint compatibility	2026-10-06T18:25:32.3845837Z     |
original-mining	Shared wall rules and checkpoint compatibility	2026-10-06T18:25:32.3846151Z 466 | pub(super) fn resolved_monster_drop_templates_at_tick(
original-mining	Shared wall rules and checkpoint compatibility	2026-10-06T18:25:32.3846573Z     |               ^^^^^^^^^^^^^^^^^^^^^^^^^^^^^^^^^^^^^^^
original-mining	Shared wall rules and checkpoint compatibility	2026-10-06T18:25:32.3846807Z 
original-mining	Shared wall rules and checkpoint compatibility	2026-10-06T18:25:32.3847028Z warning: function `crystal_monster_drop_templates` is never used
original-mining	Shared wall rules and checkpoint compatibility	2026-10-06T18:25:32.3847497Z    --> apps/simulation/src/runtime/drops.rs:537:15
original-mining	Shared wall rules and checkpoint compatibility	2026-10-06T18:25:32.3847832Z     |
original-mining	Shared wall rules and checkpoint compatibility	2026-10-06T18:25:32.3848103Z 537 | pub(super) fn crystal_monster_drop_templates(
original-mining	Shared wall rules and checkpoint compatibility	2026-10-06T18:25:32.3848466Z     |               ^^^^^^^^^^^^^^^^^^^^^^^^^^^^^^
original-mining	Shared wall rules and checkpoint compatibility	2026-10-06T18:25:32.3848693Z 
original-mining	Shared wall rules and checkpoint compatibility	2026-10-06T18:25:32.3848887Z warning: function `crystal_resolve_group_drop` is never used
original-mining	Shared wall rules and checkpoint compatibility	2026-10-06T18:25:32.3849331Z    --> apps/simulation/src/runtime/drops.rs:612:15
original-mining	Shared wall rules and checkpoint compatibility	2026-10-06T18:25:32.3849640Z     |
original-mining	Shared wall rules and checkpoint compatibility	2026-10-06T18:25:32.3849898Z 612 | pub(super) fn crystal_resolve_group_drop(
original-mining	Shared wall rules and checkpoint compatibility	2026-10-06T18:25:32.3850217Z     |               ^^^^^^^^^^^^^^^^^^^^^^^^^^
original-mining	Shared wall rules and checkpoint compatibility	2026-10-06T18:25:32.3850402Z 
original-mining	Shared wall rules and checkpoint compatibility	2026-10-06T18:25:32.3850573Z warning: function `crystal_drop_entry_should_drop` is never used
original-mining	Shared wall rules and checkpoint compatibility	2026-10-06T18:25:32.3851122Z    --> apps/simulation/src/runtime/drops.rs:667:15
original-mining	Shared wall rules and checkpoint compatibility	2026-10-06T18:25:32.3851419Z     |
original-mining	Shared wall rules and checkpoint compatibility	2026-10-06T18:25:32.3851656Z 667 | pub(super) fn crystal_drop_entry_should_drop(
original-mining	Shared wall rules and checkpoint compatibility	2026-10-06T18:25:32.3851989Z     |               ^^^^^^^^^^^^^^^^^^^^^^^^^^^^^^
original-mining	Shared wall rules and checkpoint compatibility	2026-10-06T18:25:32.3852174Z 
original-mining	Shared wall rules and checkpoint compatibility	2026-10-06T18:25:32.3852307Z warning: method `socketed_count` is never used
original-mining	Shared wall rules and checkpoint compatibility	2026-10-06T18:25:32.3852667Z    --> apps/simulation/src/runtime/equipment.rs:304:19
original-mining	Shared wall rules and checkpoint compatibility	2026-10-06T18:25:32.3852984Z     |
original-mining	Shared wall rules and checkpoint compatibility	2026-10-06T18:25:32.3853196Z 120 | impl EquipmentState {
original-mining	Shared wall rules and checkpoint compatibility	2026-10-06T18:25:32.3853498Z     | ------------------- method in this implementation
original-mining	Shared wall rules and checkpoint compatibility	2026-10-06T18:25:32.3853932Z ...
original-mining	Shared wall rules and checkpoint compatibility	2026-10-06T18:25:32.3854185Z 304 |     pub(super) fn socketed_count(&self) -> usize {
original-mining	Shared wall rules and checkpoint compatibility	2026-10-06T18:25:32.3854525Z     |                   ^^^^^^^^^^^^^^
original-mining	Shared wall rules and checkpoint compatibility	2026-10-06T18:25:32.3854707Z 
original-mining	Shared wall rules and checkpoint compatibility	2026-10-06T18:25:32.3854877Z warning: function `equipment_state_identified` is never used
original-mining	Shared wall rules and checkpoint compatibility	2026-10-06T18:25:32.3855320Z    --> apps/simulation/src/runtime/equipment.rs:309:15
original-mining	Shared wall rules and checkpoint compatibility	2026-10-06T18:25:32.3855649Z     |
original-mining	Shared wall rules and checkpoint compatibility	2026-10-06T18:25:32.3855985Z 309 | pub(super) fn equipment_state_identified(item: &EquipmentState) -> bool {
original-mining	Shared wall rules and checkpoint compatibility	2026-10-06T18:25:32.3856412Z     |               ^^^^^^^^^^^^^^^^^^^^^^^^^^
original-mining	Shared wall rules and checkpoint compatibility	2026-10-06T18:25:32.3856618Z 
original-mining	Shared wall rules and checkpoint compatibility	2026-10-06T18:25:32.3856794Z warning: function `equipment_state_soul_bound_id` is never used
original-mining	Shared wall rules and checkpoint compatibility	2026-10-06T18:25:32.3857217Z    --> apps/simulation/src/runtime/equipment.rs:314:15
original-mining	Shared wall rules and checkpoint compatibility	2026-10-06T18:25:32.3857536Z     |
original-mining	Shared wall rules and checkpoint compatibility	2026-10-06T18:25:32.3857875Z 314 | pub(super) fn equipment_state_soul_bound_id(item: &EquipmentState) -> i32 {
original-mining	Shared wall rules and checkpoint compatibility	2026-10-06T18:25:32.3858330Z     |               ^^^^^^^^^^^^^^^^^^^^^^^^^^^^^
original-mining	Shared wall rules and checkpoint compatibility	2026-10-06T18:25:32.3858529Z 
original-mining	Shared wall rules and checkpoint compatibility	2026-10-06T18:25:32.3858719Z warning: function `hero_inventory_equipment_slot` is never used
original-mining	Shared wall rules and checkpoint compatibility	2026-10-06T18:25:32.3859151Z    --> apps/simulation/src/runtime/hero_ai.rs:180:4
original-mining	Shared wall rules and checkpoint compatibility	2026-10-06T18:25:32.3859468Z     |
original-mining	Shared wall rules and checkpoint compatibility	2026-10-06T18:25:32.3859819Z 180 | fn hero_inventory_equipment_slot(item: &ItemState) -> Option<EquipmentSlot> {
original-mining	Shared wall rules and checkpoint compatibility	2026-10-06T18:25:32.3860278Z     |    ^^^^^^^^^^^^^^^^^^^^^^^^^^^^^
original-mining	Shared wall rules and checkpoint compatibility	2026-10-06T18:25:32.3860462Z 
original-mining	Shared wall rules and checkpoint compatibility	2026-10-06T18:25:32.3860633Z warning: function `hero_inventory_item_is_broken` is never used
original-mining	Shared wall rules and checkpoint compatibility	2026-10-06T18:25:32.3861035Z    --> apps/simulation/src/runtime/hero_ai.rs:185:4
original-mining	Shared wall rules and checkpoint compatibility	2026-10-06T18:25:32.3861344Z     |
original-mining	Shared wall rules and checkpoint compatibility	2026-10-06T18:25:32.3861641Z 185 | fn hero_inventory_item_is_broken(item: &ItemState) -> bool {
original-mining	Shared wall rules and checkpoint compatibility	2026-10-06T18:25:32.3862008Z     |    ^^^^^^^^^^^^^^^^^^^^^^^^^^^^^
original-mining	Shared wall rules and checkpoint compatibility	2026-10-06T18:25:32.3862188Z 
original-mining	Shared wall rules and checkpoint compatibility	2026-10-06T18:25:32.3862395Z warning: function `hero_inventory_item_modeled_base_stat` is never used
original-mining	Shared wall rules and checkpoint compatibility	2026-10-06T18:25:32.3862832Z    --> apps/simulation/src/runtime/hero_ai.rs:189:4
original-mining	Shared wall rules and checkpoint compatibility	2026-10-06T18:25:32.3863127Z     |
original-mining	Shared wall rules and checkpoint compatibility	2026-10-06T18:25:32.3863464Z 189 | fn hero_inventory_item_modeled_base_stat(item: &ItemState, stat: u8) -> i32 {
original-mining	Shared wall rules and checkpoint compatibility	2026-10-06T18:25:32.3864258Z     |    ^^^^^^^^^^^^^^^^^^^^^^^^^^^^^^^^^^^^^
original-mining	Shared wall rules and checkpoint compatibility	2026-10-06T18:25:32.3864457Z 
original-mining	Shared wall rules and checkpoint compatibility	2026-10-06T18:25:32.3864641Z warning: function `hero_inventory_item_crystal_stat` is never used
original-mining	Shared wall rules and checkpoint compatibility	2026-10-06T18:25:32.3865078Z    --> apps/simulation/src/runtime/hero_ai.rs:197:4
original-mining	Shared wall rules and checkpoint compatibility	2026-10-06T18:25:32.3865414Z     |
original-mining	Shared wall rules and checkpoint compatibility	2026-10-06T18:25:32.3865763Z 197 | fn hero_inventory_item_crystal_stat(item: &ItemState, stat: u8) -> i32 {
original-mining	Shared wall rules and checkpoint compatibility	2026-10-06T18:25:32.3866192Z     |    ^^^^^^^^^^^^^^^^^^^^^^^^^^^^^^^^
original-mining	Shared wall rules and checkpoint compatibility	2026-10-06T18:25:32.3866377Z 
original-mining	Shared wall rules and checkpoint compatibility	2026-10-06T18:25:32.3866574Z warning: function `hero_inventory_crystal_stat_total` is never used
original-mining	Shared wall rules and checkpoint compatibility	2026-10-06T18:25:32.3867021Z    --> apps/simulation/src/runtime/hero_ai.rs:214:15
original-mining	Shared wall rules and checkpoint compatibility	2026-10-06T18:25:32.3867328Z     |
original-mining	Shared wall rules and checkpoint compatibility	2026-10-06T18:25:32.3867685Z 214 | pub(super) fn hero_inventory_crystal_stat_total(world: &World, stat: u8) -> i32 {
original-mining	Shared wall rules and checkpoint compatibility	2026-10-06T18:25:32.3868151Z     |               ^^^^^^^^^^^^^^^^^^^^^^^^^^^^^^^^^
original-mining	Shared wall rules and checkpoint compatibility	2026-10-06T18:25:32.3868365Z 
original-mining	Shared wall rules and checkpoint compatibility	2026-10-06T18:25:32.3868490Z warning: enum `CarrierOrigin` is never used
original-mining	Shared wall rules and checkpoint compatibility	2026-10-06T18:25:32.3868881Z  --> apps/simulation/src/runtime/hero_registry_carriers.rs:8:17
original-mining	Shared wall rules and checkpoint compatibility	2026-10-06T18:25:32.3869248Z   |
original-mining	Shared wall rules and checkpoint compatibility	2026-10-06T18:25:32.3869662Z 8 | pub(super) enum CarrierOrigin { External, Hero(i32) }
original-mining	Shared wall rules and checkpoint compatibility	2026-10-06T18:25:32.3870001Z   |                 ^^^^^^^^^^^^^
original-mining	Shared wall rules and checkpoint compatibility	2026-10-06T18:25:32.3870174Z 
original-mining	Shared wall rules and checkpoint compatibility	2026-10-06T18:25:32.3870342Z warning: struct `HeroCarrierCensus` is never constructed
original-mining	Shared wall rules and checkpoint compatibility	2026-10-06T18:25:32.3870797Z   --> apps/simulation/src/runtime/hero_registry_carriers.rs:10:19
original-mining	Shared wall rules and checkpoint compatibility	2026-10-06T18:25:32.3871146Z    |
original-mining	Shared wall rules and checkpoint compatibility	2026-10-06T18:25:32.3871379Z 10 | pub(super) struct HeroCarrierCensus {
original-mining	Shared wall rules and checkpoint compatibility	2026-10-06T18:25:32.3871682Z    |                   ^^^^^^^^^^^^^^^^^
original-mining	Shared wall rules and checkpoint compatibility	2026-10-06T18:25:32.3871879Z 
original-mining	Shared wall rules and checkpoint compatibility	2026-10-06T18:25:32.3872153Z warning: methods `node`, `record`, `record_unresolved_legacy`, and `validate` are never used
original-mining	Shared wall rules and checkpoint compatibility	2026-10-06T18:25:32.3872705Z   --> apps/simulation/src/runtime/hero_registry_carriers.rs:15:8
original-mining	Shared wall rules and checkpoint compatibility	2026-10-06T18:25:32.3873066Z    |
original-mining	Shared wall rules and checkpoint compatibility	2026-10-06T18:25:32.3873281Z 14 | impl HeroCarrierCensus {
original-mining	Shared wall rules and checkpoint compatibility	2026-10-06T18:25:32.3873854Z    | ---------------------- methods in this implementation
original-mining	Shared wall rules and checkpoint compatibility	2026-10-06T18:25:32.3874322Z 15 |     fn node(&mut self,item:&UserItem,origin:CarrierOrigin)->Result<(),String>{
original-mining	Shared wall rules and checkpoint compatibility	2026-10-06T18:25:32.3874721Z    |        ^^^^
original-mining	Shared wall rules and checkpoint compatibility	2026-10-06T18:25:32.3874925Z ...
original-mining	Shared wall rules and checkpoint compatibility	2026-10-06T18:25:32.3875285Z 27 |     pub fn record(&mut self,item:&UserItem,origin:CarrierOrigin)->Result<(),String>{
original-mining	Shared wall rules and checkpoint compatibility	2026-10-06T18:25:32.3875730Z    |            ^^^^^^
original-mining	Shared wall rules and checkpoint compatibility	2026-10-06T18:25:32.3875956Z ...
original-mining	Shared wall rules and checkpoint compatibility	2026-10-06T18:25:32.3876369Z 42 |     pub fn record_unresolved_legacy(&mut self,root:&super::items::ItemState)->Result<(),String>{
original-mining	Shared wall rules and checkpoint compatibility	2026-10-06T18:25:32.3876854Z    |            ^^^^^^^^^^^^^^^^^^^^^^^^
original-mining	Shared wall rules and checkpoint compatibility	2026-10-06T18:25:32.3877120Z ...
original-mining	Shared wall rules and checkpoint compatibility	2026-10-06T18:25:32.3879876Z 70 |     pub fn validate(&self,heroes:&BTreeMap<i32,SharedHeroRecord>,owned_ids:&BTreeSet<u64>)->Result<(),String>{
original-mining	Shared wall rules and checkpoint compatibility	2026-10-06T18:25:32.3880472Z    |            ^^^^^^^^
original-mining	Shared wall rules and checkpoint compatibility	2026-10-06T18:25:32.3880638Z 
original-mining	Shared wall rules and checkpoint compatibility	2026-10-06T18:25:32.3880756Z warning: function `decode` is never used
original-mining	Shared wall rules and checkpoint compatibility	2026-10-06T18:25:32.3881138Z  --> apps/simulation/src/runtime/hero_registry_scan.rs:8:4
original-mining	Shared wall rules and checkpoint compatibility	2026-10-06T18:25:32.3881490Z   |
original-mining	Shared wall rules and checkpoint compatibility	2026-10-06T18:25:32.3882120Z 8 | fn decode<T:DeserializeOwned>(value:&str)->Result<T,String>{serde_json::from_str(value).map_err(|error|format!("invalid Hero custody carr...
original-mining	Shared wall rules and checkpoint compatibility	2026-10-06T18:25:32.3882778Z   |    ^^^^^^
original-mining	Shared wall rules and checkpoint compatibility	2026-10-06T18:25:32.3882903Z 
original-mining	Shared wall rules and checkpoint compatibility	2026-10-06T18:25:32.3883031Z warning: function `add_wire` is never used
original-mining	Shared wall rules and checkpoint compatibility	2026-10-06T18:25:32.3883417Z  --> apps/simulation/src/runtime/hero_registry_scan.rs:9:4
original-mining	Shared wall rules and checkpoint compatibility	2026-10-06T18:25:32.3883905Z   |
original-mining	Shared wall rules and checkpoint compatibility	2026-10-06T18:25:32.3884426Z 9 | fn add_wire(census:&mut HeroCarrierCensus,item:&UserItem,origin:CarrierOrigin,forbidden_bind:u16)->Result<(),String>{
original-mining	Shared wall rules and checkpoint compatibility	2026-10-06T18:25:32.3885017Z   |    ^^^^^^^^
original-mining	Shared wall rules and checkpoint compatibility	2026-10-06T18:25:32.3885148Z 
original-mining	Shared wall rules and checkpoint compatibility	2026-10-06T18:25:32.3885262Z warning: function `add_items` is never used
original-mining	Shared wall rules and checkpoint compatibility	2026-10-06T18:25:32.3885633Z   --> apps/simulation/src/runtime/hero_registry_scan.rs:21:4
original-mining	Shared wall rules and checkpoint compatibility	2026-10-06T18:25:32.3885989Z    |
original-mining	Shared wall rules and checkpoint compatibility	2026-10-06T18:25:32.3886683Z 21 | fn add_items(census:&mut HeroCarrierCensus,encoded:&[String],origin:CarrierOrigin,forbidden:u16)->Result<(),String>{
original-mining	Shared wall rules and checkpoint compatibility	2026-10-06T18:25:32.3887238Z    |    ^^^^^^^^^
original-mining	Shared wall rules and checkpoint compatibility	2026-10-06T18:25:32.3887409Z 
original-mining	Shared wall rules and checkpoint compatibility	2026-10-06T18:25:32.3887546Z warning: function `add_character` is never used
original-mining	Shared wall rules and checkpoint compatibility	2026-10-06T18:25:32.3887942Z   --> apps/simulation/src/runtime/hero_registry_scan.rs:32:4
original-mining	Shared wall rules and checkpoint compatibility	2026-10-06T18:25:32.3888391Z    |
original-mining	Shared wall rules and checkpoint compatibility	2026-10-06T18:25:32.3888878Z 32 | fn add_character(census:&mut HeroCarrierCensus,save:&CharacterSaveRecord,mirrored:bool)->Result<(),String>{
original-mining	Shared wall rules and checkpoint compatibility	2026-10-06T18:25:32.3889439Z    |    ^^^^^^^^^^^^^
original-mining	Shared wall rules and checkpoint compatibility	2026-10-06T18:25:32.3889584Z 
original-mining	Shared wall rules and checkpoint compatibility	2026-10-06T18:25:32.3889799Z warning: function `validate_shared_hero_physical_custody` is never used
original-mining	Shared wall rules and checkpoint compatibility	2026-10-06T18:25:32.3890282Z   --> apps/simulation/src/runtime/hero_registry_scan.rs:86:15
original-mining	Shared wall rules and checkpoint compatibility	2026-10-06T18:25:32.3890641Z    |
original-mining	Shared wall rules and checkpoint compatibility	2026-10-06T18:25:32.3891040Z 86 | pub(crate) fn validate_shared_hero_physical_custody(store:&AccountStore)->Result<(),String>{
original-mining	Shared wall rules and checkpoint compatibility	2026-10-06T18:25:32.3891535Z    |               ^^^^^^^^^^^^^^^^^^^^^^^^^^^^^^^^^^^^^
original-mining	Shared wall rules and checkpoint compatibility	2026-10-06T18:25:32.3891757Z 
original-mining	Shared wall rules and checkpoint compatibility	2026-10-06T18:25:32.3891927Z warning: function `hero_inventory_item_is_broken` is never used
original-mining	Shared wall rules and checkpoint compatibility	2026-10-06T18:25:32.3892553Z     --> apps/simulation/src/runtime/items.rs:3456:4
original-mining	Shared wall rules and checkpoint compatibility	2026-10-06T18:25:32.3892862Z      |
original-mining	Shared wall rules and checkpoint compatibility	2026-10-06T18:25:32.3893181Z 3456 | fn hero_inventory_item_is_broken(item: &ItemState) -> bool {
original-mining	Shared wall rules and checkpoint compatibility	2026-10-06T18:25:32.3893717Z      |    ^^^^^^^^^^^^^^^^^^^^^^^^^^^^^
original-mining	Shared wall rules and checkpoint compatibility	2026-10-06T18:25:32.3893906Z 
original-mining	Shared wall rules and checkpoint compatibility	2026-10-06T18:25:32.3894110Z warning: function `hero_inventory_requirement_stat` is never used
original-mining	Shared wall rules and checkpoint compatibility	2026-10-06T18:25:32.3894540Z     --> apps/simulation/src/runtime/items.rs:3460:4
original-mining	Shared wall rules and checkpoint compatibility	2026-10-06T18:25:32.3894849Z      |
original-mining	Shared wall rules and checkpoint compatibility	2026-10-06T18:25:32.3895183Z 3460 | fn hero_inventory_requirement_stat(item: &ItemState, stat: u8) -> i32 {
original-mining	Shared wall rules and checkpoint compatibility	2026-10-06T18:25:32.3895595Z      |    ^^^^^^^^^^^^^^^^^^^^^^^^^^^^^^^
original-mining	Shared wall rules and checkpoint compatibility	2026-10-06T18:25:32.3895792Z 
original-mining	Shared wall rules and checkpoint compatibility	2026-10-06T18:25:32.3895946Z warning: function `repair_conquest_asset` is never used
original-mining	Shared wall rules and checkpoint compatibility	2026-10-06T18:25:32.3896342Z     --> apps/simulation/src/runtime/monsters.rs:1879:15
original-mining	Shared wall rules and checkpoint compatibility	2026-10-06T18:25:32.3896665Z      |
original-mining	Shared wall rules and checkpoint compatibility	2026-10-06T18:25:32.3897054Z 1879 | pub(super) fn repair_conquest_asset(world: &mut World, ai: u8, asset_id: u8) -> bool {
original-mining	Shared wall rules and checkpoint compatibility	2026-10-06T18:25:32.3897524Z      |               ^^^^^^^^^^^^^^^^^^^^^
original-mining	Shared wall rules and checkpoint compatibility	2026-10-06T18:25:32.3897706Z 
original-mining	Shared wall rules and checkpoint compatibility	2026-10-06T18:25:32.3897913Z warning: function `crystal_npc_visible_to_character` is never used
original-mining	Shared wall rules and checkpoint compatibility	2026-10-06T18:25:32.3898345Z    --> apps/simulation/src/runtime/npc.rs:246:15
original-mining	Shared wall rules and checkpoint compatibility	2026-10-06T18:25:32.3898652Z     |
original-mining	Shared wall rules and checkpoint compatibility	2026-10-06T18:25:32.3898902Z 246 | pub(super) fn crystal_npc_visible_to_character(
original-mining	Shared wall rules and checkpoint compatibility	2026-10-06T18:25:32.3899245Z     |               ^^^^^^^^^^^^^^^^^^^^^^^^^^^^^^^^
original-mining	Shared wall rules and checkpoint compatibility	2026-10-06T18:25:32.3899455Z 
original-mining	Shared wall rules and checkpoint compatibility	2026-10-06T18:25:32.3899576Z warning: function `complete_quest` is never used
original-mining	Shared wall rules and checkpoint compatibility	2026-10-06T18:25:32.3899946Z     --> apps/simulation/src/runtime/quests.rs:1094:15
original-mining	Shared wall rules and checkpoint compatibility	2026-10-06T18:25:32.3900286Z      |
original-mining	Shared wall rules and checkpoint compatibility	2026-10-06T18:25:32.3900602Z 1094 | pub(super) fn complete_quest(world: &mut World, quest_id: i32) {
original-mining	Shared wall rules and checkpoint compatibility	2026-10-06T18:25:32.3901003Z      |               ^^^^^^^^^^^^^^
original-mining	Shared wall rules and checkpoint compatibility	2026-10-06T18:25:32.3901180Z 
original-mining	Shared wall rules and checkpoint compatibility	2026-10-06T18:25:32.3901484Z warning: function `quest_info_by_id_unchecked` is never used
original-mining	Shared wall rules and checkpoint compatibility	2026-10-06T18:25:32.3901909Z    --> apps/simulation/src/runtime/newcomer_v2.rs:231:27
original-mining	Shared wall rules and checkpoint compatibility	2026-10-06T18:25:32.3902244Z     |
original-mining	Shared wall rules and checkpoint compatibility	2026-10-06T18:25:32.3902652Z 231 | pub(in crate::runtime) fn quest_info_by_id_unchecked(quest_id: i32) -> Option<ClientQuestInfo> {
original-mining	Shared wall rules and checkpoint compatibility	2026-10-06T18:25:32.3903156Z     |                           ^^^^^^^^^^^^^^^^^^^^^^^^^^
original-mining	Shared wall rules and checkpoint compatibility	2026-10-06T18:25:32.3903381Z 
original-mining	Shared wall rules and checkpoint compatibility	2026-10-06T18:25:32.3903680Z warning: function `default_save_for_character` is never used
original-mining	Shared wall rules and checkpoint compatibility	2026-10-06T18:25:32.3904102Z   --> apps/simulation/src/runtime/save.rs:76:15
original-mining	Shared wall rules and checkpoint compatibility	2026-10-06T18:25:32.3904422Z    |
original-mining	Shared wall rules and checkpoint compatibility	2026-10-06T18:25:32.3904655Z 76 | pub(super) fn default_save_for_character(
original-mining	Shared wall rules and checkpoint compatibility	2026-10-06T18:25:32.3904963Z    |               ^^^^^^^^^^^^^^^^^^^^^^^^^^
original-mining	Shared wall rules and checkpoint compatibility	2026-10-06T18:25:32.3905152Z 
original-mining	Shared wall rules and checkpoint compatibility	2026-10-06T18:25:32.3905314Z warning: function `persist_character_save` is never used
original-mining	Shared wall rules and checkpoint compatibility	2026-10-06T18:25:32.3906097Z    --> apps/simulation/src/runtime/save.rs:926:15
original-mining	Shared wall rules and checkpoint compatibility	2026-10-06T18:25:32.3906409Z     |
original-mining	Shared wall rules and checkpoint compatibility	2026-10-06T18:25:32.3906634Z 926 | pub(super) fn persist_character_save(
original-mining	Shared wall rules and checkpoint compatibility	2026-10-06T18:25:32.3906950Z     |               ^^^^^^^^^^^^^^^^^^^^^^
original-mining	Shared wall rules and checkpoint compatibility	2026-10-06T18:25:32.3907153Z 
original-mining	Shared wall rules and checkpoint compatibility	2026-10-06T18:25:32.3907299Z warning: function `bank_mentor_gain` is never used
original-mining	Shared wall rules and checkpoint compatibility	2026-10-06T18:25:32.3907719Z    --> apps/simulation/src/runtime/shared_relationships.rs:321:15
original-mining	Shared wall rules and checkpoint compatibility	2026-10-06T18:25:32.3908079Z     |
original-mining	Shared wall rules and checkpoint compatibility	2026-10-06T18:25:32.3908294Z 321 | pub(super) fn bank_mentor_gain(
original-mining	Shared wall rules and checkpoint compatibility	2026-10-06T18:25:32.3908580Z     |               ^^^^^^^^^^^^^^^^
original-mining	Shared wall rules and checkpoint compatibility	2026-10-06T18:25:32.3908759Z 
original-mining	Shared wall rules and checkpoint compatibility	2026-10-06T18:25:32.3908905Z warning: method `game_shop_buy_product` is never used
original-mining	Shared wall rules and checkpoint compatibility	2026-10-06T18:25:32.3909285Z     --> apps/simulation/src/runtime/stage5.rs:4304:8
original-mining	Shared wall rules and checkpoint compatibility	2026-10-06T18:25:32.3909604Z      |
original-mining	Shared wall rules and checkpoint compatibility	2026-10-06T18:25:32.3909825Z 3234 | impl SimulationSession {
original-mining	Shared wall rules and checkpoint compatibility	2026-10-06T18:25:32.3910156Z      | ---------------------- method in this implementation
original-mining	Shared wall rules and checkpoint compatibility	2026-10-06T18:25:32.3910505Z ...
original-mining	Shared wall rules and checkpoint compatibility	2026-10-06T18:25:32.3910707Z 4304 |     fn game_shop_buy_product(
original-mining	Shared wall rules and checkpoint compatibility	2026-10-06T18:25:32.3910965Z      |        ^^^^^^^^^^^^^^^^^^^^^
original-mining	Shared wall rules and checkpoint compatibility	2026-10-06T18:25:32.3911129Z 
original-mining	Shared wall rules and checkpoint compatibility	2026-10-06T18:25:32.3911403Z warning: method `select` is never used
original-mining	Shared wall rules and checkpoint compatibility	2026-10-06T18:25:32.3911743Z   --> apps/simulation/src/runtime/zone/experience.rs:41:19
original-mining	Shared wall rules and checkpoint compatibility	2026-10-06T18:25:32.3912073Z    |
original-mining	Shared wall rules and checkpoint compatibility	2026-10-06T18:25:32.3912278Z 40 | impl ZoneExperienceProfile {
original-mining	Shared wall rules and checkpoint compatibility	2026-10-06T18:25:32.3912617Z    | -------------------------- method in this implementation
original-mining	Shared wall rules and checkpoint compatibility	2026-10-06T18:25:32.3912976Z 41 |     pub(super) fn select(
original-mining	Shared wall rules and checkpoint compatibility	2026-10-06T18:25:32.3913237Z    |                   ^^^^^^
original-mining	Shared wall rules and checkpoint compatibility	2026-10-06T18:25:32.3913406Z 
original-mining	Shared wall rules and checkpoint compatibility	2026-10-06T18:25:32.3913760Z warning: method `apply_native_monster_direct_damage` is never used
original-mining	Shared wall rules and checkpoint compatibility	2026-10-06T18:25:32.3914222Z      --> apps/simulation/src/runtime/zone/runtime.rs:12352:8
original-mining	Shared wall rules and checkpoint compatibility	2026-10-06T18:25:32.3914581Z       |
original-mining	Shared wall rules and checkpoint compatibility	2026-10-06T18:25:32.3914800Z 586   | impl ZoneRuntime {
original-mining	Shared wall rules and checkpoint compatibility	2026-10-06T18:25:32.3915099Z       | ---------------- method in this implementation
original-mining	Shared wall rules and checkpoint compatibility	2026-10-06T18:25:32.3915399Z ...
original-mining	Shared wall rules and checkpoint compatibility	2026-10-06T18:25:32.3915618Z 12352 |     fn apply_native_monster_direct_damage(
original-mining	Shared wall rules and checkpoint compatibility	2026-10-06T18:25:32.3915931Z       |        ^^^^^^^^^^^^^^^^^^^^^^^^^^^^^^^^^^
original-mining	Shared wall rules and checkpoint compatibility	2026-10-06T18:25:32.3916150Z 
original-mining	Shared wall rules and checkpoint compatibility	2026-10-06T18:25:32.3916282Z warning: function `hell_can_move` is never used
original-mining	Shared wall rules and checkpoint compatibility	2026-10-06T18:25:32.3916708Z   --> apps/simulation/src/runtime/zone/runtime/hell_ai.rs:68:15
original-mining	Shared wall rules and checkpoint compatibility	2026-10-06T18:25:32.3917078Z    |
original-mining	Shared wall rules and checkpoint compatibility	2026-10-06T18:25:32.3917373Z 68 | pub(super) fn hell_can_move(m: &ZoneNativeMonster) -> bool {
original-mining	Shared wall rules and checkpoint compatibility	2026-10-06T18:25:32.3917749Z    |               ^^^^^^^^^^^^^
original-mining	Shared wall rules and checkpoint compatibility	2026-10-06T18:25:32.3917906Z 
original-mining	Shared wall rules and checkpoint compatibility	2026-10-06T18:25:32.3918036Z warning: function `hell_can_regen` is never used
original-mining	Shared wall rules and checkpoint compatibility	2026-10-06T18:25:32.3918409Z   --> apps/simulation/src/runtime/zone/runtime/hell_ai.rs:74:15
original-mining	Shared wall rules and checkpoint compatibility	2026-10-06T18:25:32.3918742Z    |
original-mining	Shared wall rules and checkpoint compatibility	2026-10-06T18:25:32.3919018Z 74 | pub(super) fn hell_can_regen(m: &ZoneNativeMonster) -> bool {
original-mining	Shared wall rules and checkpoint compatibility	2026-10-06T18:25:32.3919393Z    |               ^^^^^^^^^^^^^^
original-mining	Shared wall rules and checkpoint compatibility	2026-10-06T18:25:32.3919570Z 
original-mining	Shared wall rules and checkpoint compatibility	2026-10-06T18:25:32.3919766Z warning: methods `blocking` and `set_replay_seed` are never used
original-mining	Shared wall rules and checkpoint compatibility	2026-10-06T18:25:32.3920280Z    --> apps/simulation/src/runtime/zone/intelligent_creatures.rs:183:12
original-mining	Shared wall rules and checkpoint compatibility	2026-10-06T18:25:32.3920694Z     |
original-mining	Shared wall rules and checkpoint compatibility	2026-10-06T18:25:32.3920948Z 112 | impl ZoneIntelligentCreature {
original-mining	Shared wall rules and checkpoint compatibility	2026-10-06T18:25:32.3921321Z     | ---------------------------- methods in this implementation
original-mining	Shared wall rules and checkpoint compatibility	2026-10-06T18:25:32.3921674Z ...
original-mining	Shared wall rules and checkpoint compatibility	2026-10-06T18:25:32.3921907Z 183 |     pub fn blocking(&self) -> bool {
original-mining	Shared wall rules and checkpoint compatibility	2026-10-06T18:25:32.3922227Z     |            ^^^^^^^^
original-mining	Shared wall rules and checkpoint compatibility	2026-10-06T18:25:32.3922464Z ...
original-mining	Shared wall rules and checkpoint compatibility	2026-10-06T18:25:32.3922721Z 187 |     pub fn set_replay_seed(&mut self, seed: u64) {
original-mining	Shared wall rules and checkpoint compatibility	2026-10-06T18:25:32.3923066Z     |            ^^^^^^^^^^^^^^^
original-mining	Shared wall rules and checkpoint compatibility	2026-10-06T18:25:32.3923224Z 
original-mining	Shared wall rules and checkpoint compatibility	2026-10-06T18:25:44.0702340Z warning: type `hero_registry::HeroSourceVersions` is more private than the item `config::AccountStoreRepositorySave::heroes`
original-mining	Shared wall rules and checkpoint compatibility	2026-10-06T18:25:44.0703313Z    --> apps/simulation/src/config.rs:912:5
original-mining	Shared wall rules and checkpoint compatibility	2026-10-06T18:25:44.0704033Z     |
original-mining	Shared wall rules and checkpoint compatibility	2026-10-06T18:25:44.0704739Z 912 |     pub(crate) heroes: hero_registry::HeroSourceVersions,
original-mining	Shared wall rules and checkpoint compatibility	2026-10-06T18:25:44.0705465Z     |     ^^^^^^^^^^^^^^^^^^^^^^^^^^^^^^^^^^^^^^^^^^^^^^^^^^^^ field `config::AccountStoreRepositorySave::heroes` is reachable at visibility `pub(crate)`
original-mining	Shared wall rules and checkpoint compatibility	2026-10-06T18:25:44.0706114Z     |
original-mining	Shared wall rules and checkpoint compatibility	2026-10-06T18:25:44.0706587Z note: but type `hero_registry::HeroSourceVersions` is only usable at visibility `pub(in crate::config)`
original-mining	Shared wall rules and checkpoint compatibility	2026-10-06T18:25:44.0707213Z    --> apps/simulation/src/config_hero_registry.rs:93:1
original-mining	Shared wall rules and checkpoint compatibility	2026-10-06T18:25:44.0707570Z     |
original-mining	Shared wall rules and checkpoint compatibility	2026-10-06T18:25:44.0707821Z 93  | pub(super) struct HeroSourceVersions {
original-mining	Shared wall rules and checkpoint compatibility	2026-10-06T18:25:44.0708155Z     | ^^^^^^^^^^^^^^^^^^^^^^^^^^^^^^^^^^^^
original-mining	Shared wall rules and checkpoint compatibility	2026-10-06T18:25:44.0708499Z     = note: `#[warn(private_interfaces)]` on by default
original-mining	Shared wall rules and checkpoint compatibility	2026-10-06T18:25:44.0708743Z 
original-mining	Shared wall rules and checkpoint compatibility	2026-10-06T18:25:44.0780906Z warning: type `entity_combat::ZoneCombatEntityRef` is more private than the item `tree_queen_ai::TreeQueenRoot::source_ref`
original-mining	Shared wall rules and checkpoint compatibility	2026-10-06T18:25:44.0781728Z   --> apps/simulation/src/runtime/zone/runtime/tree_queen_ai.rs:39:5
original-mining	Shared wall rules and checkpoint compatibility	2026-10-06T18:25:44.0782175Z    |
original-mining	Shared wall rules and checkpoint compatibility	2026-10-06T18:25:44.0782457Z 39 |     pub source_ref: Option<ZoneCombatEntityRef>,
original-mining	Shared wall rules and checkpoint compatibility	2026-10-06T18:25:44.0783458Z    |     ^^^^^^^^^^^^^^^^^^^^^^^^^^^^^^^^^^^^^^^^^^^ field `tree_queen_ai::TreeQueenRoot::source_ref` is reachable at visibility `pub(in crate::runtime::zone)`
original-mining	Shared wall rules and checkpoint compatibility	2026-10-06T18:25:44.0785203Z    |
original-mining	Shared wall rules and checkpoint compatibility	2026-10-06T18:25:44.0785760Z note: but type `entity_combat::ZoneCombatEntityRef` is only usable at visibility `pub(in crate::runtime::zone::runtime)`
original-mining	Shared wall rules and checkpoint compatibility	2026-10-06T18:25:44.0786510Z   --> apps/simulation/src/runtime/zone/runtime/entity_combat.rs:7:1
original-mining	Shared wall rules and checkpoint compatibility	2026-10-06T18:25:44.0786932Z    |
original-mining	Shared wall rules and checkpoint compatibility	2026-10-06T18:25:44.0787175Z 7  | pub(super) enum ZoneCombatEntityRef {
original-mining	Shared wall rules and checkpoint compatibility	2026-10-06T18:25:44.0787509Z    | ^^^^^^^^^^^^^^^^^^^^^^^^^^^^^^^^^^^
original-mining	Shared wall rules and checkpoint compatibility	2026-10-06T18:25:44.0787718Z 
original-mining	Shared wall rules and checkpoint compatibility	2026-10-06T18:25:44.0788115Z warning: type `entity_combat::ZoneCombatEntityRef` is more private than the item `EvilMirState::target_ref`
original-mining	Shared wall rules and checkpoint compatibility	2026-10-06T18:25:44.0788837Z   --> apps/simulation/src/runtime/zone/runtime/evil_mir_ai.rs:11:5
original-mining	Shared wall rules and checkpoint compatibility	2026-10-06T18:25:44.0789246Z    |
original-mining	Shared wall rules and checkpoint compatibility	2026-10-06T18:25:44.0789530Z 11 |     pub target_ref: Option<ZoneCombatEntityRef>,
original-mining	Shared wall rules and checkpoint compatibility	2026-10-06T18:25:44.0790177Z    |     ^^^^^^^^^^^^^^^^^^^^^^^^^^^^^^^^^^^^^^^^^^^ field `EvilMirState::target_ref` is reachable at visibility `pub(in crate::runtime::zone)`
original-mining	Shared wall rules and checkpoint compatibility	2026-10-06T18:25:44.0790766Z    |
original-mining	Shared wall rules and checkpoint compatibility	2026-10-06T18:25:44.0791301Z note: but type `entity_combat::ZoneCombatEntityRef` is only usable at visibility `pub(in crate::runtime::zone::runtime)`
original-mining	Shared wall rules and checkpoint compatibility	2026-10-06T18:25:44.0792049Z   --> apps/simulation/src/runtime/zone/runtime/entity_combat.rs:7:1
original-mining	Shared wall rules and checkpoint compatibility	2026-10-06T18:25:44.0793690Z    |
original-mining	Shared wall rules and checkpoint compatibility	2026-10-06T18:25:44.0794433Z 7  | pub(super) enum ZoneCombatEntityRef {
original-mining	Shared wall rules and checkpoint compatibility	2026-10-06T18:25:44.0794782Z    | ^^^^^^^^^^^^^^^^^^^^^^^^^^^^^^^^^^^
original-mining	Shared wall rules and checkpoint compatibility	2026-10-06T18:25:44.0794983Z 
original-mining	Shared wall rules and checkpoint compatibility	2026-10-06T18:25:44.0795391Z warning: type `entity_combat::ZoneCombatEntityRef` is more private than the item `EvilMirPendingSource::source`
original-mining	Shared wall rules and checkpoint compatibility	2026-10-06T18:25:44.0796094Z   --> apps/simulation/src/runtime/zone/runtime/evil_mir_ai.rs:20:5
original-mining	Shared wall rules and checkpoint compatibility	2026-10-06T18:25:44.0796499Z    |
original-mining	Shared wall rules and checkpoint compatibility	2026-10-06T18:25:44.0796729Z 20 |     pub source: ZoneCombatEntityRef,
original-mining	Shared wall rules and checkpoint compatibility	2026-10-06T18:25:44.0797321Z    |     ^^^^^^^^^^^^^^^^^^^^^^^^^^^^^^^ field `EvilMirPendingSource::source` is reachable at visibility `pub(in crate::runtime::zone)`
original-mining	Shared wall rules and checkpoint compatibility	2026-10-06T18:25:44.0798237Z    |
original-mining	Shared wall rules and checkpoint compatibility	2026-10-06T18:25:44.0809988Z note: but type `entity_combat::ZoneCombatEntityRef` is only usable at visibility `pub(in crate::runtime::zone::runtime)`
original-mining	Shared wall rules and checkpoint compatibility	2026-10-06T18:25:44.0810947Z   --> apps/simulation/src/runtime/zone/runtime/entity_combat.rs:7:1
original-mining	Shared wall rules and checkpoint compatibility	2026-10-06T18:25:44.0811519Z    |
original-mining	Shared wall rules and checkpoint compatibility	2026-10-06T18:25:44.0811863Z 7  | pub(super) enum ZoneCombatEntityRef {
original-mining	Shared wall rules and checkpoint compatibility	2026-10-06T18:25:44.0812377Z    | ^^^^^^^^^^^^^^^^^^^^^^^^^^^^^^^^^^^
original-mining	Shared wall rules and checkpoint compatibility	2026-10-06T18:25:44.0812661Z 
original-mining	Shared wall rules and checkpoint compatibility	2026-10-06T18:25:44.0813138Z warning: type `entity_combat::ZoneCombatEntityRef` is more private than the item `GreatFoxState::target_ref`
original-mining	Shared wall rules and checkpoint compatibility	2026-10-06T18:25:44.0814145Z   --> apps/simulation/src/runtime/zone/runtime/great_fox_ai.rs:15:5
original-mining	Shared wall rules and checkpoint compatibility	2026-10-06T18:25:44.0814859Z    |
original-mining	Shared wall rules and checkpoint compatibility	2026-10-06T18:25:44.0873672Z 15 |     pub target_ref: Option<ZoneCombatEntityRef>,
original-mining	Shared wall rules and checkpoint compatibility	2026-10-06T18:25:44.0874406Z    |     ^^^^^^^^^^^^^^^^^^^^^^^^^^^^^^^^^^^^^^^^^^^ field `GreatFoxState::target_ref` is reachable at visibility `pub(in crate::runtime::zone)`
original-mining	Shared wall rules and checkpoint compatibility	2026-10-06T18:25:44.0875026Z    |
original-mining	Shared wall rules and checkpoint compatibility	2026-10-06T18:25:44.0875579Z note: but type `entity_combat::ZoneCombatEntityRef` is only usable at visibility `pub(in crate::runtime::zone::runtime)`
original-mining	Shared wall rules and checkpoint compatibility	2026-10-06T18:25:44.0876350Z   --> apps/simulation/src/runtime/zone/runtime/entity_combat.rs:7:1
original-mining	Shared wall rules and checkpoint compatibility	2026-10-06T18:25:44.0876776Z    |
original-mining	Shared wall rules and checkpoint compatibility	2026-10-06T18:25:44.0877028Z 7  | pub(super) enum ZoneCombatEntityRef {
original-mining	Shared wall rules and checkpoint compatibility	2026-10-06T18:25:44.0877367Z    | ^^^^^^^^^^^^^^^^^^^^^^^^^^^^^^^^^^^
original-mining	Shared wall rules and checkpoint compatibility	2026-10-06T18:25:44.0877572Z 
original-mining	Shared wall rules and checkpoint compatibility	2026-10-06T18:25:44.0877961Z warning: type `entity_combat::ZoneCombatEntityRef` is more private than the item `GreatFoxHit::source_ref`
original-mining	Shared wall rules and checkpoint compatibility	2026-10-06T18:25:44.0878660Z   --> apps/simulation/src/runtime/zone/runtime/great_fox_ai.rs:42:5
original-mining	Shared wall rules and checkpoint compatibility	2026-10-06T18:25:44.0879090Z    |
original-mining	Shared wall rules and checkpoint compatibility	2026-10-06T18:25:44.0879369Z 42 |     pub source_ref: Option<ZoneCombatEntityRef>,
original-mining	Shared wall rules and checkpoint compatibility	2026-10-06T18:25:44.0880022Z    |     ^^^^^^^^^^^^^^^^^^^^^^^^^^^^^^^^^^^^^^^^^^^ field `GreatFoxHit::source_ref` is reachable at visibility `pub(in crate::runtime::zone)`
original-mining	Shared wall rules and checkpoint compatibility	2026-10-06T18:25:44.0880887Z    |
original-mining	Shared wall rules and checkpoint compatibility	2026-10-06T18:25:44.0881440Z note: but type `entity_combat::ZoneCombatEntityRef` is only usable at visibility `pub(in crate::runtime::zone::runtime)`
original-mining	Shared wall rules and checkpoint compatibility	2026-10-06T18:25:44.0882191Z   --> apps/simulation/src/runtime/zone/runtime/entity_combat.rs:7:1
original-mining	Shared wall rules and checkpoint compatibility	2026-10-06T18:25:44.0882602Z    |
original-mining	Shared wall rules and checkpoint compatibility	2026-10-06T18:25:44.0882847Z 7  | pub(super) enum ZoneCombatEntityRef {
original-mining	Shared wall rules and checkpoint compatibility	2026-10-06T18:25:44.0883176Z    | ^^^^^^^^^^^^^^^^^^^^^^^^^^^^^^^^^^^
original-mining	Shared wall rules and checkpoint compatibility	2026-10-06T18:25:44.0883385Z 
original-mining	Shared wall rules and checkpoint compatibility	2026-10-06T18:25:44.0884829Z warning: type `entity_combat::ZoneCombatEntityRef` is more private than the item `GreatFoxHit::target_ref`
original-mining	Shared wall rules and checkpoint compatibility	2026-10-06T18:25:44.0885549Z   --> apps/simulation/src/runtime/zone/runtime/great_fox_ai.rs:44:5
original-mining	Shared wall rules and checkpoint compatibility	2026-10-06T18:25:44.0885986Z    |
original-mining	Shared wall rules and checkpoint compatibility	2026-10-06T18:25:44.0886273Z 44 |     pub target_ref: Option<ZoneCombatEntityRef>,
original-mining	Shared wall rules and checkpoint compatibility	2026-10-06T18:25:44.0886916Z    |     ^^^^^^^^^^^^^^^^^^^^^^^^^^^^^^^^^^^^^^^^^^^ field `GreatFoxHit::target_ref` is reachable at visibility `pub(in crate::runtime::zone)`
original-mining	Shared wall rules and checkpoint compatibility	2026-10-06T18:25:44.0887518Z    |
original-mining	Shared wall rules and checkpoint compatibility	2026-10-06T18:25:44.0888063Z note: but type `entity_combat::ZoneCombatEntityRef` is only usable at visibility `pub(in crate::runtime::zone::runtime)`
original-mining	Shared wall rules and checkpoint compatibility	2026-10-06T18:25:44.0888828Z   --> apps/simulation/src/runtime/zone/runtime/entity_combat.rs:7:1
original-mining	Shared wall rules and checkpoint compatibility	2026-10-06T18:25:44.0889238Z    |
original-mining	Shared wall rules and checkpoint compatibility	2026-10-06T18:25:44.0889482Z 7  | pub(super) enum ZoneCombatEntityRef {
original-mining	Shared wall rules and checkpoint compatibility	2026-10-06T18:25:44.0889828Z    | ^^^^^^^^^^^^^^^^^^^^^^^^^^^^^^^^^^^
original-mining	Shared wall rules and checkpoint compatibility	2026-10-06T18:25:44.0890047Z 
original-mining	Shared wall rules and checkpoint compatibility	2026-10-06T18:25:44.0890481Z warning: type `entity_combat::ZoneCombatEntityRef` is more private than the item `HornedEncounterState::target_ref`
original-mining	Shared wall rules and checkpoint compatibility	2026-10-06T18:25:44.0891238Z   --> apps/simulation/src/runtime/zone/runtime/horned_encounter_ai.rs:12:5
original-mining	Shared wall rules and checkpoint compatibility	2026-10-06T18:25:44.0891697Z    |
original-mining	Shared wall rules and checkpoint compatibility	2026-10-06T18:25:44.0891958Z 12 |     pub target_ref: Option<ZoneCombatEntityRef>,
original-mining	Shared wall rules and checkpoint compatibility	2026-10-06T18:25:44.0892657Z    |     ^^^^^^^^^^^^^^^^^^^^^^^^^^^^^^^^^^^^^^^^^^^ field `HornedEncounterState::target_ref` is reachable at visibility `pub(in crate::runtime::zone)`
original-mining	Shared wall rules and checkpoint compatibility	2026-10-06T18:25:44.0893304Z    |
original-mining	Shared wall rules and checkpoint compatibility	2026-10-06T18:25:44.0894020Z note: but type `entity_combat::ZoneCombatEntityRef` is only usable at visibility `pub(in crate::runtime::zone::runtime)`
original-mining	Shared wall rules and checkpoint compatibility	2026-10-06T18:25:44.0894794Z   --> apps/simulation/src/runtime/zone/runtime/entity_combat.rs:7:1
original-mining	Shared wall rules and checkpoint compatibility	2026-10-06T18:25:44.0895213Z    |
original-mining	Shared wall rules and checkpoint compatibility	2026-10-06T18:25:44.0895461Z 7  | pub(super) enum ZoneCombatEntityRef {
original-mining	Shared wall rules and checkpoint compatibility	2026-10-06T18:25:44.0895797Z    | ^^^^^^^^^^^^^^^^^^^^^^^^^^^^^^^^^^^
original-mining	Shared wall rules and checkpoint compatibility	2026-10-06T18:25:44.0895991Z 
original-mining	Shared wall rules and checkpoint compatibility	2026-10-06T18:25:44.0896412Z warning: type `entity_combat::ZoneCombatEntityRef` is more private than the item `HornedEncounterHit::source_ref`
original-mining	Shared wall rules and checkpoint compatibility	2026-10-06T18:25:44.0897187Z   --> apps/simulation/src/runtime/zone/runtime/horned_encounter_ai.rs:38:5
original-mining	Shared wall rules and checkpoint compatibility	2026-10-06T18:25:44.0897822Z    |
original-mining	Shared wall rules and checkpoint compatibility	2026-10-06T18:25:44.0898081Z 38 |     pub source_ref: Option<ZoneCombatEntityRef>,
original-mining	Shared wall rules and checkpoint compatibility	2026-10-06T18:25:44.0898762Z    |     ^^^^^^^^^^^^^^^^^^^^^^^^^^^^^^^^^^^^^^^^^^^ field `HornedEncounterHit::source_ref` is reachable at visibility `pub(in crate::runtime::zone)`
original-mining	Shared wall rules and checkpoint compatibility	2026-10-06T18:25:44.0899404Z    |
original-mining	Shared wall rules and checkpoint compatibility	2026-10-06T18:25:44.0899941Z note: but type `entity_combat::ZoneCombatEntityRef` is only usable at visibility `pub(in crate::runtime::zone::runtime)`
original-mining	Shared wall rules and checkpoint compatibility	2026-10-06T18:25:44.0900704Z   --> apps/simulation/src/runtime/zone/runtime/entity_combat.rs:7:1
original-mining	Shared wall rules and checkpoint compatibility	2026-10-06T18:25:44.0901116Z    |
original-mining	Shared wall rules and checkpoint compatibility	2026-10-06T18:25:44.0901364Z 7  | pub(super) enum ZoneCombatEntityRef {
original-mining	Shared wall rules and checkpoint compatibility	2026-10-06T18:25:44.0901696Z    | ^^^^^^^^^^^^^^^^^^^^^^^^^^^^^^^^^^^
original-mining	Shared wall rules and checkpoint compatibility	2026-10-06T18:25:44.0901905Z 
original-mining	Shared wall rules and checkpoint compatibility	2026-10-06T18:25:44.0902310Z warning: type `entity_combat::ZoneCombatEntityRef` is more private than the item `HornedEncounterHit::target_ref`
original-mining	Shared wall rules and checkpoint compatibility	2026-10-06T18:25:44.0903067Z   --> apps/simulation/src/runtime/zone/runtime/horned_encounter_ai.rs:41:5
original-mining	Shared wall rules and checkpoint compatibility	2026-10-06T18:25:44.0903650Z    |
original-mining	Shared wall rules and checkpoint compatibility	2026-10-06T18:25:44.0903916Z 41 |     pub target_ref: Option<ZoneCombatEntityRef>,
original-mining	Shared wall rules and checkpoint compatibility	2026-10-06T18:25:44.0904600Z    |     ^^^^^^^^^^^^^^^^^^^^^^^^^^^^^^^^^^^^^^^^^^^ field `HornedEncounterHit::target_ref` is reachable at visibility `pub(in crate::runtime::zone)`
original-mining	Shared wall rules and checkpoint compatibility	2026-10-06T18:25:44.0905373Z    |
original-mining	Shared wall rules and checkpoint compatibility	2026-10-06T18:25:44.0905911Z note: but type `entity_combat::ZoneCombatEntityRef` is only usable at visibility `pub(in crate::runtime::zone::runtime)`
original-mining	Shared wall rules and checkpoint compatibility	2026-10-06T18:25:44.0906658Z   --> apps/simulation/src/runtime/zone/runtime/entity_combat.rs:7:1
original-mining	Shared wall rules and checkpoint compatibility	2026-10-06T18:25:44.0907078Z    |
original-mining	Shared wall rules and checkpoint compatibility	2026-10-06T18:25:44.0907315Z 7  | pub(super) enum ZoneCombatEntityRef {
original-mining	Shared wall rules and checkpoint compatibility	2026-10-06T18:25:44.0907652Z    | ^^^^^^^^^^^^^^^^^^^^^^^^^^^^^^^^^^^
original-mining	Shared wall rules and checkpoint compatibility	2026-10-06T18:25:44.0907867Z 
original-mining	Shared wall rules and checkpoint compatibility	2026-10-06T18:25:44.0908270Z warning: type `entity_combat::ZoneCombatEntityRef` is more private than the item `HornedMapSpell::source_ref`
original-mining	Shared wall rules and checkpoint compatibility	2026-10-06T18:25:44.0909043Z   --> apps/simulation/src/runtime/zone/runtime/horned_encounter_ai.rs:60:5
original-mining	Shared wall rules and checkpoint compatibility	2026-10-06T18:25:44.0909502Z    |
original-mining	Shared wall rules and checkpoint compatibility	2026-10-06T18:25:44.0909767Z 60 |     pub source_ref: Option<ZoneCombatEntityRef>,
original-mining	Shared wall rules and checkpoint compatibility	2026-10-06T18:25:44.0910410Z    |     ^^^^^^^^^^^^^^^^^^^^^^^^^^^^^^^^^^^^^^^^^^^ field `HornedMapSpell::source_ref` is reachable at visibility `pub(in crate::runtime::zone)`
original-mining	Shared wall rules and checkpoint compatibility	2026-10-06T18:25:44.0911024Z    |
original-mining	Shared wall rules and checkpoint compatibility	2026-10-06T18:25:44.0911577Z note: but type `entity_combat::ZoneCombatEntityRef` is only usable at visibility `pub(in crate::runtime::zone::runtime)`
original-mining	Shared wall rules and checkpoint compatibility	2026-10-06T18:25:44.0912331Z   --> apps/simulation/src/runtime/zone/runtime/entity_combat.rs:7:1
original-mining	Shared wall rules and checkpoint compatibility	2026-10-06T18:25:44.0912749Z    |
original-mining	Shared wall rules and checkpoint compatibility	2026-10-06T18:25:44.0913000Z 7  | pub(super) enum ZoneCombatEntityRef {
original-mining	Shared wall rules and checkpoint compatibility	2026-10-06T18:25:44.0913332Z    | ^^^^^^^^^^^^^^^^^^^^^^^^^^^^^^^^^^^
original-mining	Shared wall rules and checkpoint compatibility	2026-10-06T18:25:44.0914425Z 
original-mining	Shared wall rules and checkpoint compatibility	2026-10-06T18:25:44.0914830Z warning: type `entity_combat::ZoneCombatEntityRef` is more private than the item `HornedState::target_ref`
original-mining	Shared wall rules and checkpoint compatibility	2026-10-06T18:25:44.0915529Z   --> apps/simulation/src/runtime/zone/runtime/horned_ai.rs:14:5
original-mining	Shared wall rules and checkpoint compatibility	2026-10-06T18:25:44.0915953Z    |
original-mining	Shared wall rules and checkpoint compatibility	2026-10-06T18:25:44.0916229Z 14 |     pub target_ref: Option<ZoneCombatEntityRef>,
original-mining	Shared wall rules and checkpoint compatibility	2026-10-06T18:25:44.0916885Z    |     ^^^^^^^^^^^^^^^^^^^^^^^^^^^^^^^^^^^^^^^^^^^ field `HornedState::target_ref` is reachable at visibility `pub(in crate::runtime::zone)`
original-mining	Shared wall rules and checkpoint compatibility	2026-10-06T18:25:44.0917476Z    |
original-mining	Shared wall rules and checkpoint compatibility	2026-10-06T18:25:44.0918015Z note: but type `entity_combat::ZoneCombatEntityRef` is only usable at visibility `pub(in crate::runtime::zone::runtime)`
original-mining	Shared wall rules and checkpoint compatibility	2026-10-06T18:25:44.0918764Z   --> apps/simulation/src/runtime/zone/runtime/entity_combat.rs:7:1
original-mining	Shared wall rules and checkpoint compatibility	2026-10-06T18:25:44.0919189Z    |
original-mining	Shared wall rules and checkpoint compatibility	2026-10-06T18:25:44.0919437Z 7  | pub(super) enum ZoneCombatEntityRef {
original-mining	Shared wall rules and checkpoint compatibility	2026-10-06T18:25:44.0919774Z    | ^^^^^^^^^^^^^^^^^^^^^^^^^^^^^^^^^^^
original-mining	Shared wall rules and checkpoint compatibility	2026-10-06T18:25:44.0919985Z 
original-mining	Shared wall rules and checkpoint compatibility	2026-10-06T18:25:44.0920376Z warning: type `entity_combat::ZoneCombatEntityRef` is more private than the item `HornedHit::source_ref`
original-mining	Shared wall rules and checkpoint compatibility	2026-10-06T18:25:44.0921078Z   --> apps/simulation/src/runtime/zone/runtime/horned_ai.rs:28:5
original-mining	Shared wall rules and checkpoint compatibility	2026-10-06T18:25:44.0921474Z    |
original-mining	Shared wall rules and checkpoint compatibility	2026-10-06T18:25:44.0921888Z 28 |     pub source_ref: Option<ZoneCombatEntityRef>,
original-mining	Shared wall rules and checkpoint compatibility	2026-10-06T18:25:44.0922516Z    |     ^^^^^^^^^^^^^^^^^^^^^^^^^^^^^^^^^^^^^^^^^^^ field `HornedHit::source_ref` is reachable at visibility `pub(in crate::runtime::zone)`
original-mining	Shared wall rules and checkpoint compatibility	2026-10-06T18:25:44.0923109Z    |
original-mining	Shared wall rules and checkpoint compatibility	2026-10-06T18:25:44.0923767Z note: but type `entity_combat::ZoneCombatEntityRef` is only usable at visibility `pub(in crate::runtime::zone::runtime)`
original-mining	Shared wall rules and checkpoint compatibility	2026-10-06T18:25:44.0924505Z   --> apps/simulation/src/runtime/zone/runtime/entity_combat.rs:7:1
original-mining	Shared wall rules and checkpoint compatibility	2026-10-06T18:25:44.0924909Z    |
original-mining	Shared wall rules and checkpoint compatibility	2026-10-06T18:25:44.0925151Z 7  | pub(super) enum ZoneCombatEntityRef {
original-mining	Shared wall rules and checkpoint compatibility	2026-10-06T18:25:44.0925529Z    | ^^^^^^^^^^^^^^^^^^^^^^^^^^^^^^^^^^^
original-mining	Shared wall rules and checkpoint compatibility	2026-10-06T18:25:44.0925741Z 
original-mining	Shared wall rules and checkpoint compatibility	2026-10-06T18:25:44.0926130Z warning: type `entity_combat::ZoneCombatEntityRef` is more private than the item `HornedHit::target_ref`
original-mining	Shared wall rules and checkpoint compatibility	2026-10-06T18:25:44.0926823Z   --> apps/simulation/src/runtime/zone/runtime/horned_ai.rs:30:5
original-mining	Shared wall rules and checkpoint compatibility	2026-10-06T18:25:44.0927222Z    |
original-mining	Shared wall rules and checkpoint compatibility	2026-10-06T18:25:44.0927486Z 30 |     pub target_ref: Option<ZoneCombatEntityRef>,
original-mining	Shared wall rules and checkpoint compatibility	2026-10-06T18:25:44.0928121Z    |     ^^^^^^^^^^^^^^^^^^^^^^^^^^^^^^^^^^^^^^^^^^^ field `HornedHit::target_ref` is reachable at visibility `pub(in crate::runtime::zone)`
original-mining	Shared wall rules and checkpoint compatibility	2026-10-06T18:25:44.0928831Z    |
original-mining	Shared wall rules and checkpoint compatibility	2026-10-06T18:25:44.0929373Z note: but type `entity_combat::ZoneCombatEntityRef` is only usable at visibility `pub(in crate::runtime::zone::runtime)`
original-mining	Shared wall rules and checkpoint compatibility	2026-10-06T18:25:44.0930127Z   --> apps/simulation/src/runtime/zone/runtime/entity_combat.rs:7:1
original-mining	Shared wall rules and checkpoint compatibility	2026-10-06T18:25:44.0930549Z    |
original-mining	Shared wall rules and checkpoint compatibility	2026-10-06T18:25:44.0930788Z 7  | pub(super) enum ZoneCombatEntityRef {
original-mining	Shared wall rules and checkpoint compatibility	2026-10-06T18:25:44.0931120Z    | ^^^^^^^^^^^^^^^^^^^^^^^^^^^^^^^^^^^
original-mining	Shared wall rules and checkpoint compatibility	2026-10-06T18:25:44.0931326Z 
original-mining	Shared wall rules and checkpoint compatibility	2026-10-06T18:25:44.0931739Z warning: type `entity_combat::ZoneCombatEntityRef` is more private than the item `HellState::explosion_source_ref`
original-mining	Shared wall rules and checkpoint compatibility	2026-10-06T18:25:44.0932458Z   --> apps/simulation/src/runtime/zone/runtime/hell_ai.rs:14:5
original-mining	Shared wall rules and checkpoint compatibility	2026-10-06T18:25:44.0932824Z    |
original-mining	Shared wall rules and checkpoint compatibility	2026-10-06T18:25:44.0933110Z 14 |     pub explosion_source_ref: Option<ZoneCombatEntityRef>,
original-mining	Shared wall rules and checkpoint compatibility	2026-10-06T18:25:44.0933933Z    |     ^^^^^^^^^^^^^^^^^^^^^^^^^^^^^^^^^^^^^^^^^^^^^^^^^^^^^ field `HellState::explosion_source_ref` is reachable at visibility `pub(in crate::runtime::zone)`
original-mining	Shared wall rules and checkpoint compatibility	2026-10-06T18:25:44.0934528Z    |
original-mining	Shared wall rules and checkpoint compatibility	2026-10-06T18:25:44.0935029Z note: but type `entity_combat::ZoneCombatEntityRef` is only usable at visibility `pub(in crate::runtime::zone::runtime)`
original-mining	Shared wall rules and checkpoint compatibility	2026-10-06T18:25:44.0935715Z   --> apps/simulation/src/runtime/zone/runtime/entity_combat.rs:7:1
original-mining	Shared wall rules and checkpoint compatibility	2026-10-06T18:25:44.0936095Z    |
original-mining	Shared wall rules and checkpoint compatibility	2026-10-06T18:25:44.0936320Z 7  | pub(super) enum ZoneCombatEntityRef {
original-mining	Shared wall rules and checkpoint compatibility	2026-10-06T18:25:44.0936634Z    | ^^^^^^^^^^^^^^^^^^^^^^^^^^^^^^^^^^^
original-mining	Shared wall rules and checkpoint compatibility	2026-10-06T18:25:44.0936827Z 
original-mining	Shared wall rules and checkpoint compatibility	2026-10-06T18:25:44.0937201Z warning: type `entity_combat::ZoneCombatEntityRef` is more private than the item `SpiderAiState::parent_ref`
original-mining	Shared wall rules and checkpoint compatibility	2026-10-06T18:25:44.0937862Z   --> apps/simulation/src/runtime/zone/runtime/spider_ai.rs:40:5
original-mining	Shared wall rules and checkpoint compatibility	2026-10-06T18:25:44.0938236Z    |
original-mining	Shared wall rules and checkpoint compatibility	2026-10-06T18:25:44.0938491Z 40 |     pub parent_ref: Option<ZoneCombatEntityRef>,
original-mining	Shared wall rules and checkpoint compatibility	2026-10-06T18:25:44.0939105Z    |     ^^^^^^^^^^^^^^^^^^^^^^^^^^^^^^^^^^^^^^^^^^^ field `SpiderAiState::parent_ref` is reachable at visibility `pub(in crate::runtime::zone)`
original-mining	Shared wall rules and checkpoint compatibility	2026-10-06T18:25:44.0939663Z    |
original-mining	Shared wall rules and checkpoint compatibility	2026-10-06T18:25:44.0940165Z note: but type `entity_combat::ZoneCombatEntityRef` is only usable at visibility `pub(in crate::runtime::zone::runtime)`
original-mining	Shared wall rules and checkpoint compatibility	2026-10-06T18:25:44.0940868Z   --> apps/simulation/src/runtime/zone/runtime/entity_combat.rs:7:1
original-mining	Shared wall rules and checkpoint compatibility	2026-10-06T18:25:44.0941265Z    |
original-mining	Shared wall rules and checkpoint compatibility	2026-10-06T18:25:44.0941499Z 7  | pub(super) enum ZoneCombatEntityRef {
original-mining	Shared wall rules and checkpoint compatibility	2026-10-06T18:25:44.0941809Z    | ^^^^^^^^^^^^^^^^^^^^^^^^^^^^^^^^^^^
original-mining	Shared wall rules and checkpoint compatibility	2026-10-06T18:25:44.0942000Z 
original-mining	Shared wall rules and checkpoint compatibility	2026-10-06T18:25:44.0942386Z warning: type `entity_combat::ZoneCombatEntityRef` is more private than the item `PendingRootSpiderSpawn::source`
original-mining	Shared wall rules and checkpoint compatibility	2026-10-06T18:25:44.0943062Z   --> apps/simulation/src/runtime/zone/runtime/spider_ai.rs:52:5
original-mining	Shared wall rules and checkpoint compatibility	2026-10-06T18:25:44.0943428Z    |
original-mining	Shared wall rules and checkpoint compatibility	2026-10-06T18:25:44.0953240Z 52 |     pub source: Option<ZoneCombatEntityRef>,
original-mining	Shared wall rules and checkpoint compatibility	2026-10-06T18:25:44.0954343Z    |     ^^^^^^^^^^^^^^^^^^^^^^^^^^^^^^^^^^^^^^^ field `PendingRootSpiderSpawn::source` is reachable at visibility `pub(in crate::runtime::zone)`
original-mining	Shared wall rules and checkpoint compatibility	2026-10-06T18:25:44.0955012Z    |
original-mining	Shared wall rules and checkpoint compatibility	2026-10-06T18:25:44.0955591Z note: but type `entity_combat::ZoneCombatEntityRef` is only usable at visibility `pub(in crate::runtime::zone::runtime)`
original-mining	Shared wall rules and checkpoint compatibility	2026-10-06T18:25:44.0956436Z   --> apps/simulation/src/runtime/zone/runtime/entity_combat.rs:7:1
original-mining	Shared wall rules and checkpoint compatibility	2026-10-06T18:25:44.0956868Z    |
original-mining	Shared wall rules and checkpoint compatibility	2026-10-06T18:25:44.0958041Z 7  | pub(super) enum ZoneCombatEntityRef {
original-mining	Shared wall rules and checkpoint compatibility	2026-10-06T18:25:44.0958389Z    | ^^^^^^^^^^^^^^^^^^^^^^^^^^^^^^^^^^^
original-mining	Shared wall rules and checkpoint compatibility	2026-10-06T18:25:44.0958721Z 
original-mining	Shared wall rules and checkpoint compatibility	2026-10-06T18:25:44.0959229Z warning: type `entity_combat::ZoneCombatEntityRef` is more private than the item `PendingRootSpiderSpawn::target`
original-mining	Shared wall rules and checkpoint compatibility	2026-10-06T18:25:44.0960000Z   --> apps/simulation/src/runtime/zone/runtime/spider_ai.rs:54:5
original-mining	Shared wall rules and checkpoint compatibility	2026-10-06T18:25:44.0960411Z    |
original-mining	Shared wall rules and checkpoint compatibility	2026-10-06T18:25:44.0960686Z 54 |     pub target: Option<ZoneCombatEntityRef>,
original-mining	Shared wall rules and checkpoint compatibility	2026-10-06T18:25:44.0961399Z    |     ^^^^^^^^^^^^^^^^^^^^^^^^^^^^^^^^^^^^^^^ field `PendingRootSpiderSpawn::target` is reachable at visibility `pub(in crate::runtime::zone)`
original-mining	Shared wall rules and checkpoint compatibility	2026-10-06T18:25:44.0962203Z    |
original-mining	Shared wall rules and checkpoint compatibility	2026-10-06T18:25:44.0962743Z note: but type `entity_combat::ZoneCombatEntityRef` is only usable at visibility `pub(in crate::runtime::zone::runtime)`
original-mining	Shared wall rules and checkpoint compatibility	2026-10-06T18:25:44.0963389Z   --> apps/simulation/src/runtime/zone/runtime/entity_combat.rs:7:1
original-mining	Shared wall rules and checkpoint compatibility	2026-10-06T18:25:44.0963875Z    |
original-mining	Shared wall rules and checkpoint compatibility	2026-10-06T18:25:44.0964127Z 7  | pub(super) enum ZoneCombatEntityRef {
original-mining	Shared wall rules and checkpoint compatibility	2026-10-06T18:25:44.0964424Z    | ^^^^^^^^^^^^^^^^^^^^^^^^^^^^^^^^^^^
original-mining	Shared wall rules and checkpoint compatibility	2026-10-06T18:25:44.0964615Z 
original-mining	Shared wall rules and checkpoint compatibility	2026-10-06T18:25:44.2746311Z warning: function `bootstrap_mirror` is never used
original-mining	Shared wall rules and checkpoint compatibility	2026-10-06T18:25:44.2746910Z    --> apps/simulation/src/config_item_identity.rs:143:15
original-mining	Shared wall rules and checkpoint compatibility	2026-10-06T18:25:44.2747288Z     |
original-mining	Shared wall rules and checkpoint compatibility	2026-10-06T18:25:44.2747536Z 143 | pub(super) fn bootstrap_mirror(
original-mining	Shared wall rules and checkpoint compatibility	2026-10-06T18:25:44.2747850Z     |               ^^^^^^^^^^^^^^^^
original-mining	Shared wall rules and checkpoint compatibility	2026-10-06T18:25:44.2748173Z     |
original-mining	Shared wall rules and checkpoint compatibility	2026-10-06T18:25:44.2748410Z     = note: `#[warn(dead_code)]` on by default
original-mining	Shared wall rules and checkpoint compatibility	2026-10-06T18:25:44.2748640Z 
original-mining	Shared wall rules and checkpoint compatibility	2026-10-06T18:25:44.2748781Z warning: function `mirror_client` is never used
original-mining	Shared wall rules and checkpoint compatibility	2026-10-06T18:25:44.2749206Z    --> apps/simulation/src/config_item_identity.rs:187:4
original-mining	Shared wall rules and checkpoint compatibility	2026-10-06T18:25:44.2749558Z     |
original-mining	Shared wall rules and checkpoint compatibility	2026-10-06T18:25:44.2749960Z 187 | fn mirror_client(config: &SimulationConfig) -> Result<postgres::Client, String> {
original-mining	Shared wall rules and checkpoint compatibility	2026-10-06T18:25:44.2750447Z     |    ^^^^^^^^^^^^^
original-mining	Shared wall rules and checkpoint compatibility	2026-10-06T18:25:44.2750595Z 
original-mining	Shared wall rules and checkpoint compatibility	2026-10-06T18:25:44.2750741Z warning: function `reserve_mirror` is never used
original-mining	Shared wall rules and checkpoint compatibility	2026-10-06T18:25:44.2751140Z    --> apps/simulation/src/config_item_identity.rs:203:15
original-mining	Shared wall rules and checkpoint compatibility	2026-10-06T18:25:44.2751503Z     |
original-mining	Shared wall rules and checkpoint compatibility	2026-10-06T18:25:44.2751741Z 203 | pub(super) fn reserve_mirror(
original-mining	Shared wall rules and checkpoint compatibility	2026-10-06T18:25:44.2752029Z     |               ^^^^^^^^^^^^^^
original-mining	Shared wall rules and checkpoint compatibility	2026-10-06T18:25:44.2752216Z 
original-mining	Shared wall rules and checkpoint compatibility	2026-10-06T18:25:44.2755987Z warning: method `record_unresolved_legacy` is never used
original-mining	Shared wall rules and checkpoint compatibility	2026-10-06T18:25:44.2756512Z   --> apps/simulation/src/runtime/hero_registry_carriers.rs:42:12
original-mining	Shared wall rules and checkpoint compatibility	2026-10-06T18:25:44.2756939Z    |
original-mining	Shared wall rules and checkpoint compatibility	2026-10-06T18:25:44.2757175Z 14 | impl HeroCarrierCensus {
original-mining	Shared wall rules and checkpoint compatibility	2026-10-06T18:25:44.2757523Z    | ---------------------- method in this implementation
original-mining	Shared wall rules and checkpoint compatibility	2026-10-06T18:25:44.2757884Z ...
original-mining	Shared wall rules and checkpoint compatibility	2026-10-06T18:25:44.2758318Z 42 |     pub fn record_unresolved_legacy(&mut self,root:&super::items::ItemState)->Result<(),String>{
original-mining	Shared wall rules and checkpoint compatibility	2026-10-06T18:25:44.2758844Z    |            ^^^^^^^^^^^^^^^^^^^^^^^^
original-mining	Shared wall rules and checkpoint compatibility	2026-10-06T18:25:44.2759048Z 
original-mining	Shared wall rules and checkpoint compatibility	2026-10-06T18:25:44.3996160Z warning: unused `std::result::Result` that must be used
original-mining	Shared wall rules and checkpoint compatibility	2026-10-06T18:25:44.3996769Z   --> apps/simulation/src/runtime/mail_parcel_tests.rs:42:5
original-mining	Shared wall rules and checkpoint compatibility	2026-10-06T18:25:44.3997159Z    |
original-mining	Shared wall rules and checkpoint compatibility	2026-10-06T18:25:44.3997410Z 42 |     session.save_active_character();
original-mining	Shared wall rules and checkpoint compatibility	2026-10-06T18:25:44.3997745Z    |     ^^^^^^^^^^^^^^^^^^^^^^^^^^^^^^^
original-mining	Shared wall rules and checkpoint compatibility	2026-10-06T18:25:44.3998017Z    |
original-mining	Shared wall rules and checkpoint compatibility	2026-10-06T18:25:44.3998329Z    = note: this `Result` may be an `Err` variant, which should be handled
original-mining	Shared wall rules and checkpoint compatibility	2026-10-06T18:25:44.3998767Z    = note: `#[warn(unused_must_use)]` on by default
original-mining	Shared wall rules and checkpoint compatibility	2026-10-06T18:25:44.3999441Z help: use `let _ = ...` to ignore the resulting value
original-mining	Shared wall rules and checkpoint compatibility	2026-10-06T18:25:44.3999784Z    |
original-mining	Shared wall rules and checkpoint compatibility	2026-10-06T18:25:44.4000051Z 42 |     let _ = session.save_active_character();
original-mining	Shared wall rules and checkpoint compatibility	2026-10-06T18:25:44.4000371Z    |     +++++++
original-mining	Shared wall rules and checkpoint compatibility	2026-10-06T18:25:44.4000517Z 
original-mining	Shared wall rules and checkpoint compatibility	2026-10-06T18:25:44.4274100Z warning: unused `std::result::Result` that must be used
original-mining	Shared wall rules and checkpoint compatibility	2026-10-06T18:25:44.4274766Z     --> apps/simulation/src/runtime/tests.rs:1732:5
original-mining	Shared wall rules and checkpoint compatibility	2026-10-06T18:25:44.4275184Z      |
original-mining	Shared wall rules and checkpoint compatibility	2026-10-06T18:25:44.4275445Z 1732 |     sender.save_active_character();
original-mining	Shared wall rules and checkpoint compatibility	2026-10-06T18:25:44.4275780Z      |     ^^^^^^^^^^^^^^^^^^^^^^^^^^^^^^
original-mining	Shared wall rules and checkpoint compatibility	2026-10-06T18:25:44.4276133Z      |
original-mining	Shared wall rules and checkpoint compatibility	2026-10-06T18:25:44.4276474Z      = note: this `Result` may be an `Err` variant, which should be handled
original-mining	Shared wall rules and checkpoint compatibility	2026-10-06T18:25:44.4276964Z help: use `let _ = ...` to ignore the resulting value
original-mining	Shared wall rules and checkpoint compatibility	2026-10-06T18:25:44.4277331Z      |
original-mining	Shared wall rules and checkpoint compatibility	2026-10-06T18:25:44.4277592Z 1732 |     let _ = sender.save_active_character();
original-mining	Shared wall rules and checkpoint compatibility	2026-10-06T18:25:44.4277919Z      |     +++++++
original-mining	Shared wall rules and checkpoint compatibility	2026-10-06T18:25:44.4278095Z 
original-mining	Shared wall rules and checkpoint compatibility	2026-10-06T18:25:44.4289547Z warning: unused `std::result::Result` that must be used
original-mining	Shared wall rules and checkpoint compatibility	2026-10-06T18:25:44.4290163Z     --> apps/simulation/src/runtime/tests.rs:3025:5
original-mining	Shared wall rules and checkpoint compatibility	2026-10-06T18:25:44.4291029Z      |
original-mining	Shared wall rules and checkpoint compatibility	2026-10-06T18:25:44.4291528Z 3025 |     session.save_active_character();
original-mining	Shared wall rules and checkpoint compatibility	2026-10-06T18:25:44.4291896Z      |     ^^^^^^^^^^^^^^^^^^^^^^^^^^^^^^^
original-mining	Shared wall rules and checkpoint compatibility	2026-10-06T18:25:44.4292196Z      |
original-mining	Shared wall rules and checkpoint compatibility	2026-10-06T18:25:44.4292532Z      = note: this `Result` may be an `Err` variant, which should be handled
original-mining	Shared wall rules and checkpoint compatibility	2026-10-06T18:25:44.4293015Z help: use `let _ = ...` to ignore the resulting value
original-mining	Shared wall rules and checkpoint compatibility	2026-10-06T18:25:44.4293369Z      |
original-mining	Shared wall rules and checkpoint compatibility	2026-10-06T18:25:44.4293758Z 3025 |     let _ = session.save_active_character();
original-mining	Shared wall rules and checkpoint compatibility	2026-10-06T18:25:44.4294078Z      |     +++++++
original-mining	Shared wall rules and checkpoint compatibility	2026-10-06T18:25:44.4294206Z 
original-mining	Shared wall rules and checkpoint compatibility	2026-10-06T18:25:44.4296088Z warning: unused `std::result::Result` that must be used
original-mining	Shared wall rules and checkpoint compatibility	2026-10-06T18:25:44.4296635Z     --> apps/simulation/src/runtime/tests.rs:3048:5
original-mining	Shared wall rules and checkpoint compatibility	2026-10-06T18:25:44.4296970Z      |
original-mining	Shared wall rules and checkpoint compatibility	2026-10-06T18:25:44.4297227Z 3048 |     session.save_active_character();
original-mining	Shared wall rules and checkpoint compatibility	2026-10-06T18:25:44.4297559Z      |     ^^^^^^^^^^^^^^^^^^^^^^^^^^^^^^^
original-mining	Shared wall rules and checkpoint compatibility	2026-10-06T18:25:44.4297851Z      |
original-mining	Shared wall rules and checkpoint compatibility	2026-10-06T18:25:44.4298181Z      = note: this `Result` may be an `Err` variant, which should be handled
original-mining	Shared wall rules and checkpoint compatibility	2026-10-06T18:25:44.4298642Z help: use `let _ = ...` to ignore the resulting value
original-mining	Shared wall rules and checkpoint compatibility	2026-10-06T18:25:44.4298986Z      |
original-mining	Shared wall rules and checkpoint compatibility	2026-10-06T18:25:44.4299254Z 3048 |     let _ = session.save_active_character();
original-mining	Shared wall rules and checkpoint compatibility	2026-10-06T18:25:44.4299603Z      |     +++++++
original-mining	Shared wall rules and checkpoint compatibility	2026-10-06T18:25:44.4299749Z 
original-mining	Shared wall rules and checkpoint compatibility	2026-10-06T18:25:44.4299910Z warning: unused `std::result::Result` that must be used
original-mining	Shared wall rules and checkpoint compatibility	2026-10-06T18:25:44.4300309Z     --> apps/simulation/src/runtime/tests.rs:3138:5
original-mining	Shared wall rules and checkpoint compatibility	2026-10-06T18:25:44.4300636Z      |
original-mining	Shared wall rules and checkpoint compatibility	2026-10-06T18:25:44.4300864Z 3138 |     first.save_active_character();
original-mining	Shared wall rules and checkpoint compatibility	2026-10-06T18:25:44.4301174Z      |     ^^^^^^^^^^^^^^^^^^^^^^^^^^^^^
original-mining	Shared wall rules and checkpoint compatibility	2026-10-06T18:25:44.4301462Z      |
original-mining	Shared wall rules and checkpoint compatibility	2026-10-06T18:25:44.4301778Z      = note: this `Result` may be an `Err` variant, which should be handled
original-mining	Shared wall rules and checkpoint compatibility	2026-10-06T18:25:44.4302253Z help: use `let _ = ...` to ignore the resulting value
original-mining	Shared wall rules and checkpoint compatibility	2026-10-06T18:25:44.4302591Z      |
original-mining	Shared wall rules and checkpoint compatibility	2026-10-06T18:25:44.4302836Z 3138 |     let _ = first.save_active_character();
original-mining	Shared wall rules and checkpoint compatibility	2026-10-06T18:25:44.4303168Z      |     +++++++
original-mining	Shared wall rules and checkpoint compatibility	2026-10-06T18:25:44.4303315Z 
original-mining	Shared wall rules and checkpoint compatibility	2026-10-06T18:25:44.4303476Z warning: unused `std::result::Result` that must be used
original-mining	Shared wall rules and checkpoint compatibility	2026-10-06T18:25:44.4304034Z     --> apps/simulation/src/runtime/tests.rs:3202:5
original-mining	Shared wall rules and checkpoint compatibility	2026-10-06T18:25:44.4304364Z      |
original-mining	Shared wall rules and checkpoint compatibility	2026-10-06T18:25:44.4304594Z 3202 |     session.save_active_character();
original-mining	Shared wall rules and checkpoint compatibility	2026-10-06T18:25:44.4304906Z      |     ^^^^^^^^^^^^^^^^^^^^^^^^^^^^^^^
original-mining	Shared wall rules and checkpoint compatibility	2026-10-06T18:25:44.4305184Z      |
original-mining	Shared wall rules and checkpoint compatibility	2026-10-06T18:25:44.4305494Z      = note: this `Result` may be an `Err` variant, which should be handled
original-mining	Shared wall rules and checkpoint compatibility	2026-10-06T18:25:44.4305943Z help: use `let _ = ...` to ignore the resulting value
original-mining	Shared wall rules and checkpoint compatibility	2026-10-06T18:25:44.4306269Z      |
original-mining	Shared wall rules and checkpoint compatibility	2026-10-06T18:25:44.4306515Z 3202 |     let _ = session.save_active_character();
original-mining	Shared wall rules and checkpoint compatibility	2026-10-06T18:25:44.4306837Z      |     +++++++
original-mining	Shared wall rules and checkpoint compatibility	2026-10-06T18:25:44.4307221Z 
original-mining	Shared wall rules and checkpoint compatibility	2026-10-06T18:25:44.4309075Z warning: unused `std::result::Result` that must be used
original-mining	Shared wall rules and checkpoint compatibility	2026-10-06T18:25:44.4309521Z     --> apps/simulation/src/runtime/tests.rs:3269:5
original-mining	Shared wall rules and checkpoint compatibility	2026-10-06T18:25:44.4309860Z      |
original-mining	Shared wall rules and checkpoint compatibility	2026-10-06T18:25:44.4310091Z 3269 |     first.save_active_character();
original-mining	Shared wall rules and checkpoint compatibility	2026-10-06T18:25:44.4310415Z      |     ^^^^^^^^^^^^^^^^^^^^^^^^^^^^^
original-mining	Shared wall rules and checkpoint compatibility	2026-10-06T18:25:44.4310688Z      |
original-mining	Shared wall rules and checkpoint compatibility	2026-10-06T18:25:44.4310989Z      = note: this `Result` may be an `Err` variant, which should be handled
original-mining	Shared wall rules and checkpoint compatibility	2026-10-06T18:25:44.4311443Z help: use `let _ = ...` to ignore the resulting value
original-mining	Shared wall rules and checkpoint compatibility	2026-10-06T18:25:44.4311797Z      |
original-mining	Shared wall rules and checkpoint compatibility	2026-10-06T18:25:44.4312052Z 3269 |     let _ = first.save_active_character();
original-mining	Shared wall rules and checkpoint compatibility	2026-10-06T18:25:44.4312372Z      |     +++++++
original-mining	Shared wall rules and checkpoint compatibility	2026-10-06T18:25:44.4312516Z 
original-mining	Shared wall rules and checkpoint compatibility	2026-10-06T18:25:44.4312687Z warning: unused `std::result::Result` that must be used
original-mining	Shared wall rules and checkpoint compatibility	2026-10-06T18:25:44.4313090Z     --> apps/simulation/src/runtime/tests.rs:3492:5
original-mining	Shared wall rules and checkpoint compatibility	2026-10-06T18:25:44.4313424Z      |
original-mining	Shared wall rules and checkpoint compatibility	2026-10-06T18:25:44.4313803Z 3492 |     alpha.save_active_character();
original-mining	Shared wall rules and checkpoint compatibility	2026-10-06T18:25:44.4314126Z      |     ^^^^^^^^^^^^^^^^^^^^^^^^^^^^^
original-mining	Shared wall rules and checkpoint compatibility	2026-10-06T18:25:44.4314405Z      |
original-mining	Shared wall rules and checkpoint compatibility	2026-10-06T18:25:44.4314966Z      = note: this `Result` may be an `Err` variant, which should be handled
original-mining	Shared wall rules and checkpoint compatibility	2026-10-06T18:25:44.4315434Z help: use `let _ = ...` to ignore the resulting value
original-mining	Shared wall rules and checkpoint compatibility	2026-10-06T18:25:44.4315773Z      |
original-mining	Shared wall rules and checkpoint compatibility	2026-10-06T18:25:44.4316027Z 3492 |     let _ = alpha.save_active_character();
original-mining	Shared wall rules and checkpoint compatibility	2026-10-06T18:25:44.4316361Z      |     +++++++
original-mining	Shared wall rules and checkpoint compatibility	2026-10-06T18:25:44.4316490Z 
original-mining	Shared wall rules and checkpoint compatibility	2026-10-06T18:25:44.4316655Z warning: unused `std::result::Result` that must be used
original-mining	Shared wall rules and checkpoint compatibility	2026-10-06T18:25:44.4317061Z     --> apps/simulation/src/runtime/tests.rs:3493:5
original-mining	Shared wall rules and checkpoint compatibility	2026-10-06T18:25:44.4317391Z      |
original-mining	Shared wall rules and checkpoint compatibility	2026-10-06T18:25:44.4317620Z 3493 |     beta.save_active_character();
original-mining	Shared wall rules and checkpoint compatibility	2026-10-06T18:25:44.4317929Z      |     ^^^^^^^^^^^^^^^^^^^^^^^^^^^^
original-mining	Shared wall rules and checkpoint compatibility	2026-10-06T18:25:44.4318196Z      |
original-mining	Shared wall rules and checkpoint compatibility	2026-10-06T18:25:44.4318499Z      = note: this `Result` may be an `Err` variant, which should be handled
original-mining	Shared wall rules and checkpoint compatibility	2026-10-06T18:25:44.4318952Z help: use `let _ = ...` to ignore the resulting value
original-mining	Shared wall rules and checkpoint compatibility	2026-10-06T18:25:44.4319282Z      |
original-mining	Shared wall rules and checkpoint compatibility	2026-10-06T18:25:44.4319541Z 3493 |     let _ = beta.save_active_character();
original-mining	Shared wall rules and checkpoint compatibility	2026-10-06T18:25:44.4319857Z      |     +++++++
original-mining	Shared wall rules and checkpoint compatibility	2026-10-06T18:25:44.4319983Z 
original-mining	Shared wall rules and checkpoint compatibility	2026-10-06T18:25:44.4336074Z warning: unused `std::result::Result` that must be used
original-mining	Shared wall rules and checkpoint compatibility	2026-10-06T18:25:44.4336551Z     --> apps/simulation/src/runtime/tests.rs:6691:5
original-mining	Shared wall rules and checkpoint compatibility	2026-10-06T18:25:44.4336952Z      |
original-mining	Shared wall rules and checkpoint compatibility	2026-10-06T18:25:44.4337198Z 6691 |     session.save_active_character();
original-mining	Shared wall rules and checkpoint compatibility	2026-10-06T18:25:44.4337527Z      |     ^^^^^^^^^^^^^^^^^^^^^^^^^^^^^^^
original-mining	Shared wall rules and checkpoint compatibility	2026-10-06T18:25:44.4337811Z      |
original-mining	Shared wall rules and checkpoint compatibility	2026-10-06T18:25:44.4338138Z      = note: this `Result` may be an `Err` variant, which should be handled
original-mining	Shared wall rules and checkpoint compatibility	2026-10-06T18:25:44.4338628Z help: use `let _ = ...` to ignore the resulting value
original-mining	Shared wall rules and checkpoint compatibility	2026-10-06T18:25:44.4338956Z      |
original-mining	Shared wall rules and checkpoint compatibility	2026-10-06T18:25:44.4339206Z 6691 |     let _ = session.save_active_character();
original-mining	Shared wall rules and checkpoint compatibility	2026-10-06T18:25:44.4339536Z      |     +++++++
original-mining	Shared wall rules and checkpoint compatibility	2026-10-06T18:25:44.4339680Z 
original-mining	Shared wall rules and checkpoint compatibility	2026-10-06T18:25:44.4501836Z warning: unused `std::result::Result` that must be used
original-mining	Shared wall rules and checkpoint compatibility	2026-10-06T18:25:44.4502362Z      --> apps/simulation/src/runtime/tests.rs:28444:5
original-mining	Shared wall rules and checkpoint compatibility	2026-10-06T18:25:44.4502759Z       |
original-mining	Shared wall rules and checkpoint compatibility	2026-10-06T18:25:44.4512729Z 28444 |     session.save_active_character();
original-mining	Shared wall rules and checkpoint compatibility	2026-10-06T18:25:44.4513102Z       |     ^^^^^^^^^^^^^^^^^^^^^^^^^^^^^^^
original-mining	Shared wall rules and checkpoint compatibility	2026-10-06T18:25:44.4513377Z       |
original-mining	Shared wall rules and checkpoint compatibility	2026-10-06T18:25:44.4513878Z       = note: this `Result` may be an `Err` variant, which should be handled
original-mining	Shared wall rules and checkpoint compatibility	2026-10-06T18:25:44.4514347Z help: use `let _ = ...` to ignore the resulting value
original-mining	Shared wall rules and checkpoint compatibility	2026-10-06T18:25:44.4514679Z       |
original-mining	Shared wall rules and checkpoint compatibility	2026-10-06T18:25:44.4514921Z 28444 |     let _ = session.save_active_character();
original-mining	Shared wall rules and checkpoint compatibility	2026-10-06T18:25:44.4515248Z       |     +++++++
original-mining	Shared wall rules and checkpoint compatibility	2026-10-06T18:25:44.4515381Z 
original-mining	Shared wall rules and checkpoint compatibility	2026-10-06T18:25:44.4515554Z warning: unused `std::result::Result` that must be used
original-mining	Shared wall rules and checkpoint compatibility	2026-10-06T18:25:44.4516113Z      --> apps/simulation/src/runtime/tests.rs:29432:5
original-mining	Shared wall rules and checkpoint compatibility	2026-10-06T18:25:44.4516660Z       |
original-mining	Shared wall rules and checkpoint compatibility	2026-10-06T18:25:44.4517127Z 29432 |     first.save_active_character();
original-mining	Shared wall rules and checkpoint compatibility	2026-10-06T18:25:44.4517747Z       |     ^^^^^^^^^^^^^^^^^^^^^^^^^^^^^
original-mining	Shared wall rules and checkpoint compatibility	2026-10-06T18:25:44.4518034Z       |
original-mining	Shared wall rules and checkpoint compatibility	2026-10-06T18:25:44.4518357Z       = note: this `Result` may be an `Err` variant, which should be handled
original-mining	Shared wall rules and checkpoint compatibility	2026-10-06T18:25:44.4518872Z help: use `let _ = ...` to ignore the resulting value
original-mining	Shared wall rules and checkpoint compatibility	2026-10-06T18:25:44.4519241Z       |
original-mining	Shared wall rules and checkpoint compatibility	2026-10-06T18:25:44.4519490Z 29432 |     let _ = first.save_active_character();
original-mining	Shared wall rules and checkpoint compatibility	2026-10-06T18:25:44.4519820Z       |     +++++++
original-mining	Shared wall rules and checkpoint compatibility	2026-10-06T18:25:44.4519959Z 
original-mining	Shared wall rules and checkpoint compatibility	2026-10-06T18:25:44.4523884Z warning: unused `std::result::Result` that must be used
original-mining	Shared wall rules and checkpoint compatibility	2026-10-06T18:25:44.4524469Z      --> apps/simulation/src/runtime/tests.rs:30460:5
original-mining	Shared wall rules and checkpoint compatibility	2026-10-06T18:25:44.4525033Z       |
original-mining	Shared wall rules and checkpoint compatibility	2026-10-06T18:25:44.4525301Z 30460 |     first.save_active_character();
original-mining	Shared wall rules and checkpoint compatibility	2026-10-06T18:25:44.4525645Z       |     ^^^^^^^^^^^^^^^^^^^^^^^^^^^^^
original-mining	Shared wall rules and checkpoint compatibility	2026-10-06T18:25:44.4525933Z       |
original-mining	Shared wall rules and checkpoint compatibility	2026-10-06T18:25:44.4526257Z       = note: this `Result` may be an `Err` variant, which should be handled
original-mining	Shared wall rules and checkpoint compatibility	2026-10-06T18:25:44.4526746Z help: use `let _ = ...` to ignore the resulting value
original-mining	Shared wall rules and checkpoint compatibility	2026-10-06T18:25:44.4527079Z       |
original-mining	Shared wall rules and checkpoint compatibility	2026-10-06T18:25:44.4527325Z 30460 |     let _ = first.save_active_character();
original-mining	Shared wall rules and checkpoint compatibility	2026-10-06T18:25:44.4527914Z       |     +++++++
original-mining	Shared wall rules and checkpoint compatibility	2026-10-06T18:25:44.4528066Z 
original-mining	Shared wall rules and checkpoint compatibility	2026-10-06T18:25:44.4545787Z warning: unused `std::result::Result` that must be used
original-mining	Shared wall rules and checkpoint compatibility	2026-10-06T18:25:44.4546356Z      --> apps/simulation/src/runtime/tests.rs:32352:5
original-mining	Shared wall rules and checkpoint compatibility	2026-10-06T18:25:44.4546890Z       |
original-mining	Shared wall rules and checkpoint compatibility	2026-10-06T18:25:44.4547329Z 32352 |     first.save_active_character();
original-mining	Shared wall rules and checkpoint compatibility	2026-10-06T18:25:44.4547683Z       |     ^^^^^^^^^^^^^^^^^^^^^^^^^^^^^
original-mining	Shared wall rules and checkpoint compatibility	2026-10-06T18:25:44.4547987Z       |
original-mining	Shared wall rules and checkpoint compatibility	2026-10-06T18:25:44.4548325Z       = note: this `Result` may be an `Err` variant, which should be handled
original-mining	Shared wall rules and checkpoint compatibility	2026-10-06T18:25:44.4548802Z help: use `let _ = ...` to ignore the resulting value
original-mining	Shared wall rules and checkpoint compatibility	2026-10-06T18:25:44.4549140Z       |
original-mining	Shared wall rules and checkpoint compatibility	2026-10-06T18:25:44.4549389Z 32352 |     let _ = first.save_active_character();
original-mining	Shared wall rules and checkpoint compatibility	2026-10-06T18:25:44.4549735Z       |     +++++++
original-mining	Shared wall rules and checkpoint compatibility	2026-10-06T18:25:44.4549896Z 
original-mining	Shared wall rules and checkpoint compatibility	2026-10-06T18:25:44.4578523Z warning: unused `std::result::Result` that must be used
original-mining	Shared wall rules and checkpoint compatibility	2026-10-06T18:25:44.4578999Z      --> apps/simulation/src/runtime/tests.rs:35507:5
original-mining	Shared wall rules and checkpoint compatibility	2026-10-06T18:25:44.4579370Z       |
original-mining	Shared wall rules and checkpoint compatibility	2026-10-06T18:25:44.4579622Z 35507 |     session.save_active_character();
original-mining	Shared wall rules and checkpoint compatibility	2026-10-06T18:25:44.4579955Z       |     ^^^^^^^^^^^^^^^^^^^^^^^^^^^^^^^
original-mining	Shared wall rules and checkpoint compatibility	2026-10-06T18:25:44.4580243Z       |
original-mining	Shared wall rules and checkpoint compatibility	2026-10-06T18:25:44.4580568Z       = note: this `Result` may be an `Err` variant, which should be handled
original-mining	Shared wall rules and checkpoint compatibility	2026-10-06T18:25:44.4581041Z help: use `let _ = ...` to ignore the resulting value
original-mining	Shared wall rules and checkpoint compatibility	2026-10-06T18:25:44.4581371Z       |
original-mining	Shared wall rules and checkpoint compatibility	2026-10-06T18:25:44.4581626Z 35507 |     let _ = session.save_active_character();
original-mining	Shared wall rules and checkpoint compatibility	2026-10-06T18:25:44.4581951Z       |     +++++++
original-mining	Shared wall rules and checkpoint compatibility	2026-10-06T18:25:44.4582104Z 
original-mining	Shared wall rules and checkpoint compatibility	2026-10-06T18:25:44.4639511Z warning: unused `std::result::Result` that must be used
original-mining	Shared wall rules and checkpoint compatibility	2026-10-06T18:25:44.4640105Z      --> apps/simulation/src/runtime/tests.rs:42440:5
original-mining	Shared wall rules and checkpoint compatibility	2026-10-06T18:25:44.4640628Z       |
original-mining	Shared wall rules and checkpoint compatibility	2026-10-06T18:25:44.4641090Z 42440 |     session.save_active_character();
original-mining	Shared wall rules and checkpoint compatibility	2026-10-06T18:25:44.4641486Z       |     ^^^^^^^^^^^^^^^^^^^^^^^^^^^^^^^
original-mining	Shared wall rules and checkpoint compatibility	2026-10-06T18:25:44.4641795Z       |
original-mining	Shared wall rules and checkpoint compatibility	2026-10-06T18:25:44.4642155Z       = note: this `Result` may be an `Err` variant, which should be handled
original-mining	Shared wall rules and checkpoint compatibility	2026-10-06T18:25:44.4642675Z help: use `let _ = ...` to ignore the resulting value
original-mining	Shared wall rules and checkpoint compatibility	2026-10-06T18:25:44.4643022Z       |
original-mining	Shared wall rules and checkpoint compatibility	2026-10-06T18:25:44.4643287Z 42440 |     let _ = session.save_active_character();
original-mining	Shared wall rules and checkpoint compatibility	2026-10-06T18:25:44.4643750Z       |     +++++++
original-mining	Shared wall rules and checkpoint compatibility	2026-10-06T18:25:44.4643902Z 
original-mining	Shared wall rules and checkpoint compatibility	2026-10-06T18:25:44.4644437Z warning: unused `std::result::Result` that must be used
original-mining	Shared wall rules and checkpoint compatibility	2026-10-06T18:25:44.4644992Z      --> apps/simulation/src/runtime/tests.rs:42765:5
original-mining	Shared wall rules and checkpoint compatibility	2026-10-06T18:25:44.4645349Z       |
original-mining	Shared wall rules and checkpoint compatibility	2026-10-06T18:25:44.4645609Z 42765 |     session.save_active_character();
original-mining	Shared wall rules and checkpoint compatibility	2026-10-06T18:25:44.4645936Z       |     ^^^^^^^^^^^^^^^^^^^^^^^^^^^^^^^
original-mining	Shared wall rules and checkpoint compatibility	2026-10-06T18:25:44.4646223Z       |
original-mining	Shared wall rules and checkpoint compatibility	2026-10-06T18:25:44.4646535Z       = note: this `Result` may be an `Err` variant, which should be handled
original-mining	Shared wall rules and checkpoint compatibility	2026-10-06T18:25:44.4647286Z help: use `let _ = ...` to ignore the resulting value
original-mining	Shared wall rules and checkpoint compatibility	2026-10-06T18:25:44.4647623Z       |
original-mining	Shared wall rules and checkpoint compatibility	2026-10-06T18:25:44.4647878Z 42765 |     let _ = session.save_active_character();
original-mining	Shared wall rules and checkpoint compatibility	2026-10-06T18:25:44.4648226Z       |     +++++++
original-mining	Shared wall rules and checkpoint compatibility	2026-10-06T18:25:44.4648374Z 
original-mining	Shared wall rules and checkpoint compatibility	2026-10-06T18:25:44.4755265Z warning: unused `std::result::Result` that must be used
original-mining	Shared wall rules and checkpoint compatibility	2026-10-06T18:25:44.4755929Z      --> apps/simulation/src/runtime/tests.rs:56520:5
original-mining	Shared wall rules and checkpoint compatibility	2026-10-06T18:25:44.4756311Z       |
original-mining	Shared wall rules and checkpoint compatibility	2026-10-06T18:25:44.4756572Z 56520 |     session.save_active_character();
original-mining	Shared wall rules and checkpoint compatibility	2026-10-06T18:25:44.4756928Z       |     ^^^^^^^^^^^^^^^^^^^^^^^^^^^^^^^
original-mining	Shared wall rules and checkpoint compatibility	2026-10-06T18:25:44.4757233Z       |
original-mining	Shared wall rules and checkpoint compatibility	2026-10-06T18:25:44.4757568Z       = note: this `Result` may be an `Err` variant, which should be handled
original-mining	Shared wall rules and checkpoint compatibility	2026-10-06T18:25:44.4758038Z help: use `let _ = ...` to ignore the resulting value
original-mining	Shared wall rules and checkpoint compatibility	2026-10-06T18:25:44.4758378Z       |
original-mining	Shared wall rules and checkpoint compatibility	2026-10-06T18:25:44.4758640Z 56520 |     let _ = session.save_active_character();
original-mining	Shared wall rules and checkpoint compatibility	2026-10-06T18:25:44.4758968Z       |     +++++++
original-mining	Shared wall rules and checkpoint compatibility	2026-10-06T18:25:44.4759140Z 
original-mining	Shared wall rules and checkpoint compatibility	2026-10-06T18:25:44.4766426Z warning: unused `std::result::Result` that must be used
original-mining	Shared wall rules and checkpoint compatibility	2026-10-06T18:25:44.4767015Z      --> apps/simulation/src/runtime/tests.rs:57622:5
original-mining	Shared wall rules and checkpoint compatibility	2026-10-06T18:25:44.4767644Z       |
original-mining	Shared wall rules and checkpoint compatibility	2026-10-06T18:25:44.4767896Z 57622 |     session.save_active_character();
original-mining	Shared wall rules and checkpoint compatibility	2026-10-06T18:25:44.4768209Z       |     ^^^^^^^^^^^^^^^^^^^^^^^^^^^^^^^
original-mining	Shared wall rules and checkpoint compatibility	2026-10-06T18:25:44.4768494Z       |
original-mining	Shared wall rules and checkpoint compatibility	2026-10-06T18:25:44.4768812Z       = note: this `Result` may be an `Err` variant, which should be handled
original-mining	Shared wall rules and checkpoint compatibility	2026-10-06T18:25:44.4769271Z help: use `let _ = ...` to ignore the resulting value
original-mining	Shared wall rules and checkpoint compatibility	2026-10-06T18:25:44.4769602Z       |
original-mining	Shared wall rules and checkpoint compatibility	2026-10-06T18:25:44.4769848Z 57622 |     let _ = session.save_active_character();
original-mining	Shared wall rules and checkpoint compatibility	2026-10-06T18:25:44.4770186Z       |     +++++++
original-mining	Shared wall rules and checkpoint compatibility	2026-10-06T18:25:44.4770329Z 
original-mining	Shared wall rules and checkpoint compatibility	2026-10-06T18:25:44.4786491Z warning: unused `std::result::Result` that must be used
original-mining	Shared wall rules and checkpoint compatibility	2026-10-06T18:25:44.4787087Z      --> apps/simulation/src/runtime/tests.rs:59179:5
original-mining	Shared wall rules and checkpoint compatibility	2026-10-06T18:25:44.4787626Z       |
original-mining	Shared wall rules and checkpoint compatibility	2026-10-06T18:25:44.4788074Z 59179 |     session.save_active_character();
original-mining	Shared wall rules and checkpoint compatibility	2026-10-06T18:25:44.4788444Z       |     ^^^^^^^^^^^^^^^^^^^^^^^^^^^^^^^
original-mining	Shared wall rules and checkpoint compatibility	2026-10-06T18:25:44.4788753Z       |
original-mining	Shared wall rules and checkpoint compatibility	2026-10-06T18:25:44.4789073Z       = note: this `Result` may be an `Err` variant, which should be handled
original-mining	Shared wall rules and checkpoint compatibility	2026-10-06T18:25:44.4789539Z help: use `let _ = ...` to ignore the resulting value
original-mining	Shared wall rules and checkpoint compatibility	2026-10-06T18:25:44.4789887Z       |
original-mining	Shared wall rules and checkpoint compatibility	2026-10-06T18:25:44.4790147Z 59179 |     let _ = session.save_active_character();
original-mining	Shared wall rules and checkpoint compatibility	2026-10-06T18:25:44.4790472Z       |     +++++++
original-mining	Shared wall rules and checkpoint compatibility	2026-10-06T18:25:44.4790611Z 
original-mining	Shared wall rules and checkpoint compatibility	2026-10-06T18:25:44.4807397Z warning: unused `std::result::Result` that must be used
original-mining	Shared wall rules and checkpoint compatibility	2026-10-06T18:25:44.4808014Z      --> apps/simulation/src/runtime/tests.rs:61104:5
original-mining	Shared wall rules and checkpoint compatibility	2026-10-06T18:25:44.4808568Z       |
original-mining	Shared wall rules and checkpoint compatibility	2026-10-06T18:25:44.4808855Z 61104 |     first.save_active_character();
original-mining	Shared wall rules and checkpoint compatibility	2026-10-06T18:25:44.4809201Z       |     ^^^^^^^^^^^^^^^^^^^^^^^^^^^^^
original-mining	Shared wall rules and checkpoint compatibility	2026-10-06T18:25:44.4809494Z       |
original-mining	Shared wall rules and checkpoint compatibility	2026-10-06T18:25:44.4809815Z       = note: this `Result` may be an `Err` variant, which should be handled
original-mining	Shared wall rules and checkpoint compatibility	2026-10-06T18:25:44.4810291Z help: use `let _ = ...` to ignore the resulting value
original-mining	Shared wall rules and checkpoint compatibility	2026-10-06T18:25:44.4810634Z       |
original-mining	Shared wall rules and checkpoint compatibility	2026-10-06T18:25:44.4810893Z 61104 |     let _ = first.save_active_character();
original-mining	Shared wall rules and checkpoint compatibility	2026-10-06T18:25:44.4811206Z       |     +++++++
original-mining	Shared wall rules and checkpoint compatibility	2026-10-06T18:25:44.4811346Z 
original-mining	Shared wall rules and checkpoint compatibility	2026-10-06T18:25:44.4825892Z warning: unused `std::result::Result` that must be used
original-mining	Shared wall rules and checkpoint compatibility	2026-10-06T18:25:44.4826334Z      --> apps/simulation/src/runtime/tests.rs:62766:5
original-mining	Shared wall rules and checkpoint compatibility	2026-10-06T18:25:44.4826670Z       |
original-mining	Shared wall rules and checkpoint compatibility	2026-10-06T18:25:44.4826906Z 62766 |     session.save_active_character();
original-mining	Shared wall rules and checkpoint compatibility	2026-10-06T18:25:44.4827211Z       |     ^^^^^^^^^^^^^^^^^^^^^^^^^^^^^^^
original-mining	Shared wall rules and checkpoint compatibility	2026-10-06T18:25:44.4827483Z       |
original-mining	Shared wall rules and checkpoint compatibility	2026-10-06T18:25:44.4827772Z       = note: this `Result` may be an `Err` variant, which should be handled
original-mining	Shared wall rules and checkpoint compatibility	2026-10-06T18:25:44.4828231Z help: use `let _ = ...` to ignore the resulting value
original-mining	Shared wall rules and checkpoint compatibility	2026-10-06T18:25:44.4828585Z       |
original-mining	Shared wall rules and checkpoint compatibility	2026-10-06T18:25:44.4828840Z 62766 |     let _ = session.save_active_character();
original-mining	Shared wall rules and checkpoint compatibility	2026-10-06T18:25:44.4829443Z       |     +++++++
original-mining	Shared wall rules and checkpoint compatibility	2026-10-06T18:25:44.4829589Z 
original-mining	Shared wall rules and checkpoint compatibility	2026-10-06T18:25:44.4829929Z warning: unused `std::result::Result` that must be used
original-mining	Shared wall rules and checkpoint compatibility	2026-10-06T18:25:44.4830326Z      --> apps/simulation/src/runtime/tests.rs:63122:5
original-mining	Shared wall rules and checkpoint compatibility	2026-10-06T18:25:44.4830655Z       |
original-mining	Shared wall rules and checkpoint compatibility	2026-10-06T18:25:44.4830888Z 63122 |     sender.save_active_character();
original-mining	Shared wall rules and checkpoint compatibility	2026-10-06T18:25:44.4831185Z       |     ^^^^^^^^^^^^^^^^^^^^^^^^^^^^^^
original-mining	Shared wall rules and checkpoint compatibility	2026-10-06T18:25:44.4831450Z       |
original-mining	Shared wall rules and checkpoint compatibility	2026-10-06T18:25:44.4831765Z       = note: this `Result` may be an `Err` variant, which should be handled
original-mining	Shared wall rules and checkpoint compatibility	2026-10-06T18:25:44.4832220Z help: use `let _ = ...` to ignore the resulting value
original-mining	Shared wall rules and checkpoint compatibility	2026-10-06T18:25:44.4832557Z       |
original-mining	Shared wall rules and checkpoint compatibility	2026-10-06T18:25:44.4832783Z 63122 |     let _ = sender.save_active_character();
original-mining	Shared wall rules and checkpoint compatibility	2026-10-06T18:25:44.4833106Z       |     +++++++
original-mining	Shared wall rules and checkpoint compatibility	2026-10-06T18:25:44.4836908Z 
original-mining	Shared wall rules and checkpoint compatibility	2026-10-06T18:25:44.4837108Z warning: unused `std::result::Result` that must be used
original-mining	Shared wall rules and checkpoint compatibility	2026-10-06T18:25:44.4837663Z      --> apps/simulation/src/runtime/tests.rs:63556:5
original-mining	Shared wall rules and checkpoint compatibility	2026-10-06T18:25:44.4838204Z       |
original-mining	Shared wall rules and checkpoint compatibility	2026-10-06T18:25:44.4838679Z 63556 |     first.save_active_character();
original-mining	Shared wall rules and checkpoint compatibility	2026-10-06T18:25:44.4839077Z       |     ^^^^^^^^^^^^^^^^^^^^^^^^^^^^^
original-mining	Shared wall rules and checkpoint compatibility	2026-10-06T18:25:44.4839589Z       |
original-mining	Shared wall rules and checkpoint compatibility	2026-10-06T18:25:44.4839914Z       = note: this `Result` may be an `Err` variant, which should be handled
original-mining	Shared wall rules and checkpoint compatibility	2026-10-06T18:25:44.4840371Z help: use `let _ = ...` to ignore the resulting value
original-mining	Shared wall rules and checkpoint compatibility	2026-10-06T18:25:44.4840702Z       |
original-mining	Shared wall rules and checkpoint compatibility	2026-10-06T18:25:44.4840942Z 63556 |     let _ = first.save_active_character();
original-mining	Shared wall rules and checkpoint compatibility	2026-10-06T18:25:44.4841288Z       |     +++++++
original-mining	Shared wall rules and checkpoint compatibility	2026-10-06T18:25:44.4841435Z 
original-mining	Shared wall rules and checkpoint compatibility	2026-10-06T18:25:44.4845396Z warning: unused `std::result::Result` that must be used
original-mining	Shared wall rules and checkpoint compatibility	2026-10-06T18:25:44.4846009Z      --> apps/simulation/src/runtime/tests.rs:63755:5
original-mining	Shared wall rules and checkpoint compatibility	2026-10-06T18:25:44.4846360Z       |
original-mining	Shared wall rules and checkpoint compatibility	2026-10-06T18:25:44.4846605Z 63755 |     recipient.save_active_character();
original-mining	Shared wall rules and checkpoint compatibility	2026-10-06T18:25:44.4846940Z       |     ^^^^^^^^^^^^^^^^^^^^^^^^^^^^^^^^^
original-mining	Shared wall rules and checkpoint compatibility	2026-10-06T18:25:44.4847223Z       |
original-mining	Shared wall rules and checkpoint compatibility	2026-10-06T18:25:44.4847552Z       = note: this `Result` may be an `Err` variant, which should be handled
original-mining	Shared wall rules and checkpoint compatibility	2026-10-06T18:25:44.4848041Z help: use `let _ = ...` to ignore the resulting value
original-mining	Shared wall rules and checkpoint compatibility	2026-10-06T18:25:44.4848408Z       |
original-mining	Shared wall rules and checkpoint compatibility	2026-10-06T18:25:44.4848670Z 63755 |     let _ = recipient.save_active_character();
original-mining	Shared wall rules and checkpoint compatibility	2026-10-06T18:25:44.4849601Z       |     +++++++
original-mining	Shared wall rules and checkpoint compatibility	2026-10-06T18:25:44.4849744Z 
original-mining	Shared wall rules and checkpoint compatibility	2026-10-06T18:25:44.4849919Z warning: unused `std::result::Result` that must be used
original-mining	Shared wall rules and checkpoint compatibility	2026-10-06T18:25:44.4850334Z      --> apps/simulation/src/runtime/tests.rs:63873:5
original-mining	Shared wall rules and checkpoint compatibility	2026-10-06T18:25:44.4856315Z       |
original-mining	Shared wall rules and checkpoint compatibility	2026-10-06T18:25:44.4856593Z 63873 |     recipient.save_active_character();
original-mining	Shared wall rules and checkpoint compatibility	2026-10-06T18:25:44.4856947Z       |     ^^^^^^^^^^^^^^^^^^^^^^^^^^^^^^^^^
original-mining	Shared wall rules and checkpoint compatibility	2026-10-06T18:25:44.4857251Z       |
original-mining	Shared wall rules and checkpoint compatibility	2026-10-06T18:25:44.4857555Z       = note: this `Result` may be an `Err` variant, which should be handled
original-mining	Shared wall rules and checkpoint compatibility	2026-10-06T18:25:44.4858018Z help: use `let _ = ...` to ignore the resulting value
original-mining	Shared wall rules and checkpoint compatibility	2026-10-06T18:25:44.4858348Z       |
original-mining	Shared wall rules and checkpoint compatibility	2026-10-06T18:25:44.4858614Z 63873 |     let _ = recipient.save_active_character();
original-mining	Shared wall rules and checkpoint compatibility	2026-10-06T18:25:44.4858969Z       |     +++++++
original-mining	Shared wall rules and checkpoint compatibility	2026-10-06T18:25:44.4859099Z 
original-mining	Shared wall rules and checkpoint compatibility	2026-10-06T18:25:44.4859290Z warning: unused `std::result::Result` that must be used
original-mining	Shared wall rules and checkpoint compatibility	2026-10-06T18:25:44.4859696Z      --> apps/simulation/src/runtime/tests.rs:64274:5
original-mining	Shared wall rules and checkpoint compatibility	2026-10-06T18:25:44.4860013Z       |
original-mining	Shared wall rules and checkpoint compatibility	2026-10-06T18:25:44.4860244Z 64274 |     recipient.save_active_character();
original-mining	Shared wall rules and checkpoint compatibility	2026-10-06T18:25:44.4860570Z       |     ^^^^^^^^^^^^^^^^^^^^^^^^^^^^^^^^^
original-mining	Shared wall rules and checkpoint compatibility	2026-10-06T18:25:44.4860865Z       |
original-mining	Shared wall rules and checkpoint compatibility	2026-10-06T18:25:44.4861179Z       = note: this `Result` may be an `Err` variant, which should be handled
original-mining	Shared wall rules and checkpoint compatibility	2026-10-06T18:25:44.4861633Z help: use `let _ = ...` to ignore the resulting value
original-mining	Shared wall rules and checkpoint compatibility	2026-10-06T18:25:44.4861953Z       |
original-mining	Shared wall rules and checkpoint compatibility	2026-10-06T18:25:44.4862211Z 64274 |     let _ = recipient.save_active_character();
original-mining	Shared wall rules and checkpoint compatibility	2026-10-06T18:25:44.4862546Z       |     +++++++
original-mining	Shared wall rules and checkpoint compatibility	2026-10-06T18:25:44.4862704Z 
original-mining	Shared wall rules and checkpoint compatibility	2026-10-06T18:25:44.4862857Z warning: unused `std::result::Result` that must be used
original-mining	Shared wall rules and checkpoint compatibility	2026-10-06T18:25:44.4863249Z      --> apps/simulation/src/runtime/tests.rs:64325:5
original-mining	Shared wall rules and checkpoint compatibility	2026-10-06T18:25:44.4863956Z       |
original-mining	Shared wall rules and checkpoint compatibility	2026-10-06T18:25:44.4864210Z 64325 |     recipient.save_active_character();
original-mining	Shared wall rules and checkpoint compatibility	2026-10-06T18:25:44.4864540Z       |     ^^^^^^^^^^^^^^^^^^^^^^^^^^^^^^^^^
original-mining	Shared wall rules and checkpoint compatibility	2026-10-06T18:25:44.4864993Z       |
original-mining	Shared wall rules and checkpoint compatibility	2026-10-06T18:25:44.4865318Z       = note: this `Result` may be an `Err` variant, which should be handled
original-mining	Shared wall rules and checkpoint compatibility	2026-10-06T18:25:44.4865807Z help: use `let _ = ...` to ignore the resulting value
original-mining	Shared wall rules and checkpoint compatibility	2026-10-06T18:25:44.4866141Z       |
original-mining	Shared wall rules and checkpoint compatibility	2026-10-06T18:25:44.4866396Z 64325 |     let _ = recipient.save_active_character();
original-mining	Shared wall rules and checkpoint compatibility	2026-10-06T18:25:44.4866736Z       |     +++++++
original-mining	Shared wall rules and checkpoint compatibility	2026-10-06T18:25:44.4866881Z 
original-mining	Shared wall rules and checkpoint compatibility	2026-10-06T18:25:44.4867041Z warning: unused `std::result::Result` that must be used
original-mining	Shared wall rules and checkpoint compatibility	2026-10-06T18:25:44.4867445Z      --> apps/simulation/src/runtime/tests.rs:64335:5
original-mining	Shared wall rules and checkpoint compatibility	2026-10-06T18:25:44.4867786Z       |
original-mining	Shared wall rules and checkpoint compatibility	2026-10-06T18:25:44.4868022Z 64335 |     recipient.save_active_character();
original-mining	Shared wall rules and checkpoint compatibility	2026-10-06T18:25:44.4868354Z       |     ^^^^^^^^^^^^^^^^^^^^^^^^^^^^^^^^^
original-mining	Shared wall rules and checkpoint compatibility	2026-10-06T18:25:44.4868667Z       |
original-mining	Shared wall rules and checkpoint compatibility	2026-10-06T18:25:44.4868978Z       = note: this `Result` may be an `Err` variant, which should be handled
original-mining	Shared wall rules and checkpoint compatibility	2026-10-06T18:25:44.4869437Z help: use `let _ = ...` to ignore the resulting value
original-mining	Shared wall rules and checkpoint compatibility	2026-10-06T18:25:44.4869970Z       |
original-mining	Shared wall rules and checkpoint compatibility	2026-10-06T18:25:44.4870224Z 64335 |     let _ = recipient.save_active_character();
original-mining	Shared wall rules and checkpoint compatibility	2026-10-06T18:25:44.4870567Z       |     +++++++
original-mining	Shared wall rules and checkpoint compatibility	2026-10-06T18:25:44.4870706Z 
original-mining	Shared wall rules and checkpoint compatibility	2026-10-06T18:25:44.4870871Z warning: unused `std::result::Result` that must be used
original-mining	Shared wall rules and checkpoint compatibility	2026-10-06T18:25:44.4871274Z      --> apps/simulation/src/runtime/tests.rs:65558:5
original-mining	Shared wall rules and checkpoint compatibility	2026-10-06T18:25:44.4871601Z       |
original-mining	Shared wall rules and checkpoint compatibility	2026-10-06T18:25:44.4871838Z 65558 |     first.save_active_character();
original-mining	Shared wall rules and checkpoint compatibility	2026-10-06T18:25:44.4872151Z       |     ^^^^^^^^^^^^^^^^^^^^^^^^^^^^^
original-mining	Shared wall rules and checkpoint compatibility	2026-10-06T18:25:44.4872432Z       |
original-mining	Shared wall rules and checkpoint compatibility	2026-10-06T18:25:44.4872738Z       = note: this `Result` may be an `Err` variant, which should be handled
original-mining	Shared wall rules and checkpoint compatibility	2026-10-06T18:25:44.4873192Z help: use `let _ = ...` to ignore the resulting value
original-mining	Shared wall rules and checkpoint compatibility	2026-10-06T18:25:44.4873663Z       |
original-mining	Shared wall rules and checkpoint compatibility	2026-10-06T18:25:44.4873913Z 65558 |     let _ = first.save_active_character();
original-mining	Shared wall rules and checkpoint compatibility	2026-10-06T18:25:44.4874243Z       |     +++++++
original-mining	Shared wall rules and checkpoint compatibility	2026-10-06T18:25:44.4874378Z 
original-mining	Shared wall rules and checkpoint compatibility	2026-10-06T18:25:44.4878736Z warning: unused `std::result::Result` that must be used
original-mining	Shared wall rules and checkpoint compatibility	2026-10-06T18:25:44.4879288Z      --> apps/simulation/src/runtime/tests.rs:66685:5
original-mining	Shared wall rules and checkpoint compatibility	2026-10-06T18:25:44.4879594Z       |
original-mining	Shared wall rules and checkpoint compatibility	2026-10-06T18:25:44.4879830Z 66685 |     session.save_active_character();
original-mining	Shared wall rules and checkpoint compatibility	2026-10-06T18:25:44.4880123Z       |     ^^^^^^^^^^^^^^^^^^^^^^^^^^^^^^^
original-mining	Shared wall rules and checkpoint compatibility	2026-10-06T18:25:44.4880384Z       |
original-mining	Shared wall rules and checkpoint compatibility	2026-10-06T18:25:44.4880674Z       = note: this `Result` may be an `Err` variant, which should be handled
original-mining	Shared wall rules and checkpoint compatibility	2026-10-06T18:25:44.4881100Z help: use `let _ = ...` to ignore the resulting value
original-mining	Shared wall rules and checkpoint compatibility	2026-10-06T18:25:44.4881417Z       |
original-mining	Shared wall rules and checkpoint compatibility	2026-10-06T18:25:44.4881650Z 66685 |     let _ = session.save_active_character();
original-mining	Shared wall rules and checkpoint compatibility	2026-10-06T18:25:44.4881946Z       |     +++++++
original-mining	Shared wall rules and checkpoint compatibility	2026-10-06T18:25:44.4882069Z 
original-mining	Shared wall rules and checkpoint compatibility	2026-10-06T18:25:44.4911376Z warning: unused `std::result::Result` that must be used
original-mining	Shared wall rules and checkpoint compatibility	2026-10-06T18:25:44.4911793Z      --> apps/simulation/src/runtime/tests.rs:70144:5
original-mining	Shared wall rules and checkpoint compatibility	2026-10-06T18:25:44.4912080Z       |
original-mining	Shared wall rules and checkpoint compatibility	2026-10-06T18:25:44.4912295Z 70144 |     first.save_active_character();
original-mining	Shared wall rules and checkpoint compatibility	2026-10-06T18:25:44.4912589Z       |     ^^^^^^^^^^^^^^^^^^^^^^^^^^^^^
original-mining	Shared wall rules and checkpoint compatibility	2026-10-06T18:25:44.4912848Z       |
original-mining	Shared wall rules and checkpoint compatibility	2026-10-06T18:25:44.4913155Z       = note: this `Result` may be an `Err` variant, which should be handled
original-mining	Shared wall rules and checkpoint compatibility	2026-10-06T18:25:44.4913859Z help: use `let _ = ...` to ignore the resulting value
original-mining	Shared wall rules and checkpoint compatibility	2026-10-06T18:25:44.4914175Z       |
original-mining	Shared wall rules and checkpoint compatibility	2026-10-06T18:25:44.4914406Z 70144 |     let _ = first.save_active_character();
original-mining	Shared wall rules and checkpoint compatibility	2026-10-06T18:25:44.4914708Z       |     +++++++
original-mining	Shared wall rules and checkpoint compatibility	2026-10-06T18:25:44.4914839Z 
original-mining	Shared wall rules and checkpoint compatibility	2026-10-06T18:25:44.5098562Z warning: unused `std::result::Result` that must be used
original-mining	Shared wall rules and checkpoint compatibility	2026-10-06T18:25:44.5099101Z     --> apps/simulation/src/runtime/stage5.rs:2694:9
original-mining	Shared wall rules and checkpoint compatibility	2026-10-06T18:25:44.5099466Z      |
original-mining	Shared wall rules and checkpoint compatibility	2026-10-06T18:25:44.5099754Z 2694 |         session_a.save_active_character();
original-mining	Shared wall rules and checkpoint compatibility	2026-10-06T18:25:44.5100121Z      |         ^^^^^^^^^^^^^^^^^^^^^^^^^^^^^^^^^
original-mining	Shared wall rules and checkpoint compatibility	2026-10-06T18:25:44.5100751Z      |
original-mining	Shared wall rules and checkpoint compatibility	2026-10-06T18:25:44.5101075Z      = note: this `Result` may be an `Err` variant, which should be handled
original-mining	Shared wall rules and checkpoint compatibility	2026-10-06T18:25:44.5101587Z help: use `let _ = ...` to ignore the resulting value
original-mining	Shared wall rules and checkpoint compatibility	2026-10-06T18:25:44.5101957Z      |
original-mining	Shared wall rules and checkpoint compatibility	2026-10-06T18:25:44.5102250Z 2694 |         let _ = session_a.save_active_character();
original-mining	Shared wall rules and checkpoint compatibility	2026-10-06T18:25:44.5102612Z      |         +++++++
original-mining	Shared wall rules and checkpoint compatibility	2026-10-06T18:25:44.5102760Z 
original-mining	Shared wall rules and checkpoint compatibility	2026-10-06T18:26:09.2107573Z warning: `mir2-simulation` (lib) generated 77 warnings (run `cargo fix --lib -p mir2-simulation` to apply 8 suggestions)
original-mining	Shared wall rules and checkpoint compatibility	2026-10-06T18:26:21.8643026Z warning: function `fixture` is never used
original-mining	Shared wall rules and checkpoint compatibility	2026-10-06T18:26:21.8643751Z   --> apps/simulation/tests/shared_monster_pet_special_ai.rs:68:4
original-mining	Shared wall rules and checkpoint compatibility	2026-10-06T18:26:21.8644122Z    |
original-mining	Shared wall rules and checkpoint compatibility	2026-10-06T18:26:21.8644411Z 68 | fn fixture(id: u32, ai: u8, hp: i32, name: &str) -> ZoneRuntime {
original-mining	Shared wall rules and checkpoint compatibility	2026-10-06T18:26:21.8644797Z    |    ^^^^^^^
original-mining	Shared wall rules and checkpoint compatibility	2026-10-06T18:26:21.8645004Z    |
original-mining	Shared wall rules and checkpoint compatibility	2026-10-06T18:26:21.8645222Z    = note: `#[warn(dead_code)]` on by default
original-mining	Shared wall rules and checkpoint compatibility	2026-10-06T18:26:21.8645466Z 
original-mining	Shared wall rules and checkpoint compatibility	2026-10-06T18:26:25.8120045Z warning: `mir2-simulation` (test "shared_monster_pet_special_ai") generated 1 warning
original-mining	Shared wall rules and checkpoint compatibility	2026-10-06T18:26:25.8797875Z warning: function `join` is never used
original-mining	Shared wall rules and checkpoint compatibility	2026-10-06T18:26:25.8798745Z   --> apps/simulation/tests/shared_monster_snake_totem_ai.rs:10:4
original-mining	Shared wall rules and checkpoint compatibility	2026-10-06T18:26:25.8799368Z    |
original-mining	Shared wall rules and checkpoint compatibility	2026-10-06T18:26:25.8799790Z 10 | fn join(z: &mut ZoneRuntime, name: &str, id: u32, pos: Point, dc: i32) {
original-mining	Shared wall rules and checkpoint compatibility	2026-10-06T18:26:25.8800262Z    |    ^^^^
original-mining	Shared wall rules and checkpoint compatibility	2026-10-06T18:26:25.8800503Z    |
original-mining	Shared wall rules and checkpoint compatibility	2026-10-06T18:26:25.8801883Z    = note: `#[warn(dead_code)]` on by default
original-mining	Shared wall rules and checkpoint compatibility	2026-10-06T18:26:25.8804048Z 
original-mining	Shared wall rules and checkpoint compatibility	2026-10-06T18:26:25.8804257Z warning: function `fixture` is never used
original-mining	Shared wall rules and checkpoint compatibility	2026-10-06T18:26:25.8804802Z   --> apps/simulation/tests/shared_monster_snake_totem_ai.rs:68:4
original-mining	Shared wall rules and checkpoint compatibility	2026-10-06T18:26:25.8805199Z    |
original-mining	Shared wall rules and checkpoint compatibility	2026-10-06T18:26:25.8805504Z 68 | fn fixture(id: u32, ai: u8, hp: i32, name: &str) -> ZoneRuntime {
original-mining	Shared wall rules and checkpoint compatibility	2026-10-06T18:26:25.8805896Z    |    ^^^^^^^
original-mining	Shared wall rules and checkpoint compatibility	2026-10-06T18:26:25.8806031Z 
original-mining	Shared wall rules and checkpoint compatibility	2026-10-06T18:26:29.8674930Z warning: `mir2-simulation` (test "shared_monster_snake_totem_ai") generated 2 warnings
original-mining	Shared wall rules and checkpoint compatibility	2026-10-06T18:26:44.2337227Z warning: `mir2-simulation` (lib test) generated 89 warnings (32 duplicates) (run `cargo fix --lib -p mir2-simulation --tests` to apply 1 suggestion)
original-mining	Shared wall rules and checkpoint compatibility	2026-10-06T18:27:20.8883829Z warning: function `cast` is never used
original-mining	Shared wall rules and checkpoint compatibility	2026-10-06T18:27:20.8885752Z    --> apps/simulation/tests/shared_crowded_escape.rs:389:4
original-mining	Shared wall rules and checkpoint compatibility	2026-10-06T18:27:20.8886532Z     |
original-mining	Shared wall rules and checkpoint compatibility	2026-10-06T18:27:20.8886946Z 389 | fn cast(zone: &mut ZoneRuntime, now_ms: u64) -> Vec<ZoneOutbound> {
original-mining	Shared wall rules and checkpoint compatibility	2026-10-06T18:27:20.8887410Z     |    ^^^^
original-mining	Shared wall rules and checkpoint compatibility	2026-10-06T18:27:20.8887630Z     |
original-mining	Shared wall rules and checkpoint compatibility	2026-10-06T18:27:20.8887879Z     = note: `#[warn(dead_code)]` on by default
original-mining	Shared wall rules and checkpoint compatibility	2026-10-06T18:27:20.8888109Z 
original-mining	Shared wall rules and checkpoint compatibility	2026-10-06T18:27:23.3871266Z warning: unused `Result` that must be used
original-mining	Shared wall rules and checkpoint compatibility	2026-10-06T18:27:23.3871886Z     --> apps/simulation/tests/hero_ai.rs:1010:5
original-mining	Shared wall rules and checkpoint compatibility	2026-10-06T18:27:23.3872281Z      |
original-mining	Shared wall rules and checkpoint compatibility	2026-10-06T18:27:23.3872531Z 1010 |     session.save_active_character();
original-mining	Shared wall rules and checkpoint compatibility	2026-10-06T18:27:23.3872936Z      |     ^^^^^^^^^^^^^^^^^^^^^^^^^^^^^^^
original-mining	Shared wall rules and checkpoint compatibility	2026-10-06T18:27:23.3873247Z      |
original-mining	Shared wall rules and checkpoint compatibility	2026-10-06T18:27:23.3874140Z      = note: this `Result` may be an `Err` variant, which should be handled
original-mining	Shared wall rules and checkpoint compatibility	2026-10-06T18:27:23.3874631Z      = note: `#[warn(unused_must_use)]` on by default
original-mining	Shared wall rules and checkpoint compatibility	2026-10-06T18:27:23.3875001Z help: use `let _ = ...` to ignore the resulting value
original-mining	Shared wall rules and checkpoint compatibility	2026-10-06T18:27:23.3875300Z      |
original-mining	Shared wall rules and checkpoint compatibility	2026-10-06T18:27:23.3875527Z 1010 |     let _ = session.save_active_character();
original-mining	Shared wall rules and checkpoint compatibility	2026-10-06T18:27:23.3875818Z      |     +++++++
original-mining	Shared wall rules and checkpoint compatibility	2026-10-06T18:27:23.3875945Z 
original-mining	Shared wall rules and checkpoint compatibility	2026-10-06T18:27:25.4419123Z warning: `mir2-simulation` (test "shared_crowded_escape") generated 1 warning
original-mining	Shared wall rules and checkpoint compatibility	2026-10-06T18:27:28.1749965Z warning: `mir2-simulation` (test "hero_ai") generated 1 warning
original-mining	Shared wall rules and checkpoint compatibility	2026-10-06T18:27:32.7915459Z warning: unused `Result` that must be used
original-mining	Shared wall rules and checkpoint compatibility	2026-10-06T18:27:32.7916017Z    --> apps/simulation/tests/platinum_176_progression.rs:898:5
original-mining	Shared wall rules and checkpoint compatibility	2026-10-06T18:27:32.7916387Z     |
original-mining	Shared wall rules and checkpoint compatibility	2026-10-06T18:27:32.7916605Z 898 |     first.save_active_character();
original-mining	Shared wall rules and checkpoint compatibility	2026-10-06T18:27:32.7917206Z     |     ^^^^^^^^^^^^^^^^^^^^^^^^^^^^^
original-mining	Shared wall rules and checkpoint compatibility	2026-10-06T18:27:32.7917461Z     |
original-mining	Shared wall rules and checkpoint compatibility	2026-10-06T18:27:32.7917740Z     = note: this `Result` may be an `Err` variant, which should be handled
original-mining	Shared wall rules and checkpoint compatibility	2026-10-06T18:27:32.7918168Z     = note: `#[warn(unused_must_use)]` on by default
original-mining	Shared wall rules and checkpoint compatibility	2026-10-06T18:27:32.7918515Z help: use `let _ = ...` to ignore the resulting value
original-mining	Shared wall rules and checkpoint compatibility	2026-10-06T18:27:32.7918829Z     |
original-mining	Shared wall rules and checkpoint compatibility	2026-10-06T18:27:32.7919050Z 898 |     let _ = first.save_active_character();
original-mining	Shared wall rules and checkpoint compatibility	2026-10-06T18:27:32.7919364Z     |     +++++++
original-mining	Shared wall rules and checkpoint compatibility	2026-10-06T18:27:32.7919491Z 
original-mining	Shared wall rules and checkpoint compatibility	2026-10-06T18:27:37.9215507Z warning: `mir2-simulation` (test "platinum_176_progression") generated 1 warning
original-mining	Shared wall rules and checkpoint compatibility	2026-10-06T18:30:08.8739188Z     Finished `test` profile [unoptimized + debuginfo] target(s) in 5m 23s
original-mining	Shared wall rules and checkpoint compatibility	2026-10-06T18:30:09.0096912Z      Running unittests src/lib.rs (target/debug/deps/mir2_simulation-af6acb17c853ba2e)
original-mining	Shared wall rules and checkpoint compatibility	2026-10-06T18:30:09.0392437Z 
original-mining	Shared wall rules and checkpoint compatibility	2026-10-06T18:30:09.0394581Z running 9 tests
original-mining	Shared wall rules and checkpoint compatibility	2026-10-06T18:30:11.1985256Z test runtime::session::tests::crystal_attack_into_mine_spot_triggers_mining ... ok
original-mining	Shared wall rules and checkpoint compatibility	2026-10-06T18:30:11.6137365Z test runtime::session::tests::crystal_mining_depleted_spot_regenerates_timer ... ok
original-mining	Shared wall rules and checkpoint compatibility	2026-10-06T18:30:12.0279434Z test runtime::session::tests::crystal_mining_guaranteed_set_yields_ore_and_damages_pickaxe ... ok
original-mining	Shared wall rules and checkpoint compatibility	2026-10-06T18:30:12.4419351Z test runtime::session::tests::crystal_mining_swing_broadcasts_mine_node_state ... ok
original-mining	Shared wall rules and checkpoint compatibility	2026-10-06T18:30:12.8541958Z test runtime::session::tests::crystal_mining_swing_emits_mine_effect_and_depletes_stone ... ok
original-mining	Shared wall rules and checkpoint compatibility	2026-10-06T18:30:13.2691648Z test runtime::session::tests::crystal_mining_without_pickaxe_does_nothing ... ok
original-mining	Shared wall rules and checkpoint compatibility	2026-10-06T18:30:13.7116230Z test runtime::session::tests::stage5_conquest_event_hero_mining_and_crafting_flow ... ok
original-mining	Shared wall rules and checkpoint compatibility	2026-10-06T18:30:13.7162713Z test runtime::zone::runtime::checkpoint::tests::legacy_v6_retains_authenticated_custody_and_discards_unbound_mining ... ok
original-mining	Shared wall rules and checkpoint compatibility	2026-10-06T18:30:13.7185111Z test runtime::zone::runtime::checkpoint::tests::mining_schema_seven_round_trip_and_integrity ... ok
original-mining	Shared wall rules and checkpoint compatibility	2026-10-06T18:30:13.7185608Z 
original-mining	Shared wall rules and checkpoint compatibility	2026-10-06T18:30:13.7185913Z test result: ok. 9 passed; 0 failed; 0 ignored; 0 measured; 2049 filtered out; finished in 4.68s
original-mining	Shared wall rules and checkpoint compatibility	2026-10-06T18:30:13.7186332Z 
original-mining	Shared wall rules and checkpoint compatibility	2026-10-06T18:30:13.7219744Z      Running unittests src/bin/zone_replay.rs (target/debug/deps/zone_replay-701570b57a3f1037)
original-mining	Shared wall rules and checkpoint compatibility	2026-10-06T18:30:13.7349007Z 
original-mining	Shared wall rules and checkpoint compatibility	2026-10-06T18:30:13.7349408Z running 0 tests
original-mining	Shared wall rules and checkpoint compatibility	2026-10-06T18:30:13.7349839Z      Running tests/big_map.rs (target/debug/deps/big_map-5c73a97dfb03f1c7)
original-mining	Shared wall rules and checkpoint compatibility	2026-10-06T18:30:13.7350167Z 
original-mining	Shared wall rules and checkpoint compatibility	2026-10-06T18:30:13.7350415Z test result: ok. 0 passed; 0 failed; 0 ignored; 0 measured; 0 filtered out; finished in 0.00s
original-mining	Shared wall rules and checkpoint compatibility	2026-10-06T18:30:13.7350777Z 
original-mining	Shared wall rules and checkpoint compatibility	2026-10-06T18:30:13.7427815Z 
original-mining	Shared wall rules and checkpoint compatibility	2026-10-06T18:30:13.7428117Z running 0 tests
original-mining	Shared wall rules and checkpoint compatibility	2026-10-06T18:30:13.7428289Z 
original-mining	Shared wall rules and checkpoint compatibility	2026-10-06T18:30:13.7428611Z test result: ok. 0 passed; 0 failed; 0 ignored; 0 measured; 7 filtered out; finished in 0.00s
original-mining	Shared wall rules and checkpoint compatibility	2026-10-06T18:30:13.7429042Z 
original-mining	Shared wall rules and checkpoint compatibility	2026-10-06T18:30:13.7430885Z      Running tests/character_wings.rs (target/debug/deps/character_wings-c86774ccc543985a)
original-mining	Shared wall rules and checkpoint compatibility	2026-10-06T18:30:13.7507935Z 
original-mining	Shared wall rules and checkpoint compatibility	2026-10-06T18:30:13.7508234Z running 0 tests
original-mining	Shared wall rules and checkpoint compatibility	2026-10-06T18:30:13.7508456Z 
original-mining	Shared wall rules and checkpoint compatibility	2026-10-06T18:30:13.7508771Z test result: ok. 0 passed; 0 failed; 0 ignored; 0 measured; 5 filtered out; finished in 0.00s
original-mining	Shared wall rules and checkpoint compatibility	2026-10-06T18:30:13.7509126Z 
original-mining	Shared wall rules and checkpoint compatibility	2026-10-06T18:30:13.7511244Z      Running tests/classic_late_route_gates.rs (target/debug/deps/classic_late_route_gates-2e7d5a80c4a2e6de)
original-mining	Shared wall rules and checkpoint compatibility	2026-10-06T18:30:13.7526260Z 
original-mining	Shared wall rules and checkpoint compatibility	2026-10-06T18:30:13.7526438Z running 0 tests
original-mining	Shared wall rules and checkpoint compatibility	2026-10-06T18:30:13.7526596Z 
original-mining	Shared wall rules and checkpoint compatibility	2026-10-06T18:30:13.7526913Z test result: ok. 0 passed; 0 failed; 0 ignored; 0 measured; 13 filtered out; finished in 0.00s
original-mining	Shared wall rules and checkpoint compatibility	2026-10-06T18:30:13.7527332Z 
original-mining	Shared wall rules and checkpoint compatibility	2026-10-06T18:30:13.7529103Z      Running tests/crystal_mana_projection.rs (target/debug/deps/crystal_mana_projection-6fc2305da5924faf)
original-mining	Shared wall rules and checkpoint compatibility	2026-10-06T18:30:13.7618188Z 
original-mining	Shared wall rules and checkpoint compatibility	2026-10-06T18:30:13.7618386Z running 0 tests
original-mining	Shared wall rules and checkpoint compatibility	2026-10-06T18:30:13.7618501Z 
original-mining	Shared wall rules and checkpoint compatibility	2026-10-06T18:30:13.7618830Z test result: ok. 0 passed; 0 failed; 0 ignored; 0 measured; 5 filtered out; finished in 0.00s
original-mining	Shared wall rules and checkpoint compatibility	2026-10-06T18:30:13.7619471Z 
original-mining	Shared wall rules and checkpoint compatibility	2026-10-06T18:30:13.7620824Z      Running tests/crystal_map_events.rs (target/debug/deps/crystal_map_events-cdde77fa7116e2ca)
original-mining	Shared wall rules and checkpoint compatibility	2026-10-06T18:30:13.7630400Z 
original-mining	Shared wall rules and checkpoint compatibility	2026-10-06T18:30:13.7630703Z running 0 tests
original-mining	Shared wall rules and checkpoint compatibility	2026-10-06T18:30:13.7630891Z 
original-mining	Shared wall rules and checkpoint compatibility	2026-10-06T18:30:13.7633131Z      Running tests/crystal_map_hazards.rs (target/debug/deps/crystal_map_hazards-0ab9b76ca9dbdc52)
original-mining	Shared wall rules and checkpoint compatibility	2026-10-06T18:30:13.7633914Z test result: ok. 0 passed; 0 failed; 0 ignored; 0 measured; 1 filtered out; finished in 0.00s
original-mining	Shared wall rules and checkpoint compatibility	2026-10-06T18:30:13.7634277Z 
original-mining	Shared wall rules and checkpoint compatibility	2026-10-06T18:30:13.7641140Z 
original-mining	Shared wall rules and checkpoint compatibility	2026-10-06T18:30:13.7641308Z running 0 tests
original-mining	Shared wall rules and checkpoint compatibility	2026-10-06T18:30:13.7641543Z 
original-mining	Shared wall rules and checkpoint compatibility	2026-10-06T18:30:13.7641965Z test result: ok. 0 passed; 0 failed; 0 ignored; 0 measured; 3 filtered out; finished in 0.00s
original-mining	Shared wall rules and checkpoint compatibility	2026-10-06T18:30:13.7642391Z 
original-mining	Shared wall rules and checkpoint compatibility	2026-10-06T18:30:13.7643111Z      Running tests/crystal_scroll_teleport.rs (target/debug/deps/crystal_scroll_teleport-ae2f9f61fdc78be6)
original-mining	Shared wall rules and checkpoint compatibility	2026-10-06T18:30:13.7720504Z 
original-mining	Shared wall rules and checkpoint compatibility	2026-10-06T18:30:13.7720720Z running 0 tests
original-mining	Shared wall rules and checkpoint compatibility	2026-10-06T18:30:13.7720897Z 
original-mining	Shared wall rules and checkpoint compatibility	2026-10-06T18:30:13.7721194Z test result: ok. 0 passed; 0 failed; 0 ignored; 0 measured; 7 filtered out; finished in 0.00s
original-mining	Shared wall rules and checkpoint compatibility	2026-10-06T18:30:13.7721810Z 
original-mining	Shared wall rules and checkpoint compatibility	2026-10-06T18:30:13.7723087Z      Running tests/dead_experience_chain.rs (target/debug/deps/dead_experience_chain-a9a3ace43df61a4d)
original-mining	Shared wall rules and checkpoint compatibility	2026-10-06T18:30:13.9418186Z 
original-mining	Shared wall rules and checkpoint compatibility	2026-10-06T18:30:13.9418734Z running 0 tests
original-mining	Shared wall rules and checkpoint compatibility	2026-10-06T18:30:13.9419060Z 
original-mining	Shared wall rules and checkpoint compatibility	2026-10-06T18:30:13.9419655Z test result: ok. 0 passed; 0 failed; 0 ignored; 0 measured; 3 filtered out; finished in 0.00s
original-mining	Shared wall rules and checkpoint compatibility	2026-10-06T18:30:13.9420081Z 
original-mining	Shared wall rules and checkpoint compatibility	2026-10-06T18:30:13.9422248Z      Running tests/friends_authority.rs (target/debug/deps/friends_authority-d00523d7cb860828)
original-mining	Shared wall rules and checkpoint compatibility	2026-10-06T18:30:13.9508399Z 
original-mining	Shared wall rules and checkpoint compatibility	2026-10-06T18:30:13.9508809Z running 0 tests
original-mining	Shared wall rules and checkpoint compatibility	2026-10-06T18:30:13.9509008Z 
original-mining	Shared wall rules and checkpoint compatibility	2026-10-06T18:30:13.9509265Z test result: ok. 0 passed; 0 failed; 0 ignored; 0 measured; 6 filtered out; finished in 0.00s
original-mining	Shared wall rules and checkpoint compatibility	2026-10-06T18:30:13.9509646Z 
original-mining	Shared wall rules and checkpoint compatibility	2026-10-06T18:30:13.9511512Z      Running tests/great_fox_spirit_recall.rs (target/debug/deps/great_fox_spirit_recall-5da42dec464373a6)
original-mining	Shared wall rules and checkpoint compatibility	2026-10-06T18:30:13.9526437Z 
original-mining	Shared wall rules and checkpoint compatibility	2026-10-06T18:30:13.9526587Z running 0 tests
original-mining	Shared wall rules and checkpoint compatibility	2026-10-06T18:30:13.9526756Z 
original-mining	Shared wall rules and checkpoint compatibility	2026-10-06T18:30:13.9527055Z test result: ok. 0 passed; 0 failed; 0 ignored; 0 measured; 2 filtered out; finished in 0.00s
original-mining	Shared wall rules and checkpoint compatibility	2026-10-06T18:30:13.9527469Z 
original-mining	Shared wall rules and checkpoint compatibility	2026-10-06T18:30:13.9529188Z      Running tests/hero_ai.rs (target/debug/deps/hero_ai-ad5dc2e30929af0c)
original-mining	Shared wall rules and checkpoint compatibility	2026-10-06T18:30:13.9608288Z 
original-mining	Shared wall rules and checkpoint compatibility	2026-10-06T18:30:13.9608955Z running 0 tests
original-mining	Shared wall rules and checkpoint compatibility	2026-10-06T18:30:13.9609120Z 
original-mining	Shared wall rules and checkpoint compatibility	2026-10-06T18:30:13.9609439Z test result: ok. 0 passed; 0 failed; 0 ignored; 0 measured; 28 filtered out; finished in 0.00s
original-mining	Shared wall rules and checkpoint compatibility	2026-10-06T18:30:13.9609728Z 
original-mining	Shared wall rules and checkpoint compatibility	2026-10-06T18:30:13.9613712Z      Running tests/intelligent_creature_authority.rs (target/debug/deps/intelligent_creature_authority-5211eb22b1e72fff)
original-mining	Shared wall rules and checkpoint compatibility	2026-10-06T18:30:13.9628445Z 
original-mining	Shared wall rules and checkpoint compatibility	2026-10-06T18:30:13.9628635Z running 0 tests
original-mining	Shared wall rules and checkpoint compatibility	2026-10-06T18:30:13.9628789Z 
original-mining	Shared wall rules and checkpoint compatibility	2026-10-06T18:30:13.9629188Z test result: ok. 0 passed; 0 failed; 0 ignored; 0 measured; 8 filtered out; finished in 0.00s
original-mining	Shared wall rules and checkpoint compatibility	2026-10-06T18:30:13.9629592Z 
original-mining	Shared wall rules and checkpoint compatibility	2026-10-06T18:30:13.9631580Z      Running tests/item_stack_images.rs (target/debug/deps/item_stack_images-e1e016a3fb00a6de)
original-mining	Shared wall rules and checkpoint compatibility	2026-10-06T18:30:13.9718722Z 
original-mining	Shared wall rules and checkpoint compatibility	2026-10-06T18:30:13.9719061Z running 0 tests
original-mining	Shared wall rules and checkpoint compatibility	2026-10-06T18:30:13.9719254Z 
original-mining	Shared wall rules and checkpoint compatibility	2026-10-06T18:30:13.9719563Z test result: ok. 0 passed; 0 failed; 0 ignored; 0 measured; 4 filtered out; finished in 0.00s
original-mining	Shared wall rules and checkpoint compatibility	2026-10-06T18:30:13.9720016Z 
original-mining	Shared wall rules and checkpoint compatibility	2026-10-06T18:30:13.9721644Z      Running tests/login_notice.rs (target/debug/deps/login_notice-974c07826fda24b3)
original-mining	Shared wall rules and checkpoint compatibility	2026-10-06T18:30:13.9737230Z 
original-mining	Shared wall rules and checkpoint compatibility	2026-10-06T18:30:13.9737373Z running 0 tests
original-mining	Shared wall rules and checkpoint compatibility	2026-10-06T18:30:13.9737525Z 
original-mining	Shared wall rules and checkpoint compatibility	2026-10-06T18:30:13.9737846Z test result: ok. 0 passed; 0 failed; 0 ignored; 0 measured; 3 filtered out; finished in 0.00s
original-mining	Shared wall rules and checkpoint compatibility	2026-10-06T18:30:13.9738285Z 
original-mining	Shared wall rules and checkpoint compatibility	2026-10-06T18:30:13.9740216Z      Running tests/mail_status_transactions.rs (target/debug/deps/mail_status_transactions-017b9a1b4463f856)
original-mining	Shared wall rules and checkpoint compatibility	2026-10-06T18:30:14.1605420Z 
original-mining	Shared wall rules and checkpoint compatibility	2026-10-06T18:30:14.1605947Z running 0 tests
original-mining	Shared wall rules and checkpoint compatibility	2026-10-06T18:30:14.1606162Z 
original-mining	Shared wall rules and checkpoint compatibility	2026-10-06T18:30:14.1606480Z test result: ok. 0 passed; 0 failed; 0 ignored; 0 measured; 4 filtered out; finished in 0.00s
original-mining	Shared wall rules and checkpoint compatibility	2026-10-06T18:30:14.1606951Z 
original-mining	Shared wall rules and checkpoint compatibility	2026-10-06T18:30:14.1608733Z      Running tests/map_coordinate_events.rs (target/debug/deps/map_coordinate_events-96ad502c91b25781)
original-mining	Shared wall rules and checkpoint compatibility	2026-10-06T18:30:14.1717861Z 
original-mining	Shared wall rules and checkpoint compatibility	2026-10-06T18:30:14.1718246Z running 0 tests
original-mining	Shared wall rules and checkpoint compatibility	2026-10-06T18:30:14.1718431Z 
original-mining	Shared wall rules and checkpoint compatibility	2026-10-06T18:30:14.1718761Z test result: ok. 0 passed; 0 failed; 0 ignored; 0 measured; 3 filtered out; finished in 0.00s
original-mining	Shared wall rules and checkpoint compatibility	2026-10-06T18:30:14.1719191Z 
original-mining	Shared wall rules and checkpoint compatibility	2026-10-06T18:30:14.1720605Z      Running tests/map_event_binding_e1.rs (target/debug/deps/map_event_binding_e1-20ebb157f4e3d63d)
original-mining	Shared wall rules and checkpoint compatibility	2026-10-06T18:30:14.1778703Z 
original-mining	Shared wall rules and checkpoint compatibility	2026-10-06T18:30:14.1779050Z running 0 tests
original-mining	Shared wall rules and checkpoint compatibility	2026-10-06T18:30:14.1783025Z 
original-mining	Shared wall rules and checkpoint compatibility	2026-10-06T18:30:14.1783274Z test result: ok. 0 passed; 0 failed; 0 ignored; 0 measured; 3 filtered out; finished in 0.00s
original-mining	Shared wall rules and checkpoint compatibility	2026-10-06T18:30:14.1783841Z 
original-mining	Shared wall rules and checkpoint compatibility	2026-10-06T18:30:14.1789583Z      Running tests/market_refine_custody.rs (target/debug/deps/market_refine_custody-fd0e823887d41bc8)
original-mining	Shared wall rules and checkpoint compatibility	2026-10-06T18:30:14.1837606Z 
original-mining	Shared wall rules and checkpoint compatibility	2026-10-06T18:30:14.1838125Z running 0 tests
original-mining	Shared wall rules and checkpoint compatibility	2026-10-06T18:30:14.1838294Z 
original-mining	Shared wall rules and checkpoint compatibility	2026-10-06T18:30:14.1838713Z test result: ok. 0 passed; 0 failed; 0 ignored; 0 measured; 9 filtered out; finished in 0.00s
original-mining	Shared wall rules and checkpoint compatibility	2026-10-06T18:30:14.1839377Z 
original-mining	Shared wall rules and checkpoint compatibility	2026-10-06T18:30:14.1840500Z      Running tests/marriage_authority.rs (target/debug/deps/marriage_authority-0b0479ef4e4922aa)
original-mining	Shared wall rules and checkpoint compatibility	2026-10-06T18:30:14.1958027Z 
original-mining	Shared wall rules and checkpoint compatibility	2026-10-06T18:30:14.1958269Z running 0 tests
original-mining	Shared wall rules and checkpoint compatibility	2026-10-06T18:30:14.1958445Z 
original-mining	Shared wall rules and checkpoint compatibility	2026-10-06T18:30:14.1958768Z test result: ok. 0 passed; 0 failed; 0 ignored; 0 measured; 2 filtered out; finished in 0.00s
original-mining	Shared wall rules and checkpoint compatibility	2026-10-06T18:30:14.1959180Z 
original-mining	Shared wall rules and checkpoint compatibility	2026-10-06T18:30:14.1961103Z      Running tests/mentor_authority.rs (target/debug/deps/mentor_authority-4f60ebd046acbe0c)
original-mining	Shared wall rules and checkpoint compatibility	2026-10-06T18:30:14.2038036Z 
original-mining	Shared wall rules and checkpoint compatibility	2026-10-06T18:30:14.2038246Z running 0 tests
original-mining	Shared wall rules and checkpoint compatibility	2026-10-06T18:30:14.2038383Z 
original-mining	Shared wall rules and checkpoint compatibility	2026-10-06T18:30:14.2038620Z test result: ok. 0 passed; 0 failed; 0 ignored; 0 measured; 5 filtered out; finished in 0.00s
original-mining	Shared wall rules and checkpoint compatibility	2026-10-06T18:30:14.2038895Z 
original-mining	Shared wall rules and checkpoint compatibility	2026-10-06T18:30:14.2041005Z      Running tests/mining.rs (target/debug/deps/mining-3111500cdb935240)
original-mining	Shared wall rules and checkpoint compatibility	2026-10-06T18:30:14.2099269Z 
original-mining	Shared wall rules and checkpoint compatibility	2026-10-06T18:30:14.2099872Z running 5 tests
original-mining	Shared wall rules and checkpoint compatibility	2026-10-06T18:30:14.7461682Z test mining_hit_dust_is_delayed_and_only_observed_inside_the_same_zone_aoi ... ok
original-mining	Shared wall rules and checkpoint compatibility	2026-10-06T18:30:14.8402925Z test mining_only_admits_live_players_with_tools_and_real_in_bounds_walls ... ok
original-mining	Shared wall rules and checkpoint compatibility	2026-10-06T18:30:14.8434346Z test mining_refill_swing_and_shared_consumption_survive_leave_and_rejoin ... ok
original-mining	Shared wall rules and checkpoint compatibility	2026-10-06T18:30:14.9194835Z test mining_replayed_swing_and_tampered_checkpoint_are_rejected ... ok
original-mining	Shared wall rules and checkpoint compatibility	2026-10-06T18:30:14.9236355Z test mining_uses_exact_five_minute_refill_deadline_and_swing_clock ... ok
original-mining	Shared wall rules and checkpoint compatibility	2026-10-06T18:30:14.9236664Z 
original-mining	Shared wall rules and checkpoint compatibility	2026-10-06T18:30:14.9236864Z test result: ok. 5 passed; 0 failed; 0 ignored; 0 measured; 0 filtered out; finished in 0.71s
original-mining	Shared wall rules and checkpoint compatibility	2026-10-06T18:30:14.9237164Z 
original-mining	Shared wall rules and checkpoint compatibility	2026-10-06T18:30:14.9249228Z      Running tests/monthly_card.rs (target/debug/deps/monthly_card-afdfa2fa8ef26b9f)
original-mining	Shared wall rules and checkpoint compatibility	2026-10-06T18:30:14.9476738Z 
original-mining	Shared wall rules and checkpoint compatibility	2026-10-06T18:30:14.9477264Z running 0 tests
original-mining	Shared wall rules and checkpoint compatibility	2026-10-06T18:30:14.9477479Z 
original-mining	Shared wall rules and checkpoint compatibility	2026-10-06T18:30:14.9477811Z test result: ok. 0 passed; 0 failed; 0 ignored; 0 measured; 8 filtered out; finished in 0.00s
original-mining	Shared wall rules and checkpoint compatibility	2026-10-06T18:30:14.9478232Z 
original-mining	Shared wall rules and checkpoint compatibility	2026-10-06T18:30:14.9479931Z      Running tests/monthly_card_postgres.rs (target/debug/deps/monthly_card_postgres-d190369bef1ba220)
original-mining	Shared wall rules and checkpoint compatibility	2026-10-06T18:30:15.0568099Z 
original-mining	Shared wall rules and checkpoint compatibility	2026-10-06T18:30:15.0568817Z running 0 tests
original-mining	Shared wall rules and checkpoint compatibility	2026-10-06T18:30:15.0569027Z 
original-mining	Shared wall rules and checkpoint compatibility	2026-10-06T18:30:15.0569372Z test result: ok. 0 passed; 0 failed; 0 ignored; 0 measured; 1 filtered out; finished in 0.06s
original-mining	Shared wall rules and checkpoint compatibility	2026-10-06T18:30:15.0569745Z 
original-mining	Shared wall rules and checkpoint compatibility	2026-10-06T18:30:15.0573735Z      Running tests/movement_combat_intent.rs (target/debug/deps/movement_combat_intent-7c94f1c841a0a31f)
original-mining	Shared wall rules and checkpoint compatibility	2026-10-06T18:30:15.1674787Z 
original-mining	Shared wall rules and checkpoint compatibility	2026-10-06T18:30:15.1675254Z running 0 tests
original-mining	Shared wall rules and checkpoint compatibility	2026-10-06T18:30:15.1675415Z 
original-mining	Shared wall rules and checkpoint compatibility	2026-10-06T18:30:15.1676389Z test result: ok. 0 passed; 0 failed; 0 ignored; 0 measured; 8 filtered out; finished in 0.00s
original-mining	Shared wall rules and checkpoint compatibility	2026-10-06T18:30:15.1676767Z 
original-mining	Shared wall rules and checkpoint compatibility	2026-10-06T18:30:15.1677313Z      Running tests/native_startup_contract.rs (target/debug/deps/native_startup_contract-c95a7803e85755de)
original-mining	Shared wall rules and checkpoint compatibility	2026-10-06T18:30:15.1692725Z 
original-mining	Shared wall rules and checkpoint compatibility	2026-10-06T18:30:15.1692839Z running 0 tests
original-mining	Shared wall rules and checkpoint compatibility	2026-10-06T18:30:15.1692999Z 
original-mining	Shared wall rules and checkpoint compatibility	2026-10-06T18:30:15.1693282Z test result: ok. 0 passed; 0 failed; 0 ignored; 0 measured; 1 filtered out; finished in 0.00s
original-mining	Shared wall rules and checkpoint compatibility	2026-10-06T18:30:15.1695869Z      Running tests/newcomer_progression_persistence.rs (target/debug/deps/newcomer_progression_persistence-361f94a895ac505d)
original-mining	Shared wall rules and checkpoint compatibility	2026-10-06T18:30:15.1696463Z 
original-mining	Shared wall rules and checkpoint compatibility	2026-10-06T18:30:15.1981502Z 
original-mining	Shared wall rules and checkpoint compatibility	2026-10-06T18:30:15.1981761Z running 0 tests
original-mining	Shared wall rules and checkpoint compatibility	2026-10-06T18:30:15.1981931Z 
original-mining	Shared wall rules and checkpoint compatibility	2026-10-06T18:30:15.1982253Z test result: ok. 0 passed; 0 failed; 0 ignored; 0 measured; 3 filtered out; finished in 0.00s
original-mining	Shared wall rules and checkpoint compatibility	2026-10-06T18:30:15.1982667Z 
original-mining	Shared wall rules and checkpoint compatibility	2026-10-06T18:30:15.1984969Z      Running tests/newcomer_v2_training_spawns.rs (target/debug/deps/newcomer_v2_training_spawns-7722e937b4be4763)
original-mining	Shared wall rules and checkpoint compatibility	2026-10-06T18:30:15.1996518Z 
original-mining	Shared wall rules and checkpoint compatibility	2026-10-06T18:30:15.1996675Z running 0 tests
original-mining	Shared wall rules and checkpoint compatibility	2026-10-06T18:30:15.1996865Z 
original-mining	Shared wall rules and checkpoint compatibility	2026-10-06T18:30:15.1997420Z test result: ok. 0 passed; 0 failed; 0 ignored; 0 measured; 1 filtered out; finished in 0.00s
original-mining	Shared wall rules and checkpoint compatibility	2026-10-06T18:30:15.1997698Z 
original-mining	Shared wall rules and checkpoint compatibility	2026-10-06T18:30:15.1999800Z      Running tests/ordinary_candidate_loop.rs (target/debug/deps/ordinary_candidate_loop-e0595fa9e49a5414)
original-mining	Shared wall rules and checkpoint compatibility	2026-10-06T18:30:15.2357944Z 
original-mining	Shared wall rules and checkpoint compatibility	2026-10-06T18:30:15.2358421Z running 0 tests
original-mining	Shared wall rules and checkpoint compatibility	2026-10-06T18:30:15.2358641Z 
original-mining	Shared wall rules and checkpoint compatibility	2026-10-06T18:30:15.2358970Z test result: ok. 0 passed; 0 failed; 0 ignored; 0 measured; 2 filtered out; finished in 0.00s
original-mining	Shared wall rules and checkpoint compatibility	2026-10-06T18:30:15.2359389Z 
original-mining	Shared wall rules and checkpoint compatibility	2026-10-06T18:30:15.2361510Z      Running tests/periodic_quests.rs (target/debug/deps/periodic_quests-3172f638b4f115ef)
original-mining	Shared wall rules and checkpoint compatibility	2026-10-06T18:30:15.2783333Z 
original-mining	Shared wall rules and checkpoint compatibility	2026-10-06T18:30:15.2783952Z running 0 tests
original-mining	Shared wall rules and checkpoint compatibility	2026-10-06T18:30:15.2784156Z 
original-mining	Shared wall rules and checkpoint compatibility	2026-10-06T18:30:15.2792672Z test result: ok. 0 passed; 0 failed; 0 ignored; 0 measured; 17 filtered out; finished in 0.00s
original-mining	Shared wall rules and checkpoint compatibility	2026-10-06T18:30:15.2793137Z 
original-mining	Shared wall rules and checkpoint compatibility	2026-10-06T18:30:15.2816453Z      Running tests/platinum_176_combat_milestones.rs (target/debug/deps/platinum_176_combat_milestones-f92e33243bc11aaa)
original-mining	Shared wall rules and checkpoint compatibility	2026-10-06T18:30:15.3634982Z 
original-mining	Shared wall rules and checkpoint compatibility	2026-10-06T18:30:15.3635393Z running 0 tests
original-mining	Shared wall rules and checkpoint compatibility	2026-10-06T18:30:15.3635532Z 
original-mining	Shared wall rules and checkpoint compatibility	2026-10-06T18:30:15.3635881Z test result: ok. 0 passed; 0 failed; 0 ignored; 0 measured; 1 filtered out; finished in 0.00s
original-mining	Shared wall rules and checkpoint compatibility	2026-10-06T18:30:15.3636190Z 
original-mining	Shared wall rules and checkpoint compatibility	2026-10-06T18:30:15.3638418Z      Running tests/platinum_176_party_boss.rs (target/debug/deps/platinum_176_party_boss-ee284aad7821616e)
original-mining	Shared wall rules and checkpoint compatibility	2026-10-06T18:30:15.3803335Z 
original-mining	Shared wall rules and checkpoint compatibility	2026-10-06T18:30:15.3803876Z running 0 tests
original-mining	Shared wall rules and checkpoint compatibility	2026-10-06T18:30:15.3804059Z 
original-mining	Shared wall rules and checkpoint compatibility	2026-10-06T18:30:15.3804387Z test result: ok. 0 passed; 0 failed; 0 ignored; 0 measured; 1 filtered out; finished in 0.00s
original-mining	Shared wall rules and checkpoint compatibility	2026-10-06T18:30:15.3804679Z 
original-mining	Shared wall rules and checkpoint compatibility	2026-10-06T18:30:15.3806428Z      Running tests/platinum_176_progression.rs (target/debug/deps/platinum_176_progression-f9ebd15c4d3f43ab)
original-mining	Shared wall rules and checkpoint compatibility	2026-10-06T18:30:15.4120345Z 
original-mining	Shared wall rules and checkpoint compatibility	2026-10-06T18:30:15.4120912Z running 0 tests
original-mining	Shared wall rules and checkpoint compatibility	2026-10-06T18:30:15.4121118Z 
original-mining	Shared wall rules and checkpoint compatibility	2026-10-06T18:30:15.4121558Z test result: ok. 0 passed; 0 failed; 0 ignored; 0 measured; 10 filtered out; finished in 0.00s
original-mining	Shared wall rules and checkpoint compatibility	2026-10-06T18:30:15.4122014Z 
original-mining	Shared wall rules and checkpoint compatibility	2026-10-06T18:30:15.4123912Z      Running tests/poisoning_carried_items.rs (target/debug/deps/poisoning_carried_items-684570f81936293a)
original-mining	Shared wall rules and checkpoint compatibility	2026-10-06T18:30:15.7199199Z 
original-mining	Shared wall rules and checkpoint compatibility	2026-10-06T18:30:15.7199718Z running 0 tests
original-mining	Shared wall rules and checkpoint compatibility	2026-10-06T18:30:15.7199923Z 
original-mining	Shared wall rules and checkpoint compatibility	2026-10-06T18:30:15.7200174Z test result: ok. 0 passed; 0 failed; 0 ignored; 0 measured; 7 filtered out; finished in 0.00s
original-mining	Shared wall rules and checkpoint compatibility	2026-10-06T18:30:15.7200458Z 
original-mining	Shared wall rules and checkpoint compatibility	2026-10-06T18:30:15.7202237Z      Running tests/quest_agent_respawns.rs (target/debug/deps/quest_agent_respawns-82f59662b568614c)
original-mining	Shared wall rules and checkpoint compatibility	2026-10-06T18:30:15.8842003Z 
original-mining	Shared wall rules and checkpoint compatibility	2026-10-06T18:30:15.8842614Z running 0 tests
original-mining	Shared wall rules and checkpoint compatibility	2026-10-06T18:30:15.8842764Z 
original-mining	Shared wall rules and checkpoint compatibility	2026-10-06T18:30:15.8842996Z test result: ok. 0 passed; 0 failed; 0 ignored; 0 measured; 3 filtered out; finished in 0.00s
original-mining	Shared wall rules and checkpoint compatibility	2026-10-06T18:30:15.8843380Z 
original-mining	Shared wall rules and checkpoint compatibility	2026-10-06T18:30:15.8845243Z      Running tests/quest_agent_special_scripts.rs (target/debug/deps/quest_agent_special_scripts-315e61a369787309)
original-mining	Shared wall rules and checkpoint compatibility	2026-10-06T18:30:16.0733130Z 
original-mining	Shared wall rules and checkpoint compatibility	2026-10-06T18:30:16.0734071Z running 0 tests
original-mining	Shared wall rules and checkpoint compatibility	2026-10-06T18:30:16.0734591Z 
original-mining	Shared wall rules and checkpoint compatibility	2026-10-06T18:30:16.0735177Z test result: ok. 0 passed; 0 failed; 0 ignored; 0 measured; 1 filtered out; finished in 0.00s
original-mining	Shared wall rules and checkpoint compatibility	2026-10-06T18:30:16.0735603Z 
original-mining	Shared wall rules and checkpoint compatibility	2026-10-06T18:30:16.0737574Z      Running tests/quest_icons.rs (target/debug/deps/quest_icons-1b28aa499522791f)
original-mining	Shared wall rules and checkpoint compatibility	2026-10-06T18:30:16.1260365Z 
original-mining	Shared wall rules and checkpoint compatibility	2026-10-06T18:30:16.1261132Z running 0 tests
original-mining	Shared wall rules and checkpoint compatibility	2026-10-06T18:30:16.1261333Z 
original-mining	Shared wall rules and checkpoint compatibility	2026-10-06T18:30:16.1261645Z test result: ok. 0 passed; 0 failed; 0 ignored; 0 measured; 1 filtered out; finished in 0.00s
original-mining	Shared wall rules and checkpoint compatibility	2026-10-06T18:30:16.1262091Z 
original-mining	Shared wall rules and checkpoint compatibility	2026-10-06T18:30:16.1264855Z      Running tests/quest_recurrence_persistence.rs (target/debug/deps/quest_recurrence_persistence-8470120d10bcdffc)
original-mining	Shared wall rules and checkpoint compatibility	2026-10-06T18:30:16.2693896Z 
original-mining	Shared wall rules and checkpoint compatibility	2026-10-06T18:30:16.2694284Z running 0 tests
original-mining	Shared wall rules and checkpoint compatibility	2026-10-06T18:30:16.2694440Z 
original-mining	Shared wall rules and checkpoint compatibility	2026-10-06T18:30:16.2694689Z test result: ok. 0 passed; 0 failed; 0 ignored; 0 measured; 3 filtered out; finished in 0.00s
original-mining	Shared wall rules and checkpoint compatibility	2026-10-06T18:30:16.2694963Z 
original-mining	Shared wall rules and checkpoint compatibility	2026-10-06T18:30:16.2696945Z      Running tests/ranking.rs (target/debug/deps/ranking-eca9e90fed5b51c7)
original-mining	Shared wall rules and checkpoint compatibility	2026-10-06T18:30:16.4287107Z 
original-mining	Shared wall rules and checkpoint compatibility	2026-10-06T18:30:16.4287548Z running 0 tests
original-mining	Shared wall rules and checkpoint compatibility	2026-10-06T18:30:16.4287699Z 
original-mining	Shared wall rules and checkpoint compatibility	2026-10-06T18:30:16.4287933Z test result: ok. 0 passed; 0 failed; 0 ignored; 0 measured; 1 filtered out; finished in 0.00s
original-mining	Shared wall rules and checkpoint compatibility	2026-10-06T18:30:16.4288206Z 
original-mining	Shared wall rules and checkpoint compatibility	2026-10-06T18:30:16.4291047Z      Running tests/ranking_shared_presence.rs (target/debug/deps/ranking_shared_presence-f061f99d15f85569)
original-mining	Shared wall rules and checkpoint compatibility	2026-10-06T18:30:16.4309376Z 
original-mining	Shared wall rules and checkpoint compatibility	2026-10-06T18:30:16.4309561Z running 0 tests
original-mining	Shared wall rules and checkpoint compatibility	2026-10-06T18:30:16.4309724Z 
original-mining	Shared wall rules and checkpoint compatibility	2026-10-06T18:30:16.4309997Z test result: ok. 0 passed; 0 failed; 0 ignored; 0 measured; 2 filtered out; finished in 0.00s
original-mining	Shared wall rules and checkpoint compatibility	2026-10-06T18:30:16.4310267Z 
original-mining	Shared wall rules and checkpoint compatibility	2026-10-06T18:30:16.4310644Z      Running tests/refine_oven_custody.rs (target/debug/deps/refine_oven_custody-16ff08e69d186eff)
original-mining	Shared wall rules and checkpoint compatibility	2026-10-06T18:30:16.4324465Z 
original-mining	Shared wall rules and checkpoint compatibility	2026-10-06T18:30:16.4324617Z running 0 tests
original-mining	Shared wall rules and checkpoint compatibility	2026-10-06T18:30:16.4324790Z 
original-mining	Shared wall rules and checkpoint compatibility	2026-10-06T18:30:16.4325193Z test result: ok. 0 passed; 0 failed; 0 ignored; 0 measured; 10 filtered out; finished in 0.00s
original-mining	Shared wall rules and checkpoint compatibility	2026-10-06T18:30:16.4325701Z 
original-mining	Shared wall rules and checkpoint compatibility	2026-10-06T18:30:16.4327336Z      Running tests/replica_recovery_config.rs (target/debug/deps/replica_recovery_config-d2181124e5c60a27)
original-mining	Shared wall rules and checkpoint compatibility	2026-10-06T18:30:16.4335847Z 
original-mining	Shared wall rules and checkpoint compatibility	2026-10-06T18:30:16.4336048Z running 0 tests
original-mining	Shared wall rules and checkpoint compatibility	2026-10-06T18:30:16.4336202Z 
original-mining	Shared wall rules and checkpoint compatibility	2026-10-06T18:30:16.4336557Z test result: ok. 0 passed; 0 failed; 0 ignored; 0 measured; 1 filtered out; finished in 0.00s
original-mining	Shared wall rules and checkpoint compatibility	2026-10-06T18:30:16.4336958Z 
original-mining	Shared wall rules and checkpoint compatibility	2026-10-06T18:30:16.4337622Z      Running tests/retained_bootstrap.rs (target/debug/deps/retained_bootstrap-a157e1e930f46e25)
original-mining	Shared wall rules and checkpoint compatibility	2026-10-06T18:30:16.4851762Z 
original-mining	Shared wall rules and checkpoint compatibility	2026-10-06T18:30:16.4852231Z running 0 tests
original-mining	Shared wall rules and checkpoint compatibility	2026-10-06T18:30:16.4852418Z 
original-mining	Shared wall rules and checkpoint compatibility	2026-10-06T18:30:16.4852720Z test result: ok. 0 passed; 0 failed; 0 ignored; 0 measured; 3 filtered out; finished in 0.00s
original-mining	Shared wall rules and checkpoint compatibility	2026-10-06T18:30:16.4853018Z 
original-mining	Shared wall rules and checkpoint compatibility	2026-10-06T18:30:16.4855141Z      Running tests/save_failure_propagation.rs (target/debug/deps/save_failure_propagation-31f6a7a480e01b29)
original-mining	Shared wall rules and checkpoint compatibility	2026-10-06T18:30:16.7340821Z 
original-mining	Shared wall rules and checkpoint compatibility	2026-10-06T18:30:16.7341313Z running 0 tests
original-mining	Shared wall rules and checkpoint compatibility	2026-10-06T18:30:16.7341526Z 
original-mining	Shared wall rules and checkpoint compatibility	2026-10-06T18:30:16.7341850Z test result: ok. 0 passed; 0 failed; 0 ignored; 0 measured; 2 filtered out; finished in 0.00s
original-mining	Shared wall rules and checkpoint compatibility	2026-10-06T18:30:16.7342254Z 
original-mining	Shared wall rules and checkpoint compatibility	2026-10-06T18:30:16.7344626Z      Running tests/security_lifecycle.rs (target/debug/deps/security_lifecycle-840a1a96be6a89b5)
original-mining	Shared wall rules and checkpoint compatibility	2026-10-06T18:30:16.8396140Z 
original-mining	Shared wall rules and checkpoint compatibility	2026-10-06T18:30:16.8396633Z running 0 tests
original-mining	Shared wall rules and checkpoint compatibility	2026-10-06T18:30:16.8396837Z 
original-mining	Shared wall rules and checkpoint compatibility	2026-10-06T18:30:16.8397164Z test result: ok. 0 passed; 0 failed; 0 ignored; 0 measured; 20 filtered out; finished in 0.00s
original-mining	Shared wall rules and checkpoint compatibility	2026-10-06T18:30:16.8397582Z 
original-mining	Shared wall rules and checkpoint compatibility	2026-10-06T18:30:16.8399994Z      Running tests/shared_conquest.rs (target/debug/deps/shared_conquest-7b511aad4e88beb5)
original-mining	Shared wall rules and checkpoint compatibility	2026-10-06T18:30:16.8524759Z 
original-mining	Shared wall rules and checkpoint compatibility	2026-10-06T18:30:16.8525159Z running 0 tests
original-mining	Shared wall rules and checkpoint compatibility	2026-10-06T18:30:16.8525710Z 
original-mining	Shared wall rules and checkpoint compatibility	2026-10-06T18:30:16.8525996Z test result: ok. 0 passed; 0 failed; 0 ignored; 0 measured; 29 filtered out; finished in 0.00s
original-mining	Shared wall rules and checkpoint compatibility	2026-10-06T18:30:16.8526268Z 
original-mining	Shared wall rules and checkpoint compatibility	2026-10-06T18:30:16.8527204Z      Running tests/shared_cross_map_drop_lifecycle.rs (target/debug/deps/shared_cross_map_drop_lifecycle-f391c6b8013dafa8)
original-mining	Shared wall rules and checkpoint compatibility	2026-10-06T18:30:16.9039662Z 
original-mining	Shared wall rules and checkpoint compatibility	2026-10-06T18:30:16.9040176Z running 0 tests
original-mining	Shared wall rules and checkpoint compatibility	2026-10-06T18:30:16.9040382Z 
original-mining	Shared wall rules and checkpoint compatibility	2026-10-06T18:30:16.9040698Z test result: ok. 0 passed; 0 failed; 0 ignored; 0 measured; 19 filtered out; finished in 0.00s
original-mining	Shared wall rules and checkpoint compatibility	2026-10-06T18:30:16.9041111Z 
original-mining	Shared wall rules and checkpoint compatibility	2026-10-06T18:30:16.9050417Z      Running tests/shared_crowded_escape.rs (target/debug/deps/shared_crowded_escape-2be0ceeb0658ce39)
original-mining	Shared wall rules and checkpoint compatibility	2026-10-06T18:30:16.9574112Z 
original-mining	Shared wall rules and checkpoint compatibility	2026-10-06T18:30:16.9574579Z running 0 tests
original-mining	Shared wall rules and checkpoint compatibility	2026-10-06T18:30:16.9574728Z 
original-mining	Shared wall rules and checkpoint compatibility	2026-10-06T18:30:16.9574941Z test result: ok. 0 passed; 0 failed; 0 ignored; 0 measured; 7 filtered out; finished in 0.00s
original-mining	Shared wall rules and checkpoint compatibility	2026-10-06T18:30:16.9575214Z 
original-mining	Shared wall rules and checkpoint compatibility	2026-10-06T18:30:16.9577313Z      Running tests/shared_entity_combat.rs (target/debug/deps/shared_entity_combat-1183b4fff7afa157)
original-mining	Shared wall rules and checkpoint compatibility	2026-10-06T18:30:17.0381221Z 
original-mining	Shared wall rules and checkpoint compatibility	2026-10-06T18:30:17.0381696Z running 0 tests
original-mining	Shared wall rules and checkpoint compatibility	2026-10-06T18:30:17.0381863Z 
original-mining	Shared wall rules and checkpoint compatibility	2026-10-06T18:30:17.0382501Z test result: ok. 0 passed; 0 failed; 0 ignored; 0 measured; 4 filtered out; finished in 0.00s
original-mining	Shared wall rules and checkpoint compatibility	2026-10-06T18:30:17.0382777Z 
original-mining	Shared wall rules and checkpoint compatibility	2026-10-06T18:30:17.0385171Z      Running tests/shared_experience_owner_tick_life.rs (target/debug/deps/shared_experience_owner_tick_life-cd5f21c210ef6c26)
original-mining	Shared wall rules and checkpoint compatibility	2026-10-06T18:30:17.0722419Z 
original-mining	Shared wall rules and checkpoint compatibility	2026-10-06T18:30:17.0722821Z running 0 tests
original-mining	Shared wall rules and checkpoint compatibility	2026-10-06T18:30:17.0723008Z 
original-mining	Shared wall rules and checkpoint compatibility	2026-10-06T18:30:17.0723318Z test result: ok. 0 passed; 0 failed; 0 ignored; 0 measured; 3 filtered out; finished in 0.00s
original-mining	Shared wall rules and checkpoint compatibility	2026-10-06T18:30:17.0723916Z 
original-mining	Shared wall rules and checkpoint compatibility	2026-10-06T18:30:17.0725636Z      Running tests/shared_guild_rank_management.rs (target/debug/deps/shared_guild_rank_management-897deaa87ee84b9d)
original-mining	Shared wall rules and checkpoint compatibility	2026-10-06T18:30:17.0900205Z 
original-mining	Shared wall rules and checkpoint compatibility	2026-10-06T18:30:17.0900759Z running 0 tests
original-mining	Shared wall rules and checkpoint compatibility	2026-10-06T18:30:17.0900942Z 
original-mining	Shared wall rules and checkpoint compatibility	2026-10-06T18:30:17.0901255Z test result: ok. 0 passed; 0 failed; 0 ignored; 0 measured; 3 filtered out; finished in 0.00s
original-mining	Shared wall rules and checkpoint compatibility	2026-10-06T18:30:17.0901650Z 
original-mining	Shared wall rules and checkpoint compatibility	2026-10-06T18:30:17.0903118Z      Running tests/shared_monster_armadillo_ai.rs (target/debug/deps/shared_monster_armadillo_ai-49c15a53c8bf1d2d)
original-mining	Shared wall rules and checkpoint compatibility	2026-10-06T18:30:17.1277049Z 
original-mining	Shared wall rules and checkpoint compatibility	2026-10-06T18:30:17.1277581Z running 0 tests
original-mining	Shared wall rules and checkpoint compatibility	2026-10-06T18:30:17.1277764Z 
original-mining	Shared wall rules and checkpoint compatibility	2026-10-06T18:30:17.1278066Z test result: ok. 0 passed; 0 failed; 0 ignored; 0 measured; 6 filtered out; finished in 0.00s
original-mining	Shared wall rules and checkpoint compatibility	2026-10-06T18:30:17.1278465Z 
original-mining	Shared wall rules and checkpoint compatibility	2026-10-06T18:30:17.1280486Z      Running tests/shared_monster_evil_mir_ai.rs (target/debug/deps/shared_monster_evil_mir_ai-fac22146e37f87aa)
original-mining	Shared wall rules and checkpoint compatibility	2026-10-06T18:30:17.1979194Z 
original-mining	Shared wall rules and checkpoint compatibility	2026-10-06T18:30:17.1979520Z running 0 tests
original-mining	Shared wall rules and checkpoint compatibility	2026-10-06T18:30:17.1979703Z 
original-mining	Shared wall rules and checkpoint compatibility	2026-10-06T18:30:17.2018939Z test result: ok. 0 passed; 0 failed; 0 ignored; 0 measured; 9 filtered out; finished in 0.01s
original-mining	Shared wall rules and checkpoint compatibility	2026-10-06T18:30:17.2019367Z 
original-mining	Shared wall rules and checkpoint compatibility	2026-10-06T18:30:17.2022310Z      Running tests/shared_monster_football_ai.rs (target/debug/deps/shared_monster_football_ai-5fd907533df9a70e)
original-mining	Shared wall rules and checkpoint compatibility	2026-10-06T18:30:17.2036589Z 
original-mining	Shared wall rules and checkpoint compatibility	2026-10-06T18:30:17.2036742Z running 0 tests
original-mining	Shared wall rules and checkpoint compatibility	2026-10-06T18:30:17.2036914Z 
original-mining	Shared wall rules and checkpoint compatibility	2026-10-06T18:30:17.2037231Z test result: ok. 0 passed; 0 failed; 0 ignored; 0 measured; 4 filtered out; finished in 0.00s
original-mining	Shared wall rules and checkpoint compatibility	2026-10-06T18:30:17.2037678Z 
original-mining	Shared wall rules and checkpoint compatibility	2026-10-06T18:30:17.2039324Z      Running tests/shared_monster_gate_ai.rs (target/debug/deps/shared_monster_gate_ai-4606e7c55ff52765)
original-mining	Shared wall rules and checkpoint compatibility	2026-10-06T18:30:17.2524220Z 
original-mining	Shared wall rules and checkpoint compatibility	2026-10-06T18:30:17.2524614Z running 0 tests
original-mining	Shared wall rules and checkpoint compatibility	2026-10-06T18:30:17.2524754Z 
original-mining	Shared wall rules and checkpoint compatibility	2026-10-06T18:30:17.2524969Z test result: ok. 0 passed; 0 failed; 0 ignored; 0 measured; 2 filtered out; finished in 0.00s
original-mining	Shared wall rules and checkpoint compatibility	2026-10-06T18:30:17.2525237Z 
original-mining	Shared wall rules and checkpoint compatibility	2026-10-06T18:30:17.2527260Z      Running tests/shared_monster_great_fox_ai.rs (target/debug/deps/shared_monster_great_fox_ai-7e44ae9a9ace8bc2)
original-mining	Shared wall rules and checkpoint compatibility	2026-10-06T18:30:17.3177047Z 
original-mining	Shared wall rules and checkpoint compatibility	2026-10-06T18:30:17.3177441Z running 0 tests
original-mining	Shared wall rules and checkpoint compatibility	2026-10-06T18:30:17.3177593Z 
original-mining	Shared wall rules and checkpoint compatibility	2026-10-06T18:30:17.3186848Z test result: ok. 0 passed; 0 failed; 0 ignored; 0 measured; 15 filtered out; finished in 0.01s
original-mining	Shared wall rules and checkpoint compatibility	2026-10-06T18:30:17.3187505Z 
original-mining	Shared wall rules and checkpoint compatibility	2026-10-06T18:30:17.3191264Z      Running tests/shared_monster_hell_ai.rs (target/debug/deps/shared_monster_hell_ai-18582911cadab57d)
original-mining	Shared wall rules and checkpoint compatibility	2026-10-06T18:30:17.3205402Z 
original-mining	Shared wall rules and checkpoint compatibility	2026-10-06T18:30:17.3205607Z running 0 tests
original-mining	Shared wall rules and checkpoint compatibility	2026-10-06T18:30:17.3205765Z 
original-mining	Shared wall rules and checkpoint compatibility	2026-10-06T18:30:17.3206082Z test result: ok. 0 passed; 0 failed; 0 ignored; 0 measured; 17 filtered out; finished in 0.00s
original-mining	Shared wall rules and checkpoint compatibility	2026-10-06T18:30:17.3206482Z 
original-mining	Shared wall rules and checkpoint compatibility	2026-10-06T18:30:17.3207906Z      Running tests/shared_monster_horned_ai.rs (target/debug/deps/shared_monster_horned_ai-76638b628843fd8a)
original-mining	Shared wall rules and checkpoint compatibility	2026-10-06T18:30:17.3219159Z 
original-mining	Shared wall rules and checkpoint compatibility	2026-10-06T18:30:17.3219330Z running 0 tests
original-mining	Shared wall rules and checkpoint compatibility	2026-10-06T18:30:17.3219502Z 
original-mining	Shared wall rules and checkpoint compatibility	2026-10-06T18:30:17.3219822Z test result: ok. 0 passed; 0 failed; 0 ignored; 0 measured; 11 filtered out; finished in 0.00s
original-mining	Shared wall rules and checkpoint compatibility	2026-10-06T18:30:17.3220251Z 
original-mining	Shared wall rules and checkpoint compatibility	2026-10-06T18:30:17.3221897Z      Running tests/shared_monster_horned_encounter_ai.rs (target/debug/deps/shared_monster_horned_encounter_ai-6fa8218ba1cfcc79)
original-mining	Shared wall rules and checkpoint compatibility	2026-10-06T18:30:17.4039177Z 
original-mining	Shared wall rules and checkpoint compatibility	2026-10-06T18:30:17.4039782Z running 0 tests
original-mining	Shared wall rules and checkpoint compatibility	2026-10-06T18:30:17.4039989Z 
original-mining	Shared wall rules and checkpoint compatibility	2026-10-06T18:30:17.4040306Z test result: ok. 0 passed; 0 failed; 0 ignored; 0 measured; 11 filtered out; finished in 0.00s
original-mining	Shared wall rules and checkpoint compatibility	2026-10-06T18:30:17.4041013Z 
original-mining	Shared wall rules and checkpoint compatibility	2026-10-06T18:30:17.4042569Z      Running tests/shared_monster_hugger_ai.rs (target/debug/deps/shared_monster_hugger_ai-0214871dc6beff8c)
original-mining	Shared wall rules and checkpoint compatibility	2026-10-06T18:30:17.5108147Z 
original-mining	Shared wall rules and checkpoint compatibility	2026-10-06T18:30:17.5108953Z running 0 tests
original-mining	Shared wall rules and checkpoint compatibility	2026-10-06T18:30:17.5109165Z 
original-mining	Shared wall rules and checkpoint compatibility	2026-10-06T18:30:17.5109496Z test result: ok. 0 passed; 0 failed; 0 ignored; 0 measured; 11 filtered out; finished in 0.00s
original-mining	Shared wall rules and checkpoint compatibility	2026-10-06T18:30:17.5109871Z 
original-mining	Shared wall rules and checkpoint compatibility	2026-10-06T18:30:17.5111232Z      Running tests/shared_monster_kirin_snow_ai.rs (target/debug/deps/shared_monster_kirin_snow_ai-c78e445796b9e113)
original-mining	Shared wall rules and checkpoint compatibility	2026-10-06T18:30:17.5124528Z 
original-mining	Shared wall rules and checkpoint compatibility	2026-10-06T18:30:17.5124707Z running 0 tests
original-mining	Shared wall rules and checkpoint compatibility	2026-10-06T18:30:17.5124849Z 
original-mining	Shared wall rules and checkpoint compatibility	2026-10-06T18:30:17.5125063Z test result: ok. 0 passed; 0 failed; 0 ignored; 0 measured; 9 filtered out; finished in 0.00s
original-mining	Shared wall rules and checkpoint compatibility	2026-10-06T18:30:17.5125361Z 
original-mining	Shared wall rules and checkpoint compatibility	2026-10-06T18:30:17.5127329Z      Running tests/shared_monster_meow_ai.rs (target/debug/deps/shared_monster_meow_ai-7552cdd671044104)
original-mining	Shared wall rules and checkpoint compatibility	2026-10-06T18:30:17.5573745Z 
original-mining	Shared wall rules and checkpoint compatibility	2026-10-06T18:30:17.5574188Z running 0 tests
original-mining	Shared wall rules and checkpoint compatibility	2026-10-06T18:30:17.5574379Z 
original-mining	Shared wall rules and checkpoint compatibility	2026-10-06T18:30:17.5574681Z test result: ok. 0 passed; 0 failed; 0 ignored; 0 measured; 7 filtered out; finished in 0.00s
original-mining	Shared wall rules and checkpoint compatibility	2026-10-06T18:30:17.5575105Z 
original-mining	Shared wall rules and checkpoint compatibility	2026-10-06T18:30:17.5577102Z      Running tests/shared_monster_mud_boulder_ai.rs (target/debug/deps/shared_monster_mud_boulder_ai-e0d59a9904adff65)
original-mining	Shared wall rules and checkpoint compatibility	2026-10-06T18:30:17.6484391Z 
original-mining	Shared wall rules and checkpoint compatibility	2026-10-06T18:30:17.6484893Z running 0 tests
original-mining	Shared wall rules and checkpoint compatibility	2026-10-06T18:30:17.6485091Z 
original-mining	Shared wall rules and checkpoint compatibility	2026-10-06T18:30:17.6485419Z test result: ok. 0 passed; 0 failed; 0 ignored; 0 measured; 16 filtered out; finished in 0.00s
original-mining	Shared wall rules and checkpoint compatibility	2026-10-06T18:30:17.6485808Z 
original-mining	Shared wall rules and checkpoint compatibility	2026-10-06T18:30:17.6487326Z      Running tests/shared_monster_node_ai.rs (target/debug/deps/shared_monster_node_ai-ae99ae266893ddbc)
original-mining	Shared wall rules and checkpoint compatibility	2026-10-06T18:30:17.6999096Z 
original-mining	Shared wall rules and checkpoint compatibility	2026-10-06T18:30:17.6999485Z running 0 tests
original-mining	Shared wall rules and checkpoint compatibility	2026-10-06T18:30:17.6999655Z 
original-mining	Shared wall rules and checkpoint compatibility	2026-10-06T18:30:17.6999875Z test result: ok. 0 passed; 0 failed; 0 ignored; 0 measured; 2 filtered out; finished in 0.00s
original-mining	Shared wall rules and checkpoint compatibility	2026-10-06T18:30:17.7000257Z 
original-mining	Shared wall rules and checkpoint compatibility	2026-10-06T18:30:17.7002593Z      Running tests/shared_monster_ownership.rs (target/debug/deps/shared_monster_ownership-8df1d8106e56bf56)
original-mining	Shared wall rules and checkpoint compatibility	2026-10-06T18:30:17.7939995Z 
original-mining	Shared wall rules and checkpoint compatibility	2026-10-06T18:30:17.7940492Z running 0 tests
original-mining	Shared wall rules and checkpoint compatibility	2026-10-06T18:30:17.7940705Z 
original-mining	Shared wall rules and checkpoint compatibility	2026-10-06T18:30:17.7940971Z test result: ok. 0 passed; 0 failed; 0 ignored; 0 measured; 21 filtered out; finished in 0.00s
original-mining	Shared wall rules and checkpoint compatibility	2026-10-06T18:30:17.7941249Z 
original-mining	Shared wall rules and checkpoint compatibility	2026-10-06T18:30:17.7943446Z      Running tests/shared_monster_passive_ai.rs (target/debug/deps/shared_monster_passive_ai-cc313d39b71ef9ad)
original-mining	Shared wall rules and checkpoint compatibility	2026-10-06T18:30:17.7956424Z 
original-mining	Shared wall rules and checkpoint compatibility	2026-10-06T18:30:17.7956543Z running 0 tests
original-mining	Shared wall rules and checkpoint compatibility	2026-10-06T18:30:17.7956703Z 
original-mining	Shared wall rules and checkpoint compatibility	2026-10-06T18:30:17.7956909Z test result: ok. 0 passed; 0 failed; 0 ignored; 0 measured; 3 filtered out; finished in 0.00s
original-mining	Shared wall rules and checkpoint compatibility	2026-10-06T18:30:17.7957187Z 
original-mining	Shared wall rules and checkpoint compatibility	2026-10-06T18:30:17.7959231Z      Running tests/shared_monster_pet_special_ai.rs (target/debug/deps/shared_monster_pet_special_ai-5405443b1ad51a5a)
original-mining	Shared wall rules and checkpoint compatibility	2026-10-06T18:30:17.8394766Z 
original-mining	Shared wall rules and checkpoint compatibility	2026-10-06T18:30:17.8395196Z running 0 tests
original-mining	Shared wall rules and checkpoint compatibility	2026-10-06T18:30:17.8395384Z 
original-mining	Shared wall rules and checkpoint compatibility	2026-10-06T18:30:17.8493685Z test result: ok. 0 passed; 0 failed; 0 ignored; 0 measured; 3 filtered out; finished in 0.01s
original-mining	Shared wall rules and checkpoint compatibility	2026-10-06T18:30:17.8494107Z 
original-mining	Shared wall rules and checkpoint compatibility	2026-10-06T18:30:17.8497367Z      Running tests/shared_monster_reactive_ai.rs (target/debug/deps/shared_monster_reactive_ai-cdcba1c8a7ebe234)
original-mining	Shared wall rules and checkpoint compatibility	2026-10-06T18:30:17.9484410Z 
original-mining	Shared wall rules and checkpoint compatibility	2026-10-06T18:30:17.9484946Z running 0 tests
original-mining	Shared wall rules and checkpoint compatibility	2026-10-06T18:30:17.9485103Z 
original-mining	Shared wall rules and checkpoint compatibility	2026-10-06T18:30:17.9485327Z test result: ok. 0 passed; 0 failed; 0 ignored; 0 measured; 11 filtered out; finished in 0.00s
original-mining	Shared wall rules and checkpoint compatibility	2026-10-06T18:30:17.9485611Z 
original-mining	Shared wall rules and checkpoint compatibility	2026-10-06T18:30:17.9487954Z      Running tests/shared_monster_revival_ai.rs (target/debug/deps/shared_monster_revival_ai-c7609f817f095864)
original-mining	Shared wall rules and checkpoint compatibility	2026-10-06T18:30:17.9501077Z 
original-mining	Shared wall rules and checkpoint compatibility	2026-10-06T18:30:17.9501235Z running 0 tests
original-mining	Shared wall rules and checkpoint compatibility	2026-10-06T18:30:17.9501382Z 
original-mining	Shared wall rules and checkpoint compatibility	2026-10-06T18:30:17.9501625Z test result: ok. 0 passed; 0 failed; 0 ignored; 0 measured; 8 filtered out; finished in 0.00s
original-mining	Shared wall rules and checkpoint compatibility	2026-10-06T18:30:17.9501891Z 
original-mining	Shared wall rules and checkpoint compatibility	2026-10-06T18:30:17.9503895Z      Running tests/shared_monster_shinsu_ai.rs (target/debug/deps/shared_monster_shinsu_ai-3fd0d7152acf84d9)
original-mining	Shared wall rules and checkpoint compatibility	2026-10-06T18:30:17.9515284Z 
original-mining	Shared wall rules and checkpoint compatibility	2026-10-06T18:30:17.9515421Z running 0 tests
original-mining	Shared wall rules and checkpoint compatibility	2026-10-06T18:30:17.9515574Z 
original-mining	Shared wall rules and checkpoint compatibility	2026-10-06T18:30:17.9515939Z test result: ok. 0 passed; 0 failed; 0 ignored; 0 measured; 4 filtered out; finished in 0.00s
original-mining	Shared wall rules and checkpoint compatibility	2026-10-06T18:30:17.9516298Z 
original-mining	Shared wall rules and checkpoint compatibility	2026-10-06T18:30:17.9517976Z      Running tests/shared_monster_sleep_ai.rs (target/debug/deps/shared_monster_sleep_ai-bfa289ed9adb728b)
original-mining	Shared wall rules and checkpoint compatibility	2026-10-06T18:30:17.9529526Z 
original-mining	Shared wall rules and checkpoint compatibility	2026-10-06T18:30:17.9529678Z running 0 tests
original-mining	Shared wall rules and checkpoint compatibility	2026-10-06T18:30:17.9529842Z 
original-mining	Shared wall rules and checkpoint compatibility	2026-10-06T18:30:17.9530138Z test result: ok. 0 passed; 0 failed; 0 ignored; 0 measured; 5 filtered out; finished in 0.00s
original-mining	Shared wall rules and checkpoint compatibility	2026-10-06T18:30:17.9530534Z 
original-mining	Shared wall rules and checkpoint compatibility	2026-10-06T18:30:17.9532080Z      Running tests/shared_monster_snake_totem_ai.rs (target/debug/deps/shared_monster_snake_totem_ai-04468a52b059766e)
original-mining	Shared wall rules and checkpoint compatibility	2026-10-06T18:30:18.0384691Z 
original-mining	Shared wall rules and checkpoint compatibility	2026-10-06T18:30:18.0385193Z running 0 tests
original-mining	Shared wall rules and checkpoint compatibility	2026-10-06T18:30:18.0385386Z 
original-mining	Shared wall rules and checkpoint compatibility	2026-10-06T18:30:18.0385708Z test result: ok. 0 passed; 0 failed; 0 ignored; 0 measured; 3 filtered out; finished in 0.01s
original-mining	Shared wall rules and checkpoint compatibility	2026-10-06T18:30:18.0385982Z 
original-mining	Shared wall rules and checkpoint compatibility	2026-10-06T18:30:18.0388220Z      Running tests/shared_monster_special_ai.rs (target/debug/deps/shared_monster_special_ai-a89589e8ad756d18)
original-mining	Shared wall rules and checkpoint compatibility	2026-10-06T18:30:18.0948790Z 
original-mining	Shared wall rules and checkpoint compatibility	2026-10-06T18:30:18.0949259Z running 0 tests
original-mining	Shared wall rules and checkpoint compatibility	2026-10-06T18:30:18.0949474Z 
original-mining	Shared wall rules and checkpoint compatibility	2026-10-06T18:30:18.0949796Z test result: ok. 0 passed; 0 failed; 0 ignored; 0 measured; 4 filtered out; finished in 0.00s
original-mining	Shared wall rules and checkpoint compatibility	2026-10-06T18:30:18.0950208Z 
original-mining	Shared wall rules and checkpoint compatibility	2026-10-06T18:30:18.0953167Z      Running tests/shared_monster_spider_ai.rs (target/debug/deps/shared_monster_spider_ai-cf41171e57cc8cc9)
original-mining	Shared wall rules and checkpoint compatibility	2026-10-06T18:30:18.0966363Z 
original-mining	Shared wall rules and checkpoint compatibility	2026-10-06T18:30:18.0966489Z running 0 tests
original-mining	Shared wall rules and checkpoint compatibility	2026-10-06T18:30:18.0966648Z 
original-mining	Shared wall rules and checkpoint compatibility	2026-10-06T18:30:18.0966860Z test result: ok. 0 passed; 0 failed; 0 ignored; 0 measured; 17 filtered out; finished in 0.00s
original-mining	Shared wall rules and checkpoint compatibility	2026-10-06T18:30:18.0967168Z 
original-mining	Shared wall rules and checkpoint compatibility	2026-10-06T18:30:18.0968982Z      Running tests/shared_monster_stage_summons.rs (target/debug/deps/shared_monster_stage_summons-f7155f470e6ee59e)
original-mining	Shared wall rules and checkpoint compatibility	2026-10-06T18:30:18.0979352Z 
original-mining	Shared wall rules and checkpoint compatibility	2026-10-06T18:30:18.0979497Z running 0 tests
original-mining	Shared wall rules and checkpoint compatibility	2026-10-06T18:30:18.0979641Z 
original-mining	Shared wall rules and checkpoint compatibility	2026-10-06T18:30:18.0979834Z test result: ok. 0 passed; 0 failed; 0 ignored; 0 measured; 4 filtered out; finished in 0.00s
original-mining	Shared wall rules and checkpoint compatibility	2026-10-06T18:30:18.0980085Z 
original-mining	Shared wall rules and checkpoint compatibility	2026-10-06T18:30:18.0981993Z      Running tests/shared_monster_statue_centipede_ai.rs (target/debug/deps/shared_monster_statue_centipede_ai-4c6f6b640084cc24)
original-mining	Shared wall rules and checkpoint compatibility	2026-10-06T18:30:18.0992062Z 
original-mining	Shared wall rules and checkpoint compatibility	2026-10-06T18:30:18.0992165Z running 0 tests
original-mining	Shared wall rules and checkpoint compatibility	2026-10-06T18:30:18.0992317Z 
original-mining	Shared wall rules and checkpoint compatibility	2026-10-06T18:30:18.0992510Z test result: ok. 0 passed; 0 failed; 0 ignored; 0 measured; 4 filtered out; finished in 0.00s
original-mining	Shared wall rules and checkpoint compatibility	2026-10-06T18:30:18.0992768Z 
original-mining	Shared wall rules and checkpoint compatibility	2026-10-06T18:30:18.0994802Z      Running tests/shared_monster_stone_trap_ai.rs (target/debug/deps/shared_monster_stone_trap_ai-05d7687b9c338841)
original-mining	Shared wall rules and checkpoint compatibility	2026-10-06T18:30:18.1157026Z 
original-mining	Shared wall rules and checkpoint compatibility	2026-10-06T18:30:18.1157277Z running 0 tests
original-mining	Shared wall rules and checkpoint compatibility	2026-10-06T18:30:18.1157402Z 
original-mining	Shared wall rules and checkpoint compatibility	2026-10-06T18:30:18.1157611Z test result: ok. 0 passed; 0 failed; 0 ignored; 0 measured; 5 filtered out; finished in 0.00s
original-mining	Shared wall rules and checkpoint compatibility	2026-10-06T18:30:18.1157899Z 
original-mining	Shared wall rules and checkpoint compatibility	2026-10-06T18:30:18.1159869Z      Running tests/shared_monster_thunder_ai.rs (target/debug/deps/shared_monster_thunder_ai-03353f24aa04f5a5)
original-mining	Shared wall rules and checkpoint compatibility	2026-10-06T18:30:18.1694132Z 
original-mining	Shared wall rules and checkpoint compatibility	2026-10-06T18:30:18.1699871Z      Running tests/shared_monster_town_archer_ai.rs (target/debug/deps/shared_monster_town_archer_ai-20a43748e03652c3)
original-mining	Shared wall rules and checkpoint compatibility	2026-10-06T18:30:18.1700995Z running 0 tests
original-mining	Shared wall rules and checkpoint compatibility	2026-10-06T18:30:18.1701299Z 
original-mining	Shared wall rules and checkpoint compatibility	2026-10-06T18:30:18.1701797Z test result: ok. 0 passed; 0 failed; 0 ignored; 0 measured; 5 filtered out; finished in 0.00s
original-mining	Shared wall rules and checkpoint compatibility	2026-10-06T18:30:18.1702517Z 
original-mining	Shared wall rules and checkpoint compatibility	2026-10-06T18:30:18.1711766Z 
original-mining	Shared wall rules and checkpoint compatibility	2026-10-06T18:30:18.1712277Z running 0 tests
original-mining	Shared wall rules and checkpoint compatibility	2026-10-06T18:30:18.1712462Z 
original-mining	Shared wall rules and checkpoint compatibility	2026-10-06T18:30:18.1712789Z test result: ok. 0 passed; 0 failed; 0 ignored; 0 measured; 4 filtered out; finished in 0.00s
original-mining	Shared wall rules and checkpoint compatibility	2026-10-06T18:30:18.1713238Z 
original-mining	Shared wall rules and checkpoint compatibility	2026-10-06T18:30:18.1714636Z      Running tests/shared_monster_trap_rock_ai.rs (target/debug/deps/shared_monster_trap_rock_ai-3d3d4c68201cf28b)
original-mining	Shared wall rules and checkpoint compatibility	2026-10-06T18:30:18.1879559Z 
original-mining	Shared wall rules and checkpoint compatibility	2026-10-06T18:30:18.1880179Z running 0 tests
original-mining	Shared wall rules and checkpoint compatibility	2026-10-06T18:30:18.1880357Z 
original-mining	Shared wall rules and checkpoint compatibility	2026-10-06T18:30:18.1880674Z test result: ok. 0 passed; 0 failed; 0 ignored; 0 measured; 1 filtered out; finished in 0.00s
original-mining	Shared wall rules and checkpoint compatibility	2026-10-06T18:30:18.1881101Z 
original-mining	Shared wall rules and checkpoint compatibility	2026-10-06T18:30:18.1882053Z      Running tests/shared_monster_tree_queen_ai.rs (target/debug/deps/shared_monster_tree_queen_ai-19c172e85e5f6e8a)
original-mining	Shared wall rules and checkpoint compatibility	2026-10-06T18:30:18.1894616Z 
original-mining	Shared wall rules and checkpoint compatibility	2026-10-06T18:30:18.1895090Z running 0 tests
original-mining	Shared wall rules and checkpoint compatibility	2026-10-06T18:30:18.1895264Z 
original-mining	Shared wall rules and checkpoint compatibility	2026-10-06T18:30:18.1895575Z test result: ok. 0 passed; 0 failed; 0 ignored; 0 measured; 7 filtered out; finished in 0.00s
original-mining	Shared wall rules and checkpoint compatibility	2026-10-06T18:30:18.1895992Z 
original-mining	Shared wall rules and checkpoint compatibility	2026-10-06T18:30:18.1897048Z      Running tests/shared_monster_tucson_ai.rs (target/debug/deps/shared_monster_tucson_ai-f45b6a527971be80)
original-mining	Shared wall rules and checkpoint compatibility	2026-10-06T18:30:18.1908094Z 
original-mining	Shared wall rules and checkpoint compatibility	2026-10-06T18:30:18.1908209Z running 0 tests
original-mining	Shared wall rules and checkpoint compatibility	2026-10-06T18:30:18.1908359Z 
original-mining	Shared wall rules and checkpoint compatibility	2026-10-06T18:30:18.1908645Z test result: ok. 0 passed; 0 failed; 0 ignored; 0 measured; 7 filtered out; finished in 0.00s
original-mining	Shared wall rules and checkpoint compatibility	2026-10-06T18:30:18.1909067Z 
original-mining	Shared wall rules and checkpoint compatibility	2026-10-06T18:30:18.1910266Z      Running tests/shared_monster_vampire_ai.rs (target/debug/deps/shared_monster_vampire_ai-f8337d8d1b2f9aff)
original-mining	Shared wall rules and checkpoint compatibility	2026-10-06T18:30:18.2176190Z 
original-mining	Shared wall rules and checkpoint compatibility	2026-10-06T18:30:18.2176605Z running 0 tests
original-mining	Shared wall rules and checkpoint compatibility	2026-10-06T18:30:18.2176796Z 
original-mining	Shared wall rules and checkpoint compatibility	2026-10-06T18:30:18.2177107Z test result: ok. 0 passed; 0 failed; 0 ignored; 0 measured; 3 filtered out; finished in 0.00s
original-mining	Shared wall rules and checkpoint compatibility	2026-10-06T18:30:18.2177516Z 
original-mining	Shared wall rules and checkpoint compatibility	2026-10-06T18:30:18.2179414Z      Running tests/shared_monster_visibility_ai.rs (target/debug/deps/shared_monster_visibility_ai-38f715f6ec8f528d)
original-mining	Shared wall rules and checkpoint compatibility	2026-10-06T18:30:18.2354796Z 
original-mining	Shared wall rules and checkpoint compatibility	2026-10-06T18:30:18.2355482Z running 0 tests
original-mining	Shared wall rules and checkpoint compatibility	2026-10-06T18:30:18.2355656Z 
original-mining	Shared wall rules and checkpoint compatibility	2026-10-06T18:30:18.2355984Z test result: ok. 0 passed; 0 failed; 0 ignored; 0 measured; 8 filtered out; finished in 0.00s
original-mining	Shared wall rules and checkpoint compatibility	2026-10-06T18:30:18.2356417Z 
original-mining	Shared wall rules and checkpoint compatibility	2026-10-06T18:30:18.2357352Z      Running tests/shared_monster_yimoogi_ai.rs (target/debug/deps/shared_monster_yimoogi_ai-dcc8de6d6f81de1d)
original-mining	Shared wall rules and checkpoint compatibility	2026-10-06T18:30:18.2369554Z 
original-mining	Shared wall rules and checkpoint compatibility	2026-10-06T18:30:18.2370021Z running 0 tests
original-mining	Shared wall rules and checkpoint compatibility	2026-10-06T18:30:18.2370181Z 
original-mining	Shared wall rules and checkpoint compatibility	2026-10-06T18:30:18.2370494Z test result: ok. 0 passed; 0 failed; 0 ignored; 0 measured; 8 filtered out; finished in 0.00s
original-mining	Shared wall rules and checkpoint compatibility	2026-10-06T18:30:18.2370911Z 
original-mining	Shared wall rules and checkpoint compatibility	2026-10-06T18:30:18.2371972Z      Running tests/shared_player_damage_settlement.rs (target/debug/deps/shared_player_damage_settlement-0ee40f6e0af67efb)
original-mining	Shared wall rules and checkpoint compatibility	2026-10-06T18:30:18.2671370Z 
original-mining	Shared wall rules and checkpoint compatibility	2026-10-06T18:30:18.2671625Z running 0 tests
original-mining	Shared wall rules and checkpoint compatibility	2026-10-06T18:30:18.2671785Z 
original-mining	Shared wall rules and checkpoint compatibility	2026-10-06T18:30:18.2672091Z test result: ok. 0 passed; 0 failed; 0 ignored; 0 measured; 11 filtered out; finished in 0.00s
original-mining	Shared wall rules and checkpoint compatibility	2026-10-06T18:30:18.2672512Z 
original-mining	Shared wall rules and checkpoint compatibility	2026-10-06T18:30:18.2674639Z      Running tests/shared_player_death_zone.rs (target/debug/deps/shared_player_death_zone-3736cebe8fe6bd61)
original-mining	Shared wall rules and checkpoint compatibility	2026-10-06T18:30:18.2686575Z 
original-mining	Shared wall rules and checkpoint compatibility	2026-10-06T18:30:18.2687051Z running 0 tests
original-mining	Shared wall rules and checkpoint compatibility	2026-10-06T18:30:18.2687198Z 
original-mining	Shared wall rules and checkpoint compatibility	2026-10-06T18:30:18.2687501Z test result: ok. 0 passed; 0 failed; 0 ignored; 0 measured; 4 filtered out; finished in 0.00s
original-mining	Shared wall rules and checkpoint compatibility	2026-10-06T18:30:18.2687920Z 
original-mining	Shared wall rules and checkpoint compatibility	2026-10-06T18:30:18.2688874Z      Running tests/shared_player_vital_transfer.rs (target/debug/deps/shared_player_vital_transfer-2900c51b43afe8fb)
original-mining	Shared wall rules and checkpoint compatibility	2026-10-06T18:30:18.2879330Z 
original-mining	Shared wall rules and checkpoint compatibility	2026-10-06T18:30:18.2879703Z running 0 tests
original-mining	Shared wall rules and checkpoint compatibility	2026-10-06T18:30:18.2879874Z 
original-mining	Shared wall rules and checkpoint compatibility	2026-10-06T18:30:18.2880184Z test result: ok. 0 passed; 0 failed; 0 ignored; 0 measured; 4 filtered out; finished in 0.00s
original-mining	Shared wall rules and checkpoint compatibility	2026-10-06T18:30:18.2880522Z 
original-mining	Shared wall rules and checkpoint compatibility	2026-10-06T18:30:18.2881842Z      Running tests/shared_trade_completion.rs (target/debug/deps/shared_trade_completion-f48d4f09e1b998f2)
original-mining	Shared wall rules and checkpoint compatibility	2026-10-06T18:30:18.3198535Z 
original-mining	Shared wall rules and checkpoint compatibility	2026-10-06T18:30:18.3199049Z running 0 tests
original-mining	Shared wall rules and checkpoint compatibility	2026-10-06T18:30:18.3199263Z 
original-mining	Shared wall rules and checkpoint compatibility	2026-10-06T18:30:18.3199587Z test result: ok. 0 passed; 0 failed; 0 ignored; 0 measured; 6 filtered out; finished in 0.00s
original-mining	Shared wall rules and checkpoint compatibility	2026-10-06T18:30:18.3200014Z 
original-mining	Shared wall rules and checkpoint compatibility	2026-10-06T18:30:18.3201385Z      Running tests/shared_trade_gold.rs (target/debug/deps/shared_trade_gold-6b50d6b8b8ceb949)
original-mining	Shared wall rules and checkpoint compatibility	2026-10-06T18:30:18.3504189Z 
original-mining	Shared wall rules and checkpoint compatibility	2026-10-06T18:30:18.3504758Z running 0 tests
original-mining	Shared wall rules and checkpoint compatibility	2026-10-06T18:30:18.3505347Z 
original-mining	Shared wall rules and checkpoint compatibility	2026-10-06T18:30:18.3505577Z test result: ok. 0 passed; 0 failed; 0 ignored; 0 measured; 12 filtered out; finished in 0.00s
original-mining	Shared wall rules and checkpoint compatibility	2026-10-06T18:30:18.3505884Z 
original-mining	Shared wall rules and checkpoint compatibility	2026-10-06T18:30:18.3507002Z      Running tests/shared_zone.rs (target/debug/deps/shared_zone-ac98b2128919462c)
original-mining	Shared wall rules and checkpoint compatibility	2026-10-06T18:30:18.3929548Z 
original-mining	Shared wall rules and checkpoint compatibility	2026-10-06T18:30:18.3930136Z running 0 tests
original-mining	Shared wall rules and checkpoint compatibility	2026-10-06T18:30:18.3930343Z 
original-mining	Shared wall rules and checkpoint compatibility	2026-10-06T18:30:18.3930698Z test result: ok. 0 passed; 0 failed; 0 ignored; 0 measured; 209 filtered out; finished in 0.00s
original-mining	Shared wall rules and checkpoint compatibility	2026-10-06T18:30:18.3931045Z 
original-mining	Shared wall rules and checkpoint compatibility	2026-10-06T18:30:18.3933369Z      Running tests/shared_zone_melee_mana.rs (target/debug/deps/shared_zone_melee_mana-e96c93858cbc2dc9)
original-mining	Shared wall rules and checkpoint compatibility	2026-10-06T18:30:18.4515256Z 
original-mining	Shared wall rules and checkpoint compatibility	2026-10-06T18:30:18.4515831Z running 0 tests
original-mining	Shared wall rules and checkpoint compatibility	2026-10-06T18:30:18.4516043Z 
original-mining	Shared wall rules and checkpoint compatibility	2026-10-06T18:30:18.4516385Z test result: ok. 0 passed; 0 failed; 0 ignored; 0 measured; 3 filtered out; finished in 0.00s
original-mining	Shared wall rules and checkpoint compatibility	2026-10-06T18:30:18.4516694Z 
original-mining	Shared wall rules and checkpoint compatibility	2026-10-06T18:30:18.4517678Z      Running tests/shared_zone_poison_transfer.rs (target/debug/deps/shared_zone_poison_transfer-11d26aadc790988c)
original-mining	Shared wall rules and checkpoint compatibility	2026-10-06T18:30:18.4661445Z 
original-mining	Shared wall rules and checkpoint compatibility	2026-10-06T18:30:18.4661858Z running 0 tests
original-mining	Shared wall rules and checkpoint compatibility	2026-10-06T18:30:18.4662057Z 
original-mining	Shared wall rules and checkpoint compatibility	2026-10-06T18:30:18.4662541Z test result: ok. 0 passed; 0 failed; 0 ignored; 0 measured; 5 filtered out; finished in 0.00s
original-mining	Shared wall rules and checkpoint compatibility	2026-10-06T18:30:18.4662901Z 
original-mining	Shared wall rules and checkpoint compatibility	2026-10-06T18:30:18.4663978Z      Running tests/shared_zone_self_magic.rs (target/debug/deps/shared_zone_self_magic-2b646e9923e418b2)
original-mining	Shared wall rules and checkpoint compatibility	2026-10-06T18:30:18.4791455Z 
original-mining	Shared wall rules and checkpoint compatibility	2026-10-06T18:30:18.4791976Z running 0 tests
original-mining	Shared wall rules and checkpoint compatibility	2026-10-06T18:30:18.4792145Z 
original-mining	Shared wall rules and checkpoint compatibility	2026-10-06T18:30:18.4792360Z test result: ok. 0 passed; 0 failed; 0 ignored; 0 measured; 4 filtered out; finished in 0.00s
original-mining	Shared wall rules and checkpoint compatibility	2026-10-06T18:30:18.4792636Z 
original-mining	Shared wall rules and checkpoint compatibility	2026-10-06T18:30:18.4794165Z      Running tests/shared_zone_thrusting.rs (target/debug/deps/shared_zone_thrusting-aef24d09ec6a3006)
original-mining	Shared wall rules and checkpoint compatibility	2026-10-06T18:30:18.5285498Z 
original-mining	Shared wall rules and checkpoint compatibility	2026-10-06T18:30:18.5285968Z running 0 tests
original-mining	Shared wall rules and checkpoint compatibility	2026-10-06T18:30:18.5286159Z 
original-mining	Shared wall rules and checkpoint compatibility	2026-10-06T18:30:18.5286487Z test result: ok. 0 passed; 0 failed; 0 ignored; 0 measured; 10 filtered out; finished in 0.00s
original-mining	Shared wall rules and checkpoint compatibility	2026-10-06T18:30:18.5286865Z 
original-mining	Shared wall rules and checkpoint compatibility	2026-10-06T18:30:18.5288993Z      Running tests/social_economy_integration.rs (target/debug/deps/social_economy_integration-d243edb8381ef4fc)
original-mining	Shared wall rules and checkpoint compatibility	2026-10-06T18:30:18.5690820Z 
original-mining	Shared wall rules and checkpoint compatibility	2026-10-06T18:30:18.5691272Z running 0 tests
original-mining	Shared wall rules and checkpoint compatibility	2026-10-06T18:30:18.5691415Z 
original-mining	Shared wall rules and checkpoint compatibility	2026-10-06T18:30:18.5691620Z test result: ok. 0 passed; 0 failed; 0 ignored; 0 measured; 3 filtered out; finished in 0.00s
original-mining	Shared wall rules and checkpoint compatibility	2026-10-06T18:30:18.5691883Z 
original-mining	Shared wall rules and checkpoint compatibility	2026-10-06T18:30:18.5703850Z      Running tests/storage_request_id.rs (target/debug/deps/storage_request_id-af17c8a538f695a1)
original-mining	Shared wall rules and checkpoint compatibility	2026-10-06T18:30:18.5719362Z 
original-mining	Shared wall rules and checkpoint compatibility	2026-10-06T18:30:18.5719525Z running 0 tests
original-mining	Shared wall rules and checkpoint compatibility	2026-10-06T18:30:18.5719671Z 
original-mining	Shared wall rules and checkpoint compatibility	2026-10-06T18:30:18.5719977Z test result: ok. 0 passed; 0 failed; 0 ignored; 0 measured; 2 filtered out; finished in 0.00s
original-mining	Shared wall rules and checkpoint compatibility	2026-10-06T18:30:18.5720585Z 
original-mining	Shared wall rules and checkpoint compatibility	2026-10-06T18:30:18.5722183Z      Running tests/trade_item_destinations.rs (target/debug/deps/trade_item_destinations-7432f7e69c99c629)
original-mining	Shared wall rules and checkpoint compatibility	2026-10-06T18:30:18.6968514Z 
original-mining	Shared wall rules and checkpoint compatibility	2026-10-06T18:30:18.6968813Z running 0 tests
original-mining	Shared wall rules and checkpoint compatibility	2026-10-06T18:30:18.6968987Z 
original-mining	Shared wall rules and checkpoint compatibility	2026-10-06T18:30:18.6969309Z test result: ok. 0 passed; 0 failed; 0 ignored; 0 measured; 8 filtered out; finished in 0.00s
original-mining	Shared wall rules and checkpoint compatibility	2026-10-06T18:30:18.6969719Z 
original-mining	Shared wall rules and checkpoint compatibility	2026-10-06T18:30:18.6971927Z      Running tests/trade_item_merges.rs (target/debug/deps/trade_item_merges-6d094fe39412b5d8)
original-mining	Shared wall rules and checkpoint compatibility	2026-10-06T18:30:18.7275414Z 
original-mining	Shared wall rules and checkpoint compatibility	2026-10-06T18:30:18.7275913Z running 0 tests
original-mining	Shared wall rules and checkpoint compatibility	2026-10-06T18:30:18.7276112Z 
original-mining	Shared wall rules and checkpoint compatibility	2026-10-06T18:30:18.7276432Z test result: ok. 0 passed; 0 failed; 0 ignored; 0 measured; 5 filtered out; finished in 0.00s
original-mining	Shared wall rules and checkpoint compatibility	2026-10-06T18:30:18.7276842Z 
original-mining	Shared wall rules and checkpoint compatibility	2026-10-06T18:30:18.7278528Z      Running tests/user_item_uid_file.rs (target/debug/deps/user_item_uid_file-c871fd9d9653287e)
original-mining	Shared wall rules and checkpoint compatibility	2026-10-06T18:30:18.7304626Z 
original-mining	Shared wall rules and checkpoint compatibility	2026-10-06T18:30:18.7304734Z running 0 tests
original-mining	Shared wall rules and checkpoint compatibility	2026-10-06T18:30:18.7304928Z 
original-mining	Shared wall rules and checkpoint compatibility	2026-10-06T18:30:18.7305213Z test result: ok. 0 passed; 0 failed; 0 ignored; 0 measured; 15 filtered out; finished in 0.00s
original-mining	Shared wall rules and checkpoint compatibility	2026-10-06T18:30:18.7305621Z 
original-mining	Shared wall rules and checkpoint compatibility	2026-10-06T18:30:18.7306573Z      Running tests/vertical_slice.rs (target/debug/deps/vertical_slice-65c6bae1b60dff2b)
original-mining	Shared wall rules and checkpoint compatibility	2026-10-06T18:30:18.7321334Z 
original-mining	Shared wall rules and checkpoint compatibility	2026-10-06T18:30:18.7321482Z running 0 tests
original-mining	Shared wall rules and checkpoint compatibility	2026-10-06T18:30:18.7321653Z 
original-mining	Shared wall rules and checkpoint compatibility	2026-10-06T18:30:18.7321961Z test result: ok. 0 passed; 0 failed; 0 ignored; 0 measured; 13 filtered out; finished in 0.00s
original-mining	Shared wall rules and checkpoint compatibility	2026-10-06T18:30:18.7322379Z 
original-mining	Shared wall rules and checkpoint compatibility	2026-10-06T18:30:18.7324149Z      Running tests/yin_devil_node.rs (target/debug/deps/yin_devil_node-b59a5b360ba1dc9a)
original-mining	Shared wall rules and checkpoint compatibility	2026-10-06T18:30:18.7615052Z 
original-mining	Shared wall rules and checkpoint compatibility	2026-10-06T18:30:18.7615492Z running 0 tests
original-mining	Shared wall rules and checkpoint compatibility	2026-10-06T18:30:18.7615690Z 
original-mining	Shared wall rules and checkpoint compatibility	2026-10-06T18:30:18.7616005Z test result: ok. 0 passed; 0 failed; 0 ignored; 0 measured; 2 filtered out; finished in 0.00s
original-mining	Shared wall rules and checkpoint compatibility	2026-10-06T18:30:18.7616383Z 
original-mining	Shared wall rules and checkpoint compatibility	2026-10-06T18:30:18.7618247Z      Running tests/zone_replay.rs (target/debug/deps/zone_replay-6dff65799cf0e11a)
original-mining	Shared wall rules and checkpoint compatibility	2026-10-06T18:30:18.7770026Z 
original-mining	Shared wall rules and checkpoint compatibility	2026-10-06T18:30:18.7770557Z running 0 tests
original-mining	Shared wall rules and checkpoint compatibility	2026-10-06T18:30:18.7770720Z 
original-mining	Shared wall rules and checkpoint compatibility	2026-10-06T18:30:18.7770951Z test result: ok. 0 passed; 0 failed; 0 ignored; 0 measured; 8 filtered out; finished in 0.00s
original-mining	Shared wall rules and checkpoint compatibility	2026-10-06T18:30:18.7771252Z 
original-mining	Three classes, durable inventory and real WebSocket	﻿2026-10-06T18:30:18.7933447Z ##[group]Run cargo +1.89.0 test --locked -p mir2-gateway --lib mining -- --test-threads=1
original-mining	Three classes, durable inventory and real WebSocket	2026-10-06T18:30:18.7934405Z ^[[36;1mcargo +1.89.0 test --locked -p mir2-gateway --lib mining -- --test-threads=1^[[0m
original-mining	Three classes, durable inventory and real WebSocket	2026-10-06T18:30:18.8390355Z shell: /usr/bin/bash -e {0}
original-mining	Three classes, durable inventory and real WebSocket	2026-10-06T18:30:18.8390616Z env:
original-mining	Three classes, durable inventory and real WebSocket	2026-10-06T18:30:18.8390791Z   CARGO_BUILD_JOBS: 2
original-mining	Three classes, durable inventory and real WebSocket	2026-10-06T18:30:18.8390974Z ##[endgroup]
original-mining	Three classes, durable inventory and real WebSocket	2026-10-06T18:30:20.2311281Z  Downloading crates ...
original-mining	Three classes, durable inventory and real WebSocket	2026-10-06T18:30:20.3570494Z   Downloaded asn1-rs-derive v0.5.1
original-mining	Three classes, durable inventory and real WebSocket	2026-10-06T18:30:20.3637824Z   Downloaded scheduled-thread-pool v0.2.7
original-mining	Three classes, durable inventory and real WebSocket	2026-10-06T18:30:20.3653234Z   Downloaded httparse v1.10.1
original-mining	Three classes, durable inventory and real WebSocket	2026-10-06T18:30:20.3684393Z   Downloaded tokio-rustls v0.26.4
original-mining	Three classes, durable inventory and real WebSocket	2026-10-06T18:30:20.3707808Z   Downloaded axum v0.8.9
original-mining	Three classes, durable inventory and real WebSocket	2026-10-06T18:30:20.3784259Z   Downloaded zerovec-derive v0.11.3
original-mining	Three classes, durable inventory and real WebSocket	2026-10-06T18:30:20.3801197Z   Downloaded simple_asn1 v0.6.4
original-mining	Three classes, durable inventory and real WebSocket	2026-10-06T18:30:20.3816728Z   Downloaded rand_pcg v0.10.2
original-mining	Three classes, durable inventory and real WebSocket	2026-10-06T18:30:20.3832506Z   Downloaded asn1-rs v0.6.2
original-mining	Three classes, durable inventory and real WebSocket	2026-10-06T18:30:20.3896340Z   Downloaded r2d2_postgres v0.18.2
original-mining	Three classes, durable inventory and real WebSocket	2026-10-06T18:30:20.3911562Z   Downloaded rand_chacha v0.9.0
original-mining	Three classes, durable inventory and real WebSocket	2026-10-06T18:30:20.3932530Z   Downloaded icu_properties_data v2.2.0
original-mining	Three classes, durable inventory and real WebSocket	2026-10-06T18:30:20.4038228Z   Downloaded tower v0.5.3
original-mining	Three classes, durable inventory and real WebSocket	2026-10-06T18:30:20.4139455Z   Downloaded yoke v0.8.3
original-mining	Three classes, durable inventory and real WebSocket	2026-10-06T18:30:20.4168449Z   Downloaded tinystr v0.8.3
original-mining	Three classes, durable inventory and real WebSocket	2026-10-06T18:30:20.4198245Z   Downloaded serde_urlencoded v0.7.1
original-mining	Three classes, durable inventory and real WebSocket	2026-10-06T18:30:20.4225872Z   Downloaded shlex v2.0.1
original-mining	Three classes, durable inventory and real WebSocket	2026-10-06T18:30:20.4246703Z   Downloaded time-macros v0.2.32
original-mining	Three classes, durable inventory and real WebSocket	2026-10-06T18:30:20.4277622Z   Downloaded rmp-serde v1.3.1
original-mining	Three classes, durable inventory and real WebSocket	2026-10-06T18:30:20.4303756Z   Downloaded stable_deref_trait v1.2.1
original-mining	Three classes, durable inventory and real WebSocket	2026-10-06T18:30:20.4320608Z   Downloaded yoke-derive v0.8.2
original-mining	Three classes, durable inventory and real WebSocket	2026-10-06T18:30:20.4339302Z   Downloaded tokio-macros v2.7.0
original-mining	Three classes, durable inventory and real WebSocket	2026-10-06T18:30:20.4358718Z   Downloaded tungstenite v0.29.0
original-mining	Three classes, durable inventory and real WebSocket	2026-10-06T18:30:20.4397694Z   Downloaded zeroize_derive v1.5.0
original-mining	Three classes, durable inventory and real WebSocket	2026-10-06T18:30:20.4414006Z   Downloaded zerotrie v0.2.4
original-mining	Three classes, durable inventory and real WebSocket	2026-10-06T18:30:20.4452988Z   Downloaded try-lock v0.2.5
original-mining	Three classes, durable inventory and real WebSocket	2026-10-06T18:30:20.4466123Z   Downloaded tracing-core v0.1.36
original-mining	Three classes, durable inventory and real WebSocket	2026-10-06T18:30:20.4494388Z   Downloaded thiserror v1.0.69
original-mining	Three classes, durable inventory and real WebSocket	2026-10-06T18:30:20.4547407Z   Downloaded zeroize v1.9.0
original-mining	Three classes, durable inventory and real WebSocket	2026-10-06T18:30:20.4565469Z   Downloaded signal-hook-registry v1.4.8
original-mining	Three classes, durable inventory and real WebSocket	2026-10-06T18:30:20.4583997Z   Downloaded writeable v0.6.3
original-mining	Three classes, durable inventory and real WebSocket	2026-10-06T18:30:20.4608154Z   Downloaded want v0.3.1
original-mining	Three classes, durable inventory and real WebSocket	2026-10-06T18:30:20.4619437Z   Downloaded sync_wrapper v1.0.2
original-mining	Three classes, durable inventory and real WebSocket	2026-10-06T18:30:20.4631663Z   Downloaded zerofrom-derive v0.1.7
original-mining	Three classes, durable inventory and real WebSocket	2026-10-06T18:30:20.4647405Z   Downloaded tokio-tungstenite v0.29.0
original-mining	Three classes, durable inventory and real WebSocket	2026-10-06T18:30:20.4670026Z   Downloaded synstructure v0.13.2
original-mining	Three classes, durable inventory and real WebSocket	2026-10-06T18:30:20.4683842Z   Downloaded xattr v1.6.1
original-mining	Three classes, durable inventory and real WebSocket	2026-10-06T18:30:20.4703792Z   Downloaded yasna v0.5.2
original-mining	Three classes, durable inventory and real WebSocket	2026-10-06T18:30:20.4726123Z   Downloaded tower-layer v0.3.3
original-mining	Three classes, durable inventory and real WebSocket	2026-10-06T18:30:20.4737175Z   Downloaded curve25519-dalek-ng v4.1.1
original-mining	Three classes, durable inventory and real WebSocket	2026-10-06T18:30:20.4823055Z   Downloaded url v2.5.8
original-mining	Three classes, durable inventory and real WebSocket	2026-10-06T18:30:20.4850910Z   Downloaded webpki-roots v1.0.9
original-mining	Three classes, durable inventory and real WebSocket	2026-10-06T18:30:20.4881223Z   Downloaded sysinfo v0.37.2
original-mining	Three classes, durable inventory and real WebSocket	2026-10-06T18:30:20.4977261Z   Downloaded zerocopy v0.8.48
original-mining	Three classes, durable inventory and real WebSocket	2026-10-06T18:30:20.5164080Z   Downloaded zerovec v0.11.6
original-mining	Three classes, durable inventory and real WebSocket	2026-10-06T18:30:20.5217133Z   Downloaded tower-http v0.6.11
original-mining	Three classes, durable inventory and real WebSocket	2026-10-06T18:30:20.5299427Z   Downloaded vcpkg v0.2.15
original-mining	Three classes, durable inventory and real WebSocket	2026-10-06T18:30:20.5764468Z   Downloaded time v0.3.54
original-mining	Three classes, durable inventory and real WebSocket	2026-10-06T18:30:20.5890280Z   Downloaded openssl v0.10.80
original-mining	Three classes, durable inventory and real WebSocket	2026-10-06T18:30:20.5975224Z   Downloaded http v1.4.0
original-mining	Three classes, durable inventory and real WebSocket	2026-10-06T18:30:20.6008298Z   Downloaded time-core v0.1.9
original-mining	Three classes, durable inventory and real WebSocket	2026-10-06T18:30:20.6019407Z   Downloaded icu_collections v2.2.0
original-mining	Three classes, durable inventory and real WebSocket	2026-10-06T18:30:20.6074012Z   Downloaded tar v0.4.46
original-mining	Three classes, durable inventory and real WebSocket	2026-10-06T18:30:20.6100116Z   Downloaded thiserror-impl v1.0.69
original-mining	Three classes, durable inventory and real WebSocket	2026-10-06T18:30:20.6113041Z   Downloaded subtle-ng v2.5.0
original-mining	Three classes, durable inventory and real WebSocket	2026-10-06T18:30:20.6125360Z   Downloaded rustls v0.23.42
original-mining	Three classes, durable inventory and real WebSocket	2026-10-06T18:30:20.6226955Z   Downloaded tower-service v0.3.3
original-mining	Three classes, durable inventory and real WebSocket	2026-10-06T18:30:20.6235598Z   Downloaded httpdate v1.0.3
original-mining	Three classes, durable inventory and real WebSocket	2026-10-06T18:30:20.6247344Z   Downloaded x509-parser v0.16.0
original-mining	Three classes, durable inventory and real WebSocket	2026-10-06T18:30:20.6292487Z   Downloaded reqwest v0.12.28
original-mining	Three classes, durable inventory and real WebSocket	2026-10-06T18:30:20.6340030Z   Downloaded libdbus-sys v0.2.7
original-mining	Three classes, durable inventory and real WebSocket	2026-10-06T18:30:20.6604419Z   Downloaded pkg-config v0.3.33
original-mining	Three classes, durable inventory and real WebSocket	2026-10-06T18:30:20.6619181Z   Downloaded dbus-secret-service v4.1.0
original-mining	Three classes, durable inventory and real WebSocket	2026-10-06T18:30:20.6637189Z   Downloaded tracing v0.1.44
original-mining	Three classes, durable inventory and real WebSocket	2026-10-06T18:30:20.6773858Z   Downloaded zerofrom v0.1.8
original-mining	Three classes, durable inventory and real WebSocket	2026-10-06T18:30:20.6783301Z   Downloaded quinn-proto v0.11.16
original-mining	Three classes, durable inventory and real WebSocket	2026-10-06T18:30:20.6841142Z   Downloaded minimal-lexical v0.2.1
original-mining	Three classes, durable inventory and real WebSocket	2026-10-06T18:30:20.6881293Z   Downloaded idna v1.1.0
original-mining	Three classes, durable inventory and real WebSocket	2026-10-06T18:30:20.6915592Z   Downloaded num-bigint v0.4.8
original-mining	Three classes, durable inventory and real WebSocket	2026-10-06T18:30:20.6958010Z   Downloaded dbus v0.9.12
original-mining	Three classes, durable inventory and real WebSocket	2026-10-06T18:30:20.6997282Z   Downloaded serde_path_to_error v0.1.20
original-mining	Three classes, durable inventory and real WebSocket	2026-10-06T18:30:20.7011921Z   Downloaded rustix v1.1.4
original-mining	Three classes, durable inventory and real WebSocket	2026-10-06T18:30:20.7242650Z   Downloaded rustls-pki-types v1.15.0
original-mining	Three classes, durable inventory and real WebSocket	2026-10-06T18:30:20.7266527Z   Downloaded rmp v0.8.15
original-mining	Three classes, durable inventory and real WebSocket	2026-10-06T18:30:20.7301211Z   Downloaded rand_chacha v0.3.1
original-mining	Three classes, durable inventory and real WebSocket	2026-10-06T18:30:20.7311320Z   Downloaded quinn v0.11.11
original-mining	Three classes, durable inventory and real WebSocket	2026-10-06T18:30:20.7340493Z   Downloaded idna_adapter v1.2.2
original-mining	Three classes, durable inventory and real WebSocket	2026-10-06T18:30:20.7349146Z   Downloaded deranged v0.5.8
original-mining	Three classes, durable inventory and real WebSocket	2026-10-06T18:30:20.7362024Z   Downloaded untrusted v0.9.0
original-mining	Three classes, durable inventory and real WebSocket	2026-10-06T18:30:20.7376860Z   Downloaded rusticata-macros v4.1.0
original-mining	Three classes, durable inventory and real WebSocket	2026-10-06T18:30:20.7389989Z   Downloaded rustc-hash v2.1.3
original-mining	Three classes, durable inventory and real WebSocket	2026-10-06T18:30:20.7401398Z   Downloaded rcgen v0.13.2
original-mining	Three classes, durable inventory and real WebSocket	2026-10-06T18:30:20.7426184Z   Downloaded jsonwebtoken v9.3.1
original-mining	Three classes, durable inventory and real WebSocket	2026-10-06T18:30:20.7462671Z   Downloaded hex v0.4.3
original-mining	Three classes, durable inventory and real WebSocket	2026-10-06T18:30:20.7476266Z   Downloaded nom v7.1.3
original-mining	Three classes, durable inventory and real WebSocket	2026-10-06T18:30:20.7521044Z   Downloaded icu_normalizer_data v2.2.0
original-mining	Three classes, durable inventory and real WebSocket	2026-10-06T18:30:20.7539594Z   Downloaded rand v0.8.7
original-mining	Three classes, durable inventory and real WebSocket	2026-10-06T18:30:20.7568654Z   Downloaded ring v0.17.14
original-mining	Three classes, durable inventory and real WebSocket	2026-10-06T18:30:20.7922823Z   Downloaded r2d2 v0.8.10
original-mining	Three classes, durable inventory and real WebSocket	2026-10-06T18:30:20.7935256Z   Downloaded num-integer v0.1.46
original-mining	Three classes, durable inventory and real WebSocket	2026-10-06T18:30:20.7957509Z   Downloaded icu_provider v2.2.0
original-mining	Three classes, durable inventory and real WebSocket	2026-10-06T18:30:20.7972692Z   Downloaded getrandom v0.3.4
original-mining	Three classes, durable inventory and real WebSocket	2026-10-06T18:30:20.8001947Z   Downloaded find-msvc-tools v0.1.9
original-mining	Three classes, durable inventory and real WebSocket	2026-10-06T18:30:20.8015789Z   Downloaded block-buffer v0.9.0
original-mining	Three classes, durable inventory and real WebSocket	2026-10-06T18:30:20.8022567Z   Downloaded num-conv v0.2.2
original-mining	Three classes, durable inventory and real WebSocket	2026-10-06T18:30:20.8030264Z   Downloaded icu_locale_core v2.2.0
original-mining	Three classes, durable inventory and real WebSocket	2026-10-06T18:30:20.8088693Z   Downloaded hyper-rustls v0.27.9
original-mining	Three classes, durable inventory and real WebSocket	2026-10-06T18:30:20.8101057Z   Downloaded http-body-util v0.1.3
original-mining	Three classes, durable inventory and real WebSocket	2026-10-06T18:30:20.8116645Z   Downloaded ed25519-consensus v2.1.0
original-mining	Three classes, durable inventory and real WebSocket	2026-10-06T18:30:20.8132656Z   Downloaded icu_normalizer v2.2.0
original-mining	Three classes, durable inventory and real WebSocket	2026-10-06T18:30:20.8164720Z   Downloaded der-parser v9.0.0
original-mining	Three classes, durable inventory and real WebSocket	2026-10-06T18:30:20.8192764Z   Downloaded axum-core v0.5.6
original-mining	Three classes, durable inventory and real WebSocket	2026-10-06T18:30:20.8211936Z   Downloaded ryu v1.0.23
original-mining	Three classes, durable inventory and real WebSocket	2026-10-06T18:30:20.8239552Z   Downloaded rand v0.9.4
original-mining	Three classes, durable inventory and real WebSocket	2026-10-06T18:30:20.8271829Z   Downloaded matchit v0.8.4
original-mining	Three classes, durable inventory and real WebSocket	2026-10-06T18:30:20.8290102Z   Downloaded http-body v1.0.1
original-mining	Three classes, durable inventory and real WebSocket	2026-10-06T18:30:20.8298702Z   Downloaded digest v0.9.0
original-mining	Three classes, durable inventory and real WebSocket	2026-10-06T18:30:20.8309723Z   Downloaded sha2 v0.9.9
original-mining	Three classes, durable inventory and real WebSocket	2026-10-06T18:30:20.8331023Z   Downloaded powerfmt v0.2.0
original-mining	Three classes, durable inventory and real WebSocket	2026-10-06T18:30:20.8340403Z   Downloaded pem v3.0.6
original-mining	Three classes, durable inventory and real WebSocket	2026-10-06T18:30:20.8352273Z   Downloaded icu_properties v2.2.0
original-mining	Three classes, durable inventory and real WebSocket	2026-10-06T18:30:20.8372626Z   Downloaded form_urlencoded v1.2.2
original-mining	Three classes, durable inventory and real WebSocket	2026-10-06T18:30:20.8379882Z   Downloaded foreign-types-shared v0.1.1
original-mining	Three classes, durable inventory and real WebSocket	2026-10-06T18:30:20.8386152Z   Downloaded filetime v0.2.29
original-mining	Three classes, durable inventory and real WebSocket	2026-10-06T18:30:20.8400360Z   Downloaded utf8_iter v1.0.4
original-mining	Three classes, durable inventory and real WebSocket	2026-10-06T18:30:20.8409080Z   Downloaded sha1 v0.10.6
original-mining	Three classes, durable inventory and real WebSocket	2026-10-06T18:30:20.8422663Z   Downloaded rand_core v0.9.5
original-mining	Three classes, durable inventory and real WebSocket	2026-10-06T18:30:20.8434774Z   Downloaded potential_utf v0.1.5
original-mining	Three classes, durable inventory and real WebSocket	2026-10-06T18:30:20.8443942Z   Downloaded openssl-macros v0.1.1
original-mining	Three classes, durable inventory and real WebSocket	2026-10-06T18:30:20.8450927Z   Downloaded opaque-debug v0.3.1
original-mining	Three classes, durable inventory and real WebSocket	2026-10-06T18:30:20.8458738Z   Downloaded once_cell v1.21.4
original-mining	Three classes, durable inventory and real WebSocket	2026-10-06T18:30:20.8479899Z   Downloaded litemap v0.8.2
original-mining	Three classes, durable inventory and real WebSocket	2026-10-06T18:30:20.8499758Z   Downloaded errno v0.3.14
original-mining	Three classes, durable inventory and real WebSocket	2026-10-06T18:30:20.8513377Z   Downloaded rustls-webpki v0.103.13
original-mining	Three classes, durable inventory and real WebSocket	2026-10-06T18:30:20.8539900Z   Downloaded num-traits v0.2.19
original-mining	Three classes, durable inventory and real WebSocket	2026-10-06T18:30:20.8562348Z   Downloaded mime v0.3.17
original-mining	Three classes, durable inventory and real WebSocket	2026-10-06T18:30:20.8573247Z   Downloaded lazy_static v1.5.0
original-mining	Three classes, durable inventory and real WebSocket	2026-10-06T18:30:20.8588558Z   Downloaded keyring v3.6.3
original-mining	Three classes, durable inventory and real WebSocket	2026-10-06T18:30:20.8612558Z   Downloaded ipnet v2.12.0
original-mining	Three classes, durable inventory and real WebSocket	2026-10-06T18:30:20.8627033Z   Downloaded hyper v1.9.0
original-mining	Three classes, durable inventory and real WebSocket	2026-10-06T18:30:20.8684796Z   Downloaded futures-macro v0.3.32
original-mining	Three classes, durable inventory and real WebSocket	2026-10-06T18:30:20.8693745Z   Downloaded foreign-types v0.3.2
original-mining	Three classes, durable inventory and real WebSocket	2026-10-06T18:30:20.8700349Z   Downloaded displaydoc v0.2.6
original-mining	Three classes, durable inventory and real WebSocket	2026-10-06T18:30:20.8717981Z   Downloaded data-encoding v2.10.0
original-mining	Three classes, durable inventory and real WebSocket	2026-10-06T18:30:20.8727255Z   Downloaded hyper-util v0.1.20
original-mining	Three classes, durable inventory and real WebSocket	2026-10-06T18:30:20.8779832Z   Downloaded oid-registry v0.7.1
original-mining	Three classes, durable inventory and real WebSocket	2026-10-06T18:30:20.8789947Z   Downloaded quinn-udp v0.5.15
original-mining	Three classes, durable inventory and real WebSocket	2026-10-06T18:30:20.8805213Z   Downloaded lru-slab v0.1.2
original-mining	Three classes, durable inventory and real WebSocket	2026-10-06T18:30:20.8812564Z   Downloaded autocfg v1.5.1
original-mining	Three classes, durable inventory and real WebSocket	2026-10-06T18:30:20.8828998Z   Downloaded asn1-rs-impl v0.2.0
original-mining	Three classes, durable inventory and real WebSocket	2026-10-06T18:30:20.8835314Z   Downloaded openssl-sys v0.9.116
original-mining	Three classes, durable inventory and real WebSocket	2026-10-06T18:30:20.8882586Z   Downloaded cc v1.3.0
original-mining	Three classes, durable inventory and real WebSocket	2026-10-06T18:30:20.8908539Z   Downloaded ppv-lite86 v0.2.21
original-mining	Three classes, durable inventory and real WebSocket	2026-10-06T18:30:20.8952571Z   Downloaded linux-raw-sys v0.12.1
original-mining	Three classes, durable inventory and real WebSocket	2026-10-06T18:30:20.9574018Z   Downloaded openssl-src v300.6.0+3.6.2
original-mining	Three classes, durable inventory and real WebSocket	2026-10-06T18:30:21.6272520Z    Compiling syn v2.0.117
original-mining	Three classes, durable inventory and real WebSocket	2026-10-06T18:30:21.6274155Z    Compiling smallvec v1.15.1
original-mining	Three classes, durable inventory and real WebSocket	2026-10-06T18:30:21.7159249Z    Compiling shlex v2.0.1
original-mining	Three classes, durable inventory and real WebSocket	2026-10-06T18:30:21.7793246Z    Compiling find-msvc-tools v0.1.9
original-mining	Three classes, durable inventory and real WebSocket	2026-10-06T18:30:21.8790949Z    Compiling cc v1.3.0
original-mining	Three classes, durable inventory and real WebSocket	2026-10-06T18:30:22.6027620Z    Compiling getrandom v0.2.17
original-mining	Three classes, durable inventory and real WebSocket	2026-10-06T18:30:22.6848492Z    Compiling errno v0.3.14
original-mining	Three classes, durable inventory and real WebSocket	2026-10-06T18:30:22.7321409Z    Compiling signal-hook-registry v1.4.8
original-mining	Three classes, durable inventory and real WebSocket	2026-10-06T18:30:22.8643780Z    Compiling stable_deref_trait v1.2.1
original-mining	Three classes, durable inventory and real WebSocket	2026-10-06T18:30:22.8850205Z    Compiling once_cell v1.21.4
original-mining	Three classes, durable inventory and real WebSocket	2026-10-06T18:30:22.9670035Z    Compiling ring v0.17.14
original-mining	Three classes, durable inventory and real WebSocket	2026-10-06T18:30:23.2732162Z    Compiling autocfg v1.5.1
original-mining	Three classes, durable inventory and real WebSocket	2026-10-06T18:30:23.4505467Z    Compiling num-traits v0.2.19
original-mining	Three classes, durable inventory and real WebSocket	2026-10-06T18:30:24.8365318Z    Compiling synstructure v0.13.2
original-mining	Three classes, durable inventory and real WebSocket	2026-10-06T18:30:25.1240005Z    Compiling displaydoc v0.2.6
original-mining	Three classes, durable inventory and real WebSocket	2026-10-06T18:30:25.6302240Z    Compiling zerofrom-derive v0.1.7
original-mining	Three classes, durable inventory and real WebSocket	2026-10-06T18:30:26.3994338Z    Compiling serde_derive v1.0.228
original-mining	Three classes, durable inventory and real WebSocket	2026-10-06T18:30:26.4179726Z    Compiling tokio-macros v2.7.0
original-mining	Three classes, durable inventory and real WebSocket	2026-10-06T18:30:26.8852771Z    Compiling tokio v1.52.0
original-mining	Three classes, durable inventory and real WebSocket	2026-10-06T18:30:28.3191600Z    Compiling serde v1.0.228
original-mining	Three classes, durable inventory and real WebSocket	2026-10-06T18:30:28.6090612Z    Compiling zerofrom v0.1.8
original-mining	Three classes, durable inventory and real WebSocket	2026-10-06T18:30:28.6496432Z    Compiling yoke-derive v0.8.2
original-mining	Three classes, durable inventory and real WebSocket	2026-10-06T18:30:29.3684566Z    Compiling zeroize_derive v1.5.0
original-mining	Three classes, durable inventory and real WebSocket	2026-10-06T18:30:29.8188259Z    Compiling zeroize v1.9.0
original-mining	Three classes, durable inventory and real WebSocket	2026-10-06T18:30:29.8878850Z    Compiling yoke v0.8.3
original-mining	Three classes, durable inventory and real WebSocket	2026-10-06T18:30:29.9654918Z    Compiling zerovec-derive v0.11.3
original-mining	Three classes, durable inventory and real WebSocket	2026-10-06T18:30:30.7220426Z    Compiling zerovec v0.11.6
original-mining	Three classes, durable inventory and real WebSocket	2026-10-06T18:30:31.0211865Z    Compiling futures-macro v0.3.32
original-mining	Three classes, durable inventory and real WebSocket	2026-10-06T18:30:31.5160932Z    Compiling futures-task v0.3.32
original-mining	Three classes, durable inventory and real WebSocket	2026-10-06T18:30:31.5552271Z    Compiling thiserror v2.0.18
original-mining	Three classes, durable inventory and real WebSocket	2026-10-06T18:30:31.5762651Z    Compiling futures-util v0.3.32
original-mining	Three classes, durable inventory and real WebSocket	2026-10-06T18:30:31.7544384Z    Compiling thiserror-impl v2.0.18
original-mining	Three classes, durable inventory and real WebSocket	2026-10-06T18:30:32.6296429Z    Compiling tracing-core v0.1.36
original-mining	Three classes, durable inventory and real WebSocket	2026-10-06T18:30:32.9686426Z    Compiling http v1.4.0
original-mining	Three classes, durable inventory and real WebSocket	2026-10-06T18:30:32.9881553Z    Compiling serde_json v1.0.149
original-mining	Three classes, durable inventory and real WebSocket	2026-10-06T18:30:33.0903890Z    Compiling untrusted v0.9.0
original-mining	Three classes, durable inventory and real WebSocket	2026-10-06T18:30:33.6028302Z    Compiling tracing v0.1.44
original-mining	Three classes, durable inventory and real WebSocket	2026-10-06T18:30:34.2914827Z    Compiling zerocopy v0.8.48
original-mining	Three classes, durable inventory and real WebSocket	2026-10-06T18:30:34.5134454Z    Compiling tinystr v0.8.3
original-mining	Three classes, durable inventory and real WebSocket	2026-10-06T18:30:34.6005897Z    Compiling rustls-pki-types v1.15.0
original-mining	Three classes, durable inventory and real WebSocket	2026-10-06T18:30:34.8580360Z    Compiling num-conv v0.2.2
original-mining	Three classes, durable inventory and real WebSocket	2026-10-06T18:30:34.9176694Z    Compiling time-core v0.1.9
original-mining	Three classes, durable inventory and real WebSocket	2026-10-06T18:30:35.0020079Z    Compiling litemap v0.8.2
original-mining	Three classes, durable inventory and real WebSocket	2026-10-06T18:30:35.0800804Z    Compiling httparse v1.10.1
original-mining	Three classes, durable inventory and real WebSocket	2026-10-06T18:30:35.2410353Z    Compiling writeable v0.6.3
original-mining	Three classes, durable inventory and real WebSocket	2026-10-06T18:30:35.3207513Z    Compiling icu_locale_core v2.2.0
original-mining	Three classes, durable inventory and real WebSocket	2026-10-06T18:30:35.3387568Z    Compiling time-macros v0.2.32
original-mining	Three classes, durable inventory and real WebSocket	2026-10-06T18:30:36.1189678Z    Compiling http-body v1.0.1
original-mining	Three classes, durable inventory and real WebSocket	2026-10-06T18:30:36.1653885Z    Compiling potential_utf v0.1.5
original-mining	Three classes, durable inventory and real WebSocket	2026-10-06T18:30:36.2184515Z    Compiling zerotrie v0.2.4
original-mining	Three classes, durable inventory and real WebSocket	2026-10-06T18:30:36.3664658Z    Compiling deranged v0.5.8
original-mining	Three classes, durable inventory and real WebSocket	2026-10-06T18:30:36.9874292Z    Compiling thiserror v1.0.69
original-mining	Three classes, durable inventory and real WebSocket	2026-10-06T18:30:37.1294107Z    Compiling utf8_iter v1.0.4
original-mining	Three classes, durable inventory and real WebSocket	2026-10-06T18:30:37.1794259Z    Compiling byteorder v1.5.0
original-mining	Three classes, durable inventory and real WebSocket	2026-10-06T18:30:37.2790607Z    Compiling icu_normalizer_data v2.2.0
original-mining	Three classes, durable inventory and real WebSocket	2026-10-06T18:30:37.3764273Z    Compiling powerfmt v0.2.0
original-mining	Three classes, durable inventory and real WebSocket	2026-10-06T18:30:37.4527911Z    Compiling icu_properties_data v2.2.0
original-mining	Three classes, durable inventory and real WebSocket	2026-10-06T18:30:37.5544667Z    Compiling time v0.3.54
original-mining	Three classes, durable inventory and real WebSocket	2026-10-06T18:30:38.2392223Z    Compiling ppv-lite86 v0.2.21
original-mining	Three classes, durable inventory and real WebSocket	2026-10-06T18:30:38.4259866Z    Compiling icu_collections v2.2.0
original-mining	Three classes, durable inventory and real WebSocket	2026-10-06T18:30:38.7473466Z    Compiling icu_provider v2.2.0
original-mining	Three classes, durable inventory and real WebSocket	2026-10-06T18:30:38.9464675Z    Compiling thiserror-impl v1.0.69
original-mining	Three classes, durable inventory and real WebSocket	2026-10-06T18:30:39.0574628Z    Compiling crypto-common v0.1.7
original-mining	Three classes, durable inventory and real WebSocket	2026-10-06T18:30:39.0935010Z    Compiling rand_core v0.6.4
original-mining	Three classes, durable inventory and real WebSocket	2026-10-06T18:30:39.1850081Z    Compiling rustls v0.23.42
original-mining	Three classes, durable inventory and real WebSocket	2026-10-06T18:30:39.2804871Z    Compiling tower-service v0.3.3
original-mining	Three classes, durable inventory and real WebSocket	2026-10-06T18:30:39.3043999Z    Compiling getrandom v0.3.4
original-mining	Three classes, durable inventory and real WebSocket	2026-10-06T18:30:39.4787200Z    Compiling digest v0.10.7
original-mining	Three classes, durable inventory and real WebSocket	2026-10-06T18:30:39.5678465Z    Compiling bevy_macro_utils v0.17.3
original-mining	Three classes, durable inventory and real WebSocket	2026-10-06T18:30:39.8922995Z    Compiling rustls-webpki v0.103.13
original-mining	Three classes, durable inventory and real WebSocket	2026-10-06T18:30:39.9081571Z    Compiling parking_lot_core v0.9.12
original-mining	Three classes, durable inventory and real WebSocket	2026-10-06T18:30:40.1387073Z    Compiling minimal-lexical v0.2.1
original-mining	Three classes, durable inventory and real WebSocket	2026-10-06T18:30:40.2600916Z    Compiling pkg-config v0.3.33
original-mining	Three classes, durable inventory and real WebSocket	2026-10-06T18:30:40.5284253Z    Compiling try-lock v0.2.5
original-mining	Three classes, durable inventory and real WebSocket	2026-10-06T18:30:40.5479689Z    Compiling bevy_platform v0.17.3
original-mining	Three classes, durable inventory and real WebSocket	2026-10-06T18:30:40.5603831Z    Compiling want v0.3.1
original-mining	Three classes, durable inventory and real WebSocket	2026-10-06T18:30:40.6161877Z    Compiling libdbus-sys v0.2.7
original-mining	Three classes, durable inventory and real WebSocket	2026-10-06T18:30:40.6454590Z    Compiling derive_more-impl v2.1.1
original-mining	Three classes, durable inventory and real WebSocket	2026-10-06T18:30:40.8392255Z    Compiling nom v7.1.3
original-mining	Three classes, durable inventory and real WebSocket	2026-10-06T18:30:42.5862532Z    Compiling parking_lot v0.12.5
original-mining	Three classes, durable inventory and real WebSocket	2026-10-06T18:30:42.7910829Z    Compiling icu_properties v2.2.0
original-mining	Three classes, durable inventory and real WebSocket	2026-10-06T18:30:43.5209732Z    Compiling icu_normalizer v2.2.0
original-mining	Three classes, durable inventory and real WebSocket	2026-10-06T18:30:43.9504532Z    Compiling num-integer v0.1.46
original-mining	Three classes, durable inventory and real WebSocket	2026-10-06T18:30:44.1126304Z    Compiling form_urlencoded v1.2.2
original-mining	Three classes, durable inventory and real WebSocket	2026-10-06T18:30:44.1774572Z    Compiling tokio-util v0.7.18
original-mining	Three classes, durable inventory and real WebSocket	2026-10-06T18:30:44.5456745Z    Compiling sync_wrapper v1.0.2
original-mining	Three classes, durable inventory and real WebSocket	2026-10-06T18:30:44.5748900Z    Compiling httpdate v1.0.3
original-mining	Three classes, durable inventory and real WebSocket	2026-10-06T18:30:44.6693944Z    Compiling tower-layer v0.3.3
original-mining	Three classes, durable inventory and real WebSocket	2026-10-06T18:30:44.7347668Z    Compiling hyper v1.9.0
original-mining	Three classes, durable inventory and real WebSocket	2026-10-06T18:30:45.5545502Z    Compiling postgres-protocol v0.6.11
original-mining	Three classes, durable inventory and real WebSocket	2026-10-06T18:30:45.6185329Z    Compiling num-bigint v0.4.8
original-mining	Three classes, durable inventory and real WebSocket	2026-10-06T18:30:45.8687104Z    Compiling rand_core v0.9.5
original-mining	Three classes, durable inventory and real WebSocket	2026-10-06T18:30:45.9530117Z    Compiling idna_adapter v1.2.2
original-mining	Three classes, durable inventory and real WebSocket	2026-10-06T18:30:45.9949490Z    Compiling derive_more v2.1.1
original-mining	Three classes, durable inventory and real WebSocket	2026-10-06T18:30:46.0259798Z    Compiling rusticata-macros v4.1.0
original-mining	Three classes, durable inventory and real WebSocket	2026-10-06T18:30:46.5350449Z    Compiling asn1-rs-derive v0.5.1
original-mining	Three classes, durable inventory and real WebSocket	2026-10-06T18:30:47.0132411Z    Compiling asn1-rs-impl v0.2.0
original-mining	Three classes, durable inventory and real WebSocket	2026-10-06T18:30:47.2899620Z    Compiling data-encoding v2.10.0
original-mining	Three classes, durable inventory and real WebSocket	2026-10-06T18:30:47.7674365Z    Compiling rustix v1.1.4
original-mining	Three classes, durable inventory and real WebSocket	2026-10-06T18:30:47.9381402Z    Compiling ipnet v2.12.0
original-mining	Three classes, durable inventory and real WebSocket	2026-10-06T18:30:48.2474709Z    Compiling hyper-util v0.1.20
original-mining	Three classes, durable inventory and real WebSocket	2026-10-06T18:30:49.3410681Z    Compiling bevy_utils v0.17.3
original-mining	Three classes, durable inventory and real WebSocket	2026-10-06T18:30:49.3910525Z    Compiling asn1-rs v0.6.2
original-mining	Three classes, durable inventory and real WebSocket	2026-10-06T18:30:49.5974099Z    Compiling idna v1.1.0
original-mining	Three classes, durable inventory and real WebSocket	2026-10-06T18:30:50.0537948Z    Compiling rand_chacha v0.9.0
original-mining	Three classes, durable inventory and real WebSocket	2026-10-06T18:30:50.2827936Z    Compiling postgres-types v0.2.13
original-mining	Three classes, durable inventory and real WebSocket	2026-10-06T18:30:50.3174657Z    Compiling tower v0.5.3
original-mining	Three classes, durable inventory and real WebSocket	2026-10-06T18:30:50.5718678Z    Compiling bevy_reflect_derive v0.17.3
original-mining	Three classes, durable inventory and real WebSocket	2026-10-06T18:30:50.5759191Z    Compiling http-body-util v0.1.3
original-mining	Three classes, durable inventory and real WebSocket	2026-10-06T18:30:50.6728325Z    Compiling async-trait v0.1.89
original-mining	Three classes, durable inventory and real WebSocket	2026-10-06T18:30:51.3911551Z    Compiling variadics_please v1.1.0
original-mining	Three classes, durable inventory and real WebSocket	2026-10-06T18:30:51.7370932Z    Compiling assert_type_match v0.1.1
original-mining	Three classes, durable inventory and real WebSocket	2026-10-06T18:30:52.3224404Z    Compiling digest v0.9.0
original-mining	Three classes, durable inventory and real WebSocket	2026-10-06T18:30:52.3522487Z    Compiling ryu v1.0.23
original-mining	Three classes, durable inventory and real WebSocket	2026-10-06T18:30:52.4292016Z    Compiling linux-raw-sys v0.12.1
original-mining	Three classes, durable inventory and real WebSocket	2026-10-06T18:30:52.4317801Z    Compiling oid-registry v0.7.1
original-mining	Three classes, durable inventory and real WebSocket	2026-10-06T18:30:52.6369201Z    Compiling bevy_reflect v0.17.3
original-mining	Three classes, durable inventory and real WebSocket	2026-10-06T18:30:53.6473013Z    Compiling serde_urlencoded v0.7.1
original-mining	Three classes, durable inventory and real WebSocket	2026-10-06T18:30:53.7525287Z    Compiling tokio-postgres v0.7.17
original-mining	Three classes, durable inventory and real WebSocket	2026-10-06T18:30:55.6050502Z    Compiling bevy_tasks v0.17.3
original-mining	Three classes, durable inventory and real WebSocket	2026-10-06T18:30:55.9658916Z    Compiling rand v0.9.4
original-mining	Three classes, durable inventory and real WebSocket	2026-10-06T18:30:56.2858322Z    Compiling url v2.5.8
original-mining	Three classes, durable inventory and real WebSocket	2026-10-06T18:30:56.6734464Z    Compiling dbus v0.9.12
original-mining	Three classes, durable inventory and real WebSocket	2026-10-06T18:30:56.7994440Z    Compiling tokio-rustls v0.26.4
original-mining	Three classes, durable inventory and real WebSocket	2026-10-06T18:30:56.9124486Z    Compiling bevy_ecs_macros v0.17.3
original-mining	Three classes, durable inventory and real WebSocket	2026-10-06T18:30:58.0825315Z    Compiling sha1 v0.10.6
original-mining	Three classes, durable inventory and real WebSocket	2026-10-06T18:30:58.1703262Z    Compiling webpki-roots v1.0.9
original-mining	Three classes, durable inventory and real WebSocket	2026-10-06T18:30:58.2075153Z    Compiling quinn-udp v0.5.15
original-mining	Three classes, durable inventory and real WebSocket	2026-10-06T18:30:58.3915189Z    Compiling block-buffer v0.9.0
original-mining	Three classes, durable inventory and real WebSocket	2026-10-06T18:30:58.4259095Z    Compiling subtle-ng v2.5.0
original-mining	Three classes, durable inventory and real WebSocket	2026-10-06T18:30:58.4756269Z    Compiling opaque-debug v0.3.1
original-mining	Three classes, durable inventory and real WebSocket	2026-10-06T18:30:58.4947680Z    Compiling sha2 v0.9.9
original-mining	Three classes, durable inventory and real WebSocket	2026-10-06T18:30:58.7181427Z    Compiling bevy_ecs v0.17.3
original-mining	Three classes, durable inventory and real WebSocket	2026-10-06T18:30:59.3421006Z    Compiling password-hash v0.5.0
original-mining	Three classes, durable inventory and real WebSocket	2026-10-06T18:30:59.5628076Z    Compiling curve25519-dalek-ng v4.1.1
original-mining	Three classes, durable inventory and real WebSocket	2026-10-06T18:31:00.0021539Z    Compiling hyper-rustls v0.27.9
original-mining	Three classes, durable inventory and real WebSocket	2026-10-06T18:31:00.1273033Z    Compiling tungstenite v0.29.0
original-mining	Three classes, durable inventory and real WebSocket	2026-10-06T18:31:00.7338651Z    Compiling dbus-secret-service v4.1.0
original-mining	Three classes, durable inventory and real WebSocket	2026-10-06T18:31:01.2305624Z    Compiling tower-http v0.6.11
original-mining	Three classes, durable inventory and real WebSocket	2026-10-06T18:31:01.4164648Z    Compiling postgres v0.19.13
original-mining	Three classes, durable inventory and real WebSocket	2026-10-06T18:31:03.4980732Z    Compiling xattr v1.6.1
original-mining	Three classes, durable inventory and real WebSocket	2026-10-06T18:31:03.8392975Z    Compiling der-parser v9.0.0
original-mining	Three classes, durable inventory and real WebSocket	2026-10-06T18:31:04.2206054Z    Compiling scheduled-thread-pool v0.2.7
original-mining	Three classes, durable inventory and real WebSocket	2026-10-06T18:31:04.3649083Z    Compiling bevy_derive v0.17.3
original-mining	Three classes, durable inventory and real WebSocket	2026-10-06T18:31:04.7657629Z    Compiling blake2 v0.10.6
original-mining	Three classes, durable inventory and real WebSocket	2026-10-06T18:31:04.9884559Z    Compiling rand_chacha v0.3.1
original-mining	Three classes, durable inventory and real WebSocket	2026-10-06T18:31:05.2517350Z    Compiling quinn v0.11.11
original-mining	Three classes, durable inventory and real WebSocket	2026-10-06T18:31:05.3736674Z    Compiling rand_pcg v0.10.2
original-mining	Three classes, durable inventory and real WebSocket	2026-10-06T18:31:05.4267593Z    Compiling mir2-protocol v0.1.0 (/home/runner/work/mir2/mir2/mir2-web3/packages/protocol)
original-mining	Three classes, durable inventory and real WebSocket	2026-10-06T18:31:08.8610486Z    Compiling pem v3.0.6
original-mining	Three classes, durable inventory and real WebSocket	2026-10-06T18:31:09.0475407Z    Compiling filetime v0.2.29
original-mining	Three classes, durable inventory and real WebSocket	2026-10-06T18:31:09.1268096Z    Compiling hex v0.4.3
original-mining	Three classes, durable inventory and real WebSocket	2026-10-06T18:31:09.2380082Z    Compiling rustc-hash v2.1.3
original-mining	Three classes, durable inventory and real WebSocket	2026-10-06T18:31:09.2715899Z    Compiling mime v0.3.17
original-mining	Three classes, durable inventory and real WebSocket	2026-10-06T18:31:09.2765952Z    Compiling lazy_static v1.5.0
original-mining	Three classes, durable inventory and real WebSocket	2026-10-06T18:31:09.3014489Z    Compiling lru-slab v0.1.2
original-mining	Three classes, durable inventory and real WebSocket	2026-10-06T18:31:09.3428250Z    Compiling quinn-proto v0.11.16
original-mining	Three classes, durable inventory and real WebSocket	2026-10-06T18:31:09.3961611Z    Compiling axum-core v0.5.6
original-mining	Three classes, durable inventory and real WebSocket	2026-10-06T18:31:10.2297390Z    Compiling x509-parser v0.16.0
original-mining	Three classes, durable inventory and real WebSocket	2026-10-06T18:31:11.6253167Z    Compiling ed25519-consensus v2.1.0
original-mining	Three classes, durable inventory and real WebSocket	2026-10-06T18:31:11.7527543Z    Compiling tar v0.4.46
original-mining	Three classes, durable inventory and real WebSocket	2026-10-06T18:31:12.3810802Z    Compiling mir2-game-data v0.1.0 (/home/runner/work/mir2/mir2/mir2-web3/packages/game-data)
original-mining	Three classes, durable inventory and real WebSocket	2026-10-06T18:31:12.7129546Z    Compiling bevy_app v0.17.3
original-mining	Three classes, durable inventory and real WebSocket	2026-10-06T18:31:13.7773337Z    Compiling rand v0.8.7
original-mining	Three classes, durable inventory and real WebSocket	2026-10-06T18:31:14.1434582Z    Compiling argon2 v0.5.3
original-mining	Three classes, durable inventory and real WebSocket	2026-10-06T18:31:14.5588834Z    Compiling r2d2 v0.8.10
original-mining	Three classes, durable inventory and real WebSocket	2026-10-06T18:31:14.6374559Z    Compiling reqwest v0.12.28
original-mining	Three classes, durable inventory and real WebSocket	2026-10-06T18:31:16.8124978Z    Compiling keyring v3.6.3
original-mining	Three classes, durable inventory and real WebSocket	2026-10-06T18:31:17.0940220Z    Compiling tokio-tungstenite v0.29.0
original-mining	Three classes, durable inventory and real WebSocket	2026-10-06T18:31:17.4514879Z    Compiling simple_asn1 v0.6.4
original-mining	Three classes, durable inventory and real WebSocket	2026-10-06T18:31:18.0154769Z    Compiling yasna v0.5.2
original-mining	Three classes, durable inventory and real WebSocket	2026-10-06T18:31:18.4336456Z    Compiling rmp v0.8.15
original-mining	Three classes, durable inventory and real WebSocket	2026-10-06T18:31:18.6044612Z    Compiling serde_path_to_error v0.1.20
original-mining	Three classes, durable inventory and real WebSocket	2026-10-06T18:31:18.7857246Z    Compiling matchit v0.8.4
original-mining	Three classes, durable inventory and real WebSocket	2026-10-06T18:31:18.9639691Z    Compiling semver v1.0.28
original-mining	Three classes, durable inventory and real WebSocket	2026-10-06T18:31:19.1882694Z    Compiling dubhe-network-core v0.1.0 (/home/runner/work/mir2/mir2/mir2-web3/vendor/dubhe-network-core)
original-mining	Three classes, durable inventory and real WebSocket	2026-10-06T18:31:20.9642985Z    Compiling axum v0.8.9
original-mining	Three classes, durable inventory and real WebSocket	2026-10-06T18:31:23.4934520Z    Compiling rmp-serde v1.3.1
original-mining	Three classes, durable inventory and real WebSocket	2026-10-06T18:31:23.6136914Z    Compiling rcgen v0.13.2
original-mining	Three classes, durable inventory and real WebSocket	2026-10-06T18:31:23.7067407Z    Compiling jsonwebtoken v9.3.1
original-mining	Three classes, durable inventory and real WebSocket	2026-10-06T18:31:24.4644786Z    Compiling mir2-simulation v0.1.0 (/home/runner/work/mir2/mir2/mir2-web3/apps/simulation)
original-mining	Three classes, durable inventory and real WebSocket	2026-10-06T18:31:25.3597565Z    Compiling r2d2_postgres v0.18.2
original-mining	Three classes, durable inventory and real WebSocket	2026-10-06T18:31:25.4005420Z    Compiling sysinfo v0.37.2
original-mining	Three classes, durable inventory and real WebSocket	2026-10-06T18:31:26.0459885Z warning: unused import: `super::skills::crystal_magic_damage`
original-mining	Three classes, durable inventory and real WebSocket	2026-10-06T18:31:26.0460602Z   --> apps/simulation/src/runtime/hero_ai.rs:53:5
original-mining	Three classes, durable inventory and real WebSocket	2026-10-06T18:31:26.0460926Z    |
original-mining	Three classes, durable inventory and real WebSocket	2026-10-06T18:31:26.0461168Z 53 | use super::skills::crystal_magic_damage;
original-mining	Three classes, durable inventory and real WebSocket	2026-10-06T18:31:26.0461484Z    |     ^^^^^^^^^^^^^^^^^^^^^^^^^^^^^^^^^^^
original-mining	Three classes, durable inventory and real WebSocket	2026-10-06T18:31:26.0461764Z    |
original-mining	Three classes, durable inventory and real WebSocket	2026-10-06T18:31:26.0462011Z    = note: `#[warn(unused_imports)]` on by default
original-mining	Three classes, durable inventory and real WebSocket	2026-10-06T18:31:26.0462257Z 
original-mining	Three classes, durable inventory and real WebSocket	2026-10-06T18:31:26.0466932Z warning: unused import: `hero_registry_scan::validate_shared_hero_physical_custody`
original-mining	Three classes, durable inventory and real WebSocket	2026-10-06T18:31:26.0467602Z   --> apps/simulation/src/runtime/mod.rs:22:16
original-mining	Three classes, durable inventory and real WebSocket	2026-10-06T18:31:26.0467981Z    |
original-mining	Three classes, durable inventory and real WebSocket	2026-10-06T18:31:26.0468352Z 22 | pub(crate) use hero_registry_scan::validate_shared_hero_physical_custody;
original-mining	Three classes, durable inventory and real WebSocket	2026-10-06T18:31:26.0468908Z    |                ^^^^^^^^^^^^^^^^^^^^^^^^^^^^^^^^^^^^^^^^^^^^^^^^^^^^^^^^^
original-mining	Three classes, durable inventory and real WebSocket	2026-10-06T18:31:26.0469233Z 
original-mining	Three classes, durable inventory and real WebSocket	2026-10-06T18:31:26.0476224Z warning: unused import: `HeroInventoryResource`
original-mining	Three classes, durable inventory and real WebSocket	2026-10-06T18:31:26.0476666Z   --> apps/simulation/src/runtime/items.rs:58:19
original-mining	Three classes, durable inventory and real WebSocket	2026-10-06T18:31:26.0477067Z    |
original-mining	Three classes, durable inventory and real WebSocket	2026-10-06T18:31:26.0477491Z 58 |     BuffResource, HeroInventoryResource, InventoryResource, PlayerPermissionResource,
original-mining	Three classes, durable inventory and real WebSocket	2026-10-06T18:31:26.0478079Z    |                   ^^^^^^^^^^^^^^^^^^^^^
original-mining	Three classes, durable inventory and real WebSocket	2026-10-06T18:31:26.0478347Z 
original-mining	Three classes, durable inventory and real WebSocket	2026-10-06T18:31:26.0511921Z warning: unused import: `merged_user_item_stats`
original-mining	Three classes, durable inventory and real WebSocket	2026-10-06T18:31:26.0512358Z   --> apps/simulation/src/runtime/npc.rs:35:72
original-mining	Three classes, durable inventory and real WebSocket	2026-10-06T18:31:26.0512664Z    |
original-mining	Three classes, durable inventory and real WebSocket	2026-10-06T18:31:26.0513173Z 35 |     crystal_item_key_for_template, crystal_item_template_for_item_key, merged_user_item_stats,
original-mining	Three classes, durable inventory and real WebSocket	2026-10-06T18:31:26.0513941Z    |                                                                        ^^^^^^^^^^^^^^^^^^^^^^
original-mining	Three classes, durable inventory and real WebSocket	2026-10-06T18:31:26.0514285Z 
original-mining	Three classes, durable inventory and real WebSocket	2026-10-06T18:31:26.0529694Z warning: unused import: `hero_inventory_crystal_stat_total`
original-mining	Three classes, durable inventory and real WebSocket	2026-10-06T18:31:26.0531818Z   --> apps/simulation/src/runtime/packets.rs:72:22
original-mining	Three classes, durable inventory and real WebSocket	2026-10-06T18:31:26.0532634Z    |
original-mining	Three classes, durable inventory and real WebSocket	2026-10-06T18:31:26.0537963Z 72 | use super::hero_ai::{hero_inventory_crystal_stat_total, hero_inventory_equipment_slots};
original-mining	Three classes, durable inventory and real WebSocket	2026-10-06T18:31:26.0538654Z    |                      ^^^^^^^^^^^^^^^^^^^^^^^^^^^^^^^^^
original-mining	Three classes, durable inventory and real WebSocket	2026-10-06T18:31:26.0538911Z 
original-mining	Three classes, durable inventory and real WebSocket	2026-10-06T18:31:26.0539061Z warning: unused import: `crystal_quest_info_by_id`
original-mining	Three classes, durable inventory and real WebSocket	2026-10-06T18:31:26.0539476Z    --> apps/simulation/src/runtime/packets.rs:108:5
original-mining	Three classes, durable inventory and real WebSocket	2026-10-06T18:31:26.0539817Z     |
original-mining	Three classes, durable inventory and real WebSocket	2026-10-06T18:31:26.0540154Z 108 |     crystal_quest_info_by_id, crystal_quest_reward_selection_missing,
original-mining	Three classes, durable inventory and real WebSocket	2026-10-06T18:31:26.0540551Z     |     ^^^^^^^^^^^^^^^^^^^^^^^^
original-mining	Three classes, durable inventory and real WebSocket	2026-10-06T18:31:26.0540722Z 
original-mining	Three classes, durable inventory and real WebSocket	2026-10-06T18:31:26.0540904Z warning: unused import: `intelligent_creature_default_rules`
original-mining	Three classes, durable inventory and real WebSocket	2026-10-06T18:31:26.0541331Z    --> apps/simulation/src/runtime/packets.rs:125:5
original-mining	Three classes, durable inventory and real WebSocket	2026-10-06T18:31:26.0541658Z     |
original-mining	Three classes, durable inventory and real WebSocket	2026-10-06T18:31:26.0542357Z 125 |     intelligent_creature_default_rules, is_in_world, mark_crystal_packet_action,
original-mining	Three classes, durable inventory and real WebSocket	2026-10-06T18:31:26.0542851Z     |     ^^^^^^^^^^^^^^^^^^^^^^^^^^^^^^^^^^
original-mining	Three classes, durable inventory and real WebSocket	2026-10-06T18:31:26.0543062Z 
original-mining	Three classes, durable inventory and real WebSocket	2026-10-06T18:31:26.0626202Z warning: unused imports: `ZoneExperienceProfile` and `ZoneGuildExperienceMembership`
original-mining	Three classes, durable inventory and real WebSocket	2026-10-06T18:31:26.0626888Z  --> apps/simulation/src/runtime/zone/mod.rs:6:22
original-mining	Three classes, durable inventory and real WebSocket	2026-10-06T18:31:26.0627252Z   |
original-mining	Three classes, durable inventory and real WebSocket	2026-10-06T18:31:26.0627834Z 6 | pub use experience::{ZoneExperienceProfile,ZoneExperienceSelection,ZoneGuildExperienceMembership};
original-mining	Three classes, durable inventory and real WebSocket	2026-10-06T18:31:26.0628573Z   |                      ^^^^^^^^^^^^^^^^^^^^^                         ^^^^^^^^^^^^^^^^^^^^^^^^^^^^^
original-mining	Three classes, durable inventory and real WebSocket	2026-10-06T18:31:26.0628882Z 
original-mining	Three classes, durable inventory and real WebSocket	2026-10-06T18:31:28.9532818Z warning: use of deprecated method `bevy_ecs::world::World::iter_entities`: use world.query::<EntityRef>()` instead
original-mining	Three classes, durable inventory and real WebSocket	2026-10-06T18:31:28.9533357Z   --> apps/simulation/src/runtime/hero_cast.rs:61:22
original-mining	Three classes, durable inventory and real WebSocket	2026-10-06T18:31:28.9533741Z    |
original-mining	Three classes, durable inventory and real WebSocket	2026-10-06T18:31:28.9533938Z 61 |     let target=world.iter_entities().find_map(|entry| {
original-mining	Three classes, durable inventory and real WebSocket	2026-10-06T18:31:28.9534234Z    |                      ^^^^^^^^^^^^^
original-mining	Three classes, durable inventory and real WebSocket	2026-10-06T18:31:28.9534683Z    |
original-mining	Three classes, durable inventory and real WebSocket	2026-10-06T18:31:28.9534856Z    = note: `#[warn(deprecated)]` on by default
original-mining	Three classes, durable inventory and real WebSocket	2026-10-06T18:31:28.9535017Z 
original-mining	Three classes, durable inventory and real WebSocket	2026-10-06T18:31:29.2564751Z warning: use of deprecated method `bevy_ecs::world::World::iter_entities`: use world.query::<EntityRef>()` instead
original-mining	Three classes, durable inventory and real WebSocket	2026-10-06T18:31:29.2565324Z    --> apps/simulation/src/runtime/monster_ai/great_fox_spirit.rs:163:28
original-mining	Three classes, durable inventory and real WebSocket	2026-10-06T18:31:29.2565623Z     |
original-mining	Three classes, durable inventory and real WebSocket	2026-10-06T18:31:29.2565808Z 163 |     for candidate in world.iter_entities() {
original-mining	Three classes, durable inventory and real WebSocket	2026-10-06T18:31:29.2566046Z     |                            ^^^^^^^^^^^^^
original-mining	Three classes, durable inventory and real WebSocket	2026-10-06T18:31:29.2566185Z 
original-mining	Three classes, durable inventory and real WebSocket	2026-10-06T18:31:29.6968661Z warning: use of deprecated method `bevy_ecs::world::World::iter_entities`: use world.query::<EntityRef>()` instead
original-mining	Three classes, durable inventory and real WebSocket	2026-10-06T18:31:29.6969415Z     --> apps/simulation/src/runtime/packets.rs:7894:25
original-mining	Three classes, durable inventory and real WebSocket	2026-10-06T18:31:29.6969765Z      |
original-mining	Three classes, durable inventory and real WebSocket	2026-10-06T18:31:29.6970009Z 7894 |     for entity in world.iter_entities() {
original-mining	Three classes, durable inventory and real WebSocket	2026-10-06T18:31:29.6970389Z      |                         ^^^^^^^^^^^^^
original-mining	Three classes, durable inventory and real WebSocket	2026-10-06T18:31:29.6970625Z 
original-mining	Three classes, durable inventory and real WebSocket	2026-10-06T18:31:30.0702343Z warning: use of deprecated method `bevy_ecs::world::World::iter_entities`: use world.query::<EntityRef>()` instead
original-mining	Three classes, durable inventory and real WebSocket	2026-10-06T18:31:30.0703111Z    --> apps/simulation/src/runtime/session.rs:772:14
original-mining	Three classes, durable inventory and real WebSocket	2026-10-06T18:31:30.0703469Z     |
original-mining	Three classes, durable inventory and real WebSocket	2026-10-06T18:31:30.0703863Z 772 |             .iter_entities()
original-mining	Three classes, durable inventory and real WebSocket	2026-10-06T18:31:30.0704152Z     |              ^^^^^^^^^^^^^
original-mining	Three classes, durable inventory and real WebSocket	2026-10-06T18:31:30.0704329Z 
original-mining	Three classes, durable inventory and real WebSocket	2026-10-06T18:31:30.2446770Z warning: use of deprecated method `bevy_ecs::world::World::iter_entities`: use world.query::<EntityRef>()` instead
original-mining	Three classes, durable inventory and real WebSocket	2026-10-06T18:31:30.2447556Z     --> apps/simulation/src/runtime/skills.rs:5017:10
original-mining	Three classes, durable inventory and real WebSocket	2026-10-06T18:31:30.2447926Z      |
original-mining	Three classes, durable inventory and real WebSocket	2026-10-06T18:31:30.2448153Z 5017 |         .iter_entities()
original-mining	Three classes, durable inventory and real WebSocket	2026-10-06T18:31:30.2448433Z      |          ^^^^^^^^^^^^^
original-mining	Three classes, durable inventory and real WebSocket	2026-10-06T18:31:30.2448620Z 
original-mining	Three classes, durable inventory and real WebSocket	2026-10-06T18:31:30.2463304Z warning: use of deprecated method `bevy_ecs::world::World::iter_entities`: use world.query::<EntityRef>()` instead
original-mining	Three classes, durable inventory and real WebSocket	2026-10-06T18:31:30.2464304Z     --> apps/simulation/src/runtime/skills.rs:5100:10
original-mining	Three classes, durable inventory and real WebSocket	2026-10-06T18:31:30.2464679Z      |
original-mining	Three classes, durable inventory and real WebSocket	2026-10-06T18:31:30.2464861Z 5100 |         .iter_entities()
original-mining	Three classes, durable inventory and real WebSocket	2026-10-06T18:31:30.2465065Z      |          ^^^^^^^^^^^^^
original-mining	Three classes, durable inventory and real WebSocket	2026-10-06T18:31:30.2465189Z 
original-mining	Three classes, durable inventory and real WebSocket	2026-10-06T18:31:39.4941485Z warning: type `HeroSourceVersions` is more private than the item `config::AccountStoreRepositorySave::heroes`
original-mining	Three classes, durable inventory and real WebSocket	2026-10-06T18:31:39.4942250Z    --> apps/simulation/src/config.rs:912:5
original-mining	Three classes, durable inventory and real WebSocket	2026-10-06T18:31:39.4942572Z     |
original-mining	Three classes, durable inventory and real WebSocket	2026-10-06T18:31:39.4942880Z 912 |     pub(crate) heroes: hero_registry::HeroSourceVersions,
original-mining	Three classes, durable inventory and real WebSocket	2026-10-06T18:31:39.4943836Z     |     ^^^^^^^^^^^^^^^^^^^^^^^^^^^^^^^^^^^^^^^^^^^^^^^^^^^^ field `config::AccountStoreRepositorySave::heroes` is reachable at visibility `pub(crate)`
original-mining	Three classes, durable inventory and real WebSocket	2026-10-06T18:31:39.4944359Z     |
original-mining	Three classes, durable inventory and real WebSocket	2026-10-06T18:31:39.4944636Z note: but type `HeroSourceVersions` is only usable at visibility `pub(in crate::config)`
original-mining	Three classes, durable inventory and real WebSocket	2026-10-06T18:31:39.4945289Z    --> apps/simulation/src/config_hero_registry.rs:93:1
original-mining	Three classes, durable inventory and real WebSocket	2026-10-06T18:31:39.4945531Z     |
original-mining	Three classes, durable inventory and real WebSocket	2026-10-06T18:31:39.4945706Z 93  | pub(super) struct HeroSourceVersions {
original-mining	Three classes, durable inventory and real WebSocket	2026-10-06T18:31:39.4945938Z     | ^^^^^^^^^^^^^^^^^^^^^^^^^^^^^^^^^^^^
original-mining	Three classes, durable inventory and real WebSocket	2026-10-06T18:31:39.4946170Z     = note: `#[warn(private_interfaces)]` on by default
original-mining	Three classes, durable inventory and real WebSocket	2026-10-06T18:31:39.4946338Z 
original-mining	Three classes, durable inventory and real WebSocket	2026-10-06T18:31:39.5001685Z warning: type `ZoneCombatEntityRef` is more private than the item `tree_queen_ai::TreeQueenRoot::source_ref`
original-mining	Three classes, durable inventory and real WebSocket	2026-10-06T18:31:39.5002562Z   --> apps/simulation/src/runtime/zone/runtime/tree_queen_ai.rs:39:5
original-mining	Three classes, durable inventory and real WebSocket	2026-10-06T18:31:39.5002953Z    |
original-mining	Three classes, durable inventory and real WebSocket	2026-10-06T18:31:39.5003226Z 39 |     pub source_ref: Option<ZoneCombatEntityRef>,
original-mining	Three classes, durable inventory and real WebSocket	2026-10-06T18:31:39.5003991Z    |     ^^^^^^^^^^^^^^^^^^^^^^^^^^^^^^^^^^^^^^^^^^^ field `tree_queen_ai::TreeQueenRoot::source_ref` is reachable at visibility `pub(in crate::runtime::zone)`
original-mining	Three classes, durable inventory and real WebSocket	2026-10-06T18:31:39.5004578Z    |
original-mining	Three classes, durable inventory and real WebSocket	2026-10-06T18:31:39.5005024Z note: but type `ZoneCombatEntityRef` is only usable at visibility `pub(in crate::runtime::zone::runtime)`
original-mining	Three classes, durable inventory and real WebSocket	2026-10-06T18:31:39.5005729Z   --> apps/simulation/src/runtime/zone/runtime/entity_combat.rs:7:1
original-mining	Three classes, durable inventory and real WebSocket	2026-10-06T18:31:39.5006420Z    |
original-mining	Three classes, durable inventory and real WebSocket	2026-10-06T18:31:39.5006665Z 7  | pub(super) enum ZoneCombatEntityRef {
original-mining	Three classes, durable inventory and real WebSocket	2026-10-06T18:31:39.5006999Z    | ^^^^^^^^^^^^^^^^^^^^^^^^^^^^^^^^^^^
original-mining	Three classes, durable inventory and real WebSocket	2026-10-06T18:31:39.5007201Z 
original-mining	Three classes, durable inventory and real WebSocket	2026-10-06T18:31:39.5007526Z warning: type `ZoneCombatEntityRef` is more private than the item `EvilMirState::target_ref`
original-mining	Three classes, durable inventory and real WebSocket	2026-10-06T18:31:39.5008159Z   --> apps/simulation/src/runtime/zone/runtime/evil_mir_ai.rs:11:5
original-mining	Three classes, durable inventory and real WebSocket	2026-10-06T18:31:39.5008509Z    |
original-mining	Three classes, durable inventory and real WebSocket	2026-10-06T18:31:39.5008694Z 11 |     pub target_ref: Option<ZoneCombatEntityRef>,
original-mining	Three classes, durable inventory and real WebSocket	2026-10-06T18:31:39.5009105Z    |     ^^^^^^^^^^^^^^^^^^^^^^^^^^^^^^^^^^^^^^^^^^^ field `EvilMirState::target_ref` is reachable at visibility `pub(in crate::runtime::zone)`
original-mining	Three classes, durable inventory and real WebSocket	2026-10-06T18:31:39.5009460Z    |
original-mining	Three classes, durable inventory and real WebSocket	2026-10-06T18:31:39.5009759Z note: but type `ZoneCombatEntityRef` is only usable at visibility `pub(in crate::runtime::zone::runtime)`
original-mining	Three classes, durable inventory and real WebSocket	2026-10-06T18:31:39.5010178Z   --> apps/simulation/src/runtime/zone/runtime/entity_combat.rs:7:1
original-mining	Three classes, durable inventory and real WebSocket	2026-10-06T18:31:39.5010519Z    |
original-mining	Three classes, durable inventory and real WebSocket	2026-10-06T18:31:39.5010759Z 7  | pub(super) enum ZoneCombatEntityRef {
original-mining	Three classes, durable inventory and real WebSocket	2026-10-06T18:31:39.5011085Z    | ^^^^^^^^^^^^^^^^^^^^^^^^^^^^^^^^^^^
original-mining	Three classes, durable inventory and real WebSocket	2026-10-06T18:31:39.5011288Z 
original-mining	Three classes, durable inventory and real WebSocket	2026-10-06T18:31:39.5011629Z warning: type `ZoneCombatEntityRef` is more private than the item `EvilMirPendingSource::source`
original-mining	Three classes, durable inventory and real WebSocket	2026-10-06T18:31:39.5012289Z   --> apps/simulation/src/runtime/zone/runtime/evil_mir_ai.rs:20:5
original-mining	Three classes, durable inventory and real WebSocket	2026-10-06T18:31:39.5012707Z    |
original-mining	Three classes, durable inventory and real WebSocket	2026-10-06T18:31:39.5012944Z 20 |     pub source: ZoneCombatEntityRef,
original-mining	Three classes, durable inventory and real WebSocket	2026-10-06T18:31:39.5013666Z    |     ^^^^^^^^^^^^^^^^^^^^^^^^^^^^^^^ field `EvilMirPendingSource::source` is reachable at visibility `pub(in crate::runtime::zone)`
original-mining	Three classes, durable inventory and real WebSocket	2026-10-06T18:31:39.5014092Z    |
original-mining	Three classes, durable inventory and real WebSocket	2026-10-06T18:31:39.5014406Z note: but type `ZoneCombatEntityRef` is only usable at visibility `pub(in crate::runtime::zone::runtime)`
original-mining	Three classes, durable inventory and real WebSocket	2026-10-06T18:31:39.5014856Z   --> apps/simulation/src/runtime/zone/runtime/entity_combat.rs:7:1
original-mining	Three classes, durable inventory and real WebSocket	2026-10-06T18:31:39.5015129Z    |
original-mining	Three classes, durable inventory and real WebSocket	2026-10-06T18:31:39.5015305Z 7  | pub(super) enum ZoneCombatEntityRef {
original-mining	Three classes, durable inventory and real WebSocket	2026-10-06T18:31:39.5015601Z    | ^^^^^^^^^^^^^^^^^^^^^^^^^^^^^^^^^^^
original-mining	Three classes, durable inventory and real WebSocket	2026-10-06T18:31:39.5015809Z 
original-mining	Three classes, durable inventory and real WebSocket	2026-10-06T18:31:39.5016156Z warning: type `ZoneCombatEntityRef` is more private than the item `GreatFoxState::target_ref`
original-mining	Three classes, durable inventory and real WebSocket	2026-10-06T18:31:39.5016716Z   --> apps/simulation/src/runtime/zone/runtime/great_fox_ai.rs:15:5
original-mining	Three classes, durable inventory and real WebSocket	2026-10-06T18:31:39.5016979Z    |
original-mining	Three classes, durable inventory and real WebSocket	2026-10-06T18:31:39.5017161Z 15 |     pub target_ref: Option<ZoneCombatEntityRef>,
original-mining	Three classes, durable inventory and real WebSocket	2026-10-06T18:31:39.5017574Z    |     ^^^^^^^^^^^^^^^^^^^^^^^^^^^^^^^^^^^^^^^^^^^ field `GreatFoxState::target_ref` is reachable at visibility `pub(in crate::runtime::zone)`
original-mining	Three classes, durable inventory and real WebSocket	2026-10-06T18:31:39.5017936Z    |
original-mining	Three classes, durable inventory and real WebSocket	2026-10-06T18:31:39.5018243Z note: but type `ZoneCombatEntityRef` is only usable at visibility `pub(in crate::runtime::zone::runtime)`
original-mining	Three classes, durable inventory and real WebSocket	2026-10-06T18:31:39.5018660Z   --> apps/simulation/src/runtime/zone/runtime/entity_combat.rs:7:1
original-mining	Three classes, durable inventory and real WebSocket	2026-10-06T18:31:39.5019071Z    |
original-mining	Three classes, durable inventory and real WebSocket	2026-10-06T18:31:39.5019240Z 7  | pub(super) enum ZoneCombatEntityRef {
original-mining	Three classes, durable inventory and real WebSocket	2026-10-06T18:31:39.5019462Z    | ^^^^^^^^^^^^^^^^^^^^^^^^^^^^^^^^^^^
original-mining	Three classes, durable inventory and real WebSocket	2026-10-06T18:31:39.5019595Z 
original-mining	Three classes, durable inventory and real WebSocket	2026-10-06T18:31:39.5019793Z warning: type `ZoneCombatEntityRef` is more private than the item `GreatFoxHit::source_ref`
original-mining	Three classes, durable inventory and real WebSocket	2026-10-06T18:31:39.5020183Z   --> apps/simulation/src/runtime/zone/runtime/great_fox_ai.rs:42:5
original-mining	Three classes, durable inventory and real WebSocket	2026-10-06T18:31:39.5020437Z    |
original-mining	Three classes, durable inventory and real WebSocket	2026-10-06T18:31:39.5020615Z 42 |     pub source_ref: Option<ZoneCombatEntityRef>,
original-mining	Three classes, durable inventory and real WebSocket	2026-10-06T18:31:39.5021024Z    |     ^^^^^^^^^^^^^^^^^^^^^^^^^^^^^^^^^^^^^^^^^^^ field `GreatFoxHit::source_ref` is reachable at visibility `pub(in crate::runtime::zone)`
original-mining	Three classes, durable inventory and real WebSocket	2026-10-06T18:31:39.5021380Z    |
original-mining	Three classes, durable inventory and real WebSocket	2026-10-06T18:31:39.5021676Z note: but type `ZoneCombatEntityRef` is only usable at visibility `pub(in crate::runtime::zone::runtime)`
original-mining	Three classes, durable inventory and real WebSocket	2026-10-06T18:31:39.5022088Z   --> apps/simulation/src/runtime/zone/runtime/entity_combat.rs:7:1
original-mining	Three classes, durable inventory and real WebSocket	2026-10-06T18:31:39.5022345Z    |
original-mining	Three classes, durable inventory and real WebSocket	2026-10-06T18:31:39.5022504Z 7  | pub(super) enum ZoneCombatEntityRef {
original-mining	Three classes, durable inventory and real WebSocket	2026-10-06T18:31:39.5022712Z    | ^^^^^^^^^^^^^^^^^^^^^^^^^^^^^^^^^^^
original-mining	Three classes, durable inventory and real WebSocket	2026-10-06T18:31:39.5022942Z 
original-mining	Three classes, durable inventory and real WebSocket	2026-10-06T18:31:39.5023128Z warning: type `ZoneCombatEntityRef` is more private than the item `GreatFoxHit::target_ref`
original-mining	Three classes, durable inventory and real WebSocket	2026-10-06T18:31:39.5023654Z   --> apps/simulation/src/runtime/zone/runtime/great_fox_ai.rs:44:5
original-mining	Three classes, durable inventory and real WebSocket	2026-10-06T18:31:39.5023936Z    |
original-mining	Three classes, durable inventory and real WebSocket	2026-10-06T18:31:39.5024108Z 44 |     pub target_ref: Option<ZoneCombatEntityRef>,
original-mining	Three classes, durable inventory and real WebSocket	2026-10-06T18:31:39.5024714Z    |     ^^^^^^^^^^^^^^^^^^^^^^^^^^^^^^^^^^^^^^^^^^^ field `GreatFoxHit::target_ref` is reachable at visibility `pub(in crate::runtime::zone)`
original-mining	Three classes, durable inventory and real WebSocket	2026-10-06T18:31:39.5025280Z    |
original-mining	Three classes, durable inventory and real WebSocket	2026-10-06T18:31:39.5025742Z note: but type `ZoneCombatEntityRef` is only usable at visibility `pub(in crate::runtime::zone::runtime)`
original-mining	Three classes, durable inventory and real WebSocket	2026-10-06T18:31:39.5026416Z   --> apps/simulation/src/runtime/zone/runtime/entity_combat.rs:7:1
original-mining	Three classes, durable inventory and real WebSocket	2026-10-06T18:31:39.5026821Z    |
original-mining	Three classes, durable inventory and real WebSocket	2026-10-06T18:31:39.5027059Z 7  | pub(super) enum ZoneCombatEntityRef {
original-mining	Three classes, durable inventory and real WebSocket	2026-10-06T18:31:39.5027400Z    | ^^^^^^^^^^^^^^^^^^^^^^^^^^^^^^^^^^^
original-mining	Three classes, durable inventory and real WebSocket	2026-10-06T18:31:39.5027603Z 
original-mining	Three classes, durable inventory and real WebSocket	2026-10-06T18:31:39.5027955Z warning: type `ZoneCombatEntityRef` is more private than the item `HornedEncounterState::target_ref`
original-mining	Three classes, durable inventory and real WebSocket	2026-10-06T18:31:39.5028670Z   --> apps/simulation/src/runtime/zone/runtime/horned_encounter_ai.rs:12:5
original-mining	Three classes, durable inventory and real WebSocket	2026-10-06T18:31:39.5029102Z    |
original-mining	Three classes, durable inventory and real WebSocket	2026-10-06T18:31:39.5029360Z 12 |     pub target_ref: Option<ZoneCombatEntityRef>,
original-mining	Three classes, durable inventory and real WebSocket	2026-10-06T18:31:39.5030003Z    |     ^^^^^^^^^^^^^^^^^^^^^^^^^^^^^^^^^^^^^^^^^^^ field `HornedEncounterState::target_ref` is reachable at visibility `pub(in crate::runtime::zone)`
original-mining	Three classes, durable inventory and real WebSocket	2026-10-06T18:31:39.5030605Z    |
original-mining	Three classes, durable inventory and real WebSocket	2026-10-06T18:31:39.5031077Z note: but type `ZoneCombatEntityRef` is only usable at visibility `pub(in crate::runtime::zone::runtime)`
original-mining	Three classes, durable inventory and real WebSocket	2026-10-06T18:31:39.5031751Z   --> apps/simulation/src/runtime/zone/runtime/entity_combat.rs:7:1
original-mining	Three classes, durable inventory and real WebSocket	2026-10-06T18:31:39.5032176Z    |
original-mining	Three classes, durable inventory and real WebSocket	2026-10-06T18:31:39.5032426Z 7  | pub(super) enum ZoneCombatEntityRef {
original-mining	Three classes, durable inventory and real WebSocket	2026-10-06T18:31:39.5032765Z    | ^^^^^^^^^^^^^^^^^^^^^^^^^^^^^^^^^^^
original-mining	Three classes, durable inventory and real WebSocket	2026-10-06T18:31:39.5032973Z 
original-mining	Three classes, durable inventory and real WebSocket	2026-10-06T18:31:39.5033312Z warning: type `ZoneCombatEntityRef` is more private than the item `HornedEncounterHit::source_ref`
original-mining	Three classes, durable inventory and real WebSocket	2026-10-06T18:31:39.5034117Z   --> apps/simulation/src/runtime/zone/runtime/horned_encounter_ai.rs:38:5
original-mining	Three classes, durable inventory and real WebSocket	2026-10-06T18:31:39.5034402Z    |
original-mining	Three classes, durable inventory and real WebSocket	2026-10-06T18:31:39.5034578Z 38 |     pub source_ref: Option<ZoneCombatEntityRef>,
original-mining	Three classes, durable inventory and real WebSocket	2026-10-06T18:31:39.5034993Z    |     ^^^^^^^^^^^^^^^^^^^^^^^^^^^^^^^^^^^^^^^^^^^ field `HornedEncounterHit::source_ref` is reachable at visibility `pub(in crate::runtime::zone)`
original-mining	Three classes, durable inventory and real WebSocket	2026-10-06T18:31:39.5035369Z    |
original-mining	Three classes, durable inventory and real WebSocket	2026-10-06T18:31:39.5035660Z note: but type `ZoneCombatEntityRef` is only usable at visibility `pub(in crate::runtime::zone::runtime)`
original-mining	Three classes, durable inventory and real WebSocket	2026-10-06T18:31:39.5036072Z   --> apps/simulation/src/runtime/zone/runtime/entity_combat.rs:7:1
original-mining	Three classes, durable inventory and real WebSocket	2026-10-06T18:31:39.5036323Z    |
original-mining	Three classes, durable inventory and real WebSocket	2026-10-06T18:31:39.5036482Z 7  | pub(super) enum ZoneCombatEntityRef {
original-mining	Three classes, durable inventory and real WebSocket	2026-10-06T18:31:39.5036849Z    | ^^^^^^^^^^^^^^^^^^^^^^^^^^^^^^^^^^^
original-mining	Three classes, durable inventory and real WebSocket	2026-10-06T18:31:39.5036978Z 
original-mining	Three classes, durable inventory and real WebSocket	2026-10-06T18:31:39.5037192Z warning: type `ZoneCombatEntityRef` is more private than the item `HornedEncounterHit::target_ref`
original-mining	Three classes, durable inventory and real WebSocket	2026-10-06T18:31:39.5037610Z   --> apps/simulation/src/runtime/zone/runtime/horned_encounter_ai.rs:41:5
original-mining	Three classes, durable inventory and real WebSocket	2026-10-06T18:31:39.5037884Z    |
original-mining	Three classes, durable inventory and real WebSocket	2026-10-06T18:31:39.5038057Z 41 |     pub target_ref: Option<ZoneCombatEntityRef>,
original-mining	Three classes, durable inventory and real WebSocket	2026-10-06T18:31:39.5038460Z    |     ^^^^^^^^^^^^^^^^^^^^^^^^^^^^^^^^^^^^^^^^^^^ field `HornedEncounterHit::target_ref` is reachable at visibility `pub(in crate::runtime::zone)`
original-mining	Three classes, durable inventory and real WebSocket	2026-10-06T18:31:39.5038829Z    |
original-mining	Three classes, durable inventory and real WebSocket	2026-10-06T18:31:39.5039132Z note: but type `ZoneCombatEntityRef` is only usable at visibility `pub(in crate::runtime::zone::runtime)`
original-mining	Three classes, durable inventory and real WebSocket	2026-10-06T18:31:39.5039570Z   --> apps/simulation/src/runtime/zone/runtime/entity_combat.rs:7:1
original-mining	Three classes, durable inventory and real WebSocket	2026-10-06T18:31:39.5039827Z    |
original-mining	Three classes, durable inventory and real WebSocket	2026-10-06T18:31:39.5039988Z 7  | pub(super) enum ZoneCombatEntityRef {
original-mining	Three classes, durable inventory and real WebSocket	2026-10-06T18:31:39.5040200Z    | ^^^^^^^^^^^^^^^^^^^^^^^^^^^^^^^^^^^
original-mining	Three classes, durable inventory and real WebSocket	2026-10-06T18:31:39.5040326Z 
original-mining	Three classes, durable inventory and real WebSocket	2026-10-06T18:31:39.5040534Z warning: type `ZoneCombatEntityRef` is more private than the item `HornedMapSpell::source_ref`
original-mining	Three classes, durable inventory and real WebSocket	2026-10-06T18:31:39.5041048Z   --> apps/simulation/src/runtime/zone/runtime/horned_encounter_ai.rs:60:5
original-mining	Three classes, durable inventory and real WebSocket	2026-10-06T18:31:39.5041327Z    |
original-mining	Three classes, durable inventory and real WebSocket	2026-10-06T18:31:39.5041507Z 60 |     pub source_ref: Option<ZoneCombatEntityRef>,
original-mining	Three classes, durable inventory and real WebSocket	2026-10-06T18:31:39.5041916Z    |     ^^^^^^^^^^^^^^^^^^^^^^^^^^^^^^^^^^^^^^^^^^^ field `HornedMapSpell::source_ref` is reachable at visibility `pub(in crate::runtime::zone)`
original-mining	Three classes, durable inventory and real WebSocket	2026-10-06T18:31:39.5042284Z    |
original-mining	Three classes, durable inventory and real WebSocket	2026-10-06T18:31:39.5042579Z note: but type `ZoneCombatEntityRef` is only usable at visibility `pub(in crate::runtime::zone::runtime)`
original-mining	Three classes, durable inventory and real WebSocket	2026-10-06T18:31:39.5042995Z   --> apps/simulation/src/runtime/zone/runtime/entity_combat.rs:7:1
original-mining	Three classes, durable inventory and real WebSocket	2026-10-06T18:31:39.5043254Z    |
original-mining	Three classes, durable inventory and real WebSocket	2026-10-06T18:31:39.5043414Z 7  | pub(super) enum ZoneCombatEntityRef {
original-mining	Three classes, durable inventory and real WebSocket	2026-10-06T18:31:39.5043777Z    | ^^^^^^^^^^^^^^^^^^^^^^^^^^^^^^^^^^^
original-mining	Three classes, durable inventory and real WebSocket	2026-10-06T18:31:39.5043916Z 
original-mining	Three classes, durable inventory and real WebSocket	2026-10-06T18:31:39.5044139Z warning: type `ZoneCombatEntityRef` is more private than the item `HornedState::target_ref`
original-mining	Three classes, durable inventory and real WebSocket	2026-10-06T18:31:39.5044534Z   --> apps/simulation/src/runtime/zone/runtime/horned_ai.rs:14:5
original-mining	Three classes, durable inventory and real WebSocket	2026-10-06T18:31:39.5044784Z    |
original-mining	Three classes, durable inventory and real WebSocket	2026-10-06T18:31:39.5044964Z 14 |     pub target_ref: Option<ZoneCombatEntityRef>,
original-mining	Three classes, durable inventory and real WebSocket	2026-10-06T18:31:39.5045360Z    |     ^^^^^^^^^^^^^^^^^^^^^^^^^^^^^^^^^^^^^^^^^^^ field `HornedState::target_ref` is reachable at visibility `pub(in crate::runtime::zone)`
original-mining	Three classes, durable inventory and real WebSocket	2026-10-06T18:31:39.5045716Z    |
original-mining	Three classes, durable inventory and real WebSocket	2026-10-06T18:31:39.5046011Z note: but type `ZoneCombatEntityRef` is only usable at visibility `pub(in crate::runtime::zone::runtime)`
original-mining	Three classes, durable inventory and real WebSocket	2026-10-06T18:31:39.5046423Z   --> apps/simulation/src/runtime/zone/runtime/entity_combat.rs:7:1
original-mining	Three classes, durable inventory and real WebSocket	2026-10-06T18:31:39.5046685Z    |
original-mining	Three classes, durable inventory and real WebSocket	2026-10-06T18:31:39.5046846Z 7  | pub(super) enum ZoneCombatEntityRef {
original-mining	Three classes, durable inventory and real WebSocket	2026-10-06T18:31:39.5047054Z    | ^^^^^^^^^^^^^^^^^^^^^^^^^^^^^^^^^^^
original-mining	Three classes, durable inventory and real WebSocket	2026-10-06T18:31:39.5047179Z 
original-mining	Three classes, durable inventory and real WebSocket	2026-10-06T18:31:39.5047373Z warning: type `ZoneCombatEntityRef` is more private than the item `HornedHit::source_ref`
original-mining	Three classes, durable inventory and real WebSocket	2026-10-06T18:31:39.5047753Z   --> apps/simulation/src/runtime/zone/runtime/horned_ai.rs:28:5
original-mining	Three classes, durable inventory and real WebSocket	2026-10-06T18:31:39.5047999Z    |
original-mining	Three classes, durable inventory and real WebSocket	2026-10-06T18:31:39.5048167Z 28 |     pub source_ref: Option<ZoneCombatEntityRef>,
original-mining	Three classes, durable inventory and real WebSocket	2026-10-06T18:31:39.5048545Z    |     ^^^^^^^^^^^^^^^^^^^^^^^^^^^^^^^^^^^^^^^^^^^ field `HornedHit::source_ref` is reachable at visibility `pub(in crate::runtime::zone)`
original-mining	Three classes, durable inventory and real WebSocket	2026-10-06T18:31:39.5048891Z    |
original-mining	Three classes, durable inventory and real WebSocket	2026-10-06T18:31:39.5049183Z note: but type `ZoneCombatEntityRef` is only usable at visibility `pub(in crate::runtime::zone::runtime)`
original-mining	Three classes, durable inventory and real WebSocket	2026-10-06T18:31:39.5049592Z   --> apps/simulation/src/runtime/zone/runtime/entity_combat.rs:7:1
original-mining	Three classes, durable inventory and real WebSocket	2026-10-06T18:31:39.5049842Z    |
original-mining	Three classes, durable inventory and real WebSocket	2026-10-06T18:31:39.5049998Z 7  | pub(super) enum ZoneCombatEntityRef {
original-mining	Three classes, durable inventory and real WebSocket	2026-10-06T18:31:39.5050203Z    | ^^^^^^^^^^^^^^^^^^^^^^^^^^^^^^^^^^^
original-mining	Three classes, durable inventory and real WebSocket	2026-10-06T18:31:39.5050331Z 
original-mining	Three classes, durable inventory and real WebSocket	2026-10-06T18:31:39.5050512Z warning: type `ZoneCombatEntityRef` is more private than the item `HornedHit::target_ref`
original-mining	Three classes, durable inventory and real WebSocket	2026-10-06T18:31:39.5051014Z   --> apps/simulation/src/runtime/zone/runtime/horned_ai.rs:30:5
original-mining	Three classes, durable inventory and real WebSocket	2026-10-06T18:31:39.5051268Z    |
original-mining	Three classes, durable inventory and real WebSocket	2026-10-06T18:31:39.5051441Z 30 |     pub target_ref: Option<ZoneCombatEntityRef>,
original-mining	Three classes, durable inventory and real WebSocket	2026-10-06T18:31:39.5051822Z    |     ^^^^^^^^^^^^^^^^^^^^^^^^^^^^^^^^^^^^^^^^^^^ field `HornedHit::target_ref` is reachable at visibility `pub(in crate::runtime::zone)`
original-mining	Three classes, durable inventory and real WebSocket	2026-10-06T18:31:39.5052166Z    |
original-mining	Three classes, durable inventory and real WebSocket	2026-10-06T18:31:39.5052454Z note: but type `ZoneCombatEntityRef` is only usable at visibility `pub(in crate::runtime::zone::runtime)`
original-mining	Three classes, durable inventory and real WebSocket	2026-10-06T18:31:39.5052863Z   --> apps/simulation/src/runtime/zone/runtime/entity_combat.rs:7:1
original-mining	Three classes, durable inventory and real WebSocket	2026-10-06T18:31:39.5053114Z    |
original-mining	Three classes, durable inventory and real WebSocket	2026-10-06T18:31:39.5053271Z 7  | pub(super) enum ZoneCombatEntityRef {
original-mining	Three classes, durable inventory and real WebSocket	2026-10-06T18:31:39.5053477Z    | ^^^^^^^^^^^^^^^^^^^^^^^^^^^^^^^^^^^
original-mining	Three classes, durable inventory and real WebSocket	2026-10-06T18:31:39.5053783Z 
original-mining	Three classes, durable inventory and real WebSocket	2026-10-06T18:31:39.5054005Z warning: type `ZoneCombatEntityRef` is more private than the item `HellState::explosion_source_ref`
original-mining	Three classes, durable inventory and real WebSocket	2026-10-06T18:31:39.5054426Z   --> apps/simulation/src/runtime/zone/runtime/hell_ai.rs:14:5
original-mining	Three classes, durable inventory and real WebSocket	2026-10-06T18:31:39.5054776Z    |
original-mining	Three classes, durable inventory and real WebSocket	2026-10-06T18:31:39.5054969Z 14 |     pub explosion_source_ref: Option<ZoneCombatEntityRef>,
original-mining	Three classes, durable inventory and real WebSocket	2026-10-06T18:31:39.5055413Z    |     ^^^^^^^^^^^^^^^^^^^^^^^^^^^^^^^^^^^^^^^^^^^^^^^^^^^^^ field `HellState::explosion_source_ref` is reachable at visibility `pub(in crate::runtime::zone)`
original-mining	Three classes, durable inventory and real WebSocket	2026-10-06T18:31:39.5055794Z    |
original-mining	Three classes, durable inventory and real WebSocket	2026-10-06T18:31:39.5056079Z note: but type `ZoneCombatEntityRef` is only usable at visibility `pub(in crate::runtime::zone::runtime)`
original-mining	Three classes, durable inventory and real WebSocket	2026-10-06T18:31:39.5056485Z   --> apps/simulation/src/runtime/zone/runtime/entity_combat.rs:7:1
original-mining	Three classes, durable inventory and real WebSocket	2026-10-06T18:31:39.5056739Z    |
original-mining	Three classes, durable inventory and real WebSocket	2026-10-06T18:31:39.5056895Z 7  | pub(super) enum ZoneCombatEntityRef {
original-mining	Three classes, durable inventory and real WebSocket	2026-10-06T18:31:39.5057105Z    | ^^^^^^^^^^^^^^^^^^^^^^^^^^^^^^^^^^^
original-mining	Three classes, durable inventory and real WebSocket	2026-10-06T18:31:39.5057228Z 
original-mining	Three classes, durable inventory and real WebSocket	2026-10-06T18:31:39.5057430Z warning: type `ZoneCombatEntityRef` is more private than the item `SpiderAiState::parent_ref`
original-mining	Three classes, durable inventory and real WebSocket	2026-10-06T18:31:39.5057823Z   --> apps/simulation/src/runtime/zone/runtime/spider_ai.rs:40:5
original-mining	Three classes, durable inventory and real WebSocket	2026-10-06T18:31:39.5058076Z    |
original-mining	Three classes, durable inventory and real WebSocket	2026-10-06T18:31:39.5058248Z 40 |     pub parent_ref: Option<ZoneCombatEntityRef>,
original-mining	Three classes, durable inventory and real WebSocket	2026-10-06T18:31:39.5058682Z    |     ^^^^^^^^^^^^^^^^^^^^^^^^^^^^^^^^^^^^^^^^^^^ field `SpiderAiState::parent_ref` is reachable at visibility `pub(in crate::runtime::zone)`
original-mining	Three classes, durable inventory and real WebSocket	2026-10-06T18:31:39.5059043Z    |
original-mining	Three classes, durable inventory and real WebSocket	2026-10-06T18:31:39.5059336Z note: but type `ZoneCombatEntityRef` is only usable at visibility `pub(in crate::runtime::zone::runtime)`
original-mining	Three classes, durable inventory and real WebSocket	2026-10-06T18:31:39.5059752Z   --> apps/simulation/src/runtime/zone/runtime/entity_combat.rs:7:1
original-mining	Three classes, durable inventory and real WebSocket	2026-10-06T18:31:39.5060004Z    |
original-mining	Three classes, durable inventory and real WebSocket	2026-10-06T18:31:39.5060160Z 7  | pub(super) enum ZoneCombatEntityRef {
original-mining	Three classes, durable inventory and real WebSocket	2026-10-06T18:31:39.5060366Z    | ^^^^^^^^^^^^^^^^^^^^^^^^^^^^^^^^^^^
original-mining	Three classes, durable inventory and real WebSocket	2026-10-06T18:31:39.5060489Z 
original-mining	Three classes, durable inventory and real WebSocket	2026-10-06T18:31:39.5060705Z warning: type `ZoneCombatEntityRef` is more private than the item `PendingRootSpiderSpawn::source`
original-mining	Three classes, durable inventory and real WebSocket	2026-10-06T18:31:39.5061103Z   --> apps/simulation/src/runtime/zone/runtime/spider_ai.rs:52:5
original-mining	Three classes, durable inventory and real WebSocket	2026-10-06T18:31:39.5061355Z    |
original-mining	Three classes, durable inventory and real WebSocket	2026-10-06T18:31:39.5061522Z 52 |     pub source: Option<ZoneCombatEntityRef>,
original-mining	Three classes, durable inventory and real WebSocket	2026-10-06T18:31:39.5061936Z    |     ^^^^^^^^^^^^^^^^^^^^^^^^^^^^^^^^^^^^^^^ field `PendingRootSpiderSpawn::source` is reachable at visibility `pub(in crate::runtime::zone)`
original-mining	Three classes, durable inventory and real WebSocket	2026-10-06T18:31:39.5062316Z    |
original-mining	Three classes, durable inventory and real WebSocket	2026-10-06T18:31:39.5062606Z note: but type `ZoneCombatEntityRef` is only usable at visibility `pub(in crate::runtime::zone::runtime)`
original-mining	Three classes, durable inventory and real WebSocket	2026-10-06T18:31:39.5063022Z   --> apps/simulation/src/runtime/zone/runtime/entity_combat.rs:7:1
original-mining	Three classes, durable inventory and real WebSocket	2026-10-06T18:31:39.5063295Z    |
original-mining	Three classes, durable inventory and real WebSocket	2026-10-06T18:31:39.5063457Z 7  | pub(super) enum ZoneCombatEntityRef {
original-mining	Three classes, durable inventory and real WebSocket	2026-10-06T18:31:39.5063819Z    | ^^^^^^^^^^^^^^^^^^^^^^^^^^^^^^^^^^^
original-mining	Three classes, durable inventory and real WebSocket	2026-10-06T18:31:39.5063952Z 
original-mining	Three classes, durable inventory and real WebSocket	2026-10-06T18:31:39.5064169Z warning: type `ZoneCombatEntityRef` is more private than the item `PendingRootSpiderSpawn::target`
original-mining	Three classes, durable inventory and real WebSocket	2026-10-06T18:31:39.5064580Z   --> apps/simulation/src/runtime/zone/runtime/spider_ai.rs:54:5
original-mining	Three classes, durable inventory and real WebSocket	2026-10-06T18:31:39.5064953Z    |
original-mining	Three classes, durable inventory and real WebSocket	2026-10-06T18:31:39.5065126Z 54 |     pub target: Option<ZoneCombatEntityRef>,
original-mining	Three classes, durable inventory and real WebSocket	2026-10-06T18:31:39.5065542Z    |     ^^^^^^^^^^^^^^^^^^^^^^^^^^^^^^^^^^^^^^^ field `PendingRootSpiderSpawn::target` is reachable at visibility `pub(in crate::runtime::zone)`
original-mining	Three classes, durable inventory and real WebSocket	2026-10-06T18:31:39.5065918Z    |
original-mining	Three classes, durable inventory and real WebSocket	2026-10-06T18:31:39.5066212Z note: but type `ZoneCombatEntityRef` is only usable at visibility `pub(in crate::runtime::zone::runtime)`
original-mining	Three classes, durable inventory and real WebSocket	2026-10-06T18:31:39.5066626Z   --> apps/simulation/src/runtime/zone/runtime/entity_combat.rs:7:1
original-mining	Three classes, durable inventory and real WebSocket	2026-10-06T18:31:39.5066880Z    |
original-mining	Three classes, durable inventory and real WebSocket	2026-10-06T18:31:39.5067037Z 7  | pub(super) enum ZoneCombatEntityRef {
original-mining	Three classes, durable inventory and real WebSocket	2026-10-06T18:31:39.5067245Z    | ^^^^^^^^^^^^^^^^^^^^^^^^^^^^^^^^^^^
original-mining	Three classes, durable inventory and real WebSocket	2026-10-06T18:31:39.5067373Z 
original-mining	Three classes, durable inventory and real WebSocket	2026-10-06T18:31:39.6360224Z warning: methods `scoped_to_account` and `scoped_to_accounts` are never used
original-mining	Three classes, durable inventory and real WebSocket	2026-10-06T18:31:39.6360665Z    --> apps/simulation/src/config.rs:404:8
original-mining	Three classes, durable inventory and real WebSocket	2026-10-06T18:31:39.6360891Z     |
original-mining	Three classes, durable inventory and real WebSocket	2026-10-06T18:31:39.6361125Z 266 | impl AccountStore {
original-mining	Three classes, durable inventory and real WebSocket	2026-10-06T18:31:39.6361495Z     | ----------------- methods in this implementation
original-mining	Three classes, durable inventory and real WebSocket	2026-10-06T18:31:39.6362067Z ...
original-mining	Three classes, durable inventory and real WebSocket	2026-10-06T18:31:39.6362348Z 404 |     fn scoped_to_account(&self, account_id: &str) -> Self {
original-mining	Three classes, durable inventory and real WebSocket	2026-10-06T18:31:39.6362619Z     |        ^^^^^^^^^^^^^^^^^
original-mining	Three classes, durable inventory and real WebSocket	2026-10-06T18:31:39.6362829Z ...
original-mining	Three classes, durable inventory and real WebSocket	2026-10-06T18:31:39.6363180Z 408 |     fn scoped_to_accounts(&self, account_ids: &[&str]) -> Self {
original-mining	Three classes, durable inventory and real WebSocket	2026-10-06T18:31:39.6363745Z     |        ^^^^^^^^^^^^^^^^^^
original-mining	Three classes, durable inventory and real WebSocket	2026-10-06T18:31:39.6364019Z     |
original-mining	Three classes, durable inventory and real WebSocket	2026-10-06T18:31:39.6364264Z     = note: `#[warn(dead_code)]` on by default
original-mining	Three classes, durable inventory and real WebSocket	2026-10-06T18:31:39.6364502Z 
original-mining	Three classes, durable inventory and real WebSocket	2026-10-06T18:31:39.6364703Z warning: variant `AccountsWithHeroes` is never constructed
original-mining	Three classes, durable inventory and real WebSocket	2026-10-06T18:31:39.6365098Z    --> apps/simulation/src/config.rs:489:5
original-mining	Three classes, durable inventory and real WebSocket	2026-10-06T18:31:39.6365304Z     |
original-mining	Three classes, durable inventory and real WebSocket	2026-10-06T18:31:39.6365535Z 486 | enum AccountStoreMutationScope<'a> {
original-mining	Three classes, durable inventory and real WebSocket	2026-10-06T18:31:39.6365940Z     |      ------------------------- variant in this enum
original-mining	Three classes, durable inventory and real WebSocket	2026-10-06T18:31:39.6366299Z ...
original-mining	Three classes, durable inventory and real WebSocket	2026-10-06T18:31:39.6366675Z 489 |     AccountsWithHeroes { account_ids: &'a [String], hero_ids: &'a [i32], allocate: bool },
original-mining	Three classes, durable inventory and real WebSocket	2026-10-06T18:31:39.6367215Z     |     ^^^^^^^^^^^^^^^^^^
original-mining	Three classes, durable inventory and real WebSocket	2026-10-06T18:31:39.6367507Z     |
original-mining	Three classes, durable inventory and real WebSocket	2026-10-06T18:31:39.6368199Z     = note: `AccountStoreMutationScope` has derived impls for the traits `Clone` and `Debug`, but these are intentionally ignored during dead code analysis
original-mining	Three classes, durable inventory and real WebSocket	2026-10-06T18:31:39.6368885Z 
original-mining	Three classes, durable inventory and real WebSocket	2026-10-06T18:31:39.6368981Z warning: field `admitted_minutes` is never read
original-mining	Three classes, durable inventory and real WebSocket	2026-10-06T18:31:39.6369270Z   --> apps/simulation/src/config_guild_clock_transactions.rs:13:9
original-mining	Three classes, durable inventory and real WebSocket	2026-10-06T18:31:39.6369591Z    |
original-mining	Three classes, durable inventory and real WebSocket	2026-10-06T18:31:39.6369912Z 6  | pub(in crate::config) struct GuildClockCommitReceipt {
original-mining	Three classes, durable inventory and real WebSocket	2026-10-06T18:31:39.6370370Z    |                              ----------------------- field in this struct
original-mining	Three classes, durable inventory and real WebSocket	2026-10-06T18:31:39.6370770Z ...
original-mining	Three classes, durable inventory and real WebSocket	2026-10-06T18:31:39.6370994Z 13 |     pub admitted_minutes: u64,
original-mining	Three classes, durable inventory and real WebSocket	2026-10-06T18:31:39.6371286Z    |         ^^^^^^^^^^^^^^^^
original-mining	Three classes, durable inventory and real WebSocket	2026-10-06T18:31:39.6371540Z    |
original-mining	Three classes, durable inventory and real WebSocket	2026-10-06T18:31:39.6372200Z    = note: `GuildClockCommitReceipt` has derived impls for the traits `Clone` and `Debug`, but these are intentionally ignored during dead code analysis
original-mining	Three classes, durable inventory and real WebSocket	2026-10-06T18:31:39.6372832Z 
original-mining	Three classes, durable inventory and real WebSocket	2026-10-06T18:31:39.6372946Z warning: function `commit_postgres_tick` is never used
original-mining	Three classes, durable inventory and real WebSocket	2026-10-06T18:31:39.6373265Z   --> apps/simulation/src/config_guild_clock_transactions.rs:17:26
original-mining	Three classes, durable inventory and real WebSocket	2026-10-06T18:31:39.6373687Z    |
original-mining	Three classes, durable inventory and real WebSocket	2026-10-06T18:31:39.6373961Z 17 | pub(in crate::config) fn commit_postgres_tick(
original-mining	Three classes, durable inventory and real WebSocket	2026-10-06T18:31:39.6374335Z    |                          ^^^^^^^^^^^^^^^^^^^^
original-mining	Three classes, durable inventory and real WebSocket	2026-10-06T18:31:39.6374589Z 
original-mining	Three classes, durable inventory and real WebSocket	2026-10-06T18:31:39.6374793Z warning: function `commit_postgres_tick_checked` is never used
original-mining	Three classes, durable inventory and real WebSocket	2026-10-06T18:31:39.6375205Z   --> apps/simulation/src/config_guild_clock_transactions.rs:24:26
original-mining	Three classes, durable inventory and real WebSocket	2026-10-06T18:31:39.6375460Z    |
original-mining	Three classes, durable inventory and real WebSocket	2026-10-06T18:31:39.6375749Z 24 | pub(in crate::config) fn commit_postgres_tick_checked(
original-mining	Three classes, durable inventory and real WebSocket	2026-10-06T18:31:39.6376099Z    |                          ^^^^^^^^^^^^^^^^^^^^^^^^^^^^
original-mining	Three classes, durable inventory and real WebSocket	2026-10-06T18:31:39.6376390Z 
original-mining	Three classes, durable inventory and real WebSocket	2026-10-06T18:31:39.6376489Z warning: method `item_identity_path` is never used
original-mining	Three classes, durable inventory and real WebSocket	2026-10-06T18:31:39.6376756Z    --> apps/simulation/src/config_file_authority.rs:102:19
original-mining	Three classes, durable inventory and real WebSocket	2026-10-06T18:31:39.6376982Z     |
original-mining	Three classes, durable inventory and real WebSocket	2026-10-06T18:31:39.6377137Z 99  | impl FileAuthority {
original-mining	Three classes, durable inventory and real WebSocket	2026-10-06T18:31:39.6377416Z     | ------------------ method in this implementation
original-mining	Three classes, durable inventory and real WebSocket	2026-10-06T18:31:39.6377781Z ...
original-mining	Three classes, durable inventory and real WebSocket	2026-10-06T18:31:39.6385174Z 102 |     pub(super) fn item_identity_path(&self, config: &SimulationConfig) -> Result<PathBuf, String> {
original-mining	Three classes, durable inventory and real WebSocket	2026-10-06T18:31:39.6385758Z     |                   ^^^^^^^^^^^^^^^^^^
original-mining	Three classes, durable inventory and real WebSocket	2026-10-06T18:31:39.6385927Z 
original-mining	Three classes, durable inventory and real WebSocket	2026-10-06T18:31:39.6386055Z warning: method `refresh_shared_hero_authority` is never used
original-mining	Three classes, durable inventory and real WebSocket	2026-10-06T18:31:39.6386356Z  --> apps/simulation/src/config_hero_authority.rs:8:19
original-mining	Three classes, durable inventory and real WebSocket	2026-10-06T18:31:39.6386602Z   |
original-mining	Three classes, durable inventory and real WebSocket	2026-10-06T18:31:39.6386763Z 7 | impl SimulationConfig {
original-mining	Three classes, durable inventory and real WebSocket	2026-10-06T18:31:39.6386988Z   | --------------------- method in this implementation
original-mining	Three classes, durable inventory and real WebSocket	2026-10-06T18:31:39.6387303Z 8 |     pub(crate) fn refresh_shared_hero_authority(&self)->Result<(),String>{
original-mining	Three classes, durable inventory and real WebSocket	2026-10-06T18:31:39.6387607Z   |                   ^^^^^^^^^^^^^^^^^^^^^^^^^^^^^
original-mining	Three classes, durable inventory and real WebSocket	2026-10-06T18:31:39.6387915Z 
original-mining	Three classes, durable inventory and real WebSocket	2026-10-06T18:31:39.6388043Z warning: method `shared_guild_authority_snapshot` is never used
original-mining	Three classes, durable inventory and real WebSocket	2026-10-06T18:31:39.6388347Z    --> apps/simulation/src/config_shared_guilds.rs:845:19
original-mining	Three classes, durable inventory and real WebSocket	2026-10-06T18:31:39.6388584Z     |
original-mining	Three classes, durable inventory and real WebSocket	2026-10-06T18:31:39.6388747Z 844 | impl SimulationConfig {
original-mining	Three classes, durable inventory and real WebSocket	2026-10-06T18:31:39.6388972Z     | --------------------- method in this implementation
original-mining	Three classes, durable inventory and real WebSocket	2026-10-06T18:31:39.6389232Z 845 |     pub(crate) fn shared_guild_authority_snapshot(
original-mining	Three classes, durable inventory and real WebSocket	2026-10-06T18:31:39.6389475Z     |                   ^^^^^^^^^^^^^^^^^^^^^^^^^^^^^^^
original-mining	Three classes, durable inventory and real WebSocket	2026-10-06T18:31:39.6389611Z 
original-mining	Three classes, durable inventory and real WebSocket	2026-10-06T18:31:39.6389715Z warning: variant `MacAgility` is never constructed
original-mining	Three classes, durable inventory and real WebSocket	2026-10-06T18:31:39.6389993Z    --> apps/simulation/src/runtime/combat.rs:785:5
original-mining	Three classes, durable inventory and real WebSocket	2026-10-06T18:31:39.6390218Z     |
original-mining	Three classes, durable inventory and real WebSocket	2026-10-06T18:31:39.6390376Z 778 | pub(super) enum CrystalDefence {
original-mining	Three classes, durable inventory and real WebSocket	2026-10-06T18:31:39.6390592Z     |                 -------------- variant in this enum
original-mining	Three classes, durable inventory and real WebSocket	2026-10-06T18:31:39.6390802Z ...
original-mining	Three classes, durable inventory and real WebSocket	2026-10-06T18:31:39.6390951Z 785 |     MacAgility,
original-mining	Three classes, durable inventory and real WebSocket	2026-10-06T18:31:39.6391118Z     |     ^^^^^^^^^^
original-mining	Three classes, durable inventory and real WebSocket	2026-10-06T18:31:39.6391271Z     |
original-mining	Three classes, durable inventory and real WebSocket	2026-10-06T18:31:39.6391666Z     = note: `CrystalDefence` has derived impls for the traits `Debug` and `Clone`, but these are intentionally ignored during dead code analysis
original-mining	Three classes, durable inventory and real WebSocket	2026-10-06T18:31:39.6392030Z 
original-mining	Three classes, durable inventory and real WebSocket	2026-10-06T18:31:39.6392147Z warning: constant `CRYSTAL_BAG_WEIGHT_LIMIT` is never used
original-mining	Three classes, durable inventory and real WebSocket	2026-10-06T18:31:39.6392419Z   --> apps/simulation/src/runtime/drops.rs:72:18
original-mining	Three classes, durable inventory and real WebSocket	2026-10-06T18:31:39.6392632Z    |
original-mining	Three classes, durable inventory and real WebSocket	2026-10-06T18:31:39.6392813Z 72 | pub(super) const CRYSTAL_BAG_WEIGHT_LIMIT: u32 = 100;
original-mining	Three classes, durable inventory and real WebSocket	2026-10-06T18:31:39.6393055Z    |                  ^^^^^^^^^^^^^^^^^^^^^^^^
original-mining	Three classes, durable inventory and real WebSocket	2026-10-06T18:31:39.6393196Z 
original-mining	Three classes, durable inventory and real WebSocket	2026-10-06T18:31:39.6393344Z warning: function `resolved_monster_drop_templates_at_tick` is never used
original-mining	Three classes, durable inventory and real WebSocket	2026-10-06T18:31:39.6393759Z    --> apps/simulation/src/runtime/drops.rs:466:15
original-mining	Three classes, durable inventory and real WebSocket	2026-10-06T18:31:39.6393985Z     |
original-mining	Three classes, durable inventory and real WebSocket	2026-10-06T18:31:39.6394223Z 466 | pub(super) fn resolved_monster_drop_templates_at_tick(
original-mining	Three classes, durable inventory and real WebSocket	2026-10-06T18:31:39.6394629Z     |               ^^^^^^^^^^^^^^^^^^^^^^^^^^^^^^^^^^^^^^^
original-mining	Three classes, durable inventory and real WebSocket	2026-10-06T18:31:39.6394859Z 
original-mining	Three classes, durable inventory and real WebSocket	2026-10-06T18:31:39.6395066Z warning: function `crystal_monster_drop_templates` is never used
original-mining	Three classes, durable inventory and real WebSocket	2026-10-06T18:31:39.6395511Z    --> apps/simulation/src/runtime/drops.rs:537:15
original-mining	Three classes, durable inventory and real WebSocket	2026-10-06T18:31:39.6395846Z     |
original-mining	Three classes, durable inventory and real WebSocket	2026-10-06T18:31:39.6396102Z 537 | pub(super) fn crystal_monster_drop_templates(
original-mining	Three classes, durable inventory and real WebSocket	2026-10-06T18:31:39.6396459Z     |               ^^^^^^^^^^^^^^^^^^^^^^^^^^^^^^
original-mining	Three classes, durable inventory and real WebSocket	2026-10-06T18:31:39.6396674Z 
original-mining	Three classes, durable inventory and real WebSocket	2026-10-06T18:31:39.6396859Z warning: function `crystal_resolve_group_drop` is never used
original-mining	Three classes, durable inventory and real WebSocket	2026-10-06T18:31:39.6397280Z    --> apps/simulation/src/runtime/drops.rs:612:15
original-mining	Three classes, durable inventory and real WebSocket	2026-10-06T18:31:39.6397606Z     |
original-mining	Three classes, durable inventory and real WebSocket	2026-10-06T18:31:39.6397850Z 612 | pub(super) fn crystal_resolve_group_drop(
original-mining	Three classes, durable inventory and real WebSocket	2026-10-06T18:31:39.6398191Z     |               ^^^^^^^^^^^^^^^^^^^^^^^^^^
original-mining	Three classes, durable inventory and real WebSocket	2026-10-06T18:31:39.6398403Z 
original-mining	Three classes, durable inventory and real WebSocket	2026-10-06T18:31:39.6398742Z warning: function `crystal_drop_entry_should_drop` is never used
original-mining	Three classes, durable inventory and real WebSocket	2026-10-06T18:31:39.6399186Z    --> apps/simulation/src/runtime/drops.rs:667:15
original-mining	Three classes, durable inventory and real WebSocket	2026-10-06T18:31:39.6399527Z     |
original-mining	Three classes, durable inventory and real WebSocket	2026-10-06T18:31:39.6399783Z 667 | pub(super) fn crystal_drop_entry_should_drop(
original-mining	Three classes, durable inventory and real WebSocket	2026-10-06T18:31:39.6400142Z     |               ^^^^^^^^^^^^^^^^^^^^^^^^^^^^^^
original-mining	Three classes, durable inventory and real WebSocket	2026-10-06T18:31:39.6400352Z 
original-mining	Three classes, durable inventory and real WebSocket	2026-10-06T18:31:39.6400490Z warning: method `socketed_count` is never used
original-mining	Three classes, durable inventory and real WebSocket	2026-10-06T18:31:39.6400878Z    --> apps/simulation/src/runtime/equipment.rs:304:19
original-mining	Three classes, durable inventory and real WebSocket	2026-10-06T18:31:39.6401220Z     |
original-mining	Three classes, durable inventory and real WebSocket	2026-10-06T18:31:39.6401443Z 120 | impl EquipmentState {
original-mining	Three classes, durable inventory and real WebSocket	2026-10-06T18:31:39.6401760Z     | ------------------- method in this implementation
original-mining	Three classes, durable inventory and real WebSocket	2026-10-06T18:31:39.6402090Z ...
original-mining	Three classes, durable inventory and real WebSocket	2026-10-06T18:31:39.6402352Z 304 |     pub(super) fn socketed_count(&self) -> usize {
original-mining	Three classes, durable inventory and real WebSocket	2026-10-06T18:31:39.6402708Z     |                   ^^^^^^^^^^^^^^
original-mining	Three classes, durable inventory and real WebSocket	2026-10-06T18:31:39.6402907Z 
original-mining	Three classes, durable inventory and real WebSocket	2026-10-06T18:31:39.6403087Z warning: function `equipment_state_identified` is never used
original-mining	Three classes, durable inventory and real WebSocket	2026-10-06T18:31:39.6403654Z    --> apps/simulation/src/runtime/equipment.rs:309:15
original-mining	Three classes, durable inventory and real WebSocket	2026-10-06T18:31:39.6404120Z     |
original-mining	Three classes, durable inventory and real WebSocket	2026-10-06T18:31:39.6404478Z 309 | pub(super) fn equipment_state_identified(item: &EquipmentState) -> bool {
original-mining	Three classes, durable inventory and real WebSocket	2026-10-06T18:31:39.6404940Z     |               ^^^^^^^^^^^^^^^^^^^^^^^^^^
original-mining	Three classes, durable inventory and real WebSocket	2026-10-06T18:31:39.6405147Z 
original-mining	Three classes, durable inventory and real WebSocket	2026-10-06T18:31:39.6405345Z warning: function `equipment_state_soul_bound_id` is never used
original-mining	Three classes, durable inventory and real WebSocket	2026-10-06T18:31:39.6405798Z    --> apps/simulation/src/runtime/equipment.rs:314:15
original-mining	Three classes, durable inventory and real WebSocket	2026-10-06T18:31:39.6406141Z     |
original-mining	Three classes, durable inventory and real WebSocket	2026-10-06T18:31:39.6406498Z 314 | pub(super) fn equipment_state_soul_bound_id(item: &EquipmentState) -> i32 {
original-mining	Three classes, durable inventory and real WebSocket	2026-10-06T18:31:39.6406966Z     |               ^^^^^^^^^^^^^^^^^^^^^^^^^^^^^
original-mining	Three classes, durable inventory and real WebSocket	2026-10-06T18:31:39.6407184Z 
original-mining	Three classes, durable inventory and real WebSocket	2026-10-06T18:31:39.6407381Z warning: function `hero_inventory_equipment_slot` is never used
original-mining	Three classes, durable inventory and real WebSocket	2026-10-06T18:31:39.6407820Z    --> apps/simulation/src/runtime/hero_ai.rs:180:4
original-mining	Three classes, durable inventory and real WebSocket	2026-10-06T18:31:39.6408153Z     |
original-mining	Three classes, durable inventory and real WebSocket	2026-10-06T18:31:39.6408521Z 180 | fn hero_inventory_equipment_slot(item: &ItemState) -> Option<EquipmentSlot> {
original-mining	Three classes, durable inventory and real WebSocket	2026-10-06T18:31:39.6409001Z     |    ^^^^^^^^^^^^^^^^^^^^^^^^^^^^^
original-mining	Three classes, durable inventory and real WebSocket	2026-10-06T18:31:39.6409203Z 
original-mining	Three classes, durable inventory and real WebSocket	2026-10-06T18:31:39.6409386Z warning: function `hero_inventory_item_is_broken` is never used
original-mining	Three classes, durable inventory and real WebSocket	2026-10-06T18:31:39.6409819Z    --> apps/simulation/src/runtime/hero_ai.rs:185:4
original-mining	Three classes, durable inventory and real WebSocket	2026-10-06T18:31:39.6410147Z     |
original-mining	Three classes, durable inventory and real WebSocket	2026-10-06T18:31:39.6410448Z 185 | fn hero_inventory_item_is_broken(item: &ItemState) -> bool {
original-mining	Three classes, durable inventory and real WebSocket	2026-10-06T18:31:39.6410897Z     |    ^^^^^^^^^^^^^^^^^^^^^^^^^^^^^
original-mining	Three classes, durable inventory and real WebSocket	2026-10-06T18:31:39.6411091Z 
original-mining	Three classes, durable inventory and real WebSocket	2026-10-06T18:31:39.6411289Z warning: function `hero_inventory_item_modeled_base_stat` is never used
original-mining	Three classes, durable inventory and real WebSocket	2026-10-06T18:31:39.6411589Z    --> apps/simulation/src/runtime/hero_ai.rs:189:4
original-mining	Three classes, durable inventory and real WebSocket	2026-10-06T18:31:39.6411800Z     |
original-mining	Three classes, durable inventory and real WebSocket	2026-10-06T18:31:39.6412034Z 189 | fn hero_inventory_item_modeled_base_stat(item: &ItemState, stat: u8) -> i32 {
original-mining	Three classes, durable inventory and real WebSocket	2026-10-06T18:31:39.6412330Z     |    ^^^^^^^^^^^^^^^^^^^^^^^^^^^^^^^^^^^^^
original-mining	Three classes, durable inventory and real WebSocket	2026-10-06T18:31:39.6412460Z 
original-mining	Three classes, durable inventory and real WebSocket	2026-10-06T18:31:39.6412596Z warning: function `hero_inventory_item_crystal_stat` is never used
original-mining	Three classes, durable inventory and real WebSocket	2026-10-06T18:31:39.6412873Z    --> apps/simulation/src/runtime/hero_ai.rs:197:4
original-mining	Three classes, durable inventory and real WebSocket	2026-10-06T18:31:39.6413087Z     |
original-mining	Three classes, durable inventory and real WebSocket	2026-10-06T18:31:39.6413301Z 197 | fn hero_inventory_item_crystal_stat(item: &ItemState, stat: u8) -> i32 {
original-mining	Three classes, durable inventory and real WebSocket	2026-10-06T18:31:39.6413761Z     |    ^^^^^^^^^^^^^^^^^^^^^^^^^^^^^^^^
original-mining	Three classes, durable inventory and real WebSocket	2026-10-06T18:31:39.6413900Z 
original-mining	Three classes, durable inventory and real WebSocket	2026-10-06T18:31:39.6414031Z warning: function `hero_inventory_crystal_stat_total` is never used
original-mining	Three classes, durable inventory and real WebSocket	2026-10-06T18:31:39.6414329Z    --> apps/simulation/src/runtime/hero_ai.rs:214:15
original-mining	Three classes, durable inventory and real WebSocket	2026-10-06T18:31:39.6414543Z     |
original-mining	Three classes, durable inventory and real WebSocket	2026-10-06T18:31:39.6414782Z 214 | pub(super) fn hero_inventory_crystal_stat_total(world: &World, stat: u8) -> i32 {
original-mining	Three classes, durable inventory and real WebSocket	2026-10-06T18:31:39.6415101Z     |               ^^^^^^^^^^^^^^^^^^^^^^^^^^^^^^^^^
original-mining	Three classes, durable inventory and real WebSocket	2026-10-06T18:31:39.6415239Z 
original-mining	Three classes, durable inventory and real WebSocket	2026-10-06T18:31:39.6415329Z warning: enum `CarrierOrigin` is never used
original-mining	Three classes, durable inventory and real WebSocket	2026-10-06T18:31:39.6415596Z  --> apps/simulation/src/runtime/hero_registry_carriers.rs:8:17
original-mining	Three classes, durable inventory and real WebSocket	2026-10-06T18:31:39.6415964Z   |
original-mining	Three classes, durable inventory and real WebSocket	2026-10-06T18:31:39.6416153Z 8 | pub(super) enum CarrierOrigin { External, Hero(i32) }
original-mining	Three classes, durable inventory and real WebSocket	2026-10-06T18:31:39.6416401Z   |                 ^^^^^^^^^^^^^
original-mining	Three classes, durable inventory and real WebSocket	2026-10-06T18:31:39.6416525Z 
original-mining	Three classes, durable inventory and real WebSocket	2026-10-06T18:31:39.6416644Z warning: struct `HeroCarrierCensus` is never constructed
original-mining	Three classes, durable inventory and real WebSocket	2026-10-06T18:31:39.6416940Z   --> apps/simulation/src/runtime/hero_registry_carriers.rs:10:19
original-mining	Three classes, durable inventory and real WebSocket	2026-10-06T18:31:39.6417187Z    |
original-mining	Three classes, durable inventory and real WebSocket	2026-10-06T18:31:39.6417352Z 10 | pub(super) struct HeroCarrierCensus {
original-mining	Three classes, durable inventory and real WebSocket	2026-10-06T18:31:39.6417562Z    |                   ^^^^^^^^^^^^^^^^^
original-mining	Three classes, durable inventory and real WebSocket	2026-10-06T18:31:39.6417691Z 
original-mining	Three classes, durable inventory and real WebSocket	2026-10-06T18:31:39.6417874Z warning: methods `node`, `record`, `record_unresolved_legacy`, and `validate` are never used
original-mining	Three classes, durable inventory and real WebSocket	2026-10-06T18:31:39.6418245Z   --> apps/simulation/src/runtime/hero_registry_carriers.rs:15:8
original-mining	Three classes, durable inventory and real WebSocket	2026-10-06T18:31:39.6418490Z    |
original-mining	Three classes, durable inventory and real WebSocket	2026-10-06T18:31:39.6418641Z 14 | impl HeroCarrierCensus {
original-mining	Three classes, durable inventory and real WebSocket	2026-10-06T18:31:39.6418866Z    | ---------------------- methods in this implementation
original-mining	Three classes, durable inventory and real WebSocket	2026-10-06T18:31:39.6419193Z 15 |     fn node(&mut self,item:&UserItem,origin:CarrierOrigin)->Result<(),String>{
original-mining	Three classes, durable inventory and real WebSocket	2026-10-06T18:31:39.6419485Z    |        ^^^^
original-mining	Three classes, durable inventory and real WebSocket	2026-10-06T18:31:39.6419740Z ...
original-mining	Three classes, durable inventory and real WebSocket	2026-10-06T18:31:39.6419979Z 27 |     pub fn record(&mut self,item:&UserItem,origin:CarrierOrigin)->Result<(),String>{
original-mining	Three classes, durable inventory and real WebSocket	2026-10-06T18:31:39.6420272Z    |            ^^^^^^
original-mining	Three classes, durable inventory and real WebSocket	2026-10-06T18:31:39.6420426Z ...
original-mining	Three classes, durable inventory and real WebSocket	2026-10-06T18:31:39.6420701Z 42 |     pub fn record_unresolved_legacy(&mut self,root:&super::items::ItemState)->Result<(),String>{
original-mining	Three classes, durable inventory and real WebSocket	2026-10-06T18:31:39.6421029Z    |            ^^^^^^^^^^^^^^^^^^^^^^^^
original-mining	Three classes, durable inventory and real WebSocket	2026-10-06T18:31:39.6421217Z ...
original-mining	Three classes, durable inventory and real WebSocket	2026-10-06T18:31:39.6421530Z 70 |     pub fn validate(&self,heroes:&BTreeMap<i32,SharedHeroRecord>,owned_ids:&BTreeSet<u64>)->Result<(),String>{
original-mining	Three classes, durable inventory and real WebSocket	2026-10-06T18:31:39.6421903Z    |            ^^^^^^^^
original-mining	Three classes, durable inventory and real WebSocket	2026-10-06T18:31:39.6422008Z 
original-mining	Three classes, durable inventory and real WebSocket	2026-10-06T18:31:39.6422094Z warning: function `decode` is never used
original-mining	Three classes, durable inventory and real WebSocket	2026-10-06T18:31:39.6422343Z  --> apps/simulation/src/runtime/hero_registry_scan.rs:8:4
original-mining	Three classes, durable inventory and real WebSocket	2026-10-06T18:31:39.6422579Z   |
original-mining	Three classes, durable inventory and real WebSocket	2026-10-06T18:31:39.6422964Z 8 | fn decode<T:DeserializeOwned>(value:&str)->Result<T,String>{serde_json::from_str(value).map_err(|error|format!("invalid Hero custody carr...
original-mining	Three classes, durable inventory and real WebSocket	2026-10-06T18:31:39.6423409Z   |    ^^^^^^
original-mining	Three classes, durable inventory and real WebSocket	2026-10-06T18:31:39.6423502Z 
original-mining	Three classes, durable inventory and real WebSocket	2026-10-06T18:31:39.6423668Z warning: function `add_wire` is never used
original-mining	Three classes, durable inventory and real WebSocket	2026-10-06T18:31:39.6423930Z  --> apps/simulation/src/runtime/hero_registry_scan.rs:9:4
original-mining	Three classes, durable inventory and real WebSocket	2026-10-06T18:31:39.6424166Z   |
original-mining	Three classes, durable inventory and real WebSocket	2026-10-06T18:31:39.6424511Z 9 | fn add_wire(census:&mut HeroCarrierCensus,item:&UserItem,origin:CarrierOrigin,forbidden_bind:u16)->Result<(),String>{
original-mining	Three classes, durable inventory and real WebSocket	2026-10-06T18:31:39.6424900Z   |    ^^^^^^^^
original-mining	Three classes, durable inventory and real WebSocket	2026-10-06T18:31:39.6424990Z 
original-mining	Three classes, durable inventory and real WebSocket	2026-10-06T18:31:39.6425078Z warning: function `add_items` is never used
original-mining	Three classes, durable inventory and real WebSocket	2026-10-06T18:31:39.6425342Z   --> apps/simulation/src/runtime/hero_registry_scan.rs:21:4
original-mining	Three classes, durable inventory and real WebSocket	2026-10-06T18:31:39.6425577Z    |
original-mining	Three classes, durable inventory and real WebSocket	2026-10-06T18:31:39.6425909Z 21 | fn add_items(census:&mut HeroCarrierCensus,encoded:&[String],origin:CarrierOrigin,forbidden:u16)->Result<(),String>{
original-mining	Three classes, durable inventory and real WebSocket	2026-10-06T18:31:39.6426295Z    |    ^^^^^^^^^
original-mining	Three classes, durable inventory and real WebSocket	2026-10-06T18:31:39.6426391Z 
original-mining	Three classes, durable inventory and real WebSocket	2026-10-06T18:31:39.6426481Z warning: function `add_character` is never used
original-mining	Three classes, durable inventory and real WebSocket	2026-10-06T18:31:39.6426753Z   --> apps/simulation/src/runtime/hero_registry_scan.rs:32:4
original-mining	Three classes, durable inventory and real WebSocket	2026-10-06T18:31:39.6426981Z    |
original-mining	Three classes, durable inventory and real WebSocket	2026-10-06T18:31:39.6427296Z 32 | fn add_character(census:&mut HeroCarrierCensus,save:&CharacterSaveRecord,mirrored:bool)->Result<(),String>{
original-mining	Three classes, durable inventory and real WebSocket	2026-10-06T18:31:39.6427664Z    |    ^^^^^^^^^^^^^
original-mining	Three classes, durable inventory and real WebSocket	2026-10-06T18:31:39.6427761Z 
original-mining	Three classes, durable inventory and real WebSocket	2026-10-06T18:31:39.6427906Z warning: function `validate_shared_hero_physical_custody` is never used
original-mining	Three classes, durable inventory and real WebSocket	2026-10-06T18:31:39.6428229Z   --> apps/simulation/src/runtime/hero_registry_scan.rs:86:15
original-mining	Three classes, durable inventory and real WebSocket	2026-10-06T18:31:39.6428462Z    |
original-mining	Three classes, durable inventory and real WebSocket	2026-10-06T18:31:39.6428732Z 86 | pub(crate) fn validate_shared_hero_physical_custody(store:&AccountStore)->Result<(),String>{
original-mining	Three classes, durable inventory and real WebSocket	2026-10-06T18:31:39.6429071Z    |               ^^^^^^^^^^^^^^^^^^^^^^^^^^^^^^^^^^^^^
original-mining	Three classes, durable inventory and real WebSocket	2026-10-06T18:31:39.6429217Z 
original-mining	Three classes, durable inventory and real WebSocket	2026-10-06T18:31:39.6429344Z warning: function `hero_inventory_item_is_broken` is never used
original-mining	Three classes, durable inventory and real WebSocket	2026-10-06T18:31:39.6429720Z     --> apps/simulation/src/runtime/items.rs:3456:4
original-mining	Three classes, durable inventory and real WebSocket	2026-10-06T18:31:39.6429945Z      |
original-mining	Three classes, durable inventory and real WebSocket	2026-10-06T18:31:39.6430156Z 3456 | fn hero_inventory_item_is_broken(item: &ItemState) -> bool {
original-mining	Three classes, durable inventory and real WebSocket	2026-10-06T18:31:39.6430412Z      |    ^^^^^^^^^^^^^^^^^^^^^^^^^^^^^
original-mining	Three classes, durable inventory and real WebSocket	2026-10-06T18:31:39.6430537Z 
original-mining	Three classes, durable inventory and real WebSocket	2026-10-06T18:31:39.6430667Z warning: function `hero_inventory_requirement_stat` is never used
original-mining	Three classes, durable inventory and real WebSocket	2026-10-06T18:31:39.6430948Z     --> apps/simulation/src/runtime/items.rs:3460:4
original-mining	Three classes, durable inventory and real WebSocket	2026-10-06T18:31:39.6431157Z      |
original-mining	Three classes, durable inventory and real WebSocket	2026-10-06T18:31:39.6431389Z 3460 | fn hero_inventory_requirement_stat(item: &ItemState, stat: u8) -> i32 {
original-mining	Three classes, durable inventory and real WebSocket	2026-10-06T18:31:39.6431752Z      |    ^^^^^^^^^^^^^^^^^^^^^^^^^^^^^^^
original-mining	Three classes, durable inventory and real WebSocket	2026-10-06T18:31:39.6431885Z 
original-mining	Three classes, durable inventory and real WebSocket	2026-10-06T18:31:39.6431998Z warning: function `repair_conquest_asset` is never used
original-mining	Three classes, durable inventory and real WebSocket	2026-10-06T18:31:39.6432264Z     --> apps/simulation/src/runtime/monsters.rs:1879:15
original-mining	Three classes, durable inventory and real WebSocket	2026-10-06T18:31:39.6432475Z      |
original-mining	Three classes, durable inventory and real WebSocket	2026-10-06T18:31:39.6432729Z 1879 | pub(super) fn repair_conquest_asset(world: &mut World, ai: u8, asset_id: u8) -> bool {
original-mining	Three classes, durable inventory and real WebSocket	2026-10-06T18:31:39.6433046Z      |               ^^^^^^^^^^^^^^^^^^^^^
original-mining	Three classes, durable inventory and real WebSocket	2026-10-06T18:31:39.6433267Z 
original-mining	Three classes, durable inventory and real WebSocket	2026-10-06T18:31:39.6433397Z warning: function `crystal_npc_visible_to_character` is never used
original-mining	Three classes, durable inventory and real WebSocket	2026-10-06T18:31:39.6433776Z    --> apps/simulation/src/runtime/npc.rs:246:15
original-mining	Three classes, durable inventory and real WebSocket	2026-10-06T18:31:39.6433993Z     |
original-mining	Three classes, durable inventory and real WebSocket	2026-10-06T18:31:39.6434176Z 246 | pub(super) fn crystal_npc_visible_to_character(
original-mining	Three classes, durable inventory and real WebSocket	2026-10-06T18:31:39.6434420Z     |               ^^^^^^^^^^^^^^^^^^^^^^^^^^^^^^^^
original-mining	Three classes, durable inventory and real WebSocket	2026-10-06T18:31:39.6434558Z 
original-mining	Three classes, durable inventory and real WebSocket	2026-10-06T18:31:39.6434654Z warning: function `complete_quest` is never used
original-mining	Three classes, durable inventory and real WebSocket	2026-10-06T18:31:39.6434902Z     --> apps/simulation/src/runtime/quests.rs:1094:15
original-mining	Three classes, durable inventory and real WebSocket	2026-10-06T18:31:39.6435115Z      |
original-mining	Three classes, durable inventory and real WebSocket	2026-10-06T18:31:39.6435329Z 1094 | pub(super) fn complete_quest(world: &mut World, quest_id: i32) {
original-mining	Three classes, durable inventory and real WebSocket	2026-10-06T18:31:39.6435594Z      |               ^^^^^^^^^^^^^^
original-mining	Three classes, durable inventory and real WebSocket	2026-10-06T18:31:39.6435719Z 
original-mining	Three classes, durable inventory and real WebSocket	2026-10-06T18:31:39.6435836Z warning: function `quest_info_by_id_unchecked` is never used
original-mining	Three classes, durable inventory and real WebSocket	2026-10-06T18:31:39.6436132Z    --> apps/simulation/src/runtime/newcomer_v2.rs:231:27
original-mining	Three classes, durable inventory and real WebSocket	2026-10-06T18:31:39.6436368Z     |
original-mining	Three classes, durable inventory and real WebSocket	2026-10-06T18:31:39.6436651Z 231 | pub(in crate::runtime) fn quest_info_by_id_unchecked(quest_id: i32) -> Option<ClientQuestInfo> {
original-mining	Three classes, durable inventory and real WebSocket	2026-10-06T18:31:39.6436996Z     |                           ^^^^^^^^^^^^^^^^^^^^^^^^^^
original-mining	Three classes, durable inventory and real WebSocket	2026-10-06T18:31:39.6437139Z 
original-mining	Three classes, durable inventory and real WebSocket	2026-10-06T18:31:39.6437255Z warning: function `default_save_for_character` is never used
original-mining	Three classes, durable inventory and real WebSocket	2026-10-06T18:31:39.6437522Z   --> apps/simulation/src/runtime/save.rs:76:15
original-mining	Three classes, durable inventory and real WebSocket	2026-10-06T18:31:39.6437733Z    |
original-mining	Three classes, durable inventory and real WebSocket	2026-10-06T18:31:39.6437898Z 76 | pub(super) fn default_save_for_character(
original-mining	Three classes, durable inventory and real WebSocket	2026-10-06T18:31:39.6438117Z    |               ^^^^^^^^^^^^^^^^^^^^^^^^^^
original-mining	Three classes, durable inventory and real WebSocket	2026-10-06T18:31:39.6438251Z 
original-mining	Three classes, durable inventory and real WebSocket	2026-10-06T18:31:39.6438357Z warning: function `persist_character_save` is never used
original-mining	Three classes, durable inventory and real WebSocket	2026-10-06T18:31:39.6438618Z    --> apps/simulation/src/runtime/save.rs:926:15
original-mining	Three classes, durable inventory and real WebSocket	2026-10-06T18:31:39.6438828Z     |
original-mining	Three classes, durable inventory and real WebSocket	2026-10-06T18:31:39.6438988Z 926 | pub(super) fn persist_character_save(
original-mining	Three classes, durable inventory and real WebSocket	2026-10-06T18:31:39.6439204Z     |               ^^^^^^^^^^^^^^^^^^^^^^
original-mining	Three classes, durable inventory and real WebSocket	2026-10-06T18:31:39.6439335Z 
original-mining	Three classes, durable inventory and real WebSocket	2026-10-06T18:31:39.6439438Z warning: function `bank_mentor_gain` is never used
original-mining	Three classes, durable inventory and real WebSocket	2026-10-06T18:31:39.6439731Z    --> apps/simulation/src/runtime/shared_relationships.rs:321:15
original-mining	Three classes, durable inventory and real WebSocket	2026-10-06T18:31:39.6439985Z     |
original-mining	Three classes, durable inventory and real WebSocket	2026-10-06T18:31:39.6440141Z 321 | pub(super) fn bank_mentor_gain(
original-mining	Three classes, durable inventory and real WebSocket	2026-10-06T18:31:39.6440341Z     |               ^^^^^^^^^^^^^^^^
original-mining	Three classes, durable inventory and real WebSocket	2026-10-06T18:31:39.6440467Z 
original-mining	Three classes, durable inventory and real WebSocket	2026-10-06T18:31:39.6440571Z warning: method `game_shop_buy_product` is never used
original-mining	Three classes, durable inventory and real WebSocket	2026-10-06T18:31:39.6440840Z     --> apps/simulation/src/runtime/stage5.rs:4304:8
original-mining	Three classes, durable inventory and real WebSocket	2026-10-06T18:31:39.6441057Z      |
original-mining	Three classes, durable inventory and real WebSocket	2026-10-06T18:31:39.6441213Z 3234 | impl SimulationSession {
original-mining	Three classes, durable inventory and real WebSocket	2026-10-06T18:31:39.6441438Z      | ---------------------- method in this implementation
original-mining	Three classes, durable inventory and real WebSocket	2026-10-06T18:31:39.6441663Z ...
original-mining	Three classes, durable inventory and real WebSocket	2026-10-06T18:31:39.6441815Z 4304 |     fn game_shop_buy_product(
original-mining	Three classes, durable inventory and real WebSocket	2026-10-06T18:31:39.6442008Z      |        ^^^^^^^^^^^^^^^^^^^^^
original-mining	Three classes, durable inventory and real WebSocket	2026-10-06T18:31:39.6442251Z 
original-mining	Three classes, durable inventory and real WebSocket	2026-10-06T18:31:39.6442332Z warning: method `select` is never used
original-mining	Three classes, durable inventory and real WebSocket	2026-10-06T18:31:39.6442582Z   --> apps/simulation/src/runtime/zone/experience.rs:41:19
original-mining	Three classes, durable inventory and real WebSocket	2026-10-06T18:31:39.6442818Z    |
original-mining	Three classes, durable inventory and real WebSocket	2026-10-06T18:31:39.6442979Z 40 | impl ZoneExperienceProfile {
original-mining	Three classes, durable inventory and real WebSocket	2026-10-06T18:31:39.6443214Z    | -------------------------- method in this implementation
original-mining	Three classes, durable inventory and real WebSocket	2026-10-06T18:31:39.6443455Z 41 |     pub(super) fn select(
original-mining	Three classes, durable inventory and real WebSocket	2026-10-06T18:31:39.6443806Z    |                   ^^^^^^
original-mining	Three classes, durable inventory and real WebSocket	2026-10-06T18:31:39.6443914Z 
original-mining	Three classes, durable inventory and real WebSocket	2026-10-06T18:31:39.6444051Z warning: method `apply_native_monster_direct_damage` is never used
original-mining	Three classes, durable inventory and real WebSocket	2026-10-06T18:31:39.6444356Z      --> apps/simulation/src/runtime/zone/runtime.rs:12352:8
original-mining	Three classes, durable inventory and real WebSocket	2026-10-06T18:31:39.6444585Z       |
original-mining	Three classes, durable inventory and real WebSocket	2026-10-06T18:31:39.6444733Z 586   | impl ZoneRuntime {
original-mining	Three classes, durable inventory and real WebSocket	2026-10-06T18:31:39.6444935Z       | ---------------- method in this implementation
original-mining	Three classes, durable inventory and real WebSocket	2026-10-06T18:31:39.6445154Z ...
original-mining	Three classes, durable inventory and real WebSocket	2026-10-06T18:31:39.6445324Z 12352 |     fn apply_native_monster_direct_damage(
original-mining	Three classes, durable inventory and real WebSocket	2026-10-06T18:31:39.6445552Z       |        ^^^^^^^^^^^^^^^^^^^^^^^^^^^^^^^^^^
original-mining	Three classes, durable inventory and real WebSocket	2026-10-06T18:31:39.6445695Z 
original-mining	Three classes, durable inventory and real WebSocket	2026-10-06T18:31:39.6445789Z warning: function `hell_can_move` is never used
original-mining	Three classes, durable inventory and real WebSocket	2026-10-06T18:31:39.6446178Z   --> apps/simulation/src/runtime/zone/runtime/hell_ai.rs:68:15
original-mining	Three classes, durable inventory and real WebSocket	2026-10-06T18:31:39.6446428Z    |
original-mining	Three classes, durable inventory and real WebSocket	2026-10-06T18:31:39.6446632Z 68 | pub(super) fn hell_can_move(m: &ZoneNativeMonster) -> bool {
original-mining	Three classes, durable inventory and real WebSocket	2026-10-06T18:31:39.6446883Z    |               ^^^^^^^^^^^^^
original-mining	Three classes, durable inventory and real WebSocket	2026-10-06T18:31:39.6447000Z 
original-mining	Three classes, durable inventory and real WebSocket	2026-10-06T18:31:39.6447092Z warning: function `hell_can_regen` is never used
original-mining	Three classes, durable inventory and real WebSocket	2026-10-06T18:31:39.6447363Z   --> apps/simulation/src/runtime/zone/runtime/hell_ai.rs:74:15
original-mining	Three classes, durable inventory and real WebSocket	2026-10-06T18:31:39.6447607Z    |
original-mining	Three classes, durable inventory and real WebSocket	2026-10-06T18:31:39.6447804Z 74 | pub(super) fn hell_can_regen(m: &ZoneNativeMonster) -> bool {
original-mining	Three classes, durable inventory and real WebSocket	2026-10-06T18:31:39.6448056Z    |               ^^^^^^^^^^^^^^
original-mining	Three classes, durable inventory and real WebSocket	2026-10-06T18:31:39.6448168Z 
original-mining	Three classes, durable inventory and real WebSocket	2026-10-06T18:31:39.6448293Z warning: methods `blocking` and `set_replay_seed` are never used
original-mining	Three classes, durable inventory and real WebSocket	2026-10-06T18:31:39.6448621Z    --> apps/simulation/src/runtime/zone/intelligent_creatures.rs:183:12
original-mining	Three classes, durable inventory and real WebSocket	2026-10-06T18:31:39.6448893Z     |
original-mining	Three classes, durable inventory and real WebSocket	2026-10-06T18:31:39.6449048Z 112 | impl ZoneIntelligentCreature {
original-mining	Three classes, durable inventory and real WebSocket	2026-10-06T18:31:39.6449291Z     | ---------------------------- methods in this implementation
original-mining	Three classes, durable inventory and real WebSocket	2026-10-06T18:31:39.6449521Z ...
original-mining	Three classes, durable inventory and real WebSocket	2026-10-06T18:31:39.6449678Z 183 |     pub fn blocking(&self) -> bool {
original-mining	Three classes, durable inventory and real WebSocket	2026-10-06T18:31:39.6449889Z     |            ^^^^^^^^
original-mining	Three classes, durable inventory and real WebSocket	2026-10-06T18:31:39.6450054Z ...
original-mining	Three classes, durable inventory and real WebSocket	2026-10-06T18:31:39.6450237Z 187 |     pub fn set_replay_seed(&mut self, seed: u64) {
original-mining	Three classes, durable inventory and real WebSocket	2026-10-06T18:31:39.6450473Z     |            ^^^^^^^^^^^^^^^
original-mining	Three classes, durable inventory and real WebSocket	2026-10-06T18:31:39.6450589Z 
original-mining	Three classes, durable inventory and real WebSocket	2026-10-06T18:32:04.9783003Z warning: `mir2-simulation` (lib) generated 77 warnings (run `cargo fix --lib -p mir2-simulation` to apply 8 suggestions)
original-mining	Three classes, durable inventory and real WebSocket	2026-10-06T18:32:04.9784045Z    Compiling mir2-gateway v0.1.0 (/home/runner/work/mir2/mir2/mir2-web3/apps/gateway)
original-mining	Three classes, durable inventory and real WebSocket	2026-10-06T18:32:17.0782290Z warning: variable does not need to be mutable
original-mining	Three classes, durable inventory and real WebSocket	2026-10-06T18:32:17.0782664Z     --> apps/gateway/src/routing.rs:4408:13
original-mining	Three classes, durable inventory and real WebSocket	2026-10-06T18:32:17.0782979Z      |
original-mining	Three classes, durable inventory and real WebSocket	2026-10-06T18:32:17.0783247Z 4408 |         let mut current_player_heals = Vec::new();
original-mining	Three classes, durable inventory and real WebSocket	2026-10-06T18:32:17.0783790Z      |             ----^^^^^^^^^^^^^^^^^^^^
original-mining	Three classes, durable inventory and real WebSocket	2026-10-06T18:32:17.0784083Z      |             |
original-mining	Three classes, durable inventory and real WebSocket	2026-10-06T18:32:17.0784266Z      |             help: remove this `mut`
original-mining	Three classes, durable inventory and real WebSocket	2026-10-06T18:32:17.0784589Z      |
original-mining	Three classes, durable inventory and real WebSocket	2026-10-06T18:32:17.0784820Z      = note: `#[warn(unused_mut)]` on by default
original-mining	Three classes, durable inventory and real WebSocket	2026-10-06T18:32:17.0785055Z 
original-mining	Three classes, durable inventory and real WebSocket	2026-10-06T18:33:15.9785207Z warning: `mir2-gateway` (lib test) generated 1 warning (run `cargo fix --lib -p mir2-gateway --tests` to apply 1 suggestion)
original-mining	Three classes, durable inventory and real WebSocket	2026-10-06T18:33:15.9786046Z     Finished `test` profile [unoptimized + debuginfo] target(s) in 2m 57s
original-mining	Three classes, durable inventory and real WebSocket	2026-10-06T18:33:16.0154166Z      Running unittests src/lib.rs (target/debug/deps/mir2_gateway-1f5f2afa6f2c42af)
original-mining	Three classes, durable inventory and real WebSocket	2026-10-06T18:33:16.0192654Z 
original-mining	Three classes, durable inventory and real WebSocket	2026-10-06T18:33:16.0193139Z running 9 tests
original-mining	Three classes, durable inventory and real WebSocket	2026-10-06T18:33:58.2889716Z test routing::tests::mining_tests::mining_breaking_pick_refreshes_shared_ac_hp_before_next_attack ... ok
original-mining	Three classes, durable inventory and real WebSocket	2026-10-06T18:34:34.5990883Z test routing::tests::mining_tests::mining_ordinary_attack_ingress_rejects_immediate_spam_and_non_mining_spell ... ok
original-mining	Three classes, durable inventory and real WebSocket	2026-10-06T18:34:34.9204626Z test routing::tests::mining_tests::mining_original_d401_strict_checkpoint_restores_stone_clock_and_pending_effect ... ok
original-mining	Three classes, durable inventory and real WebSocket	2026-10-06T18:37:18.4264377Z test routing::tests::mining_tests::mining_original_free_space_rule_prefers_bag2_then_belt_and_full_inventory_still_wears ... ok
original-mining	Three classes, durable inventory and real WebSocket	2026-10-06T18:37:59.0981787Z test routing::tests::mining_tests::mining_save_failure_rolls_back_exact_item_uid_tool_and_shared_stone ... ok
original-mining	Three classes, durable inventory and real WebSocket	2026-10-06T18:38:45.0504559Z test routing::tests::mining_tests::mining_source_ore_sells_at_purity_price_and_unloaded_pick_repairs_normally ... ok
original-mining	Three classes, durable inventory and real WebSocket	2026-10-06T18:41:17.1569459Z test routing::tests::mining_tests::mining_three_classes_buy_equip_mine_exact_uid_purity_and_save_reload ... ok
original-mining	Three classes, durable inventory and real WebSocket	2026-10-06T18:42:02.4984862Z test routing::tests::mining_tests::mining_uncertain_file_publication_retains_one_durable_award_and_freezes_retries ... ok
original-mining	Three classes, durable inventory and real WebSocket	2026-10-06T18:42:28.5101997Z test web::tests::mining_websocket_tests::mining_real_websocket_attack_direction_refill_cooldown_logout_and_reentry ... ok
original-mining	Three classes, durable inventory and real WebSocket	2026-10-06T18:42:28.5102929Z 
original-mining	Three classes, durable inventory and real WebSocket	2026-10-06T18:42:28.5103362Z test result: ok. 9 passed; 0 failed; 0 ignored; 0 measured; 919 filtered out; finished in 552.49s
original-mining	Three classes, durable inventory and real WebSocket	2026-10-06T18:42:28.5103920Z 
original-mining	Rejected cold restore preserves the entire live authority	﻿2026-10-06T18:42:28.5204902Z ##[group]Run cargo +1.89.0 test --locked -p mir2-gateway --lib atomic_world_checkpoint_restore_preserves -- --test-threads=1
original-mining	Rejected cold restore preserves the entire live authority	2026-10-06T18:42:28.5205555Z ^[[36;1mcargo +1.89.0 test --locked -p mir2-gateway --lib atomic_world_checkpoint_restore_preserves -- --test-threads=1^[[0m
original-mining	Rejected cold restore preserves the entire live authority	2026-10-06T18:42:28.5321198Z shell: /usr/bin/bash -e {0}
original-mining	Rejected cold restore preserves the entire live authority	2026-10-06T18:42:28.5321414Z env:
original-mining	Rejected cold restore preserves the entire live authority	2026-10-06T18:42:28.5321571Z   CARGO_BUILD_JOBS: 2
original-mining	Rejected cold restore preserves the entire live authority	2026-10-06T18:42:28.5321745Z ##[endgroup]
original-mining	Rejected cold restore preserves the entire live authority	2026-10-06T18:42:29.2748193Z warning: unused import: `super::skills::crystal_magic_damage`
original-mining	Rejected cold restore preserves the entire live authority	2026-10-06T18:42:29.2748798Z   --> apps/simulation/src/runtime/hero_ai.rs:53:5
original-mining	Rejected cold restore preserves the entire live authority	2026-10-06T18:42:29.2749201Z    |
original-mining	Rejected cold restore preserves the entire live authority	2026-10-06T18:42:29.2749439Z 53 | use super::skills::crystal_magic_damage;
original-mining	Rejected cold restore preserves the entire live authority	2026-10-06T18:42:29.2749808Z    |     ^^^^^^^^^^^^^^^^^^^^^^^^^^^^^^^^^^^
original-mining	Rejected cold restore preserves the entire live authority	2026-10-06T18:42:29.2750130Z    |
original-mining	Rejected cold restore preserves the entire live authority	2026-10-06T18:42:29.2750412Z    = note: `#[warn(unused_imports)]` on by default
original-mining	Rejected cold restore preserves the entire live authority	2026-10-06T18:42:29.2750686Z 
original-mining	Rejected cold restore preserves the entire live authority	2026-10-06T18:42:29.2750949Z warning: unused import: `hero_registry_scan::validate_shared_hero_physical_custody`
original-mining	Rejected cold restore preserves the entire live authority	2026-10-06T18:42:29.2751666Z   --> apps/simulation/src/runtime/mod.rs:22:16
original-mining	Rejected cold restore preserves the entire live authority	2026-10-06T18:42:29.2751979Z    |
original-mining	Rejected cold restore preserves the entire live authority	2026-10-06T18:42:29.2752325Z 22 | pub(crate) use hero_registry_scan::validate_shared_hero_physical_custody;
original-mining	Rejected cold restore preserves the entire live authority	2026-10-06T18:42:29.2752803Z    |                ^^^^^^^^^^^^^^^^^^^^^^^^^^^^^^^^^^^^^^^^^^^^^^^^^^^^^^^^^
original-mining	Rejected cold restore preserves the entire live authority	2026-10-06T18:42:29.2753063Z 
original-mining	Rejected cold restore preserves the entire live authority	2026-10-06T18:42:29.2753209Z warning: unused import: `HeroInventoryResource`
original-mining	Rejected cold restore preserves the entire live authority	2026-10-06T18:42:29.2753736Z   --> apps/simulation/src/runtime/items.rs:58:19
original-mining	Rejected cold restore preserves the entire live authority	2026-10-06T18:42:29.2754067Z    |
original-mining	Rejected cold restore preserves the entire live authority	2026-10-06T18:42:29.2754485Z 58 |     BuffResource, HeroInventoryResource, InventoryResource, PlayerPermissionResource,
original-mining	Rejected cold restore preserves the entire live authority	2026-10-06T18:42:29.2755067Z    |                   ^^^^^^^^^^^^^^^^^^^^^
original-mining	Rejected cold restore preserves the entire live authority	2026-10-06T18:42:29.2755279Z 
original-mining	Rejected cold restore preserves the entire live authority	2026-10-06T18:42:29.2755420Z warning: unused import: `merged_user_item_stats`
original-mining	Rejected cold restore preserves the entire live authority	2026-10-06T18:42:29.2755789Z   --> apps/simulation/src/runtime/npc.rs:35:72
original-mining	Rejected cold restore preserves the entire live authority	2026-10-06T18:42:29.2756112Z    |
original-mining	Rejected cold restore preserves the entire live authority	2026-10-06T18:42:29.2756539Z 35 |     crystal_item_key_for_template, crystal_item_template_for_item_key, merged_user_item_stats,
original-mining	Rejected cold restore preserves the entire live authority	2026-10-06T18:42:29.2757135Z    |                                                                        ^^^^^^^^^^^^^^^^^^^^^^
original-mining	Rejected cold restore preserves the entire live authority	2026-10-06T18:42:29.2757423Z 
original-mining	Rejected cold restore preserves the entire live authority	2026-10-06T18:42:29.2757604Z warning: unused import: `hero_inventory_crystal_stat_total`
original-mining	Rejected cold restore preserves the entire live authority	2026-10-06T18:42:29.2758032Z   --> apps/simulation/src/runtime/packets.rs:72:22
original-mining	Rejected cold restore preserves the entire live authority	2026-10-06T18:42:29.2758367Z    |
original-mining	Rejected cold restore preserves the entire live authority	2026-10-06T18:42:29.2758764Z 72 | use super::hero_ai::{hero_inventory_crystal_stat_total, hero_inventory_equipment_slots};
original-mining	Rejected cold restore preserves the entire live authority	2026-10-06T18:42:29.2759288Z    |                      ^^^^^^^^^^^^^^^^^^^^^^^^^^^^^^^^^
original-mining	Rejected cold restore preserves the entire live authority	2026-10-06T18:42:29.2759817Z 
original-mining	Rejected cold restore preserves the entire live authority	2026-10-06T18:42:29.2759968Z warning: unused import: `crystal_quest_info_by_id`
original-mining	Rejected cold restore preserves the entire live authority	2026-10-06T18:42:29.2760358Z    --> apps/simulation/src/runtime/packets.rs:108:5
original-mining	Rejected cold restore preserves the entire live authority	2026-10-06T18:42:29.2760691Z     |
original-mining	Rejected cold restore preserves the entire live authority	2026-10-06T18:42:29.2761023Z 108 |     crystal_quest_info_by_id, crystal_quest_reward_selection_missing,
original-mining	Rejected cold restore preserves the entire live authority	2026-10-06T18:42:29.2761455Z     |     ^^^^^^^^^^^^^^^^^^^^^^^^
original-mining	Rejected cold restore preserves the entire live authority	2026-10-06T18:42:29.2761642Z 
original-mining	Rejected cold restore preserves the entire live authority	2026-10-06T18:42:29.2761828Z warning: unused import: `intelligent_creature_default_rules`
original-mining	Rejected cold restore preserves the entire live authority	2026-10-06T18:42:29.2762256Z    --> apps/simulation/src/runtime/packets.rs:125:5
original-mining	Rejected cold restore preserves the entire live authority	2026-10-06T18:42:29.2762600Z     |
original-mining	Rejected cold restore preserves the entire live authority	2026-10-06T18:42:29.2762972Z 125 |     intelligent_creature_default_rules, is_in_world, mark_crystal_packet_action,
original-mining	Rejected cold restore preserves the entire live authority	2026-10-06T18:42:29.2763462Z     |     ^^^^^^^^^^^^^^^^^^^^^^^^^^^^^^^^^^
original-mining	Rejected cold restore preserves the entire live authority	2026-10-06T18:42:29.2763771Z 
original-mining	Rejected cold restore preserves the entire live authority	2026-10-06T18:42:29.2764068Z warning: unused imports: `ZoneExperienceProfile` and `ZoneGuildExperienceMembership`
original-mining	Rejected cold restore preserves the entire live authority	2026-10-06T18:42:29.2764627Z  --> apps/simulation/src/runtime/zone/mod.rs:6:22
original-mining	Rejected cold restore preserves the entire live authority	2026-10-06T18:42:29.2764957Z   |
original-mining	Rejected cold restore preserves the entire live authority	2026-10-06T18:42:29.2765501Z 6 | pub use experience::{ZoneExperienceProfile,ZoneExperienceSelection,ZoneGuildExperienceMembership};
original-mining	Rejected cold restore preserves the entire live authority	2026-10-06T18:42:29.2766216Z   |                      ^^^^^^^^^^^^^^^^^^^^^                         ^^^^^^^^^^^^^^^^^^^^^^^^^^^^^
original-mining	Rejected cold restore preserves the entire live authority	2026-10-06T18:42:29.2766723Z 
original-mining	Rejected cold restore preserves the entire live authority	2026-10-06T18:42:29.2767104Z warning: use of deprecated method `bevy_ecs::world::World::iter_entities`: use world.query::<EntityRef>()` instead
original-mining	Rejected cold restore preserves the entire live authority	2026-10-06T18:42:29.2767750Z   --> apps/simulation/src/runtime/hero_cast.rs:61:22
original-mining	Rejected cold restore preserves the entire live authority	2026-10-06T18:42:29.2768082Z    |
original-mining	Rejected cold restore preserves the entire live authority	2026-10-06T18:42:29.2768358Z 61 |     let target=world.iter_entities().find_map(|entry| {
original-mining	Rejected cold restore preserves the entire live authority	2026-10-06T18:42:29.2768728Z    |                      ^^^^^^^^^^^^^
original-mining	Rejected cold restore preserves the entire live authority	2026-10-06T18:42:29.2778083Z    |
original-mining	Rejected cold restore preserves the entire live authority	2026-10-06T18:42:29.2782096Z    = note: `#[warn(deprecated)]` on by default
original-mining	Rejected cold restore preserves the entire live authority	2026-10-06T18:42:29.2782300Z 
original-mining	Rejected cold restore preserves the entire live authority	2026-10-06T18:42:29.2782566Z warning: use of deprecated method `bevy_ecs::world::World::iter_entities`: use world.query::<EntityRef>()` instead
original-mining	Rejected cold restore preserves the entire live authority	2026-10-06T18:42:29.2783039Z    --> apps/simulation/src/runtime/monster_ai/great_fox_spirit.rs:163:28
original-mining	Rejected cold restore preserves the entire live authority	2026-10-06T18:42:29.2783336Z     |
original-mining	Rejected cold restore preserves the entire live authority	2026-10-06T18:42:29.2783728Z 163 |     for candidate in world.iter_entities() {
original-mining	Rejected cold restore preserves the entire live authority	2026-10-06T18:42:29.2784072Z     |                            ^^^^^^^^^^^^^
original-mining	Rejected cold restore preserves the entire live authority	2026-10-06T18:42:29.2784269Z 
original-mining	Rejected cold restore preserves the entire live authority	2026-10-06T18:42:29.2784612Z warning: use of deprecated method `bevy_ecs::world::World::iter_entities`: use world.query::<EntityRef>()` instead
original-mining	Rejected cold restore preserves the entire live authority	2026-10-06T18:42:29.2785114Z     --> apps/simulation/src/runtime/packets.rs:7894:25
original-mining	Rejected cold restore preserves the entire live authority	2026-10-06T18:42:29.2785346Z      |
original-mining	Rejected cold restore preserves the entire live authority	2026-10-06T18:42:29.2785515Z 7894 |     for entity in world.iter_entities() {
original-mining	Rejected cold restore preserves the entire live authority	2026-10-06T18:42:29.2785738Z      |                         ^^^^^^^^^^^^^
original-mining	Rejected cold restore preserves the entire live authority	2026-10-06T18:42:29.2785874Z 
original-mining	Rejected cold restore preserves the entire live authority	2026-10-06T18:42:29.2786098Z warning: use of deprecated method `bevy_ecs::world::World::iter_entities`: use world.query::<EntityRef>()` instead
original-mining	Rejected cold restore preserves the entire live authority	2026-10-06T18:42:29.2786491Z    --> apps/simulation/src/runtime/session.rs:772:14
original-mining	Rejected cold restore preserves the entire live authority	2026-10-06T18:42:29.2786720Z     |
original-mining	Rejected cold restore preserves the entire live authority	2026-10-06T18:42:29.2786876Z 772 |             .iter_entities()
original-mining	Rejected cold restore preserves the entire live authority	2026-10-06T18:42:29.2787073Z     |              ^^^^^^^^^^^^^
original-mining	Rejected cold restore preserves the entire live authority	2026-10-06T18:42:29.2787190Z 
original-mining	Rejected cold restore preserves the entire live authority	2026-10-06T18:42:29.2787416Z warning: use of deprecated method `bevy_ecs::world::World::iter_entities`: use world.query::<EntityRef>()` instead
original-mining	Rejected cold restore preserves the entire live authority	2026-10-06T18:42:29.2787803Z     --> apps/simulation/src/runtime/skills.rs:5017:10
original-mining	Rejected cold restore preserves the entire live authority	2026-10-06T18:42:29.2788022Z      |
original-mining	Rejected cold restore preserves the entire live authority	2026-10-06T18:42:29.2788172Z 5017 |         .iter_entities()
original-mining	Rejected cold restore preserves the entire live authority	2026-10-06T18:42:29.2788356Z      |          ^^^^^^^^^^^^^
original-mining	Rejected cold restore preserves the entire live authority	2026-10-06T18:42:29.2788470Z 
original-mining	Rejected cold restore preserves the entire live authority	2026-10-06T18:42:29.2788692Z warning: use of deprecated method `bevy_ecs::world::World::iter_entities`: use world.query::<EntityRef>()` instead
original-mining	Rejected cold restore preserves the entire live authority	2026-10-06T18:42:29.2789072Z     --> apps/simulation/src/runtime/skills.rs:5100:10
original-mining	Rejected cold restore preserves the entire live authority	2026-10-06T18:42:29.2789287Z      |
original-mining	Rejected cold restore preserves the entire live authority	2026-10-06T18:42:29.2789434Z 5100 |         .iter_entities()
original-mining	Rejected cold restore preserves the entire live authority	2026-10-06T18:42:29.2789608Z      |          ^^^^^^^^^^^^^
original-mining	Rejected cold restore preserves the entire live authority	2026-10-06T18:42:29.2789917Z 
original-mining	Rejected cold restore preserves the entire live authority	2026-10-06T18:42:29.2790169Z warning: type `HeroSourceVersions` is more private than the item `config::AccountStoreRepositorySave::heroes`
original-mining	Rejected cold restore preserves the entire live authority	2026-10-06T18:42:29.2790555Z    --> apps/simulation/src/config.rs:912:5
original-mining	Rejected cold restore preserves the entire live authority	2026-10-06T18:42:29.2790758Z     |
original-mining	Rejected cold restore preserves the entire live authority	2026-10-06T18:42:29.2790955Z 912 |     pub(crate) heroes: hero_registry::HeroSourceVersions,
original-mining	Rejected cold restore preserves the entire live authority	2026-10-06T18:42:29.2791409Z     |     ^^^^^^^^^^^^^^^^^^^^^^^^^^^^^^^^^^^^^^^^^^^^^^^^^^^^ field `config::AccountStoreRepositorySave::heroes` is reachable at visibility `pub(crate)`
original-mining	Rejected cold restore preserves the entire live authority	2026-10-06T18:42:29.2791794Z     |
original-mining	Rejected cold restore preserves the entire live authority	2026-10-06T18:42:29.2792057Z note: but type `HeroSourceVersions` is only usable at visibility `pub(in crate::config)`
original-mining	Rejected cold restore preserves the entire live authority	2026-10-06T18:42:29.2792417Z    --> apps/simulation/src/config_hero_registry.rs:93:1
original-mining	Rejected cold restore preserves the entire live authority	2026-10-06T18:42:29.2792639Z     |
original-mining	Rejected cold restore preserves the entire live authority	2026-10-06T18:42:29.2792806Z 93  | pub(super) struct HeroSourceVersions {
original-mining	Rejected cold restore preserves the entire live authority	2026-10-06T18:42:29.2793022Z     | ^^^^^^^^^^^^^^^^^^^^^^^^^^^^^^^^^^^^
original-mining	Rejected cold restore preserves the entire live authority	2026-10-06T18:42:29.2793246Z     = note: `#[warn(private_interfaces)]` on by default
original-mining	Rejected cold restore preserves the entire live authority	2026-10-06T18:42:29.2793410Z 
original-mining	Rejected cold restore preserves the entire live authority	2026-10-06T18:42:29.2793798Z warning: type `ZoneCombatEntityRef` is more private than the item `tree_queen_ai::TreeQueenRoot::source_ref`
original-mining	Rejected cold restore preserves the entire live authority	2026-10-06T18:42:29.2794236Z   --> apps/simulation/src/runtime/zone/runtime/tree_queen_ai.rs:39:5
original-mining	Rejected cold restore preserves the entire live authority	2026-10-06T18:42:29.2794497Z    |
original-mining	Rejected cold restore preserves the entire live authority	2026-10-06T18:42:29.2794678Z 39 |     pub source_ref: Option<ZoneCombatEntityRef>,
original-mining	Rejected cold restore preserves the entire live authority	2026-10-06T18:42:29.2795234Z    |     ^^^^^^^^^^^^^^^^^^^^^^^^^^^^^^^^^^^^^^^^^^^ field `tree_queen_ai::TreeQueenRoot::source_ref` is reachable at visibility `pub(in crate::runtime::zone)`
original-mining	Rejected cold restore preserves the entire live authority	2026-10-06T18:42:29.2795628Z    |
original-mining	Rejected cold restore preserves the entire live authority	2026-10-06T18:42:29.2795925Z note: but type `ZoneCombatEntityRef` is only usable at visibility `pub(in crate::runtime::zone::runtime)`
original-mining	Rejected cold restore preserves the entire live authority	2026-10-06T18:42:29.2796340Z   --> apps/simulation/src/runtime/zone/runtime/entity_combat.rs:7:1
original-mining	Rejected cold restore preserves the entire live authority	2026-10-06T18:42:29.2796595Z    |
original-mining	Rejected cold restore preserves the entire live authority	2026-10-06T18:42:29.2796755Z 7  | pub(super) enum ZoneCombatEntityRef {
original-mining	Rejected cold restore preserves the entire live authority	2026-10-06T18:42:29.2796965Z    | ^^^^^^^^^^^^^^^^^^^^^^^^^^^^^^^^^^^
original-mining	Rejected cold restore preserves the entire live authority	2026-10-06T18:42:29.2797103Z 
original-mining	Rejected cold restore preserves the entire live authority	2026-10-06T18:42:29.2797296Z warning: type `ZoneCombatEntityRef` is more private than the item `EvilMirState::target_ref`
original-mining	Rejected cold restore preserves the entire live authority	2026-10-06T18:42:29.2797689Z   --> apps/simulation/src/runtime/zone/runtime/evil_mir_ai.rs:11:5
original-mining	Rejected cold restore preserves the entire live authority	2026-10-06T18:42:29.2797940Z    |
original-mining	Rejected cold restore preserves the entire live authority	2026-10-06T18:42:29.2798113Z 11 |     pub target_ref: Option<ZoneCombatEntityRef>,
original-mining	Rejected cold restore preserves the entire live authority	2026-10-06T18:42:29.2798506Z    |     ^^^^^^^^^^^^^^^^^^^^^^^^^^^^^^^^^^^^^^^^^^^ field `EvilMirState::target_ref` is reachable at visibility `pub(in crate::runtime::zone)`
original-mining	Rejected cold restore preserves the entire live authority	2026-10-06T18:42:29.2798857Z    |
original-mining	Rejected cold restore preserves the entire live authority	2026-10-06T18:42:29.2799145Z note: but type `ZoneCombatEntityRef` is only usable at visibility `pub(in crate::runtime::zone::runtime)`
original-mining	Rejected cold restore preserves the entire live authority	2026-10-06T18:42:29.2799552Z   --> apps/simulation/src/runtime/zone/runtime/entity_combat.rs:7:1
original-mining	Rejected cold restore preserves the entire live authority	2026-10-06T18:42:29.2799802Z    |
original-mining	Rejected cold restore preserves the entire live authority	2026-10-06T18:42:29.2799960Z 7  | pub(super) enum ZoneCombatEntityRef {
original-mining	Rejected cold restore preserves the entire live authority	2026-10-06T18:42:29.2800166Z    | ^^^^^^^^^^^^^^^^^^^^^^^^^^^^^^^^^^^
original-mining	Rejected cold restore preserves the entire live authority	2026-10-06T18:42:29.2800293Z 
original-mining	Rejected cold restore preserves the entire live authority	2026-10-06T18:42:29.2800501Z warning: type `ZoneCombatEntityRef` is more private than the item `EvilMirPendingSource::source`
original-mining	Rejected cold restore preserves the entire live authority	2026-10-06T18:42:29.2800894Z   --> apps/simulation/src/runtime/zone/runtime/evil_mir_ai.rs:20:5
original-mining	Rejected cold restore preserves the entire live authority	2026-10-06T18:42:29.2801147Z    |
original-mining	Rejected cold restore preserves the entire live authority	2026-10-06T18:42:29.2801306Z 20 |     pub source: ZoneCombatEntityRef,
original-mining	Rejected cold restore preserves the entire live authority	2026-10-06T18:42:29.2801683Z    |     ^^^^^^^^^^^^^^^^^^^^^^^^^^^^^^^ field `EvilMirPendingSource::source` is reachable at visibility `pub(in crate::runtime::zone)`
original-mining	Rejected cold restore preserves the entire live authority	2026-10-06T18:42:29.2802046Z    |
original-mining	Rejected cold restore preserves the entire live authority	2026-10-06T18:42:29.2802333Z note: but type `ZoneCombatEntityRef` is only usable at visibility `pub(in crate::runtime::zone::runtime)`
original-mining	Rejected cold restore preserves the entire live authority	2026-10-06T18:42:29.2802741Z   --> apps/simulation/src/runtime/zone/runtime/entity_combat.rs:7:1
original-mining	Rejected cold restore preserves the entire live authority	2026-10-06T18:42:29.2802988Z    |
original-mining	Rejected cold restore preserves the entire live authority	2026-10-06T18:42:29.2803144Z 7  | pub(super) enum ZoneCombatEntityRef {
original-mining	Rejected cold restore preserves the entire live authority	2026-10-06T18:42:29.2803349Z    | ^^^^^^^^^^^^^^^^^^^^^^^^^^^^^^^^^^^
original-mining	Rejected cold restore preserves the entire live authority	2026-10-06T18:42:29.2803469Z 
original-mining	Rejected cold restore preserves the entire live authority	2026-10-06T18:42:29.2803886Z warning: type `ZoneCombatEntityRef` is more private than the item `GreatFoxState::target_ref`
original-mining	Rejected cold restore preserves the entire live authority	2026-10-06T18:42:29.2804408Z   --> apps/simulation/src/runtime/zone/runtime/great_fox_ai.rs:15:5
original-mining	Rejected cold restore preserves the entire live authority	2026-10-06T18:42:29.2804662Z    |
original-mining	Rejected cold restore preserves the entire live authority	2026-10-06T18:42:29.2804837Z 15 |     pub target_ref: Option<ZoneCombatEntityRef>,
original-mining	Rejected cold restore preserves the entire live authority	2026-10-06T18:42:29.2805235Z    |     ^^^^^^^^^^^^^^^^^^^^^^^^^^^^^^^^^^^^^^^^^^^ field `GreatFoxState::target_ref` is reachable at visibility `pub(in crate::runtime::zone)`
original-mining	Rejected cold restore preserves the entire live authority	2026-10-06T18:42:29.2805596Z    |
original-mining	Rejected cold restore preserves the entire live authority	2026-10-06T18:42:29.2805884Z note: but type `ZoneCombatEntityRef` is only usable at visibility `pub(in crate::runtime::zone::runtime)`
original-mining	Rejected cold restore preserves the entire live authority	2026-10-06T18:42:29.2806285Z   --> apps/simulation/src/runtime/zone/runtime/entity_combat.rs:7:1
original-mining	Rejected cold restore preserves the entire live authority	2026-10-06T18:42:29.2806536Z    |
original-mining	Rejected cold restore preserves the entire live authority	2026-10-06T18:42:29.2806690Z 7  | pub(super) enum ZoneCombatEntityRef {
original-mining	Rejected cold restore preserves the entire live authority	2026-10-06T18:42:29.2806898Z    | ^^^^^^^^^^^^^^^^^^^^^^^^^^^^^^^^^^^
original-mining	Rejected cold restore preserves the entire live authority	2026-10-06T18:42:29.2807028Z 
original-mining	Rejected cold restore preserves the entire live authority	2026-10-06T18:42:29.2807218Z warning: type `ZoneCombatEntityRef` is more private than the item `GreatFoxHit::source_ref`
original-mining	Rejected cold restore preserves the entire live authority	2026-10-06T18:42:29.2807606Z   --> apps/simulation/src/runtime/zone/runtime/great_fox_ai.rs:42:5
original-mining	Rejected cold restore preserves the entire live authority	2026-10-06T18:42:29.2807858Z    |
original-mining	Rejected cold restore preserves the entire live authority	2026-10-06T18:42:29.2808026Z 42 |     pub source_ref: Option<ZoneCombatEntityRef>,
original-mining	Rejected cold restore preserves the entire live authority	2026-10-06T18:42:29.2808406Z    |     ^^^^^^^^^^^^^^^^^^^^^^^^^^^^^^^^^^^^^^^^^^^ field `GreatFoxHit::source_ref` is reachable at visibility `pub(in crate::runtime::zone)`
original-mining	Rejected cold restore preserves the entire live authority	2026-10-06T18:42:29.2808860Z    |
original-mining	Rejected cold restore preserves the entire live authority	2026-10-06T18:42:29.2809150Z note: but type `ZoneCombatEntityRef` is only usable at visibility `pub(in crate::runtime::zone::runtime)`
original-mining	Rejected cold restore preserves the entire live authority	2026-10-06T18:42:29.2809554Z   --> apps/simulation/src/runtime/zone/runtime/entity_combat.rs:7:1
original-mining	Rejected cold restore preserves the entire live authority	2026-10-06T18:42:29.2809840Z    |
original-mining	Rejected cold restore preserves the entire live authority	2026-10-06T18:42:29.2810002Z 7  | pub(super) enum ZoneCombatEntityRef {
original-mining	Rejected cold restore preserves the entire live authority	2026-10-06T18:42:29.2810204Z    | ^^^^^^^^^^^^^^^^^^^^^^^^^^^^^^^^^^^
original-mining	Rejected cold restore preserves the entire live authority	2026-10-06T18:42:29.2810347Z 
original-mining	Rejected cold restore preserves the entire live authority	2026-10-06T18:42:29.2810544Z warning: type `ZoneCombatEntityRef` is more private than the item `GreatFoxHit::target_ref`
original-mining	Rejected cold restore preserves the entire live authority	2026-10-06T18:42:29.2810949Z   --> apps/simulation/src/runtime/zone/runtime/great_fox_ai.rs:44:5
original-mining	Rejected cold restore preserves the entire live authority	2026-10-06T18:42:29.2811196Z    |
original-mining	Rejected cold restore preserves the entire live authority	2026-10-06T18:42:29.2811367Z 44 |     pub target_ref: Option<ZoneCombatEntityRef>,
original-mining	Rejected cold restore preserves the entire live authority	2026-10-06T18:42:29.2811766Z    |     ^^^^^^^^^^^^^^^^^^^^^^^^^^^^^^^^^^^^^^^^^^^ field `GreatFoxHit::target_ref` is reachable at visibility `pub(in crate::runtime::zone)`
original-mining	Rejected cold restore preserves the entire live authority	2026-10-06T18:42:29.2812117Z    |
original-mining	Rejected cold restore preserves the entire live authority	2026-10-06T18:42:29.2812422Z note: but type `ZoneCombatEntityRef` is only usable at visibility `pub(in crate::runtime::zone::runtime)`
original-mining	Rejected cold restore preserves the entire live authority	2026-10-06T18:42:29.2812835Z   --> apps/simulation/src/runtime/zone/runtime/entity_combat.rs:7:1
original-mining	Rejected cold restore preserves the entire live authority	2026-10-06T18:42:29.2813092Z    |
original-mining	Rejected cold restore preserves the entire live authority	2026-10-06T18:42:29.2813315Z 7  | pub(super) enum ZoneCombatEntityRef {
original-mining	Rejected cold restore preserves the entire live authority	2026-10-06T18:42:29.2813673Z    | ^^^^^^^^^^^^^^^^^^^^^^^^^^^^^^^^^^^
original-mining	Rejected cold restore preserves the entire live authority	2026-10-06T18:42:29.2813819Z 
original-mining	Rejected cold restore preserves the entire live authority	2026-10-06T18:42:29.2814047Z warning: type `ZoneCombatEntityRef` is more private than the item `HornedEncounterState::target_ref`
original-mining	Rejected cold restore preserves the entire live authority	2026-10-06T18:42:29.2814482Z   --> apps/simulation/src/runtime/zone/runtime/horned_encounter_ai.rs:12:5
original-mining	Rejected cold restore preserves the entire live authority	2026-10-06T18:42:29.2814772Z    |
original-mining	Rejected cold restore preserves the entire live authority	2026-10-06T18:42:29.2814945Z 12 |     pub target_ref: Option<ZoneCombatEntityRef>,
original-mining	Rejected cold restore preserves the entire live authority	2026-10-06T18:42:29.2815381Z    |     ^^^^^^^^^^^^^^^^^^^^^^^^^^^^^^^^^^^^^^^^^^^ field `HornedEncounterState::target_ref` is reachable at visibility `pub(in crate::runtime::zone)`
original-mining	Rejected cold restore preserves the entire live authority	2026-10-06T18:42:29.2815765Z    |
original-mining	Rejected cold restore preserves the entire live authority	2026-10-06T18:42:29.2816076Z note: but type `ZoneCombatEntityRef` is only usable at visibility `pub(in crate::runtime::zone::runtime)`
original-mining	Rejected cold restore preserves the entire live authority	2026-10-06T18:42:29.2816484Z   --> apps/simulation/src/runtime/zone/runtime/entity_combat.rs:7:1
original-mining	Rejected cold restore preserves the entire live authority	2026-10-06T18:42:29.2816733Z    |
original-mining	Rejected cold restore preserves the entire live authority	2026-10-06T18:42:29.2816888Z 7  | pub(super) enum ZoneCombatEntityRef {
original-mining	Rejected cold restore preserves the entire live authority	2026-10-06T18:42:29.2817092Z    | ^^^^^^^^^^^^^^^^^^^^^^^^^^^^^^^^^^^
original-mining	Rejected cold restore preserves the entire live authority	2026-10-06T18:42:29.2817217Z 
original-mining	Rejected cold restore preserves the entire live authority	2026-10-06T18:42:29.2817419Z warning: type `ZoneCombatEntityRef` is more private than the item `HornedEncounterHit::source_ref`
original-mining	Rejected cold restore preserves the entire live authority	2026-10-06T18:42:29.2817834Z   --> apps/simulation/src/runtime/zone/runtime/horned_encounter_ai.rs:38:5
original-mining	Rejected cold restore preserves the entire live authority	2026-10-06T18:42:29.2818245Z    |
original-mining	Rejected cold restore preserves the entire live authority	2026-10-06T18:42:29.2818422Z 38 |     pub source_ref: Option<ZoneCombatEntityRef>,
original-mining	Rejected cold restore preserves the entire live authority	2026-10-06T18:42:29.2818825Z    |     ^^^^^^^^^^^^^^^^^^^^^^^^^^^^^^^^^^^^^^^^^^^ field `HornedEncounterHit::source_ref` is reachable at visibility `pub(in crate::runtime::zone)`
original-mining	Rejected cold restore preserves the entire live authority	2026-10-06T18:42:29.2819202Z    |
original-mining	Rejected cold restore preserves the entire live authority	2026-10-06T18:42:29.2819507Z note: but type `ZoneCombatEntityRef` is only usable at visibility `pub(in crate::runtime::zone::runtime)`
original-mining	Rejected cold restore preserves the entire live authority	2026-10-06T18:42:29.2819937Z   --> apps/simulation/src/runtime/zone/runtime/entity_combat.rs:7:1
original-mining	Rejected cold restore preserves the entire live authority	2026-10-06T18:42:29.2820189Z    |
original-mining	Rejected cold restore preserves the entire live authority	2026-10-06T18:42:29.2820350Z 7  | pub(super) enum ZoneCombatEntityRef {
original-mining	Rejected cold restore preserves the entire live authority	2026-10-06T18:42:29.2820557Z    | ^^^^^^^^^^^^^^^^^^^^^^^^^^^^^^^^^^^
original-mining	Rejected cold restore preserves the entire live authority	2026-10-06T18:42:29.2820687Z 
original-mining	Rejected cold restore preserves the entire live authority	2026-10-06T18:42:29.2820895Z warning: type `ZoneCombatEntityRef` is more private than the item `HornedEncounterHit::target_ref`
original-mining	Rejected cold restore preserves the entire live authority	2026-10-06T18:42:29.2821316Z   --> apps/simulation/src/runtime/zone/runtime/horned_encounter_ai.rs:41:5
original-mining	Rejected cold restore preserves the entire live authority	2026-10-06T18:42:29.2821601Z    |
original-mining	Rejected cold restore preserves the entire live authority	2026-10-06T18:42:29.2821779Z 41 |     pub target_ref: Option<ZoneCombatEntityRef>,
original-mining	Rejected cold restore preserves the entire live authority	2026-10-06T18:42:29.2822191Z    |     ^^^^^^^^^^^^^^^^^^^^^^^^^^^^^^^^^^^^^^^^^^^ field `HornedEncounterHit::target_ref` is reachable at visibility `pub(in crate::runtime::zone)`
original-mining	Rejected cold restore preserves the entire live authority	2026-10-06T18:42:29.2822582Z    |
original-mining	Rejected cold restore preserves the entire live authority	2026-10-06T18:42:29.2822880Z note: but type `ZoneCombatEntityRef` is only usable at visibility `pub(in crate::runtime::zone::runtime)`
original-mining	Rejected cold restore preserves the entire live authority	2026-10-06T18:42:29.2823393Z   --> apps/simulation/src/runtime/zone/runtime/entity_combat.rs:7:1
original-mining	Rejected cold restore preserves the entire live authority	2026-10-06T18:42:29.2823835Z    |
original-mining	Rejected cold restore preserves the entire live authority	2026-10-06T18:42:29.2823992Z 7  | pub(super) enum ZoneCombatEntityRef {
original-mining	Rejected cold restore preserves the entire live authority	2026-10-06T18:42:29.2824193Z    | ^^^^^^^^^^^^^^^^^^^^^^^^^^^^^^^^^^^
original-mining	Rejected cold restore preserves the entire live authority	2026-10-06T18:42:29.2824314Z 
original-mining	Rejected cold restore preserves the entire live authority	2026-10-06T18:42:29.2824515Z warning: type `ZoneCombatEntityRef` is more private than the item `HornedMapSpell::source_ref`
original-mining	Rejected cold restore preserves the entire live authority	2026-10-06T18:42:29.2824949Z   --> apps/simulation/src/runtime/zone/runtime/horned_encounter_ai.rs:60:5
original-mining	Rejected cold restore preserves the entire live authority	2026-10-06T18:42:29.2825226Z    |
original-mining	Rejected cold restore preserves the entire live authority	2026-10-06T18:42:29.2825392Z 60 |     pub source_ref: Option<ZoneCombatEntityRef>,
original-mining	Rejected cold restore preserves the entire live authority	2026-10-06T18:42:29.2825781Z    |     ^^^^^^^^^^^^^^^^^^^^^^^^^^^^^^^^^^^^^^^^^^^ field `HornedMapSpell::source_ref` is reachable at visibility `pub(in crate::runtime::zone)`
original-mining	Rejected cold restore preserves the entire live authority	2026-10-06T18:42:29.2826140Z    |
original-mining	Rejected cold restore preserves the entire live authority	2026-10-06T18:42:29.2826425Z note: but type `ZoneCombatEntityRef` is only usable at visibility `pub(in crate::runtime::zone::runtime)`
original-mining	Rejected cold restore preserves the entire live authority	2026-10-06T18:42:29.2826827Z   --> apps/simulation/src/runtime/zone/runtime/entity_combat.rs:7:1
original-mining	Rejected cold restore preserves the entire live authority	2026-10-06T18:42:29.2827075Z    |
original-mining	Rejected cold restore preserves the entire live authority	2026-10-06T18:42:29.2827244Z 7  | pub(super) enum ZoneCombatEntityRef {
original-mining	Rejected cold restore preserves the entire live authority	2026-10-06T18:42:29.2827444Z    | ^^^^^^^^^^^^^^^^^^^^^^^^^^^^^^^^^^^
original-mining	Rejected cold restore preserves the entire live authority	2026-10-06T18:42:29.2827567Z 
original-mining	Rejected cold restore preserves the entire live authority	2026-10-06T18:42:29.2827755Z warning: type `ZoneCombatEntityRef` is more private than the item `HornedState::target_ref`
original-mining	Rejected cold restore preserves the entire live authority	2026-10-06T18:42:29.2828153Z   --> apps/simulation/src/runtime/zone/runtime/horned_ai.rs:14:5
original-mining	Rejected cold restore preserves the entire live authority	2026-10-06T18:42:29.2828402Z    |
original-mining	Rejected cold restore preserves the entire live authority	2026-10-06T18:42:29.2828578Z 14 |     pub target_ref: Option<ZoneCombatEntityRef>,
original-mining	Rejected cold restore preserves the entire live authority	2026-10-06T18:42:29.2828981Z    |     ^^^^^^^^^^^^^^^^^^^^^^^^^^^^^^^^^^^^^^^^^^^ field `HornedState::target_ref` is reachable at visibility `pub(in crate::runtime::zone)`
original-mining	Rejected cold restore preserves the entire live authority	2026-10-06T18:42:29.2829335Z    |
original-mining	Rejected cold restore preserves the entire live authority	2026-10-06T18:42:29.2829636Z note: but type `ZoneCombatEntityRef` is only usable at visibility `pub(in crate::runtime::zone::runtime)`
original-mining	Rejected cold restore preserves the entire live authority	2026-10-06T18:42:29.2830071Z   --> apps/simulation/src/runtime/zone/runtime/entity_combat.rs:7:1
original-mining	Rejected cold restore preserves the entire live authority	2026-10-06T18:42:29.2830333Z    |
original-mining	Rejected cold restore preserves the entire live authority	2026-10-06T18:42:29.2830505Z 7  | pub(super) enum ZoneCombatEntityRef {
original-mining	Rejected cold restore preserves the entire live authority	2026-10-06T18:42:29.2830715Z    | ^^^^^^^^^^^^^^^^^^^^^^^^^^^^^^^^^^^
original-mining	Rejected cold restore preserves the entire live authority	2026-10-06T18:42:29.2830845Z 
original-mining	Rejected cold restore preserves the entire live authority	2026-10-06T18:42:29.2831028Z warning: type `ZoneCombatEntityRef` is more private than the item `HornedHit::source_ref`
original-mining	Rejected cold restore preserves the entire live authority	2026-10-06T18:42:29.2831408Z   --> apps/simulation/src/runtime/zone/runtime/horned_ai.rs:28:5
original-mining	Rejected cold restore preserves the entire live authority	2026-10-06T18:42:29.2831652Z    |
original-mining	Rejected cold restore preserves the entire live authority	2026-10-06T18:42:29.2831817Z 28 |     pub source_ref: Option<ZoneCombatEntityRef>,
original-mining	Rejected cold restore preserves the entire live authority	2026-10-06T18:42:29.2832320Z    |     ^^^^^^^^^^^^^^^^^^^^^^^^^^^^^^^^^^^^^^^^^^^ field `HornedHit::source_ref` is reachable at visibility `pub(in crate::runtime::zone)`
original-mining	Rejected cold restore preserves the entire live authority	2026-10-06T18:42:29.2832662Z    |
original-mining	Rejected cold restore preserves the entire live authority	2026-10-06T18:42:29.2832946Z note: but type `ZoneCombatEntityRef` is only usable at visibility `pub(in crate::runtime::zone::runtime)`
original-mining	Rejected cold restore preserves the entire live authority	2026-10-06T18:42:29.2833367Z   --> apps/simulation/src/runtime/zone/runtime/entity_combat.rs:7:1
original-mining	Rejected cold restore preserves the entire live authority	2026-10-06T18:42:29.2833767Z    |
original-mining	Rejected cold restore preserves the entire live authority	2026-10-06T18:42:29.2833919Z 7  | pub(super) enum ZoneCombatEntityRef {
original-mining	Rejected cold restore preserves the entire live authority	2026-10-06T18:42:29.2834118Z    | ^^^^^^^^^^^^^^^^^^^^^^^^^^^^^^^^^^^
original-mining	Rejected cold restore preserves the entire live authority	2026-10-06T18:42:29.2834244Z 
original-mining	Rejected cold restore preserves the entire live authority	2026-10-06T18:42:29.2834430Z warning: type `ZoneCombatEntityRef` is more private than the item `HornedHit::target_ref`
original-mining	Rejected cold restore preserves the entire live authority	2026-10-06T18:42:29.2834800Z   --> apps/simulation/src/runtime/zone/runtime/horned_ai.rs:30:5
original-mining	Rejected cold restore preserves the entire live authority	2026-10-06T18:42:29.2835045Z    |
original-mining	Rejected cold restore preserves the entire live authority	2026-10-06T18:42:29.2835213Z 30 |     pub target_ref: Option<ZoneCombatEntityRef>,
original-mining	Rejected cold restore preserves the entire live authority	2026-10-06T18:42:29.2835604Z    |     ^^^^^^^^^^^^^^^^^^^^^^^^^^^^^^^^^^^^^^^^^^^ field `HornedHit::target_ref` is reachable at visibility `pub(in crate::runtime::zone)`
original-mining	Rejected cold restore preserves the entire live authority	2026-10-06T18:42:29.2835959Z    |
original-mining	Rejected cold restore preserves the entire live authority	2026-10-06T18:42:29.2836252Z note: but type `ZoneCombatEntityRef` is only usable at visibility `pub(in crate::runtime::zone::runtime)`
original-mining	Rejected cold restore preserves the entire live authority	2026-10-06T18:42:29.2836664Z   --> apps/simulation/src/runtime/zone/runtime/entity_combat.rs:7:1
original-mining	Rejected cold restore preserves the entire live authority	2026-10-06T18:42:29.2837055Z    |
original-mining	Rejected cold restore preserves the entire live authority	2026-10-06T18:42:29.2837215Z 7  | pub(super) enum ZoneCombatEntityRef {
original-mining	Rejected cold restore preserves the entire live authority	2026-10-06T18:42:29.2837419Z    | ^^^^^^^^^^^^^^^^^^^^^^^^^^^^^^^^^^^
original-mining	Rejected cold restore preserves the entire live authority	2026-10-06T18:42:29.2837540Z 
original-mining	Rejected cold restore preserves the entire live authority	2026-10-06T18:42:29.2837750Z warning: type `ZoneCombatEntityRef` is more private than the item `HellState::explosion_source_ref`
original-mining	Rejected cold restore preserves the entire live authority	2026-10-06T18:42:29.2838145Z   --> apps/simulation/src/runtime/zone/runtime/hell_ai.rs:14:5
original-mining	Rejected cold restore preserves the entire live authority	2026-10-06T18:42:29.2838405Z    |
original-mining	Rejected cold restore preserves the entire live authority	2026-10-06T18:42:29.2838597Z 14 |     pub explosion_source_ref: Option<ZoneCombatEntityRef>,
original-mining	Rejected cold restore preserves the entire live authority	2026-10-06T18:42:29.2839037Z    |     ^^^^^^^^^^^^^^^^^^^^^^^^^^^^^^^^^^^^^^^^^^^^^^^^^^^^^ field `HellState::explosion_source_ref` is reachable at visibility `pub(in crate::runtime::zone)`
original-mining	Rejected cold restore preserves the entire live authority	2026-10-06T18:42:29.2839428Z    |
original-mining	Rejected cold restore preserves the entire live authority	2026-10-06T18:42:29.2839728Z note: but type `ZoneCombatEntityRef` is only usable at visibility `pub(in crate::runtime::zone::runtime)`
original-mining	Rejected cold restore preserves the entire live authority	2026-10-06T18:42:29.2840144Z   --> apps/simulation/src/runtime/zone/runtime/entity_combat.rs:7:1
original-mining	Rejected cold restore preserves the entire live authority	2026-10-06T18:42:29.2840399Z    |
original-mining	Rejected cold restore preserves the entire live authority	2026-10-06T18:42:29.2840552Z 7  | pub(super) enum ZoneCombatEntityRef {
original-mining	Rejected cold restore preserves the entire live authority	2026-10-06T18:42:29.2840752Z    | ^^^^^^^^^^^^^^^^^^^^^^^^^^^^^^^^^^^
original-mining	Rejected cold restore preserves the entire live authority	2026-10-06T18:42:29.2840877Z 
original-mining	Rejected cold restore preserves the entire live authority	2026-10-06T18:42:29.2841069Z warning: type `ZoneCombatEntityRef` is more private than the item `SpiderAiState::parent_ref`
original-mining	Rejected cold restore preserves the entire live authority	2026-10-06T18:42:29.2841467Z   --> apps/simulation/src/runtime/zone/runtime/spider_ai.rs:40:5
original-mining	Rejected cold restore preserves the entire live authority	2026-10-06T18:42:29.2841713Z    |
original-mining	Rejected cold restore preserves the entire live authority	2026-10-06T18:42:29.2841880Z 40 |     pub parent_ref: Option<ZoneCombatEntityRef>,
original-mining	Rejected cold restore preserves the entire live authority	2026-10-06T18:42:29.2842278Z    |     ^^^^^^^^^^^^^^^^^^^^^^^^^^^^^^^^^^^^^^^^^^^ field `SpiderAiState::parent_ref` is reachable at visibility `pub(in crate::runtime::zone)`
original-mining	Rejected cold restore preserves the entire live authority	2026-10-06T18:42:29.2842660Z    |
original-mining	Rejected cold restore preserves the entire live authority	2026-10-06T18:42:29.2842958Z note: but type `ZoneCombatEntityRef` is only usable at visibility `pub(in crate::runtime::zone::runtime)`
original-mining	Rejected cold restore preserves the entire live authority	2026-10-06T18:42:29.2843384Z   --> apps/simulation/src/runtime/zone/runtime/entity_combat.rs:7:1
original-mining	Rejected cold restore preserves the entire live authority	2026-10-06T18:42:29.2843775Z    |
original-mining	Rejected cold restore preserves the entire live authority	2026-10-06T18:42:29.2843934Z 7  | pub(super) enum ZoneCombatEntityRef {
original-mining	Rejected cold restore preserves the entire live authority	2026-10-06T18:42:29.2844141Z    | ^^^^^^^^^^^^^^^^^^^^^^^^^^^^^^^^^^^
original-mining	Rejected cold restore preserves the entire live authority	2026-10-06T18:42:29.2844288Z 
original-mining	Rejected cold restore preserves the entire live authority	2026-10-06T18:42:29.2844499Z warning: type `ZoneCombatEntityRef` is more private than the item `PendingRootSpiderSpawn::source`
original-mining	Rejected cold restore preserves the entire live authority	2026-10-06T18:42:29.2844904Z   --> apps/simulation/src/runtime/zone/runtime/spider_ai.rs:52:5
original-mining	Rejected cold restore preserves the entire live authority	2026-10-06T18:42:29.2845150Z    |
original-mining	Rejected cold restore preserves the entire live authority	2026-10-06T18:42:29.2845315Z 52 |     pub source: Option<ZoneCombatEntityRef>,
original-mining	Rejected cold restore preserves the entire live authority	2026-10-06T18:42:29.2845721Z    |     ^^^^^^^^^^^^^^^^^^^^^^^^^^^^^^^^^^^^^^^ field `PendingRootSpiderSpawn::source` is reachable at visibility `pub(in crate::runtime::zone)`
original-mining	Rejected cold restore preserves the entire live authority	2026-10-06T18:42:29.2846230Z    |
original-mining	Rejected cold restore preserves the entire live authority	2026-10-06T18:42:29.2846519Z note: but type `ZoneCombatEntityRef` is only usable at visibility `pub(in crate::runtime::zone::runtime)`
original-mining	Rejected cold restore preserves the entire live authority	2026-10-06T18:42:29.2846925Z   --> apps/simulation/src/runtime/zone/runtime/entity_combat.rs:7:1
original-mining	Rejected cold restore preserves the entire live authority	2026-10-06T18:42:29.2847173Z    |
original-mining	Rejected cold restore preserves the entire live authority	2026-10-06T18:42:29.2847346Z 7  | pub(super) enum ZoneCombatEntityRef {
original-mining	Rejected cold restore preserves the entire live authority	2026-10-06T18:42:29.2847560Z    | ^^^^^^^^^^^^^^^^^^^^^^^^^^^^^^^^^^^
original-mining	Rejected cold restore preserves the entire live authority	2026-10-06T18:42:29.2847680Z 
original-mining	Rejected cold restore preserves the entire live authority	2026-10-06T18:42:29.2847889Z warning: type `ZoneCombatEntityRef` is more private than the item `PendingRootSpiderSpawn::target`
original-mining	Rejected cold restore preserves the entire live authority	2026-10-06T18:42:29.2848285Z   --> apps/simulation/src/runtime/zone/runtime/spider_ai.rs:54:5
original-mining	Rejected cold restore preserves the entire live authority	2026-10-06T18:42:29.2848545Z    |
original-mining	Rejected cold restore preserves the entire live authority	2026-10-06T18:42:29.2848733Z 54 |     pub target: Option<ZoneCombatEntityRef>,
original-mining	Rejected cold restore preserves the entire live authority	2026-10-06T18:42:29.2849145Z    |     ^^^^^^^^^^^^^^^^^^^^^^^^^^^^^^^^^^^^^^^ field `PendingRootSpiderSpawn::target` is reachable at visibility `pub(in crate::runtime::zone)`
original-mining	Rejected cold restore preserves the entire live authority	2026-10-06T18:42:29.2849534Z    |
original-mining	Rejected cold restore preserves the entire live authority	2026-10-06T18:42:29.2849828Z note: but type `ZoneCombatEntityRef` is only usable at visibility `pub(in crate::runtime::zone::runtime)`
original-mining	Rejected cold restore preserves the entire live authority	2026-10-06T18:42:29.2850251Z   --> apps/simulation/src/runtime/zone/runtime/entity_combat.rs:7:1
original-mining	Rejected cold restore preserves the entire live authority	2026-10-06T18:42:29.2850505Z    |
original-mining	Rejected cold restore preserves the entire live authority	2026-10-06T18:42:29.2850660Z 7  | pub(super) enum ZoneCombatEntityRef {
original-mining	Rejected cold restore preserves the entire live authority	2026-10-06T18:42:29.2850865Z    | ^^^^^^^^^^^^^^^^^^^^^^^^^^^^^^^^^^^
original-mining	Rejected cold restore preserves the entire live authority	2026-10-06T18:42:29.2851181Z 
original-mining	Rejected cold restore preserves the entire live authority	2026-10-06T18:42:29.2851354Z warning: methods `scoped_to_account` and `scoped_to_accounts` are never used
original-mining	Rejected cold restore preserves the entire live authority	2026-10-06T18:42:29.2851660Z    --> apps/simulation/src/config.rs:404:8
original-mining	Rejected cold restore preserves the entire live authority	2026-10-06T18:42:29.2851855Z     |
original-mining	Rejected cold restore preserves the entire live authority	2026-10-06T18:42:29.2852007Z 266 | impl AccountStore {
original-mining	Rejected cold restore preserves the entire live authority	2026-10-06T18:42:29.2852217Z     | ----------------- methods in this implementation
original-mining	Rejected cold restore preserves the entire live authority	2026-10-06T18:42:29.2852437Z ...
original-mining	Rejected cold restore preserves the entire live authority	2026-10-06T18:42:29.2852629Z 404 |     fn scoped_to_account(&self, account_id: &str) -> Self {
original-mining	Rejected cold restore preserves the entire live authority	2026-10-06T18:42:29.2852873Z     |        ^^^^^^^^^^^^^^^^^
original-mining	Rejected cold restore preserves the entire live authority	2026-10-06T18:42:29.2853041Z ...
original-mining	Rejected cold restore preserves the entire live authority	2026-10-06T18:42:29.2853242Z 408 |     fn scoped_to_accounts(&self, account_ids: &[&str]) -> Self {
original-mining	Rejected cold restore preserves the entire live authority	2026-10-06T18:42:29.2853498Z     |        ^^^^^^^^^^^^^^^^^^
original-mining	Rejected cold restore preserves the entire live authority	2026-10-06T18:42:29.2853808Z     |
original-mining	Rejected cold restore preserves the entire live authority	2026-10-06T18:42:29.2853988Z     = note: `#[warn(dead_code)]` on by default
original-mining	Rejected cold restore preserves the entire live authority	2026-10-06T18:42:29.2854138Z 
original-mining	Rejected cold restore preserves the entire live authority	2026-10-06T18:42:29.2854254Z warning: variant `AccountsWithHeroes` is never constructed
original-mining	Rejected cold restore preserves the entire live authority	2026-10-06T18:42:29.2854521Z    --> apps/simulation/src/config.rs:489:5
original-mining	Rejected cold restore preserves the entire live authority	2026-10-06T18:42:29.2854721Z     |
original-mining	Rejected cold restore preserves the entire live authority	2026-10-06T18:42:29.2854879Z 486 | enum AccountStoreMutationScope<'a> {
original-mining	Rejected cold restore preserves the entire live authority	2026-10-06T18:42:29.2855111Z     |      ------------------------- variant in this enum
original-mining	Rejected cold restore preserves the entire live authority	2026-10-06T18:42:29.2855345Z ...
original-mining	Rejected cold restore preserves the entire live authority	2026-10-06T18:42:29.2855612Z 489 |     AccountsWithHeroes { account_ids: &'a [String], hero_ids: &'a [i32], allocate: bool },
original-mining	Rejected cold restore preserves the entire live authority	2026-10-06T18:42:29.2855924Z     |     ^^^^^^^^^^^^^^^^^^
original-mining	Rejected cold restore preserves the entire live authority	2026-10-06T18:42:29.2856091Z     |
original-mining	Rejected cold restore preserves the entire live authority	2026-10-06T18:42:29.2856500Z     = note: `AccountStoreMutationScope` has derived impls for the traits `Clone` and `Debug`, but these are intentionally ignored during dead code analysis
original-mining	Rejected cold restore preserves the entire live authority	2026-10-06T18:42:29.2856901Z 
original-mining	Rejected cold restore preserves the entire live authority	2026-10-06T18:42:29.2856993Z warning: field `admitted_minutes` is never read
original-mining	Rejected cold restore preserves the entire live authority	2026-10-06T18:42:29.2857279Z   --> apps/simulation/src/config_guild_clock_transactions.rs:13:9
original-mining	Rejected cold restore preserves the entire live authority	2026-10-06T18:42:29.2857527Z    |
original-mining	Rejected cold restore preserves the entire live authority	2026-10-06T18:42:29.2857718Z 6  | pub(in crate::config) struct GuildClockCommitReceipt {
original-mining	Rejected cold restore preserves the entire live authority	2026-10-06T18:42:29.2858006Z    |                              ----------------------- field in this struct
original-mining	Rejected cold restore preserves the entire live authority	2026-10-06T18:42:29.2858240Z ...
original-mining	Rejected cold restore preserves the entire live authority	2026-10-06T18:42:29.2858386Z 13 |     pub admitted_minutes: u64,
original-mining	Rejected cold restore preserves the entire live authority	2026-10-06T18:42:29.2858576Z    |         ^^^^^^^^^^^^^^^^
original-mining	Rejected cold restore preserves the entire live authority	2026-10-06T18:42:29.2858739Z    |
original-mining	Rejected cold restore preserves the entire live authority	2026-10-06T18:42:29.2859131Z    = note: `GuildClockCommitReceipt` has derived impls for the traits `Clone` and `Debug`, but these are intentionally ignored during dead code analysis
original-mining	Rejected cold restore preserves the entire live authority	2026-10-06T18:42:29.2859512Z 
original-mining	Rejected cold restore preserves the entire live authority	2026-10-06T18:42:29.2859615Z warning: function `commit_postgres_tick` is never used
original-mining	Rejected cold restore preserves the entire live authority	2026-10-06T18:42:29.2859911Z   --> apps/simulation/src/config_guild_clock_transactions.rs:17:26
original-mining	Rejected cold restore preserves the entire live authority	2026-10-06T18:42:29.2860291Z    |
original-mining	Rejected cold restore preserves the entire live authority	2026-10-06T18:42:29.2860461Z 17 | pub(in crate::config) fn commit_postgres_tick(
original-mining	Rejected cold restore preserves the entire live authority	2026-10-06T18:42:29.2860695Z    |                          ^^^^^^^^^^^^^^^^^^^^
original-mining	Rejected cold restore preserves the entire live authority	2026-10-06T18:42:29.2860834Z 
original-mining	Rejected cold restore preserves the entire live authority	2026-10-06T18:42:29.2860961Z warning: function `commit_postgres_tick_checked` is never used
original-mining	Rejected cold restore preserves the entire live authority	2026-10-06T18:42:29.2861274Z   --> apps/simulation/src/config_guild_clock_transactions.rs:24:26
original-mining	Rejected cold restore preserves the entire live authority	2026-10-06T18:42:29.2861518Z    |
original-mining	Rejected cold restore preserves the entire live authority	2026-10-06T18:42:29.2861701Z 24 | pub(in crate::config) fn commit_postgres_tick_checked(
original-mining	Rejected cold restore preserves the entire live authority	2026-10-06T18:42:29.2861956Z    |                          ^^^^^^^^^^^^^^^^^^^^^^^^^^^^
original-mining	Rejected cold restore preserves the entire live authority	2026-10-06T18:42:29.2862102Z 
original-mining	Rejected cold restore preserves the entire live authority	2026-10-06T18:42:29.2862199Z warning: method `item_identity_path` is never used
original-mining	Rejected cold restore preserves the entire live authority	2026-10-06T18:42:29.2862458Z    --> apps/simulation/src/config_file_authority.rs:102:19
original-mining	Rejected cold restore preserves the entire live authority	2026-10-06T18:42:29.2862682Z     |
original-mining	Rejected cold restore preserves the entire live authority	2026-10-06T18:42:29.2862833Z 99  | impl FileAuthority {
original-mining	Rejected cold restore preserves the entire live authority	2026-10-06T18:42:29.2863042Z     | ------------------ method in this implementation
original-mining	Rejected cold restore preserves the entire live authority	2026-10-06T18:42:29.2863264Z ...
original-mining	Rejected cold restore preserves the entire live authority	2026-10-06T18:42:29.2863679Z 102 |     pub(super) fn item_identity_path(&self, config: &SimulationConfig) -> Result<PathBuf, String> {
original-mining	Rejected cold restore preserves the entire live authority	2026-10-06T18:42:29.2864071Z     |                   ^^^^^^^^^^^^^^^^^^
original-mining	Rejected cold restore preserves the entire live authority	2026-10-06T18:42:29.2864207Z 
original-mining	Rejected cold restore preserves the entire live authority	2026-10-06T18:42:29.2864328Z warning: method `refresh_shared_hero_authority` is never used
original-mining	Rejected cold restore preserves the entire live authority	2026-10-06T18:42:29.2864729Z  --> apps/simulation/src/config_hero_authority.rs:8:19
original-mining	Rejected cold restore preserves the entire live authority	2026-10-06T18:42:29.2864949Z   |
original-mining	Rejected cold restore preserves the entire live authority	2026-10-06T18:42:29.2865098Z 7 | impl SimulationConfig {
original-mining	Rejected cold restore preserves the entire live authority	2026-10-06T18:42:29.2865311Z   | --------------------- method in this implementation
original-mining	Rejected cold restore preserves the entire live authority	2026-10-06T18:42:29.2865611Z 8 |     pub(crate) fn refresh_shared_hero_authority(&self)->Result<(),String>{
original-mining	Rejected cold restore preserves the entire live authority	2026-10-06T18:42:29.2865896Z   |                   ^^^^^^^^^^^^^^^^^^^^^^^^^^^^^
original-mining	Rejected cold restore preserves the entire live authority	2026-10-06T18:42:29.2866039Z 
original-mining	Rejected cold restore preserves the entire live authority	2026-10-06T18:42:29.2866162Z warning: method `shared_guild_authority_snapshot` is never used
original-mining	Rejected cold restore preserves the entire live authority	2026-10-06T18:42:29.2866459Z    --> apps/simulation/src/config_shared_guilds.rs:845:19
original-mining	Rejected cold restore preserves the entire live authority	2026-10-06T18:42:29.2866690Z     |
original-mining	Rejected cold restore preserves the entire live authority	2026-10-06T18:42:29.2866842Z 844 | impl SimulationConfig {
original-mining	Rejected cold restore preserves the entire live authority	2026-10-06T18:42:29.2867050Z     | --------------------- method in this implementation
original-mining	Rejected cold restore preserves the entire live authority	2026-10-06T18:42:29.2867305Z 845 |     pub(crate) fn shared_guild_authority_snapshot(
original-mining	Rejected cold restore preserves the entire live authority	2026-10-06T18:42:29.2867539Z     |                   ^^^^^^^^^^^^^^^^^^^^^^^^^^^^^^^
original-mining	Rejected cold restore preserves the entire live authority	2026-10-06T18:42:29.2867680Z 
original-mining	Rejected cold restore preserves the entire live authority	2026-10-06T18:42:29.2867779Z warning: variant `MacAgility` is never constructed
original-mining	Rejected cold restore preserves the entire live authority	2026-10-06T18:42:29.2868026Z    --> apps/simulation/src/runtime/combat.rs:785:5
original-mining	Rejected cold restore preserves the entire live authority	2026-10-06T18:42:29.2868235Z     |
original-mining	Rejected cold restore preserves the entire live authority	2026-10-06T18:42:29.2868387Z 778 | pub(super) enum CrystalDefence {
original-mining	Rejected cold restore preserves the entire live authority	2026-10-06T18:42:29.2868604Z     |                 -------------- variant in this enum
original-mining	Rejected cold restore preserves the entire live authority	2026-10-06T18:42:29.2868809Z ...
original-mining	Rejected cold restore preserves the entire live authority	2026-10-06T18:42:29.2868953Z 785 |     MacAgility,
original-mining	Rejected cold restore preserves the entire live authority	2026-10-06T18:42:29.2869113Z     |     ^^^^^^^^^^
original-mining	Rejected cold restore preserves the entire live authority	2026-10-06T18:42:29.2869265Z     |
original-mining	Rejected cold restore preserves the entire live authority	2026-10-06T18:42:29.2869633Z     = note: `CrystalDefence` has derived impls for the traits `Debug` and `Clone`, but these are intentionally ignored during dead code analysis
original-mining	Rejected cold restore preserves the entire live authority	2026-10-06T18:42:29.2869991Z 
original-mining	Rejected cold restore preserves the entire live authority	2026-10-06T18:42:29.2870109Z warning: constant `CRYSTAL_BAG_WEIGHT_LIMIT` is never used
original-mining	Rejected cold restore preserves the entire live authority	2026-10-06T18:42:29.2870377Z   --> apps/simulation/src/runtime/drops.rs:72:18
original-mining	Rejected cold restore preserves the entire live authority	2026-10-06T18:42:29.2870588Z    |
original-mining	Rejected cold restore preserves the entire live authority	2026-10-06T18:42:29.2870768Z 72 | pub(super) const CRYSTAL_BAG_WEIGHT_LIMIT: u32 = 100;
original-mining	Rejected cold restore preserves the entire live authority	2026-10-06T18:42:29.2871011Z    |                  ^^^^^^^^^^^^^^^^^^^^^^^^
original-mining	Rejected cold restore preserves the entire live authority	2026-10-06T18:42:29.2871150Z 
original-mining	Rejected cold restore preserves the entire live authority	2026-10-06T18:42:29.2871298Z warning: function `resolved_monster_drop_templates_at_tick` is never used
original-mining	Rejected cold restore preserves the entire live authority	2026-10-06T18:42:29.2871603Z    --> apps/simulation/src/runtime/drops.rs:466:15
original-mining	Rejected cold restore preserves the entire live authority	2026-10-06T18:42:29.2871813Z     |
original-mining	Rejected cold restore preserves the entire live authority	2026-10-06T18:42:29.2872008Z 466 | pub(super) fn resolved_monster_drop_templates_at_tick(
original-mining	Rejected cold restore preserves the entire live authority	2026-10-06T18:42:29.2872263Z     |               ^^^^^^^^^^^^^^^^^^^^^^^^^^^^^^^^^^^^^^^
original-mining	Rejected cold restore preserves the entire live authority	2026-10-06T18:42:29.2872411Z 
original-mining	Rejected cold restore preserves the entire live authority	2026-10-06T18:42:29.2872543Z warning: function `crystal_monster_drop_templates` is never used
original-mining	Rejected cold restore preserves the entire live authority	2026-10-06T18:42:29.2872940Z    --> apps/simulation/src/runtime/drops.rs:537:15
original-mining	Rejected cold restore preserves the entire live authority	2026-10-06T18:42:29.2873151Z     |
original-mining	Rejected cold restore preserves the entire live authority	2026-10-06T18:42:29.2873321Z 537 | pub(super) fn crystal_monster_drop_templates(
original-mining	Rejected cold restore preserves the entire live authority	2026-10-06T18:42:29.2873679Z     |               ^^^^^^^^^^^^^^^^^^^^^^^^^^^^^^
original-mining	Rejected cold restore preserves the entire live authority	2026-10-06T18:42:29.2873880Z 
original-mining	Rejected cold restore preserves the entire live authority	2026-10-06T18:42:29.2873995Z warning: function `crystal_resolve_group_drop` is never used
original-mining	Rejected cold restore preserves the entire live authority	2026-10-06T18:42:29.2874264Z    --> apps/simulation/src/runtime/drops.rs:612:15
original-mining	Rejected cold restore preserves the entire live authority	2026-10-06T18:42:29.2874472Z     |
original-mining	Rejected cold restore preserves the entire live authority	2026-10-06T18:42:29.2874638Z 612 | pub(super) fn crystal_resolve_group_drop(
original-mining	Rejected cold restore preserves the entire live authority	2026-10-06T18:42:29.2874859Z     |               ^^^^^^^^^^^^^^^^^^^^^^^^^^
original-mining	Rejected cold restore preserves the entire live authority	2026-10-06T18:42:29.2874993Z 
original-mining	Rejected cold restore preserves the entire live authority	2026-10-06T18:42:29.2875121Z warning: function `crystal_drop_entry_should_drop` is never used
original-mining	Rejected cold restore preserves the entire live authority	2026-10-06T18:42:29.2875392Z    --> apps/simulation/src/runtime/drops.rs:667:15
original-mining	Rejected cold restore preserves the entire live authority	2026-10-06T18:42:29.2875601Z     |
original-mining	Rejected cold restore preserves the entire live authority	2026-10-06T18:42:29.2875764Z 667 | pub(super) fn crystal_drop_entry_should_drop(
original-mining	Rejected cold restore preserves the entire live authority	2026-10-06T18:42:29.2875984Z     |               ^^^^^^^^^^^^^^^^^^^^^^^^^^^^^^
original-mining	Rejected cold restore preserves the entire live authority	2026-10-06T18:42:29.2876123Z 
original-mining	Rejected cold restore preserves the entire live authority	2026-10-06T18:42:29.2876207Z warning: method `socketed_count` is never used
original-mining	Rejected cold restore preserves the entire live authority	2026-10-06T18:42:29.2876450Z    --> apps/simulation/src/runtime/equipment.rs:304:19
original-mining	Rejected cold restore preserves the entire live authority	2026-10-06T18:42:29.2876669Z     |
original-mining	Rejected cold restore preserves the entire live authority	2026-10-06T18:42:29.2876813Z 120 | impl EquipmentState {
original-mining	Rejected cold restore preserves the entire live authority	2026-10-06T18:42:29.2877025Z     | ------------------- method in this implementation
original-mining	Rejected cold restore preserves the entire live authority	2026-10-06T18:42:29.2877351Z ...
original-mining	Rejected cold restore preserves the entire live authority	2026-10-06T18:42:29.2877531Z 304 |     pub(super) fn socketed_count(&self) -> usize {
original-mining	Rejected cold restore preserves the entire live authority	2026-10-06T18:42:29.2877767Z     |                   ^^^^^^^^^^^^^^
original-mining	Rejected cold restore preserves the entire live authority	2026-10-06T18:42:29.2877893Z 
original-mining	Rejected cold restore preserves the entire live authority	2026-10-06T18:42:29.2878018Z warning: function `equipment_state_identified` is never used
original-mining	Rejected cold restore preserves the entire live authority	2026-10-06T18:42:29.2878305Z    --> apps/simulation/src/runtime/equipment.rs:309:15
original-mining	Rejected cold restore preserves the entire live authority	2026-10-06T18:42:29.2878530Z     |
original-mining	Rejected cold restore preserves the entire live authority	2026-10-06T18:42:29.2878765Z 309 | pub(super) fn equipment_state_identified(item: &EquipmentState) -> bool {
original-mining	Rejected cold restore preserves the entire live authority	2026-10-06T18:42:29.2879061Z     |               ^^^^^^^^^^^^^^^^^^^^^^^^^^
original-mining	Rejected cold restore preserves the entire live authority	2026-10-06T18:42:29.2879206Z 
original-mining	Rejected cold restore preserves the entire live authority	2026-10-06T18:42:29.2879334Z warning: function `equipment_state_soul_bound_id` is never used
original-mining	Rejected cold restore preserves the entire live authority	2026-10-06T18:42:29.2879623Z    --> apps/simulation/src/runtime/equipment.rs:314:15
original-mining	Rejected cold restore preserves the entire live authority	2026-10-06T18:42:29.2879839Z     |
original-mining	Rejected cold restore preserves the entire live authority	2026-10-06T18:42:29.2880073Z 314 | pub(super) fn equipment_state_soul_bound_id(item: &EquipmentState) -> i32 {
original-mining	Rejected cold restore preserves the entire live authority	2026-10-06T18:42:29.2880372Z     |               ^^^^^^^^^^^^^^^^^^^^^^^^^^^^^
original-mining	Rejected cold restore preserves the entire live authority	2026-10-06T18:42:29.2880521Z 
original-mining	Rejected cold restore preserves the entire live authority	2026-10-06T18:42:29.2880649Z warning: function `hero_inventory_equipment_slot` is never used
original-mining	Rejected cold restore preserves the entire live authority	2026-10-06T18:42:29.2880934Z    --> apps/simulation/src/runtime/hero_ai.rs:180:4
original-mining	Rejected cold restore preserves the entire live authority	2026-10-06T18:42:29.2881152Z     |
original-mining	Rejected cold restore preserves the entire live authority	2026-10-06T18:42:29.2881393Z 180 | fn hero_inventory_equipment_slot(item: &ItemState) -> Option<EquipmentSlot> {
original-mining	Rejected cold restore preserves the entire live authority	2026-10-06T18:42:29.2881701Z     |    ^^^^^^^^^^^^^^^^^^^^^^^^^^^^^
original-mining	Rejected cold restore preserves the entire live authority	2026-10-06T18:42:29.2881825Z 
original-mining	Rejected cold restore preserves the entire live authority	2026-10-06T18:42:29.2881948Z warning: function `hero_inventory_item_is_broken` is never used
original-mining	Rejected cold restore preserves the entire live authority	2026-10-06T18:42:29.2882223Z    --> apps/simulation/src/runtime/hero_ai.rs:185:4
original-mining	Rejected cold restore preserves the entire live authority	2026-10-06T18:42:29.2882438Z     |
original-mining	Rejected cold restore preserves the entire live authority	2026-10-06T18:42:29.2882641Z 185 | fn hero_inventory_item_is_broken(item: &ItemState) -> bool {
original-mining	Rejected cold restore preserves the entire live authority	2026-10-06T18:42:29.2882898Z     |    ^^^^^^^^^^^^^^^^^^^^^^^^^^^^^
original-mining	Rejected cold restore preserves the entire live authority	2026-10-06T18:42:29.2883026Z 
original-mining	Rejected cold restore preserves the entire live authority	2026-10-06T18:42:29.2883166Z warning: function `hero_inventory_item_modeled_base_stat` is never used
original-mining	Rejected cold restore preserves the entire live authority	2026-10-06T18:42:29.2883469Z    --> apps/simulation/src/runtime/hero_ai.rs:189:4
original-mining	Rejected cold restore preserves the entire live authority	2026-10-06T18:42:29.2883846Z     |
original-mining	Rejected cold restore preserves the entire live authority	2026-10-06T18:42:29.2884096Z 189 | fn hero_inventory_item_modeled_base_stat(item: &ItemState, stat: u8) -> i32 {
original-mining	Rejected cold restore preserves the entire live authority	2026-10-06T18:42:29.2884396Z     |    ^^^^^^^^^^^^^^^^^^^^^^^^^^^^^^^^^^^^^
original-mining	Rejected cold restore preserves the entire live authority	2026-10-06T18:42:29.2884531Z 
original-mining	Rejected cold restore preserves the entire live authority	2026-10-06T18:42:29.2884664Z warning: function `hero_inventory_item_crystal_stat` is never used
original-mining	Rejected cold restore preserves the entire live authority	2026-10-06T18:42:29.2884948Z    --> apps/simulation/src/runtime/hero_ai.rs:197:4
original-mining	Rejected cold restore preserves the entire live authority	2026-10-06T18:42:29.2885157Z     |
original-mining	Rejected cold restore preserves the entire live authority	2026-10-06T18:42:29.2885374Z 197 | fn hero_inventory_item_crystal_stat(item: &ItemState, stat: u8) -> i32 {
original-mining	Rejected cold restore preserves the entire live authority	2026-10-06T18:42:29.2885797Z     |    ^^^^^^^^^^^^^^^^^^^^^^^^^^^^^^^^
original-mining	Rejected cold restore preserves the entire live authority	2026-10-06T18:42:29.2885931Z 
original-mining	Rejected cold restore preserves the entire live authority	2026-10-06T18:42:29.2886063Z warning: function `hero_inventory_crystal_stat_total` is never used
original-mining	Rejected cold restore preserves the entire live authority	2026-10-06T18:42:29.2886357Z    --> apps/simulation/src/runtime/hero_ai.rs:214:15
original-mining	Rejected cold restore preserves the entire live authority	2026-10-06T18:42:29.2886579Z     |
original-mining	Rejected cold restore preserves the entire live authority	2026-10-06T18:42:29.2886820Z 214 | pub(super) fn hero_inventory_crystal_stat_total(world: &World, stat: u8) -> i32 {
original-mining	Rejected cold restore preserves the entire live authority	2026-10-06T18:42:29.2887140Z     |               ^^^^^^^^^^^^^^^^^^^^^^^^^^^^^^^^^
original-mining	Rejected cold restore preserves the entire live authority	2026-10-06T18:42:29.2887279Z 
original-mining	Rejected cold restore preserves the entire live authority	2026-10-06T18:42:29.2887369Z warning: enum `CarrierOrigin` is never used
original-mining	Rejected cold restore preserves the entire live authority	2026-10-06T18:42:29.2887637Z  --> apps/simulation/src/runtime/hero_registry_carriers.rs:8:17
original-mining	Rejected cold restore preserves the entire live authority	2026-10-06T18:42:29.2887880Z   |
original-mining	Rejected cold restore preserves the entire live authority	2026-10-06T18:42:29.2888065Z 8 | pub(super) enum CarrierOrigin { External, Hero(i32) }
original-mining	Rejected cold restore preserves the entire live authority	2026-10-06T18:42:29.2888305Z   |                 ^^^^^^^^^^^^^
original-mining	Rejected cold restore preserves the entire live authority	2026-10-06T18:42:29.2888425Z 
original-mining	Rejected cold restore preserves the entire live authority	2026-10-06T18:42:29.2888537Z warning: struct `HeroCarrierCensus` is never constructed
original-mining	Rejected cold restore preserves the entire live authority	2026-10-06T18:42:29.2888839Z   --> apps/simulation/src/runtime/hero_registry_carriers.rs:10:19
original-mining	Rejected cold restore preserves the entire live authority	2026-10-06T18:42:29.2889096Z    |
original-mining	Rejected cold restore preserves the entire live authority	2026-10-06T18:42:29.2889264Z 10 | pub(super) struct HeroCarrierCensus {
original-mining	Rejected cold restore preserves the entire live authority	2026-10-06T18:42:29.2889478Z    |                   ^^^^^^^^^^^^^^^^^
original-mining	Rejected cold restore preserves the entire live authority	2026-10-06T18:42:29.2889604Z 
original-mining	Rejected cold restore preserves the entire live authority	2026-10-06T18:42:29.2889794Z warning: methods `node`, `record`, `record_unresolved_legacy`, and `validate` are never used
original-mining	Rejected cold restore preserves the entire live authority	2026-10-06T18:42:29.2890272Z   --> apps/simulation/src/runtime/hero_registry_carriers.rs:15:8
original-mining	Rejected cold restore preserves the entire live authority	2026-10-06T18:42:29.2890519Z    |
original-mining	Rejected cold restore preserves the entire live authority	2026-10-06T18:42:29.2890670Z 14 | impl HeroCarrierCensus {
original-mining	Rejected cold restore preserves the entire live authority	2026-10-06T18:42:29.2890893Z    | ---------------------- methods in this implementation
original-mining	Rejected cold restore preserves the entire live authority	2026-10-06T18:42:29.2891212Z 15 |     fn node(&mut self,item:&UserItem,origin:CarrierOrigin)->Result<(),String>{
original-mining	Rejected cold restore preserves the entire live authority	2026-10-06T18:42:29.2891491Z    |        ^^^^
original-mining	Rejected cold restore preserves the entire live authority	2026-10-06T18:42:29.2891639Z ...
original-mining	Rejected cold restore preserves the entire live authority	2026-10-06T18:42:29.2891872Z 27 |     pub fn record(&mut self,item:&UserItem,origin:CarrierOrigin)->Result<(),String>{
original-mining	Rejected cold restore preserves the entire live authority	2026-10-06T18:42:29.2892167Z    |            ^^^^^^
original-mining	Rejected cold restore preserves the entire live authority	2026-10-06T18:42:29.2892326Z ...
original-mining	Rejected cold restore preserves the entire live authority	2026-10-06T18:42:29.2892596Z 42 |     pub fn record_unresolved_legacy(&mut self,root:&super::items::ItemState)->Result<(),String>{
original-mining	Rejected cold restore preserves the entire live authority	2026-10-06T18:42:29.2892927Z    |            ^^^^^^^^^^^^^^^^^^^^^^^^
original-mining	Rejected cold restore preserves the entire live authority	2026-10-06T18:42:29.2893113Z ...
original-mining	Rejected cold restore preserves the entire live authority	2026-10-06T18:42:29.2893417Z 70 |     pub fn validate(&self,heroes:&BTreeMap<i32,SharedHeroRecord>,owned_ids:&BTreeSet<u64>)->Result<(),String>{
original-mining	Rejected cold restore preserves the entire live authority	2026-10-06T18:42:29.2893928Z    |            ^^^^^^^^
original-mining	Rejected cold restore preserves the entire live authority	2026-10-06T18:42:29.2894033Z 
original-mining	Rejected cold restore preserves the entire live authority	2026-10-06T18:42:29.2894120Z warning: function `decode` is never used
original-mining	Rejected cold restore preserves the entire live authority	2026-10-06T18:42:29.2894373Z  --> apps/simulation/src/runtime/hero_registry_scan.rs:8:4
original-mining	Rejected cold restore preserves the entire live authority	2026-10-06T18:42:29.2894608Z   |
original-mining	Rejected cold restore preserves the entire live authority	2026-10-06T18:42:29.2894990Z 8 | fn decode<T:DeserializeOwned>(value:&str)->Result<T,String>{serde_json::from_str(value).map_err(|error|format!("invalid Hero custody carr...
original-mining	Rejected cold restore preserves the entire live authority	2026-10-06T18:42:29.2895413Z   |    ^^^^^^
original-mining	Rejected cold restore preserves the entire live authority	2026-10-06T18:42:29.2895502Z 
original-mining	Rejected cold restore preserves the entire live authority	2026-10-06T18:42:29.2895581Z warning: function `add_wire` is never used
original-mining	Rejected cold restore preserves the entire live authority	2026-10-06T18:42:29.2895839Z  --> apps/simulation/src/runtime/hero_registry_scan.rs:9:4
original-mining	Rejected cold restore preserves the entire live authority	2026-10-06T18:42:29.2896068Z   |
original-mining	Rejected cold restore preserves the entire live authority	2026-10-06T18:42:29.2896411Z 9 | fn add_wire(census:&mut HeroCarrierCensus,item:&UserItem,origin:CarrierOrigin,forbidden_bind:u16)->Result<(),String>{
original-mining	Rejected cold restore preserves the entire live authority	2026-10-06T18:42:29.2896800Z   |    ^^^^^^^^
original-mining	Rejected cold restore preserves the entire live authority	2026-10-06T18:42:29.2896888Z 
original-mining	Rejected cold restore preserves the entire live authority	2026-10-06T18:42:29.2896974Z warning: function `add_items` is never used
original-mining	Rejected cold restore preserves the entire live authority	2026-10-06T18:42:29.2897240Z   --> apps/simulation/src/runtime/hero_registry_scan.rs:21:4
original-mining	Rejected cold restore preserves the entire live authority	2026-10-06T18:42:29.2897475Z    |
original-mining	Rejected cold restore preserves the entire live authority	2026-10-06T18:42:29.2897807Z 21 | fn add_items(census:&mut HeroCarrierCensus,encoded:&[String],origin:CarrierOrigin,forbidden:u16)->Result<(),String>{
original-mining	Rejected cold restore preserves the entire live authority	2026-10-06T18:42:29.2898185Z    |    ^^^^^^^^^
original-mining	Rejected cold restore preserves the entire live authority	2026-10-06T18:42:29.2898281Z 
original-mining	Rejected cold restore preserves the entire live authority	2026-10-06T18:42:29.2898368Z warning: function `add_character` is never used
original-mining	Rejected cold restore preserves the entire live authority	2026-10-06T18:42:29.2898640Z   --> apps/simulation/src/runtime/hero_registry_scan.rs:32:4
original-mining	Rejected cold restore preserves the entire live authority	2026-10-06T18:42:29.2898868Z    |
original-mining	Rejected cold restore preserves the entire live authority	2026-10-06T18:42:29.2899182Z 32 | fn add_character(census:&mut HeroCarrierCensus,save:&CharacterSaveRecord,mirrored:bool)->Result<(),String>{
original-mining	Rejected cold restore preserves the entire live authority	2026-10-06T18:42:29.2899671Z    |    ^^^^^^^^^^^^^
original-mining	Rejected cold restore preserves the entire live authority	2026-10-06T18:42:29.2899770Z 
original-mining	Rejected cold restore preserves the entire live authority	2026-10-06T18:42:29.2899915Z warning: function `validate_shared_hero_physical_custody` is never used
original-mining	Rejected cold restore preserves the entire live authority	2026-10-06T18:42:29.2900238Z   --> apps/simulation/src/runtime/hero_registry_scan.rs:86:15
original-mining	Rejected cold restore preserves the entire live authority	2026-10-06T18:42:29.2900471Z    |
original-mining	Rejected cold restore preserves the entire live authority	2026-10-06T18:42:29.2900746Z 86 | pub(crate) fn validate_shared_hero_physical_custody(store:&AccountStore)->Result<(),String>{
original-mining	Rejected cold restore preserves the entire live authority	2026-10-06T18:42:29.2901099Z    |               ^^^^^^^^^^^^^^^^^^^^^^^^^^^^^^^^^^^^^
original-mining	Rejected cold restore preserves the entire live authority	2026-10-06T18:42:29.2901250Z 
original-mining	Rejected cold restore preserves the entire live authority	2026-10-06T18:42:29.2901381Z warning: function `hero_inventory_item_is_broken` is never used
original-mining	Rejected cold restore preserves the entire live authority	2026-10-06T18:42:29.2901669Z     --> apps/simulation/src/runtime/items.rs:3456:4
original-mining	Rejected cold restore preserves the entire live authority	2026-10-06T18:42:29.2901887Z      |
original-mining	Rejected cold restore preserves the entire live authority	2026-10-06T18:42:29.2902094Z 3456 | fn hero_inventory_item_is_broken(item: &ItemState) -> bool {
original-mining	Rejected cold restore preserves the entire live authority	2026-10-06T18:42:29.2902346Z      |    ^^^^^^^^^^^^^^^^^^^^^^^^^^^^^
original-mining	Rejected cold restore preserves the entire live authority	2026-10-06T18:42:29.2902478Z 
original-mining	Rejected cold restore preserves the entire live authority	2026-10-06T18:42:29.2902605Z warning: function `hero_inventory_requirement_stat` is never used
original-mining	Rejected cold restore preserves the entire live authority	2026-10-06T18:42:29.2902884Z     --> apps/simulation/src/runtime/items.rs:3460:4
original-mining	Rejected cold restore preserves the entire live authority	2026-10-06T18:42:29.2903092Z      |
original-mining	Rejected cold restore preserves the entire live authority	2026-10-06T18:42:29.2903322Z 3460 | fn hero_inventory_requirement_stat(item: &ItemState, stat: u8) -> i32 {
original-mining	Rejected cold restore preserves the entire live authority	2026-10-06T18:42:29.2903771Z      |    ^^^^^^^^^^^^^^^^^^^^^^^^^^^^^^^
original-mining	Rejected cold restore preserves the entire live authority	2026-10-06T18:42:29.2904007Z 
original-mining	Rejected cold restore preserves the entire live authority	2026-10-06T18:42:29.2904120Z warning: function `repair_conquest_asset` is never used
original-mining	Rejected cold restore preserves the entire live authority	2026-10-06T18:42:29.2904392Z     --> apps/simulation/src/runtime/monsters.rs:1879:15
original-mining	Rejected cold restore preserves the entire live authority	2026-10-06T18:42:29.2904610Z      |
original-mining	Rejected cold restore preserves the entire live authority	2026-10-06T18:42:29.2904870Z 1879 | pub(super) fn repair_conquest_asset(world: &mut World, ai: u8, asset_id: u8) -> bool {
original-mining	Rejected cold restore preserves the entire live authority	2026-10-06T18:42:29.2905184Z      |               ^^^^^^^^^^^^^^^^^^^^^
original-mining	Rejected cold restore preserves the entire live authority	2026-10-06T18:42:29.2905312Z 
original-mining	Rejected cold restore preserves the entire live authority	2026-10-06T18:42:29.2905446Z warning: function `crystal_npc_visible_to_character` is never used
original-mining	Rejected cold restore preserves the entire live authority	2026-10-06T18:42:29.2905736Z    --> apps/simulation/src/runtime/npc.rs:246:15
original-mining	Rejected cold restore preserves the entire live authority	2026-10-06T18:42:29.2905955Z     |
original-mining	Rejected cold restore preserves the entire live authority	2026-10-06T18:42:29.2906139Z 246 | pub(super) fn crystal_npc_visible_to_character(
original-mining	Rejected cold restore preserves the entire live authority	2026-10-06T18:42:29.2906377Z     |               ^^^^^^^^^^^^^^^^^^^^^^^^^^^^^^^^
original-mining	Rejected cold restore preserves the entire live authority	2026-10-06T18:42:29.2906513Z 
original-mining	Rejected cold restore preserves the entire live authority	2026-10-06T18:42:29.2906609Z warning: function `complete_quest` is never used
original-mining	Rejected cold restore preserves the entire live authority	2026-10-06T18:42:29.2906856Z     --> apps/simulation/src/runtime/quests.rs:1094:15
original-mining	Rejected cold restore preserves the entire live authority	2026-10-06T18:42:29.2907074Z      |
original-mining	Rejected cold restore preserves the entire live authority	2026-10-06T18:42:29.2907282Z 1094 | pub(super) fn complete_quest(world: &mut World, quest_id: i32) {
original-mining	Rejected cold restore preserves the entire live authority	2026-10-06T18:42:29.2907547Z      |               ^^^^^^^^^^^^^^
original-mining	Rejected cold restore preserves the entire live authority	2026-10-06T18:42:29.2907671Z 
original-mining	Rejected cold restore preserves the entire live authority	2026-10-06T18:42:29.2907786Z warning: function `quest_info_by_id_unchecked` is never used
original-mining	Rejected cold restore preserves the entire live authority	2026-10-06T18:42:29.2908075Z    --> apps/simulation/src/runtime/newcomer_v2.rs:231:27
original-mining	Rejected cold restore preserves the entire live authority	2026-10-06T18:42:29.2908302Z     |
original-mining	Rejected cold restore preserves the entire live authority	2026-10-06T18:42:29.2908589Z 231 | pub(in crate::runtime) fn quest_info_by_id_unchecked(quest_id: i32) -> Option<ClientQuestInfo> {
original-mining	Rejected cold restore preserves the entire live authority	2026-10-06T18:42:29.2908935Z     |                           ^^^^^^^^^^^^^^^^^^^^^^^^^^
original-mining	Rejected cold restore preserves the entire live authority	2026-10-06T18:42:29.2909082Z 
original-mining	Rejected cold restore preserves the entire live authority	2026-10-06T18:42:29.2909202Z warning: function `default_save_for_character` is never used
original-mining	Rejected cold restore preserves the entire live authority	2026-10-06T18:42:29.2909471Z   --> apps/simulation/src/runtime/save.rs:76:15
original-mining	Rejected cold restore preserves the entire live authority	2026-10-06T18:42:29.2909683Z    |
original-mining	Rejected cold restore preserves the entire live authority	2026-10-06T18:42:29.2909850Z 76 | pub(super) fn default_save_for_character(
original-mining	Rejected cold restore preserves the entire live authority	2026-10-06T18:42:29.2910069Z    |               ^^^^^^^^^^^^^^^^^^^^^^^^^^
original-mining	Rejected cold restore preserves the entire live authority	2026-10-06T18:42:29.2910210Z 
original-mining	Rejected cold restore preserves the entire live authority	2026-10-06T18:42:29.2910319Z warning: function `persist_character_save` is never used
original-mining	Rejected cold restore preserves the entire live authority	2026-10-06T18:42:29.2910585Z    --> apps/simulation/src/runtime/save.rs:926:15
original-mining	Rejected cold restore preserves the entire live authority	2026-10-06T18:42:29.2910798Z     |
original-mining	Rejected cold restore preserves the entire live authority	2026-10-06T18:42:29.2910958Z 926 | pub(super) fn persist_character_save(
original-mining	Rejected cold restore preserves the entire live authority	2026-10-06T18:42:29.2911174Z     |               ^^^^^^^^^^^^^^^^^^^^^^
original-mining	Rejected cold restore preserves the entire live authority	2026-10-06T18:42:29.2911300Z 
original-mining	Rejected cold restore preserves the entire live authority	2026-10-06T18:42:29.2911399Z warning: function `bank_mentor_gain` is never used
original-mining	Rejected cold restore preserves the entire live authority	2026-10-06T18:42:29.2911688Z    --> apps/simulation/src/runtime/shared_relationships.rs:321:15
original-mining	Rejected cold restore preserves the entire live authority	2026-10-06T18:42:29.2912053Z     |
original-mining	Rejected cold restore preserves the entire live authority	2026-10-06T18:42:29.2912205Z 321 | pub(super) fn bank_mentor_gain(
original-mining	Rejected cold restore preserves the entire live authority	2026-10-06T18:42:29.2912404Z     |               ^^^^^^^^^^^^^^^^
original-mining	Rejected cold restore preserves the entire live authority	2026-10-06T18:42:29.2912530Z 
original-mining	Rejected cold restore preserves the entire live authority	2026-10-06T18:42:29.2912638Z warning: method `game_shop_buy_product` is never used
original-mining	Rejected cold restore preserves the entire live authority	2026-10-06T18:42:29.2913073Z     --> apps/simulation/src/runtime/stage5.rs:4304:8
original-mining	Rejected cold restore preserves the entire live authority	2026-10-06T18:42:29.2913296Z      |
original-mining	Rejected cold restore preserves the entire live authority	2026-10-06T18:42:29.2913459Z 3234 | impl SimulationSession {
original-mining	Rejected cold restore preserves the entire live authority	2026-10-06T18:42:29.2913820Z      | ---------------------- method in this implementation
original-mining	Rejected cold restore preserves the entire live authority	2026-10-06T18:42:29.2914048Z ...
original-mining	Rejected cold restore preserves the entire live authority	2026-10-06T18:42:29.2914200Z 4304 |     fn game_shop_buy_product(
original-mining	Rejected cold restore preserves the entire live authority	2026-10-06T18:42:29.2914396Z      |        ^^^^^^^^^^^^^^^^^^^^^
original-mining	Rejected cold restore preserves the entire live authority	2026-10-06T18:42:29.2914521Z 
original-mining	Rejected cold restore preserves the entire live authority	2026-10-06T18:42:29.2914600Z warning: method `select` is never used
original-mining	Rejected cold restore preserves the entire live authority	2026-10-06T18:42:29.2914849Z   --> apps/simulation/src/runtime/zone/experience.rs:41:19
original-mining	Rejected cold restore preserves the entire live authority	2026-10-06T18:42:29.2915088Z    |
original-mining	Rejected cold restore preserves the entire live authority	2026-10-06T18:42:29.2915245Z 40 | impl ZoneExperienceProfile {
original-mining	Rejected cold restore preserves the entire live authority	2026-10-06T18:42:29.2915482Z    | -------------------------- method in this implementation
original-mining	Rejected cold restore preserves the entire live authority	2026-10-06T18:42:29.2915731Z 41 |     pub(super) fn select(
original-mining	Rejected cold restore preserves the entire live authority	2026-10-06T18:42:29.2915916Z    |                   ^^^^^^
original-mining	Rejected cold restore preserves the entire live authority	2026-10-06T18:42:29.2916027Z 
original-mining	Rejected cold restore preserves the entire live authority	2026-10-06T18:42:29.2916159Z warning: method `apply_native_monster_direct_damage` is never used
original-mining	Rejected cold restore preserves the entire live authority	2026-10-06T18:42:29.2916464Z      --> apps/simulation/src/runtime/zone/runtime.rs:12352:8
original-mining	Rejected cold restore preserves the entire live authority	2026-10-06T18:42:29.2916808Z       |
original-mining	Rejected cold restore preserves the entire live authority	2026-10-06T18:42:29.2916960Z 586   | impl ZoneRuntime {
original-mining	Rejected cold restore preserves the entire live authority	2026-10-06T18:42:29.2917166Z       | ---------------- method in this implementation
original-mining	Rejected cold restore preserves the entire live authority	2026-10-06T18:42:29.2917383Z ...
original-mining	Rejected cold restore preserves the entire live authority	2026-10-06T18:42:29.2917551Z 12352 |     fn apply_native_monster_direct_damage(
original-mining	Rejected cold restore preserves the entire live authority	2026-10-06T18:42:29.2917781Z       |        ^^^^^^^^^^^^^^^^^^^^^^^^^^^^^^^^^^
original-mining	Rejected cold restore preserves the entire live authority	2026-10-06T18:42:29.2917919Z 
original-mining	Rejected cold restore preserves the entire live authority	2026-10-06T18:42:29.2918016Z warning: function `hell_can_move` is never used
original-mining	Rejected cold restore preserves the entire live authority	2026-10-06T18:42:29.2918292Z   --> apps/simulation/src/runtime/zone/runtime/hell_ai.rs:68:15
original-mining	Rejected cold restore preserves the entire live authority	2026-10-06T18:42:29.2918546Z    |
original-mining	Rejected cold restore preserves the entire live authority	2026-10-06T18:42:29.2918748Z 68 | pub(super) fn hell_can_move(m: &ZoneNativeMonster) -> bool {
original-mining	Rejected cold restore preserves the entire live authority	2026-10-06T18:42:29.2919011Z    |               ^^^^^^^^^^^^^
original-mining	Rejected cold restore preserves the entire live authority	2026-10-06T18:42:29.2919134Z 
original-mining	Rejected cold restore preserves the entire live authority	2026-10-06T18:42:29.2919227Z warning: function `hell_can_regen` is never used
original-mining	Rejected cold restore preserves the entire live authority	2026-10-06T18:42:29.2919513Z   --> apps/simulation/src/runtime/zone/runtime/hell_ai.rs:74:15
original-mining	Rejected cold restore preserves the entire live authority	2026-10-06T18:42:29.2919760Z    |
original-mining	Rejected cold restore preserves the entire live authority	2026-10-06T18:42:29.2919964Z 74 | pub(super) fn hell_can_regen(m: &ZoneNativeMonster) -> bool {
original-mining	Rejected cold restore preserves the entire live authority	2026-10-06T18:42:29.2920228Z    |               ^^^^^^^^^^^^^^
original-mining	Rejected cold restore preserves the entire live authority	2026-10-06T18:42:29.2920345Z 
original-mining	Rejected cold restore preserves the entire live authority	2026-10-06T18:42:29.2920472Z warning: methods `blocking` and `set_replay_seed` are never used
original-mining	Rejected cold restore preserves the entire live authority	2026-10-06T18:42:29.2920807Z    --> apps/simulation/src/runtime/zone/intelligent_creatures.rs:183:12
original-mining	Rejected cold restore preserves the entire live authority	2026-10-06T18:42:29.2921078Z     |
original-mining	Rejected cold restore preserves the entire live authority	2026-10-06T18:42:29.2921238Z 112 | impl ZoneIntelligentCreature {
original-mining	Rejected cold restore preserves the entire live authority	2026-10-06T18:42:29.2921480Z     | ---------------------------- methods in this implementation
original-mining	Rejected cold restore preserves the entire live authority	2026-10-06T18:42:29.2921716Z ...
original-mining	Rejected cold restore preserves the entire live authority	2026-10-06T18:42:29.2921874Z 183 |     pub fn blocking(&self) -> bool {
original-mining	Rejected cold restore preserves the entire live authority	2026-10-06T18:42:29.2922083Z     |            ^^^^^^^^
original-mining	Rejected cold restore preserves the entire live authority	2026-10-06T18:42:29.2922247Z ...
original-mining	Rejected cold restore preserves the entire live authority	2026-10-06T18:42:29.2922425Z 187 |     pub fn set_replay_seed(&mut self, seed: u64) {
original-mining	Rejected cold restore preserves the entire live authority	2026-10-06T18:42:29.2922656Z     |            ^^^^^^^^^^^^^^^
original-mining	Rejected cold restore preserves the entire live authority	2026-10-06T18:42:29.2922771Z 
original-mining	Rejected cold restore preserves the entire live authority	2026-10-06T18:42:29.2923029Z warning: `mir2-simulation` (lib) generated 77 warnings (run `cargo fix --lib -p mir2-simulation` to apply 8 suggestions)
original-mining	Rejected cold restore preserves the entire live authority	2026-10-06T18:42:29.2923440Z warning: variable does not need to be mutable
original-mining	Rejected cold restore preserves the entire live authority	2026-10-06T18:42:29.2923809Z     --> apps/gateway/src/routing.rs:4408:13
original-mining	Rejected cold restore preserves the entire live authority	2026-10-06T18:42:29.2924014Z      |
original-mining	Rejected cold restore preserves the entire live authority	2026-10-06T18:42:29.2924200Z 4408 |         let mut current_player_heals = Vec::new();
original-mining	Rejected cold restore preserves the entire live authority	2026-10-06T18:42:29.2924433Z      |             ----^^^^^^^^^^^^^^^^^^^^
original-mining	Rejected cold restore preserves the entire live authority	2026-10-06T18:42:29.2924647Z      |             |
original-mining	Rejected cold restore preserves the entire live authority	2026-10-06T18:42:29.2924821Z      |             help: remove this `mut`
original-mining	Rejected cold restore preserves the entire live authority	2026-10-06T18:42:29.2925016Z      |
original-mining	Rejected cold restore preserves the entire live authority	2026-10-06T18:42:29.2925179Z      = note: `#[warn(unused_mut)]` on by default
original-mining	Rejected cold restore preserves the entire live authority	2026-10-06T18:42:29.2925449Z 
original-mining	Rejected cold restore preserves the entire live authority	2026-10-06T18:42:29.2925709Z warning: `mir2-gateway` (lib test) generated 1 warning (run `cargo fix --lib -p mir2-gateway --tests` to apply 1 suggestion)
original-mining	Rejected cold restore preserves the entire live authority	2026-10-06T18:42:29.2926164Z     Finished `test` profile [unoptimized + debuginfo] target(s) in 0.73s
original-mining	Rejected cold restore preserves the entire live authority	2026-10-06T18:42:29.2947164Z      Running unittests src/lib.rs (target/debug/deps/mir2_gateway-1f5f2afa6f2c42af)
original-mining	Rejected cold restore preserves the entire live authority	2026-10-06T18:42:29.2980457Z 
original-mining	Rejected cold restore preserves the entire live authority	2026-10-06T18:42:29.2980651Z running 2 tests
original-mining	Rejected cold restore preserves the entire live authority	2026-10-06T18:42:29.3008622Z test routing::tests::atomic_world_checkpoint_restore_preserves_factory_when_later_zone_is_invalid ... ok
original-mining	Rejected cold restore preserves the entire live authority	2026-10-06T18:42:29.3019173Z test routing::tests::atomic_world_checkpoint_restore_preserves_replica_state_and_tick_flags ... ok
original-mining	Rejected cold restore preserves the entire live authority	2026-10-06T18:42:29.3106616Z 
original-mining	Rejected cold restore preserves the entire live authority	2026-10-06T18:42:29.3106865Z test result: ok. 2 passed; 0 failed; 0 ignored; 0 measured; 926 filtered out; finished in 0.00s
original-mining	Rejected cold restore preserves the entire live authority	2026-10-06T18:42:29.3107150Z 
original-mining	Post Checkout exact source and original fixtures	﻿2026-10-06T18:42:29.3202315Z Post job cleanup.
original-mining	Post Checkout exact source and original fixtures	2026-10-06T18:42:29.4989298Z [command]/usr/bin/git version
original-mining	Post Checkout exact source and original fixtures	2026-10-06T18:42:29.5027840Z git version 2.55.0
original-mining	Post Checkout exact source and original fixtures	2026-10-06T18:42:29.5064128Z Temporarily overriding HOME='/home/runner/work/_temp/192615f0-1398-4e16-aca1-d07ada8fe544' before making global git config changes
original-mining	Post Checkout exact source and original fixtures	2026-10-06T18:42:29.5065100Z Adding repository directory to the temporary git global config as a safe directory
original-mining	Post Checkout exact source and original fixtures	2026-10-06T18:42:29.5067932Z [command]/usr/bin/git config --global --add safe.directory /home/runner/work/mir2/mir2
original-mining	Post Checkout exact source and original fixtures	2026-10-06T18:42:29.5097982Z Removing SSH command configuration
original-mining	Post Checkout exact source and original fixtures	2026-10-06T18:42:29.5103046Z [command]/usr/bin/git config --local --name-only --get-regexp core\.sshCommand
original-mining	Post Checkout exact source and original fixtures	2026-10-06T18:42:29.5137688Z [command]/usr/bin/git submodule foreach --recursive sh -c "git config --local --name-only --get-regexp 'core\.sshCommand' && git config --local --unset-all 'core.sshCommand' || :"
original-mining	Post Checkout exact source and original fixtures	2026-10-06T18:42:29.5724714Z Removing HTTP extra header
original-mining	Post Checkout exact source and original fixtures	2026-10-06T18:42:29.5725305Z [command]/usr/bin/git config --local --name-only --get-regexp http\.https\:\/\/github\.com\/\.extraheader
original-mining	Post Checkout exact source and original fixtures	2026-10-06T18:42:29.5779023Z [command]/usr/bin/git submodule foreach --recursive sh -c "git config --local --name-only --get-regexp 'http\.https\:\/\/github\.com\/\.extraheader' && git config --local --unset-all 'http.https://github.com/.extraheader' || :"
original-mining	Post Checkout exact source and original fixtures	2026-10-06T18:42:29.6051888Z Removing includeIf entries pointing to credentials config files
original-mining	Post Checkout exact source and original fixtures	2026-10-06T18:42:29.6058161Z [command]/usr/bin/git config --local --name-only --get-regexp ^includeIf\.gitdir:
original-mining	Post Checkout exact source and original fixtures	2026-10-06T18:42:29.6093680Z [command]/usr/bin/git submodule foreach --recursive git config --local --show-origin --name-only --get-regexp remote.origin.url
original-mining	Complete job	﻿2026-10-06T18:42:29.6483847Z Cleaning up orphan processes
