--------- beginning of main
10-02 15:55:22.952 16832 16832 I .web3.uiprevie: Late-enabling -Xcheck:jni
10-02 15:55:22.985 16832 16832 D CompatibilityChangeReporter: Compat change id reported: 171979766; UID 10146; state: ENABLED
10-02 15:55:23.021 16832 16832 V GraphicsEnvironment: ANGLE Developer option for 'com.mir2.web3.uipreview' set to: 'default'
10-02 15:55:23.021 16832 16832 V GraphicsEnvironment: Neither updatable production driver nor prerelease driver is supported.
10-02 15:55:23.022 16832 16832 D NetworkSecurityConfig: No Network Security Config specified, using platform default
10-02 15:55:23.022 16832 16832 D NetworkSecurityConfig: No Network Security Config specified, using platform default
10-02 15:55:23.055 16832 16853 D libEGL  : loaded /vendor/lib64/egl/libEGL_emulation.so
10-02 15:55:23.056 16832 16853 D libEGL  : loaded /vendor/lib64/egl/libGLESv1_CM_emulation.so
10-02 15:55:23.069 16832 16853 D libEGL  : loaded /vendor/lib64/egl/libGLESv2_emulation.so
10-02 15:55:23.077 16832 16832 D AppCompatDelegate: Checking for metadata for AppLocalesMetadataHolderService : Service not found
10-02 15:55:23.087 16832 16832 D gti.InputConnection: InputConnection created
10-02 15:55:23.089 16832 16832 D gti.InputConnection: setEditorInfo
10-02 15:55:23.092 16832 16832 W .web3.uiprevie: Accessing hidden method Landroid/view/ViewGroup;->makeOptionalFitsSystemWindows()V (unsupported, reflection, allowed)
10-02 15:55:23.092 16832 16832 I GameActivity: Looking for library libmir2_platform_android.so
10-02 15:55:23.093 16832 16832 I GameActivity: Found library libmir2_platform_android.so. Loading...
10-02 15:55:23.094 16832 16832 D GameActivity: GameActivity_register
10-02 15:55:23.094 16832 16832 V GameActivity: Registering com/google/androidgamesdk/GameActivity's 24 native methods...
10-02 15:55:23.094 16832 16832 D GameActivity: SDK version: 31
10-02 15:55:23.095 16832 16832 I android-activity: Creating: Activity = 0x1696, saved state size = 0
10-02 15:55:23.101 16832 16832 V threaded_app: Creating: 0xb40000753583ecb0
10-02 15:55:23.101 16832 16832 V threaded_app: Callbacks set: 0xb40000753583ed00
10-02 15:55:23.101 16832 16832 V threaded_app: Launching android_app_entry in a thread
10-02 15:55:23.101 16832 16855 V threaded_app: android_app_entry called
10-02 15:55:23.101 16832 16855 V threaded_app: android_app = 0xb400007515843290
10-02 15:55:23.101 16832 16855 V threaded_app: config = 0xb4000074858551f0
10-02 15:55:23.101 16832 16855 V threaded_app: activity = 0xb40000753583ecb0
10-02 15:55:23.101 16832 16855 V threaded_app: assetmanager = 0xb40000753583d3b0
10-02 15:55:23.101 16832 16855 V threaded_app: Config: mcc=310 mnc=260 lang=en cnt=US orien=2 touch=3 dens=440 keys=2 nav=2 keysHid=1 navHid=0 sdk=31 size=2 long=2 modetype=1 modenight=1
10-02 15:55:23.111 16832 16855 D HostConnection: createUnique: call
10-02 15:55:23.112 16832 16855 D HostConnection: HostConnection::get() New Host Connection established 0xb4000074d583bc50, tid 16855
10-02 15:55:23.114 16832 16855 D HostConnection: HostComposition ext ANDROID_EMU_CHECKSUM_HELPER_v1 ANDROID_EMU_native_sync_v2 ANDROID_EMU_native_sync_v3 ANDROID_EMU_native_sync_v4 ANDROID_EMU_dma_v1 ANDROID_EMU_direct_mem ANDROID_EMU_host_composition_v1 ANDROID_EMU_host_composition_v2 ANDROID_EMU_vulkan ANDROID_EMU_deferred_vulkan_commands ANDROID_EMU_vulkan_null_optional_strings ANDROID_EMU_vulkan_create_resources_with_requirements ANDROID_EMU_YUV_Cache ANDROID_EMU_vulkan_ignored_handles ANDROID_EMU_has_shared_slots_host_memory_allocator ANDROID_EMU_vulkan_free_memory_sync ANDROID_EMU_vulkan_shader_float16_int8 ANDROID_EMU_vulkan_async_queue_submit ANDROID_EMU_vulkan_queue_submit_with_commands ANDROID_EMU_sync_buffer_data ANDROID_EMU_vulkan_async_qsri ANDROID_EMU_read_color_buffer_dma ANDROID_EMU_hwc_color_transform GL_OES_EGL_image_external_essl3 GL_OES_vertex_array_object ANDROID_EMU_host_side_tracing ANDROID_EMU_gles_max_version_3_0 
10-02 15:55:23.117 16832 16855 D EGL_emulation: eglCreateContext: 0xb4000074d583c790: maj 3 min 0 rcv 3
10-02 15:55:23.117 16832 16855 D EGL_emulation: eglMakeCurrent: 0xb4000074d583c790: ver 3 0 (tinfo 0x76fbc37080) (first time)
10-02 15:55:23.131 16832 16855 I event /Users/henryliu/obelisk/numeron-worktrees/android-shared-sync/mir2-web3/third_party/bevyAdapterInfo { name: "Android Emulator OpenGL ES Translator (Apple M1 Max)", vendor: 4203, device: 0, device_type: IntegratedGpu, device_pci_bus_id: "", driver: "", driver_info: "OpenGL ES 3.0 (4.1 Metal - 89.4)", backend: Gl, subgroup_min_size: 4, subgroup_max_size: 128, transient_saves_memory: false }
10-02 15:55:23.131 16832 16854 I RustStdoutStderr: [2m2026-10-02T07:55:23.131120Z[0m [32m INFO[0m [2mbevy_render::renderer[0m[2m:[0m AdapterInfo { name: "Android Emulator OpenGL ES Translator (Apple M1 Max)", vendor: 4203, device: 0, device_type: IntegratedGpu, device_pci_bus_id: "", driver: "", driver_info: "OpenGL ES 3.0 (4.1 Metal - 89.4)", backend: Gl, subgroup_min_size: 4, subgroup_max_size: 128, transient_saves_memory: false }
10-02 15:55:23.144 16832 16832 V GameActivity: onStart_native
10-02 15:55:23.144 16832 16832 V threaded_app: Start: 0xb40000753583ecb0
10-02 15:55:23.193 16832 16855 I event /Users/henryliu/obelisk/numeron-worktrees/android-shared-sync/mir2-web3/third_party/bevySparse buffer updates disabled. RenderDevice lacks support: max_storage_buffers_per_shader_stage (0) < 3.
10-02 15:55:23.194 16832 16854 I RustStdoutStderr: [2m2026-10-02T07:55:23.193880Z[0m [32m INFO[0m [2mbevy_render::render_resource::sparse_buffer_vec[0m[2m:[0m Sparse buffer updates disabled. RenderDevice lacks support: max_storage_buffers_per_shader_stage (0) < 3.
10-02 15:55:23.194 16832 16855 W event /Users/henryliu/.cargo/registry/src/index.crates.io-1949cf8c6b5b557f/bevy_core_pipeline-OrderIndependentTransparencyPlugin not loaded. GPU lacks support: DownlevelFlags::FRAGMENT_WRITABLE_STORAGE.
10-02 15:55:23.194 16832 16855 W event /Users/henryliu/.cargo/registry/src/index.crates.io-1949cf8c6b5b557f/bevy_core_pipeline-BackgroundMotionVectorsPlugin not loaded. GPU lacks support for required downlevel capability flags: DownlevelFlags(INDEPENDENT_BLEND).
10-02 15:55:23.194 16832 16854 I RustStdoutStderr: [2m2026-10-02T07:55:23.194071Z[0m [33m WARN[0m [2mbevy_core_pipeline::oit::resolve[0m[2m:[0m OrderIndependentTransparencyPlugin not loaded. GPU lacks support: DownlevelFlags::FRAGMENT_WRITABLE_STORAGE.
10-02 15:55:23.194 16832 16854 I RustStdoutStderr: [2m2026-10-02T07:55:23.194104Z[0m [33m WARN[0m [2mbevy_core_pipeline::prepass::background_motion_vectors[0m[2m:[0m BackgroundMotionVectorsPlugin not loaded. GPU lacks support for required downlevel capability flags: DownlevelFlags(INDEPENDENT_BLEND).
10-02 15:55:23.244 16832 16855 I event /Users/henryliu/obelisk/numeron-worktrees/android-shared-sync/mir2-web3/third_party/bevyGPU preprocessing is not supported on this device. Falling back to CPU preprocessing.
10-02 15:55:23.245 16832 16854 I RustStdoutStderr: [2m2026-10-02T07:55:23.244843Z[0m [32m INFO[0m [2mbevy_render::batching::gpu_preprocessing[0m[2m:[0m GPU preprocessing is not supported on this device. Falling back to CPU preprocessing.
10-02 15:55:23.265 16832 16855 V threaded_app: activityState=11
10-02 15:55:23.265 16832 16854 I RustStdoutStderr: [2m2026-10-02T07:55:23.265599Z[0m [33m WARN[0m [2mwinit::platform_impl::android[0m[2m:[0m TODO: forward onStart notification to application
10-02 15:55:23.265 16832 16855 W event /Users/henryliu/.cargo/registry/src/index.crates.io-1949cf8c6b5b557f/winit-0.30.13/src/pTODO: forward onStart notification to application
10-02 15:55:23.267 16832 16832 V threaded_app: Resume: 0xb40000753583ecb0
10-02 15:55:23.267 16832 16855 V threaded_app: activityState=12
10-02 15:55:23.274 16832 16832 V GameActivity: onImeInsetsChanged from Text Listener
10-02 15:55:23.274 16832 16832 V threaded_app: WindowInsetsChanged: 0xb40000753583ecb0
10-02 15:55:23.275 16832 16854 I RustStdoutStderr: [2m2026-10-02T07:55:23.275261Z[0m [33m WARN[0m [2mwinit::platform_impl::android[0m[2m:[0m TODO: handle Android InsetsChanged notification
10-02 15:55:23.275 16832 16855 W event /Users/henryliu/.cargo/registry/src/index.crates.io-1949cf8c6b5b557f/winit-0.30.13/src/pTODO: handle Android InsetsChanged notification
10-02 15:55:23.278 16832 16832 V GameActivity: onImeInsetsChanged from Text Listener
10-02 15:55:23.278 16832 16832 V threaded_app: WindowInsetsChanged: 0xb40000753583ecb0
10-02 15:55:23.278 16832 16851 D HostConnection: createUnique: call
10-02 15:55:23.278 16832 16851 D HostConnection: HostConnection::get() New Host Connection established 0xb4000074d5854850, tid 16851
10-02 15:55:23.279 16832 16854 I RustStdoutStderr: [2m2026-10-02T07:55:23.279084Z[0m [33m WARN[0m [2mwinit::platform_impl::android[0m[2m:[0m TODO: handle Android InsetsChanged notification
10-02 15:55:23.279 16832 16855 W event /Users/henryliu/.cargo/registry/src/index.crates.io-1949cf8c6b5b557f/winit-0.30.13/src/pTODO: handle Android InsetsChanged notification
10-02 15:55:23.279 16832 16832 V threaded_app: ContentRectChanged: 0xb40000753583ecb0 -- (0 0) (2340 1080)
10-02 15:55:23.279 16832 16854 I RustStdoutStderr: [2m2026-10-02T07:55:23.279647Z[0m [33m WARN[0m [2mwinit::platform_impl::android[0m[2m:[0m TODO: find a way to notify application of content rect change
10-02 15:55:23.279 16832 16855 W event /Users/henryliu/.cargo/registry/src/index.crates.io-1949cf8c6b5b557f/winit-0.30.13/src/pTODO: find a way to notify application of content rect change
10-02 15:55:23.281 16832 16832 V GameActivity: onSurfaceCreated_native
10-02 15:55:23.281 16832 16832 V threaded_app: NativeWindowCreated: 0xb40000753583ecb0 -- 0xb4000075c59ee140
10-02 15:55:23.281 16832 16832 V threaded_app: android_app_set_window called
10-02 15:55:23.282 16832 16855 V threaded_app: APP_CMD_INIT_WINDOW
10-02 15:55:23.282 16832 16854 I RustStdoutStderr: [2m2026-10-02T07:55:23.282369Z[0m [32m INFO[0m [2mbevy_winit::system[0m[2m:[0m Creating new window mir2-web3 (android) (105v0)
10-02 15:55:23.282 16832 16855 I event /Users/henryliu/.cargo/registry/src/index.crates.io-1949cf8c6b5b557f/bevy_winit-0.19.0/sCreating new window mir2-web3 (android) (105v0)
10-02 15:55:23.282 16832 16832 V threaded_app: NativeWindowResized: 0xb40000753583ecb0 -- 0xb4000075c59ee140 ( 2340 x 1080 )
10-02 15:55:23.282 16832 16832 V threaded_app: NativeWindowRedrawNeeded: 0xb40000753583ecb0 -- 0xb4000075c59ee140
10-02 15:55:23.283 16832 16851 D HostConnection: HostComposition ext ANDROID_EMU_CHECKSUM_HELPER_v1 ANDROID_EMU_native_sync_v2 ANDROID_EMU_native_sync_v3 ANDROID_EMU_native_sync_v4 ANDROID_EMU_dma_v1 ANDROID_EMU_direct_mem ANDROID_EMU_host_composition_v1 ANDROID_EMU_host_composition_v2 ANDROID_EMU_vulkan ANDROID_EMU_deferred_vulkan_commands ANDROID_EMU_vulkan_null_optional_strings ANDROID_EMU_vulkan_create_resources_with_requirements ANDROID_EMU_YUV_Cache ANDROID_EMU_vulkan_ignored_handles ANDROID_EMU_has_shared_slots_host_memory_allocator ANDROID_EMU_vulkan_free_memory_sync ANDROID_EMU_vulkan_shader_float16_int8 ANDROID_EMU_vulkan_async_queue_submit ANDROID_EMU_vulkan_queue_submit_with_commands ANDROID_EMU_sync_buffer_data ANDROID_EMU_vulkan_async_qsri ANDROID_EMU_read_color_buffer_dma ANDROID_EMU_hwc_color_transform GL_OES_EGL_image_external_essl3 GL_OES_vertex_array_object ANDROID_EMU_host_side_tracing ANDROID_EMU_gles_max_version_3_0 
10-02 15:55:23.283 16832 16851 W OpenGLRenderer: Failed to choose config with EGL_SWAP_BEHAVIOR_PRESERVED, retrying without...
10-02 15:55:23.284 16832 16851 W OpenGLRenderer: Failed to initialize 101010-2 format, error = EGL_SUCCESS
10-02 15:55:23.284 16832 16851 D EGL_emulation: eglCreateContext: 0xb4000074d58537d0: maj 3 min 0 rcv 3
10-02 15:55:23.285 16832 16851 D EGL_emulation: eglMakeCurrent: 0xb4000074d58537d0: ver 3 0 (tinfo 0x76fbc37100) (first time)
10-02 15:55:23.288 16832 16851 I Gralloc4: mapper 4.x is not supported
10-02 15:55:23.288 16832 16851 D HostConnection: createUnique: call
10-02 15:55:23.288 16832 16851 D HostConnection: HostConnection::get() New Host Connection established 0xb4000074d5854790, tid 16851
10-02 15:55:23.289 16832 16851 D goldfish-address-space: allocate: Ask for block of size 0x100
10-02 15:55:23.289 16832 16851 D goldfish-address-space: allocate: ioctl allocate returned offset 0x1efff8000 size 0x8000
10-02 15:55:23.290 16832 16851 W Gralloc4: allocator 4.x is not supported
10-02 15:55:23.293 16832 16851 D HostConnection: HostComposition ext ANDROID_EMU_CHECKSUM_HELPER_v1 ANDROID_EMU_native_sync_v2 ANDROID_EMU_native_sync_v3 ANDROID_EMU_native_sync_v4 ANDROID_EMU_dma_v1 ANDROID_EMU_direct_mem ANDROID_EMU_host_composition_v1 ANDROID_EMU_host_composition_v2 ANDROID_EMU_vulkan ANDROID_EMU_deferred_vulkan_commands ANDROID_EMU_vulkan_null_optional_strings ANDROID_EMU_vulkan_create_resources_with_requirements ANDROID_EMU_YUV_Cache ANDROID_EMU_vulkan_ignored_handles ANDROID_EMU_has_shared_slots_host_memory_allocator ANDROID_EMU_vulkan_free_memory_sync ANDROID_EMU_vulkan_shader_float16_int8 ANDROID_EMU_vulkan_async_queue_submit ANDROID_EMU_vulkan_queue_submit_with_commands ANDROID_EMU_sync_buffer_data ANDROID_EMU_vulkan_async_qsri ANDROID_EMU_read_color_buffer_dma ANDROID_EMU_hwc_color_transform GL_OES_EGL_image_external_essl3 GL_OES_vertex_array_object ANDROID_EMU_host_side_tracing ANDROID_EMU_gles_max_version_3_0 
10-02 15:55:23.316 16832 16832 V threaded_app: WindowFocusChanged: 0xb40000753583ecb0 -- 1
10-02 15:55:23.332 16832 16832 V GameActivity: onImeInsetsChanged from Text Listener
10-02 15:55:23.332 16832 16832 V threaded_app: WindowInsetsChanged: 0xb40000753583ecb0
10-02 15:55:23.350 16832 16855 I event /Users/henryliu/obelisk/numeron-worktrees/android-shared-sync/mir2-web3/third_party/bevyMIR2_ANDROID_SURFACE_CONFIG_PROBE reason=initial format=Rgba8Unorm size=3520x1980
10-02 15:55:23.350 16832 16854 I RustStdoutStderr: [2m2026-10-02T07:55:23.350609Z[0m [32m INFO[0m [2mbevy_render::view::window[0m[2m:[0m MIR2_ANDROID_SURFACE_CONFIG_PROBE reason=initial format=Rgba8Unorm size=3520x1980
10-02 15:55:23.351 16832 16855 I event /Users/henryliu/obelisk/numeron-worktrees/android-shared-sync/mir2-web3/third_party/bevyMIR2_ANDROID_SURFACE_ATTACHMENT_PROBE frame=0 raw=3 live=true internal=0x8058 size=3520x1980 samples=0 expected=Rgba8Unorm
10-02 15:55:23.351 16832 16854 I RustStdoutStderr: [2m2026-10-02T07:55:23.351276Z[0m [32m INFO[0m [2mbevy_render::view::window[0m[2m:[0m MIR2_ANDROID_SURFACE_ATTACHMENT_PROBE frame=0 raw=3 live=true internal=0x8058 size=3520x1980 samples=0 expected=Rgba8Unorm
10-02 15:55:23.393 16832 16855 I event /Users/henryliu/obelisk/numeron-worktrees/android-shared-sync/mir2-web3/third_party/bevyMIR2_ANDROID_SURFACE_CONFIG_PROBE reason=resize_or_present_mode format=Rgba8Unorm size=2340x1080
10-02 15:55:23.393 16832 16854 I RustStdoutStderr: [2m2026-10-02T07:55:23.393487Z[0m [32m INFO[0m [2mbevy_render::view::window[0m[2m:[0m MIR2_ANDROID_SURFACE_CONFIG_PROBE reason=resize_or_present_mode format=Rgba8Unorm size=2340x1080
10-02 15:55:23.406 16832 16855 I event src/ui_preview.rs:1183: ANDROID_QUEST_PREVIEW_RECEIVED_MODELS_APPLIED_NOT_LIVEscene = "quests-ingress"; count = 1; quest_id = Some(2100004); dialog_open = false;
10-02 15:55:23.406 16832 16854 I RustStdoutStderr: [2m2026-10-02T07:55:23.406721Z[0m [32m INFO[0m [2mmir2_platform_android::ui_preview[0m[2m:[0m ANDROID_QUEST_PREVIEW_RECEIVED_MODELS_APPLIED_NOT_LIVE [3mscene[0m[2m=[0m"quests-ingress" [3mcount[0m[2m=[0m1 [3mquest_id[0m[2m=[0mSome(2100004) [3mdialog_open[0m[2m=[0mfalse
10-02 15:55:23.413 16832 16855 I event src/item_geometry.rs:127: ANDROID_ITEM_GEOMETRY_READYitems = 1003; state_items = 2380; sources = [("original-ui/Items/meta.json", "ec0eca414ac6c34e17a218f0ed4396f30607c2485482f8760af7706acddcedfe"), ("original-ui/StateItem/meta.json", "7d812a76e9a54b1d0535968a8c21ee2064577e7012572daf79b242221ca72e9a")];
10-02 15:55:23.414 16832 16855 I event src/ui_preview.rs:1347: ANDROID_INVENTORY_INGRESS_OFFLINE queued owner42 bag12 equip2 sourceFrame30
10-02 15:55:23.414 16832 16855 I event src/ui_preview.rs:800: ANDROID_UI_PREVIEW_READY scene=quests-ingress
10-02 15:55:23.414 16832 16854 I RustStdoutStderr: [2m2026-10-02T07:55:23.413879Z[0m [32m INFO[0m [2mmir2_platform_android::item_geometry[0m[2m:[0m ANDROID_ITEM_GEOMETRY_READY [3mitems[0m[2m=[0m1003 [3mstate_items[0m[2m=[0m2380 [3msources[0m[2m=[0m[("original-ui/Items/meta.json", "ec0eca414ac6c34e17a218f0ed4396f30607c2485482f8760af7706acddcedfe"), ("original-ui/StateItem/meta.json", "7d812a76e9a54b1d0535968a8c21ee2064577e7012572daf79b242221ca72e9a")]
10-02 15:55:23.415 16832 16854 I RustStdoutStderr: [2m2026-10-02T07:55:23.414033Z[0m [32m INFO[0m [2mmir2_platform_android::ui_preview[0m[2m:[0m ANDROID_INVENTORY_INGRESS_OFFLINE queued owner42 bag12 equip2 sourceFrame30
10-02 15:55:23.415 16832 16854 I RustStdoutStderr: [2m2026-10-02T07:55:23.414060Z[0m [32m INFO[0m [2mmir2_platform_android::ui_preview[0m[2m:[0m ANDROID_UI_PREVIEW_READY scene=quests-ingress
10-02 15:55:23.433 16832 16855 W event /Users/henryliu/.cargo/registry/src/index.crates.io-1949cf8c6b5b557f/winit-0.30.13/src/pTODO: handle Android InsetsChanged notification
10-02 15:55:23.433 16832 16854 I RustStdoutStderr: [2m2026-10-02T07:55:23.432976Z[0m [33m WARN[0m [2mwinit::platform_impl::android[0m[2m:[0m TODO: handle Android InsetsChanged notification
10-02 15:55:23.472 16832 16855 I event /Users/henryliu/obelisk/numeron-worktrees/android-shared-sync/mir2-web3/third_party/bevyMIR2_ANDROID_SURFACE_ATTACHMENT_PROBE frame=0 raw=5 live=true internal=0x8058 size=2340x1080 samples=0 expected=Rgba8Unorm
10-02 15:55:23.472 16832 16854 I RustStdoutStderr: [2m2026-10-02T07:55:23.472485Z[0m [32m INFO[0m [2mbevy_render::view::window[0m[2m:[0m MIR2_ANDROID_SURFACE_ATTACHMENT_PROBE frame=0 raw=5 live=true internal=0x8058 size=2340x1080 samples=0 expected=Rgba8Unorm
10-02 15:55:23.490 16832 16855 I event /Users/henryliu/obelisk/numeron-worktrees/android-shared-sync/mir2-web3/third_party/bevyMIR2_ANDROID_VIEW_OUTPUT_PROBE frame=1 entity=178v0 current_surface_raw=5 has_camera=true has_view=true msaa=Some(Off) physical_target=Some(UVec2(2340, 1080)) output=Some("TextureView { inner: Renderbuffer { raw: NativeRenderbuffer(5) }, aspects: FormatAspects(COLOR), mip_levels: 0..1, array_layers: 0..1, format: Rgba8Unorm }")
10-02 15:55:23.490 16832 16854 I RustStdoutStderr: [2m2026-10-02T07:55:23.490329Z[0m [32m INFO[0m [2mbevy_render::view::window[0m[2m:[0m MIR2_ANDROID_VIEW_OUTPUT_PROBE frame=1 entity=178v0 current_surface_raw=5 has_camera=true has_view=true msaa=Some(Off) physical_target=Some(UVec2(2340, 1080)) output=Some("TextureView { inner: Renderbuffer { raw: NativeRenderbuffer(5) }, aspects: FormatAspects(COLOR), mip_levels: 0..1, array_layers: 0..1, format: Rgba8Unorm }")
10-02 15:55:23.492 16832 16855 D eglCodecCommon: checkFramebufferAttachmentCompleteness: rbo not color renderable. format: 0x0
10-02 15:55:23.492 16832 16855 D eglCodecCommon: checkFramebufferCompleteness: color attachment 0 not complete: 0x8cd6
10-02 15:55:23.492 16832 16855 E emuglGLESv2_enc: device/generic/goldfish-opengl/system/GLESv2_enc/GL2Encoder.cpp:s_glDrawElementsInstanced:4585 GL error 0x506 condition [ctx->m_state->checkFramebufferCompleteness(GL_FRAMEBUFFER) != GL_FRAMEBUFFER_COMPLETE]
10-02 15:55:23.518 16832 16855 I event /Users/henryliu/obelisk/numeron-worktrees/android-shared-sync/mir2-web3/third_party/bevyMIR2_ANDROID_SURFACE_ATTACHMENT_PROBE frame=1 raw=5 live=true internal=0x8058 size=2340x1080 samples=0 expected=Rgba8Unorm
10-02 15:55:23.519 16832 16854 I RustStdoutStderr: [2m2026-10-02T07:55:23.518949Z[0m [32m INFO[0m [2mbevy_render::view::window[0m[2m:[0m MIR2_ANDROID_SURFACE_ATTACHMENT_PROBE frame=1 raw=5 live=true internal=0x8058 size=2340x1080 samples=0 expected=Rgba8Unorm
10-02 15:55:23.558 16832 16855 I event /Users/henryliu/obelisk/numeron-worktrees/android-shared-sync/mir2-web3/third_party/bevyMIR2_ANDROID_VIEW_OUTPUT_PROBE frame=2 entity=178v0 current_surface_raw=5 has_camera=true has_view=true msaa=Some(Off) physical_target=Some(UVec2(2340, 1080)) output=Some("TextureView { inner: Renderbuffer { raw: NativeRenderbuffer(5) }, aspects: FormatAspects(COLOR), mip_levels: 0..1, array_layers: 0..1, format: Rgba8Unorm }")
10-02 15:55:23.558 16832 16854 I RustStdoutStderr: [2m2026-10-02T07:55:23.558439Z[0m [32m INFO[0m [2mbevy_render::view::window[0m[2m:[0m MIR2_ANDROID_VIEW_OUTPUT_PROBE frame=2 entity=178v0 current_surface_raw=5 has_camera=true has_view=true msaa=Some(Off) physical_target=Some(UVec2(2340, 1080)) output=Some("TextureView { inner: Renderbuffer { raw: NativeRenderbuffer(5) }, aspects: FormatAspects(COLOR), mip_levels: 0..1, array_layers: 0..1, format: Rgba8Unorm }")
10-02 15:55:23.560 16832 16855 D eglCodecCommon: checkFramebufferAttachmentCompleteness: rbo not color renderable. format: 0x0
10-02 15:55:23.560 16832 16855 D eglCodecCommon: checkFramebufferCompleteness: color attachment 0 not complete: 0x8cd6
10-02 15:55:23.560 16832 16855 E emuglGLESv2_enc: device/generic/goldfish-opengl/system/GLESv2_enc/GL2Encoder.cpp:s_glDrawElementsInstanced:4585 GL error 0x506 condition [ctx->m_state->checkFramebufferCompleteness(GL_FRAMEBUFFER) != GL_FRAMEBUFFER_COMPLETE]
10-02 15:55:23.560 16832 16855 D eglCodecCommon: checkFramebufferAttachmentCompleteness: rbo not color renderable. format: 0x0
10-02 15:55:23.560 16832 16855 D eglCodecCommon: checkFramebufferCompleteness: color attachment 0 not complete: 0x8cd6
10-02 15:55:23.560 16832 16855 E emuglGLESv2_enc: device/generic/goldfish-opengl/system/GLESv2_enc/GL2Encoder.cpp:s_glDrawElementsInstanced:4585 GL error 0x506 condition [ctx->m_state->checkFramebufferCompleteness(GL_FRAMEBUFFER) != GL_FRAMEBUFFER_COMPLETE]
10-02 15:55:23.560 16832 16855 D eglCodecCommon: checkFramebufferAttachmentCompleteness: rbo not color renderable. format: 0x0
10-02 15:55:23.560 16832 16855 D eglCodecCommon: checkFramebufferCompleteness: color attachment 0 not complete: 0x8cd6
10-02 15:55:23.560 16832 16855 E emuglGLESv2_enc: device/generic/goldfish-opengl/system/GLESv2_enc/GL2Encoder.cpp:s_glDrawElementsInstanced:4585 GL error 0x506 condition [ctx->m_state->checkFramebufferCompleteness(GL_FRAMEBUFFER) != GL_FRAMEBUFFER_COMPLETE]
10-02 15:55:23.579 16832 16855 I event /Users/henryliu/obelisk/numeron-worktrees/android-shared-sync/mir2-web3/third_party/bevyMIR2_ANDROID_SURFACE_ATTACHMENT_PROBE frame=2 raw=5 live=true internal=0x8058 size=2340x1080 samples=0 expected=Rgba8Unorm
10-02 15:55:23.579 16832 16854 I RustStdoutStderr: [2m2026-10-02T07:55:23.579290Z[0m [32m INFO[0m [2mbevy_render::view::window[0m[2m:[0m MIR2_ANDROID_SURFACE_ATTACHMENT_PROBE frame=2 raw=5 live=true internal=0x8058 size=2340x1080 samples=0 expected=Rgba8Unorm
10-02 15:55:23.582 16832 16855 I event /Users/henryliu/obelisk/numeron-worktrees/android-shared-sync/mir2-web3/third_party/bevyMIR2_ANDROID_VIEW_OUTPUT_PROBE frame=3 entity=178v0 current_surface_raw=5 has_camera=true has_view=true msaa=Some(Off) physical_target=Some(UVec2(2340, 1080)) output=Some("TextureView { inner: Renderbuffer { raw: NativeRenderbuffer(5) }, aspects: FormatAspects(COLOR), mip_levels: 0..1, array_layers: 0..1, format: Rgba8Unorm }")
10-02 15:55:23.582 16832 16854 I RustStdoutStderr: [2m2026-10-02T07:55:23.582311Z[0m [32m INFO[0m [2mbevy_render::view::window[0m[2m:[0m MIR2_ANDROID_VIEW_OUTPUT_PROBE frame=3 entity=178v0 current_surface_raw=5 has_camera=true has_view=true msaa=Some(Off) physical_target=Some(UVec2(2340, 1080)) output=Some("TextureView { inner: Renderbuffer { raw: NativeRenderbuffer(5) }, aspects: FormatAspects(COLOR), mip_levels: 0..1, array_layers: 0..1, format: Rgba8Unorm }")
10-02 15:55:23.602 16832 16855 I event /Users/henryliu/obelisk/numeron-worktrees/android-shared-sync/mir2-web3/third_party/bevyMIR2_ANDROID_SURFACE_ATTACHMENT_PROBE frame=3 raw=5 live=true internal=0x8058 size=2340x1080 samples=0 expected=Rgba8Unorm
10-02 15:55:23.602 16832 16854 I RustStdoutStderr: [2m2026-10-02T07:55:23.602752Z[0m [32m INFO[0m [2mbevy_render::view::window[0m[2m:[0m MIR2_ANDROID_SURFACE_ATTACHMENT_PROBE frame=3 raw=5 live=true internal=0x8058 size=2340x1080 samples=0 expected=Rgba8Unorm
10-02 15:55:23.603 16832 16855 I event /Users/henryliu/obelisk/numeron-worktrees/android-shared-sync/mir2-web3/third_party/bevyMIR2_ANDROID_VIEW_OUTPUT_PROBE frame=4 entity=178v0 current_surface_raw=5 has_camera=true has_view=true msaa=Some(Off) physical_target=Some(UVec2(2340, 1080)) output=Some("TextureView { inner: Renderbuffer { raw: NativeRenderbuffer(5) }, aspects: FormatAspects(COLOR), mip_levels: 0..1, array_layers: 0..1, format: Rgba8Unorm }")
10-02 15:55:23.603 16832 16854 I RustStdoutStderr: [2m2026-10-02T07:55:23.603683Z[0m [32m INFO[0m [2mbevy_render::view::window[0m[2m:[0m MIR2_ANDROID_VIEW_OUTPUT_PROBE frame=4 entity=178v0 current_surface_raw=5 has_camera=true has_view=true msaa=Some(Off) physical_target=Some(UVec2(2340, 1080)) output=Some("TextureView { inner: Renderbuffer { raw: NativeRenderbuffer(5) }, aspects: FormatAspects(COLOR), mip_levels: 0..1, array_layers: 0..1, format: Rgba8Unorm }")
10-02 15:55:23.623 16832 16855 I event /Users/henryliu/obelisk/numeron-worktrees/android-shared-sync/mir2-web3/third_party/bevyMIR2_ANDROID_SURFACE_ATTACHMENT_PROBE frame=4 raw=5 live=true internal=0x8058 size=2340x1080 samples=0 expected=Rgba8Unorm
10-02 15:55:23.623 16832 16854 I RustStdoutStderr: [2m2026-10-02T07:55:23.623704Z[0m [32m INFO[0m [2mbevy_render::view::window[0m[2m:[0m MIR2_ANDROID_SURFACE_ATTACHMENT_PROBE frame=4 raw=5 live=true internal=0x8058 size=2340x1080 samples=0 expected=Rgba8Unorm
10-02 15:55:23.625 16832 16855 I event /Users/henryliu/obelisk/numeron-worktrees/android-shared-sync/mir2-web3/third_party/bevyMIR2_ANDROID_VIEW_OUTPUT_PROBE frame=5 entity=178v0 current_surface_raw=5 has_camera=true has_view=true msaa=Some(Off) physical_target=Some(UVec2(2340, 1080)) output=Some("TextureView { inner: Renderbuffer { raw: NativeRenderbuffer(5) }, aspects: FormatAspects(COLOR), mip_levels: 0..1, array_layers: 0..1, format: Rgba8Unorm }")
10-02 15:55:23.625 16832 16854 I RustStdoutStderr: [2m2026-10-02T07:55:23.625195Z[0m [32m INFO[0m [2mbevy_render::view::window[0m[2m:[0m MIR2_ANDROID_VIEW_OUTPUT_PROBE frame=5 entity=178v0 current_surface_raw=5 has_camera=true has_view=true msaa=Some(Off) physical_target=Some(UVec2(2340, 1080)) output=Some("TextureView { inner: Renderbuffer { raw: NativeRenderbuffer(5) }, aspects: FormatAspects(COLOR), mip_levels: 0..1, array_layers: 0..1, format: Rgba8Unorm }")
10-02 15:55:23.653 16832 16855 I event /Users/henryliu/obelisk/numeron-worktrees/android-shared-sync/mir2-web3/third_party/bevyMIR2_ANDROID_SURFACE_ATTACHMENT_PROBE frame=5 raw=5 live=true internal=0x8058 size=2340x1080 samples=0 expected=Rgba8Unorm
10-02 15:55:23.653 16832 16854 I RustStdoutStderr: [2m2026-10-02T07:55:23.652971Z[0m [32m INFO[0m [2mbevy_render::view::window[0m[2m:[0m MIR2_ANDROID_SURFACE_ATTACHMENT_PROBE frame=5 raw=5 live=true internal=0x8058 size=2340x1080 samples=0 expected=Rgba8Unorm
10-02 15:55:23.654 16832 16855 I event /Users/henryliu/obelisk/numeron-worktrees/android-shared-sync/mir2-web3/third_party/bevyMIR2_ANDROID_VIEW_OUTPUT_PROBE frame=6 entity=178v0 current_surface_raw=5 has_camera=true has_view=true msaa=Some(Off) physical_target=Some(UVec2(2340, 1080)) output=Some("TextureView { inner: Renderbuffer { raw: NativeRenderbuffer(5) }, aspects: FormatAspects(COLOR), mip_levels: 0..1, array_layers: 0..1, format: Rgba8Unorm }")
10-02 15:55:23.654 16832 16854 I RustStdoutStderr: [2m2026-10-02T07:55:23.654230Z[0m [32m INFO[0m [2mbevy_render::view::window[0m[2m:[0m MIR2_ANDROID_VIEW_OUTPUT_PROBE frame=6 entity=178v0 current_surface_raw=5 has_camera=true has_view=true msaa=Some(Off) physical_target=Some(UVec2(2340, 1080)) output=Some("TextureView { inner: Renderbuffer { raw: NativeRenderbuffer(5) }, aspects: FormatAspects(COLOR), mip_levels: 0..1, array_layers: 0..1, format: Rgba8Unorm }")
10-02 15:55:23.682 16832 16855 I event /Users/henryliu/obelisk/numeron-worktrees/android-shared-sync/mir2-web3/third_party/bevyMIR2_ANDROID_SURFACE_ATTACHMENT_PROBE frame=6 raw=5 live=true internal=0x8058 size=2340x1080 samples=0 expected=Rgba8Unorm
10-02 15:55:23.682 16832 16854 I RustStdoutStderr: [2m2026-10-02T07:55:23.682687Z[0m [32m INFO[0m [2mbevy_render::view::window[0m[2m:[0m MIR2_ANDROID_SURFACE_ATTACHMENT_PROBE frame=6 raw=5 live=true internal=0x8058 size=2340x1080 samples=0 expected=Rgba8Unorm
10-02 15:55:23.683 16832 16855 I event /Users/henryliu/obelisk/numeron-worktrees/android-shared-sync/mir2-web3/third_party/bevyMIR2_ANDROID_VIEW_OUTPUT_PROBE frame=7 entity=178v0 current_surface_raw=5 has_camera=true has_view=true msaa=Some(Off) physical_target=Some(UVec2(2340, 1080)) output=Some("TextureView { inner: Renderbuffer { raw: NativeRenderbuffer(5) }, aspects: FormatAspects(COLOR), mip_levels: 0..1, array_layers: 0..1, format: Rgba8Unorm }")
10-02 15:55:23.683 16832 16854 I RustStdoutStderr: [2m2026-10-02T07:55:23.683678Z[0m [32m INFO[0m [2mbevy_render::view::window[0m[2m:[0m MIR2_ANDROID_VIEW_OUTPUT_PROBE frame=7 entity=178v0 current_surface_raw=5 has_camera=true has_view=true msaa=Some(Off) physical_target=Some(UVec2(2340, 1080)) output=Some("TextureView { inner: Renderbuffer { raw: NativeRenderbuffer(5) }, aspects: FormatAspects(COLOR), mip_levels: 0..1, array_layers: 0..1, format: Rgba8Unorm }")
10-02 15:55:23.700 16832 16855 I event /Users/henryliu/obelisk/numeron-worktrees/android-shared-sync/mir2-web3/third_party/bevyMIR2_ANDROID_SURFACE_ATTACHMENT_PROBE frame=7 raw=5 live=true internal=0x8058 size=2340x1080 samples=0 expected=Rgba8Unorm
10-02 15:55:23.701 16832 16854 I RustStdoutStderr: [2m2026-10-02T07:55:23.700731Z[0m [32m INFO[0m [2mbevy_render::view::window[0m[2m:[0m MIR2_ANDROID_SURFACE_ATTACHMENT_PROBE frame=7 raw=5 live=true internal=0x8058 size=2340x1080 samples=0 expected=Rgba8Unorm
10-02 15:55:23.701 16832 16855 I event /Users/henryliu/obelisk/numeron-worktrees/android-shared-sync/mir2-web3/third_party/bevyMIR2_ANDROID_VIEW_OUTPUT_PROBE frame=8 entity=178v0 current_surface_raw=5 has_camera=true has_view=true msaa=Some(Off) physical_target=Some(UVec2(2340, 1080)) output=Some("TextureView { inner: Renderbuffer { raw: NativeRenderbuffer(5) }, aspects: FormatAspects(COLOR), mip_levels: 0..1, array_layers: 0..1, format: Rgba8Unorm }")
10-02 15:55:23.701 16832 16854 I RustStdoutStderr: [2m2026-10-02T07:55:23.701304Z[0m [32m INFO[0m [2mbevy_render::view::window[0m[2m:[0m MIR2_ANDROID_VIEW_OUTPUT_PROBE frame=8 entity=178v0 current_surface_raw=5 has_camera=true has_view=true msaa=Some(Off) physical_target=Some(UVec2(2340, 1080)) output=Some("TextureView { inner: Renderbuffer { raw: NativeRenderbuffer(5) }, aspects: FormatAspects(COLOR), mip_levels: 0..1, array_layers: 0..1, format: Rgba8Unorm }")
10-02 15:55:23.714 16832 16855 I event /Users/henryliu/obelisk/numeron-worktrees/android-shared-sync/mir2-web3/third_party/bevyMIR2_ANDROID_SURFACE_ATTACHMENT_PROBE frame=8 raw=5 live=true internal=0x8058 size=2340x1080 samples=0 expected=Rgba8Unorm
10-02 15:55:23.714 16832 16854 I RustStdoutStderr: [2m2026-10-02T07:55:23.713983Z[0m [32m INFO[0m [2mbevy_render::view::window[0m[2m:[0m MIR2_ANDROID_SURFACE_ATTACHMENT_PROBE frame=8 raw=5 live=true internal=0x8058 size=2340x1080 samples=0 expected=Rgba8Unorm
10-02 15:55:23.714 16832 16855 I event /Users/henryliu/obelisk/numeron-worktrees/android-shared-sync/mir2-web3/third_party/bevyMIR2_ANDROID_VIEW_OUTPUT_PROBE frame=9 entity=178v0 current_surface_raw=5 has_camera=true has_view=true msaa=Some(Off) physical_target=Some(UVec2(2340, 1080)) output=Some("TextureView { inner: Renderbuffer { raw: NativeRenderbuffer(5) }, aspects: FormatAspects(COLOR), mip_levels: 0..1, array_layers: 0..1, format: Rgba8Unorm }")
10-02 15:55:23.714 16832 16854 I RustStdoutStderr: [2m2026-10-02T07:55:23.714571Z[0m [32m INFO[0m [2mbevy_render::view::window[0m[2m:[0m MIR2_ANDROID_VIEW_OUTPUT_PROBE frame=9 entity=178v0 current_surface_raw=5 has_camera=true has_view=true msaa=Some(Off) physical_target=Some(UVec2(2340, 1080)) output=Some("TextureView { inner: Renderbuffer { raw: NativeRenderbuffer(5) }, aspects: FormatAspects(COLOR), mip_levels: 0..1, array_layers: 0..1, format: Rgba8Unorm }")
10-02 15:55:23.726 16832 16855 I event /Users/henryliu/obelisk/numeron-worktrees/android-shared-sync/mir2-web3/third_party/bevyMIR2_ANDROID_SURFACE_ATTACHMENT_PROBE frame=9 raw=5 live=true internal=0x8058 size=2340x1080 samples=0 expected=Rgba8Unorm
10-02 15:55:23.726 16832 16854 I RustStdoutStderr: [2m2026-10-02T07:55:23.726630Z[0m [32m INFO[0m [2mbevy_render::view::window[0m[2m:[0m MIR2_ANDROID_SURFACE_ATTACHMENT_PROBE frame=9 raw=5 live=true internal=0x8058 size=2340x1080 samples=0 expected=Rgba8Unorm
10-02 15:55:23.726 16832 16855 I event /Users/henryliu/obelisk/numeron-worktrees/android-shared-sync/mir2-web3/third_party/bevyMIR2_ANDROID_VIEW_OUTPUT_PROBE frame=10 entity=178v0 current_surface_raw=5 has_camera=true has_view=true msaa=Some(Off) physical_target=Some(UVec2(2340, 1080)) output=Some("TextureView { inner: Renderbuffer { raw: NativeRenderbuffer(5) }, aspects: FormatAspects(COLOR), mip_levels: 0..1, array_layers: 0..1, format: Rgba8Unorm }")
10-02 15:55:23.727 16832 16854 I RustStdoutStderr: [2m2026-10-02T07:55:23.726927Z[0m [32m INFO[0m [2mbevy_render::view::window[0m[2m:[0m MIR2_ANDROID_VIEW_OUTPUT_PROBE frame=10 entity=178v0 current_surface_raw=5 has_camera=true has_view=true msaa=Some(Off) physical_target=Some(UVec2(2340, 1080)) output=Some("TextureView { inner: Renderbuffer { raw: NativeRenderbuffer(5) }, aspects: FormatAspects(COLOR), mip_levels: 0..1, array_layers: 0..1, format: Rgba8Unorm }")
10-02 15:55:23.740 16832 16855 I event /Users/henryliu/obelisk/numeron-worktrees/android-shared-sync/mir2-web3/third_party/bevyMIR2_ANDROID_SURFACE_ATTACHMENT_PROBE frame=10 raw=5 live=true internal=0x8058 size=2340x1080 samples=0 expected=Rgba8Unorm
10-02 15:55:23.740 16832 16854 I RustStdoutStderr: [2m2026-10-02T07:55:23.740710Z[0m [32m INFO[0m [2mbevy_render::view::window[0m[2m:[0m MIR2_ANDROID_SURFACE_ATTACHMENT_PROBE frame=10 raw=5 live=true internal=0x8058 size=2340x1080 samples=0 expected=Rgba8Unorm
10-02 15:55:23.741 16832 16855 I event /Users/henryliu/obelisk/numeron-worktrees/android-shared-sync/mir2-web3/third_party/bevyMIR2_ANDROID_VIEW_OUTPUT_PROBE frame=11 entity=178v0 current_surface_raw=5 has_camera=true has_view=true msaa=Some(Off) physical_target=Some(UVec2(2340, 1080)) output=Some("TextureView { inner: Renderbuffer { raw: NativeRenderbuffer(5) }, aspects: FormatAspects(COLOR), mip_levels: 0..1, array_layers: 0..1, format: Rgba8Unorm }")
10-02 15:55:23.741 16832 16854 I RustStdoutStderr: [2m2026-10-02T07:55:23.741162Z[0m [32m INFO[0m [2mbevy_render::view::window[0m[2m:[0m MIR2_ANDROID_VIEW_OUTPUT_PROBE frame=11 entity=178v0 current_surface_raw=5 has_camera=true has_view=true msaa=Some(Off) physical_target=Some(UVec2(2340, 1080)) output=Some("TextureView { inner: Renderbuffer { raw: NativeRenderbuffer(5) }, aspects: FormatAspects(COLOR), mip_levels: 0..1, array_layers: 0..1, format: Rgba8Unorm }")
10-02 15:55:23.758 16832 16855 I event /Users/henryliu/obelisk/numeron-worktrees/android-shared-sync/mir2-web3/third_party/bevyMIR2_ANDROID_SURFACE_ATTACHMENT_PROBE frame=11 raw=5 live=true internal=0x8058 size=2340x1080 samples=0 expected=Rgba8Unorm
10-02 15:55:23.758 16832 16854 I RustStdoutStderr: [2m2026-10-02T07:55:23.758540Z[0m [32m INFO[0m [2mbevy_render::view::window[0m[2m:[0m MIR2_ANDROID_SURFACE_ATTACHMENT_PROBE frame=11 raw=5 live=true internal=0x8058 size=2340x1080 samples=0 expected=Rgba8Unorm
10-02 15:55:23.759 16832 16855 I event /Users/henryliu/obelisk/numeron-worktrees/android-shared-sync/mir2-web3/third_party/bevyMIR2_ANDROID_VIEW_OUTPUT_PROBE frame=12 entity=178v0 current_surface_raw=5 has_camera=true has_view=true msaa=Some(Off) physical_target=Some(UVec2(2340, 1080)) output=Some("TextureView { inner: Renderbuffer { raw: NativeRenderbuffer(5) }, aspects: FormatAspects(COLOR), mip_levels: 0..1, array_layers: 0..1, format: Rgba8Unorm }")
10-02 15:55:23.759 16832 16854 I RustStdoutStderr: [2m2026-10-02T07:55:23.759166Z[0m [32m INFO[0m [2mbevy_render::view::window[0m[2m:[0m MIR2_ANDROID_VIEW_OUTPUT_PROBE frame=12 entity=178v0 current_surface_raw=5 has_camera=true has_view=true msaa=Some(Off) physical_target=Some(UVec2(2340, 1080)) output=Some("TextureView { inner: Renderbuffer { raw: NativeRenderbuffer(5) }, aspects: FormatAspects(COLOR), mip_levels: 0..1, array_layers: 0..1, format: Rgba8Unorm }")
10-02 15:55:23.778 16832 16855 I event /Users/henryliu/obelisk/numeron-worktrees/android-shared-sync/mir2-web3/third_party/bevyMIR2_ANDROID_SURFACE_ATTACHMENT_PROBE frame=12 raw=5 live=true internal=0x8058 size=2340x1080 samples=0 expected=Rgba8Unorm
10-02 15:55:23.778 16832 16854 I RustStdoutStderr: [2m2026-10-02T07:55:23.778116Z[0m [32m INFO[0m [2mbevy_render::view::window[0m[2m:[0m MIR2_ANDROID_SURFACE_ATTACHMENT_PROBE frame=12 raw=5 live=true internal=0x8058 size=2340x1080 samples=0 expected=Rgba8Unorm
10-02 15:55:23.778 16832 16855 I event /Users/henryliu/obelisk/numeron-worktrees/android-shared-sync/mir2-web3/third_party/bevyMIR2_ANDROID_VIEW_OUTPUT_PROBE frame=13 entity=178v0 current_surface_raw=5 has_camera=true has_view=true msaa=Some(Off) physical_target=Some(UVec2(2340, 1080)) output=Some("TextureView { inner: Renderbuffer { raw: NativeRenderbuffer(5) }, aspects: FormatAspects(COLOR), mip_levels: 0..1, array_layers: 0..1, format: Rgba8Unorm }")
10-02 15:55:23.778 16832 16854 I RustStdoutStderr: [2m2026-10-02T07:55:23.778439Z[0m [32m INFO[0m [2mbevy_render::view::window[0m[2m:[0m MIR2_ANDROID_VIEW_OUTPUT_PROBE frame=13 entity=178v0 current_surface_raw=5 has_camera=true has_view=true msaa=Some(Off) physical_target=Some(UVec2(2340, 1080)) output=Some("TextureView { inner: Renderbuffer { raw: NativeRenderbuffer(5) }, aspects: FormatAspects(COLOR), mip_levels: 0..1, array_layers: 0..1, format: Rgba8Unorm }")
10-02 15:55:23.791 16832 16855 I event /Users/henryliu/obelisk/numeron-worktrees/android-shared-sync/mir2-web3/third_party/bevyMIR2_ANDROID_SURFACE_ATTACHMENT_PROBE frame=13 raw=5 live=true internal=0x8058 size=2340x1080 samples=0 expected=Rgba8Unorm
10-02 15:55:23.792 16832 16854 I RustStdoutStderr: [2m2026-10-02T07:55:23.791932Z[0m [32m INFO[0m [2mbevy_render::view::window[0m[2m:[0m MIR2_ANDROID_SURFACE_ATTACHMENT_PROBE frame=13 raw=5 live=true internal=0x8058 size=2340x1080 samples=0 expected=Rgba8Unorm
10-02 15:55:23.792 16832 16855 I event /Users/henryliu/obelisk/numeron-worktrees/android-shared-sync/mir2-web3/third_party/bevyMIR2_ANDROID_VIEW_OUTPUT_PROBE frame=14 entity=178v0 current_surface_raw=5 has_camera=true has_view=true msaa=Some(Off) physical_target=Some(UVec2(2340, 1080)) output=Some("TextureView { inner: Renderbuffer { raw: NativeRenderbuffer(5) }, aspects: FormatAspects(COLOR), mip_levels: 0..1, array_layers: 0..1, format: Rgba8Unorm }")
10-02 15:55:23.792 16832 16854 I RustStdoutStderr: [2m2026-10-02T07:55:23.792352Z[0m [32m INFO[0m [2mbevy_render::view::window[0m[2m:[0m MIR2_ANDROID_VIEW_OUTPUT_PROBE frame=14 entity=178v0 current_surface_raw=5 has_camera=true has_view=true msaa=Some(Off) physical_target=Some(UVec2(2340, 1080)) output=Some("TextureView { inner: Renderbuffer { raw: NativeRenderbuffer(5) }, aspects: FormatAspects(COLOR), mip_levels: 0..1, array_layers: 0..1, format: Rgba8Unorm }")
10-02 15:55:23.807 16832 16855 I event /Users/henryliu/obelisk/numeron-worktrees/android-shared-sync/mir2-web3/third_party/bevyMIR2_ANDROID_SURFACE_ATTACHMENT_PROBE frame=14 raw=5 live=true internal=0x8058 size=2340x1080 samples=0 expected=Rgba8Unorm
10-02 15:55:23.807 16832 16854 I RustStdoutStderr: [2m2026-10-02T07:55:23.807663Z[0m [32m INFO[0m [2mbevy_render::view::window[0m[2m:[0m MIR2_ANDROID_SURFACE_ATTACHMENT_PROBE frame=14 raw=5 live=true internal=0x8058 size=2340x1080 samples=0 expected=Rgba8Unorm
10-02 15:55:23.808 16832 16855 I event /Users/henryliu/obelisk/numeron-worktrees/android-shared-sync/mir2-web3/third_party/bevyMIR2_ANDROID_VIEW_OUTPUT_PROBE frame=15 entity=178v0 current_surface_raw=5 has_camera=true has_view=true msaa=Some(Off) physical_target=Some(UVec2(2340, 1080)) output=Some("TextureView { inner: Renderbuffer { raw: NativeRenderbuffer(5) }, aspects: FormatAspects(COLOR), mip_levels: 0..1, array_layers: 0..1, format: Rgba8Unorm }")
10-02 15:55:23.808 16832 16854 I RustStdoutStderr: [2m2026-10-02T07:55:23.808008Z[0m [32m INFO[0m [2mbevy_render::view::window[0m[2m:[0m MIR2_ANDROID_VIEW_OUTPUT_PROBE frame=15 entity=178v0 current_surface_raw=5 has_camera=true has_view=true msaa=Some(Off) physical_target=Some(UVec2(2340, 1080)) output=Some("TextureView { inner: Renderbuffer { raw: NativeRenderbuffer(5) }, aspects: FormatAspects(COLOR), mip_levels: 0..1, array_layers: 0..1, format: Rgba8Unorm }")
10-02 15:55:23.826 16832 16855 I event /Users/henryliu/obelisk/numeron-worktrees/android-shared-sync/mir2-web3/third_party/bevyMIR2_ANDROID_SURFACE_ATTACHMENT_PROBE frame=15 raw=5 live=true internal=0x8058 size=2340x1080 samples=0 expected=Rgba8Unorm
10-02 15:55:23.826 16832 16854 I RustStdoutStderr: [2m2026-10-02T07:55:23.826142Z[0m [32m INFO[0m [2mbevy_render::view::window[0m[2m:[0m MIR2_ANDROID_SURFACE_ATTACHMENT_PROBE frame=15 raw=5 live=true internal=0x8058 size=2340x1080 samples=0 expected=Rgba8Unorm
10-02 15:55:23.826 16832 16855 I event /Users/henryliu/obelisk/numeron-worktrees/android-shared-sync/mir2-web3/third_party/bevyMIR2_ANDROID_VIEW_OUTPUT_PROBE frame=16 entity=178v0 current_surface_raw=5 has_camera=true has_view=true msaa=Some(Off) physical_target=Some(UVec2(2340, 1080)) output=Some("TextureView { inner: Renderbuffer { raw: NativeRenderbuffer(5) }, aspects: FormatAspects(COLOR), mip_levels: 0..1, array_layers: 0..1, format: Rgba8Unorm }")
10-02 15:55:23.826 16832 16854 I RustStdoutStderr: [2m2026-10-02T07:55:23.826520Z[0m [32m INFO[0m [2mbevy_render::view::window[0m[2m:[0m MIR2_ANDROID_VIEW_OUTPUT_PROBE frame=16 entity=178v0 current_surface_raw=5 has_camera=true has_view=true msaa=Some(Off) physical_target=Some(UVec2(2340, 1080)) output=Some("TextureView { inner: Renderbuffer { raw: NativeRenderbuffer(5) }, aspects: FormatAspects(COLOR), mip_levels: 0..1, array_layers: 0..1, format: Rgba8Unorm }")
10-02 15:55:23.841 16832 16855 I event /Users/henryliu/obelisk/numeron-worktrees/android-shared-sync/mir2-web3/third_party/bevyMIR2_ANDROID_SURFACE_ATTACHMENT_PROBE frame=16 raw=5 live=true internal=0x8058 size=2340x1080 samples=0 expected=Rgba8Unorm
10-02 15:55:23.841 16832 16854 I RustStdoutStderr: [2m2026-10-02T07:55:23.841786Z[0m [32m INFO[0m [2mbevy_render::view::window[0m[2m:[0m MIR2_ANDROID_SURFACE_ATTACHMENT_PROBE frame=16 raw=5 live=true internal=0x8058 size=2340x1080 samples=0 expected=Rgba8Unorm
10-02 15:55:23.842 16832 16855 I event /Users/henryliu/obelisk/numeron-worktrees/android-shared-sync/mir2-web3/third_party/bevyMIR2_ANDROID_VIEW_OUTPUT_PROBE frame=17 entity=178v0 current_surface_raw=5 has_camera=true has_view=true msaa=Some(Off) physical_target=Some(UVec2(2340, 1080)) output=Some("TextureView { inner: Renderbuffer { raw: NativeRenderbuffer(5) }, aspects: FormatAspects(COLOR), mip_levels: 0..1, array_layers: 0..1, format: Rgba8Unorm }")
10-02 15:55:23.842 16832 16854 I RustStdoutStderr: [2m2026-10-02T07:55:23.842463Z[0m [32m INFO[0m [2mbevy_render::view::window[0m[2m:[0m MIR2_ANDROID_VIEW_OUTPUT_PROBE frame=17 entity=178v0 current_surface_raw=5 has_camera=true has_view=true msaa=Some(Off) physical_target=Some(UVec2(2340, 1080)) output=Some("TextureView { inner: Renderbuffer { raw: NativeRenderbuffer(5) }, aspects: FormatAspects(COLOR), mip_levels: 0..1, array_layers: 0..1, format: Rgba8Unorm }")
10-02 15:55:23.859 16832 16855 I event /Users/henryliu/obelisk/numeron-worktrees/android-shared-sync/mir2-web3/third_party/bevyMIR2_ANDROID_SURFACE_ATTACHMENT_PROBE frame=17 raw=5 live=true internal=0x8058 size=2340x1080 samples=0 expected=Rgba8Unorm
10-02 15:55:23.859 16832 16854 I RustStdoutStderr: [2m2026-10-02T07:55:23.859259Z[0m [32m INFO[0m [2mbevy_render::view::window[0m[2m:[0m MIR2_ANDROID_SURFACE_ATTACHMENT_PROBE frame=17 raw=5 live=true internal=0x8058 size=2340x1080 samples=0 expected=Rgba8Unorm
10-02 15:55:23.859 16832 16855 I event /Users/henryliu/obelisk/numeron-worktrees/android-shared-sync/mir2-web3/third_party/bevyMIR2_ANDROID_VIEW_OUTPUT_PROBE frame=18 entity=178v0 current_surface_raw=5 has_camera=true has_view=true msaa=Some(Off) physical_target=Some(UVec2(2340, 1080)) output=Some("TextureView { inner: Renderbuffer { raw: NativeRenderbuffer(5) }, aspects: FormatAspects(COLOR), mip_levels: 0..1, array_layers: 0..1, format: Rgba8Unorm }")
10-02 15:55:23.859 16832 16854 I RustStdoutStderr: [2m2026-10-02T07:55:23.859729Z[0m [32m INFO[0m [2mbevy_render::view::window[0m[2m:[0m MIR2_ANDROID_VIEW_OUTPUT_PROBE frame=18 entity=178v0 current_surface_raw=5 has_camera=true has_view=true msaa=Some(Off) physical_target=Some(UVec2(2340, 1080)) output=Some("TextureView { inner: Renderbuffer { raw: NativeRenderbuffer(5) }, aspects: FormatAspects(COLOR), mip_levels: 0..1, array_layers: 0..1, format: Rgba8Unorm }")
10-02 15:55:23.875 16832 16855 I event /Users/henryliu/obelisk/numeron-worktrees/android-shared-sync/mir2-web3/third_party/bevyMIR2_ANDROID_SURFACE_ATTACHMENT_PROBE frame=18 raw=5 live=true internal=0x8058 size=2340x1080 samples=0 expected=Rgba8Unorm
10-02 15:55:23.875 16832 16854 I RustStdoutStderr: [2m2026-10-02T07:55:23.875260Z[0m [32m INFO[0m [2mbevy_render::view::window[0m[2m:[0m MIR2_ANDROID_SURFACE_ATTACHMENT_PROBE frame=18 raw=5 live=true internal=0x8058 size=2340x1080 samples=0 expected=Rgba8Unorm
10-02 15:55:23.875 16832 16854 I RustStdoutStderr: [2m2026-10-02T07:55:23.875565Z[0m [32m INFO[0m [2mbevy_render::view::window[0m[2m:[0m MIR2_ANDROID_VIEW_OUTPUT_PROBE frame=19 entity=178v0 current_surface_raw=5 has_camera=true has_view=true msaa=Some(Off) physical_target=Some(UVec2(2340, 1080)) output=Some("TextureView { inner: Renderbuffer { raw: NativeRenderbuffer(5) }, aspects: FormatAspects(COLOR), mip_levels: 0..1, array_layers: 0..1, format: Rgba8Unorm }")
10-02 15:55:23.875 16832 16855 I event /Users/henryliu/obelisk/numeron-worktrees/android-shared-sync/mir2-web3/third_party/bevyMIR2_ANDROID_VIEW_OUTPUT_PROBE frame=19 entity=178v0 current_surface_raw=5 has_camera=true has_view=true msaa=Some(Off) physical_target=Some(UVec2(2340, 1080)) output=Some("TextureView { inner: Renderbuffer { raw: NativeRenderbuffer(5) }, aspects: FormatAspects(COLOR), mip_levels: 0..1, array_layers: 0..1, format: Rgba8Unorm }")
10-02 15:55:23.892 16832 16855 I event /Users/henryliu/obelisk/numeron-worktrees/android-shared-sync/mir2-web3/third_party/bevyMIR2_ANDROID_SURFACE_ATTACHMENT_PROBE frame=19 raw=5 live=true internal=0x8058 size=2340x1080 samples=0 expected=Rgba8Unorm
10-02 15:55:23.892 16832 16854 I RustStdoutStderr: [2m2026-10-02T07:55:23.892578Z[0m [32m INFO[0m [2mbevy_render::view::window[0m[2m:[0m MIR2_ANDROID_SURFACE_ATTACHMENT_PROBE frame=19 raw=5 live=true internal=0x8058 size=2340x1080 samples=0 expected=Rgba8Unorm
10-02 15:55:23.893 16832 16855 I event /Users/henryliu/obelisk/numeron-worktrees/android-shared-sync/mir2-web3/third_party/bevyMIR2_ANDROID_VIEW_OUTPUT_PROBE frame=20 entity=178v0 current_surface_raw=5 has_camera=true has_view=true msaa=Some(Off) physical_target=Some(UVec2(2340, 1080)) output=Some("TextureView { inner: Renderbuffer { raw: NativeRenderbuffer(5) }, aspects: FormatAspects(COLOR), mip_levels: 0..1, array_layers: 0..1, format: Rgba8Unorm }")
10-02 15:55:23.893 16832 16854 I RustStdoutStderr: [2m2026-10-02T07:55:23.892988Z[0m [32m INFO[0m [2mbevy_render::view::window[0m[2m:[0m MIR2_ANDROID_VIEW_OUTPUT_PROBE frame=20 entity=178v0 current_surface_raw=5 has_camera=true has_view=true msaa=Some(Off) physical_target=Some(UVec2(2340, 1080)) output=Some("TextureView { inner: Renderbuffer { raw: NativeRenderbuffer(5) }, aspects: FormatAspects(COLOR), mip_levels: 0..1, array_layers: 0..1, format: Rgba8Unorm }")
10-02 15:55:23.908 16832 16855 I event /Users/henryliu/obelisk/numeron-worktrees/android-shared-sync/mir2-web3/third_party/bevyMIR2_ANDROID_SURFACE_ATTACHMENT_PROBE frame=20 raw=5 live=true internal=0x8058 size=2340x1080 samples=0 expected=Rgba8Unorm
10-02 15:55:23.908 16832 16854 I RustStdoutStderr: [2m2026-10-02T07:55:23.908049Z[0m [32m INFO[0m [2mbevy_render::view::window[0m[2m:[0m MIR2_ANDROID_SURFACE_ATTACHMENT_PROBE frame=20 raw=5 live=true internal=0x8058 size=2340x1080 samples=0 expected=Rgba8Unorm
10-02 15:55:23.908 16832 16855 I event /Users/henryliu/obelisk/numeron-worktrees/android-shared-sync/mir2-web3/third_party/bevyMIR2_ANDROID_VIEW_OUTPUT_PROBE frame=21 entity=178v0 current_surface_raw=5 has_camera=true has_view=true msaa=Some(Off) physical_target=Some(UVec2(2340, 1080)) output=Some("TextureView { inner: Renderbuffer { raw: NativeRenderbuffer(5) }, aspects: FormatAspects(COLOR), mip_levels: 0..1, array_layers: 0..1, format: Rgba8Unorm }")
10-02 15:55:23.908 16832 16854 I RustStdoutStderr: [2m2026-10-02T07:55:23.908371Z[0m [32m INFO[0m [2mbevy_render::view::window[0m[2m:[0m MIR2_ANDROID_VIEW_OUTPUT_PROBE frame=21 entity=178v0 current_surface_raw=5 has_camera=true has_view=true msaa=Some(Off) physical_target=Some(UVec2(2340, 1080)) output=Some("TextureView { inner: Renderbuffer { raw: NativeRenderbuffer(5) }, aspects: FormatAspects(COLOR), mip_levels: 0..1, array_layers: 0..1, format: Rgba8Unorm }")
10-02 15:55:23.923 16832 16855 I event /Users/henryliu/obelisk/numeron-worktrees/android-shared-sync/mir2-web3/third_party/bevyMIR2_ANDROID_SURFACE_ATTACHMENT_PROBE frame=21 raw=5 live=true internal=0x8058 size=2340x1080 samples=0 expected=Rgba8Unorm
10-02 15:55:23.923 16832 16854 I RustStdoutStderr: [2m2026-10-02T07:55:23.923290Z[0m [32m INFO[0m [2mbevy_render::view::window[0m[2m:[0m MIR2_ANDROID_SURFACE_ATTACHMENT_PROBE frame=21 raw=5 live=true internal=0x8058 size=2340x1080 samples=0 expected=Rgba8Unorm
10-02 15:55:23.923 16832 16855 I event /Users/henryliu/obelisk/numeron-worktrees/android-shared-sync/mir2-web3/third_party/bevyMIR2_ANDROID_VIEW_OUTPUT_PROBE frame=22 entity=178v0 current_surface_raw=5 has_camera=true has_view=true msaa=Some(Off) physical_target=Some(UVec2(2340, 1080)) output=Some("TextureView { inner: Renderbuffer { raw: NativeRenderbuffer(5) }, aspects: FormatAspects(COLOR), mip_levels: 0..1, array_layers: 0..1, format: Rgba8Unorm }")
10-02 15:55:23.923 16832 16854 I RustStdoutStderr: [2m2026-10-02T07:55:23.923641Z[0m [32m INFO[0m [2mbevy_render::view::window[0m[2m:[0m MIR2_ANDROID_VIEW_OUTPUT_PROBE frame=22 entity=178v0 current_surface_raw=5 has_camera=true has_view=true msaa=Some(Off) physical_target=Some(UVec2(2340, 1080)) output=Some("TextureView { inner: Renderbuffer { raw: NativeRenderbuffer(5) }, aspects: FormatAspects(COLOR), mip_levels: 0..1, array_layers: 0..1, format: Rgba8Unorm }")
10-02 15:55:23.941 16832 16855 I event /Users/henryliu/obelisk/numeron-worktrees/android-shared-sync/mir2-web3/third_party/bevyMIR2_ANDROID_SURFACE_ATTACHMENT_PROBE frame=22 raw=5 live=true internal=0x8058 size=2340x1080 samples=0 expected=Rgba8Unorm
10-02 15:55:23.941 16832 16854 I RustStdoutStderr: [2m2026-10-02T07:55:23.941082Z[0m [32m INFO[0m [2mbevy_render::view::window[0m[2m:[0m MIR2_ANDROID_SURFACE_ATTACHMENT_PROBE frame=22 raw=5 live=true internal=0x8058 size=2340x1080 samples=0 expected=Rgba8Unorm
10-02 15:55:23.941 16832 16855 I event /Users/henryliu/obelisk/numeron-worktrees/android-shared-sync/mir2-web3/third_party/bevyMIR2_ANDROID_VIEW_OUTPUT_PROBE frame=23 entity=178v0 current_surface_raw=5 has_camera=true has_view=true msaa=Some(Off) physical_target=Some(UVec2(2340, 1080)) output=Some("TextureView { inner: Renderbuffer { raw: NativeRenderbuffer(5) }, aspects: FormatAspects(COLOR), mip_levels: 0..1, array_layers: 0..1, format: Rgba8Unorm }")
10-02 15:55:23.941 16832 16854 I RustStdoutStderr: [2m2026-10-02T07:55:23.941601Z[0m [32m INFO[0m [2mbevy_render::view::window[0m[2m:[0m MIR2_ANDROID_VIEW_OUTPUT_PROBE frame=23 entity=178v0 current_surface_raw=5 has_camera=true has_view=true msaa=Some(Off) physical_target=Some(UVec2(2340, 1080)) output=Some("TextureView { inner: Renderbuffer { raw: NativeRenderbuffer(5) }, aspects: FormatAspects(COLOR), mip_levels: 0..1, array_layers: 0..1, format: Rgba8Unorm }")
10-02 15:55:23.958 16832 16855 I event /Users/henryliu/obelisk/numeron-worktrees/android-shared-sync/mir2-web3/third_party/bevyMIR2_ANDROID_SURFACE_ATTACHMENT_PROBE frame=23 raw=5 live=true internal=0x8058 size=2340x1080 samples=0 expected=Rgba8Unorm
10-02 15:55:23.958 16832 16854 I RustStdoutStderr: [2m2026-10-02T07:55:23.958461Z[0m [32m INFO[0m [2mbevy_render::view::window[0m[2m:[0m MIR2_ANDROID_SURFACE_ATTACHMENT_PROBE frame=23 raw=5 live=true internal=0x8058 size=2340x1080 samples=0 expected=Rgba8Unorm
10-02 15:55:23.958 16832 16855 I event /Users/henryliu/obelisk/numeron-worktrees/android-shared-sync/mir2-web3/third_party/bevyMIR2_ANDROID_VIEW_OUTPUT_PROBE frame=24 entity=178v0 current_surface_raw=5 has_camera=true has_view=true msaa=Some(Off) physical_target=Some(UVec2(2340, 1080)) output=Some("TextureView { inner: Renderbuffer { raw: NativeRenderbuffer(5) }, aspects: FormatAspects(COLOR), mip_levels: 0..1, array_layers: 0..1, format: Rgba8Unorm }")
10-02 15:55:23.958 16832 16854 I RustStdoutStderr: [2m2026-10-02T07:55:23.958881Z[0m [32m INFO[0m [2mbevy_render::view::window[0m[2m:[0m MIR2_ANDROID_VIEW_OUTPUT_PROBE frame=24 entity=178v0 current_surface_raw=5 has_camera=true has_view=true msaa=Some(Off) physical_target=Some(UVec2(2340, 1080)) output=Some("TextureView { inner: Renderbuffer { raw: NativeRenderbuffer(5) }, aspects: FormatAspects(COLOR), mip_levels: 0..1, array_layers: 0..1, format: Rgba8Unorm }")
10-02 15:55:23.975 16832 16855 I event /Users/henryliu/obelisk/numeron-worktrees/android-shared-sync/mir2-web3/third_party/bevyMIR2_ANDROID_SURFACE_ATTACHMENT_PROBE frame=24 raw=5 live=true internal=0x8058 size=2340x1080 samples=0 expected=Rgba8Unorm
10-02 15:55:23.975 16832 16854 I RustStdoutStderr: [2m2026-10-02T07:55:23.975087Z[0m [32m INFO[0m [2mbevy_render::view::window[0m[2m:[0m MIR2_ANDROID_SURFACE_ATTACHMENT_PROBE frame=24 raw=5 live=true internal=0x8058 size=2340x1080 samples=0 expected=Rgba8Unorm
10-02 15:55:23.975 16832 16854 I RustStdoutStderr: [2m2026-10-02T07:55:23.975461Z[0m [32m INFO[0m [2mbevy_render::view::window[0m[2m:[0m MIR2_ANDROID_VIEW_OUTPUT_PROBE frame=25 entity=178v0 current_surface_raw=5 has_camera=true has_view=true msaa=Some(Off) physical_target=Some(UVec2(2340, 1080)) output=Some("TextureView { inner: Renderbuffer { raw: NativeRenderbuffer(5) }, aspects: FormatAspects(COLOR), mip_levels: 0..1, array_layers: 0..1, format: Rgba8Unorm }")
10-02 15:55:23.975 16832 16855 I event /Users/henryliu/obelisk/numeron-worktrees/android-shared-sync/mir2-web3/third_party/bevyMIR2_ANDROID_VIEW_OUTPUT_PROBE frame=25 entity=178v0 current_surface_raw=5 has_camera=true has_view=true msaa=Some(Off) physical_target=Some(UVec2(2340, 1080)) output=Some("TextureView { inner: Renderbuffer { raw: NativeRenderbuffer(5) }, aspects: FormatAspects(COLOR), mip_levels: 0..1, array_layers: 0..1, format: Rgba8Unorm }")
10-02 15:55:23.990 16832 16855 I event /Users/henryliu/obelisk/numeron-worktrees/android-shared-sync/mir2-web3/third_party/bevyMIR2_ANDROID_SURFACE_ATTACHMENT_PROBE frame=25 raw=5 live=true internal=0x8058 size=2340x1080 samples=0 expected=Rgba8Unorm
10-02 15:55:23.990 16832 16854 I RustStdoutStderr: [2m2026-10-02T07:55:23.990656Z[0m [32m INFO[0m [2mbevy_render::view::window[0m[2m:[0m MIR2_ANDROID_SURFACE_ATTACHMENT_PROBE frame=25 raw=5 live=true internal=0x8058 size=2340x1080 samples=0 expected=Rgba8Unorm
10-02 15:55:23.991 16832 16855 I event /Users/henryliu/obelisk/numeron-worktrees/android-shared-sync/mir2-web3/third_party/bevyMIR2_ANDROID_VIEW_OUTPUT_PROBE frame=26 entity=178v0 current_surface_raw=5 has_camera=true has_view=true msaa=Some(Off) physical_target=Some(UVec2(2340, 1080)) output=Some("TextureView { inner: Renderbuffer { raw: NativeRenderbuffer(5) }, aspects: FormatAspects(COLOR), mip_levels: 0..1, array_layers: 0..1, format: Rgba8Unorm }")
10-02 15:55:23.991 16832 16854 I RustStdoutStderr: [2m2026-10-02T07:55:23.991008Z[0m [32m INFO[0m [2mbevy_render::view::window[0m[2m:[0m MIR2_ANDROID_VIEW_OUTPUT_PROBE frame=26 entity=178v0 current_surface_raw=5 has_camera=true has_view=true msaa=Some(Off) physical_target=Some(UVec2(2340, 1080)) output=Some("TextureView { inner: Renderbuffer { raw: NativeRenderbuffer(5) }, aspects: FormatAspects(COLOR), mip_levels: 0..1, array_layers: 0..1, format: Rgba8Unorm }")
10-02 15:55:24.006 16832 16855 I event /Users/henryliu/obelisk/numeron-worktrees/android-shared-sync/mir2-web3/third_party/bevyMIR2_ANDROID_SURFACE_ATTACHMENT_PROBE frame=26 raw=5 live=true internal=0x8058 size=2340x1080 samples=0 expected=Rgba8Unorm
10-02 15:55:24.007 16832 16854 I RustStdoutStderr: [2m2026-10-02T07:55:24.006888Z[0m [32m INFO[0m [2mbevy_render::view::window[0m[2m:[0m MIR2_ANDROID_SURFACE_ATTACHMENT_PROBE frame=26 raw=5 live=true internal=0x8058 size=2340x1080 samples=0 expected=Rgba8Unorm
10-02 15:55:24.007 16832 16855 I event /Users/henryliu/obelisk/numeron-worktrees/android-shared-sync/mir2-web3/third_party/bevyMIR2_ANDROID_VIEW_OUTPUT_PROBE frame=27 entity=178v0 current_surface_raw=5 has_camera=true has_view=true msaa=Some(Off) physical_target=Some(UVec2(2340, 1080)) output=Some("TextureView { inner: Renderbuffer { raw: NativeRenderbuffer(5) }, aspects: FormatAspects(COLOR), mip_levels: 0..1, array_layers: 0..1, format: Rgba8Unorm }")
10-02 15:55:24.007 16832 16854 I RustStdoutStderr: [2m2026-10-02T07:55:24.007162Z[0m [32m INFO[0m [2mbevy_render::view::window[0m[2m:[0m MIR2_ANDROID_VIEW_OUTPUT_PROBE frame=27 entity=178v0 current_surface_raw=5 has_camera=true has_view=true msaa=Some(Off) physical_target=Some(UVec2(2340, 1080)) output=Some("TextureView { inner: Renderbuffer { raw: NativeRenderbuffer(5) }, aspects: FormatAspects(COLOR), mip_levels: 0..1, array_layers: 0..1, format: Rgba8Unorm }")
10-02 15:55:24.023 16832 16855 I event /Users/henryliu/obelisk/numeron-worktrees/android-shared-sync/mir2-web3/third_party/bevyMIR2_ANDROID_SURFACE_ATTACHMENT_PROBE frame=27 raw=5 live=true internal=0x8058 size=2340x1080 samples=0 expected=Rgba8Unorm
10-02 15:55:24.023 16832 16854 I RustStdoutStderr: [2m2026-10-02T07:55:24.023077Z[0m [32m INFO[0m [2mbevy_render::view::window[0m[2m:[0m MIR2_ANDROID_SURFACE_ATTACHMENT_PROBE frame=27 raw=5 live=true internal=0x8058 size=2340x1080 samples=0 expected=Rgba8Unorm
10-02 15:55:24.023 16832 16855 I event /Users/henryliu/obelisk/numeron-worktrees/android-shared-sync/mir2-web3/third_party/bevyMIR2_ANDROID_VIEW_OUTPUT_PROBE frame=28 entity=178v0 current_surface_raw=5 has_camera=true has_view=true msaa=Some(Off) physical_target=Some(UVec2(2340, 1080)) output=Some("TextureView { inner: Renderbuffer { raw: NativeRenderbuffer(5) }, aspects: FormatAspects(COLOR), mip_levels: 0..1, array_layers: 0..1, format: Rgba8Unorm }")
10-02 15:55:24.023 16832 16854 I RustStdoutStderr: [2m2026-10-02T07:55:24.023445Z[0m [32m INFO[0m [2mbevy_render::view::window[0m[2m:[0m MIR2_ANDROID_VIEW_OUTPUT_PROBE frame=28 entity=178v0 current_surface_raw=5 has_camera=true has_view=true msaa=Some(Off) physical_target=Some(UVec2(2340, 1080)) output=Some("TextureView { inner: Renderbuffer { raw: NativeRenderbuffer(5) }, aspects: FormatAspects(COLOR), mip_levels: 0..1, array_layers: 0..1, format: Rgba8Unorm }")
10-02 15:55:24.041 16832 16855 I event /Users/henryliu/obelisk/numeron-worktrees/android-shared-sync/mir2-web3/third_party/bevyMIR2_ANDROID_SURFACE_ATTACHMENT_PROBE frame=28 raw=5 live=true internal=0x8058 size=2340x1080 samples=0 expected=Rgba8Unorm
10-02 15:55:24.041 16832 16854 I RustStdoutStderr: [2m2026-10-02T07:55:24.041300Z[0m [32m INFO[0m [2mbevy_render::view::window[0m[2m:[0m MIR2_ANDROID_SURFACE_ATTACHMENT_PROBE frame=28 raw=5 live=true internal=0x8058 size=2340x1080 samples=0 expected=Rgba8Unorm
10-02 15:55:24.041 16832 16855 I event /Users/henryliu/obelisk/numeron-worktrees/android-shared-sync/mir2-web3/third_party/bevyMIR2_ANDROID_VIEW_OUTPUT_PROBE frame=29 entity=178v0 current_surface_raw=5 has_camera=true has_view=true msaa=Some(Off) physical_target=Some(UVec2(2340, 1080)) output=Some("TextureView { inner: Renderbuffer { raw: NativeRenderbuffer(5) }, aspects: FormatAspects(COLOR), mip_levels: 0..1, array_layers: 0..1, format: Rgba8Unorm }")
10-02 15:55:24.041 16832 16854 I RustStdoutStderr: [2m2026-10-02T07:55:24.041689Z[0m [32m INFO[0m [2mbevy_render::view::window[0m[2m:[0m MIR2_ANDROID_VIEW_OUTPUT_PROBE frame=29 entity=178v0 current_surface_raw=5 has_camera=true has_view=true msaa=Some(Off) physical_target=Some(UVec2(2340, 1080)) output=Some("TextureView { inner: Renderbuffer { raw: NativeRenderbuffer(5) }, aspects: FormatAspects(COLOR), mip_levels: 0..1, array_layers: 0..1, format: Rgba8Unorm }")
10-02 15:55:24.058 16832 16855 I event /Users/henryliu/obelisk/numeron-worktrees/android-shared-sync/mir2-web3/third_party/bevyMIR2_ANDROID_SURFACE_ATTACHMENT_PROBE frame=29 raw=5 live=true internal=0x8058 size=2340x1080 samples=0 expected=Rgba8Unorm
10-02 15:55:24.058 16832 16854 I RustStdoutStderr: [2m2026-10-02T07:55:24.058124Z[0m [32m INFO[0m [2mbevy_render::view::window[0m[2m:[0m MIR2_ANDROID_SURFACE_ATTACHMENT_PROBE frame=29 raw=5 live=true internal=0x8058 size=2340x1080 samples=0 expected=Rgba8Unorm
10-02 15:55:24.058 16832 16854 I RustStdoutStderr: [2m2026-10-02T07:55:24.058425Z[0m [32m INFO[0m [2mbevy_render::view::window[0m[2m:[0m MIR2_ANDROID_VIEW_OUTPUT_PROBE frame=30 entity=178v0 current_surface_raw=5 has_camera=true has_view=true msaa=Some(Off) physical_target=Some(UVec2(2340, 1080)) output=Some("TextureView { inner: Renderbuffer { raw: NativeRenderbuffer(5) }, aspects: FormatAspects(COLOR), mip_levels: 0..1, array_layers: 0..1, format: Rgba8Unorm }")
10-02 15:55:24.058 16832 16855 I event /Users/henryliu/obelisk/numeron-worktrees/android-shared-sync/mir2-web3/third_party/bevyMIR2_ANDROID_VIEW_OUTPUT_PROBE frame=30 entity=178v0 current_surface_raw=5 has_camera=true has_view=true msaa=Some(Off) physical_target=Some(UVec2(2340, 1080)) output=Some("TextureView { inner: Renderbuffer { raw: NativeRenderbuffer(5) }, aspects: FormatAspects(COLOR), mip_levels: 0..1, array_layers: 0..1, format: Rgba8Unorm }")
10-02 15:55:24.074 16832 16855 I event /Users/henryliu/obelisk/numeron-worktrees/android-shared-sync/mir2-web3/third_party/bevyMIR2_ANDROID_SURFACE_ATTACHMENT_PROBE frame=30 raw=5 live=true internal=0x8058 size=2340x1080 samples=0 expected=Rgba8Unorm
10-02 15:55:24.074 16832 16854 I RustStdoutStderr: [2m2026-10-02T07:55:24.074145Z[0m [32m INFO[0m [2mbevy_render::view::window[0m[2m:[0m MIR2_ANDROID_SURFACE_ATTACHMENT_PROBE frame=30 raw=5 live=true internal=0x8058 size=2340x1080 samples=0 expected=Rgba8Unorm
10-02 15:55:24.074 16832 16855 I event /Users/henryliu/obelisk/numeron-worktrees/android-shared-sync/mir2-web3/third_party/bevyMIR2_ANDROID_VIEW_OUTPUT_PROBE frame=31 entity=178v0 current_surface_raw=5 has_camera=true has_view=true msaa=Some(Off) physical_target=Some(UVec2(2340, 1080)) output=Some("TextureView { inner: Renderbuffer { raw: NativeRenderbuffer(5) }, aspects: FormatAspects(COLOR), mip_levels: 0..1, array_layers: 0..1, format: Rgba8Unorm }")
10-02 15:55:24.074 16832 16854 I RustStdoutStderr: [2m2026-10-02T07:55:24.074548Z[0m [32m INFO[0m [2mbevy_render::view::window[0m[2m:[0m MIR2_ANDROID_VIEW_OUTPUT_PROBE frame=31 entity=178v0 current_surface_raw=5 has_camera=true has_view=true msaa=Some(Off) physical_target=Some(UVec2(2340, 1080)) output=Some("TextureView { inner: Renderbuffer { raw: NativeRenderbuffer(5) }, aspects: FormatAspects(COLOR), mip_levels: 0..1, array_layers: 0..1, format: Rgba8Unorm }")
10-02 15:55:24.091 16832 16855 I event /Users/henryliu/obelisk/numeron-worktrees/android-shared-sync/mir2-web3/third_party/bevyMIR2_ANDROID_SURFACE_ATTACHMENT_PROBE frame=31 raw=5 live=true internal=0x8058 size=2340x1080 samples=0 expected=Rgba8Unorm
10-02 15:55:24.092 16832 16854 I RustStdoutStderr: [2m2026-10-02T07:55:24.091851Z[0m [32m INFO[0m [2mbevy_render::view::window[0m[2m:[0m MIR2_ANDROID_SURFACE_ATTACHMENT_PROBE frame=31 raw=5 live=true internal=0x8058 size=2340x1080 samples=0 expected=Rgba8Unorm
10-02 15:55:24.092 16832 16855 I event /Users/henryliu/obelisk/numeron-worktrees/android-shared-sync/mir2-web3/third_party/bevyMIR2_ANDROID_VIEW_OUTPUT_PROBE frame=32 entity=178v0 current_surface_raw=5 has_camera=true has_view=true msaa=Some(Off) physical_target=Some(UVec2(2340, 1080)) output=Some("TextureView { inner: Renderbuffer { raw: NativeRenderbuffer(5) }, aspects: FormatAspects(COLOR), mip_levels: 0..1, array_layers: 0..1, format: Rgba8Unorm }")
10-02 15:55:24.092 16832 16854 I RustStdoutStderr: [2m2026-10-02T07:55:24.092109Z[0m [32m INFO[0m [2mbevy_render::view::window[0m[2m:[0m MIR2_ANDROID_VIEW_OUTPUT_PROBE frame=32 entity=178v0 current_surface_raw=5 has_camera=true has_view=true msaa=Some(Off) physical_target=Some(UVec2(2340, 1080)) output=Some("TextureView { inner: Renderbuffer { raw: NativeRenderbuffer(5) }, aspects: FormatAspects(COLOR), mip_levels: 0..1, array_layers: 0..1, format: Rgba8Unorm }")
10-02 15:55:24.108 16832 16855 I event /Users/henryliu/obelisk/numeron-worktrees/android-shared-sync/mir2-web3/third_party/bevyMIR2_ANDROID_SURFACE_ATTACHMENT_PROBE frame=32 raw=5 live=true internal=0x8058 size=2340x1080 samples=0 expected=Rgba8Unorm
10-02 15:55:24.108 16832 16854 I RustStdoutStderr: [2m2026-10-02T07:55:24.108334Z[0m [32m INFO[0m [2mbevy_render::view::window[0m[2m:[0m MIR2_ANDROID_SURFACE_ATTACHMENT_PROBE frame=32 raw=5 live=true internal=0x8058 size=2340x1080 samples=0 expected=Rgba8Unorm
10-02 15:55:24.108 16832 16855 I event /Users/henryliu/obelisk/numeron-worktrees/android-shared-sync/mir2-web3/third_party/bevyMIR2_ANDROID_VIEW_OUTPUT_PROBE frame=33 entity=178v0 current_surface_raw=5 has_camera=true has_view=true msaa=Some(Off) physical_target=Some(UVec2(2340, 1080)) output=Some("TextureView { inner: Renderbuffer { raw: NativeRenderbuffer(5) }, aspects: FormatAspects(COLOR), mip_levels: 0..1, array_layers: 0..1, format: Rgba8Unorm }")
10-02 15:55:24.108 16832 16854 I RustStdoutStderr: [2m2026-10-02T07:55:24.108671Z[0m [32m INFO[0m [2mbevy_render::view::window[0m[2m:[0m MIR2_ANDROID_VIEW_OUTPUT_PROBE frame=33 entity=178v0 current_surface_raw=5 has_camera=true has_view=true msaa=Some(Off) physical_target=Some(UVec2(2340, 1080)) output=Some("TextureView { inner: Renderbuffer { raw: NativeRenderbuffer(5) }, aspects: FormatAspects(COLOR), mip_levels: 0..1, array_layers: 0..1, format: Rgba8Unorm }")
10-02 15:55:24.123 16832 16855 I event /Users/henryliu/obelisk/numeron-worktrees/android-shared-sync/mir2-web3/third_party/bevyMIR2_ANDROID_SURFACE_ATTACHMENT_PROBE frame=33 raw=5 live=true internal=0x8058 size=2340x1080 samples=0 expected=Rgba8Unorm
10-02 15:55:24.123 16832 16854 I RustStdoutStderr: [2m2026-10-02T07:55:24.123189Z[0m [32m INFO[0m [2mbevy_render::view::window[0m[2m:[0m MIR2_ANDROID_SURFACE_ATTACHMENT_PROBE frame=33 raw=5 live=true internal=0x8058 size=2340x1080 samples=0 expected=Rgba8Unorm
10-02 15:55:24.123 16832 16855 I event /Users/henryliu/obelisk/numeron-worktrees/android-shared-sync/mir2-web3/third_party/bevyMIR2_ANDROID_VIEW_OUTPUT_PROBE frame=34 entity=178v0 current_surface_raw=5 has_camera=true has_view=true msaa=Some(Off) physical_target=Some(UVec2(2340, 1080)) output=Some("TextureView { inner: Renderbuffer { raw: NativeRenderbuffer(5) }, aspects: FormatAspects(COLOR), mip_levels: 0..1, array_layers: 0..1, format: Rgba8Unorm }")
10-02 15:55:24.123 16832 16854 I RustStdoutStderr: [2m2026-10-02T07:55:24.123538Z[0m [32m INFO[0m [2mbevy_render::view::window[0m[2m:[0m MIR2_ANDROID_VIEW_OUTPUT_PROBE frame=34 entity=178v0 current_surface_raw=5 has_camera=true has_view=true msaa=Some(Off) physical_target=Some(UVec2(2340, 1080)) output=Some("TextureView { inner: Renderbuffer { raw: NativeRenderbuffer(5) }, aspects: FormatAspects(COLOR), mip_levels: 0..1, array_layers: 0..1, format: Rgba8Unorm }")
10-02 15:55:24.141 16832 16855 I event /Users/henryliu/obelisk/numeron-worktrees/android-shared-sync/mir2-web3/third_party/bevyMIR2_ANDROID_SURFACE_ATTACHMENT_PROBE frame=34 raw=5 live=true internal=0x8058 size=2340x1080 samples=0 expected=Rgba8Unorm
10-02 15:55:24.141 16832 16854 I RustStdoutStderr: [2m2026-10-02T07:55:24.141218Z[0m [32m INFO[0m [2mbevy_render::view::window[0m[2m:[0m MIR2_ANDROID_SURFACE_ATTACHMENT_PROBE frame=34 raw=5 live=true internal=0x8058 size=2340x1080 samples=0 expected=Rgba8Unorm
10-02 15:55:24.141 16832 16855 I event /Users/henryliu/obelisk/numeron-worktrees/android-shared-sync/mir2-web3/third_party/bevyMIR2_ANDROID_VIEW_OUTPUT_PROBE frame=35 entity=178v0 current_surface_raw=5 has_camera=true has_view=true msaa=Some(Off) physical_target=Some(UVec2(2340, 1080)) output=Some("TextureView { inner: Renderbuffer { raw: NativeRenderbuffer(5) }, aspects: FormatAspects(COLOR), mip_levels: 0..1, array_layers: 0..1, format: Rgba8Unorm }")
10-02 15:55:24.141 16832 16854 I RustStdoutStderr: [2m2026-10-02T07:55:24.141793Z[0m [32m INFO[0m [2mbevy_render::view::window[0m[2m:[0m MIR2_ANDROID_VIEW_OUTPUT_PROBE frame=35 entity=178v0 current_surface_raw=5 has_camera=true has_view=true msaa=Some(Off) physical_target=Some(UVec2(2340, 1080)) output=Some("TextureView { inner: Renderbuffer { raw: NativeRenderbuffer(5) }, aspects: FormatAspects(COLOR), mip_levels: 0..1, array_layers: 0..1, format: Rgba8Unorm }")
10-02 15:55:24.157 16832 16855 I event /Users/henryliu/obelisk/numeron-worktrees/android-shared-sync/mir2-web3/third_party/bevyMIR2_ANDROID_SURFACE_ATTACHMENT_PROBE frame=35 raw=5 live=true internal=0x8058 size=2340x1080 samples=0 expected=Rgba8Unorm
10-02 15:55:24.157 16832 16854 I RustStdoutStderr: [2m2026-10-02T07:55:24.157752Z[0m [32m INFO[0m [2mbevy_render::view::window[0m[2m:[0m MIR2_ANDROID_SURFACE_ATTACHMENT_PROBE frame=35 raw=5 live=true internal=0x8058 size=2340x1080 samples=0 expected=Rgba8Unorm
10-02 15:55:24.158 16832 16855 I event /Users/henryliu/obelisk/numeron-worktrees/android-shared-sync/mir2-web3/third_party/bevyMIR2_ANDROID_VIEW_OUTPUT_PROBE frame=36 entity=178v0 current_surface_raw=5 has_camera=true has_view=true msaa=Some(Off) physical_target=Some(UVec2(2340, 1080)) output=Some("TextureView { inner: Renderbuffer { raw: NativeRenderbuffer(5) }, aspects: FormatAspects(COLOR), mip_levels: 0..1, array_layers: 0..1, format: Rgba8Unorm }")
10-02 15:55:24.158 16832 16854 I RustStdoutStderr: [2m2026-10-02T07:55:24.158093Z[0m [32m INFO[0m [2mbevy_render::view::window[0m[2m:[0m MIR2_ANDROID_VIEW_OUTPUT_PROBE frame=36 entity=178v0 current_surface_raw=5 has_camera=true has_view=true msaa=Some(Off) physical_target=Some(UVec2(2340, 1080)) output=Some("TextureView { inner: Renderbuffer { raw: NativeRenderbuffer(5) }, aspects: FormatAspects(COLOR), mip_levels: 0..1, array_layers: 0..1, format: Rgba8Unorm }")
10-02 15:55:24.175 16832 16855 I event /Users/henryliu/obelisk/numeron-worktrees/android-shared-sync/mir2-web3/third_party/bevyMIR2_ANDROID_SURFACE_ATTACHMENT_PROBE frame=36 raw=5 live=true internal=0x8058 size=2340x1080 samples=0 expected=Rgba8Unorm
10-02 15:55:24.175 16832 16854 I RustStdoutStderr: [2m2026-10-02T07:55:24.175252Z[0m [32m INFO[0m [2mbevy_render::view::window[0m[2m:[0m MIR2_ANDROID_SURFACE_ATTACHMENT_PROBE frame=36 raw=5 live=true internal=0x8058 size=2340x1080 samples=0 expected=Rgba8Unorm
10-02 15:55:24.175 16832 16855 I event /Users/henryliu/obelisk/numeron-worktrees/android-shared-sync/mir2-web3/third_party/bevyMIR2_ANDROID_VIEW_OUTPUT_PROBE frame=37 entity=178v0 current_surface_raw=5 has_camera=true has_view=true msaa=Some(Off) physical_target=Some(UVec2(2340, 1080)) output=Some("TextureView { inner: Renderbuffer { raw: NativeRenderbuffer(5) }, aspects: FormatAspects(COLOR), mip_levels: 0..1, array_layers: 0..1, format: Rgba8Unorm }")
10-02 15:55:24.175 16832 16854 I RustStdoutStderr: [2m2026-10-02T07:55:24.175588Z[0m [32m INFO[0m [2mbevy_render::view::window[0m[2m:[0m MIR2_ANDROID_VIEW_OUTPUT_PROBE frame=37 entity=178v0 current_surface_raw=5 has_camera=true has_view=true msaa=Some(Off) physical_target=Some(UVec2(2340, 1080)) output=Some("TextureView { inner: Renderbuffer { raw: NativeRenderbuffer(5) }, aspects: FormatAspects(COLOR), mip_levels: 0..1, array_layers: 0..1, format: Rgba8Unorm }")
10-02 15:55:24.190 16832 16855 I event /Users/henryliu/obelisk/numeron-worktrees/android-shared-sync/mir2-web3/third_party/bevyMIR2_ANDROID_SURFACE_ATTACHMENT_PROBE frame=37 raw=5 live=true internal=0x8058 size=2340x1080 samples=0 expected=Rgba8Unorm
10-02 15:55:24.190 16832 16854 I RustStdoutStderr: [2m2026-10-02T07:55:24.190233Z[0m [32m INFO[0m [2mbevy_render::view::window[0m[2m:[0m MIR2_ANDROID_SURFACE_ATTACHMENT_PROBE frame=37 raw=5 live=true internal=0x8058 size=2340x1080 samples=0 expected=Rgba8Unorm
10-02 15:55:24.190 16832 16855 I event /Users/henryliu/obelisk/numeron-worktrees/android-shared-sync/mir2-web3/third_party/bevyMIR2_ANDROID_VIEW_OUTPUT_PROBE frame=38 entity=178v0 current_surface_raw=5 has_camera=true has_view=true msaa=Some(Off) physical_target=Some(UVec2(2340, 1080)) output=Some("TextureView { inner: Renderbuffer { raw: NativeRenderbuffer(5) }, aspects: FormatAspects(COLOR), mip_levels: 0..1, array_layers: 0..1, format: Rgba8Unorm }")
10-02 15:55:24.190 16832 16854 I RustStdoutStderr: [2m2026-10-02T07:55:24.190568Z[0m [32m INFO[0m [2mbevy_render::view::window[0m[2m:[0m MIR2_ANDROID_VIEW_OUTPUT_PROBE frame=38 entity=178v0 current_surface_raw=5 has_camera=true has_view=true msaa=Some(Off) physical_target=Some(UVec2(2340, 1080)) output=Some("TextureView { inner: Renderbuffer { raw: NativeRenderbuffer(5) }, aspects: FormatAspects(COLOR), mip_levels: 0..1, array_layers: 0..1, format: Rgba8Unorm }")
10-02 15:55:24.208 16832 16855 I event /Users/henryliu/obelisk/numeron-worktrees/android-shared-sync/mir2-web3/third_party/bevyMIR2_ANDROID_SURFACE_ATTACHMENT_PROBE frame=38 raw=5 live=true internal=0x8058 size=2340x1080 samples=0 expected=Rgba8Unorm
10-02 15:55:24.208 16832 16854 I RustStdoutStderr: [2m2026-10-02T07:55:24.208034Z[0m [32m INFO[0m [2mbevy_render::view::window[0m[2m:[0m MIR2_ANDROID_SURFACE_ATTACHMENT_PROBE frame=38 raw=5 live=true internal=0x8058 size=2340x1080 samples=0 expected=Rgba8Unorm
10-02 15:55:24.208 16832 16855 I event /Users/henryliu/obelisk/numeron-worktrees/android-shared-sync/mir2-web3/third_party/bevyMIR2_ANDROID_VIEW_OUTPUT_PROBE frame=39 entity=178v0 current_surface_raw=5 has_camera=true has_view=true msaa=Some(Off) physical_target=Some(UVec2(2340, 1080)) output=Some("TextureView { inner: Renderbuffer { raw: NativeRenderbuffer(5) }, aspects: FormatAspects(COLOR), mip_levels: 0..1, array_layers: 0..1, format: Rgba8Unorm }")
10-02 15:55:24.208 16832 16854 I RustStdoutStderr: [2m2026-10-02T07:55:24.208331Z[0m [32m INFO[0m [2mbevy_render::view::window[0m[2m:[0m MIR2_ANDROID_VIEW_OUTPUT_PROBE frame=39 entity=178v0 current_surface_raw=5 has_camera=true has_view=true msaa=Some(Off) physical_target=Some(UVec2(2340, 1080)) output=Some("TextureView { inner: Renderbuffer { raw: NativeRenderbuffer(5) }, aspects: FormatAspects(COLOR), mip_levels: 0..1, array_layers: 0..1, format: Rgba8Unorm }")
10-02 15:55:24.223 16832 16855 I event /Users/henryliu/obelisk/numeron-worktrees/android-shared-sync/mir2-web3/third_party/bevyMIR2_ANDROID_SURFACE_ATTACHMENT_PROBE frame=39 raw=5 live=true internal=0x8058 size=2340x1080 samples=0 expected=Rgba8Unorm
10-02 15:55:24.224 16832 16854 I RustStdoutStderr: [2m2026-10-02T07:55:24.223825Z[0m [32m INFO[0m [2mbevy_render::view::window[0m[2m:[0m MIR2_ANDROID_SURFACE_ATTACHMENT_PROBE frame=39 raw=5 live=true internal=0x8058 size=2340x1080 samples=0 expected=Rgba8Unorm
10-02 15:55:24.224 16832 16855 I event /Users/henryliu/obelisk/numeron-worktrees/android-shared-sync/mir2-web3/third_party/bevyMIR2_ANDROID_VIEW_OUTPUT_PROBE frame=40 entity=178v0 current_surface_raw=5 has_camera=true has_view=true msaa=Some(Off) physical_target=Some(UVec2(2340, 1080)) output=Some("TextureView { inner: Renderbuffer { raw: NativeRenderbuffer(5) }, aspects: FormatAspects(COLOR), mip_levels: 0..1, array_layers: 0..1, format: Rgba8Unorm }")
10-02 15:55:24.224 16832 16854 I RustStdoutStderr: [2m2026-10-02T07:55:24.224175Z[0m [32m INFO[0m [2mbevy_render::view::window[0m[2m:[0m MIR2_ANDROID_VIEW_OUTPUT_PROBE frame=40 entity=178v0 current_surface_raw=5 has_camera=true has_view=true msaa=Some(Off) physical_target=Some(UVec2(2340, 1080)) output=Some("TextureView { inner: Renderbuffer { raw: NativeRenderbuffer(5) }, aspects: FormatAspects(COLOR), mip_levels: 0..1, array_layers: 0..1, format: Rgba8Unorm }")
10-02 15:55:24.240 16832 16855 I event /Users/henryliu/obelisk/numeron-worktrees/android-shared-sync/mir2-web3/third_party/bevyMIR2_ANDROID_SURFACE_ATTACHMENT_PROBE frame=40 raw=5 live=true internal=0x8058 size=2340x1080 samples=0 expected=Rgba8Unorm
10-02 15:55:24.240 16832 16854 I RustStdoutStderr: [2m2026-10-02T07:55:24.240390Z[0m [32m INFO[0m [2mbevy_render::view::window[0m[2m:[0m MIR2_ANDROID_SURFACE_ATTACHMENT_PROBE frame=40 raw=5 live=true internal=0x8058 size=2340x1080 samples=0 expected=Rgba8Unorm
10-02 15:55:24.240 16832 16855 I event /Users/henryliu/obelisk/numeron-worktrees/android-shared-sync/mir2-web3/third_party/bevyMIR2_ANDROID_VIEW_OUTPUT_PROBE frame=41 entity=178v0 current_surface_raw=5 has_camera=true has_view=true msaa=Some(Off) physical_target=Some(UVec2(2340, 1080)) output=Some("TextureView { inner: Renderbuffer { raw: NativeRenderbuffer(5) }, aspects: FormatAspects(COLOR), mip_levels: 0..1, array_layers: 0..1, format: Rgba8Unorm }")
10-02 15:55:24.241 16832 16854 I RustStdoutStderr: [2m2026-10-02T07:55:24.240778Z[0m [32m INFO[0m [2mbevy_render::view::window[0m[2m:[0m MIR2_ANDROID_VIEW_OUTPUT_PROBE frame=41 entity=178v0 current_surface_raw=5 has_camera=true has_view=true msaa=Some(Off) physical_target=Some(UVec2(2340, 1080)) output=Some("TextureView { inner: Renderbuffer { raw: NativeRenderbuffer(5) }, aspects: FormatAspects(COLOR), mip_levels: 0..1, array_layers: 0..1, format: Rgba8Unorm }")
10-02 15:55:24.257 16832 16855 I event /Users/henryliu/obelisk/numeron-worktrees/android-shared-sync/mir2-web3/third_party/bevyMIR2_ANDROID_SURFACE_ATTACHMENT_PROBE frame=41 raw=5 live=true internal=0x8058 size=2340x1080 samples=0 expected=Rgba8Unorm
10-02 15:55:24.257 16832 16854 I RustStdoutStderr: [2m2026-10-02T07:55:24.257087Z[0m [32m INFO[0m [2mbevy_render::view::window[0m[2m:[0m MIR2_ANDROID_SURFACE_ATTACHMENT_PROBE frame=41 raw=5 live=true internal=0x8058 size=2340x1080 samples=0 expected=Rgba8Unorm
10-02 15:55:24.257 16832 16855 I event /Users/henryliu/obelisk/numeron-worktrees/android-shared-sync/mir2-web3/third_party/bevyMIR2_ANDROID_VIEW_OUTPUT_PROBE frame=42 entity=178v0 current_surface_raw=5 has_camera=true has_view=true msaa=Some(Off) physical_target=Some(UVec2(2340, 1080)) output=Some("TextureView { inner: Renderbuffer { raw: NativeRenderbuffer(5) }, aspects: FormatAspects(COLOR), mip_levels: 0..1, array_layers: 0..1, format: Rgba8Unorm }")
10-02 15:55:24.257 16832 16854 I RustStdoutStderr: [2m2026-10-02T07:55:24.257591Z[0m [32m INFO[0m [2mbevy_render::view::window[0m[2m:[0m MIR2_ANDROID_VIEW_OUTPUT_PROBE frame=42 entity=178v0 current_surface_raw=5 has_camera=true has_view=true msaa=Some(Off) physical_target=Some(UVec2(2340, 1080)) output=Some("TextureView { inner: Renderbuffer { raw: NativeRenderbuffer(5) }, aspects: FormatAspects(COLOR), mip_levels: 0..1, array_layers: 0..1, format: Rgba8Unorm }")
10-02 15:55:24.273 16832 16855 I event /Users/henryliu/obelisk/numeron-worktrees/android-shared-sync/mir2-web3/third_party/bevyMIR2_ANDROID_SURFACE_ATTACHMENT_PROBE frame=42 raw=5 live=true internal=0x8058 size=2340x1080 samples=0 expected=Rgba8Unorm
10-02 15:55:24.273 16832 16854 I RustStdoutStderr: [2m2026-10-02T07:55:24.273653Z[0m [32m INFO[0m [2mbevy_render::view::window[0m[2m:[0m MIR2_ANDROID_SURFACE_ATTACHMENT_PROBE frame=42 raw=5 live=true internal=0x8058 size=2340x1080 samples=0 expected=Rgba8Unorm
10-02 15:55:24.274 16832 16855 I event /Users/henryliu/obelisk/numeron-worktrees/android-shared-sync/mir2-web3/third_party/bevyMIR2_ANDROID_VIEW_OUTPUT_PROBE frame=43 entity=178v0 current_surface_raw=5 has_camera=true has_view=true msaa=Some(Off) physical_target=Some(UVec2(2340, 1080)) output=Some("TextureView { inner: Renderbuffer { raw: NativeRenderbuffer(5) }, aspects: FormatAspects(COLOR), mip_levels: 0..1, array_layers: 0..1, format: Rgba8Unorm }")
10-02 15:55:24.274 16832 16854 I RustStdoutStderr: [2m2026-10-02T07:55:24.274116Z[0m [32m INFO[0m [2mbevy_render::view::window[0m[2m:[0m MIR2_ANDROID_VIEW_OUTPUT_PROBE frame=43 entity=178v0 current_surface_raw=5 has_camera=true has_view=true msaa=Some(Off) physical_target=Some(UVec2(2340, 1080)) output=Some("TextureView { inner: Renderbuffer { raw: NativeRenderbuffer(5) }, aspects: FormatAspects(COLOR), mip_levels: 0..1, array_layers: 0..1, format: Rgba8Unorm }")
10-02 15:55:24.291 16832 16855 I event /Users/henryliu/obelisk/numeron-worktrees/android-shared-sync/mir2-web3/third_party/bevyMIR2_ANDROID_SURFACE_ATTACHMENT_PROBE frame=43 raw=5 live=true internal=0x8058 size=2340x1080 samples=0 expected=Rgba8Unorm
10-02 15:55:24.291 16832 16854 I RustStdoutStderr: [2m2026-10-02T07:55:24.291481Z[0m [32m INFO[0m [2mbevy_render::view::window[0m[2m:[0m MIR2_ANDROID_SURFACE_ATTACHMENT_PROBE frame=43 raw=5 live=true internal=0x8058 size=2340x1080 samples=0 expected=Rgba8Unorm
10-02 15:55:24.291 16832 16855 I event /Users/henryliu/obelisk/numeron-worktrees/android-shared-sync/mir2-web3/third_party/bevyMIR2_ANDROID_VIEW_OUTPUT_PROBE frame=44 entity=178v0 current_surface_raw=5 has_camera=true has_view=true msaa=Some(Off) physical_target=Some(UVec2(2340, 1080)) output=Some("TextureView { inner: Renderbuffer { raw: NativeRenderbuffer(5) }, aspects: FormatAspects(COLOR), mip_levels: 0..1, array_layers: 0..1, format: Rgba8Unorm }")
10-02 15:55:24.292 16832 16854 I RustStdoutStderr: [2m2026-10-02T07:55:24.291858Z[0m [32m INFO[0m [2mbevy_render::view::window[0m[2m:[0m MIR2_ANDROID_VIEW_OUTPUT_PROBE frame=44 entity=178v0 current_surface_raw=5 has_camera=true has_view=true msaa=Some(Off) physical_target=Some(UVec2(2340, 1080)) output=Some("TextureView { inner: Renderbuffer { raw: NativeRenderbuffer(5) }, aspects: FormatAspects(COLOR), mip_levels: 0..1, array_layers: 0..1, format: Rgba8Unorm }")
10-02 15:55:24.307 16832 16855 I event /Users/henryliu/obelisk/numeron-worktrees/android-shared-sync/mir2-web3/third_party/bevyMIR2_ANDROID_SURFACE_ATTACHMENT_PROBE frame=44 raw=5 live=true internal=0x8058 size=2340x1080 samples=0 expected=Rgba8Unorm
10-02 15:55:24.307 16832 16854 I RustStdoutStderr: [2m2026-10-02T07:55:24.307298Z[0m [32m INFO[0m [2mbevy_render::view::window[0m[2m:[0m MIR2_ANDROID_SURFACE_ATTACHMENT_PROBE frame=44 raw=5 live=true internal=0x8058 size=2340x1080 samples=0 expected=Rgba8Unorm
10-02 15:55:24.307 16832 16855 I event /Users/henryliu/obelisk/numeron-worktrees/android-shared-sync/mir2-web3/third_party/bevyMIR2_ANDROID_VIEW_OUTPUT_PROBE frame=45 entity=178v0 current_surface_raw=5 has_camera=true has_view=true msaa=Some(Off) physical_target=Some(UVec2(2340, 1080)) output=Some("TextureView { inner: Renderbuffer { raw: NativeRenderbuffer(5) }, aspects: FormatAspects(COLOR), mip_levels: 0..1, array_layers: 0..1, format: Rgba8Unorm }")
10-02 15:55:24.308 16832 16854 I RustStdoutStderr: [2m2026-10-02T07:55:24.307702Z[0m [32m INFO[0m [2mbevy_render::view::window[0m[2m:[0m MIR2_ANDROID_VIEW_OUTPUT_PROBE frame=45 entity=178v0 current_surface_raw=5 has_camera=true has_view=true msaa=Some(Off) physical_target=Some(UVec2(2340, 1080)) output=Some("TextureView { inner: Renderbuffer { raw: NativeRenderbuffer(5) }, aspects: FormatAspects(COLOR), mip_levels: 0..1, array_layers: 0..1, format: Rgba8Unorm }")
10-02 15:55:24.323 16832 16855 I event /Users/henryliu/obelisk/numeron-worktrees/android-shared-sync/mir2-web3/third_party/bevyMIR2_ANDROID_SURFACE_ATTACHMENT_PROBE frame=45 raw=5 live=true internal=0x8058 size=2340x1080 samples=0 expected=Rgba8Unorm
10-02 15:55:24.323 16832 16855 I event /Users/henryliu/obelisk/numeron-worktrees/android-shared-sync/mir2-web3/third_party/bevyMIR2_ANDROID_VIEW_OUTPUT_PROBE frame=46 entity=178v0 current_surface_raw=5 has_camera=true has_view=true msaa=Some(Off) physical_target=Some(UVec2(2340, 1080)) output=Some("TextureView { inner: Renderbuffer { raw: NativeRenderbuffer(5) }, aspects: FormatAspects(COLOR), mip_levels: 0..1, array_layers: 0..1, format: Rgba8Unorm }")
10-02 15:55:24.323 16832 16854 I RustStdoutStderr: [2m2026-10-02T07:55:24.323169Z[0m [32m INFO[0m [2mbevy_render::view::window[0m[2m:[0m MIR2_ANDROID_SURFACE_ATTACHMENT_PROBE frame=45 raw=5 live=true internal=0x8058 size=2340x1080 samples=0 expected=Rgba8Unorm
10-02 15:55:24.323 16832 16854 I RustStdoutStderr: [2m2026-10-02T07:55:24.323518Z[0m [32m INFO[0m [2mbevy_render::view::window[0m[2m:[0m MIR2_ANDROID_VIEW_OUTPUT_PROBE frame=46 entity=178v0 current_surface_raw=5 has_camera=true has_view=true msaa=Some(Off) physical_target=Some(UVec2(2340, 1080)) output=Some("TextureView { inner: Renderbuffer { raw: NativeRenderbuffer(5) }, aspects: FormatAspects(COLOR), mip_levels: 0..1, array_layers: 0..1, format: Rgba8Unorm }")
10-02 15:55:24.342 16832 16855 I event /Users/henryliu/obelisk/numeron-worktrees/android-shared-sync/mir2-web3/third_party/bevyMIR2_ANDROID_SURFACE_ATTACHMENT_PROBE frame=46 raw=5 live=true internal=0x8058 size=2340x1080 samples=0 expected=Rgba8Unorm
10-02 15:55:24.342 16832 16854 I RustStdoutStderr: [2m2026-10-02T07:55:24.342767Z[0m [32m INFO[0m [2mbevy_render::view::window[0m[2m:[0m MIR2_ANDROID_SURFACE_ATTACHMENT_PROBE frame=46 raw=5 live=true internal=0x8058 size=2340x1080 samples=0 expected=Rgba8Unorm
10-02 15:55:24.343 16832 16855 I event /Users/henryliu/obelisk/numeron-worktrees/android-shared-sync/mir2-web3/third_party/bevyMIR2_ANDROID_VIEW_OUTPUT_PROBE frame=47 entity=178v0 current_surface_raw=5 has_camera=true has_view=true msaa=Some(Off) physical_target=Some(UVec2(2340, 1080)) output=Some("TextureView { inner: Renderbuffer { raw: NativeRenderbuffer(5) }, aspects: FormatAspects(COLOR), mip_levels: 0..1, array_layers: 0..1, format: Rgba8Unorm }")
10-02 15:55:24.343 16832 16854 I RustStdoutStderr: [2m2026-10-02T07:55:24.343017Z[0m [32m INFO[0m [2mbevy_render::view::window[0m[2m:[0m MIR2_ANDROID_VIEW_OUTPUT_PROBE frame=47 entity=178v0 current_surface_raw=5 has_camera=true has_view=true msaa=Some(Off) physical_target=Some(UVec2(2340, 1080)) output=Some("TextureView { inner: Renderbuffer { raw: NativeRenderbuffer(5) }, aspects: FormatAspects(COLOR), mip_levels: 0..1, array_layers: 0..1, format: Rgba8Unorm }")
10-02 15:55:24.355 16832 16855 I event /Users/henryliu/obelisk/numeron-worktrees/android-shared-sync/mir2-web3/third_party/bevyMIR2_ANDROID_SURFACE_ATTACHMENT_PROBE frame=47 raw=5 live=true internal=0x8058 size=2340x1080 samples=0 expected=Rgba8Unorm
10-02 15:55:24.356 16832 16854 I RustStdoutStderr: [2m2026-10-02T07:55:24.355941Z[0m [32m INFO[0m [2mbevy_render::view::window[0m[2m:[0m MIR2_ANDROID_SURFACE_ATTACHMENT_PROBE frame=47 raw=5 live=true internal=0x8058 size=2340x1080 samples=0 expected=Rgba8Unorm
10-02 15:55:24.356 16832 16855 I event /Users/henryliu/obelisk/numeron-worktrees/android-shared-sync/mir2-web3/third_party/bevyMIR2_ANDROID_VIEW_OUTPUT_PROBE frame=48 entity=178v0 current_surface_raw=5 has_camera=true has_view=true msaa=Some(Off) physical_target=Some(UVec2(2340, 1080)) output=Some("TextureView { inner: Renderbuffer { raw: NativeRenderbuffer(5) }, aspects: FormatAspects(COLOR), mip_levels: 0..1, array_layers: 0..1, format: Rgba8Unorm }")
10-02 15:55:24.356 16832 16854 I RustStdoutStderr: [2m2026-10-02T07:55:24.356241Z[0m [32m INFO[0m [2mbevy_render::view::window[0m[2m:[0m MIR2_ANDROID_VIEW_OUTPUT_PROBE frame=48 entity=178v0 current_surface_raw=5 has_camera=true has_view=true msaa=Some(Off) physical_target=Some(UVec2(2340, 1080)) output=Some("TextureView { inner: Renderbuffer { raw: NativeRenderbuffer(5) }, aspects: FormatAspects(COLOR), mip_levels: 0..1, array_layers: 0..1, format: Rgba8Unorm }")
10-02 15:55:24.375 16832 16855 I event /Users/henryliu/obelisk/numeron-worktrees/android-shared-sync/mir2-web3/third_party/bevyMIR2_ANDROID_SURFACE_ATTACHMENT_PROBE frame=48 raw=5 live=true internal=0x8058 size=2340x1080 samples=0 expected=Rgba8Unorm
10-02 15:55:24.375 16832 16854 I RustStdoutStderr: [2m2026-10-02T07:55:24.375820Z[0m [32m INFO[0m [2mbevy_render::view::window[0m[2m:[0m MIR2_ANDROID_SURFACE_ATTACHMENT_PROBE frame=48 raw=5 live=true internal=0x8058 size=2340x1080 samples=0 expected=Rgba8Unorm
10-02 15:55:24.376 16832 16855 I event /Users/henryliu/obelisk/numeron-worktrees/android-shared-sync/mir2-web3/third_party/bevyMIR2_ANDROID_VIEW_OUTPUT_PROBE frame=49 entity=178v0 current_surface_raw=5 has_camera=true has_view=true msaa=Some(Off) physical_target=Some(UVec2(2340, 1080)) output=Some("TextureView { inner: Renderbuffer { raw: NativeRenderbuffer(5) }, aspects: FormatAspects(COLOR), mip_levels: 0..1, array_layers: 0..1, format: Rgba8Unorm }")
10-02 15:55:24.376 16832 16854 I RustStdoutStderr: [2m2026-10-02T07:55:24.376157Z[0m [32m INFO[0m [2mbevy_render::view::window[0m[2m:[0m MIR2_ANDROID_VIEW_OUTPUT_PROBE frame=49 entity=178v0 current_surface_raw=5 has_camera=true has_view=true msaa=Some(Off) physical_target=Some(UVec2(2340, 1080)) output=Some("TextureView { inner: Renderbuffer { raw: NativeRenderbuffer(5) }, aspects: FormatAspects(COLOR), mip_levels: 0..1, array_layers: 0..1, format: Rgba8Unorm }")
10-02 15:55:24.391 16832 16855 I event /Users/henryliu/obelisk/numeron-worktrees/android-shared-sync/mir2-web3/third_party/bevyMIR2_ANDROID_SURFACE_ATTACHMENT_PROBE frame=49 raw=5 live=true internal=0x8058 size=2340x1080 samples=0 expected=Rgba8Unorm
10-02 15:55:24.391 16832 16854 I RustStdoutStderr: [2m2026-10-02T07:55:24.391017Z[0m [32m INFO[0m [2mbevy_render::view::window[0m[2m:[0m MIR2_ANDROID_SURFACE_ATTACHMENT_PROBE frame=49 raw=5 live=true internal=0x8058 size=2340x1080 samples=0 expected=Rgba8Unorm
10-02 15:55:24.391 16832 16854 I RustStdoutStderr: [2m2026-10-02T07:55:24.391330Z[0m [32m INFO[0m [2mbevy_render::view::window[0m[2m:[0m MIR2_ANDROID_VIEW_OUTPUT_PROBE frame=50 entity=178v0 current_surface_raw=5 has_camera=true has_view=true msaa=Some(Off) physical_target=Some(UVec2(2340, 1080)) output=Some("TextureView { inner: Renderbuffer { raw: NativeRenderbuffer(5) }, aspects: FormatAspects(COLOR), mip_levels: 0..1, array_layers: 0..1, format: Rgba8Unorm }")
10-02 15:55:24.391 16832 16855 I event /Users/henryliu/obelisk/numeron-worktrees/android-shared-sync/mir2-web3/third_party/bevyMIR2_ANDROID_VIEW_OUTPUT_PROBE frame=50 entity=178v0 current_surface_raw=5 has_camera=true has_view=true msaa=Some(Off) physical_target=Some(UVec2(2340, 1080)) output=Some("TextureView { inner: Renderbuffer { raw: NativeRenderbuffer(5) }, aspects: FormatAspects(COLOR), mip_levels: 0..1, array_layers: 0..1, format: Rgba8Unorm }")
10-02 15:55:24.407 16832 16855 I event /Users/henryliu/obelisk/numeron-worktrees/android-shared-sync/mir2-web3/third_party/bevyMIR2_ANDROID_SURFACE_ATTACHMENT_PROBE frame=50 raw=5 live=true internal=0x8058 size=2340x1080 samples=0 expected=Rgba8Unorm
10-02 15:55:24.408 16832 16854 I RustStdoutStderr: [2m2026-10-02T07:55:24.407876Z[0m [32m INFO[0m [2mbevy_render::view::window[0m[2m:[0m MIR2_ANDROID_SURFACE_ATTACHMENT_PROBE frame=50 raw=5 live=true internal=0x8058 size=2340x1080 samples=0 expected=Rgba8Unorm
10-02 15:55:24.408 16832 16855 I event /Users/henryliu/obelisk/numeron-worktrees/android-shared-sync/mir2-web3/third_party/bevyMIR2_ANDROID_VIEW_OUTPUT_PROBE frame=51 entity=178v0 current_surface_raw=5 has_camera=true has_view=true msaa=Some(Off) physical_target=Some(UVec2(2340, 1080)) output=Some("TextureView { inner: Renderbuffer { raw: NativeRenderbuffer(5) }, aspects: FormatAspects(COLOR), mip_levels: 0..1, array_layers: 0..1, format: Rgba8Unorm }")
10-02 15:55:24.408 16832 16854 I RustStdoutStderr: [2m2026-10-02T07:55:24.408158Z[0m [32m INFO[0m [2mbevy_render::view::window[0m[2m:[0m MIR2_ANDROID_VIEW_OUTPUT_PROBE frame=51 entity=178v0 current_surface_raw=5 has_camera=true has_view=true msaa=Some(Off) physical_target=Some(UVec2(2340, 1080)) output=Some("TextureView { inner: Renderbuffer { raw: NativeRenderbuffer(5) }, aspects: FormatAspects(COLOR), mip_levels: 0..1, array_layers: 0..1, format: Rgba8Unorm }")
10-02 15:55:24.426 16832 16855 I event /Users/henryliu/obelisk/numeron-worktrees/android-shared-sync/mir2-web3/third_party/bevyMIR2_ANDROID_SURFACE_ATTACHMENT_PROBE frame=51 raw=5 live=true internal=0x8058 size=2340x1080 samples=0 expected=Rgba8Unorm
10-02 15:55:24.426 16832 16854 I RustStdoutStderr: [2m2026-10-02T07:55:24.426866Z[0m [32m INFO[0m [2mbevy_render::view::window[0m[2m:[0m MIR2_ANDROID_SURFACE_ATTACHMENT_PROBE frame=51 raw=5 live=true internal=0x8058 size=2340x1080 samples=0 expected=Rgba8Unorm
10-02 15:55:24.427 16832 16855 I event /Users/henryliu/obelisk/numeron-worktrees/android-shared-sync/mir2-web3/third_party/bevyMIR2_ANDROID_VIEW_OUTPUT_PROBE frame=52 entity=178v0 current_surface_raw=5 has_camera=true has_view=true msaa=Some(Off) physical_target=Some(UVec2(2340, 1080)) output=Some("TextureView { inner: Renderbuffer { raw: NativeRenderbuffer(5) }, aspects: FormatAspects(COLOR), mip_levels: 0..1, array_layers: 0..1, format: Rgba8Unorm }")
10-02 15:55:24.427 16832 16854 I RustStdoutStderr: [2m2026-10-02T07:55:24.427201Z[0m [32m INFO[0m [2mbevy_render::view::window[0m[2m:[0m MIR2_ANDROID_VIEW_OUTPUT_PROBE frame=52 entity=178v0 current_surface_raw=5 has_camera=true has_view=true msaa=Some(Off) physical_target=Some(UVec2(2340, 1080)) output=Some("TextureView { inner: Renderbuffer { raw: NativeRenderbuffer(5) }, aspects: FormatAspects(COLOR), mip_levels: 0..1, array_layers: 0..1, format: Rgba8Unorm }")
10-02 15:55:24.439 16832 16855 I event /Users/henryliu/obelisk/numeron-worktrees/android-shared-sync/mir2-web3/third_party/bevyMIR2_ANDROID_SURFACE_ATTACHMENT_PROBE frame=52 raw=5 live=true internal=0x8058 size=2340x1080 samples=0 expected=Rgba8Unorm
10-02 15:55:24.439 16832 16854 I RustStdoutStderr: [2m2026-10-02T07:55:24.439661Z[0m [32m INFO[0m [2mbevy_render::view::window[0m[2m:[0m MIR2_ANDROID_SURFACE_ATTACHMENT_PROBE frame=52 raw=5 live=true internal=0x8058 size=2340x1080 samples=0 expected=Rgba8Unorm
10-02 15:55:24.439 16832 16855 I event /Users/henryliu/obelisk/numeron-worktrees/android-shared-sync/mir2-web3/third_party/bevyMIR2_ANDROID_VIEW_OUTPUT_PROBE frame=53 entity=178v0 current_surface_raw=5 has_camera=true has_view=true msaa=Some(Off) physical_target=Some(UVec2(2340, 1080)) output=Some("TextureView { inner: Renderbuffer { raw: NativeRenderbuffer(5) }, aspects: FormatAspects(COLOR), mip_levels: 0..1, array_layers: 0..1, format: Rgba8Unorm }")
10-02 15:55:24.440 16832 16854 I RustStdoutStderr: [2m2026-10-02T07:55:24.439960Z[0m [32m INFO[0m [2mbevy_render::view::window[0m[2m:[0m MIR2_ANDROID_VIEW_OUTPUT_PROBE frame=53 entity=178v0 current_surface_raw=5 has_camera=true has_view=true msaa=Some(Off) physical_target=Some(UVec2(2340, 1080)) output=Some("TextureView { inner: Renderbuffer { raw: NativeRenderbuffer(5) }, aspects: FormatAspects(COLOR), mip_levels: 0..1, array_layers: 0..1, format: Rgba8Unorm }")
10-02 15:55:24.458 16832 16855 I event /Users/henryliu/obelisk/numeron-worktrees/android-shared-sync/mir2-web3/third_party/bevyMIR2_ANDROID_SURFACE_ATTACHMENT_PROBE frame=53 raw=5 live=true internal=0x8058 size=2340x1080 samples=0 expected=Rgba8Unorm
10-02 15:55:24.458 16832 16854 I RustStdoutStderr: [2m2026-10-02T07:55:24.458456Z[0m [32m INFO[0m [2mbevy_render::view::window[0m[2m:[0m MIR2_ANDROID_SURFACE_ATTACHMENT_PROBE frame=53 raw=5 live=true internal=0x8058 size=2340x1080 samples=0 expected=Rgba8Unorm
10-02 15:55:24.458 16832 16855 I event /Users/henryliu/obelisk/numeron-worktrees/android-shared-sync/mir2-web3/third_party/bevyMIR2_ANDROID_VIEW_OUTPUT_PROBE frame=54 entity=178v0 current_surface_raw=5 has_camera=true has_view=true msaa=Some(Off) physical_target=Some(UVec2(2340, 1080)) output=Some("TextureView { inner: Renderbuffer { raw: NativeRenderbuffer(5) }, aspects: FormatAspects(COLOR), mip_levels: 0..1, array_layers: 0..1, format: Rgba8Unorm }")
10-02 15:55:24.458 16832 16854 I RustStdoutStderr: [2m2026-10-02T07:55:24.458739Z[0m [32m INFO[0m [2mbevy_render::view::window[0m[2m:[0m MIR2_ANDROID_VIEW_OUTPUT_PROBE frame=54 entity=178v0 current_surface_raw=5 has_camera=true has_view=true msaa=Some(Off) physical_target=Some(UVec2(2340, 1080)) output=Some("TextureView { inner: Renderbuffer { raw: NativeRenderbuffer(5) }, aspects: FormatAspects(COLOR), mip_levels: 0..1, array_layers: 0..1, format: Rgba8Unorm }")
10-02 15:55:24.474 16832 16855 I event /Users/henryliu/obelisk/numeron-worktrees/android-shared-sync/mir2-web3/third_party/bevyMIR2_ANDROID_SURFACE_ATTACHMENT_PROBE frame=54 raw=5 live=true internal=0x8058 size=2340x1080 samples=0 expected=Rgba8Unorm
10-02 15:55:24.475 16832 16854 I RustStdoutStderr: [2m2026-10-02T07:55:24.474904Z[0m [32m INFO[0m [2mbevy_render::view::window[0m[2m:[0m MIR2_ANDROID_SURFACE_ATTACHMENT_PROBE frame=54 raw=5 live=true internal=0x8058 size=2340x1080 samples=0 expected=Rgba8Unorm
10-02 15:55:24.475 16832 16855 I event /Users/henryliu/obelisk/numeron-worktrees/android-shared-sync/mir2-web3/third_party/bevyMIR2_ANDROID_VIEW_OUTPUT_PROBE frame=55 entity=178v0 current_surface_raw=5 has_camera=true has_view=true msaa=Some(Off) physical_target=Some(UVec2(2340, 1080)) output=Some("TextureView { inner: Renderbuffer { raw: NativeRenderbuffer(5) }, aspects: FormatAspects(COLOR), mip_levels: 0..1, array_layers: 0..1, format: Rgba8Unorm }")
10-02 15:55:24.475 16832 16854 I RustStdoutStderr: [2m2026-10-02T07:55:24.475213Z[0m [32m INFO[0m [2mbevy_render::view::window[0m[2m:[0m MIR2_ANDROID_VIEW_OUTPUT_PROBE frame=55 entity=178v0 current_surface_raw=5 has_camera=true has_view=true msaa=Some(Off) physical_target=Some(UVec2(2340, 1080)) output=Some("TextureView { inner: Renderbuffer { raw: NativeRenderbuffer(5) }, aspects: FormatAspects(COLOR), mip_levels: 0..1, array_layers: 0..1, format: Rgba8Unorm }")
10-02 15:55:24.490 16832 16855 I event /Users/henryliu/obelisk/numeron-worktrees/android-shared-sync/mir2-web3/third_party/bevyMIR2_ANDROID_SURFACE_ATTACHMENT_PROBE frame=55 raw=5 live=true internal=0x8058 size=2340x1080 samples=0 expected=Rgba8Unorm
10-02 15:55:24.490 16832 16854 I RustStdoutStderr: [2m2026-10-02T07:55:24.490437Z[0m [32m INFO[0m [2mbevy_render::view::window[0m[2m:[0m MIR2_ANDROID_SURFACE_ATTACHMENT_PROBE frame=55 raw=5 live=true internal=0x8058 size=2340x1080 samples=0 expected=Rgba8Unorm
10-02 15:55:24.490 16832 16855 I event /Users/henryliu/obelisk/numeron-worktrees/android-shared-sync/mir2-web3/third_party/bevyMIR2_ANDROID_VIEW_OUTPUT_PROBE frame=56 entity=178v0 current_surface_raw=5 has_camera=true has_view=true msaa=Some(Off) physical_target=Some(UVec2(2340, 1080)) output=Some("TextureView { inner: Renderbuffer { raw: NativeRenderbuffer(5) }, aspects: FormatAspects(COLOR), mip_levels: 0..1, array_layers: 0..1, format: Rgba8Unorm }")
10-02 15:55:24.490 16832 16854 I RustStdoutStderr: [2m2026-10-02T07:55:24.490803Z[0m [32m INFO[0m [2mbevy_render::view::window[0m[2m:[0m MIR2_ANDROID_VIEW_OUTPUT_PROBE frame=56 entity=178v0 current_surface_raw=5 has_camera=true has_view=true msaa=Some(Off) physical_target=Some(UVec2(2340, 1080)) output=Some("TextureView { inner: Renderbuffer { raw: NativeRenderbuffer(5) }, aspects: FormatAspects(COLOR), mip_levels: 0..1, array_layers: 0..1, format: Rgba8Unorm }")
10-02 15:55:24.508 16832 16855 I event /Users/henryliu/obelisk/numeron-worktrees/android-shared-sync/mir2-web3/third_party/bevyMIR2_ANDROID_SURFACE_ATTACHMENT_PROBE frame=56 raw=5 live=true internal=0x8058 size=2340x1080 samples=0 expected=Rgba8Unorm
10-02 15:55:24.509 16832 16854 I RustStdoutStderr: [2m2026-10-02T07:55:24.508966Z[0m [32m INFO[0m [2mbevy_render::view::window[0m[2m:[0m MIR2_ANDROID_SURFACE_ATTACHMENT_PROBE frame=56 raw=5 live=true internal=0x8058 size=2340x1080 samples=0 expected=Rgba8Unorm
10-02 15:55:24.509 16832 16855 I event /Users/henryliu/obelisk/numeron-worktrees/android-shared-sync/mir2-web3/third_party/bevyMIR2_ANDROID_VIEW_OUTPUT_PROBE frame=57 entity=178v0 current_surface_raw=5 has_camera=true has_view=true msaa=Some(Off) physical_target=Some(UVec2(2340, 1080)) output=Some("TextureView { inner: Renderbuffer { raw: NativeRenderbuffer(5) }, aspects: FormatAspects(COLOR), mip_levels: 0..1, array_layers: 0..1, format: Rgba8Unorm }")
10-02 15:55:24.509 16832 16854 I RustStdoutStderr: [2m2026-10-02T07:55:24.509281Z[0m [32m INFO[0m [2mbevy_render::view::window[0m[2m:[0m MIR2_ANDROID_VIEW_OUTPUT_PROBE frame=57 entity=178v0 current_surface_raw=5 has_camera=true has_view=true msaa=Some(Off) physical_target=Some(UVec2(2340, 1080)) output=Some("TextureView { inner: Renderbuffer { raw: NativeRenderbuffer(5) }, aspects: FormatAspects(COLOR), mip_levels: 0..1, array_layers: 0..1, format: Rgba8Unorm }")
10-02 15:55:24.512 16832 16855 D EGL_emulation: app_time_stats: avg=16.51ms min=11.22ms max=134.86ms count=57
10-02 15:55:24.523 16832 16855 I event /Users/henryliu/obelisk/numeron-worktrees/android-shared-sync/mir2-web3/third_party/bevyMIR2_ANDROID_SURFACE_ATTACHMENT_PROBE frame=57 raw=5 live=true internal=0x8058 size=2340x1080 samples=0 expected=Rgba8Unorm
10-02 15:55:24.523 16832 16854 I RustStdoutStderr: [2m2026-10-02T07:55:24.523194Z[0m [32m INFO[0m [2mbevy_render::view::window[0m[2m:[0m MIR2_ANDROID_SURFACE_ATTACHMENT_PROBE frame=57 raw=5 live=true internal=0x8058 size=2340x1080 samples=0 expected=Rgba8Unorm
10-02 15:55:24.523 16832 16855 I event /Users/henryliu/obelisk/numeron-worktrees/android-shared-sync/mir2-web3/third_party/bevyMIR2_ANDROID_VIEW_OUTPUT_PROBE frame=58 entity=178v0 current_surface_raw=5 has_camera=true has_view=true msaa=Some(Off) physical_target=Some(UVec2(2340, 1080)) output=Some("TextureView { inner: Renderbuffer { raw: NativeRenderbuffer(5) }, aspects: FormatAspects(COLOR), mip_levels: 0..1, array_layers: 0..1, format: Rgba8Unorm }")
10-02 15:55:24.523 16832 16854 I RustStdoutStderr: [2m2026-10-02T07:55:24.523429Z[0m [32m INFO[0m [2mbevy_render::view::window[0m[2m:[0m MIR2_ANDROID_VIEW_OUTPUT_PROBE frame=58 entity=178v0 current_surface_raw=5 has_camera=true has_view=true msaa=Some(Off) physical_target=Some(UVec2(2340, 1080)) output=Some("TextureView { inner: Renderbuffer { raw: NativeRenderbuffer(5) }, aspects: FormatAspects(COLOR), mip_levels: 0..1, array_layers: 0..1, format: Rgba8Unorm }")
10-02 15:55:24.542 16832 16855 I event /Users/henryliu/obelisk/numeron-worktrees/android-shared-sync/mir2-web3/third_party/bevyMIR2_ANDROID_SURFACE_ATTACHMENT_PROBE frame=58 raw=5 live=true internal=0x8058 size=2340x1080 samples=0 expected=Rgba8Unorm
10-02 15:55:24.543 16832 16854 I RustStdoutStderr: [2m2026-10-02T07:55:24.542966Z[0m [32m INFO[0m [2mbevy_render::view::window[0m[2m:[0m MIR2_ANDROID_SURFACE_ATTACHMENT_PROBE frame=58 raw=5 live=true internal=0x8058 size=2340x1080 samples=0 expected=Rgba8Unorm
10-02 15:55:24.543 16832 16855 I event /Users/henryliu/obelisk/numeron-worktrees/android-shared-sync/mir2-web3/third_party/bevyMIR2_ANDROID_VIEW_OUTPUT_PROBE frame=59 entity=178v0 current_surface_raw=5 has_camera=true has_view=true msaa=Some(Off) physical_target=Some(UVec2(2340, 1080)) output=Some("TextureView { inner: Renderbuffer { raw: NativeRenderbuffer(5) }, aspects: FormatAspects(COLOR), mip_levels: 0..1, array_layers: 0..1, format: Rgba8Unorm }")
10-02 15:55:24.543 16832 16854 I RustStdoutStderr: [2m2026-10-02T07:55:24.543227Z[0m [32m INFO[0m [2mbevy_render::view::window[0m[2m:[0m MIR2_ANDROID_VIEW_OUTPUT_PROBE frame=59 entity=178v0 current_surface_raw=5 has_camera=true has_view=true msaa=Some(Off) physical_target=Some(UVec2(2340, 1080)) output=Some("TextureView { inner: Renderbuffer { raw: NativeRenderbuffer(5) }, aspects: FormatAspects(COLOR), mip_levels: 0..1, array_layers: 0..1, format: Rgba8Unorm }")
10-02 15:55:24.559 16832 16855 I event /Users/henryliu/obelisk/numeron-worktrees/android-shared-sync/mir2-web3/third_party/bevyMIR2_ANDROID_SURFACE_ATTACHMENT_PROBE frame=59 raw=5 live=true internal=0x8058 size=2340x1080 samples=0 expected=Rgba8Unorm
10-02 15:55:24.559 16832 16854 I RustStdoutStderr: [2m2026-10-02T07:55:24.559101Z[0m [32m INFO[0m [2mbevy_render::view::window[0m[2m:[0m MIR2_ANDROID_SURFACE_ATTACHMENT_PROBE frame=59 raw=5 live=true internal=0x8058 size=2340x1080 samples=0 expected=Rgba8Unorm
10-02 15:55:24.559 16832 16855 I event /Users/henryliu/obelisk/numeron-worktrees/android-shared-sync/mir2-web3/third_party/bevyMIR2_ANDROID_VIEW_OUTPUT_PROBE frame=60 entity=178v0 current_surface_raw=5 has_camera=true has_view=true msaa=Some(Off) physical_target=Some(UVec2(2340, 1080)) output=Some("TextureView { inner: Renderbuffer { raw: NativeRenderbuffer(5) }, aspects: FormatAspects(COLOR), mip_levels: 0..1, array_layers: 0..1, format: Rgba8Unorm }")
10-02 15:55:24.559 16832 16854 I RustStdoutStderr: [2m2026-10-02T07:55:24.559544Z[0m [32m INFO[0m [2mbevy_render::view::window[0m[2m:[0m MIR2_ANDROID_VIEW_OUTPUT_PROBE frame=60 entity=178v0 current_surface_raw=5 has_camera=true has_view=true msaa=Some(Off) physical_target=Some(UVec2(2340, 1080)) output=Some("TextureView { inner: Renderbuffer { raw: NativeRenderbuffer(5) }, aspects: FormatAspects(COLOR), mip_levels: 0..1, array_layers: 0..1, format: Rgba8Unorm }")
10-02 15:55:24.574 16832 16855 I event /Users/henryliu/obelisk/numeron-worktrees/android-shared-sync/mir2-web3/third_party/bevyMIR2_ANDROID_SURFACE_ATTACHMENT_PROBE frame=60 raw=5 live=true internal=0x8058 size=2340x1080 samples=0 expected=Rgba8Unorm
10-02 15:55:24.574 16832 16854 I RustStdoutStderr: [2m2026-10-02T07:55:24.574188Z[0m [32m INFO[0m [2mbevy_render::view::window[0m[2m:[0m MIR2_ANDROID_SURFACE_ATTACHMENT_PROBE frame=60 raw=5 live=true internal=0x8058 size=2340x1080 samples=0 expected=Rgba8Unorm
10-02 15:55:24.574 16832 16855 I event /Users/henryliu/obelisk/numeron-worktrees/android-shared-sync/mir2-web3/third_party/bevyMIR2_ANDROID_VIEW_OUTPUT_PROBE frame=61 entity=178v0 current_surface_raw=5 has_camera=true has_view=true msaa=Some(Off) physical_target=Some(UVec2(2340, 1080)) output=Some("TextureView { inner: Renderbuffer { raw: NativeRenderbuffer(5) }, aspects: FormatAspects(COLOR), mip_levels: 0..1, array_layers: 0..1, format: Rgba8Unorm }")
10-02 15:55:24.574 16832 16854 I RustStdoutStderr: [2m2026-10-02T07:55:24.574452Z[0m [32m INFO[0m [2mbevy_render::view::window[0m[2m:[0m MIR2_ANDROID_VIEW_OUTPUT_PROBE frame=61 entity=178v0 current_surface_raw=5 has_camera=true has_view=true msaa=Some(Off) physical_target=Some(UVec2(2340, 1080)) output=Some("TextureView { inner: Renderbuffer { raw: NativeRenderbuffer(5) }, aspects: FormatAspects(COLOR), mip_levels: 0..1, array_layers: 0..1, format: Rgba8Unorm }")
10-02 15:55:24.591 16832 16855 I event /Users/henryliu/obelisk/numeron-worktrees/android-shared-sync/mir2-web3/third_party/bevyMIR2_ANDROID_SURFACE_ATTACHMENT_PROBE frame=61 raw=5 live=true internal=0x8058 size=2340x1080 samples=0 expected=Rgba8Unorm
10-02 15:55:24.591 16832 16854 I RustStdoutStderr: [2m2026-10-02T07:55:24.591549Z[0m [32m INFO[0m [2mbevy_render::view::window[0m[2m:[0m MIR2_ANDROID_SURFACE_ATTACHMENT_PROBE frame=61 raw=5 live=true internal=0x8058 size=2340x1080 samples=0 expected=Rgba8Unorm
10-02 15:55:24.592 16832 16855 I event /Users/henryliu/obelisk/numeron-worktrees/android-shared-sync/mir2-web3/third_party/bevyMIR2_ANDROID_VIEW_OUTPUT_PROBE frame=62 entity=178v0 current_surface_raw=5 has_camera=true has_view=true msaa=Some(Off) physical_target=Some(UVec2(2340, 1080)) output=Some("TextureView { inner: Renderbuffer { raw: NativeRenderbuffer(5) }, aspects: FormatAspects(COLOR), mip_levels: 0..1, array_layers: 0..1, format: Rgba8Unorm }")
10-02 15:55:24.592 16832 16854 I RustStdoutStderr: [2m2026-10-02T07:55:24.591982Z[0m [32m INFO[0m [2mbevy_render::view::window[0m[2m:[0m MIR2_ANDROID_VIEW_OUTPUT_PROBE frame=62 entity=178v0 current_surface_raw=5 has_camera=true has_view=true msaa=Some(Off) physical_target=Some(UVec2(2340, 1080)) output=Some("TextureView { inner: Renderbuffer { raw: NativeRenderbuffer(5) }, aspects: FormatAspects(COLOR), mip_levels: 0..1, array_layers: 0..1, format: Rgba8Unorm }")
10-02 15:55:24.608 16832 16855 I event /Users/henryliu/obelisk/numeron-worktrees/android-shared-sync/mir2-web3/third_party/bevyMIR2_ANDROID_SURFACE_ATTACHMENT_PROBE frame=62 raw=5 live=true internal=0x8058 size=2340x1080 samples=0 expected=Rgba8Unorm
10-02 15:55:24.609 16832 16854 I RustStdoutStderr: [2m2026-10-02T07:55:24.608802Z[0m [32m INFO[0m [2mbevy_render::view::window[0m[2m:[0m MIR2_ANDROID_SURFACE_ATTACHMENT_PROBE frame=62 raw=5 live=true internal=0x8058 size=2340x1080 samples=0 expected=Rgba8Unorm
10-02 15:55:24.609 16832 16855 I event /Users/henryliu/obelisk/numeron-worktrees/android-shared-sync/mir2-web3/third_party/bevyMIR2_ANDROID_VIEW_OUTPUT_PROBE frame=63 entity=178v0 current_surface_raw=5 has_camera=true has_view=true msaa=Some(Off) physical_target=Some(UVec2(2340, 1080)) output=Some("TextureView { inner: Renderbuffer { raw: NativeRenderbuffer(5) }, aspects: FormatAspects(COLOR), mip_levels: 0..1, array_layers: 0..1, format: Rgba8Unorm }")
10-02 15:55:24.609 16832 16854 I RustStdoutStderr: [2m2026-10-02T07:55:24.609065Z[0m [32m INFO[0m [2mbevy_render::view::window[0m[2m:[0m MIR2_ANDROID_VIEW_OUTPUT_PROBE frame=63 entity=178v0 current_surface_raw=5 has_camera=true has_view=true msaa=Some(Off) physical_target=Some(UVec2(2340, 1080)) output=Some("TextureView { inner: Renderbuffer { raw: NativeRenderbuffer(5) }, aspects: FormatAspects(COLOR), mip_levels: 0..1, array_layers: 0..1, format: Rgba8Unorm }")
10-02 15:55:24.623 16832 16855 I event /Users/henryliu/obelisk/numeron-worktrees/android-shared-sync/mir2-web3/third_party/bevyMIR2_ANDROID_SURFACE_ATTACHMENT_PROBE frame=63 raw=5 live=true internal=0x8058 size=2340x1080 samples=0 expected=Rgba8Unorm
10-02 15:55:24.623 16832 16854 I RustStdoutStderr: [2m2026-10-02T07:55:24.623026Z[0m [32m INFO[0m [2mbevy_render::view::window[0m[2m:[0m MIR2_ANDROID_SURFACE_ATTACHMENT_PROBE frame=63 raw=5 live=true internal=0x8058 size=2340x1080 samples=0 expected=Rgba8Unorm
10-02 15:55:24.623 16832 16855 I event /Users/henryliu/obelisk/numeron-worktrees/android-shared-sync/mir2-web3/third_party/bevyMIR2_ANDROID_VIEW_OUTPUT_PROBE frame=64 entity=178v0 current_surface_raw=5 has_camera=true has_view=true msaa=Some(Off) physical_target=Some(UVec2(2340, 1080)) output=Some("TextureView { inner: Renderbuffer { raw: NativeRenderbuffer(5) }, aspects: FormatAspects(COLOR), mip_levels: 0..1, array_layers: 0..1, format: Rgba8Unorm }")
10-02 15:55:24.623 16832 16854 I RustStdoutStderr: [2m2026-10-02T07:55:24.623355Z[0m [32m INFO[0m [2mbevy_render::view::window[0m[2m:[0m MIR2_ANDROID_VIEW_OUTPUT_PROBE frame=64 entity=178v0 current_surface_raw=5 has_camera=true has_view=true msaa=Some(Off) physical_target=Some(UVec2(2340, 1080)) output=Some("TextureView { inner: Renderbuffer { raw: NativeRenderbuffer(5) }, aspects: FormatAspects(COLOR), mip_levels: 0..1, array_layers: 0..1, format: Rgba8Unorm }")
10-02 15:55:24.988 16832 16858 I event src/phone_hud.rs:173: ANDROID_PHONE_TEXT_LAYOUTfont = TextFont { font: SystemUi, font_size: Px(23.466667), weight: FontWeight(400), width: FontWidth(1.0), style: Normal, font_smoothing: AntiAliased, font_features: FontFeatures { features: [] }, font_variations: FontVariations { variations: [] } }; color = TextColor(Srgba(Srgba { red: 0.98, green: 0.91, blue: 0.76, alpha: 1.0 })); glyph_masks = [true, true, true, true, true, true, true, true, true, true, true, true, true];
10-02 15:55:24.988 16832 16858 I event src/phone_hud.rs:173: ANDROID_PHONE_TEXT_LAYOUTfont = TextFont { font: SystemUi, font_size: Px(23.466667), weight: FontWeight(400), width: FontWidth(1.0), style: Normal, font_smoothing: AntiAliased, font_features: FontFeatures { features: [] }, font_variations: FontVariations { variations: [] } }; color = TextColor(Srgba(Srgba { red: 0.96, green: 0.85, blue: 0.61, alpha: 1.0 })); glyph_masks = [true, true, true];
10-02 15:55:24.988 16832 16858 I event src/phone_hud.rs:173: ANDROID_PHONE_TEXT_LAYOUTfont = TextFont { font: SystemUi, font_size: Px(23.466667), weight: FontWeight(400), width: FontWidth(1.0), style: Normal, font_smoothing: AntiAliased, font_features: FontFeatures { features: [] }, font_variations: FontVariations { variations: [] } }; color = TextColor(Srgba(Srgba { red: 0.96, green: 0.85, blue: 0.61, alpha: 1.0 })); glyph_masks = [true, true, true];
10-02 15:55:24.988 16832 16858 I event src/phone_hud.rs:173: ANDROID_PHONE_TEXT_LAYOUTfont = TextFont { font: SystemUi, font_size: Px(23.466667), weight: FontWeight(400), width: FontWidth(1.0), style: Normal, font_smoothing: AntiAliased, font_features: FontFeatures { features: [] }, font_variations: FontVariations { variations: [] } }; color = TextColor(Srgba(Srgba { red: 0.96, green: 0.85, blue: 0.61, alpha: 1.0 })); glyph_masks = [true, true, true, true, true];
10-02 15:55:24.988 16832 16858 I event src/phone_hud.rs:173: ANDROID_PHONE_TEXT_LAYOUTfont = TextFont { font: SystemUi, font_size: Px(23.466667), weight: FontWeight(400), width: FontWidth(1.0), style: Normal, font_smoothing: AntiAliased, font_features: FontFeatures { features: [] }, font_variations: FontVariations { variations: [] } }; color = TextColor(Srgba(Srgba { red: 0.96, green: 0.85, blue: 0.61, alpha: 1.0 })); glyph_masks = [true, true, true, true, true, true, true];
10-02 15:55:24.988 16832 16858 I event src/phone_hud.rs:173: ANDROID_PHONE_TEXT_LAYOUTfont = TextFont { font: SystemUi, font_size: Px(23.466667), weight: FontWeight(400), width: FontWidth(1.0), style: Normal, font_smoothing: AntiAliased, font_features: FontFeatures { features: [] }, font_variations: FontVariations { variations: [] } }; color = TextColor(Srgba(Srgba { red: 0.96, green: 0.85, blue: 0.61, alpha: 1.0 })); glyph_masks = [true, true, true, true, true];
10-02 15:55:24.988 16832 16858 I event src/phone_hud.rs:173: ANDROID_PHONE_TEXT_LAYOUTfont = TextFont { font: SystemUi, font_size: Px(23.466667), weight: FontWeight(400), width: FontWidth(1.0), style: Normal, font_smoothing: AntiAliased, font_features: FontFeatures { features: [] }, font_variations: FontVariations { variations: [] } }; color = TextColor(Srgba(Srgba { red: 0.96, green: 0.85, blue: 0.61, alpha: 1.0 })); glyph_masks = [true, true, true, true, true, true];
10-02 15:55:24.988 16832 16858 I event src/phone_hud.rs:173: ANDROID_PHONE_TEXT_LAYOUTfont = TextFont { font: SystemUi, font_size: Px(23.466667), weight: FontWeight(400), width: FontWidth(1.0), style: Normal, font_smoothing: AntiAliased, font_features: FontFeatures { features: [] }, font_variations: FontVariations { variations: [] } }; color = TextColor(Srgba(Srgba { red: 0.96, green: 0.85, blue: 0.61, alpha: 1.0 })); glyph_masks = [true, true, true, true, true];
10-02 15:55:24.988 16832 16858 I event src/phone_hud.rs:173: ANDROID_PHONE_TEXT_LAYOUTfont = TextFont { font: SystemUi, font_size: Px(23.466667), weight: FontWeight(400), width: FontWidth(1.0), style: Normal, font_smoothing: AntiAliased, font_features: FontFeatures { features: [] }, font_variations: FontVariations { variations: [] } }; color = TextColor(Srgba(Srgba { red: 0.96, green: 0.85, blue: 0.61, alpha: 1.0 })); glyph_masks = [true, true, true, true, true];
10-02 15:55:24.988 16832 16858 I event src/phone_hud.rs:173: ANDROID_PHONE_TEXT_LAYOUTfont = TextFont { font: SystemUi, font_size: Px(23.466667), weight: FontWeight(400), width: FontWidth(1.0), style: Normal, font_smoothing: AntiAliased, font_features: FontFeatures { features: [] }, font_variations: FontVariations { variations: [] } }; color = TextColor(Srgba(Srgba { red: 0.96, green: 0.85, blue: 0.61, alpha: 1.0 })); glyph_masks = [true, true, true, true, true];
10-02 15:55:24.988 16832 16858 I event src/phone_hud.rs:173: ANDROID_PHONE_TEXT_LAYOUTfont = TextFont { font: SystemUi, font_size: Px(23.466667), weight: FontWeight(400), width: FontWidth(1.0), style: Normal, font_smoothing: AntiAliased, font_features: FontFeatures { features: [] }, font_variations: FontVariations { variations: [] } }; color = TextColor(Srgba(Srgba { red: 0.96, green: 0.85, blue: 0.61, alpha: 1.0 })); glyph_masks = [true, true, true, true];
10-02 15:55:24.988 16832 16854 I RustStdoutStderr: [2m2026-10-02T07:55:24.988604Z[0m [32m INFO[0m [2mmir2_platform_android::phone_hud[0m[2m:[0m ANDROID_PHONE_TEXT_LAYOUT [3mfont[0m[2m=[0mTextFont { font: SystemUi, font_size: Px(23.466667), weight: FontWeight(400), width: FontWidth(1.0), style: Normal, font_smoothing: AntiAliased, font_features: FontFeatures { features: [] }, font_variations: FontVariations { variations: [] } } [3mcolor[0m[2m=[0mTextColor(Srgba(Srgba { red: 0.98, green: 0.91, blue: 0.76, alpha: 1.0 })) [3mglyph_masks[0m[2m=[0m[true, true, true, true, true, true, true, true, true, true, true, true, true]
10-02 15:55:24.988 16832 16854 I RustStdoutStderr: [2m2026-10-02T07:55:24.988656Z[0m [32m INFO[0m [2mmir2_platform_android::phone_quests[0m[2m:[0m ANDROID_PHONE_QUEST_TEXT [3mtext[0m[2m=[0m"任务日志" [3mfont_dp[0m[2m=[0m16.0 [3mglyphs[0m[2m=[0m4 [3malpha_masks[0m[2m=[0m4
10-02 15:55:24.988 16832 16854 I RustStdoutStderr: [2m2026-10-02T07:55:24.988742Z[0m [32m INFO[0m [2mmir2_platform_android::phone_hud[0m[2m:[0m ANDROID_PHONE_TEXT_LAYOUT [3mfont[0m[2m=[0mTextFont { font: SystemUi, font_size: Px(23.466667), weight: FontWeight(400), width: FontWidth(1.0), style: Normal, font_smoothing: AntiAliased, font_features: FontFeatures { features: [] }, font_variations: FontVariations { variations: [] } } [3mcolor[0m[2m=[0mTextColor(Srgba(Srgba { red: 0.96, green: 0.85, blue: 0.61, alpha: 1.0 })) [3mglyph_masks[0m[2m=[0m[true, true, true]
10-02 15:55:24.988 16832 16854 I RustStdoutStderr: [2m2026-10-02T07:55:24.988752Z[0m [32m INFO[0m [2mmir2_platform_android::phone_hud[0m[2m:[0m ANDROID_PHONE_TEXT_LAYOUT [3mfont[0m[2m=[0mTextFont { font: SystemUi, font_size: Px(23.466667), weight: FontWeight(400), width: FontWidth(1.0), style: Normal, font_smoothing: AntiAliased, font_features: FontFeatures { features: [] }, font_variations: FontVariations { variations: [] } } [3mcolor[0m[2m=[0mTextColor(Srgba(Srgba { red: 0.96, green: 0.85, blue: 0.61, alpha: 1.0 })) [3mglyph_masks[0m[2m=[0m[true, true, true]
10-02 15:55:24.988 16832 16854 I RustStdoutStderr: [2m2026-10-02T07:55:24.988757Z[0m [32m INFO[0m [2mmir2_platform_android::phone_hud[0m[2m:[0m ANDROID_PHONE_TEXT_LAYOUT [3mfont[0m[2m=[0mTextFont { font: SystemUi, font_size: Px(23.466667), weight: FontWeight(400), width: FontWidth(1.0), style: Normal, font_smoothing: AntiAliased, font_features: FontFeatures { features: [] }, font_variations: FontVariations { variations: [] } } [3mcolor[0m[2m=[0mTextColor(Srgba(Srgba { red: 0.96, green: 0.85, blue: 0.61, alpha: 1.0 })) [3mglyph_masks[0m[2m=[0m[true, true, true, true, true]
10-02 15:55:24.988 16832 16854 I RustStdoutStderr: [2m2026-10-02T07:55:24.988762Z[0m [32m INFO[0m [2mmir2_platform_android::phone_hud[0m[2m:[0m ANDROID_PHONE_TEXT_LAYOUT [3mfont[0m[2m=[0mTextFont { font: SystemUi, font_size: Px(23.466667), weight: FontWeight(400), width: FontWidth(1.0), style: Normal, font_smoothing: AntiAliased, font_features: FontFeatures { features: [] }, font_variations: FontVariations { variations: [] } } [3mcolor[0m[2m=[0mTextColor(Srgba(Srgba { red: 0.96, green: 0.85, blue: 0.61, alpha: 1.0 })) [3mglyph_masks[0m[2m=[0m[true, true, true, true, true, true, true]
10-02 15:55:24.988 16832 16854 I RustStdoutStderr: [2m2026-10-02T07:55:24.988766Z[0m [32m INFO[0m [2mmir2_platform_android::phone_hud[0m[2m:[0m ANDROID_PHONE_TEXT_LAYOUT [3mfont[0m[2m=[0mTextFont { font: SystemUi, font_size: Px(23.466667), weight: FontWeight(400), width: FontWidth(1.0), style: Normal, font_smoothing: AntiAliased, font_features: FontFeatures { features: [] }, font_variations: FontVariations { variations: [] } } [3mcolor[0m[2m=[0mTextColor(Srgba(Srgba { red: 0.96, green: 0.85, blue: 0.61, alpha: 1.0 })) [3mglyph_masks[0m[2m=[0m[true, true, true, true, true]
10-02 15:55:24.988 16832 16854 I RustStdoutStderr: [2m2026-10-02T07:55:24.988770Z[0m [32m INFO[0m [2mmir2_platform_android::phone_hud[0m[2m:[0m ANDROID_PHONE_TEXT_LAYOUT [3mfont[0m[2m=[0mTextFont { font: SystemUi, font_size: Px(23.466667), weight: FontWeight(400), width: FontWidth(1.0), style: Normal, font_smoothing: AntiAliased, font_features: FontFeatures { features: [] }, font_variations: FontVariations { variations: [] } } [3mcolor[0m[2m=[0mTextColor(Srgba(Srgba { red: 0.96, green: 0.85, blue: 0.61, alpha: 1.0 })) [3mglyph_masks[0m[2m=[0m[true, true, true, true, true, true]
10-02 15:55:24.988 16832 16854 I RustStdoutStderr: [2m2026-10-02T07:55:24.988776Z[0m [32m INFO[0m [2mmir2_platform_android::phone_hud[0m[2m:[0m ANDROID_PHONE_TEXT_LAYOUT [3mfont[0m[2m=[0mTextFont { font: SystemUi, font_size: Px(23.466667), weight: FontWeight(400), width: FontWidth(1.0), style: Normal, font_smoothing: AntiAliased, font_features: FontFeatures { features: [] }, font_variations: FontVariations { variations: [] } } [3mcolor[0m[2m=[0mTextColor(Srgba(Srgba { red: 0.96, green: 0.85, blue: 0.61, alpha: 1.0 })) [3mglyph_masks[0m[2m=[0m[true, true, true, true, true]
10-02 15:55:24.988 16832 16854 I RustStdoutStderr: [2m2026-10-02T07:55:24.988781Z[0m [32m INFO[0m [2mmir2_platform_android::phone_hud[0m[2m:[0m ANDROID_PHONE_TEXT_LAYOUT [3mfont[0m[2m=[0mTextFont { font: SystemUi, font_size: Px(23.466667), weight: FontWeight(400), width: FontWidth(1.0), style: Normal, font_smoothing: AntiAliased, font_features: FontFeatures { features: [] }, font_variations: FontVariations { variations: [] } } [3mcolor[0m[2m=[0mTextColor(Srgba(Srgba { red: 0.96, green: 0.85, blue: 0.61, alpha: 1.0 })) [3mglyph_masks[0m[2m=[0m[true, true, true, true, true]
10-02 15:55:24.988 16832 16854 I RustStdoutStderr: [2m2026-10-02T07:55:24.988785Z[0m [32m INFO[0m [2mmir2_platform_android::phone_hud[0m[2m:[0m ANDROID_PHONE_TEXT_LAYOUT [3mfont[0m[2m=[0mTextFont { font: SystemUi, font_size: Px(23.466667), weight: FontWeight(400), width: FontWidth(1.0), style: Normal, font_smoothing: AntiAliased, font_features: FontFeatures { features: [] }, font_variations: FontVariations { variations: [] } } [3mcolor[0m[2m=[0mTextColor(Srgba(Srgba { red: 0.96, green: 0.85, blue: 0.61, alpha: 1.0 })) [3mglyph_masks[0m[2m=[0m[true, true, true, true, true]
10-02 15:55:24.988 16832 16854 I RustStdoutStderr: [2m2026-10-02T07:55:24.988789Z[0m [32m INFO[0m [2mmir2_platform_android::phone_hud[0m[2m:[0m ANDROID_PHONE_TEXT_LAYOUT [3mfont[0m[2m=[0mTextFont { font: SystemUi, font_size: Px(23.466667), weight: FontWeight(400), width: FontWidth(1.0), style: Normal, font_smoothing: AntiAliased, font_features: FontFeatures { features: [] }, font_variations: FontVariations { variations: [] } } [3mcolor[0m[2m=[0mTextColor(Srgba(Srgba { red: 0.96, green: 0.85, blue: 0.61, alpha: 1.0 })) [3mglyph_masks[0m[2m=[0m[true, true, true, true]
10-02 15:55:24.988 16832 16854 I RustStdoutStderr: [2m2026-10-02T07:55:24.988797Z[0m [32m INFO[0m [2mmir2_platform_android::phone_hud[0m[2m:[0m ANDROID_PHONE_TEXT_LAYOUT [3mfont[0m[2m=[0mTextFont { font: SystemUi, font_size: Px(23.466667), weight: FontWeight(400), width: FontWidth(1.0), style: Normal, font_smoothing: AntiAliased, font_features: FontFeatures { features: [] }, font_variations: FontVariations { variations: [] } } [3mcolor[0m[2m=[0mTextColor(Srgba(Srgba { red: 0.96, green: 0.85, blue: 0.61, alpha: 1.0 })) [3mglyph_masks[0m[2m=[0m[true, true]
10-02 15:55:24.988 16832 16858 I event src/phone_hud.rs:173: ANDROID_PHONE_TEXT_LAYOUTfont = TextFont { font: SystemUi, font_size: Px(23.466667), weight: FontWeight(400), width: FontWidth(1.0), style: Normal, font_smoothing: AntiAliased, font_features: FontFeatures { features: [] }, font_variations: FontVariations { variations: [] } }; color = TextColor(Srgba(Srgba { red: 0.96, green: 0.85, blue: 0.61, alpha: 1.0 })); glyph_masks = [true, true];
10-02 15:55:24.989 16832 16858 I event src/phone_hud.rs:173: ANDROID_PHONE_TEXT_LAYOUTfont = TextFont { font: SystemUi, font_size: Px(23.466667), weight: FontWeight(400), width: FontWidth(1.0), style: Normal, font_smoothing: AntiAliased, font_features: FontFeatures { features: [] }, font_variations: FontVariations { variations: [] } }; color = TextColor(Srgba(Srgba { red: 0.96, green: 0.85, blue: 0.61, alpha: 1.0 })); glyph_masks = [true, true, true, true];
10-02 15:55:24.989 16832 16859 I event src/phone_quests.rs:93: ANDROID_PHONE_QUEST_TEXTtext = "任务日志"; font_dp = 16.0; glyphs = 4; alpha_masks = 4;
10-02 15:55:24.989 16832 16859 I event src/phone_quests.rs:93: ANDROID_PHONE_QUEST_TEXTtext = "×"; font_dp = 13.999999046325684; glyphs = 1; alpha_masks = 1;
10-02 15:55:24.989 16832 16859 I event src/phone_quests.rs:93: ANDROID_PHONE_QUEST_TEXTtext = "任务列表: 1/20"; font_dp = 13.999999046325684; glyphs = 10; alpha_masks = 10;
10-02 15:55:24.989 16832 16859 I event src/phone_quests.rs:93: ANDROID_PHONE_QUEST_TEXTtext = "− Daily"; font_dp = 13.999999046325684; glyphs = 7; alpha_masks = 7;
10-02 15:55:24.989 16832 16859 I event src/phone_quests.rs:93: ANDROID_PHONE_QUEST_TEXTtext = "OFFLINE RECEIVED DAILY QUEST · 可交付\n0级 · Daily"; font_dp = 13.999999046325684; glyphs = 44; alpha_masks = 44;
10-02 15:55:24.989 16832 16859 I event src/phone_quests.rs:93: ANDROID_PHONE_QUEST_TEXTtext = "跟踪"; font_dp = 13.999999046325684; glyphs = 2; alpha_masks = 2;
10-02 15:55:24.989 16832 16859 I event src/phone_quests.rs:93: ANDROID_PHONE_QUEST_TEXTtext = "▲"; font_dp = 13.999999046325684; glyphs = 1; alpha_masks = 1;
10-02 15:55:24.989 16832 16859 I event src/phone_quests.rs:93: ANDROID_PHONE_QUEST_TEXTtext = "▼"; font_dp = 13.999999046325684; glyphs = 1; alpha_masks = 1;
10-02 15:55:24.989 16832 16859 I event src/phone_quests.rs:98: ANDROID_PHONE_QUEST_CONTROLsize_dp = Vec2(375.63635, 51.636364); center_dp = Vec2(493.27267, 193.09091);
10-02 15:55:24.989 16832 16859 I event src/phone_quests.rs:98: ANDROID_PHONE_QUEST_CONTROLsize_dp = Vec2(48.0, 48.0); center_dp = Vec2(665.0909, 47.999977);
10-02 15:55:24.989 16832 16859 I event src/phone_quests.rs:98: ANDROID_PHONE_QUEST_CONTROLsize_dp = Vec2(375.63635, 48.0); center_dp = Vec2(493.27267, 135.27272);
10-02 15:55:24.989 16832 16859 I event src/phone_quests.rs:98: ANDROID_PHONE_QUEST_CONTROLsize_dp = Vec2(375.63635, 48.0); center_dp = Vec2(493.27267, 251.27272);
10-02 15:55:24.989 16832 16859 I event src/phone_quests.rs:98: ANDROID_PHONE_QUEST_CONTROLsize_dp = Vec2(192.0, 48.0); center_dp = Vec2(393.4545, 344.7273);
10-02 15:55:24.989 16832 16859 I event src/phone_quests.rs:98: ANDROID_PHONE_QUEST_CONTROLsize_dp = Vec2(191.63637, 48.0); center_dp = Vec2(593.2727, 344.7273);
10-02 15:55:24.989 16832 16859 I event src/phone_quests.rs:102: ANDROID_PHONE_QUEST_SCROLLsize_dp = Vec2(391.63635, 236.36363); content_dp = Vec2(391.63635, 236.36363); offset = Vec2(0.0, 0.0);
10-02 15:55:24.989 16832 16854 I RustStdoutStderr: [2m2026-10-02T07:55:24.989018Z[0m [32m INFO[0m [2mmir2_platform_android::phone_hud[0m[2m:[0m ANDROID_PHONE_TEXT_LAYOUT [3mfont[0m[2m=[0mTextFont { font: SystemUi, font_size: Px(23.466667), weight: FontWeight(400), width: FontWidth(1.0), style: Normal, font_smoothing: AntiAliased, font_features: FontFeatures { features: [] }, font_variations: FontVariations { variations: [] } } [3mcolor[0m[2m=[0mTextColor(Srgba(Srgba { red: 0.96, green: 0.85, blue: 0.61, alpha: 1.0 })) [3mglyph_masks[0m[2m=[0m[true, true, true, true]
10-02 15:55:24.989 16832 16854 I RustStdoutStderr: [2m2026-10-02T07:55:24.989110Z[0m [32m INFO[0m [2mmir2_platform_android::phone_quests[0m[2m:[0m ANDROID_PHONE_QUEST_TEXT [3mtext[0m[2m=[0m"×" [3mfont_dp[0m[2m=[0m13.999999046325684 [3mglyphs[0m[2m=[0m1 [3malpha_masks[0m[2m=[0m1
10-02 15:55:24.989 16832 16854 I RustStdoutStderr: [2m2026-10-02T07:55:24.989119Z[0m [32m INFO[0m [2mmir2_platform_android::phone_quests[0m[2m:[0m ANDROID_PHONE_QUEST_TEXT [3mtext[0m[2m=[0m"任务列表: 1/20" [3mfont_dp[0m[2m=[0m13.999999046325684 [3mglyphs[0m[2m=[0m10 [3malpha_masks[0m[2m=[0m10
10-02 15:55:24.989 16832 16854 I RustStdoutStderr: [2m2026-10-02T07:55:24.989125Z[0m [32m INFO[0m [2mmir2_platform_android::phone_quests[0m[2m:[0m ANDROID_PHONE_QUEST_TEXT [3mtext[0m[2m=[0m"− Daily" [3mfont_dp[0m[2m=[0m13.999999046325684 [3mglyphs[0m[2m=[0m7 [3malpha_masks[0m[2m=[0m7
10-02 15:55:24.989 16832 16854 I RustStdoutStderr: [2m2026-10-02T07:55:24.989129Z[0m [32m INFO[0m [2mmir2_platform_android::phone_quests[0m[2m:[0m ANDROID_PHONE_QUEST_TEXT [3mtext[0m[2m=[0m"OFFLINE RECEIVED DAILY QUEST · 可交付\n0级 · Daily" [3mfont_dp[0m[2m=[0m13.999999046325684 [3mglyphs[0m[2m=[0m44 [3malpha_masks[0m[2m=[0m44
10-02 15:55:24.989 16832 16854 I RustStdoutStderr: [2m2026-10-02T07:55:24.989134Z[0m [32m INFO[0m [2mmir2_platform_android::phone_quests[0m[2m:[0m ANDROID_PHONE_QUEST_TEXT [3mtext[0m[2m=[0m"跟踪" [3mfont_dp[0m[2m=[0m13.999999046325684 [3mglyphs[0m[2m=[0m2 [3malpha_masks[0m[2m=[0m2
10-02 15:55:24.989 16832 16854 I RustStdoutStderr: [2m2026-10-02T07:55:24.989138Z[0m [32m INFO[0m [2mmir2_platform_android::phone_quests[0m[2m:[0m ANDROID_PHONE_QUEST_TEXT [3mtext[0m[2m=[0m"▲" [3mfont_dp[0m[2m=[0m13.999999046325684 [3mglyphs[0m[2m=[0m1 [3malpha_masks[0m[2m=[0m1
10-02 15:55:24.989 16832 16854 I RustStdoutStderr: [2m2026-10-02T07:55:24.989142Z[0m [32m INFO[0m [2mmir2_platform_android::phone_quests[0m[2m:[0m ANDROID_PHONE_QUEST_TEXT [3mtext[0m[2m=[0m"▼" [3mfont_dp[0m[2m=[0m13.999999046325684 [3mglyphs[0m[2m=[0m1 [3malpha_masks[0m[2m=[0m1
10-02 15:55:24.989 16832 16854 I RustStdoutStderr: [2m2026-10-02T07:55:24.989147Z[0m [32m INFO[0m [2mmir2_platform_android::phone_quests[0m[2m:[0m ANDROID_PHONE_QUEST_CONTROL [3msize_dp[0m[2m=[0mVec2(375.63635, 51.636364) [3mcenter_dp[0m[2m=[0mVec2(493.27267, 193.09091)
10-02 15:55:24.989 16832 16854 I RustStdoutStderr: [2m2026-10-02T07:55:24.989153Z[0m [32m INFO[0m [2mmir2_platform_android::phone_quests[0m[2m:[0m ANDROID_PHONE_QUEST_CONTROL [3msize_dp[0m[2m=[0mVec2(48.0, 48.0) [3mcenter_dp[0m[2m=[0mVec2(665.0909, 47.999977)
10-02 15:55:24.989 16832 16854 I RustStdoutStderr: [2m2026-10-02T07:55:24.989156Z[0m [32m INFO[0m [2mmir2_platform_android::phone_quests[0m[2m:[0m ANDROID_PHONE_QUEST_CONTROL [3msize_dp[0m[2m=[0mVec2(375.63635, 48.0) [3mcenter_dp[0m[2m=[0mVec2(493.27267, 135.27272)
10-02 15:55:24.989 16832 16854 I RustStdoutStderr: [2m2026-10-02T07:55:24.989159Z[0m [32m INFO[0m [2mmir2_platform_android::phone_quests[0m[2m:[0m ANDROID_PHONE_QUEST_CONTROL [3msize_dp[0m[2m=[0mVec2(375.63635, 48.0) [3mcenter_dp[0m[2m=[0mVec2(493.27267, 251.27272)
10-02 15:55:24.989 16832 16854 I RustStdoutStderr: [2m2026-10-02T07:55:24.989163Z[0m [32m INFO[0m [2mmir2_platform_android::phone_quests[0m[2m:[0m ANDROID_PHONE_QUEST_CONTROL [3msize_dp[0m[2m=[0mVec2(192.0, 48.0) [3mcenter_dp[0m[2m=[0mVec2(393.4545, 344.7273)
10-02 15:55:24.989 16832 16854 I RustStdoutStderr: [2m2026-10-02T07:55:24.989166Z[0m [32m INFO[0m [2mmir2_platform_android::phone_quests[0m[2m:[0m ANDROID_PHONE_QUEST_CONTROL [3msize_dp[0m[2m=[0mVec2(191.63637, 48.0) [3mcenter_dp[0m[2m=[0mVec2(593.2727, 344.7273)
10-02 15:55:24.989 16832 16854 I RustStdoutStderr: [2m2026-10-02T07:55:24.989169Z[0m [32m INFO[0m [2mmir2_platform_android::phone_quests[0m[2m:[0m ANDROID_PHONE_QUEST_SCROLL [3msize_dp[0m[2m=[0mVec2(391.63635, 236.36363) [3mcontent_dp[0m[2m=[0mVec2(391.63635, 236.36363) [3moffset[0m[2m=[0mVec2(0.0, 0.0)
10-02 15:55:25.525 16832 16855 D EGL_emulation: app_time_stats: avg=11.41ms min=10.57ms max=13.45ms count=61
10-02 15:55:26.542 16832 16855 D EGL_emulation: app_time_stats: avg=11.31ms min=10.59ms max=12.89ms count=61
