--------- beginning of main
10-02 15:55:12.706 16740 16740 I .web3.uiprevie: Late-enabling -Xcheck:jni
10-02 15:55:12.740 16740 16740 D CompatibilityChangeReporter: Compat change id reported: 171979766; UID 10146; state: ENABLED
10-02 15:55:12.774 16740 16740 V GraphicsEnvironment: ANGLE Developer option for 'com.mir2.web3.uipreview' set to: 'default'
10-02 15:55:12.774 16740 16740 V GraphicsEnvironment: Neither updatable production driver nor prerelease driver is supported.
10-02 15:55:12.774 16740 16740 D NetworkSecurityConfig: No Network Security Config specified, using platform default
10-02 15:55:12.775 16740 16740 D NetworkSecurityConfig: No Network Security Config specified, using platform default
10-02 15:55:12.804 16740 16761 D libEGL  : loaded /vendor/lib64/egl/libEGL_emulation.so
10-02 15:55:12.804 16740 16761 D libEGL  : loaded /vendor/lib64/egl/libGLESv1_CM_emulation.so
10-02 15:55:12.805 16740 16761 D libEGL  : loaded /vendor/lib64/egl/libGLESv2_emulation.so
10-02 15:55:12.831 16740 16740 D AppCompatDelegate: Checking for metadata for AppLocalesMetadataHolderService : Service not found
10-02 15:55:12.839 16740 16740 D gti.InputConnection: InputConnection created
10-02 15:55:12.841 16740 16740 D gti.InputConnection: setEditorInfo
10-02 15:55:12.843 16740 16740 W .web3.uiprevie: Accessing hidden method Landroid/view/ViewGroup;->makeOptionalFitsSystemWindows()V (unsupported, reflection, allowed)
10-02 15:55:12.844 16740 16740 I GameActivity: Looking for library libmir2_platform_android.so
10-02 15:55:12.844 16740 16740 I GameActivity: Found library libmir2_platform_android.so. Loading...
10-02 15:55:12.845 16740 16740 D GameActivity: GameActivity_register
10-02 15:55:12.846 16740 16740 V GameActivity: Registering com/google/androidgamesdk/GameActivity's 24 native methods...
10-02 15:55:12.846 16740 16740 D GameActivity: SDK version: 31
10-02 15:55:12.846 16740 16740 I android-activity: Creating: Activity = 0x1696, saved state size = 0
10-02 15:55:12.850 16740 16740 V threaded_app: Creating: 0xb4000075358437b0
10-02 15:55:12.850 16740 16740 V threaded_app: Callbacks set: 0xb400007535843800
10-02 15:55:12.850 16740 16740 V threaded_app: Launching android_app_entry in a thread
10-02 15:55:12.850 16740 16763 V threaded_app: android_app_entry called
10-02 15:55:12.850 16740 16763 V threaded_app: android_app = 0xb400007515845590
10-02 15:55:12.850 16740 16763 V threaded_app: config = 0xb400007485850d80
10-02 15:55:12.850 16740 16763 V threaded_app: activity = 0xb4000075358437b0
10-02 15:55:12.850 16740 16763 V threaded_app: assetmanager = 0xb400007535841550
10-02 15:55:12.850 16740 16763 V threaded_app: Config: mcc=310 mnc=260 lang=en cnt=US orien=2 touch=3 dens=440 keys=2 nav=2 keysHid=1 navHid=0 sdk=31 size=2 long=2 modetype=1 modenight=1
10-02 15:55:12.867 16740 16763 D HostConnection: createUnique: call
10-02 15:55:12.867 16740 16763 D HostConnection: HostConnection::get() New Host Connection established 0xb4000074d5837690, tid 16763
10-02 15:55:12.869 16740 16763 D HostConnection: HostComposition ext ANDROID_EMU_CHECKSUM_HELPER_v1 ANDROID_EMU_native_sync_v2 ANDROID_EMU_native_sync_v3 ANDROID_EMU_native_sync_v4 ANDROID_EMU_dma_v1 ANDROID_EMU_direct_mem ANDROID_EMU_host_composition_v1 ANDROID_EMU_host_composition_v2 ANDROID_EMU_vulkan ANDROID_EMU_deferred_vulkan_commands ANDROID_EMU_vulkan_null_optional_strings ANDROID_EMU_vulkan_create_resources_with_requirements ANDROID_EMU_YUV_Cache ANDROID_EMU_vulkan_ignored_handles ANDROID_EMU_has_shared_slots_host_memory_allocator ANDROID_EMU_vulkan_free_memory_sync ANDROID_EMU_vulkan_shader_float16_int8 ANDROID_EMU_vulkan_async_queue_submit ANDROID_EMU_vulkan_queue_submit_with_commands ANDROID_EMU_sync_buffer_data ANDROID_EMU_vulkan_async_qsri ANDROID_EMU_read_color_buffer_dma ANDROID_EMU_hwc_color_transform GL_OES_EGL_image_external_essl3 GL_OES_vertex_array_object ANDROID_EMU_host_side_tracing ANDROID_EMU_gles_max_version_3_0 
10-02 15:55:12.871 16740 16763 D EGL_emulation: eglCreateContext: 0xb4000074d5838290: maj 3 min 0 rcv 3
10-02 15:55:12.872 16740 16763 D EGL_emulation: eglMakeCurrent: 0xb4000074d5838290: ver 3 0 (tinfo 0x76fbc37080) (first time)
10-02 15:55:12.887 16740 16763 I event /Users/henryliu/obelisk/numeron-worktrees/android-shared-sync/mir2-web3/third_party/bevyAdapterInfo { name: "Android Emulator OpenGL ES Translator (Apple M1 Max)", vendor: 4203, device: 0, device_type: IntegratedGpu, device_pci_bus_id: "", driver: "", driver_info: "OpenGL ES 3.0 (4.1 Metal - 89.4)", backend: Gl, subgroup_min_size: 4, subgroup_max_size: 128, transient_saves_memory: false }
10-02 15:55:12.887 16740 16762 I RustStdoutStderr: [2m2026-10-02T07:55:12.887377Z[0m [32m INFO[0m [2mbevy_render::renderer[0m[2m:[0m AdapterInfo { name: "Android Emulator OpenGL ES Translator (Apple M1 Max)", vendor: 4203, device: 0, device_type: IntegratedGpu, device_pci_bus_id: "", driver: "", driver_info: "OpenGL ES 3.0 (4.1 Metal - 89.4)", backend: Gl, subgroup_min_size: 4, subgroup_max_size: 128, transient_saves_memory: false }
10-02 15:55:12.892 16740 16740 V GameActivity: onStart_native
10-02 15:55:12.892 16740 16740 V threaded_app: Start: 0xb4000075358437b0
10-02 15:55:12.953 16740 16763 I event /Users/henryliu/obelisk/numeron-worktrees/android-shared-sync/mir2-web3/third_party/bevySparse buffer updates disabled. RenderDevice lacks support: max_storage_buffers_per_shader_stage (0) < 3.
10-02 15:55:12.953 16740 16763 W event /Users/henryliu/.cargo/registry/src/index.crates.io-1949cf8c6b5b557f/bevy_core_pipeline-OrderIndependentTransparencyPlugin not loaded. GPU lacks support: DownlevelFlags::FRAGMENT_WRITABLE_STORAGE.
10-02 15:55:12.953 16740 16763 W event /Users/henryliu/.cargo/registry/src/index.crates.io-1949cf8c6b5b557f/bevy_core_pipeline-BackgroundMotionVectorsPlugin not loaded. GPU lacks support for required downlevel capability flags: DownlevelFlags(INDEPENDENT_BLEND).
10-02 15:55:12.953 16740 16762 I RustStdoutStderr: [2m2026-10-02T07:55:12.953557Z[0m [32m INFO[0m [2mbevy_render::render_resource::sparse_buffer_vec[0m[2m:[0m Sparse buffer updates disabled. RenderDevice lacks support: max_storage_buffers_per_shader_stage (0) < 3.
10-02 15:55:12.953 16740 16762 I RustStdoutStderr: [2m2026-10-02T07:55:12.953712Z[0m [33m WARN[0m [2mbevy_core_pipeline::oit::resolve[0m[2m:[0m OrderIndependentTransparencyPlugin not loaded. GPU lacks support: DownlevelFlags::FRAGMENT_WRITABLE_STORAGE.
10-02 15:55:12.953 16740 16762 I RustStdoutStderr: [2m2026-10-02T07:55:12.953759Z[0m [33m WARN[0m [2mbevy_core_pipeline::prepass::background_motion_vectors[0m[2m:[0m BackgroundMotionVectorsPlugin not loaded. GPU lacks support for required downlevel capability flags: DownlevelFlags(INDEPENDENT_BLEND).
10-02 15:55:13.003 16740 16762 I RustStdoutStderr: [2m2026-10-02T07:55:13.003349Z[0m [32m INFO[0m [2mbevy_render::batching::gpu_preprocessing[0m[2m:[0m GPU preprocessing is not supported on this device. Falling back to CPU preprocessing.
10-02 15:55:13.003 16740 16763 I event /Users/henryliu/obelisk/numeron-worktrees/android-shared-sync/mir2-web3/third_party/bevyGPU preprocessing is not supported on this device. Falling back to CPU preprocessing.
10-02 15:55:13.026 16740 16763 V threaded_app: activityState=11
10-02 15:55:13.026 16740 16762 I RustStdoutStderr: [2m2026-10-02T07:55:13.026906Z[0m [33m WARN[0m [2mwinit::platform_impl::android[0m[2m:[0m TODO: forward onStart notification to application
10-02 15:55:13.026 16740 16763 W event /Users/henryliu/.cargo/registry/src/index.crates.io-1949cf8c6b5b557f/winit-0.30.13/src/pTODO: forward onStart notification to application
10-02 15:55:13.027 16740 16740 V threaded_app: Resume: 0xb4000075358437b0
10-02 15:55:13.027 16740 16763 V threaded_app: activityState=12
10-02 15:55:13.037 16740 16740 V GameActivity: onImeInsetsChanged from Text Listener
10-02 15:55:13.037 16740 16740 V threaded_app: WindowInsetsChanged: 0xb4000075358437b0
10-02 15:55:13.039 16740 16762 I RustStdoutStderr: [2m2026-10-02T07:55:13.039006Z[0m [33m WARN[0m [2mwinit::platform_impl::android[0m[2m:[0m TODO: handle Android InsetsChanged notification
10-02 15:55:13.039 16740 16763 W event /Users/henryliu/.cargo/registry/src/index.crates.io-1949cf8c6b5b557f/winit-0.30.13/src/pTODO: handle Android InsetsChanged notification
10-02 15:55:13.044 16740 16759 D HostConnection: createUnique: call
10-02 15:55:13.044 16740 16759 D HostConnection: HostConnection::get() New Host Connection established 0xb4000074d5854e50, tid 16759
10-02 15:55:13.045 16740 16740 V threaded_app: ContentRectChanged: 0xb4000075358437b0 -- (0 0) (2340 1080)
10-02 15:55:13.045 16740 16762 I RustStdoutStderr: [2m2026-10-02T07:55:13.045535Z[0m [33m WARN[0m [2mwinit::platform_impl::android[0m[2m:[0m TODO: find a way to notify application of content rect change
10-02 15:55:13.045 16740 16763 W event /Users/henryliu/.cargo/registry/src/index.crates.io-1949cf8c6b5b557f/winit-0.30.13/src/pTODO: find a way to notify application of content rect change
10-02 15:55:13.045 16740 16740 V GameActivity: onSurfaceCreated_native
10-02 15:55:13.045 16740 16740 V threaded_app: NativeWindowCreated: 0xb4000075358437b0 -- 0xb4000075c588cae0
10-02 15:55:13.045 16740 16740 V threaded_app: android_app_set_window called
10-02 15:55:13.046 16740 16763 V threaded_app: APP_CMD_INIT_WINDOW
10-02 15:55:13.046 16740 16762 I RustStdoutStderr: [2m2026-10-02T07:55:13.046300Z[0m [32m INFO[0m [2mbevy_winit::system[0m[2m:[0m Creating new window mir2-web3 (android) (105v0)
10-02 15:55:13.046 16740 16763 I event /Users/henryliu/.cargo/registry/src/index.crates.io-1949cf8c6b5b557f/bevy_winit-0.19.0/sCreating new window mir2-web3 (android) (105v0)
10-02 15:55:13.046 16740 16740 V threaded_app: NativeWindowResized: 0xb4000075358437b0 -- 0xb4000075c588cae0 ( 2340 x 1080 )
10-02 15:55:13.046 16740 16740 V threaded_app: NativeWindowRedrawNeeded: 0xb4000075358437b0 -- 0xb4000075c588cae0
10-02 15:55:13.050 16740 16759 D HostConnection: HostComposition ext ANDROID_EMU_CHECKSUM_HELPER_v1 ANDROID_EMU_native_sync_v2 ANDROID_EMU_native_sync_v3 ANDROID_EMU_native_sync_v4 ANDROID_EMU_dma_v1 ANDROID_EMU_direct_mem ANDROID_EMU_host_composition_v1 ANDROID_EMU_host_composition_v2 ANDROID_EMU_vulkan ANDROID_EMU_deferred_vulkan_commands ANDROID_EMU_vulkan_null_optional_strings ANDROID_EMU_vulkan_create_resources_with_requirements ANDROID_EMU_YUV_Cache ANDROID_EMU_vulkan_ignored_handles ANDROID_EMU_has_shared_slots_host_memory_allocator ANDROID_EMU_vulkan_free_memory_sync ANDROID_EMU_vulkan_shader_float16_int8 ANDROID_EMU_vulkan_async_queue_submit ANDROID_EMU_vulkan_queue_submit_with_commands ANDROID_EMU_sync_buffer_data ANDROID_EMU_vulkan_async_qsri ANDROID_EMU_read_color_buffer_dma ANDROID_EMU_hwc_color_transform GL_OES_EGL_image_external_essl3 GL_OES_vertex_array_object ANDROID_EMU_host_side_tracing ANDROID_EMU_gles_max_version_3_0 
10-02 15:55:13.050 16740 16759 W OpenGLRenderer: Failed to choose config with EGL_SWAP_BEHAVIOR_PRESERVED, retrying without...
10-02 15:55:13.050 16740 16759 W OpenGLRenderer: Failed to initialize 101010-2 format, error = EGL_SUCCESS
10-02 15:55:13.051 16740 16759 D EGL_emulation: eglCreateContext: 0xb4000074d5854b50: maj 3 min 0 rcv 3
10-02 15:55:13.051 16740 16759 D EGL_emulation: eglMakeCurrent: 0xb4000074d5854b50: ver 3 0 (tinfo 0x76fbc37100) (first time)
10-02 15:55:13.054 16740 16759 I Gralloc4: mapper 4.x is not supported
10-02 15:55:13.058 16740 16759 D HostConnection: createUnique: call
10-02 15:55:13.059 16740 16759 D HostConnection: HostConnection::get() New Host Connection established 0xb4000074d583f790, tid 16759
10-02 15:55:13.059 16740 16759 D goldfish-address-space: allocate: Ask for block of size 0x100
10-02 15:55:13.059 16740 16759 D goldfish-address-space: allocate: ioctl allocate returned offset 0x1efff8000 size 0x8000
10-02 15:55:13.059 16740 16759 W Gralloc4: allocator 4.x is not supported
10-02 15:55:13.063 16740 16759 D HostConnection: HostComposition ext ANDROID_EMU_CHECKSUM_HELPER_v1 ANDROID_EMU_native_sync_v2 ANDROID_EMU_native_sync_v3 ANDROID_EMU_native_sync_v4 ANDROID_EMU_dma_v1 ANDROID_EMU_direct_mem ANDROID_EMU_host_composition_v1 ANDROID_EMU_host_composition_v2 ANDROID_EMU_vulkan ANDROID_EMU_deferred_vulkan_commands ANDROID_EMU_vulkan_null_optional_strings ANDROID_EMU_vulkan_create_resources_with_requirements ANDROID_EMU_YUV_Cache ANDROID_EMU_vulkan_ignored_handles ANDROID_EMU_has_shared_slots_host_memory_allocator ANDROID_EMU_vulkan_free_memory_sync ANDROID_EMU_vulkan_shader_float16_int8 ANDROID_EMU_vulkan_async_queue_submit ANDROID_EMU_vulkan_queue_submit_with_commands ANDROID_EMU_sync_buffer_data ANDROID_EMU_vulkan_async_qsri ANDROID_EMU_read_color_buffer_dma ANDROID_EMU_hwc_color_transform GL_OES_EGL_image_external_essl3 GL_OES_vertex_array_object ANDROID_EMU_host_side_tracing ANDROID_EMU_gles_max_version_3_0 
10-02 15:55:13.080 16740 16740 V threaded_app: WindowFocusChanged: 0xb4000075358437b0 -- 1
10-02 15:55:13.097 16740 16740 V GameActivity: onImeInsetsChanged from Text Listener
10-02 15:55:13.097 16740 16740 V threaded_app: WindowInsetsChanged: 0xb4000075358437b0
10-02 15:55:13.104 16740 16763 I event /Users/henryliu/obelisk/numeron-worktrees/android-shared-sync/mir2-web3/third_party/bevyMIR2_ANDROID_SURFACE_CONFIG_PROBE reason=initial format=Rgba8Unorm size=3520x1980
10-02 15:55:13.104 16740 16762 I RustStdoutStderr: [2m2026-10-02T07:55:13.104646Z[0m [32m INFO[0m [2mbevy_render::view::window[0m[2m:[0m MIR2_ANDROID_SURFACE_CONFIG_PROBE reason=initial format=Rgba8Unorm size=3520x1980
10-02 15:55:13.105 16740 16763 I event /Users/henryliu/obelisk/numeron-worktrees/android-shared-sync/mir2-web3/third_party/bevyMIR2_ANDROID_SURFACE_ATTACHMENT_PROBE frame=0 raw=3 live=true internal=0x8058 size=3520x1980 samples=0 expected=Rgba8Unorm
10-02 15:55:13.105 16740 16762 I RustStdoutStderr: [2m2026-10-02T07:55:13.105123Z[0m [32m INFO[0m [2mbevy_render::view::window[0m[2m:[0m MIR2_ANDROID_SURFACE_ATTACHMENT_PROBE frame=0 raw=3 live=true internal=0x8058 size=3520x1980 samples=0 expected=Rgba8Unorm
10-02 15:55:13.113 16740 16740 V GameActivity: onImeInsetsChanged from Text Listener
10-02 15:55:13.113 16740 16740 V threaded_app: WindowInsetsChanged: 0xb4000075358437b0
10-02 15:55:13.146 16740 16763 I event /Users/henryliu/obelisk/numeron-worktrees/android-shared-sync/mir2-web3/third_party/bevyMIR2_ANDROID_SURFACE_CONFIG_PROBE reason=resize_or_present_mode format=Rgba8Unorm size=2340x1080
10-02 15:55:13.147 16740 16762 I RustStdoutStderr: [2m2026-10-02T07:55:13.146896Z[0m [32m INFO[0m [2mbevy_render::view::window[0m[2m:[0m MIR2_ANDROID_SURFACE_CONFIG_PROBE reason=resize_or_present_mode format=Rgba8Unorm size=2340x1080
10-02 15:55:13.167 16740 16763 I event src/item_geometry.rs:127: ANDROID_ITEM_GEOMETRY_READYitems = 1003; state_items = 2380; sources = [("original-ui/Items/meta.json", "ec0eca414ac6c34e17a218f0ed4396f30607c2485482f8760af7706acddcedfe"), ("original-ui/StateItem/meta.json", "7d812a76e9a54b1d0535968a8c21ee2064577e7012572daf79b242221ca72e9a")];
10-02 15:55:13.168 16740 16762 I RustStdoutStderr: [2m2026-10-02T07:55:13.167923Z[0m [32m INFO[0m [2mmir2_platform_android::item_geometry[0m[2m:[0m ANDROID_ITEM_GEOMETRY_READY [3mitems[0m[2m=[0m1003 [3mstate_items[0m[2m=[0m2380 [3msources[0m[2m=[0m[("original-ui/Items/meta.json", "ec0eca414ac6c34e17a218f0ed4396f30607c2485482f8760af7706acddcedfe"), ("original-ui/StateItem/meta.json", "7d812a76e9a54b1d0535968a8c21ee2064577e7012572daf79b242221ca72e9a")]
10-02 15:55:13.168 16740 16763 I event src/ui_preview.rs:1347: ANDROID_INVENTORY_INGRESS_OFFLINE queued owner42 bag12 equip2 sourceFrame30
10-02 15:55:13.168 16740 16763 I event src/ui_preview.rs:800: ANDROID_UI_PREVIEW_READY scene=world-render
10-02 15:55:13.168 16740 16762 I RustStdoutStderr: [2m2026-10-02T07:55:13.168290Z[0m [32m INFO[0m [2mmir2_platform_android::ui_preview[0m[2m:[0m ANDROID_INVENTORY_INGRESS_OFFLINE queued owner42 bag12 equip2 sourceFrame30
10-02 15:55:13.168 16740 16762 I RustStdoutStderr: [2m2026-10-02T07:55:13.168411Z[0m [32m INFO[0m [2mmir2_platform_android::ui_preview[0m[2m:[0m ANDROID_UI_PREVIEW_READY scene=world-render
10-02 15:55:13.187 16740 16763 W event /Users/henryliu/.cargo/registry/src/index.crates.io-1949cf8c6b5b557f/winit-0.30.13/src/pTODO: handle Android InsetsChanged notification
10-02 15:55:13.188 16740 16762 I RustStdoutStderr: [2m2026-10-02T07:55:13.187861Z[0m [33m WARN[0m [2mwinit::platform_impl::android[0m[2m:[0m TODO: handle Android InsetsChanged notification
10-02 15:55:13.219 16740 16763 I event /Users/henryliu/obelisk/numeron-worktrees/android-shared-sync/mir2-web3/third_party/bevyMIR2_ANDROID_SURFACE_ATTACHMENT_PROBE frame=0 raw=5 live=true internal=0x8058 size=2340x1080 samples=0 expected=Rgba8Unorm
10-02 15:55:13.219 16740 16762 I RustStdoutStderr: [2m2026-10-02T07:55:13.218972Z[0m [32m INFO[0m [2mbevy_render::view::window[0m[2m:[0m MIR2_ANDROID_SURFACE_ATTACHMENT_PROBE frame=0 raw=5 live=true internal=0x8058 size=2340x1080 samples=0 expected=Rgba8Unorm
10-02 15:55:13.236 16740 16763 I event /Users/henryliu/obelisk/numeron-worktrees/android-shared-sync/mir2-web3/third_party/bevyMIR2_ANDROID_VIEW_OUTPUT_PROBE frame=1 entity=178v0 current_surface_raw=5 has_camera=true has_view=true msaa=Some(Off) physical_target=Some(UVec2(2340, 1080)) output=Some("TextureView { inner: Renderbuffer { raw: NativeRenderbuffer(5) }, aspects: FormatAspects(COLOR), mip_levels: 0..1, array_layers: 0..1, format: Rgba8Unorm }")
10-02 15:55:13.236 16740 16762 I RustStdoutStderr: [2m2026-10-02T07:55:13.236504Z[0m [32m INFO[0m [2mbevy_render::view::window[0m[2m:[0m MIR2_ANDROID_VIEW_OUTPUT_PROBE frame=1 entity=178v0 current_surface_raw=5 has_camera=true has_view=true msaa=Some(Off) physical_target=Some(UVec2(2340, 1080)) output=Some("TextureView { inner: Renderbuffer { raw: NativeRenderbuffer(5) }, aspects: FormatAspects(COLOR), mip_levels: 0..1, array_layers: 0..1, format: Rgba8Unorm }")
10-02 15:55:13.239 16740 16763 D eglCodecCommon: checkFramebufferAttachmentCompleteness: rbo not color renderable. format: 0x0
10-02 15:55:13.239 16740 16763 D eglCodecCommon: checkFramebufferCompleteness: color attachment 0 not complete: 0x8cd6
10-02 15:55:13.239 16740 16763 E emuglGLESv2_enc: device/generic/goldfish-opengl/system/GLESv2_enc/GL2Encoder.cpp:s_glDrawElementsInstanced:4585 GL error 0x506 condition [ctx->m_state->checkFramebufferCompleteness(GL_FRAMEBUFFER) != GL_FRAMEBUFFER_COMPLETE]
10-02 15:55:13.246 16740 16763 W event /Users/henryliu/.cargo/registry/src/index.crates.io-1949cf8c6b5b557f/winit-0.30.13/src/pTODO: handle Android InsetsChanged notification
10-02 15:55:13.247 16740 16762 I RustStdoutStderr: [2m2026-10-02T07:55:13.246718Z[0m [33m WARN[0m [2mwinit::platform_impl::android[0m[2m:[0m TODO: handle Android InsetsChanged notification
10-02 15:55:13.268 16740 16763 I event /Users/henryliu/obelisk/numeron-worktrees/android-shared-sync/mir2-web3/third_party/bevyMIR2_ANDROID_SURFACE_ATTACHMENT_PROBE frame=1 raw=5 live=true internal=0x8058 size=2340x1080 samples=0 expected=Rgba8Unorm
10-02 15:55:13.268 16740 16762 I RustStdoutStderr: [2m2026-10-02T07:55:13.268726Z[0m [32m INFO[0m [2mbevy_render::view::window[0m[2m:[0m MIR2_ANDROID_SURFACE_ATTACHMENT_PROBE frame=1 raw=5 live=true internal=0x8058 size=2340x1080 samples=0 expected=Rgba8Unorm
10-02 15:55:13.270 16740 16763 I event /Users/henryliu/obelisk/numeron-worktrees/android-shared-sync/mir2-web3/third_party/bevyMIR2_ANDROID_VIEW_OUTPUT_PROBE frame=2 entity=178v0 current_surface_raw=5 has_camera=true has_view=true msaa=Some(Off) physical_target=Some(UVec2(2340, 1080)) output=Some("TextureView { inner: Renderbuffer { raw: NativeRenderbuffer(5) }, aspects: FormatAspects(COLOR), mip_levels: 0..1, array_layers: 0..1, format: Rgba8Unorm }")
10-02 15:55:13.270 16740 16762 I RustStdoutStderr: [2m2026-10-02T07:55:13.270150Z[0m [32m INFO[0m [2mbevy_render::view::window[0m[2m:[0m MIR2_ANDROID_VIEW_OUTPUT_PROBE frame=2 entity=178v0 current_surface_raw=5 has_camera=true has_view=true msaa=Some(Off) physical_target=Some(UVec2(2340, 1080)) output=Some("TextureView { inner: Renderbuffer { raw: NativeRenderbuffer(5) }, aspects: FormatAspects(COLOR), mip_levels: 0..1, array_layers: 0..1, format: Rgba8Unorm }")
10-02 15:55:13.271 16740 16763 D eglCodecCommon: checkFramebufferAttachmentCompleteness: rbo not color renderable. format: 0x0
10-02 15:55:13.271 16740 16763 D eglCodecCommon: checkFramebufferCompleteness: color attachment 0 not complete: 0x8cd6
10-02 15:55:13.271 16740 16763 E emuglGLESv2_enc: device/generic/goldfish-opengl/system/GLESv2_enc/GL2Encoder.cpp:s_glDrawElementsInstanced:4585 GL error 0x506 condition [ctx->m_state->checkFramebufferCompleteness(GL_FRAMEBUFFER) != GL_FRAMEBUFFER_COMPLETE]
10-02 15:55:13.271 16740 16763 D eglCodecCommon: checkFramebufferAttachmentCompleteness: rbo not color renderable. format: 0x0
10-02 15:55:13.271 16740 16763 D eglCodecCommon: checkFramebufferCompleteness: color attachment 0 not complete: 0x8cd6
10-02 15:55:13.271 16740 16763 E emuglGLESv2_enc: device/generic/goldfish-opengl/system/GLESv2_enc/GL2Encoder.cpp:s_glDrawElementsInstanced:4585 GL error 0x506 condition [ctx->m_state->checkFramebufferCompleteness(GL_FRAMEBUFFER) != GL_FRAMEBUFFER_COMPLETE]
10-02 15:55:13.271 16740 16763 D eglCodecCommon: checkFramebufferAttachmentCompleteness: rbo not color renderable. format: 0x0
10-02 15:55:13.271 16740 16763 D eglCodecCommon: checkFramebufferCompleteness: color attachment 0 not complete: 0x8cd6
10-02 15:55:13.271 16740 16763 E emuglGLESv2_enc: device/generic/goldfish-opengl/system/GLESv2_enc/GL2Encoder.cpp:s_glDrawElementsInstanced:4585 GL error 0x506 condition [ctx->m_state->checkFramebufferCompleteness(GL_FRAMEBUFFER) != GL_FRAMEBUFFER_COMPLETE]
10-02 15:55:13.271 16740 16763 D eglCodecCommon: checkFramebufferAttachmentCompleteness: rbo not color renderable. format: 0x0
10-02 15:55:13.271 16740 16763 D eglCodecCommon: checkFramebufferCompleteness: color attachment 0 not complete: 0x8cd6
10-02 15:55:13.271 16740 16763 E emuglGLESv2_enc: device/generic/goldfish-opengl/system/GLESv2_enc/GL2Encoder.cpp:s_glDrawElementsInstanced:4585 GL error 0x506 condition [ctx->m_state->checkFramebufferCompleteness(GL_FRAMEBUFFER) != GL_FRAMEBUFFER_COMPLETE]
10-02 15:55:13.271 16740 16763 D eglCodecCommon: checkFramebufferAttachmentCompleteness: rbo not color renderable. format: 0x0
10-02 15:55:13.271 16740 16763 D eglCodecCommon: checkFramebufferCompleteness: color attachment 0 not complete: 0x8cd6
10-02 15:55:13.271 16740 16763 E emuglGLESv2_enc: device/generic/goldfish-opengl/system/GLESv2_enc/GL2Encoder.cpp:s_glDrawElementsInstanced:4585 GL error 0x506 condition [ctx->m_state->checkFramebufferCompleteness(GL_FRAMEBUFFER) != GL_FRAMEBUFFER_COMPLETE]
10-02 15:55:13.271 16740 16763 D eglCodecCommon: checkFramebufferAttachmentCompleteness: rbo not color renderable. format: 0x0
10-02 15:55:13.271 16740 16763 D eglCodecCommon: checkFramebufferCompleteness: color attachment 0 not complete: 0x8cd6
10-02 15:55:13.271 16740 16763 E emuglGLESv2_enc: device/generic/goldfish-opengl/system/GLESv2_enc/GL2Encoder.cpp:s_glDrawElementsInstanced:4585 GL error 0x506 condition [ctx->m_state->checkFramebufferCompleteness(GL_FRAMEBUFFER) != GL_FRAMEBUFFER_COMPLETE]
10-02 15:55:13.292 16740 16763 I event /Users/henryliu/obelisk/numeron-worktrees/android-shared-sync/mir2-web3/third_party/bevyMIR2_ANDROID_SURFACE_ATTACHMENT_PROBE frame=2 raw=5 live=true internal=0x8058 size=2340x1080 samples=0 expected=Rgba8Unorm
10-02 15:55:13.292 16740 16762 I RustStdoutStderr: [2m2026-10-02T07:55:13.292402Z[0m [32m INFO[0m [2mbevy_render::view::window[0m[2m:[0m MIR2_ANDROID_SURFACE_ATTACHMENT_PROBE frame=2 raw=5 live=true internal=0x8058 size=2340x1080 samples=0 expected=Rgba8Unorm
10-02 15:55:13.293 16740 16763 I event /Users/henryliu/obelisk/numeron-worktrees/android-shared-sync/mir2-web3/third_party/bevyMIR2_ANDROID_VIEW_OUTPUT_PROBE frame=3 entity=178v0 current_surface_raw=5 has_camera=true has_view=true msaa=Some(Off) physical_target=Some(UVec2(2340, 1080)) output=Some("TextureView { inner: Renderbuffer { raw: NativeRenderbuffer(5) }, aspects: FormatAspects(COLOR), mip_levels: 0..1, array_layers: 0..1, format: Rgba8Unorm }")
10-02 15:55:13.294 16740 16762 I RustStdoutStderr: [2m2026-10-02T07:55:13.293889Z[0m [32m INFO[0m [2mbevy_render::view::window[0m[2m:[0m MIR2_ANDROID_VIEW_OUTPUT_PROBE frame=3 entity=178v0 current_surface_raw=5 has_camera=true has_view=true msaa=Some(Off) physical_target=Some(UVec2(2340, 1080)) output=Some("TextureView { inner: Renderbuffer { raw: NativeRenderbuffer(5) }, aspects: FormatAspects(COLOR), mip_levels: 0..1, array_layers: 0..1, format: Rgba8Unorm }")
10-02 15:55:13.295 16740 16763 D eglCodecCommon: checkFramebufferAttachmentCompleteness: rbo not color renderable. format: 0x0
10-02 15:55:13.295 16740 16763 D eglCodecCommon: checkFramebufferCompleteness: color attachment 0 not complete: 0x8cd6
10-02 15:55:13.295 16740 16763 E emuglGLESv2_enc: device/generic/goldfish-opengl/system/GLESv2_enc/GL2Encoder.cpp:s_glDrawElementsInstanced:4585 GL error 0x506 condition [ctx->m_state->checkFramebufferCompleteness(GL_FRAMEBUFFER) != GL_FRAMEBUFFER_COMPLETE]
10-02 15:55:13.295 16740 16763 D eglCodecCommon: checkFramebufferAttachmentCompleteness: rbo not color renderable. format: 0x0
10-02 15:55:13.295 16740 16763 D eglCodecCommon: checkFramebufferCompleteness: color attachment 0 not complete: 0x8cd6
10-02 15:55:13.295 16740 16763 E emuglGLESv2_enc: device/generic/goldfish-opengl/system/GLESv2_enc/GL2Encoder.cpp:s_glDrawElementsInstanced:4585 GL error 0x506 condition [ctx->m_state->checkFramebufferCompleteness(GL_FRAMEBUFFER) != GL_FRAMEBUFFER_COMPLETE]
10-02 15:55:13.295 16740 16763 D eglCodecCommon: checkFramebufferAttachmentCompleteness: rbo not color renderable. format: 0x0
10-02 15:55:13.295 16740 16763 D eglCodecCommon: checkFramebufferCompleteness: color attachment 0 not complete: 0x8cd6
10-02 15:55:13.295 16740 16763 E emuglGLESv2_enc: device/generic/goldfish-opengl/system/GLESv2_enc/GL2Encoder.cpp:s_glDrawElementsInstanced:4585 GL error 0x506 condition [ctx->m_state->checkFramebufferCompleteness(GL_FRAMEBUFFER) != GL_FRAMEBUFFER_COMPLETE]
10-02 15:55:13.295 16740 16763 D eglCodecCommon: checkFramebufferAttachmentCompleteness: rbo not color renderable. format: 0x0
10-02 15:55:13.295 16740 16763 D eglCodecCommon: checkFramebufferCompleteness: color attachment 0 not complete: 0x8cd6
10-02 15:55:13.295 16740 16763 E emuglGLESv2_enc: device/generic/goldfish-opengl/system/GLESv2_enc/GL2Encoder.cpp:s_glDrawElementsInstanced:4585 GL error 0x506 condition [ctx->m_state->checkFramebufferCompleteness(GL_FRAMEBUFFER) != GL_FRAMEBUFFER_COMPLETE]
10-02 15:55:13.295 16740 16763 D eglCodecCommon: checkFramebufferAttachmentCompleteness: rbo not color renderable. format: 0x0
10-02 15:55:13.295 16740 16763 D eglCodecCommon: checkFramebufferCompleteness: color attachment 0 not complete: 0x8cd6
10-02 15:55:13.295 16740 16763 E emuglGLESv2_enc: device/generic/goldfish-opengl/system/GLESv2_enc/GL2Encoder.cpp:s_glDrawElementsInstanced:4585 GL error 0x506 condition [ctx->m_state->checkFramebufferCompleteness(GL_FRAMEBUFFER) != GL_FRAMEBUFFER_COMPLETE]
10-02 15:55:13.295 16740 16763 D eglCodecCommon: checkFramebufferAttachmentCompleteness: rbo not color renderable. format: 0x0
10-02 15:55:13.295 16740 16763 D eglCodecCommon: checkFramebufferCompleteness: color attachment 0 not complete: 0x8cd6
10-02 15:55:13.295 16740 16763 E emuglGLESv2_enc: device/generic/goldfish-opengl/system/GLESv2_enc/GL2Encoder.cpp:s_glDrawElementsInstanced:4585 GL error 0x506 condition [ctx->m_state->checkFramebufferCompleteness(GL_FRAMEBUFFER) != GL_FRAMEBUFFER_COMPLETE]
10-02 15:55:13.295 16740 16763 D eglCodecCommon: checkFramebufferAttachmentCompleteness: rbo not color renderable. format: 0x0
10-02 15:55:13.295 16740 16763 D eglCodecCommon: checkFramebufferCompleteness: color attachment 0 not complete: 0x8cd6
10-02 15:55:13.295 16740 16763 E emuglGLESv2_enc: device/generic/goldfish-opengl/system/GLESv2_enc/GL2Encoder.cpp:s_glDrawElementsInstanced:4585 GL error 0x506 condition [ctx->m_state->checkFramebufferCompleteness(GL_FRAMEBUFFER) != GL_FRAMEBUFFER_COMPLETE]
10-02 15:55:13.319 16740 16763 I event /Users/henryliu/obelisk/numeron-worktrees/android-shared-sync/mir2-web3/third_party/bevyMIR2_ANDROID_SURFACE_ATTACHMENT_PROBE frame=3 raw=5 live=true internal=0x8058 size=2340x1080 samples=0 expected=Rgba8Unorm
10-02 15:55:13.319 16740 16762 I RustStdoutStderr: [2m2026-10-02T07:55:13.319435Z[0m [32m INFO[0m [2mbevy_render::view::window[0m[2m:[0m MIR2_ANDROID_SURFACE_ATTACHMENT_PROBE frame=3 raw=5 live=true internal=0x8058 size=2340x1080 samples=0 expected=Rgba8Unorm
10-02 15:55:13.362 16740 16763 I event /Users/henryliu/obelisk/numeron-worktrees/android-shared-sync/mir2-web3/third_party/bevyMIR2_ANDROID_VIEW_OUTPUT_PROBE frame=4 entity=178v0 current_surface_raw=5 has_camera=true has_view=true msaa=Some(Off) physical_target=Some(UVec2(2340, 1080)) output=Some("TextureView { inner: Renderbuffer { raw: NativeRenderbuffer(5) }, aspects: FormatAspects(COLOR), mip_levels: 0..1, array_layers: 0..1, format: Rgba8Unorm }")
10-02 15:55:13.362 16740 16762 I RustStdoutStderr: [2m2026-10-02T07:55:13.362442Z[0m [32m INFO[0m [2mbevy_render::view::window[0m[2m:[0m MIR2_ANDROID_VIEW_OUTPUT_PROBE frame=4 entity=178v0 current_surface_raw=5 has_camera=true has_view=true msaa=Some(Off) physical_target=Some(UVec2(2340, 1080)) output=Some("TextureView { inner: Renderbuffer { raw: NativeRenderbuffer(5) }, aspects: FormatAspects(COLOR), mip_levels: 0..1, array_layers: 0..1, format: Rgba8Unorm }")
10-02 15:55:13.364 16740 16763 D eglCodecCommon: checkFramebufferAttachmentCompleteness: rbo not color renderable. format: 0x0
10-02 15:55:13.364 16740 16763 D eglCodecCommon: checkFramebufferCompleteness: color attachment 0 not complete: 0x8cd6
10-02 15:55:13.364 16740 16763 E emuglGLESv2_enc: device/generic/goldfish-opengl/system/GLESv2_enc/GL2Encoder.cpp:s_glDrawElementsInstanced:4585 GL error 0x506 condition [ctx->m_state->checkFramebufferCompleteness(GL_FRAMEBUFFER) != GL_FRAMEBUFFER_COMPLETE]
10-02 15:55:13.364 16740 16763 D eglCodecCommon: checkFramebufferAttachmentCompleteness: rbo not color renderable. format: 0x0
10-02 15:55:13.364 16740 16763 D eglCodecCommon: checkFramebufferCompleteness: color attachment 0 not complete: 0x8cd6
10-02 15:55:13.364 16740 16763 E emuglGLESv2_enc: device/generic/goldfish-opengl/system/GLESv2_enc/GL2Encoder.cpp:s_glDrawElementsInstanced:4585 GL error 0x506 condition [ctx->m_state->checkFramebufferCompleteness(GL_FRAMEBUFFER) != GL_FRAMEBUFFER_COMPLETE]
10-02 15:55:13.364 16740 16763 D eglCodecCommon: checkFramebufferAttachmentCompleteness: rbo not color renderable. format: 0x0
10-02 15:55:13.364 16740 16763 D eglCodecCommon: checkFramebufferCompleteness: color attachment 0 not complete: 0x8cd6
10-02 15:55:13.364 16740 16763 E emuglGLESv2_enc: device/generic/goldfish-opengl/system/GLESv2_enc/GL2Encoder.cpp:s_glDrawElementsInstanced:4585 GL error 0x506 condition [ctx->m_state->checkFramebufferCompleteness(GL_FRAMEBUFFER) != GL_FRAMEBUFFER_COMPLETE]
10-02 15:55:13.364 16740 16763 D eglCodecCommon: checkFramebufferAttachmentCompleteness: rbo not color renderable. format: 0x0
10-02 15:55:13.364 16740 16763 D eglCodecCommon: checkFramebufferCompleteness: color attachment 0 not complete: 0x8cd6
10-02 15:55:13.364 16740 16763 E emuglGLESv2_enc: device/generic/goldfish-opengl/system/GLESv2_enc/GL2Encoder.cpp:s_glDrawElementsInstanced:4585 GL error 0x506 condition [ctx->m_state->checkFramebufferCompleteness(GL_FRAMEBUFFER) != GL_FRAMEBUFFER_COMPLETE]
10-02 15:55:13.364 16740 16763 D eglCodecCommon: checkFramebufferAttachmentCompleteness: rbo not color renderable. format: 0x0
10-02 15:55:13.364 16740 16763 D eglCodecCommon: checkFramebufferCompleteness: color attachment 0 not complete: 0x8cd6
10-02 15:55:13.364 16740 16763 E emuglGLESv2_enc: device/generic/goldfish-opengl/system/GLESv2_enc/GL2Encoder.cpp:s_glDrawElementsInstanced:4585 GL error 0x506 condition [ctx->m_state->checkFramebufferCompleteness(GL_FRAMEBUFFER) != GL_FRAMEBUFFER_COMPLETE]
10-02 15:55:13.365 16740 16763 D eglCodecCommon: checkFramebufferAttachmentCompleteness: rbo not color renderable. format: 0x0
10-02 15:55:13.365 16740 16763 D eglCodecCommon: checkFramebufferCompleteness: color attachment 0 not complete: 0x8cd6
10-02 15:55:13.365 16740 16763 E emuglGLESv2_enc: device/generic/goldfish-opengl/system/GLESv2_enc/GL2Encoder.cpp:s_glDrawElementsInstanced:4585 GL error 0x506 condition [ctx->m_state->checkFramebufferCompleteness(GL_FRAMEBUFFER) != GL_FRAMEBUFFER_COMPLETE]
10-02 15:55:13.365 16740 16763 D eglCodecCommon: checkFramebufferAttachmentCompleteness: rbo not color renderable. format: 0x0
10-02 15:55:13.365 16740 16763 D eglCodecCommon: checkFramebufferCompleteness: color attachment 0 not complete: 0x8cd6
10-02 15:55:13.365 16740 16763 E emuglGLESv2_enc: device/generic/goldfish-opengl/system/GLESv2_enc/GL2Encoder.cpp:s_glDrawElementsInstanced:4585 GL error 0x506 condition [ctx->m_state->checkFramebufferCompleteness(GL_FRAMEBUFFER) != GL_FRAMEBUFFER_COMPLETE]
10-02 15:55:13.384 16740 16763 I event /Users/henryliu/obelisk/numeron-worktrees/android-shared-sync/mir2-web3/third_party/bevyMIR2_ANDROID_SURFACE_ATTACHMENT_PROBE frame=4 raw=5 live=true internal=0x8058 size=2340x1080 samples=0 expected=Rgba8Unorm
10-02 15:55:13.384 16740 16762 I RustStdoutStderr: [2m2026-10-02T07:55:13.384578Z[0m [32m INFO[0m [2mbevy_render::view::window[0m[2m:[0m MIR2_ANDROID_SURFACE_ATTACHMENT_PROBE frame=4 raw=5 live=true internal=0x8058 size=2340x1080 samples=0 expected=Rgba8Unorm
10-02 15:55:13.384 16740 16763 I event /Users/henryliu/obelisk/numeron-worktrees/android-shared-sync/mir2-web3/third_party/bevyMIR2_ANDROID_VIEW_OUTPUT_PROBE frame=5 entity=178v0 current_surface_raw=5 has_camera=true has_view=true msaa=Some(Off) physical_target=Some(UVec2(2340, 1080)) output=Some("TextureView { inner: Renderbuffer { raw: NativeRenderbuffer(5) }, aspects: FormatAspects(COLOR), mip_levels: 0..1, array_layers: 0..1, format: Rgba8Unorm }")
10-02 15:55:13.385 16740 16762 I RustStdoutStderr: [2m2026-10-02T07:55:13.384962Z[0m [32m INFO[0m [2mbevy_render::view::window[0m[2m:[0m MIR2_ANDROID_VIEW_OUTPUT_PROBE frame=5 entity=178v0 current_surface_raw=5 has_camera=true has_view=true msaa=Some(Off) physical_target=Some(UVec2(2340, 1080)) output=Some("TextureView { inner: Renderbuffer { raw: NativeRenderbuffer(5) }, aspects: FormatAspects(COLOR), mip_levels: 0..1, array_layers: 0..1, format: Rgba8Unorm }")
10-02 15:55:13.407 16740 16763 I event /Users/henryliu/obelisk/numeron-worktrees/android-shared-sync/mir2-web3/third_party/bevyMIR2_ANDROID_SURFACE_ATTACHMENT_PROBE frame=5 raw=5 live=true internal=0x8058 size=2340x1080 samples=0 expected=Rgba8Unorm
10-02 15:55:13.408 16740 16762 I RustStdoutStderr: [2m2026-10-02T07:55:13.407813Z[0m [32m INFO[0m [2mbevy_render::view::window[0m[2m:[0m MIR2_ANDROID_SURFACE_ATTACHMENT_PROBE frame=5 raw=5 live=true internal=0x8058 size=2340x1080 samples=0 expected=Rgba8Unorm
10-02 15:55:13.408 16740 16763 I event /Users/henryliu/obelisk/numeron-worktrees/android-shared-sync/mir2-web3/third_party/bevyMIR2_ANDROID_VIEW_OUTPUT_PROBE frame=6 entity=178v0 current_surface_raw=5 has_camera=true has_view=true msaa=Some(Off) physical_target=Some(UVec2(2340, 1080)) output=Some("TextureView { inner: Renderbuffer { raw: NativeRenderbuffer(5) }, aspects: FormatAspects(COLOR), mip_levels: 0..1, array_layers: 0..1, format: Rgba8Unorm }")
10-02 15:55:13.408 16740 16762 I RustStdoutStderr: [2m2026-10-02T07:55:13.408525Z[0m [32m INFO[0m [2mbevy_render::view::window[0m[2m:[0m MIR2_ANDROID_VIEW_OUTPUT_PROBE frame=6 entity=178v0 current_surface_raw=5 has_camera=true has_view=true msaa=Some(Off) physical_target=Some(UVec2(2340, 1080)) output=Some("TextureView { inner: Renderbuffer { raw: NativeRenderbuffer(5) }, aspects: FormatAspects(COLOR), mip_levels: 0..1, array_layers: 0..1, format: Rgba8Unorm }")
10-02 15:55:13.441 16740 16763 I event /Users/henryliu/obelisk/numeron-worktrees/android-shared-sync/mir2-web3/third_party/bevyMIR2_ANDROID_SURFACE_ATTACHMENT_PROBE frame=6 raw=5 live=true internal=0x8058 size=2340x1080 samples=0 expected=Rgba8Unorm
10-02 15:55:13.441 16740 16762 I RustStdoutStderr: [2m2026-10-02T07:55:13.441594Z[0m [32m INFO[0m [2mbevy_render::view::window[0m[2m:[0m MIR2_ANDROID_SURFACE_ATTACHMENT_PROBE frame=6 raw=5 live=true internal=0x8058 size=2340x1080 samples=0 expected=Rgba8Unorm
10-02 15:55:13.442 16740 16763 I event /Users/henryliu/obelisk/numeron-worktrees/android-shared-sync/mir2-web3/third_party/bevyMIR2_ANDROID_VIEW_OUTPUT_PROBE frame=7 entity=178v0 current_surface_raw=5 has_camera=true has_view=true msaa=Some(Off) physical_target=Some(UVec2(2340, 1080)) output=Some("TextureView { inner: Renderbuffer { raw: NativeRenderbuffer(5) }, aspects: FormatAspects(COLOR), mip_levels: 0..1, array_layers: 0..1, format: Rgba8Unorm }")
10-02 15:55:13.442 16740 16762 I RustStdoutStderr: [2m2026-10-02T07:55:13.442600Z[0m [32m INFO[0m [2mbevy_render::view::window[0m[2m:[0m MIR2_ANDROID_VIEW_OUTPUT_PROBE frame=7 entity=178v0 current_surface_raw=5 has_camera=true has_view=true msaa=Some(Off) physical_target=Some(UVec2(2340, 1080)) output=Some("TextureView { inner: Renderbuffer { raw: NativeRenderbuffer(5) }, aspects: FormatAspects(COLOR), mip_levels: 0..1, array_layers: 0..1, format: Rgba8Unorm }")
10-02 15:55:13.460 16740 16763 I event /Users/henryliu/obelisk/numeron-worktrees/android-shared-sync/mir2-web3/third_party/bevyMIR2_ANDROID_SURFACE_ATTACHMENT_PROBE frame=7 raw=5 live=true internal=0x8058 size=2340x1080 samples=0 expected=Rgba8Unorm
10-02 15:55:13.460 16740 16762 I RustStdoutStderr: [2m2026-10-02T07:55:13.460397Z[0m [32m INFO[0m [2mbevy_render::view::window[0m[2m:[0m MIR2_ANDROID_SURFACE_ATTACHMENT_PROBE frame=7 raw=5 live=true internal=0x8058 size=2340x1080 samples=0 expected=Rgba8Unorm
10-02 15:55:13.460 16740 16763 I event /Users/henryliu/obelisk/numeron-worktrees/android-shared-sync/mir2-web3/third_party/bevyMIR2_ANDROID_VIEW_OUTPUT_PROBE frame=8 entity=178v0 current_surface_raw=5 has_camera=true has_view=true msaa=Some(Off) physical_target=Some(UVec2(2340, 1080)) output=Some("TextureView { inner: Renderbuffer { raw: NativeRenderbuffer(5) }, aspects: FormatAspects(COLOR), mip_levels: 0..1, array_layers: 0..1, format: Rgba8Unorm }")
10-02 15:55:13.461 16740 16762 I RustStdoutStderr: [2m2026-10-02T07:55:13.460948Z[0m [32m INFO[0m [2mbevy_render::view::window[0m[2m:[0m MIR2_ANDROID_VIEW_OUTPUT_PROBE frame=8 entity=178v0 current_surface_raw=5 has_camera=true has_view=true msaa=Some(Off) physical_target=Some(UVec2(2340, 1080)) output=Some("TextureView { inner: Renderbuffer { raw: NativeRenderbuffer(5) }, aspects: FormatAspects(COLOR), mip_levels: 0..1, array_layers: 0..1, format: Rgba8Unorm }")
10-02 15:55:13.476 16740 16763 I event /Users/henryliu/obelisk/numeron-worktrees/android-shared-sync/mir2-web3/third_party/bevyMIR2_ANDROID_SURFACE_ATTACHMENT_PROBE frame=8 raw=5 live=true internal=0x8058 size=2340x1080 samples=0 expected=Rgba8Unorm
10-02 15:55:13.476 16740 16762 I RustStdoutStderr: [2m2026-10-02T07:55:13.476815Z[0m [32m INFO[0m [2mbevy_render::view::window[0m[2m:[0m MIR2_ANDROID_SURFACE_ATTACHMENT_PROBE frame=8 raw=5 live=true internal=0x8058 size=2340x1080 samples=0 expected=Rgba8Unorm
10-02 15:55:13.477 16740 16763 I event /Users/henryliu/obelisk/numeron-worktrees/android-shared-sync/mir2-web3/third_party/bevyMIR2_ANDROID_VIEW_OUTPUT_PROBE frame=9 entity=178v0 current_surface_raw=5 has_camera=true has_view=true msaa=Some(Off) physical_target=Some(UVec2(2340, 1080)) output=Some("TextureView { inner: Renderbuffer { raw: NativeRenderbuffer(5) }, aspects: FormatAspects(COLOR), mip_levels: 0..1, array_layers: 0..1, format: Rgba8Unorm }")
10-02 15:55:13.477 16740 16762 I RustStdoutStderr: [2m2026-10-02T07:55:13.477249Z[0m [32m INFO[0m [2mbevy_render::view::window[0m[2m:[0m MIR2_ANDROID_VIEW_OUTPUT_PROBE frame=9 entity=178v0 current_surface_raw=5 has_camera=true has_view=true msaa=Some(Off) physical_target=Some(UVec2(2340, 1080)) output=Some("TextureView { inner: Renderbuffer { raw: NativeRenderbuffer(5) }, aspects: FormatAspects(COLOR), mip_levels: 0..1, array_layers: 0..1, format: Rgba8Unorm }")
10-02 15:55:13.492 16740 16763 I event /Users/henryliu/obelisk/numeron-worktrees/android-shared-sync/mir2-web3/third_party/bevyMIR2_ANDROID_SURFACE_ATTACHMENT_PROBE frame=9 raw=5 live=true internal=0x8058 size=2340x1080 samples=0 expected=Rgba8Unorm
10-02 15:55:13.492 16740 16762 I RustStdoutStderr: [2m2026-10-02T07:55:13.492282Z[0m [32m INFO[0m [2mbevy_render::view::window[0m[2m:[0m MIR2_ANDROID_SURFACE_ATTACHMENT_PROBE frame=9 raw=5 live=true internal=0x8058 size=2340x1080 samples=0 expected=Rgba8Unorm
10-02 15:55:13.492 16740 16763 I event /Users/henryliu/obelisk/numeron-worktrees/android-shared-sync/mir2-web3/third_party/bevyMIR2_ANDROID_VIEW_OUTPUT_PROBE frame=10 entity=178v0 current_surface_raw=5 has_camera=true has_view=true msaa=Some(Off) physical_target=Some(UVec2(2340, 1080)) output=Some("TextureView { inner: Renderbuffer { raw: NativeRenderbuffer(5) }, aspects: FormatAspects(COLOR), mip_levels: 0..1, array_layers: 0..1, format: Rgba8Unorm }")
10-02 15:55:13.492 16740 16762 I RustStdoutStderr: [2m2026-10-02T07:55:13.492643Z[0m [32m INFO[0m [2mbevy_render::view::window[0m[2m:[0m MIR2_ANDROID_VIEW_OUTPUT_PROBE frame=10 entity=178v0 current_surface_raw=5 has_camera=true has_view=true msaa=Some(Off) physical_target=Some(UVec2(2340, 1080)) output=Some("TextureView { inner: Renderbuffer { raw: NativeRenderbuffer(5) }, aspects: FormatAspects(COLOR), mip_levels: 0..1, array_layers: 0..1, format: Rgba8Unorm }")
10-02 15:55:13.508 16740 16763 I event /Users/henryliu/obelisk/numeron-worktrees/android-shared-sync/mir2-web3/third_party/bevyMIR2_ANDROID_SURFACE_ATTACHMENT_PROBE frame=10 raw=5 live=true internal=0x8058 size=2340x1080 samples=0 expected=Rgba8Unorm
10-02 15:55:13.508 16740 16762 I RustStdoutStderr: [2m2026-10-02T07:55:13.508439Z[0m [32m INFO[0m [2mbevy_render::view::window[0m[2m:[0m MIR2_ANDROID_SURFACE_ATTACHMENT_PROBE frame=10 raw=5 live=true internal=0x8058 size=2340x1080 samples=0 expected=Rgba8Unorm
10-02 15:55:13.508 16740 16763 I event /Users/henryliu/obelisk/numeron-worktrees/android-shared-sync/mir2-web3/third_party/bevyMIR2_ANDROID_VIEW_OUTPUT_PROBE frame=11 entity=178v0 current_surface_raw=5 has_camera=true has_view=true msaa=Some(Off) physical_target=Some(UVec2(2340, 1080)) output=Some("TextureView { inner: Renderbuffer { raw: NativeRenderbuffer(5) }, aspects: FormatAspects(COLOR), mip_levels: 0..1, array_layers: 0..1, format: Rgba8Unorm }")
10-02 15:55:13.508 16740 16762 I RustStdoutStderr: [2m2026-10-02T07:55:13.508739Z[0m [32m INFO[0m [2mbevy_render::view::window[0m[2m:[0m MIR2_ANDROID_VIEW_OUTPUT_PROBE frame=11 entity=178v0 current_surface_raw=5 has_camera=true has_view=true msaa=Some(Off) physical_target=Some(UVec2(2340, 1080)) output=Some("TextureView { inner: Renderbuffer { raw: NativeRenderbuffer(5) }, aspects: FormatAspects(COLOR), mip_levels: 0..1, array_layers: 0..1, format: Rgba8Unorm }")
10-02 15:55:13.526 16740 16763 I event /Users/henryliu/obelisk/numeron-worktrees/android-shared-sync/mir2-web3/third_party/bevyMIR2_ANDROID_SURFACE_ATTACHMENT_PROBE frame=11 raw=5 live=true internal=0x8058 size=2340x1080 samples=0 expected=Rgba8Unorm
10-02 15:55:13.526 16740 16762 I RustStdoutStderr: [2m2026-10-02T07:55:13.526537Z[0m [32m INFO[0m [2mbevy_render::view::window[0m[2m:[0m MIR2_ANDROID_SURFACE_ATTACHMENT_PROBE frame=11 raw=5 live=true internal=0x8058 size=2340x1080 samples=0 expected=Rgba8Unorm
10-02 15:55:13.528 16740 16763 I event /Users/henryliu/obelisk/numeron-worktrees/android-shared-sync/mir2-web3/third_party/bevyMIR2_ANDROID_VIEW_OUTPUT_PROBE frame=12 entity=178v0 current_surface_raw=5 has_camera=true has_view=true msaa=Some(Off) physical_target=Some(UVec2(2340, 1080)) output=Some("TextureView { inner: Renderbuffer { raw: NativeRenderbuffer(5) }, aspects: FormatAspects(COLOR), mip_levels: 0..1, array_layers: 0..1, format: Rgba8Unorm }")
10-02 15:55:13.528 16740 16762 I RustStdoutStderr: [2m2026-10-02T07:55:13.528167Z[0m [32m INFO[0m [2mbevy_render::view::window[0m[2m:[0m MIR2_ANDROID_VIEW_OUTPUT_PROBE frame=12 entity=178v0 current_surface_raw=5 has_camera=true has_view=true msaa=Some(Off) physical_target=Some(UVec2(2340, 1080)) output=Some("TextureView { inner: Renderbuffer { raw: NativeRenderbuffer(5) }, aspects: FormatAspects(COLOR), mip_levels: 0..1, array_layers: 0..1, format: Rgba8Unorm }")
10-02 15:55:13.573 16740 16762 I RustStdoutStderr: [android-world-render] map_current=false map_live=0 map_missing=0 map_image_revision=25 entity_live=false entity_self_visible=false entity_layers=2
10-02 15:55:13.590 16740 16763 I event /Users/henryliu/obelisk/numeron-worktrees/android-shared-sync/mir2-web3/third_party/bevyMIR2_ANDROID_SURFACE_ATTACHMENT_PROBE frame=12 raw=5 live=true internal=0x8058 size=2340x1080 samples=0 expected=Rgba8Unorm
10-02 15:55:13.590 16740 16762 I RustStdoutStderr: [2m2026-10-02T07:55:13.590193Z[0m [32m INFO[0m [2mbevy_render::view::window[0m[2m:[0m MIR2_ANDROID_SURFACE_ATTACHMENT_PROBE frame=12 raw=5 live=true internal=0x8058 size=2340x1080 samples=0 expected=Rgba8Unorm
10-02 15:55:13.590 16740 16763 I event /Users/henryliu/obelisk/numeron-worktrees/android-shared-sync/mir2-web3/third_party/bevyMIR2_ANDROID_VIEW_OUTPUT_PROBE frame=13 entity=178v0 current_surface_raw=5 has_camera=true has_view=true msaa=Some(Off) physical_target=Some(UVec2(2340, 1080)) output=Some("TextureView { inner: Renderbuffer { raw: NativeRenderbuffer(5) }, aspects: FormatAspects(COLOR), mip_levels: 0..1, array_layers: 0..1, format: Rgba8Unorm }")
10-02 15:55:13.590 16740 16762 I RustStdoutStderr: [2m2026-10-02T07:55:13.590633Z[0m [32m INFO[0m [2mbevy_render::view::window[0m[2m:[0m MIR2_ANDROID_VIEW_OUTPUT_PROBE frame=13 entity=178v0 current_surface_raw=5 has_camera=true has_view=true msaa=Some(Off) physical_target=Some(UVec2(2340, 1080)) output=Some("TextureView { inner: Renderbuffer { raw: NativeRenderbuffer(5) }, aspects: FormatAspects(COLOR), mip_levels: 0..1, array_layers: 0..1, format: Rgba8Unorm }")
10-02 15:55:13.599 16740 16762 I RustStdoutStderr: [runtime-map] waiting-images center=Some(PresentationGridCenter { x: 302, y: 634 }) states=[native-map-keyed:00e3342688edb59d7ccd3784567586b3ab4c28c1b3bb0fbb928fb8560bb937e8=missing-handle,native-map-keyed:0222e758190fb702f62c1180c302535fa88376dc4d91515f6a3da6858692d879=missing-handle,native-map-keyed:02fcf4c4c475d1c1002d45563f34bf90aabc5d57865a90a9c1d738eea292c519=missing-handle,native-map-keyed:0446dc96478c6a6426006d4ebcd9b473422254a4a3b87d13e6513a4664cc1674=missing-handle,native-map-keyed:04f2f6406275680ee10c2bb613e324d59e0dea10befb67479d5db488f1e5e9bf=missing-handle,native-map-keyed:06877672fe022bb18e0e3289b29a8a2316614ba81070c465594dc1d5f1e414f4=missing-handle,native-map-keyed:0873e402c768945dbd03f13c801f352570c3cbbc15b7547b3965db22c4f88a2d=missing-handle,native-map-keyed:09c1aeb9a676d9b5e9156dd6302baf429a788ede13eb2561f72752639991cfa2=missing-handle,native-map-keyed:0bb6e8f16b06e61e5485cd9c69682635bc4d076e78f3e426bc7c1c0cdf92d50b=missing-handle,native-map-keyed:0e54663e52210f29caafb4e45b01d2ddcdd62fbb4f07359cdbdf327630acedbd=missing-handle,native-map-keyed:1203923d4b3d4f36b85a86235cc024c8987f9aff48ff3f045d589d4fe5efe878=missing-handle,native-map-keyed:120fd8e86ad6a1121b73b64f684cad8a6e301c75c6a40787a4a564c5aadaab4a=missing-handle,native-map-keyed:142960f1af1b8faa165eb1b55b57fc14db26156287a4c5ca23e035daf9f10e33=missing-handle,native-map-keyed:16f3602253a4256b8bf51a103e6bbe9d36a4cfaf6771bebc72d7ca43a25c1de6=missing-handle,native-map-keyed:1a9940adbeeef6d18f251666fccf2028a616a92cc7a402f3ac04181f56823124=missing-handle,native-map-keyed:1ca36e41f059441aa1750c0cfbddec4904a1b5165d8cfba430f194e286eaee45=missing-handle,native-map-keyed:1d68e7a7c4fdfe49cedb75b5678139cb152cb5b0ebe59b0542935d1fd67d87ae=missing-handle,native-map-keyed:1ef61cf6318b9db7968b35797c3a62b27e08c1ef2475a23ec3ca379b729d92f1=missing-handle,native-map-keyed:1f4a39a368bbaca431ec450a830e3c0bdcaabe0af6de5730eb1f28e59b8dd533=missing-handle,native-map-keyed:20625ebb957139dcbec35004f2ca784c926cdee1439035eb896dbf427495872d=missing-handle,native-map-keyed:219bb835f8f28e6bf59b93f1d069b437875a5d49dbd7631ff34176c572d7a14d=missing-handle,native-map-keyed:22659e86e5cbf79236e023e40ac092600ac5e9ede72a34077c802b5518eb4573=missing-handle,native-map-keyed:226a0bac665d1bf713b8baf39ecf7ae61be856189d1cf823921ed0e53a5c29fe=missing-handle,native-map-keyed:23035e5244797f2f70bbeaa5c393d6d112a6196b5ab8e4d02b351fbf38f8101a=missing-handle,native-map-keyed:230966b0481d315c12097d9ff7d4da07aa1cdf981552a5323ab088ba990ba950=missing-handle,native-map-keyed:232bfc461f055784e7d90e5e0378d3cea8317eb078c4bf66e7afe999812ff902=missing-handle,native-map-keyed:24ec1f87eb0856b5498709b2be2776f9a3627519b839633e9db0a690a7d9b980=missing-handle,native-map-keyed:2675a421a8639ea87dcfc98b62558519a15cedc35d925663b6909d4988742940=missing-handle,native-map-keyed:26aa612a5755ef95b03c2bfb8c32208b7b862aa4abbf134fa4f9741e95aa173b=missing-handle,native-map-keyed:270c75661f320e8c98c039a8c4a26724a568469937485ff8f748e5e7045d0239=missing-handle,native-map-keyed:2775964d9f9d7b8b06e60a4bc848015817a1fa04cccfffe2e936202ea0756d4b=missing-handle,native-map-keyed:289cb8d084c1cc6b504d8152af2de8f7372c563f8104a8c78ad208caccefb34b=missing-handle,native-map-keyed:2a537899c5467f32f4e30a657c233ed270db6f829d90106b7fa0704f469d167c=missing-handle,native-map-keyed:2a7228b716f29f6fb29a9b41ed3f1ce17ec6cdbfd89b69ca7c38b6c8b5b5d72a=missing-handle,native-map-keyed:2c23c96dff1833158278c530f06f4b8d8fdd63615784baa209e77d87ba9607f7=missing-handle,native-map-keyed:2c76f7575f3d1661681533a2ed2893f96c1f4b914bcfd60ae32c207561eb263b=missing-handle,native-map-keyed:2cd7444281094e689c5fe7c22a994aa527766e0665fc32b2cec42cbdc9978ab4=missing-handle,native-map-keyed:2d98ce9df6396e943fa00aebaf7a929c15ebaa4ab8e71ab99299c7f31b75d240=missing-handle,native-map-keyed:2fa02ae3202a4c91117b85d6ed57ca1d81c787b4b32ad6561c9ca340312d1620=missing-handle,native-map-keyed:313c3e7a3a4bef6d0ef6b02a9b0c37230ef819d06c72012bb513a591244a393d=missing-handle,native-map-keyed:33b2f84e21bb7bb379950d3da05c
10-02 15:55:13.600 16740 16762 I RustStdoutStderr: 
10-02 15:55:13.603 16740 16762 I RustStdoutStderr: [android-world-render] map_current=false map_live=0 map_missing=0 map_image_revision=210 entity_live=false entity_self_visible=false entity_layers=3
10-02 15:55:13.631 16740 16763 I event /Users/henryliu/obelisk/numeron-worktrees/android-shared-sync/mir2-web3/third_party/bevyMIR2_ANDROID_SURFACE_ATTACHMENT_PROBE frame=13 raw=5 live=true internal=0x8058 size=2340x1080 samples=0 expected=Rgba8Unorm
10-02 15:55:13.631 16740 16762 I RustStdoutStderr: [2m2026-10-02T07:55:13.631542Z[0m [32m INFO[0m [2mbevy_render::view::window[0m[2m:[0m MIR2_ANDROID_SURFACE_ATTACHMENT_PROBE frame=13 raw=5 live=true internal=0x8058 size=2340x1080 samples=0 expected=Rgba8Unorm
10-02 15:55:13.632 16740 16763 I event /Users/henryliu/obelisk/numeron-worktrees/android-shared-sync/mir2-web3/third_party/bevyMIR2_ANDROID_VIEW_OUTPUT_PROBE frame=14 entity=178v0 current_surface_raw=5 has_camera=true has_view=true msaa=Some(Off) physical_target=Some(UVec2(2340, 1080)) output=Some("TextureView { inner: Renderbuffer { raw: NativeRenderbuffer(5) }, aspects: FormatAspects(COLOR), mip_levels: 0..1, array_layers: 0..1, format: Rgba8Unorm }")
10-02 15:55:13.632 16740 16762 I RustStdoutStderr: [2m2026-10-02T07:55:13.632868Z[0m [32m INFO[0m [2mbevy_render::view::window[0m[2m:[0m MIR2_ANDROID_VIEW_OUTPUT_PROBE frame=14 entity=178v0 current_surface_raw=5 has_camera=true has_view=true msaa=Some(Off) physical_target=Some(UVec2(2340, 1080)) output=Some("TextureView { inner: Renderbuffer { raw: NativeRenderbuffer(5) }, aspects: FormatAspects(COLOR), mip_levels: 0..1, array_layers: 0..1, format: Rgba8Unorm }")
10-02 15:55:13.651 16740 16762 I RustStdoutStderr: [runtime-map] waiting-images center=Some(PresentationGridCenter { x: 302, y: 634 }) states=[native-map-keyed:230966b0481d315c12097d9ff7d4da07aa1cdf981552a5323ab088ba990ba950=missing-handle,native-map-keyed:2a537899c5467f32f4e30a657c233ed270db6f829d90106b7fa0704f469d167c=missing-handle,native-map-keyed:2c23c96dff1833158278c530f06f4b8d8fdd63615784baa209e77d87ba9607f7=missing-handle,native-map-keyed:555a55224e440cf4d874ff8733b3df9fc0eb0497e2db6523c7edfa84a39a335b=missing-handle,native-map-keyed:61101d52a32cab2ef1ea58cb314ff37ab92a0fdab76be1fba4488d3796887024=missing-handle,native-map-keyed:6a331d64448423171c9bd195276a89f11bc868c7f5bcfecd8d7c4d01d7aa77f4=missing-handle,native-map-keyed:7853f1ae68df42bd77f1b76cb22186f6e9b9d7ea6daa5db1de0ce685186de5bd=missing-handle,native-map-keyed:a3bbae3aa38ae2487c395ec573335305a7f5a04bba0bfb829207f359c31df81c=missing-handle,native-map-keyed:a6f7a9347911c95567dd6c67f5a6ebb96105915b37630e4ceb8909abe0dffe83=missing-handle,native-map-keyed:ba378709a5f65ee2e31440f6b9fc4032bfc2d1cacfdba8b01c674db6d24b12e8=missing-handle,native-map-keyed:c0fb45e9956765f71d9a59c67240104aa3b57a7e447fd45d68147e8876a26baa=missing-handle,native-map-keyed:d2a6feb956b426eb88640e39bcfaaf5b7eb53c2ae46903ed06ac54db9675c3be=missing-handle,native-map-keyed:d446c83ef73a02e73571c29a16648f94e048a7bd0a7aea2faea2b249e3f4050c=missing-handle,native-map-keyed:dbb40d1865ec01ea2d386f6835f43f6e2490c16051a94ffd08a0825272f5008c=missing-handle,native-map-keyed:ece18ec765d9abef6af7033ec7b3b7c35bbaab1475856f99823ec6d6fce5b823=missing-handle,native-map-keyed:f4d8289610a3173117c3a21176753e8fc15d5d02a50c199b51be89294c7585ef=missing-handle,native-map-keyed:f8a574c8150f8045765e94a0cadb58b285ab13476433f5e520375ed51aad63e0=missing-handle,native-map-keyed:f8dd4408b41e7afb55d7d7e6ed5d2ca5bf6e6f399d940f7b50cdafea8051888a=missing-handle]
10-02 15:55:13.654 16740 16762 I RustStdoutStderr: [android-world-render] map_current=false map_live=0 map_missing=0 map_image_revision=228 entity_live=false entity_self_visible=false entity_layers=3
10-02 15:55:13.694 16740 16763 I event /Users/henryliu/obelisk/numeron-worktrees/android-shared-sync/mir2-web3/third_party/bevyMIR2_ANDROID_SURFACE_ATTACHMENT_PROBE frame=14 raw=5 live=true internal=0x8058 size=2340x1080 samples=0 expected=Rgba8Unorm
10-02 15:55:13.694 16740 16762 I RustStdoutStderr: [2m2026-10-02T07:55:13.694695Z[0m [32m INFO[0m [2mbevy_render::view::window[0m[2m:[0m MIR2_ANDROID_SURFACE_ATTACHMENT_PROBE frame=14 raw=5 live=true internal=0x8058 size=2340x1080 samples=0 expected=Rgba8Unorm
10-02 15:55:13.695 16740 16763 I event /Users/henryliu/obelisk/numeron-worktrees/android-shared-sync/mir2-web3/third_party/bevyMIR2_ANDROID_VIEW_OUTPUT_PROBE frame=15 entity=178v0 current_surface_raw=5 has_camera=true has_view=true msaa=Some(Off) physical_target=Some(UVec2(2340, 1080)) output=Some("TextureView { inner: Renderbuffer { raw: NativeRenderbuffer(5) }, aspects: FormatAspects(COLOR), mip_levels: 0..1, array_layers: 0..1, format: Rgba8Unorm }")
10-02 15:55:13.695 16740 16762 I RustStdoutStderr: [2m2026-10-02T07:55:13.695557Z[0m [32m INFO[0m [2mbevy_render::view::window[0m[2m:[0m MIR2_ANDROID_VIEW_OUTPUT_PROBE frame=15 entity=178v0 current_surface_raw=5 has_camera=true has_view=true msaa=Some(Off) physical_target=Some(UVec2(2340, 1080)) output=Some("TextureView { inner: Renderbuffer { raw: NativeRenderbuffer(5) }, aspects: FormatAspects(COLOR), mip_levels: 0..1, array_layers: 0..1, format: Rgba8Unorm }")
10-02 15:55:13.707 16740 16762 I RustStdoutStderr: [runtime-map] synced center=Some(PresentationGridCenter { x: 302, y: 634 }) tiles=607 standalone=242 live=849 missingBindings=0 sample=[]
10-02 15:55:13.711 16740 16762 I RustStdoutStderr: [android-world-render] map_current=true map_live=849 map_missing=0 map_image_revision=228 entity_live=false entity_self_visible=false entity_layers=7
10-02 15:55:13.734 16740 16763 I event /Users/henryliu/obelisk/numeron-worktrees/android-shared-sync/mir2-web3/third_party/bevyMIR2_ANDROID_SURFACE_ATTACHMENT_PROBE frame=15 raw=5 live=true internal=0x8058 size=2340x1080 samples=0 expected=Rgba8Unorm
10-02 15:55:13.735 16740 16762 I RustStdoutStderr: [2m2026-10-02T07:55:13.734835Z[0m [32m INFO[0m [2mbevy_render::view::window[0m[2m:[0m MIR2_ANDROID_SURFACE_ATTACHMENT_PROBE frame=15 raw=5 live=true internal=0x8058 size=2340x1080 samples=0 expected=Rgba8Unorm
10-02 15:55:13.735 16740 16763 I event /Users/henryliu/obelisk/numeron-worktrees/android-shared-sync/mir2-web3/third_party/bevyMIR2_ANDROID_VIEW_OUTPUT_PROBE frame=16 entity=178v0 current_surface_raw=5 has_camera=true has_view=true msaa=Some(Off) physical_target=Some(UVec2(2340, 1080)) output=Some("TextureView { inner: Renderbuffer { raw: NativeRenderbuffer(5) }, aspects: FormatAspects(COLOR), mip_levels: 0..1, array_layers: 0..1, format: Rgba8Unorm }")
10-02 15:55:13.735 16740 16762 I RustStdoutStderr: [2m2026-10-02T07:55:13.735767Z[0m [32m INFO[0m [2mbevy_render::view::window[0m[2m:[0m MIR2_ANDROID_VIEW_OUTPUT_PROBE frame=16 entity=178v0 current_surface_raw=5 has_camera=true has_view=true msaa=Some(Off) physical_target=Some(UVec2(2340, 1080)) output=Some("TextureView { inner: Renderbuffer { raw: NativeRenderbuffer(5) }, aspects: FormatAspects(COLOR), mip_levels: 0..1, array_layers: 0..1, format: Rgba8Unorm }")
10-02 15:55:13.762 16740 16763 I event /Users/henryliu/obelisk/numeron-worktrees/android-shared-sync/mir2-web3/third_party/bevyMIR2_ANDROID_SURFACE_ATTACHMENT_PROBE frame=16 raw=5 live=true internal=0x8058 size=2340x1080 samples=0 expected=Rgba8Unorm
10-02 15:55:13.762 16740 16762 I RustStdoutStderr: [2m2026-10-02T07:55:13.762005Z[0m [32m INFO[0m [2mbevy_render::view::window[0m[2m:[0m MIR2_ANDROID_SURFACE_ATTACHMENT_PROBE frame=16 raw=5 live=true internal=0x8058 size=2340x1080 samples=0 expected=Rgba8Unorm
10-02 15:55:13.762 16740 16763 I event /Users/henryliu/obelisk/numeron-worktrees/android-shared-sync/mir2-web3/third_party/bevyMIR2_ANDROID_VIEW_OUTPUT_PROBE frame=17 entity=178v0 current_surface_raw=5 has_camera=true has_view=true msaa=Some(Off) physical_target=Some(UVec2(2340, 1080)) output=Some("TextureView { inner: Renderbuffer { raw: NativeRenderbuffer(5) }, aspects: FormatAspects(COLOR), mip_levels: 0..1, array_layers: 0..1, format: Rgba8Unorm }")
10-02 15:55:13.762 16740 16762 I RustStdoutStderr: [2m2026-10-02T07:55:13.762612Z[0m [32m INFO[0m [2mbevy_render::view::window[0m[2m:[0m MIR2_ANDROID_VIEW_OUTPUT_PROBE frame=17 entity=178v0 current_surface_raw=5 has_camera=true has_view=true msaa=Some(Off) physical_target=Some(UVec2(2340, 1080)) output=Some("TextureView { inner: Renderbuffer { raw: NativeRenderbuffer(5) }, aspects: FormatAspects(COLOR), mip_levels: 0..1, array_layers: 0..1, format: Rgba8Unorm }")
10-02 15:55:13.772 16740 16762 I RustStdoutStderr: [android-world-render] map_current=true map_live=849 map_missing=0 map_image_revision=228 entity_live=true entity_self_visible=true entity_layers=13
10-02 15:55:13.786 16740 16763 I event /Users/henryliu/obelisk/numeron-worktrees/android-shared-sync/mir2-web3/third_party/bevyMIR2_ANDROID_SURFACE_ATTACHMENT_PROBE frame=17 raw=5 live=true internal=0x8058 size=2340x1080 samples=0 expected=Rgba8Unorm
10-02 15:55:13.787 16740 16762 I RustStdoutStderr: [2m2026-10-02T07:55:13.786840Z[0m [32m INFO[0m [2mbevy_render::view::window[0m[2m:[0m MIR2_ANDROID_SURFACE_ATTACHMENT_PROBE frame=17 raw=5 live=true internal=0x8058 size=2340x1080 samples=0 expected=Rgba8Unorm
10-02 15:55:13.787 16740 16763 I event /Users/henryliu/obelisk/numeron-worktrees/android-shared-sync/mir2-web3/third_party/bevyMIR2_ANDROID_VIEW_OUTPUT_PROBE frame=18 entity=178v0 current_surface_raw=5 has_camera=true has_view=true msaa=Some(Off) physical_target=Some(UVec2(2340, 1080)) output=Some("TextureView { inner: Renderbuffer { raw: NativeRenderbuffer(5) }, aspects: FormatAspects(COLOR), mip_levels: 0..1, array_layers: 0..1, format: Rgba8Unorm }")
10-02 15:55:13.787 16740 16762 I RustStdoutStderr: [2m2026-10-02T07:55:13.787836Z[0m [32m INFO[0m [2mbevy_render::view::window[0m[2m:[0m MIR2_ANDROID_VIEW_OUTPUT_PROBE frame=18 entity=178v0 current_surface_raw=5 has_camera=true has_view=true msaa=Some(Off) physical_target=Some(UVec2(2340, 1080)) output=Some("TextureView { inner: Renderbuffer { raw: NativeRenderbuffer(5) }, aspects: FormatAspects(COLOR), mip_levels: 0..1, array_layers: 0..1, format: Rgba8Unorm }")
10-02 15:55:13.799 16740 16767 I event src/shared_shell.rs:1330: packaged Android world frame queuedrequest_id = 18446744073709551615; pages = 7; sprites = 2111; compressed_bytes = 14785921; rgba_bytes = 7340032; map_object_rgba_bytes = 10489920; map_width = 700; map_height = 700; map_atlases = 7; map_tiles = 607; map_standalone_tiles = 242; unresolved_draws = 0; entity_pages = 5; entities = 8; entity_layers = 13; unresolved_entities = 0; entity_unindexed_rects = 24; entity_compressed_bytes = 11209197; entity_rgba_bytes = 83886080; entity_manifest_sha256 = "929d146535bde9b61c75c33af0e98852dcc3aef83320869aac9f06f4bdd530d9";
10-02 15:55:13.799 16740 16762 I RustStdoutStderr: [2m2026-10-02T07:55:13.799051Z[0m [32m INFO[0m [2mmir2_platform_android::shared_shell[0m[2m:[0m packaged Android world frame queued [3mrequest_id[0m[2m=[0m18446744073709551615 [3mpages[0m[2m=[0m7 [3msprites[0m[2m=[0m2111 [3mcompressed_bytes[0m[2m=[0m14785921 [3mrgba_bytes[0m[2m=[0m7340032 [3mmap_object_rgba_bytes[0m[2m=[0m10489920 [3mmap_width[0m[2m=[0m700 [3mmap_height[0m[2m=[0m700 [3mmap_atlases[0m[2m=[0m7 [3mmap_tiles[0m[2m=[0m607 [3mmap_standalone_tiles[0m[2m=[0m242 [3munresolved_draws[0m[2m=[0m0 [3mentity_pages[0m[2m=[0m5 [3mentities[0m[2m=[0m8 [3mentity_layers[0m[2m=[0m13 [3munresolved_entities[0m[2m=[0m0 [3mentity_unindexed_rects[0m[2m=[0m24 [3mentity_compressed_bytes[0m[2m=[0m11209197 [3mentity_rgba_bytes[0m[2m=[0m83886080 [3mentity_manifest_sha256[0m[2m=[0m"929d146535bde9b61c75c33af0e98852dcc3aef83320869aac9f06f4bdd530d9"
10-02 15:55:13.809 16740 16763 I event /Users/henryliu/obelisk/numeron-worktrees/android-shared-sync/mir2-web3/third_party/bevyMIR2_ANDROID_SURFACE_ATTACHMENT_PROBE frame=18 raw=5 live=true internal=0x8058 size=2340x1080 samples=0 expected=Rgba8Unorm
10-02 15:55:13.809 16740 16762 I RustStdoutStderr: [2m2026-10-02T07:55:13.809670Z[0m [32m INFO[0m [2mbevy_render::view::window[0m[2m:[0m MIR2_ANDROID_SURFACE_ATTACHMENT_PROBE frame=18 raw=5 live=true internal=0x8058 size=2340x1080 samples=0 expected=Rgba8Unorm
10-02 15:55:13.810 16740 16763 I event /Users/henryliu/obelisk/numeron-worktrees/android-shared-sync/mir2-web3/third_party/bevyMIR2_ANDROID_VIEW_OUTPUT_PROBE frame=19 entity=178v0 current_surface_raw=5 has_camera=true has_view=true msaa=Some(Off) physical_target=Some(UVec2(2340, 1080)) output=Some("TextureView { inner: Renderbuffer { raw: NativeRenderbuffer(5) }, aspects: FormatAspects(COLOR), mip_levels: 0..1, array_layers: 0..1, format: Rgba8Unorm }")
10-02 15:55:13.810 16740 16762 I RustStdoutStderr: [2m2026-10-02T07:55:13.810026Z[0m [32m INFO[0m [2mbevy_render::view::window[0m[2m:[0m MIR2_ANDROID_VIEW_OUTPUT_PROBE frame=19 entity=178v0 current_surface_raw=5 has_camera=true has_view=true msaa=Some(Off) physical_target=Some(UVec2(2340, 1080)) output=Some("TextureView { inner: Renderbuffer { raw: NativeRenderbuffer(5) }, aspects: FormatAspects(COLOR), mip_levels: 0..1, array_layers: 0..1, format: Rgba8Unorm }")
10-02 15:55:13.814 16740 16767 I event src/ui_preview.rs:558: ANDROID_OBJECT_METADATA_PRESENTATION_APPLIED
10-02 15:55:13.814 16740 16762 I RustStdoutStderr: [2m2026-10-02T07:55:13.814543Z[0m [32m INFO[0m [2mmir2_platform_android::ui_preview[0m[2m:[0m ANDROID_OBJECT_METADATA_PRESENTATION_APPLIED
10-02 15:55:13.816 16740 16767 I event src/ui_preview.rs:563: ANDROID_OBJECT_POISON_PRESENTATION_APPLIED
10-02 15:55:13.816 16740 16762 I RustStdoutStderr: [2m2026-10-02T07:55:13.816198Z[0m [32m INFO[0m [2mmir2_platform_android::ui_preview[0m[2m:[0m ANDROID_OBJECT_POISON_PRESENTATION_APPLIED
10-02 15:55:13.817 16740 16767 I event src/ui_preview.rs:568: ANDROID_OBJECT_HIDDEN_PRESENTATION_APPLIED
10-02 15:55:13.817 16740 16762 I RustStdoutStderr: [2m2026-10-02T07:55:13.817406Z[0m [32m INFO[0m [2mmir2_platform_android::ui_preview[0m[2m:[0m ANDROID_OBJECT_HIDDEN_PRESENTATION_APPLIED
10-02 15:55:13.817 16740 16767 I event src/ui_preview.rs:573: ANDROID_OWNED_HERO_VITALS_APPLIED
10-02 15:55:13.817 16740 16767 I event src/ui_preview.rs:606: ANDROID_WORLD_RENDER_READYrequest_id = 18446744073709551615; center_x = 302; center_y = 634; map_tiles = 849; entities = 8; entity_layers = 13;
10-02 15:55:13.817 16740 16762 I RustStdoutStderr: [2m2026-10-02T07:55:13.817677Z[0m [32m INFO[0m [2mmir2_platform_android::ui_preview[0m[2m:[0m ANDROID_OWNED_HERO_VITALS_APPLIED
10-02 15:55:13.817 16740 16762 I RustStdoutStderr: [2m2026-10-02T07:55:13.817733Z[0m [32m INFO[0m [2mmir2_platform_android::ui_preview[0m[2m:[0m ANDROID_WORLD_RENDER_READY [3mrequest_id[0m[2m=[0m18446744073709551615 [3mcenter_x[0m[2m=[0m302 [3mcenter_y[0m[2m=[0m634 [3mmap_tiles[0m[2m=[0m849 [3mentities[0m[2m=[0m8 [3mentity_layers[0m[2m=[0m13
10-02 15:55:13.834 16740 16763 I event /Users/henryliu/obelisk/numeron-worktrees/android-shared-sync/mir2-web3/third_party/bevyMIR2_ANDROID_SURFACE_ATTACHMENT_PROBE frame=19 raw=5 live=true internal=0x8058 size=2340x1080 samples=0 expected=Rgba8Unorm
10-02 15:55:13.834 16740 16762 I RustStdoutStderr: [2m2026-10-02T07:55:13.833959Z[0m [32m INFO[0m [2mbevy_render::view::window[0m[2m:[0m MIR2_ANDROID_SURFACE_ATTACHMENT_PROBE frame=19 raw=5 live=true internal=0x8058 size=2340x1080 samples=0 expected=Rgba8Unorm
10-02 15:55:13.835 16740 16763 I event /Users/henryliu/obelisk/numeron-worktrees/android-shared-sync/mir2-web3/third_party/bevyMIR2_ANDROID_VIEW_OUTPUT_PROBE frame=20 entity=178v0 current_surface_raw=5 has_camera=true has_view=true msaa=Some(Off) physical_target=Some(UVec2(2340, 1080)) output=Some("TextureView { inner: Renderbuffer { raw: NativeRenderbuffer(5) }, aspects: FormatAspects(COLOR), mip_levels: 0..1, array_layers: 0..1, format: Rgba8Unorm }")
10-02 15:55:13.835 16740 16762 I RustStdoutStderr: [2m2026-10-02T07:55:13.835010Z[0m [32m INFO[0m [2mbevy_render::view::window[0m[2m:[0m MIR2_ANDROID_VIEW_OUTPUT_PROBE frame=20 entity=178v0 current_surface_raw=5 has_camera=true has_view=true msaa=Some(Off) physical_target=Some(UVec2(2340, 1080)) output=Some("TextureView { inner: Renderbuffer { raw: NativeRenderbuffer(5) }, aspects: FormatAspects(COLOR), mip_levels: 0..1, array_layers: 0..1, format: Rgba8Unorm }")
10-02 15:55:13.839 16740 16766 I event src/shared_shell.rs:2013: ANDROID_EFFECT_RENDER_STATE_READYeffect_count = 2;
10-02 15:55:13.839 16740 16762 I RustStdoutStderr: [2m2026-10-02T07:55:13.839445Z[0m [32m INFO[0m [2mmir2_platform_android::shared_shell[0m[2m:[0m ANDROID_EFFECT_RENDER_STATE_READY [3meffect_count[0m[2m=[0m2
10-02 15:55:13.840 16740 16766 I event src/ui_preview.rs:115: ANDROID_OWNED_HERO_MANA_VISIBLEcount = 1;
10-02 15:55:13.840 16740 16762 I RustStdoutStderr: [2m2026-10-02T07:55:13.840276Z[0m [32m INFO[0m [2mmir2_platform_android::ui_preview[0m[2m:[0m ANDROID_OWNED_HERO_MANA_VISIBLE [3mcount[0m[2m=[0m1
10-02 15:55:13.851 16740 16763 I event /Users/henryliu/obelisk/numeron-worktrees/android-shared-sync/mir2-web3/third_party/bevyMIR2_ANDROID_SURFACE_ATTACHMENT_PROBE frame=20 raw=5 live=true internal=0x8058 size=2340x1080 samples=0 expected=Rgba8Unorm
10-02 15:55:13.851 16740 16762 I RustStdoutStderr: [2m2026-10-02T07:55:13.851565Z[0m [32m INFO[0m [2mbevy_render::view::window[0m[2m:[0m MIR2_ANDROID_SURFACE_ATTACHMENT_PROBE frame=20 raw=5 live=true internal=0x8058 size=2340x1080 samples=0 expected=Rgba8Unorm
10-02 15:55:13.852 16740 16763 I event /Users/henryliu/obelisk/numeron-worktrees/android-shared-sync/mir2-web3/third_party/bevyMIR2_ANDROID_VIEW_OUTPUT_PROBE frame=21 entity=178v0 current_surface_raw=5 has_camera=true has_view=true msaa=Some(Off) physical_target=Some(UVec2(2340, 1080)) output=Some("TextureView { inner: Renderbuffer { raw: NativeRenderbuffer(5) }, aspects: FormatAspects(COLOR), mip_levels: 0..1, array_layers: 0..1, format: Rgba8Unorm }")
10-02 15:55:13.852 16740 16762 I RustStdoutStderr: [2m2026-10-02T07:55:13.852221Z[0m [32m INFO[0m [2mbevy_render::view::window[0m[2m:[0m MIR2_ANDROID_VIEW_OUTPUT_PROBE frame=21 entity=178v0 current_surface_raw=5 has_camera=true has_view=true msaa=Some(Off) physical_target=Some(UVec2(2340, 1080)) output=Some("TextureView { inner: Renderbuffer { raw: NativeRenderbuffer(5) }, aspects: FormatAspects(COLOR), mip_levels: 0..1, array_layers: 0..1, format: Rgba8Unorm }")
10-02 15:55:13.868 16740 16763 I event /Users/henryliu/obelisk/numeron-worktrees/android-shared-sync/mir2-web3/third_party/bevyMIR2_ANDROID_SURFACE_ATTACHMENT_PROBE frame=21 raw=5 live=true internal=0x8058 size=2340x1080 samples=0 expected=Rgba8Unorm
10-02 15:55:13.868 16740 16762 I RustStdoutStderr: [2m2026-10-02T07:55:13.868492Z[0m [32m INFO[0m [2mbevy_render::view::window[0m[2m:[0m MIR2_ANDROID_SURFACE_ATTACHMENT_PROBE frame=21 raw=5 live=true internal=0x8058 size=2340x1080 samples=0 expected=Rgba8Unorm
10-02 15:55:14.171 16740 16763 I event /Users/henryliu/obelisk/numeron-worktrees/android-shared-sync/mir2-web3/third_party/bevyMIR2_ANDROID_VIEW_OUTPUT_PROBE frame=22 entity=178v0 current_surface_raw=5 has_camera=true has_view=true msaa=Some(Off) physical_target=Some(UVec2(2340, 1080)) output=Some("TextureView { inner: Renderbuffer { raw: NativeRenderbuffer(5) }, aspects: FormatAspects(COLOR), mip_levels: 0..1, array_layers: 0..1, format: Rgba8Unorm }")
10-02 15:55:14.172 16740 16762 I RustStdoutStderr: [2m2026-10-02T07:55:14.171928Z[0m [32m INFO[0m [2mbevy_render::view::window[0m[2m:[0m MIR2_ANDROID_VIEW_OUTPUT_PROBE frame=22 entity=178v0 current_surface_raw=5 has_camera=true has_view=true msaa=Some(Off) physical_target=Some(UVec2(2340, 1080)) output=Some("TextureView { inner: Renderbuffer { raw: NativeRenderbuffer(5) }, aspects: FormatAspects(COLOR), mip_levels: 0..1, array_layers: 0..1, format: Rgba8Unorm }")
10-02 15:55:14.191 16740 16763 I event /Users/henryliu/obelisk/numeron-worktrees/android-shared-sync/mir2-web3/third_party/bevyMIR2_ANDROID_SURFACE_ATTACHMENT_PROBE frame=22 raw=5 live=true internal=0x8058 size=2340x1080 samples=0 expected=Rgba8Unorm
10-02 15:55:14.191 16740 16762 I RustStdoutStderr: [2m2026-10-02T07:55:14.191661Z[0m [32m INFO[0m [2mbevy_render::view::window[0m[2m:[0m MIR2_ANDROID_SURFACE_ATTACHMENT_PROBE frame=22 raw=5 live=true internal=0x8058 size=2340x1080 samples=0 expected=Rgba8Unorm
10-02 15:55:14.484 16740 16763 I event /Users/henryliu/obelisk/numeron-worktrees/android-shared-sync/mir2-web3/third_party/bevyMIR2_ANDROID_VIEW_OUTPUT_PROBE frame=23 entity=178v0 current_surface_raw=5 has_camera=true has_view=true msaa=Some(Off) physical_target=Some(UVec2(2340, 1080)) output=Some("TextureView { inner: Renderbuffer { raw: NativeRenderbuffer(5) }, aspects: FormatAspects(COLOR), mip_levels: 0..1, array_layers: 0..1, format: Rgba8Unorm }")
10-02 15:55:14.485 16740 16762 I RustStdoutStderr: [2m2026-10-02T07:55:14.484928Z[0m [32m INFO[0m [2mbevy_render::view::window[0m[2m:[0m MIR2_ANDROID_VIEW_OUTPUT_PROBE frame=23 entity=178v0 current_surface_raw=5 has_camera=true has_view=true msaa=Some(Off) physical_target=Some(UVec2(2340, 1080)) output=Some("TextureView { inner: Renderbuffer { raw: NativeRenderbuffer(5) }, aspects: FormatAspects(COLOR), mip_levels: 0..1, array_layers: 0..1, format: Rgba8Unorm }")
10-02 15:55:14.489 16740 16763 D EGL_emulation: app_time_stats: avg=59.06ms min=12.24ms max=320.53ms count=23
10-02 15:55:14.502 16740 16763 I event /Users/henryliu/obelisk/numeron-worktrees/android-shared-sync/mir2-web3/third_party/bevyMIR2_ANDROID_SURFACE_ATTACHMENT_PROBE frame=23 raw=5 live=true internal=0x8058 size=2340x1080 samples=0 expected=Rgba8Unorm
10-02 15:55:14.502 16740 16762 I RustStdoutStderr: [2m2026-10-02T07:55:14.502451Z[0m [32m INFO[0m [2mbevy_render::view::window[0m[2m:[0m MIR2_ANDROID_SURFACE_ATTACHMENT_PROBE frame=23 raw=5 live=true internal=0x8058 size=2340x1080 samples=0 expected=Rgba8Unorm
10-02 15:55:14.503 16740 16763 I event /Users/henryliu/obelisk/numeron-worktrees/android-shared-sync/mir2-web3/third_party/bevyMIR2_ANDROID_VIEW_OUTPUT_PROBE frame=24 entity=178v0 current_surface_raw=5 has_camera=true has_view=true msaa=Some(Off) physical_target=Some(UVec2(2340, 1080)) output=Some("TextureView { inner: Renderbuffer { raw: NativeRenderbuffer(5) }, aspects: FormatAspects(COLOR), mip_levels: 0..1, array_layers: 0..1, format: Rgba8Unorm }")
10-02 15:55:14.503 16740 16762 I RustStdoutStderr: [2m2026-10-02T07:55:14.502975Z[0m [32m INFO[0m [2mbevy_render::view::window[0m[2m:[0m MIR2_ANDROID_VIEW_OUTPUT_PROBE frame=24 entity=178v0 current_surface_raw=5 has_camera=true has_view=true msaa=Some(Off) physical_target=Some(UVec2(2340, 1080)) output=Some("TextureView { inner: Renderbuffer { raw: NativeRenderbuffer(5) }, aspects: FormatAspects(COLOR), mip_levels: 0..1, array_layers: 0..1, format: Rgba8Unorm }")
10-02 15:55:14.519 16740 16763 I event /Users/henryliu/obelisk/numeron-worktrees/android-shared-sync/mir2-web3/third_party/bevyMIR2_ANDROID_SURFACE_ATTACHMENT_PROBE frame=24 raw=5 live=true internal=0x8058 size=2340x1080 samples=0 expected=Rgba8Unorm
10-02 15:55:14.519 16740 16762 I RustStdoutStderr: [2m2026-10-02T07:55:14.519546Z[0m [32m INFO[0m [2mbevy_render::view::window[0m[2m:[0m MIR2_ANDROID_SURFACE_ATTACHMENT_PROBE frame=24 raw=5 live=true internal=0x8058 size=2340x1080 samples=0 expected=Rgba8Unorm
10-02 15:55:14.519 16740 16763 I event /Users/henryliu/obelisk/numeron-worktrees/android-shared-sync/mir2-web3/third_party/bevyMIR2_ANDROID_VIEW_OUTPUT_PROBE frame=25 entity=178v0 current_surface_raw=5 has_camera=true has_view=true msaa=Some(Off) physical_target=Some(UVec2(2340, 1080)) output=Some("TextureView { inner: Renderbuffer { raw: NativeRenderbuffer(5) }, aspects: FormatAspects(COLOR), mip_levels: 0..1, array_layers: 0..1, format: Rgba8Unorm }")
10-02 15:55:14.520 16740 16762 I RustStdoutStderr: [2m2026-10-02T07:55:14.519922Z[0m [32m INFO[0m [2mbevy_render::view::window[0m[2m:[0m MIR2_ANDROID_VIEW_OUTPUT_PROBE frame=25 entity=178v0 current_surface_raw=5 has_camera=true has_view=true msaa=Some(Off) physical_target=Some(UVec2(2340, 1080)) output=Some("TextureView { inner: Renderbuffer { raw: NativeRenderbuffer(5) }, aspects: FormatAspects(COLOR), mip_levels: 0..1, array_layers: 0..1, format: Rgba8Unorm }")
10-02 15:55:14.536 16740 16763 I event /Users/henryliu/obelisk/numeron-worktrees/android-shared-sync/mir2-web3/third_party/bevyMIR2_ANDROID_SURFACE_ATTACHMENT_PROBE frame=25 raw=5 live=true internal=0x8058 size=2340x1080 samples=0 expected=Rgba8Unorm
10-02 15:55:14.536 16740 16762 I RustStdoutStderr: [2m2026-10-02T07:55:14.536116Z[0m [32m INFO[0m [2mbevy_render::view::window[0m[2m:[0m MIR2_ANDROID_SURFACE_ATTACHMENT_PROBE frame=25 raw=5 live=true internal=0x8058 size=2340x1080 samples=0 expected=Rgba8Unorm
10-02 15:55:14.536 16740 16763 I event /Users/henryliu/obelisk/numeron-worktrees/android-shared-sync/mir2-web3/third_party/bevyMIR2_ANDROID_VIEW_OUTPUT_PROBE frame=26 entity=178v0 current_surface_raw=5 has_camera=true has_view=true msaa=Some(Off) physical_target=Some(UVec2(2340, 1080)) output=Some("TextureView { inner: Renderbuffer { raw: NativeRenderbuffer(5) }, aspects: FormatAspects(COLOR), mip_levels: 0..1, array_layers: 0..1, format: Rgba8Unorm }")
10-02 15:55:14.536 16740 16762 I RustStdoutStderr: [2m2026-10-02T07:55:14.536535Z[0m [32m INFO[0m [2mbevy_render::view::window[0m[2m:[0m MIR2_ANDROID_VIEW_OUTPUT_PROBE frame=26 entity=178v0 current_surface_raw=5 has_camera=true has_view=true msaa=Some(Off) physical_target=Some(UVec2(2340, 1080)) output=Some("TextureView { inner: Renderbuffer { raw: NativeRenderbuffer(5) }, aspects: FormatAspects(COLOR), mip_levels: 0..1, array_layers: 0..1, format: Rgba8Unorm }")
10-02 15:55:14.549 16740 16763 I event /Users/henryliu/obelisk/numeron-worktrees/android-shared-sync/mir2-web3/third_party/bevyMIR2_ANDROID_SURFACE_ATTACHMENT_PROBE frame=26 raw=5 live=true internal=0x8058 size=2340x1080 samples=0 expected=Rgba8Unorm
10-02 15:55:14.550 16740 16762 I RustStdoutStderr: [2m2026-10-02T07:55:14.549943Z[0m [32m INFO[0m [2mbevy_render::view::window[0m[2m:[0m MIR2_ANDROID_SURFACE_ATTACHMENT_PROBE frame=26 raw=5 live=true internal=0x8058 size=2340x1080 samples=0 expected=Rgba8Unorm
10-02 15:55:14.550 16740 16763 I event /Users/henryliu/obelisk/numeron-worktrees/android-shared-sync/mir2-web3/third_party/bevyMIR2_ANDROID_VIEW_OUTPUT_PROBE frame=27 entity=178v0 current_surface_raw=5 has_camera=true has_view=true msaa=Some(Off) physical_target=Some(UVec2(2340, 1080)) output=Some("TextureView { inner: Renderbuffer { raw: NativeRenderbuffer(5) }, aspects: FormatAspects(COLOR), mip_levels: 0..1, array_layers: 0..1, format: Rgba8Unorm }")
10-02 15:55:14.550 16740 16762 I RustStdoutStderr: [2m2026-10-02T07:55:14.550381Z[0m [32m INFO[0m [2mbevy_render::view::window[0m[2m:[0m MIR2_ANDROID_VIEW_OUTPUT_PROBE frame=27 entity=178v0 current_surface_raw=5 has_camera=true has_view=true msaa=Some(Off) physical_target=Some(UVec2(2340, 1080)) output=Some("TextureView { inner: Renderbuffer { raw: NativeRenderbuffer(5) }, aspects: FormatAspects(COLOR), mip_levels: 0..1, array_layers: 0..1, format: Rgba8Unorm }")
10-02 15:55:14.565 16740 16763 I event /Users/henryliu/obelisk/numeron-worktrees/android-shared-sync/mir2-web3/third_party/bevyMIR2_ANDROID_SURFACE_ATTACHMENT_PROBE frame=27 raw=5 live=true internal=0x8058 size=2340x1080 samples=0 expected=Rgba8Unorm
10-02 15:55:14.566 16740 16762 I RustStdoutStderr: [2m2026-10-02T07:55:14.565955Z[0m [32m INFO[0m [2mbevy_render::view::window[0m[2m:[0m MIR2_ANDROID_SURFACE_ATTACHMENT_PROBE frame=27 raw=5 live=true internal=0x8058 size=2340x1080 samples=0 expected=Rgba8Unorm
10-02 15:55:14.566 16740 16763 I event /Users/henryliu/obelisk/numeron-worktrees/android-shared-sync/mir2-web3/third_party/bevyMIR2_ANDROID_VIEW_OUTPUT_PROBE frame=28 entity=178v0 current_surface_raw=5 has_camera=true has_view=true msaa=Some(Off) physical_target=Some(UVec2(2340, 1080)) output=Some("TextureView { inner: Renderbuffer { raw: NativeRenderbuffer(5) }, aspects: FormatAspects(COLOR), mip_levels: 0..1, array_layers: 0..1, format: Rgba8Unorm }")
10-02 15:55:14.566 16740 16762 I RustStdoutStderr: [2m2026-10-02T07:55:14.566460Z[0m [32m INFO[0m [2mbevy_render::view::window[0m[2m:[0m MIR2_ANDROID_VIEW_OUTPUT_PROBE frame=28 entity=178v0 current_surface_raw=5 has_camera=true has_view=true msaa=Some(Off) physical_target=Some(UVec2(2340, 1080)) output=Some("TextureView { inner: Renderbuffer { raw: NativeRenderbuffer(5) }, aspects: FormatAspects(COLOR), mip_levels: 0..1, array_layers: 0..1, format: Rgba8Unorm }")
10-02 15:55:14.582 16740 16763 I event /Users/henryliu/obelisk/numeron-worktrees/android-shared-sync/mir2-web3/third_party/bevyMIR2_ANDROID_SURFACE_ATTACHMENT_PROBE frame=28 raw=5 live=true internal=0x8058 size=2340x1080 samples=0 expected=Rgba8Unorm
10-02 15:55:14.582 16740 16762 I RustStdoutStderr: [2m2026-10-02T07:55:14.582290Z[0m [32m INFO[0m [2mbevy_render::view::window[0m[2m:[0m MIR2_ANDROID_SURFACE_ATTACHMENT_PROBE frame=28 raw=5 live=true internal=0x8058 size=2340x1080 samples=0 expected=Rgba8Unorm
10-02 15:55:14.582 16740 16763 I event /Users/henryliu/obelisk/numeron-worktrees/android-shared-sync/mir2-web3/third_party/bevyMIR2_ANDROID_VIEW_OUTPUT_PROBE frame=29 entity=178v0 current_surface_raw=5 has_camera=true has_view=true msaa=Some(Off) physical_target=Some(UVec2(2340, 1080)) output=Some("TextureView { inner: Renderbuffer { raw: NativeRenderbuffer(5) }, aspects: FormatAspects(COLOR), mip_levels: 0..1, array_layers: 0..1, format: Rgba8Unorm }")
10-02 15:55:14.582 16740 16762 I RustStdoutStderr: [2m2026-10-02T07:55:14.582750Z[0m [32m INFO[0m [2mbevy_render::view::window[0m[2m:[0m MIR2_ANDROID_VIEW_OUTPUT_PROBE frame=29 entity=178v0 current_surface_raw=5 has_camera=true has_view=true msaa=Some(Off) physical_target=Some(UVec2(2340, 1080)) output=Some("TextureView { inner: Renderbuffer { raw: NativeRenderbuffer(5) }, aspects: FormatAspects(COLOR), mip_levels: 0..1, array_layers: 0..1, format: Rgba8Unorm }")
10-02 15:55:14.598 16740 16763 I event /Users/henryliu/obelisk/numeron-worktrees/android-shared-sync/mir2-web3/third_party/bevyMIR2_ANDROID_SURFACE_ATTACHMENT_PROBE frame=29 raw=5 live=true internal=0x8058 size=2340x1080 samples=0 expected=Rgba8Unorm
10-02 15:55:14.598 16740 16762 I RustStdoutStderr: [2m2026-10-02T07:55:14.598237Z[0m [32m INFO[0m [2mbevy_render::view::window[0m[2m:[0m MIR2_ANDROID_SURFACE_ATTACHMENT_PROBE frame=29 raw=5 live=true internal=0x8058 size=2340x1080 samples=0 expected=Rgba8Unorm
10-02 15:55:14.598 16740 16763 I event /Users/henryliu/obelisk/numeron-worktrees/android-shared-sync/mir2-web3/third_party/bevyMIR2_ANDROID_VIEW_OUTPUT_PROBE frame=30 entity=178v0 current_surface_raw=5 has_camera=true has_view=true msaa=Some(Off) physical_target=Some(UVec2(2340, 1080)) output=Some("TextureView { inner: Renderbuffer { raw: NativeRenderbuffer(5) }, aspects: FormatAspects(COLOR), mip_levels: 0..1, array_layers: 0..1, format: Rgba8Unorm }")
10-02 15:55:14.598 16740 16762 I RustStdoutStderr: [2m2026-10-02T07:55:14.598914Z[0m [32m INFO[0m [2mbevy_render::view::window[0m[2m:[0m MIR2_ANDROID_VIEW_OUTPUT_PROBE frame=30 entity=178v0 current_surface_raw=5 has_camera=true has_view=true msaa=Some(Off) physical_target=Some(UVec2(2340, 1080)) output=Some("TextureView { inner: Renderbuffer { raw: NativeRenderbuffer(5) }, aspects: FormatAspects(COLOR), mip_levels: 0..1, array_layers: 0..1, format: Rgba8Unorm }")
10-02 15:55:14.612 16740 16763 I event /Users/henryliu/obelisk/numeron-worktrees/android-shared-sync/mir2-web3/third_party/bevyMIR2_ANDROID_SURFACE_ATTACHMENT_PROBE frame=30 raw=5 live=true internal=0x8058 size=2340x1080 samples=0 expected=Rgba8Unorm
10-02 15:55:14.612 16740 16762 I RustStdoutStderr: [2m2026-10-02T07:55:14.612363Z[0m [32m INFO[0m [2mbevy_render::view::window[0m[2m:[0m MIR2_ANDROID_SURFACE_ATTACHMENT_PROBE frame=30 raw=5 live=true internal=0x8058 size=2340x1080 samples=0 expected=Rgba8Unorm
10-02 15:55:14.612 16740 16763 I event /Users/henryliu/obelisk/numeron-worktrees/android-shared-sync/mir2-web3/third_party/bevyMIR2_ANDROID_VIEW_OUTPUT_PROBE frame=31 entity=178v0 current_surface_raw=5 has_camera=true has_view=true msaa=Some(Off) physical_target=Some(UVec2(2340, 1080)) output=Some("TextureView { inner: Renderbuffer { raw: NativeRenderbuffer(5) }, aspects: FormatAspects(COLOR), mip_levels: 0..1, array_layers: 0..1, format: Rgba8Unorm }")
10-02 15:55:14.613 16740 16762 I RustStdoutStderr: [2m2026-10-02T07:55:14.612822Z[0m [32m INFO[0m [2mbevy_render::view::window[0m[2m:[0m MIR2_ANDROID_VIEW_OUTPUT_PROBE frame=31 entity=178v0 current_surface_raw=5 has_camera=true has_view=true msaa=Some(Off) physical_target=Some(UVec2(2340, 1080)) output=Some("TextureView { inner: Renderbuffer { raw: NativeRenderbuffer(5) }, aspects: FormatAspects(COLOR), mip_levels: 0..1, array_layers: 0..1, format: Rgba8Unorm }")
10-02 15:55:14.627 16740 16763 I event /Users/henryliu/obelisk/numeron-worktrees/android-shared-sync/mir2-web3/third_party/bevyMIR2_ANDROID_SURFACE_ATTACHMENT_PROBE frame=31 raw=5 live=true internal=0x8058 size=2340x1080 samples=0 expected=Rgba8Unorm
10-02 15:55:14.627 16740 16762 I RustStdoutStderr: [2m2026-10-02T07:55:14.627850Z[0m [32m INFO[0m [2mbevy_render::view::window[0m[2m:[0m MIR2_ANDROID_SURFACE_ATTACHMENT_PROBE frame=31 raw=5 live=true internal=0x8058 size=2340x1080 samples=0 expected=Rgba8Unorm
10-02 15:55:14.628 16740 16763 I event /Users/henryliu/obelisk/numeron-worktrees/android-shared-sync/mir2-web3/third_party/bevyMIR2_ANDROID_VIEW_OUTPUT_PROBE frame=32 entity=178v0 current_surface_raw=5 has_camera=true has_view=true msaa=Some(Off) physical_target=Some(UVec2(2340, 1080)) output=Some("TextureView { inner: Renderbuffer { raw: NativeRenderbuffer(5) }, aspects: FormatAspects(COLOR), mip_levels: 0..1, array_layers: 0..1, format: Rgba8Unorm }")
10-02 15:55:14.628 16740 16762 I RustStdoutStderr: [2m2026-10-02T07:55:14.628600Z[0m [32m INFO[0m [2mbevy_render::view::window[0m[2m:[0m MIR2_ANDROID_VIEW_OUTPUT_PROBE frame=32 entity=178v0 current_surface_raw=5 has_camera=true has_view=true msaa=Some(Off) physical_target=Some(UVec2(2340, 1080)) output=Some("TextureView { inner: Renderbuffer { raw: NativeRenderbuffer(5) }, aspects: FormatAspects(COLOR), mip_levels: 0..1, array_layers: 0..1, format: Rgba8Unorm }")
10-02 15:55:14.642 16740 16763 I event /Users/henryliu/obelisk/numeron-worktrees/android-shared-sync/mir2-web3/third_party/bevyMIR2_ANDROID_SURFACE_ATTACHMENT_PROBE frame=32 raw=5 live=true internal=0x8058 size=2340x1080 samples=0 expected=Rgba8Unorm
10-02 15:55:14.642 16740 16762 I RustStdoutStderr: [2m2026-10-02T07:55:14.642497Z[0m [32m INFO[0m [2mbevy_render::view::window[0m[2m:[0m MIR2_ANDROID_SURFACE_ATTACHMENT_PROBE frame=32 raw=5 live=true internal=0x8058 size=2340x1080 samples=0 expected=Rgba8Unorm
10-02 15:55:14.643 16740 16763 I event /Users/henryliu/obelisk/numeron-worktrees/android-shared-sync/mir2-web3/third_party/bevyMIR2_ANDROID_VIEW_OUTPUT_PROBE frame=33 entity=178v0 current_surface_raw=5 has_camera=true has_view=true msaa=Some(Off) physical_target=Some(UVec2(2340, 1080)) output=Some("TextureView { inner: Renderbuffer { raw: NativeRenderbuffer(5) }, aspects: FormatAspects(COLOR), mip_levels: 0..1, array_layers: 0..1, format: Rgba8Unorm }")
10-02 15:55:14.643 16740 16762 I RustStdoutStderr: [2m2026-10-02T07:55:14.643057Z[0m [32m INFO[0m [2mbevy_render::view::window[0m[2m:[0m MIR2_ANDROID_VIEW_OUTPUT_PROBE frame=33 entity=178v0 current_surface_raw=5 has_camera=true has_view=true msaa=Some(Off) physical_target=Some(UVec2(2340, 1080)) output=Some("TextureView { inner: Renderbuffer { raw: NativeRenderbuffer(5) }, aspects: FormatAspects(COLOR), mip_levels: 0..1, array_layers: 0..1, format: Rgba8Unorm }")
10-02 15:55:14.657 16740 16763 I event /Users/henryliu/obelisk/numeron-worktrees/android-shared-sync/mir2-web3/third_party/bevyMIR2_ANDROID_SURFACE_ATTACHMENT_PROBE frame=33 raw=5 live=true internal=0x8058 size=2340x1080 samples=0 expected=Rgba8Unorm
10-02 15:55:14.657 16740 16762 I RustStdoutStderr: [2m2026-10-02T07:55:14.657350Z[0m [32m INFO[0m [2mbevy_render::view::window[0m[2m:[0m MIR2_ANDROID_SURFACE_ATTACHMENT_PROBE frame=33 raw=5 live=true internal=0x8058 size=2340x1080 samples=0 expected=Rgba8Unorm
10-02 15:55:14.657 16740 16763 I event /Users/henryliu/obelisk/numeron-worktrees/android-shared-sync/mir2-web3/third_party/bevyMIR2_ANDROID_VIEW_OUTPUT_PROBE frame=34 entity=178v0 current_surface_raw=5 has_camera=true has_view=true msaa=Some(Off) physical_target=Some(UVec2(2340, 1080)) output=Some("TextureView { inner: Renderbuffer { raw: NativeRenderbuffer(5) }, aspects: FormatAspects(COLOR), mip_levels: 0..1, array_layers: 0..1, format: Rgba8Unorm }")
10-02 15:55:14.658 16740 16762 I RustStdoutStderr: [2m2026-10-02T07:55:14.657795Z[0m [32m INFO[0m [2mbevy_render::view::window[0m[2m:[0m MIR2_ANDROID_VIEW_OUTPUT_PROBE frame=34 entity=178v0 current_surface_raw=5 has_camera=true has_view=true msaa=Some(Off) physical_target=Some(UVec2(2340, 1080)) output=Some("TextureView { inner: Renderbuffer { raw: NativeRenderbuffer(5) }, aspects: FormatAspects(COLOR), mip_levels: 0..1, array_layers: 0..1, format: Rgba8Unorm }")
10-02 15:55:14.676 16740 16763 I event /Users/henryliu/obelisk/numeron-worktrees/android-shared-sync/mir2-web3/third_party/bevyMIR2_ANDROID_SURFACE_ATTACHMENT_PROBE frame=34 raw=5 live=true internal=0x8058 size=2340x1080 samples=0 expected=Rgba8Unorm
10-02 15:55:14.676 16740 16762 I RustStdoutStderr: [2m2026-10-02T07:55:14.676156Z[0m [32m INFO[0m [2mbevy_render::view::window[0m[2m:[0m MIR2_ANDROID_SURFACE_ATTACHMENT_PROBE frame=34 raw=5 live=true internal=0x8058 size=2340x1080 samples=0 expected=Rgba8Unorm
10-02 15:55:14.676 16740 16763 I event /Users/henryliu/obelisk/numeron-worktrees/android-shared-sync/mir2-web3/third_party/bevyMIR2_ANDROID_VIEW_OUTPUT_PROBE frame=35 entity=178v0 current_surface_raw=5 has_camera=true has_view=true msaa=Some(Off) physical_target=Some(UVec2(2340, 1080)) output=Some("TextureView { inner: Renderbuffer { raw: NativeRenderbuffer(5) }, aspects: FormatAspects(COLOR), mip_levels: 0..1, array_layers: 0..1, format: Rgba8Unorm }")
10-02 15:55:14.676 16740 16762 I RustStdoutStderr: [2m2026-10-02T07:55:14.676669Z[0m [32m INFO[0m [2mbevy_render::view::window[0m[2m:[0m MIR2_ANDROID_VIEW_OUTPUT_PROBE frame=35 entity=178v0 current_surface_raw=5 has_camera=true has_view=true msaa=Some(Off) physical_target=Some(UVec2(2340, 1080)) output=Some("TextureView { inner: Renderbuffer { raw: NativeRenderbuffer(5) }, aspects: FormatAspects(COLOR), mip_levels: 0..1, array_layers: 0..1, format: Rgba8Unorm }")
10-02 15:55:14.692 16740 16763 I event /Users/henryliu/obelisk/numeron-worktrees/android-shared-sync/mir2-web3/third_party/bevyMIR2_ANDROID_SURFACE_ATTACHMENT_PROBE frame=35 raw=5 live=true internal=0x8058 size=2340x1080 samples=0 expected=Rgba8Unorm
10-02 15:55:14.692 16740 16762 I RustStdoutStderr: [2m2026-10-02T07:55:14.692354Z[0m [32m INFO[0m [2mbevy_render::view::window[0m[2m:[0m MIR2_ANDROID_SURFACE_ATTACHMENT_PROBE frame=35 raw=5 live=true internal=0x8058 size=2340x1080 samples=0 expected=Rgba8Unorm
10-02 15:55:14.692 16740 16763 I event /Users/henryliu/obelisk/numeron-worktrees/android-shared-sync/mir2-web3/third_party/bevyMIR2_ANDROID_VIEW_OUTPUT_PROBE frame=36 entity=178v0 current_surface_raw=5 has_camera=true has_view=true msaa=Some(Off) physical_target=Some(UVec2(2340, 1080)) output=Some("TextureView { inner: Renderbuffer { raw: NativeRenderbuffer(5) }, aspects: FormatAspects(COLOR), mip_levels: 0..1, array_layers: 0..1, format: Rgba8Unorm }")
10-02 15:55:14.693 16740 16762 I RustStdoutStderr: [2m2026-10-02T07:55:14.692825Z[0m [32m INFO[0m [2mbevy_render::view::window[0m[2m:[0m MIR2_ANDROID_VIEW_OUTPUT_PROBE frame=36 entity=178v0 current_surface_raw=5 has_camera=true has_view=true msaa=Some(Off) physical_target=Some(UVec2(2340, 1080)) output=Some("TextureView { inner: Renderbuffer { raw: NativeRenderbuffer(5) }, aspects: FormatAspects(COLOR), mip_levels: 0..1, array_layers: 0..1, format: Rgba8Unorm }")
10-02 15:55:14.710 16740 16763 I event /Users/henryliu/obelisk/numeron-worktrees/android-shared-sync/mir2-web3/third_party/bevyMIR2_ANDROID_SURFACE_ATTACHMENT_PROBE frame=36 raw=5 live=true internal=0x8058 size=2340x1080 samples=0 expected=Rgba8Unorm
10-02 15:55:14.710 16740 16762 I RustStdoutStderr: [2m2026-10-02T07:55:14.710421Z[0m [32m INFO[0m [2mbevy_render::view::window[0m[2m:[0m MIR2_ANDROID_SURFACE_ATTACHMENT_PROBE frame=36 raw=5 live=true internal=0x8058 size=2340x1080 samples=0 expected=Rgba8Unorm
10-02 15:55:14.710 16740 16763 I event /Users/henryliu/obelisk/numeron-worktrees/android-shared-sync/mir2-web3/third_party/bevyMIR2_ANDROID_VIEW_OUTPUT_PROBE frame=37 entity=178v0 current_surface_raw=5 has_camera=true has_view=true msaa=Some(Off) physical_target=Some(UVec2(2340, 1080)) output=Some("TextureView { inner: Renderbuffer { raw: NativeRenderbuffer(5) }, aspects: FormatAspects(COLOR), mip_levels: 0..1, array_layers: 0..1, format: Rgba8Unorm }")
10-02 15:55:14.711 16740 16762 I RustStdoutStderr: [2m2026-10-02T07:55:14.710881Z[0m [32m INFO[0m [2mbevy_render::view::window[0m[2m:[0m MIR2_ANDROID_VIEW_OUTPUT_PROBE frame=37 entity=178v0 current_surface_raw=5 has_camera=true has_view=true msaa=Some(Off) physical_target=Some(UVec2(2340, 1080)) output=Some("TextureView { inner: Renderbuffer { raw: NativeRenderbuffer(5) }, aspects: FormatAspects(COLOR), mip_levels: 0..1, array_layers: 0..1, format: Rgba8Unorm }")
10-02 15:55:14.727 16740 16763 I event /Users/henryliu/obelisk/numeron-worktrees/android-shared-sync/mir2-web3/third_party/bevyMIR2_ANDROID_SURFACE_ATTACHMENT_PROBE frame=37 raw=5 live=true internal=0x8058 size=2340x1080 samples=0 expected=Rgba8Unorm
10-02 15:55:14.727 16740 16762 I RustStdoutStderr: [2m2026-10-02T07:55:14.727430Z[0m [32m INFO[0m [2mbevy_render::view::window[0m[2m:[0m MIR2_ANDROID_SURFACE_ATTACHMENT_PROBE frame=37 raw=5 live=true internal=0x8058 size=2340x1080 samples=0 expected=Rgba8Unorm
10-02 15:55:14.727 16740 16763 I event /Users/henryliu/obelisk/numeron-worktrees/android-shared-sync/mir2-web3/third_party/bevyMIR2_ANDROID_VIEW_OUTPUT_PROBE frame=38 entity=178v0 current_surface_raw=5 has_camera=true has_view=true msaa=Some(Off) physical_target=Some(UVec2(2340, 1080)) output=Some("TextureView { inner: Renderbuffer { raw: NativeRenderbuffer(5) }, aspects: FormatAspects(COLOR), mip_levels: 0..1, array_layers: 0..1, format: Rgba8Unorm }")
10-02 15:55:14.728 16740 16762 I RustStdoutStderr: [2m2026-10-02T07:55:14.727946Z[0m [32m INFO[0m [2mbevy_render::view::window[0m[2m:[0m MIR2_ANDROID_VIEW_OUTPUT_PROBE frame=38 entity=178v0 current_surface_raw=5 has_camera=true has_view=true msaa=Some(Off) physical_target=Some(UVec2(2340, 1080)) output=Some("TextureView { inner: Renderbuffer { raw: NativeRenderbuffer(5) }, aspects: FormatAspects(COLOR), mip_levels: 0..1, array_layers: 0..1, format: Rgba8Unorm }")
10-02 15:55:14.741 16740 16763 I event /Users/henryliu/obelisk/numeron-worktrees/android-shared-sync/mir2-web3/third_party/bevyMIR2_ANDROID_SURFACE_ATTACHMENT_PROBE frame=38 raw=5 live=true internal=0x8058 size=2340x1080 samples=0 expected=Rgba8Unorm
10-02 15:55:14.741 16740 16762 I RustStdoutStderr: [2m2026-10-02T07:55:14.741755Z[0m [32m INFO[0m [2mbevy_render::view::window[0m[2m:[0m MIR2_ANDROID_SURFACE_ATTACHMENT_PROBE frame=38 raw=5 live=true internal=0x8058 size=2340x1080 samples=0 expected=Rgba8Unorm
10-02 15:55:14.742 16740 16763 I event /Users/henryliu/obelisk/numeron-worktrees/android-shared-sync/mir2-web3/third_party/bevyMIR2_ANDROID_VIEW_OUTPUT_PROBE frame=39 entity=178v0 current_surface_raw=5 has_camera=true has_view=true msaa=Some(Off) physical_target=Some(UVec2(2340, 1080)) output=Some("TextureView { inner: Renderbuffer { raw: NativeRenderbuffer(5) }, aspects: FormatAspects(COLOR), mip_levels: 0..1, array_layers: 0..1, format: Rgba8Unorm }")
10-02 15:55:14.742 16740 16762 I RustStdoutStderr: [2m2026-10-02T07:55:14.742185Z[0m [32m INFO[0m [2mbevy_render::view::window[0m[2m:[0m MIR2_ANDROID_VIEW_OUTPUT_PROBE frame=39 entity=178v0 current_surface_raw=5 has_camera=true has_view=true msaa=Some(Off) physical_target=Some(UVec2(2340, 1080)) output=Some("TextureView { inner: Renderbuffer { raw: NativeRenderbuffer(5) }, aspects: FormatAspects(COLOR), mip_levels: 0..1, array_layers: 0..1, format: Rgba8Unorm }")
10-02 15:55:14.758 16740 16763 I event /Users/henryliu/obelisk/numeron-worktrees/android-shared-sync/mir2-web3/third_party/bevyMIR2_ANDROID_SURFACE_ATTACHMENT_PROBE frame=39 raw=5 live=true internal=0x8058 size=2340x1080 samples=0 expected=Rgba8Unorm
10-02 15:55:14.758 16740 16762 I RustStdoutStderr: [2m2026-10-02T07:55:14.758091Z[0m [32m INFO[0m [2mbevy_render::view::window[0m[2m:[0m MIR2_ANDROID_SURFACE_ATTACHMENT_PROBE frame=39 raw=5 live=true internal=0x8058 size=2340x1080 samples=0 expected=Rgba8Unorm
10-02 15:55:14.758 16740 16763 I event /Users/henryliu/obelisk/numeron-worktrees/android-shared-sync/mir2-web3/third_party/bevyMIR2_ANDROID_VIEW_OUTPUT_PROBE frame=40 entity=178v0 current_surface_raw=5 has_camera=true has_view=true msaa=Some(Off) physical_target=Some(UVec2(2340, 1080)) output=Some("TextureView { inner: Renderbuffer { raw: NativeRenderbuffer(5) }, aspects: FormatAspects(COLOR), mip_levels: 0..1, array_layers: 0..1, format: Rgba8Unorm }")
10-02 15:55:14.758 16740 16762 I RustStdoutStderr: [2m2026-10-02T07:55:14.758576Z[0m [32m INFO[0m [2mbevy_render::view::window[0m[2m:[0m MIR2_ANDROID_VIEW_OUTPUT_PROBE frame=40 entity=178v0 current_surface_raw=5 has_camera=true has_view=true msaa=Some(Off) physical_target=Some(UVec2(2340, 1080)) output=Some("TextureView { inner: Renderbuffer { raw: NativeRenderbuffer(5) }, aspects: FormatAspects(COLOR), mip_levels: 0..1, array_layers: 0..1, format: Rgba8Unorm }")
10-02 15:55:14.774 16740 16763 I event /Users/henryliu/obelisk/numeron-worktrees/android-shared-sync/mir2-web3/third_party/bevyMIR2_ANDROID_SURFACE_ATTACHMENT_PROBE frame=40 raw=5 live=true internal=0x8058 size=2340x1080 samples=0 expected=Rgba8Unorm
10-02 15:55:14.775 16740 16762 I RustStdoutStderr: [2m2026-10-02T07:55:14.774897Z[0m [32m INFO[0m [2mbevy_render::view::window[0m[2m:[0m MIR2_ANDROID_SURFACE_ATTACHMENT_PROBE frame=40 raw=5 live=true internal=0x8058 size=2340x1080 samples=0 expected=Rgba8Unorm
10-02 15:55:14.775 16740 16763 I event /Users/henryliu/obelisk/numeron-worktrees/android-shared-sync/mir2-web3/third_party/bevyMIR2_ANDROID_VIEW_OUTPUT_PROBE frame=41 entity=178v0 current_surface_raw=5 has_camera=true has_view=true msaa=Some(Off) physical_target=Some(UVec2(2340, 1080)) output=Some("TextureView { inner: Renderbuffer { raw: NativeRenderbuffer(5) }, aspects: FormatAspects(COLOR), mip_levels: 0..1, array_layers: 0..1, format: Rgba8Unorm }")
10-02 15:55:14.775 16740 16762 I RustStdoutStderr: [2m2026-10-02T07:55:14.775580Z[0m [32m INFO[0m [2mbevy_render::view::window[0m[2m:[0m MIR2_ANDROID_VIEW_OUTPUT_PROBE frame=41 entity=178v0 current_surface_raw=5 has_camera=true has_view=true msaa=Some(Off) physical_target=Some(UVec2(2340, 1080)) output=Some("TextureView { inner: Renderbuffer { raw: NativeRenderbuffer(5) }, aspects: FormatAspects(COLOR), mip_levels: 0..1, array_layers: 0..1, format: Rgba8Unorm }")
10-02 15:55:14.791 16740 16763 I event /Users/henryliu/obelisk/numeron-worktrees/android-shared-sync/mir2-web3/third_party/bevyMIR2_ANDROID_SURFACE_ATTACHMENT_PROBE frame=41 raw=5 live=true internal=0x8058 size=2340x1080 samples=0 expected=Rgba8Unorm
10-02 15:55:14.792 16740 16762 I RustStdoutStderr: [2m2026-10-02T07:55:14.791857Z[0m [32m INFO[0m [2mbevy_render::view::window[0m[2m:[0m MIR2_ANDROID_SURFACE_ATTACHMENT_PROBE frame=41 raw=5 live=true internal=0x8058 size=2340x1080 samples=0 expected=Rgba8Unorm
10-02 15:55:14.792 16740 16763 I event /Users/henryliu/obelisk/numeron-worktrees/android-shared-sync/mir2-web3/third_party/bevyMIR2_ANDROID_VIEW_OUTPUT_PROBE frame=42 entity=178v0 current_surface_raw=5 has_camera=true has_view=true msaa=Some(Off) physical_target=Some(UVec2(2340, 1080)) output=Some("TextureView { inner: Renderbuffer { raw: NativeRenderbuffer(5) }, aspects: FormatAspects(COLOR), mip_levels: 0..1, array_layers: 0..1, format: Rgba8Unorm }")
10-02 15:55:14.792 16740 16762 I RustStdoutStderr: [2m2026-10-02T07:55:14.792321Z[0m [32m INFO[0m [2mbevy_render::view::window[0m[2m:[0m MIR2_ANDROID_VIEW_OUTPUT_PROBE frame=42 entity=178v0 current_surface_raw=5 has_camera=true has_view=true msaa=Some(Off) physical_target=Some(UVec2(2340, 1080)) output=Some("TextureView { inner: Renderbuffer { raw: NativeRenderbuffer(5) }, aspects: FormatAspects(COLOR), mip_levels: 0..1, array_layers: 0..1, format: Rgba8Unorm }")
10-02 15:55:14.808 16740 16763 I event /Users/henryliu/obelisk/numeron-worktrees/android-shared-sync/mir2-web3/third_party/bevyMIR2_ANDROID_SURFACE_ATTACHMENT_PROBE frame=42 raw=5 live=true internal=0x8058 size=2340x1080 samples=0 expected=Rgba8Unorm
10-02 15:55:14.808 16740 16762 I RustStdoutStderr: [2m2026-10-02T07:55:14.808810Z[0m [32m INFO[0m [2mbevy_render::view::window[0m[2m:[0m MIR2_ANDROID_SURFACE_ATTACHMENT_PROBE frame=42 raw=5 live=true internal=0x8058 size=2340x1080 samples=0 expected=Rgba8Unorm
10-02 15:55:14.809 16740 16763 I event /Users/henryliu/obelisk/numeron-worktrees/android-shared-sync/mir2-web3/third_party/bevyMIR2_ANDROID_VIEW_OUTPUT_PROBE frame=43 entity=178v0 current_surface_raw=5 has_camera=true has_view=true msaa=Some(Off) physical_target=Some(UVec2(2340, 1080)) output=Some("TextureView { inner: Renderbuffer { raw: NativeRenderbuffer(5) }, aspects: FormatAspects(COLOR), mip_levels: 0..1, array_layers: 0..1, format: Rgba8Unorm }")
10-02 15:55:14.809 16740 16762 I RustStdoutStderr: [2m2026-10-02T07:55:14.809206Z[0m [32m INFO[0m [2mbevy_render::view::window[0m[2m:[0m MIR2_ANDROID_VIEW_OUTPUT_PROBE frame=43 entity=178v0 current_surface_raw=5 has_camera=true has_view=true msaa=Some(Off) physical_target=Some(UVec2(2340, 1080)) output=Some("TextureView { inner: Renderbuffer { raw: NativeRenderbuffer(5) }, aspects: FormatAspects(COLOR), mip_levels: 0..1, array_layers: 0..1, format: Rgba8Unorm }")
10-02 15:55:14.824 16740 16763 I event /Users/henryliu/obelisk/numeron-worktrees/android-shared-sync/mir2-web3/third_party/bevyMIR2_ANDROID_SURFACE_ATTACHMENT_PROBE frame=43 raw=5 live=true internal=0x8058 size=2340x1080 samples=0 expected=Rgba8Unorm
10-02 15:55:14.824 16740 16762 I RustStdoutStderr: [2m2026-10-02T07:55:14.824747Z[0m [32m INFO[0m [2mbevy_render::view::window[0m[2m:[0m MIR2_ANDROID_SURFACE_ATTACHMENT_PROBE frame=43 raw=5 live=true internal=0x8058 size=2340x1080 samples=0 expected=Rgba8Unorm
10-02 15:55:14.825 16740 16763 I event /Users/henryliu/obelisk/numeron-worktrees/android-shared-sync/mir2-web3/third_party/bevyMIR2_ANDROID_VIEW_OUTPUT_PROBE frame=44 entity=178v0 current_surface_raw=5 has_camera=true has_view=true msaa=Some(Off) physical_target=Some(UVec2(2340, 1080)) output=Some("TextureView { inner: Renderbuffer { raw: NativeRenderbuffer(5) }, aspects: FormatAspects(COLOR), mip_levels: 0..1, array_layers: 0..1, format: Rgba8Unorm }")
10-02 15:55:14.825 16740 16762 I RustStdoutStderr: [2m2026-10-02T07:55:14.825104Z[0m [32m INFO[0m [2mbevy_render::view::window[0m[2m:[0m MIR2_ANDROID_VIEW_OUTPUT_PROBE frame=44 entity=178v0 current_surface_raw=5 has_camera=true has_view=true msaa=Some(Off) physical_target=Some(UVec2(2340, 1080)) output=Some("TextureView { inner: Renderbuffer { raw: NativeRenderbuffer(5) }, aspects: FormatAspects(COLOR), mip_levels: 0..1, array_layers: 0..1, format: Rgba8Unorm }")
10-02 15:55:14.842 16740 16763 I event /Users/henryliu/obelisk/numeron-worktrees/android-shared-sync/mir2-web3/third_party/bevyMIR2_ANDROID_SURFACE_ATTACHMENT_PROBE frame=44 raw=5 live=true internal=0x8058 size=2340x1080 samples=0 expected=Rgba8Unorm
10-02 15:55:14.842 16740 16762 I RustStdoutStderr: [2m2026-10-02T07:55:14.842094Z[0m [32m INFO[0m [2mbevy_render::view::window[0m[2m:[0m MIR2_ANDROID_SURFACE_ATTACHMENT_PROBE frame=44 raw=5 live=true internal=0x8058 size=2340x1080 samples=0 expected=Rgba8Unorm
10-02 15:55:14.842 16740 16763 I event /Users/henryliu/obelisk/numeron-worktrees/android-shared-sync/mir2-web3/third_party/bevyMIR2_ANDROID_VIEW_OUTPUT_PROBE frame=45 entity=178v0 current_surface_raw=5 has_camera=true has_view=true msaa=Some(Off) physical_target=Some(UVec2(2340, 1080)) output=Some("TextureView { inner: Renderbuffer { raw: NativeRenderbuffer(5) }, aspects: FormatAspects(COLOR), mip_levels: 0..1, array_layers: 0..1, format: Rgba8Unorm }")
10-02 15:55:14.842 16740 16762 I RustStdoutStderr: [2m2026-10-02T07:55:14.842458Z[0m [32m INFO[0m [2mbevy_render::view::window[0m[2m:[0m MIR2_ANDROID_VIEW_OUTPUT_PROBE frame=45 entity=178v0 current_surface_raw=5 has_camera=true has_view=true msaa=Some(Off) physical_target=Some(UVec2(2340, 1080)) output=Some("TextureView { inner: Renderbuffer { raw: NativeRenderbuffer(5) }, aspects: FormatAspects(COLOR), mip_levels: 0..1, array_layers: 0..1, format: Rgba8Unorm }")
10-02 15:55:14.857 16740 16763 I event /Users/henryliu/obelisk/numeron-worktrees/android-shared-sync/mir2-web3/third_party/bevyMIR2_ANDROID_SURFACE_ATTACHMENT_PROBE frame=45 raw=5 live=true internal=0x8058 size=2340x1080 samples=0 expected=Rgba8Unorm
10-02 15:55:14.857 16740 16762 I RustStdoutStderr: [2m2026-10-02T07:55:14.857839Z[0m [32m INFO[0m [2mbevy_render::view::window[0m[2m:[0m MIR2_ANDROID_SURFACE_ATTACHMENT_PROBE frame=45 raw=5 live=true internal=0x8058 size=2340x1080 samples=0 expected=Rgba8Unorm
10-02 15:55:14.858 16740 16763 I event /Users/henryliu/obelisk/numeron-worktrees/android-shared-sync/mir2-web3/third_party/bevyMIR2_ANDROID_VIEW_OUTPUT_PROBE frame=46 entity=178v0 current_surface_raw=5 has_camera=true has_view=true msaa=Some(Off) physical_target=Some(UVec2(2340, 1080)) output=Some("TextureView { inner: Renderbuffer { raw: NativeRenderbuffer(5) }, aspects: FormatAspects(COLOR), mip_levels: 0..1, array_layers: 0..1, format: Rgba8Unorm }")
10-02 15:55:14.858 16740 16762 I RustStdoutStderr: [2m2026-10-02T07:55:14.858275Z[0m [32m INFO[0m [2mbevy_render::view::window[0m[2m:[0m MIR2_ANDROID_VIEW_OUTPUT_PROBE frame=46 entity=178v0 current_surface_raw=5 has_camera=true has_view=true msaa=Some(Off) physical_target=Some(UVec2(2340, 1080)) output=Some("TextureView { inner: Renderbuffer { raw: NativeRenderbuffer(5) }, aspects: FormatAspects(COLOR), mip_levels: 0..1, array_layers: 0..1, format: Rgba8Unorm }")
10-02 15:55:14.875 16740 16763 I event /Users/henryliu/obelisk/numeron-worktrees/android-shared-sync/mir2-web3/third_party/bevyMIR2_ANDROID_SURFACE_ATTACHMENT_PROBE frame=46 raw=5 live=true internal=0x8058 size=2340x1080 samples=0 expected=Rgba8Unorm
10-02 15:55:14.875 16740 16762 I RustStdoutStderr: [2m2026-10-02T07:55:14.875213Z[0m [32m INFO[0m [2mbevy_render::view::window[0m[2m:[0m MIR2_ANDROID_SURFACE_ATTACHMENT_PROBE frame=46 raw=5 live=true internal=0x8058 size=2340x1080 samples=0 expected=Rgba8Unorm
10-02 15:55:14.875 16740 16763 I event /Users/henryliu/obelisk/numeron-worktrees/android-shared-sync/mir2-web3/third_party/bevyMIR2_ANDROID_VIEW_OUTPUT_PROBE frame=47 entity=178v0 current_surface_raw=5 has_camera=true has_view=true msaa=Some(Off) physical_target=Some(UVec2(2340, 1080)) output=Some("TextureView { inner: Renderbuffer { raw: NativeRenderbuffer(5) }, aspects: FormatAspects(COLOR), mip_levels: 0..1, array_layers: 0..1, format: Rgba8Unorm }")
10-02 15:55:14.875 16740 16762 I RustStdoutStderr: [2m2026-10-02T07:55:14.875726Z[0m [32m INFO[0m [2mbevy_render::view::window[0m[2m:[0m MIR2_ANDROID_VIEW_OUTPUT_PROBE frame=47 entity=178v0 current_surface_raw=5 has_camera=true has_view=true msaa=Some(Off) physical_target=Some(UVec2(2340, 1080)) output=Some("TextureView { inner: Renderbuffer { raw: NativeRenderbuffer(5) }, aspects: FormatAspects(COLOR), mip_levels: 0..1, array_layers: 0..1, format: Rgba8Unorm }")
10-02 15:55:14.892 16740 16763 I event /Users/henryliu/obelisk/numeron-worktrees/android-shared-sync/mir2-web3/third_party/bevyMIR2_ANDROID_SURFACE_ATTACHMENT_PROBE frame=47 raw=5 live=true internal=0x8058 size=2340x1080 samples=0 expected=Rgba8Unorm
10-02 15:55:14.892 16740 16762 I RustStdoutStderr: [2m2026-10-02T07:55:14.892065Z[0m [32m INFO[0m [2mbevy_render::view::window[0m[2m:[0m MIR2_ANDROID_SURFACE_ATTACHMENT_PROBE frame=47 raw=5 live=true internal=0x8058 size=2340x1080 samples=0 expected=Rgba8Unorm
10-02 15:55:14.892 16740 16763 I event /Users/henryliu/obelisk/numeron-worktrees/android-shared-sync/mir2-web3/third_party/bevyMIR2_ANDROID_VIEW_OUTPUT_PROBE frame=48 entity=178v0 current_surface_raw=5 has_camera=true has_view=true msaa=Some(Off) physical_target=Some(UVec2(2340, 1080)) output=Some("TextureView { inner: Renderbuffer { raw: NativeRenderbuffer(5) }, aspects: FormatAspects(COLOR), mip_levels: 0..1, array_layers: 0..1, format: Rgba8Unorm }")
10-02 15:55:14.892 16740 16762 I RustStdoutStderr: [2m2026-10-02T07:55:14.892695Z[0m [32m INFO[0m [2mbevy_render::view::window[0m[2m:[0m MIR2_ANDROID_VIEW_OUTPUT_PROBE frame=48 entity=178v0 current_surface_raw=5 has_camera=true has_view=true msaa=Some(Off) physical_target=Some(UVec2(2340, 1080)) output=Some("TextureView { inner: Renderbuffer { raw: NativeRenderbuffer(5) }, aspects: FormatAspects(COLOR), mip_levels: 0..1, array_layers: 0..1, format: Rgba8Unorm }")
10-02 15:55:14.908 16740 16763 I event /Users/henryliu/obelisk/numeron-worktrees/android-shared-sync/mir2-web3/third_party/bevyMIR2_ANDROID_SURFACE_ATTACHMENT_PROBE frame=48 raw=5 live=true internal=0x8058 size=2340x1080 samples=0 expected=Rgba8Unorm
10-02 15:55:14.908 16740 16762 I RustStdoutStderr: [2m2026-10-02T07:55:14.908223Z[0m [32m INFO[0m [2mbevy_render::view::window[0m[2m:[0m MIR2_ANDROID_SURFACE_ATTACHMENT_PROBE frame=48 raw=5 live=true internal=0x8058 size=2340x1080 samples=0 expected=Rgba8Unorm
10-02 15:55:14.908 16740 16763 I event /Users/henryliu/obelisk/numeron-worktrees/android-shared-sync/mir2-web3/third_party/bevyMIR2_ANDROID_VIEW_OUTPUT_PROBE frame=49 entity=178v0 current_surface_raw=5 has_camera=true has_view=true msaa=Some(Off) physical_target=Some(UVec2(2340, 1080)) output=Some("TextureView { inner: Renderbuffer { raw: NativeRenderbuffer(5) }, aspects: FormatAspects(COLOR), mip_levels: 0..1, array_layers: 0..1, format: Rgba8Unorm }")
10-02 15:55:14.908 16740 16762 I RustStdoutStderr: [2m2026-10-02T07:55:14.908884Z[0m [32m INFO[0m [2mbevy_render::view::window[0m[2m:[0m MIR2_ANDROID_VIEW_OUTPUT_PROBE frame=49 entity=178v0 current_surface_raw=5 has_camera=true has_view=true msaa=Some(Off) physical_target=Some(UVec2(2340, 1080)) output=Some("TextureView { inner: Renderbuffer { raw: NativeRenderbuffer(5) }, aspects: FormatAspects(COLOR), mip_levels: 0..1, array_layers: 0..1, format: Rgba8Unorm }")
10-02 15:55:14.924 16740 16763 I event /Users/henryliu/obelisk/numeron-worktrees/android-shared-sync/mir2-web3/third_party/bevyMIR2_ANDROID_SURFACE_ATTACHMENT_PROBE frame=49 raw=5 live=true internal=0x8058 size=2340x1080 samples=0 expected=Rgba8Unorm
10-02 15:55:14.924 16740 16762 I RustStdoutStderr: [2m2026-10-02T07:55:14.924030Z[0m [32m INFO[0m [2mbevy_render::view::window[0m[2m:[0m MIR2_ANDROID_SURFACE_ATTACHMENT_PROBE frame=49 raw=5 live=true internal=0x8058 size=2340x1080 samples=0 expected=Rgba8Unorm
10-02 15:55:14.924 16740 16763 I event /Users/henryliu/obelisk/numeron-worktrees/android-shared-sync/mir2-web3/third_party/bevyMIR2_ANDROID_VIEW_OUTPUT_PROBE frame=50 entity=178v0 current_surface_raw=5 has_camera=true has_view=true msaa=Some(Off) physical_target=Some(UVec2(2340, 1080)) output=Some("TextureView { inner: Renderbuffer { raw: NativeRenderbuffer(5) }, aspects: FormatAspects(COLOR), mip_levels: 0..1, array_layers: 0..1, format: Rgba8Unorm }")
10-02 15:55:14.924 16740 16762 I RustStdoutStderr: [2m2026-10-02T07:55:14.924553Z[0m [32m INFO[0m [2mbevy_render::view::window[0m[2m:[0m MIR2_ANDROID_VIEW_OUTPUT_PROBE frame=50 entity=178v0 current_surface_raw=5 has_camera=true has_view=true msaa=Some(Off) physical_target=Some(UVec2(2340, 1080)) output=Some("TextureView { inner: Renderbuffer { raw: NativeRenderbuffer(5) }, aspects: FormatAspects(COLOR), mip_levels: 0..1, array_layers: 0..1, format: Rgba8Unorm }")
10-02 15:55:14.942 16740 16763 I event /Users/henryliu/obelisk/numeron-worktrees/android-shared-sync/mir2-web3/third_party/bevyMIR2_ANDROID_SURFACE_ATTACHMENT_PROBE frame=50 raw=5 live=true internal=0x8058 size=2340x1080 samples=0 expected=Rgba8Unorm
10-02 15:55:14.942 16740 16762 I RustStdoutStderr: [2m2026-10-02T07:55:14.941977Z[0m [32m INFO[0m [2mbevy_render::view::window[0m[2m:[0m MIR2_ANDROID_SURFACE_ATTACHMENT_PROBE frame=50 raw=5 live=true internal=0x8058 size=2340x1080 samples=0 expected=Rgba8Unorm
10-02 15:55:14.942 16740 16763 I event /Users/henryliu/obelisk/numeron-worktrees/android-shared-sync/mir2-web3/third_party/bevyMIR2_ANDROID_VIEW_OUTPUT_PROBE frame=51 entity=178v0 current_surface_raw=5 has_camera=true has_view=true msaa=Some(Off) physical_target=Some(UVec2(2340, 1080)) output=Some("TextureView { inner: Renderbuffer { raw: NativeRenderbuffer(5) }, aspects: FormatAspects(COLOR), mip_levels: 0..1, array_layers: 0..1, format: Rgba8Unorm }")
10-02 15:55:14.942 16740 16762 I RustStdoutStderr: [2m2026-10-02T07:55:14.942393Z[0m [32m INFO[0m [2mbevy_render::view::window[0m[2m:[0m MIR2_ANDROID_VIEW_OUTPUT_PROBE frame=51 entity=178v0 current_surface_raw=5 has_camera=true has_view=true msaa=Some(Off) physical_target=Some(UVec2(2340, 1080)) output=Some("TextureView { inner: Renderbuffer { raw: NativeRenderbuffer(5) }, aspects: FormatAspects(COLOR), mip_levels: 0..1, array_layers: 0..1, format: Rgba8Unorm }")
10-02 15:55:14.958 16740 16763 I event /Users/henryliu/obelisk/numeron-worktrees/android-shared-sync/mir2-web3/third_party/bevyMIR2_ANDROID_SURFACE_ATTACHMENT_PROBE frame=51 raw=5 live=true internal=0x8058 size=2340x1080 samples=0 expected=Rgba8Unorm
10-02 15:55:14.958 16740 16762 I RustStdoutStderr: [2m2026-10-02T07:55:14.958051Z[0m [32m INFO[0m [2mbevy_render::view::window[0m[2m:[0m MIR2_ANDROID_SURFACE_ATTACHMENT_PROBE frame=51 raw=5 live=true internal=0x8058 size=2340x1080 samples=0 expected=Rgba8Unorm
10-02 15:55:14.958 16740 16763 I event /Users/henryliu/obelisk/numeron-worktrees/android-shared-sync/mir2-web3/third_party/bevyMIR2_ANDROID_VIEW_OUTPUT_PROBE frame=52 entity=178v0 current_surface_raw=5 has_camera=true has_view=true msaa=Some(Off) physical_target=Some(UVec2(2340, 1080)) output=Some("TextureView { inner: Renderbuffer { raw: NativeRenderbuffer(5) }, aspects: FormatAspects(COLOR), mip_levels: 0..1, array_layers: 0..1, format: Rgba8Unorm }")
10-02 15:55:14.958 16740 16762 I RustStdoutStderr: [2m2026-10-02T07:55:14.958408Z[0m [32m INFO[0m [2mbevy_render::view::window[0m[2m:[0m MIR2_ANDROID_VIEW_OUTPUT_PROBE frame=52 entity=178v0 current_surface_raw=5 has_camera=true has_view=true msaa=Some(Off) physical_target=Some(UVec2(2340, 1080)) output=Some("TextureView { inner: Renderbuffer { raw: NativeRenderbuffer(5) }, aspects: FormatAspects(COLOR), mip_levels: 0..1, array_layers: 0..1, format: Rgba8Unorm }")
10-02 15:55:14.975 16740 16763 I event /Users/henryliu/obelisk/numeron-worktrees/android-shared-sync/mir2-web3/third_party/bevyMIR2_ANDROID_SURFACE_ATTACHMENT_PROBE frame=52 raw=5 live=true internal=0x8058 size=2340x1080 samples=0 expected=Rgba8Unorm
10-02 15:55:14.975 16740 16762 I RustStdoutStderr: [2m2026-10-02T07:55:14.975269Z[0m [32m INFO[0m [2mbevy_render::view::window[0m[2m:[0m MIR2_ANDROID_SURFACE_ATTACHMENT_PROBE frame=52 raw=5 live=true internal=0x8058 size=2340x1080 samples=0 expected=Rgba8Unorm
10-02 15:55:14.975 16740 16763 I event /Users/henryliu/obelisk/numeron-worktrees/android-shared-sync/mir2-web3/third_party/bevyMIR2_ANDROID_VIEW_OUTPUT_PROBE frame=53 entity=178v0 current_surface_raw=5 has_camera=true has_view=true msaa=Some(Off) physical_target=Some(UVec2(2340, 1080)) output=Some("TextureView { inner: Renderbuffer { raw: NativeRenderbuffer(5) }, aspects: FormatAspects(COLOR), mip_levels: 0..1, array_layers: 0..1, format: Rgba8Unorm }")
10-02 15:55:14.976 16740 16762 I RustStdoutStderr: [2m2026-10-02T07:55:14.975832Z[0m [32m INFO[0m [2mbevy_render::view::window[0m[2m:[0m MIR2_ANDROID_VIEW_OUTPUT_PROBE frame=53 entity=178v0 current_surface_raw=5 has_camera=true has_view=true msaa=Some(Off) physical_target=Some(UVec2(2340, 1080)) output=Some("TextureView { inner: Renderbuffer { raw: NativeRenderbuffer(5) }, aspects: FormatAspects(COLOR), mip_levels: 0..1, array_layers: 0..1, format: Rgba8Unorm }")
10-02 15:55:14.990 16740 16763 I event /Users/henryliu/obelisk/numeron-worktrees/android-shared-sync/mir2-web3/third_party/bevyMIR2_ANDROID_SURFACE_ATTACHMENT_PROBE frame=53 raw=5 live=true internal=0x8058 size=2340x1080 samples=0 expected=Rgba8Unorm
10-02 15:55:14.991 16740 16762 I RustStdoutStderr: [2m2026-10-02T07:55:14.990964Z[0m [32m INFO[0m [2mbevy_render::view::window[0m[2m:[0m MIR2_ANDROID_SURFACE_ATTACHMENT_PROBE frame=53 raw=5 live=true internal=0x8058 size=2340x1080 samples=0 expected=Rgba8Unorm
10-02 15:55:14.991 16740 16763 I event /Users/henryliu/obelisk/numeron-worktrees/android-shared-sync/mir2-web3/third_party/bevyMIR2_ANDROID_VIEW_OUTPUT_PROBE frame=54 entity=178v0 current_surface_raw=5 has_camera=true has_view=true msaa=Some(Off) physical_target=Some(UVec2(2340, 1080)) output=Some("TextureView { inner: Renderbuffer { raw: NativeRenderbuffer(5) }, aspects: FormatAspects(COLOR), mip_levels: 0..1, array_layers: 0..1, format: Rgba8Unorm }")
10-02 15:55:14.991 16740 16762 I RustStdoutStderr: [2m2026-10-02T07:55:14.991339Z[0m [32m INFO[0m [2mbevy_render::view::window[0m[2m:[0m MIR2_ANDROID_VIEW_OUTPUT_PROBE frame=54 entity=178v0 current_surface_raw=5 has_camera=true has_view=true msaa=Some(Off) physical_target=Some(UVec2(2340, 1080)) output=Some("TextureView { inner: Renderbuffer { raw: NativeRenderbuffer(5) }, aspects: FormatAspects(COLOR), mip_levels: 0..1, array_layers: 0..1, format: Rgba8Unorm }")
10-02 15:55:15.008 16740 16763 I event /Users/henryliu/obelisk/numeron-worktrees/android-shared-sync/mir2-web3/third_party/bevyMIR2_ANDROID_SURFACE_ATTACHMENT_PROBE frame=54 raw=5 live=true internal=0x8058 size=2340x1080 samples=0 expected=Rgba8Unorm
10-02 15:55:15.008 16740 16762 I RustStdoutStderr: [2m2026-10-02T07:55:15.008365Z[0m [32m INFO[0m [2mbevy_render::view::window[0m[2m:[0m MIR2_ANDROID_SURFACE_ATTACHMENT_PROBE frame=54 raw=5 live=true internal=0x8058 size=2340x1080 samples=0 expected=Rgba8Unorm
10-02 15:55:15.008 16740 16763 I event /Users/henryliu/obelisk/numeron-worktrees/android-shared-sync/mir2-web3/third_party/bevyMIR2_ANDROID_VIEW_OUTPUT_PROBE frame=55 entity=178v0 current_surface_raw=5 has_camera=true has_view=true msaa=Some(Off) physical_target=Some(UVec2(2340, 1080)) output=Some("TextureView { inner: Renderbuffer { raw: NativeRenderbuffer(5) }, aspects: FormatAspects(COLOR), mip_levels: 0..1, array_layers: 0..1, format: Rgba8Unorm }")
10-02 15:55:15.009 16740 16762 I RustStdoutStderr: [2m2026-10-02T07:55:15.008868Z[0m [32m INFO[0m [2mbevy_render::view::window[0m[2m:[0m MIR2_ANDROID_VIEW_OUTPUT_PROBE frame=55 entity=178v0 current_surface_raw=5 has_camera=true has_view=true msaa=Some(Off) physical_target=Some(UVec2(2340, 1080)) output=Some("TextureView { inner: Renderbuffer { raw: NativeRenderbuffer(5) }, aspects: FormatAspects(COLOR), mip_levels: 0..1, array_layers: 0..1, format: Rgba8Unorm }")
10-02 15:55:15.025 16740 16763 I event /Users/henryliu/obelisk/numeron-worktrees/android-shared-sync/mir2-web3/third_party/bevyMIR2_ANDROID_SURFACE_ATTACHMENT_PROBE frame=55 raw=5 live=true internal=0x8058 size=2340x1080 samples=0 expected=Rgba8Unorm
10-02 15:55:15.025 16740 16762 I RustStdoutStderr: [2m2026-10-02T07:55:15.025696Z[0m [32m INFO[0m [2mbevy_render::view::window[0m[2m:[0m MIR2_ANDROID_SURFACE_ATTACHMENT_PROBE frame=55 raw=5 live=true internal=0x8058 size=2340x1080 samples=0 expected=Rgba8Unorm
10-02 15:55:15.026 16740 16763 I event /Users/henryliu/obelisk/numeron-worktrees/android-shared-sync/mir2-web3/third_party/bevyMIR2_ANDROID_VIEW_OUTPUT_PROBE frame=56 entity=178v0 current_surface_raw=5 has_camera=true has_view=true msaa=Some(Off) physical_target=Some(UVec2(2340, 1080)) output=Some("TextureView { inner: Renderbuffer { raw: NativeRenderbuffer(5) }, aspects: FormatAspects(COLOR), mip_levels: 0..1, array_layers: 0..1, format: Rgba8Unorm }")
10-02 15:55:15.026 16740 16762 I RustStdoutStderr: [2m2026-10-02T07:55:15.026114Z[0m [32m INFO[0m [2mbevy_render::view::window[0m[2m:[0m MIR2_ANDROID_VIEW_OUTPUT_PROBE frame=56 entity=178v0 current_surface_raw=5 has_camera=true has_view=true msaa=Some(Off) physical_target=Some(UVec2(2340, 1080)) output=Some("TextureView { inner: Renderbuffer { raw: NativeRenderbuffer(5) }, aspects: FormatAspects(COLOR), mip_levels: 0..1, array_layers: 0..1, format: Rgba8Unorm }")
10-02 15:55:15.041 16740 16763 I event /Users/henryliu/obelisk/numeron-worktrees/android-shared-sync/mir2-web3/third_party/bevyMIR2_ANDROID_SURFACE_ATTACHMENT_PROBE frame=56 raw=5 live=true internal=0x8058 size=2340x1080 samples=0 expected=Rgba8Unorm
10-02 15:55:15.042 16740 16762 I RustStdoutStderr: [2m2026-10-02T07:55:15.041920Z[0m [32m INFO[0m [2mbevy_render::view::window[0m[2m:[0m MIR2_ANDROID_SURFACE_ATTACHMENT_PROBE frame=56 raw=5 live=true internal=0x8058 size=2340x1080 samples=0 expected=Rgba8Unorm
10-02 15:55:15.042 16740 16763 I event /Users/henryliu/obelisk/numeron-worktrees/android-shared-sync/mir2-web3/third_party/bevyMIR2_ANDROID_VIEW_OUTPUT_PROBE frame=57 entity=178v0 current_surface_raw=5 has_camera=true has_view=true msaa=Some(Off) physical_target=Some(UVec2(2340, 1080)) output=Some("TextureView { inner: Renderbuffer { raw: NativeRenderbuffer(5) }, aspects: FormatAspects(COLOR), mip_levels: 0..1, array_layers: 0..1, format: Rgba8Unorm }")
10-02 15:55:15.042 16740 16762 I RustStdoutStderr: [2m2026-10-02T07:55:15.042364Z[0m [32m INFO[0m [2mbevy_render::view::window[0m[2m:[0m MIR2_ANDROID_VIEW_OUTPUT_PROBE frame=57 entity=178v0 current_surface_raw=5 has_camera=true has_view=true msaa=Some(Off) physical_target=Some(UVec2(2340, 1080)) output=Some("TextureView { inner: Renderbuffer { raw: NativeRenderbuffer(5) }, aspects: FormatAspects(COLOR), mip_levels: 0..1, array_layers: 0..1, format: Rgba8Unorm }")
10-02 15:55:15.058 16740 16763 I event /Users/henryliu/obelisk/numeron-worktrees/android-shared-sync/mir2-web3/third_party/bevyMIR2_ANDROID_SURFACE_ATTACHMENT_PROBE frame=57 raw=5 live=true internal=0x8058 size=2340x1080 samples=0 expected=Rgba8Unorm
10-02 15:55:15.059 16740 16762 I RustStdoutStderr: [2m2026-10-02T07:55:15.058935Z[0m [32m INFO[0m [2mbevy_render::view::window[0m[2m:[0m MIR2_ANDROID_SURFACE_ATTACHMENT_PROBE frame=57 raw=5 live=true internal=0x8058 size=2340x1080 samples=0 expected=Rgba8Unorm
10-02 15:55:15.059 16740 16763 I event /Users/henryliu/obelisk/numeron-worktrees/android-shared-sync/mir2-web3/third_party/bevyMIR2_ANDROID_VIEW_OUTPUT_PROBE frame=58 entity=178v0 current_surface_raw=5 has_camera=true has_view=true msaa=Some(Off) physical_target=Some(UVec2(2340, 1080)) output=Some("TextureView { inner: Renderbuffer { raw: NativeRenderbuffer(5) }, aspects: FormatAspects(COLOR), mip_levels: 0..1, array_layers: 0..1, format: Rgba8Unorm }")
10-02 15:55:15.059 16740 16762 I RustStdoutStderr: [2m2026-10-02T07:55:15.059439Z[0m [32m INFO[0m [2mbevy_render::view::window[0m[2m:[0m MIR2_ANDROID_VIEW_OUTPUT_PROBE frame=58 entity=178v0 current_surface_raw=5 has_camera=true has_view=true msaa=Some(Off) physical_target=Some(UVec2(2340, 1080)) output=Some("TextureView { inner: Renderbuffer { raw: NativeRenderbuffer(5) }, aspects: FormatAspects(COLOR), mip_levels: 0..1, array_layers: 0..1, format: Rgba8Unorm }")
10-02 15:55:15.074 16740 16763 I event /Users/henryliu/obelisk/numeron-worktrees/android-shared-sync/mir2-web3/third_party/bevyMIR2_ANDROID_SURFACE_ATTACHMENT_PROBE frame=58 raw=5 live=true internal=0x8058 size=2340x1080 samples=0 expected=Rgba8Unorm
10-02 15:55:15.074 16740 16762 I RustStdoutStderr: [2m2026-10-02T07:55:15.074291Z[0m [32m INFO[0m [2mbevy_render::view::window[0m[2m:[0m MIR2_ANDROID_SURFACE_ATTACHMENT_PROBE frame=58 raw=5 live=true internal=0x8058 size=2340x1080 samples=0 expected=Rgba8Unorm
10-02 15:55:15.074 16740 16763 I event /Users/henryliu/obelisk/numeron-worktrees/android-shared-sync/mir2-web3/third_party/bevyMIR2_ANDROID_VIEW_OUTPUT_PROBE frame=59 entity=178v0 current_surface_raw=5 has_camera=true has_view=true msaa=Some(Off) physical_target=Some(UVec2(2340, 1080)) output=Some("TextureView { inner: Renderbuffer { raw: NativeRenderbuffer(5) }, aspects: FormatAspects(COLOR), mip_levels: 0..1, array_layers: 0..1, format: Rgba8Unorm }")
10-02 15:55:15.074 16740 16762 I RustStdoutStderr: [2m2026-10-02T07:55:15.074664Z[0m [32m INFO[0m [2mbevy_render::view::window[0m[2m:[0m MIR2_ANDROID_VIEW_OUTPUT_PROBE frame=59 entity=178v0 current_surface_raw=5 has_camera=true has_view=true msaa=Some(Off) physical_target=Some(UVec2(2340, 1080)) output=Some("TextureView { inner: Renderbuffer { raw: NativeRenderbuffer(5) }, aspects: FormatAspects(COLOR), mip_levels: 0..1, array_layers: 0..1, format: Rgba8Unorm }")
10-02 15:55:15.092 16740 16763 I event /Users/henryliu/obelisk/numeron-worktrees/android-shared-sync/mir2-web3/third_party/bevyMIR2_ANDROID_SURFACE_ATTACHMENT_PROBE frame=59 raw=5 live=true internal=0x8058 size=2340x1080 samples=0 expected=Rgba8Unorm
10-02 15:55:15.092 16740 16762 I RustStdoutStderr: [2m2026-10-02T07:55:15.092201Z[0m [32m INFO[0m [2mbevy_render::view::window[0m[2m:[0m MIR2_ANDROID_SURFACE_ATTACHMENT_PROBE frame=59 raw=5 live=true internal=0x8058 size=2340x1080 samples=0 expected=Rgba8Unorm
10-02 15:55:15.092 16740 16763 I event /Users/henryliu/obelisk/numeron-worktrees/android-shared-sync/mir2-web3/third_party/bevyMIR2_ANDROID_VIEW_OUTPUT_PROBE frame=60 entity=178v0 current_surface_raw=5 has_camera=true has_view=true msaa=Some(Off) physical_target=Some(UVec2(2340, 1080)) output=Some("TextureView { inner: Renderbuffer { raw: NativeRenderbuffer(5) }, aspects: FormatAspects(COLOR), mip_levels: 0..1, array_layers: 0..1, format: Rgba8Unorm }")
10-02 15:55:15.092 16740 16762 I RustStdoutStderr: [2m2026-10-02T07:55:15.092593Z[0m [32m INFO[0m [2mbevy_render::view::window[0m[2m:[0m MIR2_ANDROID_VIEW_OUTPUT_PROBE frame=60 entity=178v0 current_surface_raw=5 has_camera=true has_view=true msaa=Some(Off) physical_target=Some(UVec2(2340, 1080)) output=Some("TextureView { inner: Renderbuffer { raw: NativeRenderbuffer(5) }, aspects: FormatAspects(COLOR), mip_levels: 0..1, array_layers: 0..1, format: Rgba8Unorm }")
10-02 15:55:15.108 16740 16763 I event /Users/henryliu/obelisk/numeron-worktrees/android-shared-sync/mir2-web3/third_party/bevyMIR2_ANDROID_SURFACE_ATTACHMENT_PROBE frame=60 raw=5 live=true internal=0x8058 size=2340x1080 samples=0 expected=Rgba8Unorm
10-02 15:55:15.108 16740 16762 I RustStdoutStderr: [2m2026-10-02T07:55:15.108258Z[0m [32m INFO[0m [2mbevy_render::view::window[0m[2m:[0m MIR2_ANDROID_SURFACE_ATTACHMENT_PROBE frame=60 raw=5 live=true internal=0x8058 size=2340x1080 samples=0 expected=Rgba8Unorm
10-02 15:55:15.108 16740 16763 I event /Users/henryliu/obelisk/numeron-worktrees/android-shared-sync/mir2-web3/third_party/bevyMIR2_ANDROID_VIEW_OUTPUT_PROBE frame=61 entity=178v0 current_surface_raw=5 has_camera=true has_view=true msaa=Some(Off) physical_target=Some(UVec2(2340, 1080)) output=Some("TextureView { inner: Renderbuffer { raw: NativeRenderbuffer(5) }, aspects: FormatAspects(COLOR), mip_levels: 0..1, array_layers: 0..1, format: Rgba8Unorm }")
10-02 15:55:15.108 16740 16762 I RustStdoutStderr: [2m2026-10-02T07:55:15.108635Z[0m [32m INFO[0m [2mbevy_render::view::window[0m[2m:[0m MIR2_ANDROID_VIEW_OUTPUT_PROBE frame=61 entity=178v0 current_surface_raw=5 has_camera=true has_view=true msaa=Some(Off) physical_target=Some(UVec2(2340, 1080)) output=Some("TextureView { inner: Renderbuffer { raw: NativeRenderbuffer(5) }, aspects: FormatAspects(COLOR), mip_levels: 0..1, array_layers: 0..1, format: Rgba8Unorm }")
10-02 15:55:15.124 16740 16763 I event /Users/henryliu/obelisk/numeron-worktrees/android-shared-sync/mir2-web3/third_party/bevyMIR2_ANDROID_SURFACE_ATTACHMENT_PROBE frame=61 raw=5 live=true internal=0x8058 size=2340x1080 samples=0 expected=Rgba8Unorm
10-02 15:55:15.125 16740 16762 I RustStdoutStderr: [2m2026-10-02T07:55:15.124821Z[0m [32m INFO[0m [2mbevy_render::view::window[0m[2m:[0m MIR2_ANDROID_SURFACE_ATTACHMENT_PROBE frame=61 raw=5 live=true internal=0x8058 size=2340x1080 samples=0 expected=Rgba8Unorm
10-02 15:55:15.125 16740 16763 I event /Users/henryliu/obelisk/numeron-worktrees/android-shared-sync/mir2-web3/third_party/bevyMIR2_ANDROID_VIEW_OUTPUT_PROBE frame=62 entity=178v0 current_surface_raw=5 has_camera=true has_view=true msaa=Some(Off) physical_target=Some(UVec2(2340, 1080)) output=Some("TextureView { inner: Renderbuffer { raw: NativeRenderbuffer(5) }, aspects: FormatAspects(COLOR), mip_levels: 0..1, array_layers: 0..1, format: Rgba8Unorm }")
10-02 15:55:15.125 16740 16762 I RustStdoutStderr: [2m2026-10-02T07:55:15.125611Z[0m [32m INFO[0m [2mbevy_render::view::window[0m[2m:[0m MIR2_ANDROID_VIEW_OUTPUT_PROBE frame=62 entity=178v0 current_surface_raw=5 has_camera=true has_view=true msaa=Some(Off) physical_target=Some(UVec2(2340, 1080)) output=Some("TextureView { inner: Renderbuffer { raw: NativeRenderbuffer(5) }, aspects: FormatAspects(COLOR), mip_levels: 0..1, array_layers: 0..1, format: Rgba8Unorm }")
10-02 15:55:15.141 16740 16763 I event /Users/henryliu/obelisk/numeron-worktrees/android-shared-sync/mir2-web3/third_party/bevyMIR2_ANDROID_SURFACE_ATTACHMENT_PROBE frame=62 raw=5 live=true internal=0x8058 size=2340x1080 samples=0 expected=Rgba8Unorm
10-02 15:55:15.141 16740 16762 I RustStdoutStderr: [2m2026-10-02T07:55:15.141003Z[0m [32m INFO[0m [2mbevy_render::view::window[0m[2m:[0m MIR2_ANDROID_SURFACE_ATTACHMENT_PROBE frame=62 raw=5 live=true internal=0x8058 size=2340x1080 samples=0 expected=Rgba8Unorm
10-02 15:55:15.141 16740 16763 I event /Users/henryliu/obelisk/numeron-worktrees/android-shared-sync/mir2-web3/third_party/bevyMIR2_ANDROID_VIEW_OUTPUT_PROBE frame=63 entity=178v0 current_surface_raw=5 has_camera=true has_view=true msaa=Some(Off) physical_target=Some(UVec2(2340, 1080)) output=Some("TextureView { inner: Renderbuffer { raw: NativeRenderbuffer(5) }, aspects: FormatAspects(COLOR), mip_levels: 0..1, array_layers: 0..1, format: Rgba8Unorm }")
10-02 15:55:15.141 16740 16762 I RustStdoutStderr: [2m2026-10-02T07:55:15.141332Z[0m [32m INFO[0m [2mbevy_render::view::window[0m[2m:[0m MIR2_ANDROID_VIEW_OUTPUT_PROBE frame=63 entity=178v0 current_surface_raw=5 has_camera=true has_view=true msaa=Some(Off) physical_target=Some(UVec2(2340, 1080)) output=Some("TextureView { inner: Renderbuffer { raw: NativeRenderbuffer(5) }, aspects: FormatAspects(COLOR), mip_levels: 0..1, array_layers: 0..1, format: Rgba8Unorm }")
10-02 15:55:15.159 16740 16763 I event /Users/henryliu/obelisk/numeron-worktrees/android-shared-sync/mir2-web3/third_party/bevyMIR2_ANDROID_SURFACE_ATTACHMENT_PROBE frame=63 raw=5 live=true internal=0x8058 size=2340x1080 samples=0 expected=Rgba8Unorm
10-02 15:55:15.159 16740 16762 I RustStdoutStderr: [2m2026-10-02T07:55:15.159712Z[0m [32m INFO[0m [2mbevy_render::view::window[0m[2m:[0m MIR2_ANDROID_SURFACE_ATTACHMENT_PROBE frame=63 raw=5 live=true internal=0x8058 size=2340x1080 samples=0 expected=Rgba8Unorm
10-02 15:55:15.160 16740 16763 I event /Users/henryliu/obelisk/numeron-worktrees/android-shared-sync/mir2-web3/third_party/bevyMIR2_ANDROID_VIEW_OUTPUT_PROBE frame=64 entity=178v0 current_surface_raw=5 has_camera=true has_view=true msaa=Some(Off) physical_target=Some(UVec2(2340, 1080)) output=Some("TextureView { inner: Renderbuffer { raw: NativeRenderbuffer(5) }, aspects: FormatAspects(COLOR), mip_levels: 0..1, array_layers: 0..1, format: Rgba8Unorm }")
10-02 15:55:15.160 16740 16762 I RustStdoutStderr: [2m2026-10-02T07:55:15.160237Z[0m [32m INFO[0m [2mbevy_render::view::window[0m[2m:[0m MIR2_ANDROID_VIEW_OUTPUT_PROBE frame=64 entity=178v0 current_surface_raw=5 has_camera=true has_view=true msaa=Some(Off) physical_target=Some(UVec2(2340, 1080)) output=Some("TextureView { inner: Renderbuffer { raw: NativeRenderbuffer(5) }, aspects: FormatAspects(COLOR), mip_levels: 0..1, array_layers: 0..1, format: Rgba8Unorm }")
10-02 15:55:15.450 16740 16766 I event src/ui_preview.rs:160: ANDROID_REMOTE_BACKSTEP_PRESENTATION_STARTED
10-02 15:55:15.450 16740 16762 I RustStdoutStderr: [2m2026-10-02T07:55:15.450060Z[0m [32m INFO[0m [2mmir2_platform_android::ui_preview[0m[2m:[0m ANDROID_REMOTE_BACKSTEP_PRESENTATION_STARTED
10-02 15:55:15.452 16740 16766 I event src/ui_preview.rs:168: ANDROID_ASSASSIN_ATTACK_PRESENTATION_STARTED
10-02 15:55:15.452 16740 16762 I RustStdoutStderr: [2m2026-10-02T07:55:15.452382Z[0m [32m INFO[0m [2mmir2_platform_android::ui_preview[0m[2m:[0m ANDROID_ASSASSIN_ATTACK_PRESENTATION_STARTED
10-02 15:55:15.454 16740 16766 I event src/ui_preview.rs:179: ANDROID_USER_DASH_PRESENTATION_APPLIED
10-02 15:55:15.454 16740 16762 I RustStdoutStderr: [2m2026-10-02T07:55:15.454284Z[0m [32m INFO[0m [2mmir2_platform_android::ui_preview[0m[2m:[0m ANDROID_USER_DASH_PRESENTATION_APPLIED
10-02 15:55:15.455 16740 16766 I event src/ui_preview.rs:222: ANDROID_LOCAL_PUSHED_PRESENTATION_APPLIED
10-02 15:55:15.456 16740 16762 I RustStdoutStderr: [2m2026-10-02T07:55:15.455926Z[0m [32m INFO[0m [2mmir2_platform_android::ui_preview[0m[2m:[0m ANDROID_LOCAL_PUSHED_PRESENTATION_APPLIED
10-02 15:55:15.457 16740 16766 I event src/ui_preview.rs:222: ANDROID_LOCAL_BACKSTEP_PRESENTATION_APPLIED
10-02 15:55:15.457 16740 16762 I RustStdoutStderr: [2m2026-10-02T07:55:15.457436Z[0m [32m INFO[0m [2mmir2_platform_android::ui_preview[0m[2m:[0m ANDROID_LOCAL_BACKSTEP_PRESENTATION_APPLIED
10-02 15:55:15.459 16740 16766 I event src/ui_preview.rs:222: ANDROID_LOCAL_ATTACK_MOVE_PRESENTATION_APPLIED
10-02 15:55:15.459 16740 16762 I RustStdoutStderr: [2m2026-10-02T07:55:15.459027Z[0m [32m INFO[0m [2mmir2_platform_android::ui_preview[0m[2m:[0m ANDROID_LOCAL_ATTACK_MOVE_PRESENTATION_APPLIED
10-02 15:55:15.460 16740 16766 I event src/ui_preview.rs:222: ANDROID_LOCAL_DASH_ATTACK_PRESENTATION_APPLIED
10-02 15:55:15.460 16740 16762 I RustStdoutStderr: [2m2026-10-02T07:55:15.460610Z[0m [32m INFO[0m [2mmir2_platform_android::ui_preview[0m[2m:[0m ANDROID_LOCAL_DASH_ATTACK_PRESENTATION_APPLIED
10-02 15:55:15.461 16740 16766 I event src/ui_preview.rs:234: ANDROID_ARCHER_RANGE_PRESENTATION_STARTED
10-02 15:55:15.462 16740 16762 I RustStdoutStderr: [2m2026-10-02T07:55:15.461960Z[0m [32m INFO[0m [2mmir2_platform_android::ui_preview[0m[2m:[0m ANDROID_ARCHER_RANGE_PRESENTATION_STARTED
10-02 15:55:15.463 16740 16766 I event src/ui_preview.rs:245: ANDROID_OBJECT_DASH_PRESENTATION_APPLIED
10-02 15:55:15.463 16740 16762 I RustStdoutStderr: [2m2026-10-02T07:55:15.463392Z[0m [32m INFO[0m [2mmir2_platform_android::ui_preview[0m[2m:[0m ANDROID_OBJECT_DASH_PRESENTATION_APPLIED
10-02 15:55:15.464 16740 16766 I event src/ui_preview.rs:256: ANDROID_MOUNTED_ATTACK_PRESENTATION_STARTED
10-02 15:55:15.464 16740 16762 I RustStdoutStderr: [2m2026-10-02T07:55:15.464856Z[0m [32m INFO[0m [2mmir2_platform_android::ui_preview[0m[2m:[0m ANDROID_MOUNTED_ATTACK_PRESENTATION_STARTED
10-02 15:55:15.465 16740 16766 I event src/ui_preview.rs:267: ANDROID_OBJECT_PUSHED_PRESENTATION_APPLIED
10-02 15:55:15.466 16740 16762 I RustStdoutStderr: [2m2026-10-02T07:55:15.465933Z[0m [32m INFO[0m [2mmir2_platform_android::ui_preview[0m[2m:[0m ANDROID_OBJECT_PUSHED_PRESENTATION_APPLIED
10-02 15:55:15.481 16740 16763 I event src/ui_preview.rs:534: ANDROID_LOCAL_MOVEMENT_SKILL_ACTION_ACTIVE
10-02 15:55:15.481 16740 16762 I RustStdoutStderr: [2m2026-10-02T07:55:15.481623Z[0m [32m INFO[0m [2mmir2_platform_android::ui_preview[0m[2m:[0m ANDROID_LOCAL_MOVEMENT_SKILL_ACTION_ACTIVE
10-02 15:55:15.493 16740 16763 D EGL_emulation: app_time_stats: avg=14.33ms min=12.24ms max=29.90ms count=60
10-02 15:55:15.494 16740 16763 I event src/ui_preview.rs:485: ANDROID_REMOTE_BACKSTEP_POSE_ACTIVEoffset_x = 84.0; offset_y = 0.0;
10-02 15:55:15.494 16740 16763 I event src/ui_preview.rs:499: ANDROID_OBJECT_PUSHED_POSE_ACTIVEoffset_x = 32.0; offset_y = 0.0;
10-02 15:55:15.494 16740 16763 I event src/ui_preview.rs:516: ANDROID_OBJECT_DASH_POSE_ACTIVEoffset_x = -32.0; offset_y = 0.0;
10-02 15:55:15.494 16740 16762 I RustStdoutStderr: [2m2026-10-02T07:55:15.494601Z[0m [32m INFO[0m [2mmir2_platform_android::ui_preview[0m[2m:[0m ANDROID_REMOTE_BACKSTEP_POSE_ACTIVE [3moffset_x[0m[2m=[0m84.0 [3moffset_y[0m[2m=[0m0.0
10-02 15:55:15.494 16740 16762 I RustStdoutStderr: [2m2026-10-02T07:55:15.494731Z[0m [32m INFO[0m [2mmir2_platform_android::ui_preview[0m[2m:[0m ANDROID_OBJECT_PUSHED_POSE_ACTIVE [3moffset_x[0m[2m=[0m32.0 [3moffset_y[0m[2m=[0m0.0
10-02 15:55:15.494 16740 16762 I RustStdoutStderr: [2m2026-10-02T07:55:15.494743Z[0m [32m INFO[0m [2mmir2_platform_android::ui_preview[0m[2m:[0m ANDROID_OBJECT_DASH_POSE_ACTIVE [3moffset_x[0m[2m=[0m-32.0 [3moffset_y[0m[2m=[0m0.0
10-02 15:55:15.531 16740 16767 I event src/phone_hud.rs:173: ANDROID_PHONE_TEXT_LAYOUTfont = TextFont { font: SystemUi, font_size: Px(23.466667), weight: FontWeight(400), width: FontWidth(1.0), style: Normal, font_smoothing: AntiAliased, font_features: FontFeatures { features: [] }, font_variations: FontVariations { variations: [] } }; color = TextColor(Srgba(Srgba { red: 0.98, green: 0.91, blue: 0.76, alpha: 1.0 })); glyph_masks = [true, true, true, true, true, true, true, true, true, true, true, true, true];
10-02 15:55:15.531 16740 16767 I event src/phone_hud.rs:173: ANDROID_PHONE_TEXT_LAYOUTfont = TextFont { font: SystemUi, font_size: Px(23.466667), weight: FontWeight(400), width: FontWidth(1.0), style: Normal, font_smoothing: AntiAliased, font_features: FontFeatures { features: [] }, font_variations: FontVariations { variations: [] } }; color = TextColor(Srgba(Srgba { red: 0.96, green: 0.85, blue: 0.61, alpha: 1.0 })); glyph_masks = [true, true, true];
10-02 15:55:15.531 16740 16767 I event src/phone_hud.rs:173: ANDROID_PHONE_TEXT_LAYOUTfont = TextFont { font: SystemUi, font_size: Px(23.466667), weight: FontWeight(400), width: FontWidth(1.0), style: Normal, font_smoothing: AntiAliased, font_features: FontFeatures { features: [] }, font_variations: FontVariations { variations: [] } }; color = TextColor(Srgba(Srgba { red: 0.96, green: 0.85, blue: 0.61, alpha: 1.0 })); glyph_masks = [true, true, true];
10-02 15:55:15.531 16740 16762 I RustStdoutStderr: [2m2026-10-02T07:55:15.531146Z[0m [32m INFO[0m [2mmir2_platform_android::phone_hud[0m[2m:[0m ANDROID_PHONE_TEXT_LAYOUT [3mfont[0m[2m=[0mTextFont { font: SystemUi, font_size: Px(23.466667), weight: FontWeight(400), width: FontWidth(1.0), style: Normal, font_smoothing: AntiAliased, font_features: FontFeatures { features: [] }, font_variations: FontVariations { variations: [] } } [3mcolor[0m[2m=[0mTextColor(Srgba(Srgba { red: 0.98, green: 0.91, blue: 0.76, alpha: 1.0 })) [3mglyph_masks[0m[2m=[0m[true, true, true, true, true, true, true, true, true, true, true, true, true]
10-02 15:55:15.531 16740 16762 I RustStdoutStderr: [2m2026-10-02T07:55:15.531280Z[0m [32m INFO[0m [2mmir2_platform_android::phone_hud[0m[2m:[0m ANDROID_PHONE_TEXT_LAYOUT [3mfont[0m[2m=[0mTextFont { font: SystemUi, font_size: Px(23.466667), weight: FontWeight(400), width: FontWidth(1.0), style: Normal, font_smoothing: AntiAliased, font_features: FontFeatures { features: [] }, font_variations: FontVariations { variations: [] } } [3mcolor[0m[2m=[0mTextColor(Srgba(Srgba { red: 0.96, green: 0.85, blue: 0.61, alpha: 1.0 })) [3mglyph_masks[0m[2m=[0m[true, true, true]
10-02 15:55:15.531 16740 16762 I RustStdoutStderr: [2m2026-10-02T07:55:15.531294Z[0m [32m INFO[0m [2mmir2_platform_android::phone_hud[0m[2m:[0m ANDROID_PHONE_TEXT_LAYOUT [3mfont[0m[2m=[0mTextFont { font: SystemUi, font_size: Px(23.466667), weight: FontWeight(400), width: FontWidth(1.0), style: Normal, font_smoothing: AntiAliased, font_features: FontFeatures { features: [] }, font_variations: FontVariations { variations: [] } } [3mcolor[0m[2m=[0mTextColor(Srgba(Srgba { red: 0.96, green: 0.85, blue: 0.61, alpha: 1.0 })) [3mglyph_masks[0m[2m=[0m[true, true, true]
10-02 15:55:15.531 16740 16762 I RustStdoutStderr: [2m2026-10-02T07:55:15.531300Z[0m [32m INFO[0m [2mmir2_platform_android::phone_hud[0m[2m:[0m ANDROID_PHONE_TEXT_LAYOUT [3mfont[0m[2m=[0mTextFont { font: SystemUi, font_size: Px(23.466667), weight: FontWeight(400), width: FontWidth(1.0), style: Normal, font_smoothing: AntiAliased, font_features: FontFeatures { features: [] }, font_variations: FontVariations { variations: [] } } [3mcolor[0m[2m=[0mTextColor(Srgba(Srgba { red: 0.96, green: 0.85, blue: 0.61, alpha: 1.0 })) [3mglyph_masks[0m[2m=[0m[true, true, true, true, true]
10-02 15:55:15.531 16740 16767 I event src/phone_hud.rs:173: ANDROID_PHONE_TEXT_LAYOUTfont = TextFont { font: SystemUi, font_size: Px(23.466667), weight: FontWeight(400), width: FontWidth(1.0), style: Normal, font_smoothing: AntiAliased, font_features: FontFeatures { features: [] }, font_variations: FontVariations { variations: [] } }; color = TextColor(Srgba(Srgba { red: 0.96, green: 0.85, blue: 0.61, alpha: 1.0 })); glyph_masks = [true, true, true, true, true];
10-02 15:55:15.531 16740 16767 I event src/phone_hud.rs:173: ANDROID_PHONE_TEXT_LAYOUTfont = TextFont { font: SystemUi, font_size: Px(23.466667), weight: FontWeight(400), width: FontWidth(1.0), style: Normal, font_smoothing: AntiAliased, font_features: FontFeatures { features: [] }, font_variations: FontVariations { variations: [] } }; color = TextColor(Srgba(Srgba { red: 0.96, green: 0.85, blue: 0.61, alpha: 1.0 })); glyph_masks = [true, true, true, true, true, true, true];
10-02 15:55:15.531 16740 16767 I event src/phone_hud.rs:173: ANDROID_PHONE_TEXT_LAYOUTfont = TextFont { font: SystemUi, font_size: Px(23.466667), weight: FontWeight(400), width: FontWidth(1.0), style: Normal, font_smoothing: AntiAliased, font_features: FontFeatures { features: [] }, font_variations: FontVariations { variations: [] } }; color = TextColor(Srgba(Srgba { red: 0.96, green: 0.85, blue: 0.61, alpha: 1.0 })); glyph_masks = [true, true, true, true, true];
10-02 15:55:15.531 16740 16767 I event src/phone_hud.rs:173: ANDROID_PHONE_TEXT_LAYOUTfont = TextFont { font: SystemUi, font_size: Px(23.466667), weight: FontWeight(400), width: FontWidth(1.0), style: Normal, font_smoothing: AntiAliased, font_features: FontFeatures { features: [] }, font_variations: FontVariations { variations: [] } }; color = TextColor(Srgba(Srgba { red: 0.96, green: 0.85, blue: 0.61, alpha: 1.0 })); glyph_masks = [true, true, true, true, true, true];
10-02 15:55:15.531 16740 16767 I event src/phone_hud.rs:173: ANDROID_PHONE_TEXT_LAYOUTfont = TextFont { font: SystemUi, font_size: Px(23.466667), weight: FontWeight(400), width: FontWidth(1.0), style: Normal, font_smoothing: AntiAliased, font_features: FontFeatures { features: [] }, font_variations: FontVariations { variations: [] } }; color = TextColor(Srgba(Srgba { red: 0.96, green: 0.85, blue: 0.61, alpha: 1.0 })); glyph_masks = [true, true, true, true, true];
10-02 15:55:15.531 16740 16767 I event src/phone_hud.rs:173: ANDROID_PHONE_TEXT_LAYOUTfont = TextFont { font: SystemUi, font_size: Px(23.466667), weight: FontWeight(400), width: FontWidth(1.0), style: Normal, font_smoothing: AntiAliased, font_features: FontFeatures { features: [] }, font_variations: FontVariations { variations: [] } }; color = TextColor(Srgba(Srgba { red: 0.96, green: 0.85, blue: 0.61, alpha: 1.0 })); glyph_masks = [true, true, true, true, true];
10-02 15:55:15.531 16740 16767 I event src/phone_hud.rs:173: ANDROID_PHONE_TEXT_LAYOUTfont = TextFont { font: SystemUi, font_size: Px(23.466667), weight: FontWeight(400), width: FontWidth(1.0), style: Normal, font_smoothing: AntiAliased, font_features: FontFeatures { features: [] }, font_variations: FontVariations { variations: [] } }; color = TextColor(Srgba(Srgba { red: 0.96, green: 0.85, blue: 0.61, alpha: 1.0 })); glyph_masks = [true, true, true, true, true];
10-02 15:55:15.531 16740 16767 I event src/phone_hud.rs:173: ANDROID_PHONE_TEXT_LAYOUTfont = TextFont { font: SystemUi, font_size: Px(23.466667), weight: FontWeight(400), width: FontWidth(1.0), style: Normal, font_smoothing: AntiAliased, font_features: FontFeatures { features: [] }, font_variations: FontVariations { variations: [] } }; color = TextColor(Srgba(Srgba { red: 0.96, green: 0.85, blue: 0.61, alpha: 1.0 })); glyph_masks = [true, true, true, true];
10-02 15:55:15.531 16740 16767 I event src/phone_hud.rs:173: ANDROID_PHONE_TEXT_LAYOUTfont = TextFont { font: SystemUi, font_size: Px(23.466667), weight: FontWeight(400), width: FontWidth(1.0), style: Normal, font_smoothing: AntiAliased, font_features: FontFeatures { features: [] }, font_variations: FontVariations { variations: [] } }; color = TextColor(Srgba(Srgba { red: 0.96, green: 0.85, blue: 0.61, alpha: 1.0 })); glyph_masks = [true, true];
10-02 15:55:15.531 16740 16767 I event src/phone_hud.rs:173: ANDROID_PHONE_TEXT_LAYOUTfont = TextFont { font: SystemUi, font_size: Px(23.466667), weight: FontWeight(400), width: FontWidth(1.0), style: Normal, font_smoothing: AntiAliased, font_features: FontFeatures { features: [] }, font_variations: FontVariations { variations: [] } }; color = TextColor(Srgba(Srgba { red: 0.96, green: 0.85, blue: 0.61, alpha: 1.0 })); glyph_masks = [true, true, true, true];
10-02 15:55:15.532 16740 16762 I RustStdoutStderr: [2m2026-10-02T07:55:15.531497Z[0m [32m INFO[0m [2mmir2_platform_android::phone_hud[0m[2m:[0m ANDROID_PHONE_TEXT_LAYOUT [3mfont[0m[2m=[0mTextFont { font: SystemUi, font_size: Px(23.466667), weight: FontWeight(400), width: FontWidth(1.0), style: Normal, font_smoothing: AntiAliased, font_features: FontFeatures { features: [] }, font_variations: FontVariations { variations: [] } } [3mcolor[0m[2m=[0mTextColor(Srgba(Srgba { red: 0.96, green: 0.85, blue: 0.61, alpha: 1.0 })) [3mglyph_masks[0m[2m=[0m[true, true, true, true, true, true, true]
10-02 15:55:15.532 16740 16762 I RustStdoutStderr: [2m2026-10-02T07:55:15.531512Z[0m [32m INFO[0m [2mmir2_platform_android::phone_hud[0m[2m:[0m ANDROID_PHONE_TEXT_LAYOUT [3mfont[0m[2m=[0mTextFont { font: SystemUi, font_size: Px(23.466667), weight: FontWeight(400), width: FontWidth(1.0), style: Normal, font_smoothing: AntiAliased, font_features: FontFeatures { features: [] }, font_variations: FontVariations { variations: [] } } [3mcolor[0m[2m=[0mTextColor(Srgba(Srgba { red: 0.96, green: 0.85, blue: 0.61, alpha: 1.0 })) [3mglyph_masks[0m[2m=[0m[true, true, true, true, true]
10-02 15:55:15.532 16740 16762 I RustStdoutStderr: [2m2026-10-02T07:55:15.531518Z[0m [32m INFO[0m [2mmir2_platform_android::phone_hud[0m[2m:[0m ANDROID_PHONE_TEXT_LAYOUT [3mfont[0m[2m=[0mTextFont { font: SystemUi, font_size: Px(23.466667), weight: FontWeight(400), width: FontWidth(1.0), style: Normal, font_smoothing: AntiAliased, font_features: FontFeatures { features: [] }, font_variations: FontVariations { variations: [] } } [3mcolor[0m[2m=[0mTextColor(Srgba(Srgba { red: 0.96, green: 0.85, blue: 0.61, alpha: 1.0 })) [3mglyph_masks[0m[2m=[0m[true, true, true, true, true, true]
10-02 15:55:15.532 16740 16762 I RustStdoutStderr: [2m2026-10-02T07:55:15.531523Z[0m [32m INFO[0m [2mmir2_platform_android::phone_hud[0m[2m:[0m ANDROID_PHONE_TEXT_LAYOUT [3mfont[0m[2m=[0mTextFont { font: SystemUi, font_size: Px(23.466667), weight: FontWeight(400), width: FontWidth(1.0), style: Normal, font_smoothing: AntiAliased, font_features: FontFeatures { features: [] }, font_variations: FontVariations { variations: [] } } [3mcolor[0m[2m=[0mTextColor(Srgba(Srgba { red: 0.96, green: 0.85, blue: 0.61, alpha: 1.0 })) [3mglyph_masks[0m[2m=[0m[true, true, true, true, true]
10-02 15:55:15.532 16740 16762 I RustStdoutStderr: [2m2026-10-02T07:55:15.531528Z[0m [32m INFO[0m [2mmir2_platform_android::phone_hud[0m[2m:[0m ANDROID_PHONE_TEXT_LAYOUT [3mfont[0m[2m=[0mTextFont { font: SystemUi, font_size: Px(23.466667), weight: FontWeight(400), width: FontWidth(1.0), style: Normal, font_smoothing: AntiAliased, font_features: FontFeatures { features: [] }, font_variations: FontVariations { variations: [] } } [3mcolor[0m[2m=[0mTextColor(Srgba(Srgba { red: 0.96, green: 0.85, blue: 0.61, alpha: 1.0 })) [3mglyph_masks[0m[2m=[0m[true, true, true, true, true]
10-02 15:55:15.532 16740 16762 I RustStdoutStderr: [2m2026-10-02T07:55:15.531532Z[0m [32m INFO[0m [2mmir2_platform_android::phone_hud[0m[2m:[0m ANDROID_PHONE_TEXT_LAYOUT [3mfont[0m[2m=[0mTextFont { font: SystemUi, font_size: Px(23.466667), weight: FontWeight(400), width: FontWidth(1.0), style: Normal, font_smoothing: AntiAliased, font_features: FontFeatures { features: [] }, font_variations: FontVariations { variations: [] } } [3mcolor[0m[2m=[0mTextColor(Srgba(Srgba { red: 0.96, green: 0.85, blue: 0.61, alpha: 1.0 })) [3mglyph_masks[0m[2m=[0m[true, true, true, true, true]
10-02 15:55:15.532 16740 16762 I RustStdoutStderr: [2m2026-10-02T07:55:15.531537Z[0m [32m INFO[0m [2mmir2_platform_android::phone_hud[0m[2m:[0m ANDROID_PHONE_TEXT_LAYOUT [3mfont[0m[2m=[0mTextFont { font: SystemUi, font_size: Px(23.466667), weight: FontWeight(400), width: FontWidth(1.0), style: Normal, font_smoothing: AntiAliased, font_features: FontFeatures { features: [] }, font_variations: FontVariations { variations: [] } } [3mcolor[0m[2m=[0mTextColor(Srgba(Srgba { red: 0.96, green: 0.85, blue: 0.61, alpha: 1.0 })) [3mglyph_masks[0m[2m=[0m[true, true, true, true]
10-02 15:55:15.532 16740 16762 I RustStdoutStderr: [2m2026-10-02T07:55:15.531541Z[0m [32m INFO[0m [2mmir2_platform_android::phone_hud[0m[2m:[0m ANDROID_PHONE_TEXT_LAYOUT [3mfont[0m[2m=[0mTextFont { font: SystemUi, font_size: Px(23.466667), weight: FontWeight(400), width: FontWidth(1.0), style: Normal, font_smoothing: AntiAliased, font_features: FontFeatures { features: [] }, font_variations: FontVariations { variations: [] } } [3mcolor[0m[2m=[0mTextColor(Srgba(Srgba { red: 0.96, green: 0.85, blue: 0.61, alpha: 1.0 })) [3mglyph_masks[0m[2m=[0m[true, true]
10-02 15:55:15.532 16740 16762 I RustStdoutStderr: [2m2026-10-02T07:55:15.531547Z[0m [32m INFO[0m [2mmir2_platform_android::phone_hud[0m[2m:[0m ANDROID_PHONE_TEXT_LAYOUT [3mfont[0m[2m=[0mTextFont { font: SystemUi, font_size: Px(23.466667), weight: FontWeight(400), width: FontWidth(1.0), style: Normal, font_smoothing: AntiAliased, font_features: FontFeatures { features: [] }, font_variations: FontVariations { variations: [] } } [3mcolor[0m[2m=[0mTextColor(Srgba(Srgba { red: 0.96, green: 0.85, blue: 0.61, alpha: 1.0 })) [3mglyph_masks[0m[2m=[0m[true, true, true, true]
10-02 15:55:15.700 16740 16763 I event src/ui_preview.rs:510: ANDROID_OBJECT_PUSHED_POSE_SETTLED
10-02 15:55:15.700 16740 16763 I event src/ui_preview.rs:527: ANDROID_OBJECT_DASH_POSE_SETTLED
10-02 15:55:15.700 16740 16762 I RustStdoutStderr: [2m2026-10-02T07:55:15.700507Z[0m [32m INFO[0m [2mmir2_platform_android::ui_preview[0m[2m:[0m ANDROID_OBJECT_PUSHED_POSE_SETTLED
10-02 15:55:15.700 16740 16762 I RustStdoutStderr: [2m2026-10-02T07:55:15.700614Z[0m [32m INFO[0m [2mmir2_platform_android::ui_preview[0m[2m:[0m ANDROID_OBJECT_DASH_POSE_SETTLED
10-02 15:55:15.768 16740 16763 I event src/ui_preview.rs:537: ANDROID_LOCAL_MOVEMENT_SKILL_ACTION_SETTLED
10-02 15:55:15.768 16740 16762 I RustStdoutStderr: [2m2026-10-02T07:55:15.768201Z[0m [32m INFO[0m [2mmir2_platform_android::ui_preview[0m[2m:[0m ANDROID_LOCAL_MOVEMENT_SKILL_ACTION_SETTLED
10-02 15:55:16.267 16740 16763 I event src/ui_preview.rs:493: ANDROID_REMOTE_BACKSTEP_POSE_SETTLED
10-02 15:55:16.267 16740 16762 I RustStdoutStderr: [2m2026-10-02T07:55:16.267140Z[0m [32m INFO[0m [2mmir2_platform_android::ui_preview[0m[2m:[0m ANDROID_REMOTE_BACKSTEP_POSE_SETTLED
10-02 15:55:16.495 16740 16763 D EGL_emulation: app_time_stats: avg=13.46ms min=11.91ms max=17.83ms count=61
10-02 15:55:17.422 16740 16740 V threaded_app: Pause: 0xb4000075358437b0
10-02 15:55:17.434 16740 16763 V threaded_app: activityState=14
10-02 15:55:17.448 16740 16740 V threaded_app: WindowFocusChanged: 0xb4000075358437b0 -- 0
10-02 15:55:17.831 16740 16740 V threaded_app: NativeWindowDestroyed: 0xb4000075358437b0 -- 0xb4000075c588cae0
10-02 15:55:17.831 16740 16740 V threaded_app: android_app_set_window called
10-02 15:55:17.831 16740 16763 V threaded_app: APP_CMD_TERM_WINDOW
10-02 15:55:17.841 16740 16766 D HostConnection: createUnique: call
10-02 15:55:17.841 16740 16766 D HostConnection: HostConnection::get() New Host Connection established 0xb4000074d583fe50, tid 16766
10-02 15:55:17.843 16740 16766 D HostConnection: HostComposition ext ANDROID_EMU_CHECKSUM_HELPER_v1 ANDROID_EMU_native_sync_v2 ANDROID_EMU_native_sync_v3 ANDROID_EMU_native_sync_v4 ANDROID_EMU_dma_v1 ANDROID_EMU_direct_mem ANDROID_EMU_host_composition_v1 ANDROID_EMU_host_composition_v2 ANDROID_EMU_vulkan ANDROID_EMU_deferred_vulkan_commands ANDROID_EMU_vulkan_null_optional_strings ANDROID_EMU_vulkan_create_resources_with_requirements ANDROID_EMU_YUV_Cache ANDROID_EMU_vulkan_ignored_handles ANDROID_EMU_has_shared_slots_host_memory_allocator ANDROID_EMU_vulkan_free_memory_sync ANDROID_EMU_vulkan_shader_float16_int8 ANDROID_EMU_vulkan_async_queue_submit ANDROID_EMU_vulkan_queue_submit_with_commands ANDROID_EMU_sync_buffer_data ANDROID_EMU_vulkan_async_qsri ANDROID_EMU_read_color_buffer_dma ANDROID_EMU_hwc_color_transform GL_OES_EGL_image_external_essl3 GL_OES_vertex_array_object ANDROID_EMU_host_side_tracing ANDROID_EMU_gles_max_version_3_0 
10-02 15:55:17.843 16740 16766 D EGL_emulation: eglMakeCurrent: 0xb4000074d5838290: ver 3 0 (tinfo 0x76fbc37180) (first time)
10-02 15:55:17.849 16740 16763 V threaded_app: APP_CMD_TERM_WINDOW
10-02 15:55:17.856 16740 16740 V threaded_app: TrimMemory: 0xb4000075358437b0 20
10-02 15:55:17.860 16740 16740 V threaded_app: Stop: 0xb4000075358437b0
10-02 15:55:17.860 16740 16763 V threaded_app: activityState=15
10-02 15:55:17.860 16740 16763 W event /Users/henryliu/.cargo/registry/src/index.crates.io-1949cf8c6b5b557f/winit-0.30.13/src/pTODO: forward onStop notification to application
10-02 15:55:17.860 16740 16762 I RustStdoutStderr: [2m2026-10-02T07:55:17.860242Z[0m [33m WARN[0m [2mwinit::platform_impl::android[0m[2m:[0m TODO: forward onStop notification to application
10-02 15:55:17.860 16740 16740 V threaded_app: SaveInstanceState: 0xb4000075358437b0
10-02 15:55:17.860 16740 16763 W event /Users/henryliu/.cargo/registry/src/index.crates.io-1949cf8c6b5b557f/winit-0.30.13/src/pTODO: forward saveState notification to application
10-02 15:55:17.860 16740 16763 V threaded_app: APP_CMD_SAVE_STATE
10-02 15:55:17.860 16740 16762 I RustStdoutStderr: [2m2026-10-02T07:55:17.860568Z[0m [33m WARN[0m [2mwinit::platform_impl::android[0m[2m:[0m TODO: forward saveState notification to application
10-02 15:55:18.484 16740 16740 V GameActivity: onImeInsetsChanged from Text Listener
10-02 15:55:18.484 16740 16740 V threaded_app: WindowInsetsChanged: 0xb4000075358437b0
10-02 15:55:18.484 16740 16763 W event /Users/henryliu/.cargo/registry/src/index.crates.io-1949cf8c6b5b557f/winit-0.30.13/src/pTODO: handle Android InsetsChanged notification
10-02 15:55:18.484 16740 16762 I RustStdoutStderr: [2m2026-10-02T07:55:18.484720Z[0m [33m WARN[0m [2mwinit::platform_impl::android[0m[2m:[0m TODO: handle Android InsetsChanged notification
10-02 15:55:18.486 16740 16740 V GameActivity: onStart_native
10-02 15:55:18.486 16740 16740 V threaded_app: Start: 0xb4000075358437b0
10-02 15:55:18.486 16740 16763 V threaded_app: activityState=11
10-02 15:55:18.486 16740 16763 W event /Users/henryliu/.cargo/registry/src/index.crates.io-1949cf8c6b5b557f/winit-0.30.13/src/pTODO: forward onStart notification to application
10-02 15:55:18.486 16740 16762 I RustStdoutStderr: [2m2026-10-02T07:55:18.486446Z[0m [33m WARN[0m [2mwinit::platform_impl::android[0m[2m:[0m TODO: forward onStart notification to application
10-02 15:55:18.486 16740 16740 V threaded_app: Resume: 0xb4000075358437b0
10-02 15:55:18.487 16740 16763 V threaded_app: activityState=12
10-02 15:55:18.504 16740 16740 V GameActivity: onImeInsetsChanged from Text Listener
10-02 15:55:18.505 16740 16740 V threaded_app: WindowInsetsChanged: 0xb4000075358437b0
10-02 15:55:18.505 16740 16763 W event /Users/henryliu/.cargo/registry/src/index.crates.io-1949cf8c6b5b557f/winit-0.30.13/src/pTODO: handle Android InsetsChanged notification
10-02 15:55:18.505 16740 16762 I RustStdoutStderr: [2m2026-10-02T07:55:18.505513Z[0m [33m WARN[0m [2mwinit::platform_impl::android[0m[2m:[0m TODO: handle Android InsetsChanged notification
10-02 15:55:18.507 16740 16740 V GameActivity: onSurfaceCreated_native
10-02 15:55:18.507 16740 16740 V threaded_app: NativeWindowCreated: 0xb4000075358437b0 -- 0xb4000075c588cae0
10-02 15:55:18.507 16740 16740 V threaded_app: android_app_set_window called
10-02 15:55:18.508 16740 16763 V threaded_app: APP_CMD_INIT_WINDOW
10-02 15:55:18.508 16740 16740 V threaded_app: NativeWindowRedrawNeeded: 0xb4000075358437b0 -- 0xb4000075c588cae0
10-02 15:55:18.509 16740 16763 I event src/ui_preview.rs:480: ANDROID_REMOTE_BACKSTEP_DIAGNOSTICSdiagnostics = {"enabled":true,"nowMs":1790927718508.7476,"moveClockPulseId":37,"moveClockNextPulseMs":1790927718608.7476,"entryCount":3,"activeEntryCount":0,"processedEventCount":3,"remoteMotionEventCount":3,"remoteRemoveEventCount":0,"ignoredEventCount":0,"staleEventCount":0,"disabledEventCount":0,"pendingEventDropCount":0,"entryEvictionCount":0,"decodeErrorCount":0,"lastDecodeError":null,"offsetQueryCount":357,"offsetMatchCount":92,"targetMismatchCount":0,"inactiveFallbackCount":265,"entries":[{"atMs":2505.0,"packet":"ObjectPushed","objectId":"9002","fromX":304.0,"fromY":634.0,"toX":303.0,"toY":634.0,"direction":"Left","mode":"pushed","phaseCount":3,"startedMs":1790927715479.3142,"startedPulseId":18,"expiresMs":1790927718508.7476,"phaseIndex":2,"nextPhaseMs":1790927718608.7476,"completed":true},{"atMs":2356.0,"packet":"ObjectBackStep","objectId":"9003","fromX":301.0,"fromY":634.0,"toX":299.0,"toY":634.0,"direction":"Right","mode":"backstep","phaseCount":8,"startedMs":1790927715479.3142,"startedPulseId":18,"expiresMs":1790927718508.7476,"phaseIndex":7,"nextPhaseMs":1790927718608.7476,"completed":true},{"atMs":2502.0,"packet":"ObjectDash","objectId":"9004","fromX":301.0,"fromY":631.0,"toX":302.0,"toY":631.0,"direction":"Right","mode":"dashL","phaseCount":3,"startedMs":1790927715479.3142,"startedPulseId":18,"expiresMs":1790927718508.7476,"phaseIndex":2,"nextPhaseMs":1790927718608.7476,"completed":true}]};
10-02 15:55:18.509 16740 16762 I RustStdoutStderr: [2m2026-10-02T07:55:18.509861Z[0m [32m INFO[0m [2mmir2_platform_android::ui_preview[0m[2m:[0m ANDROID_REMOTE_BACKSTEP_DIAGNOSTICS [3mdiagnostics[0m[2m=[0m{"enabled":true,"nowMs":1790927718508.7476,"moveClockPulseId":37,"moveClockNextPulseMs":1790927718608.7476,"entryCount":3,"activeEntryCount":0,"processedEventCount":3,"remoteMotionEventCount":3,"remoteRemoveEventCount":0,"ignoredEventCount":0,"staleEventCount":0,"disabledEventCount":0,"pendingEventDropCount":0,"entryEvictionCount":0,"decodeErrorCount":0,"lastDecodeError":null,"offsetQueryCount":357,"offsetMatchCount":92,"targetMismatchCount":0,"inactiveFallbackCount":265,"entries":[{"atMs":2505.0,"packet":"ObjectPushed","objectId":"9002","fromX":304.0,"fromY":634.0,"toX":303.0,"toY":634.0,"direction":"Left","mode":"pushed","phaseCount":3,"startedMs":1790927715479.3142,"startedPulseId":18,"expiresMs":1790927718508.7476,"phaseIndex":2,"nextPhaseMs":1790927718608.7476,"completed":true},{"atMs":2356.0,"packet":"ObjectBackStep","objectId":"9003","fromX":301.0,"fromY":634.0,"toX":299.0,"toY":634.0,"direction":"Right","mode":"backstep","phaseCount":8,"startedMs":1790927715479.3142,"startedPulseId":18,"expiresMs":1790927718508.7476,"phaseIndex":7,"nextPhaseMs":1790927718608.7476,"completed":true},{"atMs":2502.0,"packet":"ObjectDash","objectId":"9004","fromX":301.0,"fromY":631.0,"toX":302.0,"toY":631.0,"direction":"Right","mode":"dashL","phaseCount":3,"startedMs":1790927715479.3142,"startedPulseId":18,"expiresMs":1790927718508.7476,"phaseIndex":2,"nextPhaseMs":1790927718608.7476,"completed":true}]}
10-02 15:55:18.525 16740 16763 I event /Users/henryliu/obelisk/numeron-worktrees/android-shared-sync/mir2-web3/third_party/bevyMIR2_ANDROID_SURFACE_CONFIG_PROBE reason=initial format=Rgba8Unorm size=2340x1080
10-02 15:55:18.525 16740 16762 I RustStdoutStderr: [2m2026-10-02T07:55:18.525097Z[0m [32m INFO[0m [2mbevy_render::view::window[0m[2m:[0m MIR2_ANDROID_SURFACE_CONFIG_PROBE reason=initial format=Rgba8Unorm size=2340x1080
10-02 15:55:18.526 16740 16763 I event /Users/henryliu/obelisk/numeron-worktrees/android-shared-sync/mir2-web3/third_party/bevyMIR2_ANDROID_SURFACE_ATTACHMENT_PROBE frame=0 raw=8 live=true internal=0x8058 size=2340x1080 samples=0 expected=Rgba8Unorm
10-02 15:55:18.526 16740 16762 I RustStdoutStderr: [2m2026-10-02T07:55:18.526894Z[0m [32m INFO[0m [2mbevy_render::view::window[0m[2m:[0m MIR2_ANDROID_SURFACE_ATTACHMENT_PROBE frame=0 raw=8 live=true internal=0x8058 size=2340x1080 samples=0 expected=Rgba8Unorm
10-02 15:55:18.527 16740 16762 I RustStdoutStderr: [2m2026-10-02T07:55:18.527195Z[0m [32m INFO[0m [2mbevy_render::view::window[0m[2m:[0m MIR2_ANDROID_VIEW_OUTPUT_PROBE frame=1 entity=178v0 current_surface_raw=8 has_camera=false has_view=false msaa=Some(Off) physical_target=None output=Some("TextureView { inner: Renderbuffer { raw: NativeRenderbuffer(5) }, aspects: FormatAspects(COLOR), mip_levels: 0..1, array_layers: 0..1, format: Rgba8Unorm }")
10-02 15:55:18.527 16740 16763 I event /Users/henryliu/obelisk/numeron-worktrees/android-shared-sync/mir2-web3/third_party/bevyMIR2_ANDROID_VIEW_OUTPUT_PROBE frame=1 entity=178v0 current_surface_raw=8 has_camera=false has_view=false msaa=Some(Off) physical_target=None output=Some("TextureView { inner: Renderbuffer { raw: NativeRenderbuffer(5) }, aspects: FormatAspects(COLOR), mip_levels: 0..1, array_layers: 0..1, format: Rgba8Unorm }")
10-02 15:55:18.530 16740 16740 V GameActivity: onImeInsetsChanged from Text Listener
10-02 15:55:18.530 16740 16740 V threaded_app: WindowInsetsChanged: 0xb4000075358437b0
10-02 15:55:18.534 16740 16740 V threaded_app: WindowFocusChanged: 0xb4000075358437b0 -- 1
10-02 15:55:18.544 16740 16763 I event /Users/henryliu/obelisk/numeron-worktrees/android-shared-sync/mir2-web3/third_party/bevyMIR2_ANDROID_VIEW_OUTPUT_PROBE frame=1 entity=178v0 current_surface_raw=8 has_camera=false has_view=false msaa=Some(Off) physical_target=None output=Some("TextureView { inner: Renderbuffer { raw: NativeRenderbuffer(5) }, aspects: FormatAspects(COLOR), mip_levels: 0..1, array_layers: 0..1, format: Rgba8Unorm }")
10-02 15:55:18.545 16740 16762 I RustStdoutStderr: [2m2026-10-02T07:55:18.544846Z[0m [32m INFO[0m [2mbevy_render::view::window[0m[2m:[0m MIR2_ANDROID_VIEW_OUTPUT_PROBE frame=1 entity=178v0 current_surface_raw=8 has_camera=false has_view=false msaa=Some(Off) physical_target=None output=Some("TextureView { inner: Renderbuffer { raw: NativeRenderbuffer(5) }, aspects: FormatAspects(COLOR), mip_levels: 0..1, array_layers: 0..1, format: Rgba8Unorm }")
10-02 15:55:18.545 16740 16763 W event /Users/henryliu/.cargo/registry/src/index.crates.io-1949cf8c6b5b557f/winit-0.30.13/src/pTODO: handle Android InsetsChanged notification
10-02 15:55:18.546 16740 16762 I RustStdoutStderr: [2m2026-10-02T07:55:18.545907Z[0m [33m WARN[0m [2mwinit::platform_impl::android[0m[2m:[0m TODO: handle Android InsetsChanged notification
10-02 15:55:18.546 16740 16740 V GameActivity: onImeInsetsChanged from Text Listener
10-02 15:55:18.546 16740 16740 V threaded_app: WindowInsetsChanged: 0xb4000075358437b0
10-02 15:55:18.561 16740 16763 I event /Users/henryliu/obelisk/numeron-worktrees/android-shared-sync/mir2-web3/third_party/bevyMIR2_ANDROID_VIEW_OUTPUT_PROBE frame=1 entity=178v0 current_surface_raw=8 has_camera=false has_view=false msaa=Some(Off) physical_target=None output=Some("TextureView { inner: Renderbuffer { raw: NativeRenderbuffer(5) }, aspects: FormatAspects(COLOR), mip_levels: 0..1, array_layers: 0..1, format: Rgba8Unorm }")
10-02 15:55:18.561 16740 16762 I RustStdoutStderr: [2m2026-10-02T07:55:18.561300Z[0m [32m INFO[0m [2mbevy_render::view::window[0m[2m:[0m MIR2_ANDROID_VIEW_OUTPUT_PROBE frame=1 entity=178v0 current_surface_raw=8 has_camera=false has_view=false msaa=Some(Off) physical_target=None output=Some("TextureView { inner: Renderbuffer { raw: NativeRenderbuffer(5) }, aspects: FormatAspects(COLOR), mip_levels: 0..1, array_layers: 0..1, format: Rgba8Unorm }")
10-02 15:55:18.562 16740 16763 W event /Users/henryliu/.cargo/registry/src/index.crates.io-1949cf8c6b5b557f/winit-0.30.13/src/pTODO: handle Android InsetsChanged notification
10-02 15:55:18.562 16740 16762 I RustStdoutStderr: [2m2026-10-02T07:55:18.562369Z[0m [33m WARN[0m [2mwinit::platform_impl::android[0m[2m:[0m TODO: handle Android InsetsChanged notification
10-02 15:55:18.575 16740 16763 I event /Users/henryliu/obelisk/numeron-worktrees/android-shared-sync/mir2-web3/third_party/bevyMIR2_ANDROID_SURFACE_ATTACHMENT_PROBE frame=1 raw=8 live=true internal=0x8058 size=2340x1080 samples=0 expected=Rgba8Unorm
10-02 15:55:18.575 16740 16762 I RustStdoutStderr: [2m2026-10-02T07:55:18.575605Z[0m [32m INFO[0m [2mbevy_render::view::window[0m[2m:[0m MIR2_ANDROID_SURFACE_ATTACHMENT_PROBE frame=1 raw=8 live=true internal=0x8058 size=2340x1080 samples=0 expected=Rgba8Unorm
10-02 15:55:18.577 16740 16763 I event /Users/henryliu/obelisk/numeron-worktrees/android-shared-sync/mir2-web3/third_party/bevyMIR2_ANDROID_VIEW_OUTPUT_PROBE frame=2 entity=178v0 current_surface_raw=8 has_camera=true has_view=true msaa=Some(Off) physical_target=Some(UVec2(2340, 1080)) output=Some("TextureView { inner: Renderbuffer { raw: NativeRenderbuffer(8) }, aspects: FormatAspects(COLOR), mip_levels: 0..1, array_layers: 0..1, format: Rgba8Unorm }")
10-02 15:55:18.577 16740 16762 I RustStdoutStderr: [2m2026-10-02T07:55:18.576996Z[0m [32m INFO[0m [2mbevy_render::view::window[0m[2m:[0m MIR2_ANDROID_VIEW_OUTPUT_PROBE frame=2 entity=178v0 current_surface_raw=8 has_camera=true has_view=true msaa=Some(Off) physical_target=Some(UVec2(2340, 1080)) output=Some("TextureView { inner: Renderbuffer { raw: NativeRenderbuffer(8) }, aspects: FormatAspects(COLOR), mip_levels: 0..1, array_layers: 0..1, format: Rgba8Unorm }")
10-02 15:55:18.598 16740 16763 I event /Users/henryliu/obelisk/numeron-worktrees/android-shared-sync/mir2-web3/third_party/bevyMIR2_ANDROID_SURFACE_ATTACHMENT_PROBE frame=2 raw=8 live=true internal=0x8058 size=2340x1080 samples=0 expected=Rgba8Unorm
10-02 15:55:18.598 16740 16762 I RustStdoutStderr: [2m2026-10-02T07:55:18.598687Z[0m [32m INFO[0m [2mbevy_render::view::window[0m[2m:[0m MIR2_ANDROID_SURFACE_ATTACHMENT_PROBE frame=2 raw=8 live=true internal=0x8058 size=2340x1080 samples=0 expected=Rgba8Unorm
10-02 15:55:18.599 16740 16763 I event /Users/henryliu/obelisk/numeron-worktrees/android-shared-sync/mir2-web3/third_party/bevyMIR2_ANDROID_VIEW_OUTPUT_PROBE frame=3 entity=178v0 current_surface_raw=8 has_camera=true has_view=true msaa=Some(Off) physical_target=Some(UVec2(2340, 1080)) output=Some("TextureView { inner: Renderbuffer { raw: NativeRenderbuffer(8) }, aspects: FormatAspects(COLOR), mip_levels: 0..1, array_layers: 0..1, format: Rgba8Unorm }")
10-02 15:55:18.599 16740 16762 I RustStdoutStderr: [2m2026-10-02T07:55:18.599213Z[0m [32m INFO[0m [2mbevy_render::view::window[0m[2m:[0m MIR2_ANDROID_VIEW_OUTPUT_PROBE frame=3 entity=178v0 current_surface_raw=8 has_camera=true has_view=true msaa=Some(Off) physical_target=Some(UVec2(2340, 1080)) output=Some("TextureView { inner: Renderbuffer { raw: NativeRenderbuffer(8) }, aspects: FormatAspects(COLOR), mip_levels: 0..1, array_layers: 0..1, format: Rgba8Unorm }")
10-02 15:55:18.612 16740 16763 I event /Users/henryliu/obelisk/numeron-worktrees/android-shared-sync/mir2-web3/third_party/bevyMIR2_ANDROID_SURFACE_ATTACHMENT_PROBE frame=3 raw=8 live=true internal=0x8058 size=2340x1080 samples=0 expected=Rgba8Unorm
10-02 15:55:18.612 16740 16762 I RustStdoutStderr: [2m2026-10-02T07:55:18.612620Z[0m [32m INFO[0m [2mbevy_render::view::window[0m[2m:[0m MIR2_ANDROID_SURFACE_ATTACHMENT_PROBE frame=3 raw=8 live=true internal=0x8058 size=2340x1080 samples=0 expected=Rgba8Unorm
10-02 15:55:18.613 16740 16763 I event /Users/henryliu/obelisk/numeron-worktrees/android-shared-sync/mir2-web3/third_party/bevyMIR2_ANDROID_VIEW_OUTPUT_PROBE frame=4 entity=178v0 current_surface_raw=8 has_camera=true has_view=true msaa=Some(Off) physical_target=Some(UVec2(2340, 1080)) output=Some("TextureView { inner: Renderbuffer { raw: NativeRenderbuffer(8) }, aspects: FormatAspects(COLOR), mip_levels: 0..1, array_layers: 0..1, format: Rgba8Unorm }")
10-02 15:55:18.615 16740 16762 I RustStdoutStderr: [2m2026-10-02T07:55:18.613887Z[0m [32m INFO[0m [2mbevy_render::view::window[0m[2m:[0m MIR2_ANDROID_VIEW_OUTPUT_PROBE frame=4 entity=178v0 current_surface_raw=8 has_camera=true has_view=true msaa=Some(Off) physical_target=Some(UVec2(2340, 1080)) output=Some("TextureView { inner: Renderbuffer { raw: NativeRenderbuffer(8) }, aspects: FormatAspects(COLOR), mip_levels: 0..1, array_layers: 0..1, format: Rgba8Unorm }")
10-02 15:55:18.629 16740 16763 I event /Users/henryliu/obelisk/numeron-worktrees/android-shared-sync/mir2-web3/third_party/bevyMIR2_ANDROID_SURFACE_ATTACHMENT_PROBE frame=4 raw=8 live=true internal=0x8058 size=2340x1080 samples=0 expected=Rgba8Unorm
10-02 15:55:18.629 16740 16762 I RustStdoutStderr: [2m2026-10-02T07:55:18.629133Z[0m [32m INFO[0m [2mbevy_render::view::window[0m[2m:[0m MIR2_ANDROID_SURFACE_ATTACHMENT_PROBE frame=4 raw=8 live=true internal=0x8058 size=2340x1080 samples=0 expected=Rgba8Unorm
10-02 15:55:18.629 16740 16763 I event /Users/henryliu/obelisk/numeron-worktrees/android-shared-sync/mir2-web3/third_party/bevyMIR2_ANDROID_VIEW_OUTPUT_PROBE frame=5 entity=178v0 current_surface_raw=8 has_camera=true has_view=true msaa=Some(Off) physical_target=Some(UVec2(2340, 1080)) output=Some("TextureView { inner: Renderbuffer { raw: NativeRenderbuffer(8) }, aspects: FormatAspects(COLOR), mip_levels: 0..1, array_layers: 0..1, format: Rgba8Unorm }")
10-02 15:55:18.629 16740 16762 I RustStdoutStderr: [2m2026-10-02T07:55:18.629767Z[0m [32m INFO[0m [2mbevy_render::view::window[0m[2m:[0m MIR2_ANDROID_VIEW_OUTPUT_PROBE frame=5 entity=178v0 current_surface_raw=8 has_camera=true has_view=true msaa=Some(Off) physical_target=Some(UVec2(2340, 1080)) output=Some("TextureView { inner: Renderbuffer { raw: NativeRenderbuffer(8) }, aspects: FormatAspects(COLOR), mip_levels: 0..1, array_layers: 0..1, format: Rgba8Unorm }")
10-02 15:55:18.642 16740 16763 I event /Users/henryliu/obelisk/numeron-worktrees/android-shared-sync/mir2-web3/third_party/bevyMIR2_ANDROID_SURFACE_ATTACHMENT_PROBE frame=5 raw=8 live=true internal=0x8058 size=2340x1080 samples=0 expected=Rgba8Unorm
10-02 15:55:18.643 16740 16762 I RustStdoutStderr: [2m2026-10-02T07:55:18.642870Z[0m [32m INFO[0m [2mbevy_render::view::window[0m[2m:[0m MIR2_ANDROID_SURFACE_ATTACHMENT_PROBE frame=5 raw=8 live=true internal=0x8058 size=2340x1080 samples=0 expected=Rgba8Unorm
10-02 15:55:18.643 16740 16762 I RustStdoutStderr: [2m2026-10-02T07:55:18.643269Z[0m [32m INFO[0m [2mbevy_render::view::window[0m[2m:[0m MIR2_ANDROID_VIEW_OUTPUT_PROBE frame=6 entity=178v0 current_surface_raw=8 has_camera=true has_view=true msaa=Some(Off) physical_target=Some(UVec2(2340, 1080)) output=Some("TextureView { inner: Renderbuffer { raw: NativeRenderbuffer(8) }, aspects: FormatAspects(COLOR), mip_levels: 0..1, array_layers: 0..1, format: Rgba8Unorm }")
10-02 15:55:18.643 16740 16763 I event /Users/henryliu/obelisk/numeron-worktrees/android-shared-sync/mir2-web3/third_party/bevyMIR2_ANDROID_VIEW_OUTPUT_PROBE frame=6 entity=178v0 current_surface_raw=8 has_camera=true has_view=true msaa=Some(Off) physical_target=Some(UVec2(2340, 1080)) output=Some("TextureView { inner: Renderbuffer { raw: NativeRenderbuffer(8) }, aspects: FormatAspects(COLOR), mip_levels: 0..1, array_layers: 0..1, format: Rgba8Unorm }")
10-02 15:55:18.659 16740 16763 I event /Users/henryliu/obelisk/numeron-worktrees/android-shared-sync/mir2-web3/third_party/bevyMIR2_ANDROID_SURFACE_ATTACHMENT_PROBE frame=6 raw=8 live=true internal=0x8058 size=2340x1080 samples=0 expected=Rgba8Unorm
10-02 15:55:18.659 16740 16762 I RustStdoutStderr: [2m2026-10-02T07:55:18.659668Z[0m [32m INFO[0m [2mbevy_render::view::window[0m[2m:[0m MIR2_ANDROID_SURFACE_ATTACHMENT_PROBE frame=6 raw=8 live=true internal=0x8058 size=2340x1080 samples=0 expected=Rgba8Unorm
10-02 15:55:18.660 16740 16763 I event /Users/henryliu/obelisk/numeron-worktrees/android-shared-sync/mir2-web3/third_party/bevyMIR2_ANDROID_VIEW_OUTPUT_PROBE frame=7 entity=178v0 current_surface_raw=8 has_camera=true has_view=true msaa=Some(Off) physical_target=Some(UVec2(2340, 1080)) output=Some("TextureView { inner: Renderbuffer { raw: NativeRenderbuffer(8) }, aspects: FormatAspects(COLOR), mip_levels: 0..1, array_layers: 0..1, format: Rgba8Unorm }")
10-02 15:55:18.660 16740 16762 I RustStdoutStderr: [2m2026-10-02T07:55:18.660105Z[0m [32m INFO[0m [2mbevy_render::view::window[0m[2m:[0m MIR2_ANDROID_VIEW_OUTPUT_PROBE frame=7 entity=178v0 current_surface_raw=8 has_camera=true has_view=true msaa=Some(Off) physical_target=Some(UVec2(2340, 1080)) output=Some("TextureView { inner: Renderbuffer { raw: NativeRenderbuffer(8) }, aspects: FormatAspects(COLOR), mip_levels: 0..1, array_layers: 0..1, format: Rgba8Unorm }")
10-02 15:55:18.675 16740 16763 I event /Users/henryliu/obelisk/numeron-worktrees/android-shared-sync/mir2-web3/third_party/bevyMIR2_ANDROID_SURFACE_ATTACHMENT_PROBE frame=7 raw=8 live=true internal=0x8058 size=2340x1080 samples=0 expected=Rgba8Unorm
10-02 15:55:18.675 16740 16762 I RustStdoutStderr: [2m2026-10-02T07:55:18.675022Z[0m [32m INFO[0m [2mbevy_render::view::window[0m[2m:[0m MIR2_ANDROID_SURFACE_ATTACHMENT_PROBE frame=7 raw=8 live=true internal=0x8058 size=2340x1080 samples=0 expected=Rgba8Unorm
10-02 15:55:18.675 16740 16763 I event /Users/henryliu/obelisk/numeron-worktrees/android-shared-sync/mir2-web3/third_party/bevyMIR2_ANDROID_VIEW_OUTPUT_PROBE frame=8 entity=178v0 current_surface_raw=8 has_camera=true has_view=true msaa=Some(Off) physical_target=Some(UVec2(2340, 1080)) output=Some("TextureView { inner: Renderbuffer { raw: NativeRenderbuffer(8) }, aspects: FormatAspects(COLOR), mip_levels: 0..1, array_layers: 0..1, format: Rgba8Unorm }")
10-02 15:55:18.675 16740 16762 I RustStdoutStderr: [2m2026-10-02T07:55:18.675439Z[0m [32m INFO[0m [2mbevy_render::view::window[0m[2m:[0m MIR2_ANDROID_VIEW_OUTPUT_PROBE frame=8 entity=178v0 current_surface_raw=8 has_camera=true has_view=true msaa=Some(Off) physical_target=Some(UVec2(2340, 1080)) output=Some("TextureView { inner: Renderbuffer { raw: NativeRenderbuffer(8) }, aspects: FormatAspects(COLOR), mip_levels: 0..1, array_layers: 0..1, format: Rgba8Unorm }")
10-02 15:55:18.691 16740 16763 I event /Users/henryliu/obelisk/numeron-worktrees/android-shared-sync/mir2-web3/third_party/bevyMIR2_ANDROID_SURFACE_ATTACHMENT_PROBE frame=8 raw=8 live=true internal=0x8058 size=2340x1080 samples=0 expected=Rgba8Unorm
10-02 15:55:18.691 16740 16762 I RustStdoutStderr: [2m2026-10-02T07:55:18.691798Z[0m [32m INFO[0m [2mbevy_render::view::window[0m[2m:[0m MIR2_ANDROID_SURFACE_ATTACHMENT_PROBE frame=8 raw=8 live=true internal=0x8058 size=2340x1080 samples=0 expected=Rgba8Unorm
10-02 15:55:18.692 16740 16763 I event /Users/henryliu/obelisk/numeron-worktrees/android-shared-sync/mir2-web3/third_party/bevyMIR2_ANDROID_VIEW_OUTPUT_PROBE frame=9 entity=178v0 current_surface_raw=8 has_camera=true has_view=true msaa=Some(Off) physical_target=Some(UVec2(2340, 1080)) output=Some("TextureView { inner: Renderbuffer { raw: NativeRenderbuffer(8) }, aspects: FormatAspects(COLOR), mip_levels: 0..1, array_layers: 0..1, format: Rgba8Unorm }")
10-02 15:55:18.692 16740 16762 I RustStdoutStderr: [2m2026-10-02T07:55:18.692345Z[0m [32m INFO[0m [2mbevy_render::view::window[0m[2m:[0m MIR2_ANDROID_VIEW_OUTPUT_PROBE frame=9 entity=178v0 current_surface_raw=8 has_camera=true has_view=true msaa=Some(Off) physical_target=Some(UVec2(2340, 1080)) output=Some("TextureView { inner: Renderbuffer { raw: NativeRenderbuffer(8) }, aspects: FormatAspects(COLOR), mip_levels: 0..1, array_layers: 0..1, format: Rgba8Unorm }")
10-02 15:55:18.709 16740 16763 I event /Users/henryliu/obelisk/numeron-worktrees/android-shared-sync/mir2-web3/third_party/bevyMIR2_ANDROID_SURFACE_ATTACHMENT_PROBE frame=9 raw=8 live=true internal=0x8058 size=2340x1080 samples=0 expected=Rgba8Unorm
10-02 15:55:18.709 16740 16762 I RustStdoutStderr: [2m2026-10-02T07:55:18.709818Z[0m [32m INFO[0m [2mbevy_render::view::window[0m[2m:[0m MIR2_ANDROID_SURFACE_ATTACHMENT_PROBE frame=9 raw=8 live=true internal=0x8058 size=2340x1080 samples=0 expected=Rgba8Unorm
10-02 15:55:18.710 16740 16763 I event /Users/henryliu/obelisk/numeron-worktrees/android-shared-sync/mir2-web3/third_party/bevyMIR2_ANDROID_VIEW_OUTPUT_PROBE frame=10 entity=178v0 current_surface_raw=8 has_camera=true has_view=true msaa=Some(Off) physical_target=Some(UVec2(2340, 1080)) output=Some("TextureView { inner: Renderbuffer { raw: NativeRenderbuffer(8) }, aspects: FormatAspects(COLOR), mip_levels: 0..1, array_layers: 0..1, format: Rgba8Unorm }")
10-02 15:55:18.710 16740 16762 I RustStdoutStderr: [2m2026-10-02T07:55:18.710139Z[0m [32m INFO[0m [2mbevy_render::view::window[0m[2m:[0m MIR2_ANDROID_VIEW_OUTPUT_PROBE frame=10 entity=178v0 current_surface_raw=8 has_camera=true has_view=true msaa=Some(Off) physical_target=Some(UVec2(2340, 1080)) output=Some("TextureView { inner: Renderbuffer { raw: NativeRenderbuffer(8) }, aspects: FormatAspects(COLOR), mip_levels: 0..1, array_layers: 0..1, format: Rgba8Unorm }")
10-02 15:55:18.725 16740 16763 I event /Users/henryliu/obelisk/numeron-worktrees/android-shared-sync/mir2-web3/third_party/bevyMIR2_ANDROID_SURFACE_ATTACHMENT_PROBE frame=10 raw=8 live=true internal=0x8058 size=2340x1080 samples=0 expected=Rgba8Unorm
10-02 15:55:18.725 16740 16762 I RustStdoutStderr: [2m2026-10-02T07:55:18.725204Z[0m [32m INFO[0m [2mbevy_render::view::window[0m[2m:[0m MIR2_ANDROID_SURFACE_ATTACHMENT_PROBE frame=10 raw=8 live=true internal=0x8058 size=2340x1080 samples=0 expected=Rgba8Unorm
10-02 15:55:18.725 16740 16763 I event /Users/henryliu/obelisk/numeron-worktrees/android-shared-sync/mir2-web3/third_party/bevyMIR2_ANDROID_VIEW_OUTPUT_PROBE frame=11 entity=178v0 current_surface_raw=8 has_camera=true has_view=true msaa=Some(Off) physical_target=Some(UVec2(2340, 1080)) output=Some("TextureView { inner: Renderbuffer { raw: NativeRenderbuffer(8) }, aspects: FormatAspects(COLOR), mip_levels: 0..1, array_layers: 0..1, format: Rgba8Unorm }")
10-02 15:55:18.725 16740 16762 I RustStdoutStderr: [2m2026-10-02T07:55:18.725843Z[0m [32m INFO[0m [2mbevy_render::view::window[0m[2m:[0m MIR2_ANDROID_VIEW_OUTPUT_PROBE frame=11 entity=178v0 current_surface_raw=8 has_camera=true has_view=true msaa=Some(Off) physical_target=Some(UVec2(2340, 1080)) output=Some("TextureView { inner: Renderbuffer { raw: NativeRenderbuffer(8) }, aspects: FormatAspects(COLOR), mip_levels: 0..1, array_layers: 0..1, format: Rgba8Unorm }")
10-02 15:55:18.741 16740 16763 I event /Users/henryliu/obelisk/numeron-worktrees/android-shared-sync/mir2-web3/third_party/bevyMIR2_ANDROID_SURFACE_ATTACHMENT_PROBE frame=11 raw=8 live=true internal=0x8058 size=2340x1080 samples=0 expected=Rgba8Unorm
10-02 15:55:18.742 16740 16762 I RustStdoutStderr: [2m2026-10-02T07:55:18.741929Z[0m [32m INFO[0m [2mbevy_render::view::window[0m[2m:[0m MIR2_ANDROID_SURFACE_ATTACHMENT_PROBE frame=11 raw=8 live=true internal=0x8058 size=2340x1080 samples=0 expected=Rgba8Unorm
10-02 15:55:18.742 16740 16763 I event /Users/henryliu/obelisk/numeron-worktrees/android-shared-sync/mir2-web3/third_party/bevyMIR2_ANDROID_VIEW_OUTPUT_PROBE frame=12 entity=178v0 current_surface_raw=8 has_camera=true has_view=true msaa=Some(Off) physical_target=Some(UVec2(2340, 1080)) output=Some("TextureView { inner: Renderbuffer { raw: NativeRenderbuffer(8) }, aspects: FormatAspects(COLOR), mip_levels: 0..1, array_layers: 0..1, format: Rgba8Unorm }")
10-02 15:55:18.742 16740 16762 I RustStdoutStderr: [2m2026-10-02T07:55:18.742276Z[0m [32m INFO[0m [2mbevy_render::view::window[0m[2m:[0m MIR2_ANDROID_VIEW_OUTPUT_PROBE frame=12 entity=178v0 current_surface_raw=8 has_camera=true has_view=true msaa=Some(Off) physical_target=Some(UVec2(2340, 1080)) output=Some("TextureView { inner: Renderbuffer { raw: NativeRenderbuffer(8) }, aspects: FormatAspects(COLOR), mip_levels: 0..1, array_layers: 0..1, format: Rgba8Unorm }")
10-02 15:55:18.758 16740 16763 I event /Users/henryliu/obelisk/numeron-worktrees/android-shared-sync/mir2-web3/third_party/bevyMIR2_ANDROID_SURFACE_ATTACHMENT_PROBE frame=12 raw=8 live=true internal=0x8058 size=2340x1080 samples=0 expected=Rgba8Unorm
10-02 15:55:18.758 16740 16762 I RustStdoutStderr: [2m2026-10-02T07:55:18.757978Z[0m [32m INFO[0m [2mbevy_render::view::window[0m[2m:[0m MIR2_ANDROID_SURFACE_ATTACHMENT_PROBE frame=12 raw=8 live=true internal=0x8058 size=2340x1080 samples=0 expected=Rgba8Unorm
10-02 15:55:18.758 16740 16763 I event /Users/henryliu/obelisk/numeron-worktrees/android-shared-sync/mir2-web3/third_party/bevyMIR2_ANDROID_VIEW_OUTPUT_PROBE frame=13 entity=178v0 current_surface_raw=8 has_camera=true has_view=true msaa=Some(Off) physical_target=Some(UVec2(2340, 1080)) output=Some("TextureView { inner: Renderbuffer { raw: NativeRenderbuffer(8) }, aspects: FormatAspects(COLOR), mip_levels: 0..1, array_layers: 0..1, format: Rgba8Unorm }")
10-02 15:55:18.758 16740 16762 I RustStdoutStderr: [2m2026-10-02T07:55:18.758302Z[0m [32m INFO[0m [2mbevy_render::view::window[0m[2m:[0m MIR2_ANDROID_VIEW_OUTPUT_PROBE frame=13 entity=178v0 current_surface_raw=8 has_camera=true has_view=true msaa=Some(Off) physical_target=Some(UVec2(2340, 1080)) output=Some("TextureView { inner: Renderbuffer { raw: NativeRenderbuffer(8) }, aspects: FormatAspects(COLOR), mip_levels: 0..1, array_layers: 0..1, format: Rgba8Unorm }")
10-02 15:55:18.775 16740 16763 I event /Users/henryliu/obelisk/numeron-worktrees/android-shared-sync/mir2-web3/third_party/bevyMIR2_ANDROID_SURFACE_ATTACHMENT_PROBE frame=13 raw=8 live=true internal=0x8058 size=2340x1080 samples=0 expected=Rgba8Unorm
10-02 15:55:18.775 16740 16762 I RustStdoutStderr: [2m2026-10-02T07:55:18.775452Z[0m [32m INFO[0m [2mbevy_render::view::window[0m[2m:[0m MIR2_ANDROID_SURFACE_ATTACHMENT_PROBE frame=13 raw=8 live=true internal=0x8058 size=2340x1080 samples=0 expected=Rgba8Unorm
10-02 15:55:18.775 16740 16763 I event /Users/henryliu/obelisk/numeron-worktrees/android-shared-sync/mir2-web3/third_party/bevyMIR2_ANDROID_VIEW_OUTPUT_PROBE frame=14 entity=178v0 current_surface_raw=8 has_camera=true has_view=true msaa=Some(Off) physical_target=Some(UVec2(2340, 1080)) output=Some("TextureView { inner: Renderbuffer { raw: NativeRenderbuffer(8) }, aspects: FormatAspects(COLOR), mip_levels: 0..1, array_layers: 0..1, format: Rgba8Unorm }")
10-02 15:55:18.776 16740 16762 I RustStdoutStderr: [2m2026-10-02T07:55:18.775826Z[0m [32m INFO[0m [2mbevy_render::view::window[0m[2m:[0m MIR2_ANDROID_VIEW_OUTPUT_PROBE frame=14 entity=178v0 current_surface_raw=8 has_camera=true has_view=true msaa=Some(Off) physical_target=Some(UVec2(2340, 1080)) output=Some("TextureView { inner: Renderbuffer { raw: NativeRenderbuffer(8) }, aspects: FormatAspects(COLOR), mip_levels: 0..1, array_layers: 0..1, format: Rgba8Unorm }")
10-02 15:55:18.791 16740 16763 I event /Users/henryliu/obelisk/numeron-worktrees/android-shared-sync/mir2-web3/third_party/bevyMIR2_ANDROID_SURFACE_ATTACHMENT_PROBE frame=14 raw=8 live=true internal=0x8058 size=2340x1080 samples=0 expected=Rgba8Unorm
10-02 15:55:18.791 16740 16762 I RustStdoutStderr: [2m2026-10-02T07:55:18.791487Z[0m [32m INFO[0m [2mbevy_render::view::window[0m[2m:[0m MIR2_ANDROID_SURFACE_ATTACHMENT_PROBE frame=14 raw=8 live=true internal=0x8058 size=2340x1080 samples=0 expected=Rgba8Unorm
10-02 15:55:18.792 16740 16763 I event /Users/henryliu/obelisk/numeron-worktrees/android-shared-sync/mir2-web3/third_party/bevyMIR2_ANDROID_VIEW_OUTPUT_PROBE frame=15 entity=178v0 current_surface_raw=8 has_camera=true has_view=true msaa=Some(Off) physical_target=Some(UVec2(2340, 1080)) output=Some("TextureView { inner: Renderbuffer { raw: NativeRenderbuffer(8) }, aspects: FormatAspects(COLOR), mip_levels: 0..1, array_layers: 0..1, format: Rgba8Unorm }")
10-02 15:55:18.792 16740 16762 I RustStdoutStderr: [2m2026-10-02T07:55:18.791974Z[0m [32m INFO[0m [2mbevy_render::view::window[0m[2m:[0m MIR2_ANDROID_VIEW_OUTPUT_PROBE frame=15 entity=178v0 current_surface_raw=8 has_camera=true has_view=true msaa=Some(Off) physical_target=Some(UVec2(2340, 1080)) output=Some("TextureView { inner: Renderbuffer { raw: NativeRenderbuffer(8) }, aspects: FormatAspects(COLOR), mip_levels: 0..1, array_layers: 0..1, format: Rgba8Unorm }")
10-02 15:55:18.805 16740 16763 I event /Users/henryliu/obelisk/numeron-worktrees/android-shared-sync/mir2-web3/third_party/bevyMIR2_ANDROID_SURFACE_ATTACHMENT_PROBE frame=15 raw=8 live=true internal=0x8058 size=2340x1080 samples=0 expected=Rgba8Unorm
10-02 15:55:18.806 16740 16763 I event /Users/henryliu/obelisk/numeron-worktrees/android-shared-sync/mir2-web3/third_party/bevyMIR2_ANDROID_VIEW_OUTPUT_PROBE frame=16 entity=178v0 current_surface_raw=8 has_camera=true has_view=true msaa=Some(Off) physical_target=Some(UVec2(2340, 1080)) output=Some("TextureView { inner: Renderbuffer { raw: NativeRenderbuffer(8) }, aspects: FormatAspects(COLOR), mip_levels: 0..1, array_layers: 0..1, format: Rgba8Unorm }")
10-02 15:55:18.810 16740 16762 I RustStdoutStderr: [2m2026-10-02T07:55:18.805773Z[0m [32m INFO[0m [2mbevy_render::view::window[0m[2m:[0m MIR2_ANDROID_SURFACE_ATTACHMENT_PROBE frame=15 raw=8 live=true internal=0x8058 size=2340x1080 samples=0 expected=Rgba8Unorm
10-02 15:55:18.810 16740 16762 I RustStdoutStderr: [2m2026-10-02T07:55:18.806286Z[0m [32m INFO[0m [2mbevy_render::view::window[0m[2m:[0m MIR2_ANDROID_VIEW_OUTPUT_PROBE frame=16 entity=178v0 current_surface_raw=8 has_camera=true has_view=true msaa=Some(Off) physical_target=Some(UVec2(2340, 1080)) output=Some("TextureView { inner: Renderbuffer { raw: NativeRenderbuffer(8) }, aspects: FormatAspects(COLOR), mip_levels: 0..1, array_layers: 0..1, format: Rgba8Unorm }")
10-02 15:55:18.842 16740 16763 I event /Users/henryliu/obelisk/numeron-worktrees/android-shared-sync/mir2-web3/third_party/bevyMIR2_ANDROID_SURFACE_ATTACHMENT_PROBE frame=16 raw=8 live=true internal=0x8058 size=2340x1080 samples=0 expected=Rgba8Unorm
10-02 15:55:18.842 16740 16762 I RustStdoutStderr: [2m2026-10-02T07:55:18.842536Z[0m [32m INFO[0m [2mbevy_render::view::window[0m[2m:[0m MIR2_ANDROID_SURFACE_ATTACHMENT_PROBE frame=16 raw=8 live=true internal=0x8058 size=2340x1080 samples=0 expected=Rgba8Unorm
10-02 15:55:18.843 16740 16763 I event /Users/henryliu/obelisk/numeron-worktrees/android-shared-sync/mir2-web3/third_party/bevyMIR2_ANDROID_VIEW_OUTPUT_PROBE frame=17 entity=178v0 current_surface_raw=8 has_camera=true has_view=true msaa=Some(Off) physical_target=Some(UVec2(2340, 1080)) output=Some("TextureView { inner: Renderbuffer { raw: NativeRenderbuffer(8) }, aspects: FormatAspects(COLOR), mip_levels: 0..1, array_layers: 0..1, format: Rgba8Unorm }")
10-02 15:55:18.843 16740 16762 I RustStdoutStderr: [2m2026-10-02T07:55:18.843224Z[0m [32m INFO[0m [2mbevy_render::view::window[0m[2m:[0m MIR2_ANDROID_VIEW_OUTPUT_PROBE frame=17 entity=178v0 current_surface_raw=8 has_camera=true has_view=true msaa=Some(Off) physical_target=Some(UVec2(2340, 1080)) output=Some("TextureView { inner: Renderbuffer { raw: NativeRenderbuffer(8) }, aspects: FormatAspects(COLOR), mip_levels: 0..1, array_layers: 0..1, format: Rgba8Unorm }")
10-02 15:55:18.862 16740 16763 I event /Users/henryliu/obelisk/numeron-worktrees/android-shared-sync/mir2-web3/third_party/bevyMIR2_ANDROID_SURFACE_ATTACHMENT_PROBE frame=17 raw=8 live=true internal=0x8058 size=2340x1080 samples=0 expected=Rgba8Unorm
10-02 15:55:18.862 16740 16762 I RustStdoutStderr: [2m2026-10-02T07:55:18.862661Z[0m [32m INFO[0m [2mbevy_render::view::window[0m[2m:[0m MIR2_ANDROID_SURFACE_ATTACHMENT_PROBE frame=17 raw=8 live=true internal=0x8058 size=2340x1080 samples=0 expected=Rgba8Unorm
10-02 15:55:18.863 16740 16763 I event /Users/henryliu/obelisk/numeron-worktrees/android-shared-sync/mir2-web3/third_party/bevyMIR2_ANDROID_VIEW_OUTPUT_PROBE frame=18 entity=178v0 current_surface_raw=8 has_camera=true has_view=true msaa=Some(Off) physical_target=Some(UVec2(2340, 1080)) output=Some("TextureView { inner: Renderbuffer { raw: NativeRenderbuffer(8) }, aspects: FormatAspects(COLOR), mip_levels: 0..1, array_layers: 0..1, format: Rgba8Unorm }")
10-02 15:55:18.864 16740 16762 I RustStdoutStderr: [2m2026-10-02T07:55:18.863133Z[0m [32m INFO[0m [2mbevy_render::view::window[0m[2m:[0m MIR2_ANDROID_VIEW_OUTPUT_PROBE frame=18 entity=178v0 current_surface_raw=8 has_camera=true has_view=true msaa=Some(Off) physical_target=Some(UVec2(2340, 1080)) output=Some("TextureView { inner: Renderbuffer { raw: NativeRenderbuffer(8) }, aspects: FormatAspects(COLOR), mip_levels: 0..1, array_layers: 0..1, format: Rgba8Unorm }")
10-02 15:55:18.877 16740 16763 I event /Users/henryliu/obelisk/numeron-worktrees/android-shared-sync/mir2-web3/third_party/bevyMIR2_ANDROID_SURFACE_ATTACHMENT_PROBE frame=18 raw=8 live=true internal=0x8058 size=2340x1080 samples=0 expected=Rgba8Unorm
10-02 15:55:18.877 16740 16762 I RustStdoutStderr: [2m2026-10-02T07:55:18.877778Z[0m [32m INFO[0m [2mbevy_render::view::window[0m[2m:[0m MIR2_ANDROID_SURFACE_ATTACHMENT_PROBE frame=18 raw=8 live=true internal=0x8058 size=2340x1080 samples=0 expected=Rgba8Unorm
10-02 15:55:18.878 16740 16763 I event /Users/henryliu/obelisk/numeron-worktrees/android-shared-sync/mir2-web3/third_party/bevyMIR2_ANDROID_VIEW_OUTPUT_PROBE frame=19 entity=178v0 current_surface_raw=8 has_camera=true has_view=true msaa=Some(Off) physical_target=Some(UVec2(2340, 1080)) output=Some("TextureView { inner: Renderbuffer { raw: NativeRenderbuffer(8) }, aspects: FormatAspects(COLOR), mip_levels: 0..1, array_layers: 0..1, format: Rgba8Unorm }")
10-02 15:55:18.878 16740 16762 I RustStdoutStderr: [2m2026-10-02T07:55:18.878156Z[0m [32m INFO[0m [2mbevy_render::view::window[0m[2m:[0m MIR2_ANDROID_VIEW_OUTPUT_PROBE frame=19 entity=178v0 current_surface_raw=8 has_camera=true has_view=true msaa=Some(Off) physical_target=Some(UVec2(2340, 1080)) output=Some("TextureView { inner: Renderbuffer { raw: NativeRenderbuffer(8) }, aspects: FormatAspects(COLOR), mip_levels: 0..1, array_layers: 0..1, format: Rgba8Unorm }")
10-02 15:55:18.895 16740 16763 I event /Users/henryliu/obelisk/numeron-worktrees/android-shared-sync/mir2-web3/third_party/bevyMIR2_ANDROID_SURFACE_ATTACHMENT_PROBE frame=19 raw=8 live=true internal=0x8058 size=2340x1080 samples=0 expected=Rgba8Unorm
10-02 15:55:18.895 16740 16762 I RustStdoutStderr: [2m2026-10-02T07:55:18.895625Z[0m [32m INFO[0m [2mbevy_render::view::window[0m[2m:[0m MIR2_ANDROID_SURFACE_ATTACHMENT_PROBE frame=19 raw=8 live=true internal=0x8058 size=2340x1080 samples=0 expected=Rgba8Unorm
10-02 15:55:18.896 16740 16763 I event /Users/henryliu/obelisk/numeron-worktrees/android-shared-sync/mir2-web3/third_party/bevyMIR2_ANDROID_VIEW_OUTPUT_PROBE frame=20 entity=178v0 current_surface_raw=8 has_camera=true has_view=true msaa=Some(Off) physical_target=Some(UVec2(2340, 1080)) output=Some("TextureView { inner: Renderbuffer { raw: NativeRenderbuffer(8) }, aspects: FormatAspects(COLOR), mip_levels: 0..1, array_layers: 0..1, format: Rgba8Unorm }")
10-02 15:55:18.897 16740 16762 I RustStdoutStderr: [2m2026-10-02T07:55:18.895998Z[0m [32m INFO[0m [2mbevy_render::view::window[0m[2m:[0m MIR2_ANDROID_VIEW_OUTPUT_PROBE frame=20 entity=178v0 current_surface_raw=8 has_camera=true has_view=true msaa=Some(Off) physical_target=Some(UVec2(2340, 1080)) output=Some("TextureView { inner: Renderbuffer { raw: NativeRenderbuffer(8) }, aspects: FormatAspects(COLOR), mip_levels: 0..1, array_layers: 0..1, format: Rgba8Unorm }")
10-02 15:55:18.911 16740 16763 I event /Users/henryliu/obelisk/numeron-worktrees/android-shared-sync/mir2-web3/third_party/bevyMIR2_ANDROID_SURFACE_ATTACHMENT_PROBE frame=20 raw=8 live=true internal=0x8058 size=2340x1080 samples=0 expected=Rgba8Unorm
10-02 15:55:18.911 16740 16762 I RustStdoutStderr: [2m2026-10-02T07:55:18.911628Z[0m [32m INFO[0m [2mbevy_render::view::window[0m[2m:[0m MIR2_ANDROID_SURFACE_ATTACHMENT_PROBE frame=20 raw=8 live=true internal=0x8058 size=2340x1080 samples=0 expected=Rgba8Unorm
10-02 15:55:18.912 16740 16763 I event /Users/henryliu/obelisk/numeron-worktrees/android-shared-sync/mir2-web3/third_party/bevyMIR2_ANDROID_VIEW_OUTPUT_PROBE frame=21 entity=178v0 current_surface_raw=8 has_camera=true has_view=true msaa=Some(Off) physical_target=Some(UVec2(2340, 1080)) output=Some("TextureView { inner: Renderbuffer { raw: NativeRenderbuffer(8) }, aspects: FormatAspects(COLOR), mip_levels: 0..1, array_layers: 0..1, format: Rgba8Unorm }")
10-02 15:55:18.912 16740 16762 I RustStdoutStderr: [2m2026-10-02T07:55:18.912041Z[0m [32m INFO[0m [2mbevy_render::view::window[0m[2m:[0m MIR2_ANDROID_VIEW_OUTPUT_PROBE frame=21 entity=178v0 current_surface_raw=8 has_camera=true has_view=true msaa=Some(Off) physical_target=Some(UVec2(2340, 1080)) output=Some("TextureView { inner: Renderbuffer { raw: NativeRenderbuffer(8) }, aspects: FormatAspects(COLOR), mip_levels: 0..1, array_layers: 0..1, format: Rgba8Unorm }")
10-02 15:55:18.915 16740 16805 D ProfileInstaller: Installing profile for com.mir2.web3.uipreview
10-02 15:55:18.931 16740 16762 I RustStdoutStderr: [2m2026-10-02T07:55:18.931027Z[0m [32m INFO[0m [2mbevy_render::view::window[0m[2m:[0m MIR2_ANDROID_SURFACE_ATTACHMENT_PROBE frame=21 raw=8 live=true internal=0x8058 size=2340x1080 samples=0 expected=Rgba8Unorm
10-02 15:55:18.931 16740 16763 I event /Users/henryliu/obelisk/numeron-worktrees/android-shared-sync/mir2-web3/third_party/bevyMIR2_ANDROID_SURFACE_ATTACHMENT_PROBE frame=21 raw=8 live=true internal=0x8058 size=2340x1080 samples=0 expected=Rgba8Unorm
10-02 15:55:18.932 16740 16763 I event /Users/henryliu/obelisk/numeron-worktrees/android-shared-sync/mir2-web3/third_party/bevyMIR2_ANDROID_VIEW_OUTPUT_PROBE frame=22 entity=178v0 current_surface_raw=8 has_camera=true has_view=true msaa=Some(Off) physical_target=Some(UVec2(2340, 1080)) output=Some("TextureView { inner: Renderbuffer { raw: NativeRenderbuffer(8) }, aspects: FormatAspects(COLOR), mip_levels: 0..1, array_layers: 0..1, format: Rgba8Unorm }")
10-02 15:55:18.932 16740 16762 I RustStdoutStderr: [2m2026-10-02T07:55:18.932681Z[0m [32m INFO[0m [2mbevy_render::view::window[0m[2m:[0m MIR2_ANDROID_VIEW_OUTPUT_PROBE frame=22 entity=178v0 current_surface_raw=8 has_camera=true has_view=true msaa=Some(Off) physical_target=Some(UVec2(2340, 1080)) output=Some("TextureView { inner: Renderbuffer { raw: NativeRenderbuffer(8) }, aspects: FormatAspects(COLOR), mip_levels: 0..1, array_layers: 0..1, format: Rgba8Unorm }")
10-02 15:55:18.945 16740 16763 I event /Users/henryliu/obelisk/numeron-worktrees/android-shared-sync/mir2-web3/third_party/bevyMIR2_ANDROID_SURFACE_ATTACHMENT_PROBE frame=22 raw=8 live=true internal=0x8058 size=2340x1080 samples=0 expected=Rgba8Unorm
10-02 15:55:18.945 16740 16762 I RustStdoutStderr: [2m2026-10-02T07:55:18.945457Z[0m [32m INFO[0m [2mbevy_render::view::window[0m[2m:[0m MIR2_ANDROID_SURFACE_ATTACHMENT_PROBE frame=22 raw=8 live=true internal=0x8058 size=2340x1080 samples=0 expected=Rgba8Unorm
10-02 15:55:18.945 16740 16763 I event /Users/henryliu/obelisk/numeron-worktrees/android-shared-sync/mir2-web3/third_party/bevyMIR2_ANDROID_VIEW_OUTPUT_PROBE frame=23 entity=178v0 current_surface_raw=8 has_camera=true has_view=true msaa=Some(Off) physical_target=Some(UVec2(2340, 1080)) output=Some("TextureView { inner: Renderbuffer { raw: NativeRenderbuffer(8) }, aspects: FormatAspects(COLOR), mip_levels: 0..1, array_layers: 0..1, format: Rgba8Unorm }")
10-02 15:55:18.946 16740 16762 I RustStdoutStderr: [2m2026-10-02T07:55:18.945844Z[0m [32m INFO[0m [2mbevy_render::view::window[0m[2m:[0m MIR2_ANDROID_VIEW_OUTPUT_PROBE frame=23 entity=178v0 current_surface_raw=8 has_camera=true has_view=true msaa=Some(Off) physical_target=Some(UVec2(2340, 1080)) output=Some("TextureView { inner: Renderbuffer { raw: NativeRenderbuffer(8) }, aspects: FormatAspects(COLOR), mip_levels: 0..1, array_layers: 0..1, format: Rgba8Unorm }")
10-02 15:55:18.959 16740 16763 I event /Users/henryliu/obelisk/numeron-worktrees/android-shared-sync/mir2-web3/third_party/bevyMIR2_ANDROID_SURFACE_ATTACHMENT_PROBE frame=23 raw=8 live=true internal=0x8058 size=2340x1080 samples=0 expected=Rgba8Unorm
10-02 15:55:18.959 16740 16762 I RustStdoutStderr: [2m2026-10-02T07:55:18.959768Z[0m [32m INFO[0m [2mbevy_render::view::window[0m[2m:[0m MIR2_ANDROID_SURFACE_ATTACHMENT_PROBE frame=23 raw=8 live=true internal=0x8058 size=2340x1080 samples=0 expected=Rgba8Unorm
10-02 15:55:18.960 16740 16763 I event /Users/henryliu/obelisk/numeron-worktrees/android-shared-sync/mir2-web3/third_party/bevyMIR2_ANDROID_VIEW_OUTPUT_PROBE frame=24 entity=178v0 current_surface_raw=8 has_camera=true has_view=true msaa=Some(Off) physical_target=Some(UVec2(2340, 1080)) output=Some("TextureView { inner: Renderbuffer { raw: NativeRenderbuffer(8) }, aspects: FormatAspects(COLOR), mip_levels: 0..1, array_layers: 0..1, format: Rgba8Unorm }")
10-02 15:55:18.960 16740 16762 I RustStdoutStderr: [2m2026-10-02T07:55:18.960189Z[0m [32m INFO[0m [2mbevy_render::view::window[0m[2m:[0m MIR2_ANDROID_VIEW_OUTPUT_PROBE frame=24 entity=178v0 current_surface_raw=8 has_camera=true has_view=true msaa=Some(Off) physical_target=Some(UVec2(2340, 1080)) output=Some("TextureView { inner: Renderbuffer { raw: NativeRenderbuffer(8) }, aspects: FormatAspects(COLOR), mip_levels: 0..1, array_layers: 0..1, format: Rgba8Unorm }")
10-02 15:55:18.975 16740 16763 I event /Users/henryliu/obelisk/numeron-worktrees/android-shared-sync/mir2-web3/third_party/bevyMIR2_ANDROID_SURFACE_ATTACHMENT_PROBE frame=24 raw=8 live=true internal=0x8058 size=2340x1080 samples=0 expected=Rgba8Unorm
10-02 15:55:18.975 16740 16762 I RustStdoutStderr: [2m2026-10-02T07:55:18.975822Z[0m [32m INFO[0m [2mbevy_render::view::window[0m[2m:[0m MIR2_ANDROID_SURFACE_ATTACHMENT_PROBE frame=24 raw=8 live=true internal=0x8058 size=2340x1080 samples=0 expected=Rgba8Unorm
10-02 15:55:18.976 16740 16763 I event /Users/henryliu/obelisk/numeron-worktrees/android-shared-sync/mir2-web3/third_party/bevyMIR2_ANDROID_VIEW_OUTPUT_PROBE frame=25 entity=178v0 current_surface_raw=8 has_camera=true has_view=true msaa=Some(Off) physical_target=Some(UVec2(2340, 1080)) output=Some("TextureView { inner: Renderbuffer { raw: NativeRenderbuffer(8) }, aspects: FormatAspects(COLOR), mip_levels: 0..1, array_layers: 0..1, format: Rgba8Unorm }")
10-02 15:55:18.976 16740 16762 I RustStdoutStderr: [2m2026-10-02T07:55:18.976346Z[0m [32m INFO[0m [2mbevy_render::view::window[0m[2m:[0m MIR2_ANDROID_VIEW_OUTPUT_PROBE frame=25 entity=178v0 current_surface_raw=8 has_camera=true has_view=true msaa=Some(Off) physical_target=Some(UVec2(2340, 1080)) output=Some("TextureView { inner: Renderbuffer { raw: NativeRenderbuffer(8) }, aspects: FormatAspects(COLOR), mip_levels: 0..1, array_layers: 0..1, format: Rgba8Unorm }")
10-02 15:55:18.991 16740 16763 I event /Users/henryliu/obelisk/numeron-worktrees/android-shared-sync/mir2-web3/third_party/bevyMIR2_ANDROID_SURFACE_ATTACHMENT_PROBE frame=25 raw=8 live=true internal=0x8058 size=2340x1080 samples=0 expected=Rgba8Unorm
10-02 15:55:18.991 16740 16762 I RustStdoutStderr: [2m2026-10-02T07:55:18.991564Z[0m [32m INFO[0m [2mbevy_render::view::window[0m[2m:[0m MIR2_ANDROID_SURFACE_ATTACHMENT_PROBE frame=25 raw=8 live=true internal=0x8058 size=2340x1080 samples=0 expected=Rgba8Unorm
10-02 15:55:18.992 16740 16763 I event /Users/henryliu/obelisk/numeron-worktrees/android-shared-sync/mir2-web3/third_party/bevyMIR2_ANDROID_VIEW_OUTPUT_PROBE frame=26 entity=178v0 current_surface_raw=8 has_camera=true has_view=true msaa=Some(Off) physical_target=Some(UVec2(2340, 1080)) output=Some("TextureView { inner: Renderbuffer { raw: NativeRenderbuffer(8) }, aspects: FormatAspects(COLOR), mip_levels: 0..1, array_layers: 0..1, format: Rgba8Unorm }")
10-02 15:55:18.992 16740 16762 I RustStdoutStderr: [2m2026-10-02T07:55:18.992018Z[0m [32m INFO[0m [2mbevy_render::view::window[0m[2m:[0m MIR2_ANDROID_VIEW_OUTPUT_PROBE frame=26 entity=178v0 current_surface_raw=8 has_camera=true has_view=true msaa=Some(Off) physical_target=Some(UVec2(2340, 1080)) output=Some("TextureView { inner: Renderbuffer { raw: NativeRenderbuffer(8) }, aspects: FormatAspects(COLOR), mip_levels: 0..1, array_layers: 0..1, format: Rgba8Unorm }")
10-02 15:55:19.008 16740 16763 I event /Users/henryliu/obelisk/numeron-worktrees/android-shared-sync/mir2-web3/third_party/bevyMIR2_ANDROID_SURFACE_ATTACHMENT_PROBE frame=26 raw=8 live=true internal=0x8058 size=2340x1080 samples=0 expected=Rgba8Unorm
10-02 15:55:19.009 16740 16762 I RustStdoutStderr: [2m2026-10-02T07:55:19.008860Z[0m [32m INFO[0m [2mbevy_render::view::window[0m[2m:[0m MIR2_ANDROID_SURFACE_ATTACHMENT_PROBE frame=26 raw=8 live=true internal=0x8058 size=2340x1080 samples=0 expected=Rgba8Unorm
10-02 15:55:19.009 16740 16763 I event /Users/henryliu/obelisk/numeron-worktrees/android-shared-sync/mir2-web3/third_party/bevyMIR2_ANDROID_VIEW_OUTPUT_PROBE frame=27 entity=178v0 current_surface_raw=8 has_camera=true has_view=true msaa=Some(Off) physical_target=Some(UVec2(2340, 1080)) output=Some("TextureView { inner: Renderbuffer { raw: NativeRenderbuffer(8) }, aspects: FormatAspects(COLOR), mip_levels: 0..1, array_layers: 0..1, format: Rgba8Unorm }")
10-02 15:55:19.009 16740 16762 I RustStdoutStderr: [2m2026-10-02T07:55:19.009632Z[0m [32m INFO[0m [2mbevy_render::view::window[0m[2m:[0m MIR2_ANDROID_VIEW_OUTPUT_PROBE frame=27 entity=178v0 current_surface_raw=8 has_camera=true has_view=true msaa=Some(Off) physical_target=Some(UVec2(2340, 1080)) output=Some("TextureView { inner: Renderbuffer { raw: NativeRenderbuffer(8) }, aspects: FormatAspects(COLOR), mip_levels: 0..1, array_layers: 0..1, format: Rgba8Unorm }")
10-02 15:55:19.025 16740 16763 I event /Users/henryliu/obelisk/numeron-worktrees/android-shared-sync/mir2-web3/third_party/bevyMIR2_ANDROID_SURFACE_ATTACHMENT_PROBE frame=27 raw=8 live=true internal=0x8058 size=2340x1080 samples=0 expected=Rgba8Unorm
10-02 15:55:19.025 16740 16762 I RustStdoutStderr: [2m2026-10-02T07:55:19.024967Z[0m [32m INFO[0m [2mbevy_render::view::window[0m[2m:[0m MIR2_ANDROID_SURFACE_ATTACHMENT_PROBE frame=27 raw=8 live=true internal=0x8058 size=2340x1080 samples=0 expected=Rgba8Unorm
10-02 15:55:19.025 16740 16763 I event /Users/henryliu/obelisk/numeron-worktrees/android-shared-sync/mir2-web3/third_party/bevyMIR2_ANDROID_VIEW_OUTPUT_PROBE frame=28 entity=178v0 current_surface_raw=8 has_camera=true has_view=true msaa=Some(Off) physical_target=Some(UVec2(2340, 1080)) output=Some("TextureView { inner: Renderbuffer { raw: NativeRenderbuffer(8) }, aspects: FormatAspects(COLOR), mip_levels: 0..1, array_layers: 0..1, format: Rgba8Unorm }")
10-02 15:55:19.025 16740 16762 I RustStdoutStderr: [2m2026-10-02T07:55:19.025561Z[0m [32m INFO[0m [2mbevy_render::view::window[0m[2m:[0m MIR2_ANDROID_VIEW_OUTPUT_PROBE frame=28 entity=178v0 current_surface_raw=8 has_camera=true has_view=true msaa=Some(Off) physical_target=Some(UVec2(2340, 1080)) output=Some("TextureView { inner: Renderbuffer { raw: NativeRenderbuffer(8) }, aspects: FormatAspects(COLOR), mip_levels: 0..1, array_layers: 0..1, format: Rgba8Unorm }")
10-02 15:55:19.042 16740 16763 I event /Users/henryliu/obelisk/numeron-worktrees/android-shared-sync/mir2-web3/third_party/bevyMIR2_ANDROID_SURFACE_ATTACHMENT_PROBE frame=28 raw=8 live=true internal=0x8058 size=2340x1080 samples=0 expected=Rgba8Unorm
10-02 15:55:19.042 16740 16762 I RustStdoutStderr: [2m2026-10-02T07:55:19.042401Z[0m [32m INFO[0m [2mbevy_render::view::window[0m[2m:[0m MIR2_ANDROID_SURFACE_ATTACHMENT_PROBE frame=28 raw=8 live=true internal=0x8058 size=2340x1080 samples=0 expected=Rgba8Unorm
10-02 15:55:19.042 16740 16763 I event /Users/henryliu/obelisk/numeron-worktrees/android-shared-sync/mir2-web3/third_party/bevyMIR2_ANDROID_VIEW_OUTPUT_PROBE frame=29 entity=178v0 current_surface_raw=8 has_camera=true has_view=true msaa=Some(Off) physical_target=Some(UVec2(2340, 1080)) output=Some("TextureView { inner: Renderbuffer { raw: NativeRenderbuffer(8) }, aspects: FormatAspects(COLOR), mip_levels: 0..1, array_layers: 0..1, format: Rgba8Unorm }")
10-02 15:55:19.042 16740 16762 I RustStdoutStderr: [2m2026-10-02T07:55:19.042875Z[0m [32m INFO[0m [2mbevy_render::view::window[0m[2m:[0m MIR2_ANDROID_VIEW_OUTPUT_PROBE frame=29 entity=178v0 current_surface_raw=8 has_camera=true has_view=true msaa=Some(Off) physical_target=Some(UVec2(2340, 1080)) output=Some("TextureView { inner: Renderbuffer { raw: NativeRenderbuffer(8) }, aspects: FormatAspects(COLOR), mip_levels: 0..1, array_layers: 0..1, format: Rgba8Unorm }")
10-02 15:55:19.059 16740 16763 I event /Users/henryliu/obelisk/numeron-worktrees/android-shared-sync/mir2-web3/third_party/bevyMIR2_ANDROID_SURFACE_ATTACHMENT_PROBE frame=29 raw=8 live=true internal=0x8058 size=2340x1080 samples=0 expected=Rgba8Unorm
10-02 15:55:19.059 16740 16762 I RustStdoutStderr: [2m2026-10-02T07:55:19.059381Z[0m [32m INFO[0m [2mbevy_render::view::window[0m[2m:[0m MIR2_ANDROID_SURFACE_ATTACHMENT_PROBE frame=29 raw=8 live=true internal=0x8058 size=2340x1080 samples=0 expected=Rgba8Unorm
10-02 15:55:19.059 16740 16763 I event /Users/henryliu/obelisk/numeron-worktrees/android-shared-sync/mir2-web3/third_party/bevyMIR2_ANDROID_VIEW_OUTPUT_PROBE frame=30 entity=178v0 current_surface_raw=8 has_camera=true has_view=true msaa=Some(Off) physical_target=Some(UVec2(2340, 1080)) output=Some("TextureView { inner: Renderbuffer { raw: NativeRenderbuffer(8) }, aspects: FormatAspects(COLOR), mip_levels: 0..1, array_layers: 0..1, format: Rgba8Unorm }")
10-02 15:55:19.059 16740 16762 I RustStdoutStderr: [2m2026-10-02T07:55:19.059749Z[0m [32m INFO[0m [2mbevy_render::view::window[0m[2m:[0m MIR2_ANDROID_VIEW_OUTPUT_PROBE frame=30 entity=178v0 current_surface_raw=8 has_camera=true has_view=true msaa=Some(Off) physical_target=Some(UVec2(2340, 1080)) output=Some("TextureView { inner: Renderbuffer { raw: NativeRenderbuffer(8) }, aspects: FormatAspects(COLOR), mip_levels: 0..1, array_layers: 0..1, format: Rgba8Unorm }")
10-02 15:55:19.074 16740 16763 I event /Users/henryliu/obelisk/numeron-worktrees/android-shared-sync/mir2-web3/third_party/bevyMIR2_ANDROID_SURFACE_ATTACHMENT_PROBE frame=30 raw=8 live=true internal=0x8058 size=2340x1080 samples=0 expected=Rgba8Unorm
10-02 15:55:19.074 16740 16762 I RustStdoutStderr: [2m2026-10-02T07:55:19.074393Z[0m [32m INFO[0m [2mbevy_render::view::window[0m[2m:[0m MIR2_ANDROID_SURFACE_ATTACHMENT_PROBE frame=30 raw=8 live=true internal=0x8058 size=2340x1080 samples=0 expected=Rgba8Unorm
10-02 15:55:19.074 16740 16763 I event /Users/henryliu/obelisk/numeron-worktrees/android-shared-sync/mir2-web3/third_party/bevyMIR2_ANDROID_VIEW_OUTPUT_PROBE frame=31 entity=178v0 current_surface_raw=8 has_camera=true has_view=true msaa=Some(Off) physical_target=Some(UVec2(2340, 1080)) output=Some("TextureView { inner: Renderbuffer { raw: NativeRenderbuffer(8) }, aspects: FormatAspects(COLOR), mip_levels: 0..1, array_layers: 0..1, format: Rgba8Unorm }")
10-02 15:55:19.075 16740 16762 I RustStdoutStderr: [2m2026-10-02T07:55:19.074856Z[0m [32m INFO[0m [2mbevy_render::view::window[0m[2m:[0m MIR2_ANDROID_VIEW_OUTPUT_PROBE frame=31 entity=178v0 current_surface_raw=8 has_camera=true has_view=true msaa=Some(Off) physical_target=Some(UVec2(2340, 1080)) output=Some("TextureView { inner: Renderbuffer { raw: NativeRenderbuffer(8) }, aspects: FormatAspects(COLOR), mip_levels: 0..1, array_layers: 0..1, format: Rgba8Unorm }")
10-02 15:55:19.093 16740 16763 I event /Users/henryliu/obelisk/numeron-worktrees/android-shared-sync/mir2-web3/third_party/bevyMIR2_ANDROID_SURFACE_ATTACHMENT_PROBE frame=31 raw=8 live=true internal=0x8058 size=2340x1080 samples=0 expected=Rgba8Unorm
10-02 15:55:19.093 16740 16762 I RustStdoutStderr: [2m2026-10-02T07:55:19.093153Z[0m [32m INFO[0m [2mbevy_render::view::window[0m[2m:[0m MIR2_ANDROID_SURFACE_ATTACHMENT_PROBE frame=31 raw=8 live=true internal=0x8058 size=2340x1080 samples=0 expected=Rgba8Unorm
10-02 15:55:19.093 16740 16763 I event /Users/henryliu/obelisk/numeron-worktrees/android-shared-sync/mir2-web3/third_party/bevyMIR2_ANDROID_VIEW_OUTPUT_PROBE frame=32 entity=178v0 current_surface_raw=8 has_camera=true has_view=true msaa=Some(Off) physical_target=Some(UVec2(2340, 1080)) output=Some("TextureView { inner: Renderbuffer { raw: NativeRenderbuffer(8) }, aspects: FormatAspects(COLOR), mip_levels: 0..1, array_layers: 0..1, format: Rgba8Unorm }")
10-02 15:55:19.093 16740 16762 I RustStdoutStderr: [2m2026-10-02T07:55:19.093699Z[0m [32m INFO[0m [2mbevy_render::view::window[0m[2m:[0m MIR2_ANDROID_VIEW_OUTPUT_PROBE frame=32 entity=178v0 current_surface_raw=8 has_camera=true has_view=true msaa=Some(Off) physical_target=Some(UVec2(2340, 1080)) output=Some("TextureView { inner: Renderbuffer { raw: NativeRenderbuffer(8) }, aspects: FormatAspects(COLOR), mip_levels: 0..1, array_layers: 0..1, format: Rgba8Unorm }")
10-02 15:55:19.108 16740 16763 I event /Users/henryliu/obelisk/numeron-worktrees/android-shared-sync/mir2-web3/third_party/bevyMIR2_ANDROID_SURFACE_ATTACHMENT_PROBE frame=32 raw=8 live=true internal=0x8058 size=2340x1080 samples=0 expected=Rgba8Unorm
10-02 15:55:19.108 16740 16762 I RustStdoutStderr: [2m2026-10-02T07:55:19.108627Z[0m [32m INFO[0m [2mbevy_render::view::window[0m[2m:[0m MIR2_ANDROID_SURFACE_ATTACHMENT_PROBE frame=32 raw=8 live=true internal=0x8058 size=2340x1080 samples=0 expected=Rgba8Unorm
10-02 15:55:19.109 16740 16763 I event /Users/henryliu/obelisk/numeron-worktrees/android-shared-sync/mir2-web3/third_party/bevyMIR2_ANDROID_VIEW_OUTPUT_PROBE frame=33 entity=178v0 current_surface_raw=8 has_camera=true has_view=true msaa=Some(Off) physical_target=Some(UVec2(2340, 1080)) output=Some("TextureView { inner: Renderbuffer { raw: NativeRenderbuffer(8) }, aspects: FormatAspects(COLOR), mip_levels: 0..1, array_layers: 0..1, format: Rgba8Unorm }")
10-02 15:55:19.109 16740 16762 I RustStdoutStderr: [2m2026-10-02T07:55:19.109008Z[0m [32m INFO[0m [2mbevy_render::view::window[0m[2m:[0m MIR2_ANDROID_VIEW_OUTPUT_PROBE frame=33 entity=178v0 current_surface_raw=8 has_camera=true has_view=true msaa=Some(Off) physical_target=Some(UVec2(2340, 1080)) output=Some("TextureView { inner: Renderbuffer { raw: NativeRenderbuffer(8) }, aspects: FormatAspects(COLOR), mip_levels: 0..1, array_layers: 0..1, format: Rgba8Unorm }")
10-02 15:55:19.126 16740 16763 I event /Users/henryliu/obelisk/numeron-worktrees/android-shared-sync/mir2-web3/third_party/bevyMIR2_ANDROID_SURFACE_ATTACHMENT_PROBE frame=33 raw=8 live=true internal=0x8058 size=2340x1080 samples=0 expected=Rgba8Unorm
10-02 15:55:19.126 16740 16762 I RustStdoutStderr: [2m2026-10-02T07:55:19.126293Z[0m [32m INFO[0m [2mbevy_render::view::window[0m[2m:[0m MIR2_ANDROID_SURFACE_ATTACHMENT_PROBE frame=33 raw=8 live=true internal=0x8058 size=2340x1080 samples=0 expected=Rgba8Unorm
10-02 15:55:19.126 16740 16763 I event /Users/henryliu/obelisk/numeron-worktrees/android-shared-sync/mir2-web3/third_party/bevyMIR2_ANDROID_VIEW_OUTPUT_PROBE frame=34 entity=178v0 current_surface_raw=8 has_camera=true has_view=true msaa=Some(Off) physical_target=Some(UVec2(2340, 1080)) output=Some("TextureView { inner: Renderbuffer { raw: NativeRenderbuffer(8) }, aspects: FormatAspects(COLOR), mip_levels: 0..1, array_layers: 0..1, format: Rgba8Unorm }")
10-02 15:55:19.126 16740 16762 I RustStdoutStderr: [2m2026-10-02T07:55:19.126743Z[0m [32m INFO[0m [2mbevy_render::view::window[0m[2m:[0m MIR2_ANDROID_VIEW_OUTPUT_PROBE frame=34 entity=178v0 current_surface_raw=8 has_camera=true has_view=true msaa=Some(Off) physical_target=Some(UVec2(2340, 1080)) output=Some("TextureView { inner: Renderbuffer { raw: NativeRenderbuffer(8) }, aspects: FormatAspects(COLOR), mip_levels: 0..1, array_layers: 0..1, format: Rgba8Unorm }")
10-02 15:55:19.142 16740 16763 I event /Users/henryliu/obelisk/numeron-worktrees/android-shared-sync/mir2-web3/third_party/bevyMIR2_ANDROID_SURFACE_ATTACHMENT_PROBE frame=34 raw=8 live=true internal=0x8058 size=2340x1080 samples=0 expected=Rgba8Unorm
10-02 15:55:19.142 16740 16762 I RustStdoutStderr: [2m2026-10-02T07:55:19.142610Z[0m [32m INFO[0m [2mbevy_render::view::window[0m[2m:[0m MIR2_ANDROID_SURFACE_ATTACHMENT_PROBE frame=34 raw=8 live=true internal=0x8058 size=2340x1080 samples=0 expected=Rgba8Unorm
10-02 15:55:19.143 16740 16763 I event /Users/henryliu/obelisk/numeron-worktrees/android-shared-sync/mir2-web3/third_party/bevyMIR2_ANDROID_VIEW_OUTPUT_PROBE frame=35 entity=178v0 current_surface_raw=8 has_camera=true has_view=true msaa=Some(Off) physical_target=Some(UVec2(2340, 1080)) output=Some("TextureView { inner: Renderbuffer { raw: NativeRenderbuffer(8) }, aspects: FormatAspects(COLOR), mip_levels: 0..1, array_layers: 0..1, format: Rgba8Unorm }")
10-02 15:55:19.143 16740 16762 I RustStdoutStderr: [2m2026-10-02T07:55:19.143095Z[0m [32m INFO[0m [2mbevy_render::view::window[0m[2m:[0m MIR2_ANDROID_VIEW_OUTPUT_PROBE frame=35 entity=178v0 current_surface_raw=8 has_camera=true has_view=true msaa=Some(Off) physical_target=Some(UVec2(2340, 1080)) output=Some("TextureView { inner: Renderbuffer { raw: NativeRenderbuffer(8) }, aspects: FormatAspects(COLOR), mip_levels: 0..1, array_layers: 0..1, format: Rgba8Unorm }")
10-02 15:55:19.159 16740 16763 I event /Users/henryliu/obelisk/numeron-worktrees/android-shared-sync/mir2-web3/third_party/bevyMIR2_ANDROID_SURFACE_ATTACHMENT_PROBE frame=35 raw=8 live=true internal=0x8058 size=2340x1080 samples=0 expected=Rgba8Unorm
10-02 15:55:19.159 16740 16762 I RustStdoutStderr: [2m2026-10-02T07:55:19.159428Z[0m [32m INFO[0m [2mbevy_render::view::window[0m[2m:[0m MIR2_ANDROID_SURFACE_ATTACHMENT_PROBE frame=35 raw=8 live=true internal=0x8058 size=2340x1080 samples=0 expected=Rgba8Unorm
10-02 15:55:19.159 16740 16763 I event /Users/henryliu/obelisk/numeron-worktrees/android-shared-sync/mir2-web3/third_party/bevyMIR2_ANDROID_VIEW_OUTPUT_PROBE frame=36 entity=178v0 current_surface_raw=8 has_camera=true has_view=true msaa=Some(Off) physical_target=Some(UVec2(2340, 1080)) output=Some("TextureView { inner: Renderbuffer { raw: NativeRenderbuffer(8) }, aspects: FormatAspects(COLOR), mip_levels: 0..1, array_layers: 0..1, format: Rgba8Unorm }")
10-02 15:55:19.160 16740 16762 I RustStdoutStderr: [2m2026-10-02T07:55:19.159795Z[0m [32m INFO[0m [2mbevy_render::view::window[0m[2m:[0m MIR2_ANDROID_VIEW_OUTPUT_PROBE frame=36 entity=178v0 current_surface_raw=8 has_camera=true has_view=true msaa=Some(Off) physical_target=Some(UVec2(2340, 1080)) output=Some("TextureView { inner: Renderbuffer { raw: NativeRenderbuffer(8) }, aspects: FormatAspects(COLOR), mip_levels: 0..1, array_layers: 0..1, format: Rgba8Unorm }")
10-02 15:55:19.175 16740 16763 I event /Users/henryliu/obelisk/numeron-worktrees/android-shared-sync/mir2-web3/third_party/bevyMIR2_ANDROID_SURFACE_ATTACHMENT_PROBE frame=36 raw=8 live=true internal=0x8058 size=2340x1080 samples=0 expected=Rgba8Unorm
10-02 15:55:19.175 16740 16762 I RustStdoutStderr: [2m2026-10-02T07:55:19.175537Z[0m [32m INFO[0m [2mbevy_render::view::window[0m[2m:[0m MIR2_ANDROID_SURFACE_ATTACHMENT_PROBE frame=36 raw=8 live=true internal=0x8058 size=2340x1080 samples=0 expected=Rgba8Unorm
10-02 15:55:19.176 16740 16763 I event /Users/henryliu/obelisk/numeron-worktrees/android-shared-sync/mir2-web3/third_party/bevyMIR2_ANDROID_VIEW_OUTPUT_PROBE frame=37 entity=178v0 current_surface_raw=8 has_camera=true has_view=true msaa=Some(Off) physical_target=Some(UVec2(2340, 1080)) output=Some("TextureView { inner: Renderbuffer { raw: NativeRenderbuffer(8) }, aspects: FormatAspects(COLOR), mip_levels: 0..1, array_layers: 0..1, format: Rgba8Unorm }")
10-02 15:55:19.176 16740 16762 I RustStdoutStderr: [2m2026-10-02T07:55:19.176131Z[0m [32m INFO[0m [2mbevy_render::view::window[0m[2m:[0m MIR2_ANDROID_VIEW_OUTPUT_PROBE frame=37 entity=178v0 current_surface_raw=8 has_camera=true has_view=true msaa=Some(Off) physical_target=Some(UVec2(2340, 1080)) output=Some("TextureView { inner: Renderbuffer { raw: NativeRenderbuffer(8) }, aspects: FormatAspects(COLOR), mip_levels: 0..1, array_layers: 0..1, format: Rgba8Unorm }")
10-02 15:55:19.192 16740 16763 I event /Users/henryliu/obelisk/numeron-worktrees/android-shared-sync/mir2-web3/third_party/bevyMIR2_ANDROID_SURFACE_ATTACHMENT_PROBE frame=37 raw=8 live=true internal=0x8058 size=2340x1080 samples=0 expected=Rgba8Unorm
10-02 15:55:19.192 16740 16762 I RustStdoutStderr: [2m2026-10-02T07:55:19.192777Z[0m [32m INFO[0m [2mbevy_render::view::window[0m[2m:[0m MIR2_ANDROID_SURFACE_ATTACHMENT_PROBE frame=37 raw=8 live=true internal=0x8058 size=2340x1080 samples=0 expected=Rgba8Unorm
10-02 15:55:19.193 16740 16763 I event /Users/henryliu/obelisk/numeron-worktrees/android-shared-sync/mir2-web3/third_party/bevyMIR2_ANDROID_VIEW_OUTPUT_PROBE frame=38 entity=178v0 current_surface_raw=8 has_camera=true has_view=true msaa=Some(Off) physical_target=Some(UVec2(2340, 1080)) output=Some("TextureView { inner: Renderbuffer { raw: NativeRenderbuffer(8) }, aspects: FormatAspects(COLOR), mip_levels: 0..1, array_layers: 0..1, format: Rgba8Unorm }")
10-02 15:55:19.193 16740 16762 I RustStdoutStderr: [2m2026-10-02T07:55:19.193172Z[0m [32m INFO[0m [2mbevy_render::view::window[0m[2m:[0m MIR2_ANDROID_VIEW_OUTPUT_PROBE frame=38 entity=178v0 current_surface_raw=8 has_camera=true has_view=true msaa=Some(Off) physical_target=Some(UVec2(2340, 1080)) output=Some("TextureView { inner: Renderbuffer { raw: NativeRenderbuffer(8) }, aspects: FormatAspects(COLOR), mip_levels: 0..1, array_layers: 0..1, format: Rgba8Unorm }")
10-02 15:55:19.209 16740 16763 I event /Users/henryliu/obelisk/numeron-worktrees/android-shared-sync/mir2-web3/third_party/bevyMIR2_ANDROID_SURFACE_ATTACHMENT_PROBE frame=38 raw=8 live=true internal=0x8058 size=2340x1080 samples=0 expected=Rgba8Unorm
10-02 15:55:19.209 16740 16762 I RustStdoutStderr: [2m2026-10-02T07:55:19.208993Z[0m [32m INFO[0m [2mbevy_render::view::window[0m[2m:[0m MIR2_ANDROID_SURFACE_ATTACHMENT_PROBE frame=38 raw=8 live=true internal=0x8058 size=2340x1080 samples=0 expected=Rgba8Unorm
10-02 15:55:19.209 16740 16763 I event /Users/henryliu/obelisk/numeron-worktrees/android-shared-sync/mir2-web3/third_party/bevyMIR2_ANDROID_VIEW_OUTPUT_PROBE frame=39 entity=178v0 current_surface_raw=8 has_camera=true has_view=true msaa=Some(Off) physical_target=Some(UVec2(2340, 1080)) output=Some("TextureView { inner: Renderbuffer { raw: NativeRenderbuffer(8) }, aspects: FormatAspects(COLOR), mip_levels: 0..1, array_layers: 0..1, format: Rgba8Unorm }")
10-02 15:55:19.209 16740 16762 I RustStdoutStderr: [2m2026-10-02T07:55:19.209639Z[0m [32m INFO[0m [2mbevy_render::view::window[0m[2m:[0m MIR2_ANDROID_VIEW_OUTPUT_PROBE frame=39 entity=178v0 current_surface_raw=8 has_camera=true has_view=true msaa=Some(Off) physical_target=Some(UVec2(2340, 1080)) output=Some("TextureView { inner: Renderbuffer { raw: NativeRenderbuffer(8) }, aspects: FormatAspects(COLOR), mip_levels: 0..1, array_layers: 0..1, format: Rgba8Unorm }")
10-02 15:55:19.226 16740 16763 I event /Users/henryliu/obelisk/numeron-worktrees/android-shared-sync/mir2-web3/third_party/bevyMIR2_ANDROID_SURFACE_ATTACHMENT_PROBE frame=39 raw=8 live=true internal=0x8058 size=2340x1080 samples=0 expected=Rgba8Unorm
10-02 15:55:19.227 16740 16762 I RustStdoutStderr: [2m2026-10-02T07:55:19.226916Z[0m [32m INFO[0m [2mbevy_render::view::window[0m[2m:[0m MIR2_ANDROID_SURFACE_ATTACHMENT_PROBE frame=39 raw=8 live=true internal=0x8058 size=2340x1080 samples=0 expected=Rgba8Unorm
10-02 15:55:19.227 16740 16763 I event /Users/henryliu/obelisk/numeron-worktrees/android-shared-sync/mir2-web3/third_party/bevyMIR2_ANDROID_VIEW_OUTPUT_PROBE frame=40 entity=178v0 current_surface_raw=8 has_camera=true has_view=true msaa=Some(Off) physical_target=Some(UVec2(2340, 1080)) output=Some("TextureView { inner: Renderbuffer { raw: NativeRenderbuffer(8) }, aspects: FormatAspects(COLOR), mip_levels: 0..1, array_layers: 0..1, format: Rgba8Unorm }")
10-02 15:55:19.227 16740 16762 I RustStdoutStderr: [2m2026-10-02T07:55:19.227533Z[0m [32m INFO[0m [2mbevy_render::view::window[0m[2m:[0m MIR2_ANDROID_VIEW_OUTPUT_PROBE frame=40 entity=178v0 current_surface_raw=8 has_camera=true has_view=true msaa=Some(Off) physical_target=Some(UVec2(2340, 1080)) output=Some("TextureView { inner: Renderbuffer { raw: NativeRenderbuffer(8) }, aspects: FormatAspects(COLOR), mip_levels: 0..1, array_layers: 0..1, format: Rgba8Unorm }")
10-02 15:55:19.242 16740 16763 I event /Users/henryliu/obelisk/numeron-worktrees/android-shared-sync/mir2-web3/third_party/bevyMIR2_ANDROID_SURFACE_ATTACHMENT_PROBE frame=40 raw=8 live=true internal=0x8058 size=2340x1080 samples=0 expected=Rgba8Unorm
10-02 15:55:19.242 16740 16762 I RustStdoutStderr: [2m2026-10-02T07:55:19.242784Z[0m [32m INFO[0m [2mbevy_render::view::window[0m[2m:[0m MIR2_ANDROID_SURFACE_ATTACHMENT_PROBE frame=40 raw=8 live=true internal=0x8058 size=2340x1080 samples=0 expected=Rgba8Unorm
10-02 15:55:19.243 16740 16763 I event /Users/henryliu/obelisk/numeron-worktrees/android-shared-sync/mir2-web3/third_party/bevyMIR2_ANDROID_VIEW_OUTPUT_PROBE frame=41 entity=178v0 current_surface_raw=8 has_camera=true has_view=true msaa=Some(Off) physical_target=Some(UVec2(2340, 1080)) output=Some("TextureView { inner: Renderbuffer { raw: NativeRenderbuffer(8) }, aspects: FormatAspects(COLOR), mip_levels: 0..1, array_layers: 0..1, format: Rgba8Unorm }")
10-02 15:55:19.243 16740 16762 I RustStdoutStderr: [2m2026-10-02T07:55:19.243233Z[0m [32m INFO[0m [2mbevy_render::view::window[0m[2m:[0m MIR2_ANDROID_VIEW_OUTPUT_PROBE frame=41 entity=178v0 current_surface_raw=8 has_camera=true has_view=true msaa=Some(Off) physical_target=Some(UVec2(2340, 1080)) output=Some("TextureView { inner: Renderbuffer { raw: NativeRenderbuffer(8) }, aspects: FormatAspects(COLOR), mip_levels: 0..1, array_layers: 0..1, format: Rgba8Unorm }")
10-02 15:55:19.258 16740 16763 I event /Users/henryliu/obelisk/numeron-worktrees/android-shared-sync/mir2-web3/third_party/bevyMIR2_ANDROID_SURFACE_ATTACHMENT_PROBE frame=41 raw=8 live=true internal=0x8058 size=2340x1080 samples=0 expected=Rgba8Unorm
10-02 15:55:19.258 16740 16762 I RustStdoutStderr: [2m2026-10-02T07:55:19.258645Z[0m [32m INFO[0m [2mbevy_render::view::window[0m[2m:[0m MIR2_ANDROID_SURFACE_ATTACHMENT_PROBE frame=41 raw=8 live=true internal=0x8058 size=2340x1080 samples=0 expected=Rgba8Unorm
10-02 15:55:19.259 16740 16763 I event /Users/henryliu/obelisk/numeron-worktrees/android-shared-sync/mir2-web3/third_party/bevyMIR2_ANDROID_VIEW_OUTPUT_PROBE frame=42 entity=178v0 current_surface_raw=8 has_camera=true has_view=true msaa=Some(Off) physical_target=Some(UVec2(2340, 1080)) output=Some("TextureView { inner: Renderbuffer { raw: NativeRenderbuffer(8) }, aspects: FormatAspects(COLOR), mip_levels: 0..1, array_layers: 0..1, format: Rgba8Unorm }")
10-02 15:55:19.259 16740 16762 I RustStdoutStderr: [2m2026-10-02T07:55:19.259027Z[0m [32m INFO[0m [2mbevy_render::view::window[0m[2m:[0m MIR2_ANDROID_VIEW_OUTPUT_PROBE frame=42 entity=178v0 current_surface_raw=8 has_camera=true has_view=true msaa=Some(Off) physical_target=Some(UVec2(2340, 1080)) output=Some("TextureView { inner: Renderbuffer { raw: NativeRenderbuffer(8) }, aspects: FormatAspects(COLOR), mip_levels: 0..1, array_layers: 0..1, format: Rgba8Unorm }")
10-02 15:55:19.274 16740 16763 I event /Users/henryliu/obelisk/numeron-worktrees/android-shared-sync/mir2-web3/third_party/bevyMIR2_ANDROID_SURFACE_ATTACHMENT_PROBE frame=42 raw=8 live=true internal=0x8058 size=2340x1080 samples=0 expected=Rgba8Unorm
10-02 15:55:19.275 16740 16762 I RustStdoutStderr: [2m2026-10-02T07:55:19.274693Z[0m [32m INFO[0m [2mbevy_render::view::window[0m[2m:[0m MIR2_ANDROID_SURFACE_ATTACHMENT_PROBE frame=42 raw=8 live=true internal=0x8058 size=2340x1080 samples=0 expected=Rgba8Unorm
10-02 15:55:19.275 16740 16762 I RustStdoutStderr: [2m2026-10-02T07:55:19.275159Z[0m [32m INFO[0m [2mbevy_render::view::window[0m[2m:[0m MIR2_ANDROID_VIEW_OUTPUT_PROBE frame=43 entity=178v0 current_surface_raw=8 has_camera=true has_view=true msaa=Some(Off) physical_target=Some(UVec2(2340, 1080)) output=Some("TextureView { inner: Renderbuffer { raw: NativeRenderbuffer(8) }, aspects: FormatAspects(COLOR), mip_levels: 0..1, array_layers: 0..1, format: Rgba8Unorm }")
10-02 15:55:19.275 16740 16763 I event /Users/henryliu/obelisk/numeron-worktrees/android-shared-sync/mir2-web3/third_party/bevyMIR2_ANDROID_VIEW_OUTPUT_PROBE frame=43 entity=178v0 current_surface_raw=8 has_camera=true has_view=true msaa=Some(Off) physical_target=Some(UVec2(2340, 1080)) output=Some("TextureView { inner: Renderbuffer { raw: NativeRenderbuffer(8) }, aspects: FormatAspects(COLOR), mip_levels: 0..1, array_layers: 0..1, format: Rgba8Unorm }")
10-02 15:55:19.291 16740 16763 I event /Users/henryliu/obelisk/numeron-worktrees/android-shared-sync/mir2-web3/third_party/bevyMIR2_ANDROID_SURFACE_ATTACHMENT_PROBE frame=43 raw=8 live=true internal=0x8058 size=2340x1080 samples=0 expected=Rgba8Unorm
10-02 15:55:19.292 16740 16762 I RustStdoutStderr: [2m2026-10-02T07:55:19.291936Z[0m [32m INFO[0m [2mbevy_render::view::window[0m[2m:[0m MIR2_ANDROID_SURFACE_ATTACHMENT_PROBE frame=43 raw=8 live=true internal=0x8058 size=2340x1080 samples=0 expected=Rgba8Unorm
10-02 15:55:19.292 16740 16763 I event /Users/henryliu/obelisk/numeron-worktrees/android-shared-sync/mir2-web3/third_party/bevyMIR2_ANDROID_VIEW_OUTPUT_PROBE frame=44 entity=178v0 current_surface_raw=8 has_camera=true has_view=true msaa=Some(Off) physical_target=Some(UVec2(2340, 1080)) output=Some("TextureView { inner: Renderbuffer { raw: NativeRenderbuffer(8) }, aspects: FormatAspects(COLOR), mip_levels: 0..1, array_layers: 0..1, format: Rgba8Unorm }")
10-02 15:55:19.292 16740 16762 I RustStdoutStderr: [2m2026-10-02T07:55:19.292407Z[0m [32m INFO[0m [2mbevy_render::view::window[0m[2m:[0m MIR2_ANDROID_VIEW_OUTPUT_PROBE frame=44 entity=178v0 current_surface_raw=8 has_camera=true has_view=true msaa=Some(Off) physical_target=Some(UVec2(2340, 1080)) output=Some("TextureView { inner: Renderbuffer { raw: NativeRenderbuffer(8) }, aspects: FormatAspects(COLOR), mip_levels: 0..1, array_layers: 0..1, format: Rgba8Unorm }")
10-02 15:55:19.308 16740 16763 I event /Users/henryliu/obelisk/numeron-worktrees/android-shared-sync/mir2-web3/third_party/bevyMIR2_ANDROID_SURFACE_ATTACHMENT_PROBE frame=44 raw=8 live=true internal=0x8058 size=2340x1080 samples=0 expected=Rgba8Unorm
10-02 15:55:19.309 16740 16762 I RustStdoutStderr: [2m2026-10-02T07:55:19.308842Z[0m [32m INFO[0m [2mbevy_render::view::window[0m[2m:[0m MIR2_ANDROID_SURFACE_ATTACHMENT_PROBE frame=44 raw=8 live=true internal=0x8058 size=2340x1080 samples=0 expected=Rgba8Unorm
10-02 15:55:19.309 16740 16763 I event /Users/henryliu/obelisk/numeron-worktrees/android-shared-sync/mir2-web3/third_party/bevyMIR2_ANDROID_VIEW_OUTPUT_PROBE frame=45 entity=178v0 current_surface_raw=8 has_camera=true has_view=true msaa=Some(Off) physical_target=Some(UVec2(2340, 1080)) output=Some("TextureView { inner: Renderbuffer { raw: NativeRenderbuffer(8) }, aspects: FormatAspects(COLOR), mip_levels: 0..1, array_layers: 0..1, format: Rgba8Unorm }")
10-02 15:55:19.309 16740 16762 I RustStdoutStderr: [2m2026-10-02T07:55:19.309265Z[0m [32m INFO[0m [2mbevy_render::view::window[0m[2m:[0m MIR2_ANDROID_VIEW_OUTPUT_PROBE frame=45 entity=178v0 current_surface_raw=8 has_camera=true has_view=true msaa=Some(Off) physical_target=Some(UVec2(2340, 1080)) output=Some("TextureView { inner: Renderbuffer { raw: NativeRenderbuffer(8) }, aspects: FormatAspects(COLOR), mip_levels: 0..1, array_layers: 0..1, format: Rgba8Unorm }")
10-02 15:55:19.324 16740 16763 I event /Users/henryliu/obelisk/numeron-worktrees/android-shared-sync/mir2-web3/third_party/bevyMIR2_ANDROID_SURFACE_ATTACHMENT_PROBE frame=45 raw=8 live=true internal=0x8058 size=2340x1080 samples=0 expected=Rgba8Unorm
10-02 15:55:19.324 16740 16762 I RustStdoutStderr: [2m2026-10-02T07:55:19.324245Z[0m [32m INFO[0m [2mbevy_render::view::window[0m[2m:[0m MIR2_ANDROID_SURFACE_ATTACHMENT_PROBE frame=45 raw=8 live=true internal=0x8058 size=2340x1080 samples=0 expected=Rgba8Unorm
10-02 15:55:19.324 16740 16763 I event /Users/henryliu/obelisk/numeron-worktrees/android-shared-sync/mir2-web3/third_party/bevyMIR2_ANDROID_VIEW_OUTPUT_PROBE frame=46 entity=178v0 current_surface_raw=8 has_camera=true has_view=true msaa=Some(Off) physical_target=Some(UVec2(2340, 1080)) output=Some("TextureView { inner: Renderbuffer { raw: NativeRenderbuffer(8) }, aspects: FormatAspects(COLOR), mip_levels: 0..1, array_layers: 0..1, format: Rgba8Unorm }")
10-02 15:55:19.324 16740 16762 I RustStdoutStderr: [2m2026-10-02T07:55:19.324561Z[0m [32m INFO[0m [2mbevy_render::view::window[0m[2m:[0m MIR2_ANDROID_VIEW_OUTPUT_PROBE frame=46 entity=178v0 current_surface_raw=8 has_camera=true has_view=true msaa=Some(Off) physical_target=Some(UVec2(2340, 1080)) output=Some("TextureView { inner: Renderbuffer { raw: NativeRenderbuffer(8) }, aspects: FormatAspects(COLOR), mip_levels: 0..1, array_layers: 0..1, format: Rgba8Unorm }")
10-02 15:55:19.343 16740 16763 I event /Users/henryliu/obelisk/numeron-worktrees/android-shared-sync/mir2-web3/third_party/bevyMIR2_ANDROID_SURFACE_ATTACHMENT_PROBE frame=46 raw=8 live=true internal=0x8058 size=2340x1080 samples=0 expected=Rgba8Unorm
10-02 15:55:19.343 16740 16762 I RustStdoutStderr: [2m2026-10-02T07:55:19.343048Z[0m [32m INFO[0m [2mbevy_render::view::window[0m[2m:[0m MIR2_ANDROID_SURFACE_ATTACHMENT_PROBE frame=46 raw=8 live=true internal=0x8058 size=2340x1080 samples=0 expected=Rgba8Unorm
10-02 15:55:19.343 16740 16763 I event /Users/henryliu/obelisk/numeron-worktrees/android-shared-sync/mir2-web3/third_party/bevyMIR2_ANDROID_VIEW_OUTPUT_PROBE frame=47 entity=178v0 current_surface_raw=8 has_camera=true has_view=true msaa=Some(Off) physical_target=Some(UVec2(2340, 1080)) output=Some("TextureView { inner: Renderbuffer { raw: NativeRenderbuffer(8) }, aspects: FormatAspects(COLOR), mip_levels: 0..1, array_layers: 0..1, format: Rgba8Unorm }")
10-02 15:55:19.343 16740 16762 I RustStdoutStderr: [2m2026-10-02T07:55:19.343475Z[0m [32m INFO[0m [2mbevy_render::view::window[0m[2m:[0m MIR2_ANDROID_VIEW_OUTPUT_PROBE frame=47 entity=178v0 current_surface_raw=8 has_camera=true has_view=true msaa=Some(Off) physical_target=Some(UVec2(2340, 1080)) output=Some("TextureView { inner: Renderbuffer { raw: NativeRenderbuffer(8) }, aspects: FormatAspects(COLOR), mip_levels: 0..1, array_layers: 0..1, format: Rgba8Unorm }")
10-02 15:55:19.357 16740 16763 I event /Users/henryliu/obelisk/numeron-worktrees/android-shared-sync/mir2-web3/third_party/bevyMIR2_ANDROID_SURFACE_ATTACHMENT_PROBE frame=47 raw=8 live=true internal=0x8058 size=2340x1080 samples=0 expected=Rgba8Unorm
10-02 15:55:19.358 16740 16762 I RustStdoutStderr: [2m2026-10-02T07:55:19.357903Z[0m [32m INFO[0m [2mbevy_render::view::window[0m[2m:[0m MIR2_ANDROID_SURFACE_ATTACHMENT_PROBE frame=47 raw=8 live=true internal=0x8058 size=2340x1080 samples=0 expected=Rgba8Unorm
10-02 15:55:19.358 16740 16763 I event /Users/henryliu/obelisk/numeron-worktrees/android-shared-sync/mir2-web3/third_party/bevyMIR2_ANDROID_VIEW_OUTPUT_PROBE frame=48 entity=178v0 current_surface_raw=8 has_camera=true has_view=true msaa=Some(Off) physical_target=Some(UVec2(2340, 1080)) output=Some("TextureView { inner: Renderbuffer { raw: NativeRenderbuffer(8) }, aspects: FormatAspects(COLOR), mip_levels: 0..1, array_layers: 0..1, format: Rgba8Unorm }")
10-02 15:55:19.358 16740 16762 I RustStdoutStderr: [2m2026-10-02T07:55:19.358339Z[0m [32m INFO[0m [2mbevy_render::view::window[0m[2m:[0m MIR2_ANDROID_VIEW_OUTPUT_PROBE frame=48 entity=178v0 current_surface_raw=8 has_camera=true has_view=true msaa=Some(Off) physical_target=Some(UVec2(2340, 1080)) output=Some("TextureView { inner: Renderbuffer { raw: NativeRenderbuffer(8) }, aspects: FormatAspects(COLOR), mip_levels: 0..1, array_layers: 0..1, format: Rgba8Unorm }")
10-02 15:55:19.375 16740 16763 I event /Users/henryliu/obelisk/numeron-worktrees/android-shared-sync/mir2-web3/third_party/bevyMIR2_ANDROID_SURFACE_ATTACHMENT_PROBE frame=48 raw=8 live=true internal=0x8058 size=2340x1080 samples=0 expected=Rgba8Unorm
10-02 15:55:19.375 16740 16762 I RustStdoutStderr: [2m2026-10-02T07:55:19.375497Z[0m [32m INFO[0m [2mbevy_render::view::window[0m[2m:[0m MIR2_ANDROID_SURFACE_ATTACHMENT_PROBE frame=48 raw=8 live=true internal=0x8058 size=2340x1080 samples=0 expected=Rgba8Unorm
10-02 15:55:19.375 16740 16763 I event /Users/henryliu/obelisk/numeron-worktrees/android-shared-sync/mir2-web3/third_party/bevyMIR2_ANDROID_VIEW_OUTPUT_PROBE frame=49 entity=178v0 current_surface_raw=8 has_camera=true has_view=true msaa=Some(Off) physical_target=Some(UVec2(2340, 1080)) output=Some("TextureView { inner: Renderbuffer { raw: NativeRenderbuffer(8) }, aspects: FormatAspects(COLOR), mip_levels: 0..1, array_layers: 0..1, format: Rgba8Unorm }")
10-02 15:55:19.376 16740 16762 I RustStdoutStderr: [2m2026-10-02T07:55:19.375851Z[0m [32m INFO[0m [2mbevy_render::view::window[0m[2m:[0m MIR2_ANDROID_VIEW_OUTPUT_PROBE frame=49 entity=178v0 current_surface_raw=8 has_camera=true has_view=true msaa=Some(Off) physical_target=Some(UVec2(2340, 1080)) output=Some("TextureView { inner: Renderbuffer { raw: NativeRenderbuffer(8) }, aspects: FormatAspects(COLOR), mip_levels: 0..1, array_layers: 0..1, format: Rgba8Unorm }")
10-02 15:55:19.391 16740 16763 I event /Users/henryliu/obelisk/numeron-worktrees/android-shared-sync/mir2-web3/third_party/bevyMIR2_ANDROID_SURFACE_ATTACHMENT_PROBE frame=49 raw=8 live=true internal=0x8058 size=2340x1080 samples=0 expected=Rgba8Unorm
10-02 15:55:19.391 16740 16762 I RustStdoutStderr: [2m2026-10-02T07:55:19.391505Z[0m [32m INFO[0m [2mbevy_render::view::window[0m[2m:[0m MIR2_ANDROID_SURFACE_ATTACHMENT_PROBE frame=49 raw=8 live=true internal=0x8058 size=2340x1080 samples=0 expected=Rgba8Unorm
10-02 15:55:19.392 16740 16763 I event /Users/henryliu/obelisk/numeron-worktrees/android-shared-sync/mir2-web3/third_party/bevyMIR2_ANDROID_VIEW_OUTPUT_PROBE frame=50 entity=178v0 current_surface_raw=8 has_camera=true has_view=true msaa=Some(Off) physical_target=Some(UVec2(2340, 1080)) output=Some("TextureView { inner: Renderbuffer { raw: NativeRenderbuffer(8) }, aspects: FormatAspects(COLOR), mip_levels: 0..1, array_layers: 0..1, format: Rgba8Unorm }")
10-02 15:55:19.392 16740 16762 I RustStdoutStderr: [2m2026-10-02T07:55:19.392018Z[0m [32m INFO[0m [2mbevy_render::view::window[0m[2m:[0m MIR2_ANDROID_VIEW_OUTPUT_PROBE frame=50 entity=178v0 current_surface_raw=8 has_camera=true has_view=true msaa=Some(Off) physical_target=Some(UVec2(2340, 1080)) output=Some("TextureView { inner: Renderbuffer { raw: NativeRenderbuffer(8) }, aspects: FormatAspects(COLOR), mip_levels: 0..1, array_layers: 0..1, format: Rgba8Unorm }")
10-02 15:55:19.408 16740 16763 I event /Users/henryliu/obelisk/numeron-worktrees/android-shared-sync/mir2-web3/third_party/bevyMIR2_ANDROID_SURFACE_ATTACHMENT_PROBE frame=50 raw=8 live=true internal=0x8058 size=2340x1080 samples=0 expected=Rgba8Unorm
10-02 15:55:19.408 16740 16762 I RustStdoutStderr: [2m2026-10-02T07:55:19.407978Z[0m [32m INFO[0m [2mbevy_render::view::window[0m[2m:[0m MIR2_ANDROID_SURFACE_ATTACHMENT_PROBE frame=50 raw=8 live=true internal=0x8058 size=2340x1080 samples=0 expected=Rgba8Unorm
10-02 15:55:19.408 16740 16763 I event /Users/henryliu/obelisk/numeron-worktrees/android-shared-sync/mir2-web3/third_party/bevyMIR2_ANDROID_VIEW_OUTPUT_PROBE frame=51 entity=178v0 current_surface_raw=8 has_camera=true has_view=true msaa=Some(Off) physical_target=Some(UVec2(2340, 1080)) output=Some("TextureView { inner: Renderbuffer { raw: NativeRenderbuffer(8) }, aspects: FormatAspects(COLOR), mip_levels: 0..1, array_layers: 0..1, format: Rgba8Unorm }")
10-02 15:55:19.408 16740 16762 I RustStdoutStderr: [2m2026-10-02T07:55:19.408395Z[0m [32m INFO[0m [2mbevy_render::view::window[0m[2m:[0m MIR2_ANDROID_VIEW_OUTPUT_PROBE frame=51 entity=178v0 current_surface_raw=8 has_camera=true has_view=true msaa=Some(Off) physical_target=Some(UVec2(2340, 1080)) output=Some("TextureView { inner: Renderbuffer { raw: NativeRenderbuffer(8) }, aspects: FormatAspects(COLOR), mip_levels: 0..1, array_layers: 0..1, format: Rgba8Unorm }")
10-02 15:55:19.424 16740 16763 I event /Users/henryliu/obelisk/numeron-worktrees/android-shared-sync/mir2-web3/third_party/bevyMIR2_ANDROID_SURFACE_ATTACHMENT_PROBE frame=51 raw=8 live=true internal=0x8058 size=2340x1080 samples=0 expected=Rgba8Unorm
10-02 15:55:19.424 16740 16762 I RustStdoutStderr: [2m2026-10-02T07:55:19.424384Z[0m [32m INFO[0m [2mbevy_render::view::window[0m[2m:[0m MIR2_ANDROID_SURFACE_ATTACHMENT_PROBE frame=51 raw=8 live=true internal=0x8058 size=2340x1080 samples=0 expected=Rgba8Unorm
10-02 15:55:19.424 16740 16763 I event /Users/henryliu/obelisk/numeron-worktrees/android-shared-sync/mir2-web3/third_party/bevyMIR2_ANDROID_VIEW_OUTPUT_PROBE frame=52 entity=178v0 current_surface_raw=8 has_camera=true has_view=true msaa=Some(Off) physical_target=Some(UVec2(2340, 1080)) output=Some("TextureView { inner: Renderbuffer { raw: NativeRenderbuffer(8) }, aspects: FormatAspects(COLOR), mip_levels: 0..1, array_layers: 0..1, format: Rgba8Unorm }")
10-02 15:55:19.424 16740 16762 I RustStdoutStderr: [2m2026-10-02T07:55:19.424688Z[0m [32m INFO[0m [2mbevy_render::view::window[0m[2m:[0m MIR2_ANDROID_VIEW_OUTPUT_PROBE frame=52 entity=178v0 current_surface_raw=8 has_camera=true has_view=true msaa=Some(Off) physical_target=Some(UVec2(2340, 1080)) output=Some("TextureView { inner: Renderbuffer { raw: NativeRenderbuffer(8) }, aspects: FormatAspects(COLOR), mip_levels: 0..1, array_layers: 0..1, format: Rgba8Unorm }")
10-02 15:55:19.441 16740 16763 I event /Users/henryliu/obelisk/numeron-worktrees/android-shared-sync/mir2-web3/third_party/bevyMIR2_ANDROID_SURFACE_ATTACHMENT_PROBE frame=52 raw=8 live=true internal=0x8058 size=2340x1080 samples=0 expected=Rgba8Unorm
10-02 15:55:19.441 16740 16762 I RustStdoutStderr: [2m2026-10-02T07:55:19.441460Z[0m [32m INFO[0m [2mbevy_render::view::window[0m[2m:[0m MIR2_ANDROID_SURFACE_ATTACHMENT_PROBE frame=52 raw=8 live=true internal=0x8058 size=2340x1080 samples=0 expected=Rgba8Unorm
10-02 15:55:19.441 16740 16763 I event /Users/henryliu/obelisk/numeron-worktrees/android-shared-sync/mir2-web3/third_party/bevyMIR2_ANDROID_VIEW_OUTPUT_PROBE frame=53 entity=178v0 current_surface_raw=8 has_camera=true has_view=true msaa=Some(Off) physical_target=Some(UVec2(2340, 1080)) output=Some("TextureView { inner: Renderbuffer { raw: NativeRenderbuffer(8) }, aspects: FormatAspects(COLOR), mip_levels: 0..1, array_layers: 0..1, format: Rgba8Unorm }")
10-02 15:55:19.442 16740 16762 I RustStdoutStderr: [2m2026-10-02T07:55:19.441846Z[0m [32m INFO[0m [2mbevy_render::view::window[0m[2m:[0m MIR2_ANDROID_VIEW_OUTPUT_PROBE frame=53 entity=178v0 current_surface_raw=8 has_camera=true has_view=true msaa=Some(Off) physical_target=Some(UVec2(2340, 1080)) output=Some("TextureView { inner: Renderbuffer { raw: NativeRenderbuffer(8) }, aspects: FormatAspects(COLOR), mip_levels: 0..1, array_layers: 0..1, format: Rgba8Unorm }")
10-02 15:55:19.457 16740 16763 I event /Users/henryliu/obelisk/numeron-worktrees/android-shared-sync/mir2-web3/third_party/bevyMIR2_ANDROID_SURFACE_ATTACHMENT_PROBE frame=53 raw=8 live=true internal=0x8058 size=2340x1080 samples=0 expected=Rgba8Unorm
10-02 15:55:19.457 16740 16762 I RustStdoutStderr: [2m2026-10-02T07:55:19.457743Z[0m [32m INFO[0m [2mbevy_render::view::window[0m[2m:[0m MIR2_ANDROID_SURFACE_ATTACHMENT_PROBE frame=53 raw=8 live=true internal=0x8058 size=2340x1080 samples=0 expected=Rgba8Unorm
10-02 15:55:19.458 16740 16763 I event /Users/henryliu/obelisk/numeron-worktrees/android-shared-sync/mir2-web3/third_party/bevyMIR2_ANDROID_VIEW_OUTPUT_PROBE frame=54 entity=178v0 current_surface_raw=8 has_camera=true has_view=true msaa=Some(Off) physical_target=Some(UVec2(2340, 1080)) output=Some("TextureView { inner: Renderbuffer { raw: NativeRenderbuffer(8) }, aspects: FormatAspects(COLOR), mip_levels: 0..1, array_layers: 0..1, format: Rgba8Unorm }")
10-02 15:55:19.458 16740 16762 I RustStdoutStderr: [2m2026-10-02T07:55:19.458157Z[0m [32m INFO[0m [2mbevy_render::view::window[0m[2m:[0m MIR2_ANDROID_VIEW_OUTPUT_PROBE frame=54 entity=178v0 current_surface_raw=8 has_camera=true has_view=true msaa=Some(Off) physical_target=Some(UVec2(2340, 1080)) output=Some("TextureView { inner: Renderbuffer { raw: NativeRenderbuffer(8) }, aspects: FormatAspects(COLOR), mip_levels: 0..1, array_layers: 0..1, format: Rgba8Unorm }")
10-02 15:55:19.474 16740 16763 I event /Users/henryliu/obelisk/numeron-worktrees/android-shared-sync/mir2-web3/third_party/bevyMIR2_ANDROID_SURFACE_ATTACHMENT_PROBE frame=54 raw=8 live=true internal=0x8058 size=2340x1080 samples=0 expected=Rgba8Unorm
10-02 15:55:19.474 16740 16762 I RustStdoutStderr: [2m2026-10-02T07:55:19.474336Z[0m [32m INFO[0m [2mbevy_render::view::window[0m[2m:[0m MIR2_ANDROID_SURFACE_ATTACHMENT_PROBE frame=54 raw=8 live=true internal=0x8058 size=2340x1080 samples=0 expected=Rgba8Unorm
10-02 15:55:19.474 16740 16763 I event /Users/henryliu/obelisk/numeron-worktrees/android-shared-sync/mir2-web3/third_party/bevyMIR2_ANDROID_VIEW_OUTPUT_PROBE frame=55 entity=178v0 current_surface_raw=8 has_camera=true has_view=true msaa=Some(Off) physical_target=Some(UVec2(2340, 1080)) output=Some("TextureView { inner: Renderbuffer { raw: NativeRenderbuffer(8) }, aspects: FormatAspects(COLOR), mip_levels: 0..1, array_layers: 0..1, format: Rgba8Unorm }")
10-02 15:55:19.474 16740 16762 I RustStdoutStderr: [2m2026-10-02T07:55:19.474897Z[0m [32m INFO[0m [2mbevy_render::view::window[0m[2m:[0m MIR2_ANDROID_VIEW_OUTPUT_PROBE frame=55 entity=178v0 current_surface_raw=8 has_camera=true has_view=true msaa=Some(Off) physical_target=Some(UVec2(2340, 1080)) output=Some("TextureView { inner: Renderbuffer { raw: NativeRenderbuffer(8) }, aspects: FormatAspects(COLOR), mip_levels: 0..1, array_layers: 0..1, format: Rgba8Unorm }")
10-02 15:55:19.491 16740 16763 I event /Users/henryliu/obelisk/numeron-worktrees/android-shared-sync/mir2-web3/third_party/bevyMIR2_ANDROID_SURFACE_ATTACHMENT_PROBE frame=55 raw=8 live=true internal=0x8058 size=2340x1080 samples=0 expected=Rgba8Unorm
10-02 15:55:19.491 16740 16762 I RustStdoutStderr: [2m2026-10-02T07:55:19.491171Z[0m [32m INFO[0m [2mbevy_render::view::window[0m[2m:[0m MIR2_ANDROID_SURFACE_ATTACHMENT_PROBE frame=55 raw=8 live=true internal=0x8058 size=2340x1080 samples=0 expected=Rgba8Unorm
10-02 15:55:19.491 16740 16763 I event /Users/henryliu/obelisk/numeron-worktrees/android-shared-sync/mir2-web3/third_party/bevyMIR2_ANDROID_VIEW_OUTPUT_PROBE frame=56 entity=178v0 current_surface_raw=8 has_camera=true has_view=true msaa=Some(Off) physical_target=Some(UVec2(2340, 1080)) output=Some("TextureView { inner: Renderbuffer { raw: NativeRenderbuffer(8) }, aspects: FormatAspects(COLOR), mip_levels: 0..1, array_layers: 0..1, format: Rgba8Unorm }")
10-02 15:55:19.491 16740 16762 I RustStdoutStderr: [2m2026-10-02T07:55:19.491485Z[0m [32m INFO[0m [2mbevy_render::view::window[0m[2m:[0m MIR2_ANDROID_VIEW_OUTPUT_PROBE frame=56 entity=178v0 current_surface_raw=8 has_camera=true has_view=true msaa=Some(Off) physical_target=Some(UVec2(2340, 1080)) output=Some("TextureView { inner: Renderbuffer { raw: NativeRenderbuffer(8) }, aspects: FormatAspects(COLOR), mip_levels: 0..1, array_layers: 0..1, format: Rgba8Unorm }")
10-02 15:55:19.508 16740 16763 I event /Users/henryliu/obelisk/numeron-worktrees/android-shared-sync/mir2-web3/third_party/bevyMIR2_ANDROID_SURFACE_ATTACHMENT_PROBE frame=56 raw=8 live=true internal=0x8058 size=2340x1080 samples=0 expected=Rgba8Unorm
10-02 15:55:19.508 16740 16762 I RustStdoutStderr: [2m2026-10-02T07:55:19.508493Z[0m [32m INFO[0m [2mbevy_render::view::window[0m[2m:[0m MIR2_ANDROID_SURFACE_ATTACHMENT_PROBE frame=56 raw=8 live=true internal=0x8058 size=2340x1080 samples=0 expected=Rgba8Unorm
10-02 15:55:19.508 16740 16763 I event /Users/henryliu/obelisk/numeron-worktrees/android-shared-sync/mir2-web3/third_party/bevyMIR2_ANDROID_VIEW_OUTPUT_PROBE frame=57 entity=178v0 current_surface_raw=8 has_camera=true has_view=true msaa=Some(Off) physical_target=Some(UVec2(2340, 1080)) output=Some("TextureView { inner: Renderbuffer { raw: NativeRenderbuffer(8) }, aspects: FormatAspects(COLOR), mip_levels: 0..1, array_layers: 0..1, format: Rgba8Unorm }")
10-02 15:55:19.509 16740 16762 I RustStdoutStderr: [2m2026-10-02T07:55:19.508957Z[0m [32m INFO[0m [2mbevy_render::view::window[0m[2m:[0m MIR2_ANDROID_VIEW_OUTPUT_PROBE frame=57 entity=178v0 current_surface_raw=8 has_camera=true has_view=true msaa=Some(Off) physical_target=Some(UVec2(2340, 1080)) output=Some("TextureView { inner: Renderbuffer { raw: NativeRenderbuffer(8) }, aspects: FormatAspects(COLOR), mip_levels: 0..1, array_layers: 0..1, format: Rgba8Unorm }")
10-02 15:55:19.524 16740 16763 I event /Users/henryliu/obelisk/numeron-worktrees/android-shared-sync/mir2-web3/third_party/bevyMIR2_ANDROID_SURFACE_ATTACHMENT_PROBE frame=57 raw=8 live=true internal=0x8058 size=2340x1080 samples=0 expected=Rgba8Unorm
10-02 15:55:19.524 16740 16762 I RustStdoutStderr: [2m2026-10-02T07:55:19.524671Z[0m [32m INFO[0m [2mbevy_render::view::window[0m[2m:[0m MIR2_ANDROID_SURFACE_ATTACHMENT_PROBE frame=57 raw=8 live=true internal=0x8058 size=2340x1080 samples=0 expected=Rgba8Unorm
10-02 15:55:19.525 16740 16763 I event /Users/henryliu/obelisk/numeron-worktrees/android-shared-sync/mir2-web3/third_party/bevyMIR2_ANDROID_VIEW_OUTPUT_PROBE frame=58 entity=178v0 current_surface_raw=8 has_camera=true has_view=true msaa=Some(Off) physical_target=Some(UVec2(2340, 1080)) output=Some("TextureView { inner: Renderbuffer { raw: NativeRenderbuffer(8) }, aspects: FormatAspects(COLOR), mip_levels: 0..1, array_layers: 0..1, format: Rgba8Unorm }")
10-02 15:55:19.525 16740 16762 I RustStdoutStderr: [2m2026-10-02T07:55:19.525298Z[0m [32m INFO[0m [2mbevy_render::view::window[0m[2m:[0m MIR2_ANDROID_VIEW_OUTPUT_PROBE frame=58 entity=178v0 current_surface_raw=8 has_camera=true has_view=true msaa=Some(Off) physical_target=Some(UVec2(2340, 1080)) output=Some("TextureView { inner: Renderbuffer { raw: NativeRenderbuffer(8) }, aspects: FormatAspects(COLOR), mip_levels: 0..1, array_layers: 0..1, format: Rgba8Unorm }")
10-02 15:55:19.542 16740 16763 I event /Users/henryliu/obelisk/numeron-worktrees/android-shared-sync/mir2-web3/third_party/bevyMIR2_ANDROID_SURFACE_ATTACHMENT_PROBE frame=58 raw=8 live=true internal=0x8058 size=2340x1080 samples=0 expected=Rgba8Unorm
10-02 15:55:19.542 16740 16762 I RustStdoutStderr: [2m2026-10-02T07:55:19.542625Z[0m [32m INFO[0m [2mbevy_render::view::window[0m[2m:[0m MIR2_ANDROID_SURFACE_ATTACHMENT_PROBE frame=58 raw=8 live=true internal=0x8058 size=2340x1080 samples=0 expected=Rgba8Unorm
10-02 15:55:19.543 16740 16763 I event /Users/henryliu/obelisk/numeron-worktrees/android-shared-sync/mir2-web3/third_party/bevyMIR2_ANDROID_VIEW_OUTPUT_PROBE frame=59 entity=178v0 current_surface_raw=8 has_camera=true has_view=true msaa=Some(Off) physical_target=Some(UVec2(2340, 1080)) output=Some("TextureView { inner: Renderbuffer { raw: NativeRenderbuffer(8) }, aspects: FormatAspects(COLOR), mip_levels: 0..1, array_layers: 0..1, format: Rgba8Unorm }")
10-02 15:55:19.543 16740 16762 I RustStdoutStderr: [2m2026-10-02T07:55:19.543114Z[0m [32m INFO[0m [2mbevy_render::view::window[0m[2m:[0m MIR2_ANDROID_VIEW_OUTPUT_PROBE frame=59 entity=178v0 current_surface_raw=8 has_camera=true has_view=true msaa=Some(Off) physical_target=Some(UVec2(2340, 1080)) output=Some("TextureView { inner: Renderbuffer { raw: NativeRenderbuffer(8) }, aspects: FormatAspects(COLOR), mip_levels: 0..1, array_layers: 0..1, format: Rgba8Unorm }")
10-02 15:55:19.558 16740 16763 I event /Users/henryliu/obelisk/numeron-worktrees/android-shared-sync/mir2-web3/third_party/bevyMIR2_ANDROID_SURFACE_ATTACHMENT_PROBE frame=59 raw=8 live=true internal=0x8058 size=2340x1080 samples=0 expected=Rgba8Unorm
10-02 15:55:19.558 16740 16762 I RustStdoutStderr: [2m2026-10-02T07:55:19.558415Z[0m [32m INFO[0m [2mbevy_render::view::window[0m[2m:[0m MIR2_ANDROID_SURFACE_ATTACHMENT_PROBE frame=59 raw=8 live=true internal=0x8058 size=2340x1080 samples=0 expected=Rgba8Unorm
10-02 15:55:19.558 16740 16763 I event /Users/henryliu/obelisk/numeron-worktrees/android-shared-sync/mir2-web3/third_party/bevyMIR2_ANDROID_VIEW_OUTPUT_PROBE frame=60 entity=178v0 current_surface_raw=8 has_camera=true has_view=true msaa=Some(Off) physical_target=Some(UVec2(2340, 1080)) output=Some("TextureView { inner: Renderbuffer { raw: NativeRenderbuffer(8) }, aspects: FormatAspects(COLOR), mip_levels: 0..1, array_layers: 0..1, format: Rgba8Unorm }")
10-02 15:55:19.558 16740 16762 I RustStdoutStderr: [2m2026-10-02T07:55:19.558851Z[0m [32m INFO[0m [2mbevy_render::view::window[0m[2m:[0m MIR2_ANDROID_VIEW_OUTPUT_PROBE frame=60 entity=178v0 current_surface_raw=8 has_camera=true has_view=true msaa=Some(Off) physical_target=Some(UVec2(2340, 1080)) output=Some("TextureView { inner: Renderbuffer { raw: NativeRenderbuffer(8) }, aspects: FormatAspects(COLOR), mip_levels: 0..1, array_layers: 0..1, format: Rgba8Unorm }")
10-02 15:55:19.575 16740 16763 I event /Users/henryliu/obelisk/numeron-worktrees/android-shared-sync/mir2-web3/third_party/bevyMIR2_ANDROID_SURFACE_ATTACHMENT_PROBE frame=60 raw=8 live=true internal=0x8058 size=2340x1080 samples=0 expected=Rgba8Unorm
10-02 15:55:19.575 16740 16762 I RustStdoutStderr: [2m2026-10-02T07:55:19.575500Z[0m [32m INFO[0m [2mbevy_render::view::window[0m[2m:[0m MIR2_ANDROID_SURFACE_ATTACHMENT_PROBE frame=60 raw=8 live=true internal=0x8058 size=2340x1080 samples=0 expected=Rgba8Unorm
10-02 15:55:19.575 16740 16763 I event /Users/henryliu/obelisk/numeron-worktrees/android-shared-sync/mir2-web3/third_party/bevyMIR2_ANDROID_VIEW_OUTPUT_PROBE frame=61 entity=178v0 current_surface_raw=8 has_camera=true has_view=true msaa=Some(Off) physical_target=Some(UVec2(2340, 1080)) output=Some("TextureView { inner: Renderbuffer { raw: NativeRenderbuffer(8) }, aspects: FormatAspects(COLOR), mip_levels: 0..1, array_layers: 0..1, format: Rgba8Unorm }")
10-02 15:55:19.575 16740 16762 I RustStdoutStderr: [2m2026-10-02T07:55:19.575906Z[0m [32m INFO[0m [2mbevy_render::view::window[0m[2m:[0m MIR2_ANDROID_VIEW_OUTPUT_PROBE frame=61 entity=178v0 current_surface_raw=8 has_camera=true has_view=true msaa=Some(Off) physical_target=Some(UVec2(2340, 1080)) output=Some("TextureView { inner: Renderbuffer { raw: NativeRenderbuffer(8) }, aspects: FormatAspects(COLOR), mip_levels: 0..1, array_layers: 0..1, format: Rgba8Unorm }")
10-02 15:55:19.592 16740 16763 I event /Users/henryliu/obelisk/numeron-worktrees/android-shared-sync/mir2-web3/third_party/bevyMIR2_ANDROID_SURFACE_ATTACHMENT_PROBE frame=61 raw=8 live=true internal=0x8058 size=2340x1080 samples=0 expected=Rgba8Unorm
10-02 15:55:19.592 16740 16762 I RustStdoutStderr: [2m2026-10-02T07:55:19.592336Z[0m [32m INFO[0m [2mbevy_render::view::window[0m[2m:[0m MIR2_ANDROID_SURFACE_ATTACHMENT_PROBE frame=61 raw=8 live=true internal=0x8058 size=2340x1080 samples=0 expected=Rgba8Unorm
10-02 15:55:19.592 16740 16763 I event /Users/henryliu/obelisk/numeron-worktrees/android-shared-sync/mir2-web3/third_party/bevyMIR2_ANDROID_VIEW_OUTPUT_PROBE frame=62 entity=178v0 current_surface_raw=8 has_camera=true has_view=true msaa=Some(Off) physical_target=Some(UVec2(2340, 1080)) output=Some("TextureView { inner: Renderbuffer { raw: NativeRenderbuffer(8) }, aspects: FormatAspects(COLOR), mip_levels: 0..1, array_layers: 0..1, format: Rgba8Unorm }")
10-02 15:55:19.592 16740 16762 I RustStdoutStderr: [2m2026-10-02T07:55:19.592737Z[0m [32m INFO[0m [2mbevy_render::view::window[0m[2m:[0m MIR2_ANDROID_VIEW_OUTPUT_PROBE frame=62 entity=178v0 current_surface_raw=8 has_camera=true has_view=true msaa=Some(Off) physical_target=Some(UVec2(2340, 1080)) output=Some("TextureView { inner: Renderbuffer { raw: NativeRenderbuffer(8) }, aspects: FormatAspects(COLOR), mip_levels: 0..1, array_layers: 0..1, format: Rgba8Unorm }")
10-02 15:55:19.595 16740 16763 D EGL_emulation: app_time_stats: avg=15.35ms min=12.50ms max=52.21ms count=61
10-02 15:55:19.608 16740 16763 I event /Users/henryliu/obelisk/numeron-worktrees/android-shared-sync/mir2-web3/third_party/bevyMIR2_ANDROID_SURFACE_ATTACHMENT_PROBE frame=62 raw=8 live=true internal=0x8058 size=2340x1080 samples=0 expected=Rgba8Unorm
10-02 15:55:19.608 16740 16762 I RustStdoutStderr: [2m2026-10-02T07:55:19.608407Z[0m [32m INFO[0m [2mbevy_render::view::window[0m[2m:[0m MIR2_ANDROID_SURFACE_ATTACHMENT_PROBE frame=62 raw=8 live=true internal=0x8058 size=2340x1080 samples=0 expected=Rgba8Unorm
10-02 15:55:19.608 16740 16763 I event /Users/henryliu/obelisk/numeron-worktrees/android-shared-sync/mir2-web3/third_party/bevyMIR2_ANDROID_VIEW_OUTPUT_PROBE frame=63 entity=178v0 current_surface_raw=8 has_camera=true has_view=true msaa=Some(Off) physical_target=Some(UVec2(2340, 1080)) output=Some("TextureView { inner: Renderbuffer { raw: NativeRenderbuffer(8) }, aspects: FormatAspects(COLOR), mip_levels: 0..1, array_layers: 0..1, format: Rgba8Unorm }")
10-02 15:55:19.608 16740 16762 I RustStdoutStderr: [2m2026-10-02T07:55:19.608827Z[0m [32m INFO[0m [2mbevy_render::view::window[0m[2m:[0m MIR2_ANDROID_VIEW_OUTPUT_PROBE frame=63 entity=178v0 current_surface_raw=8 has_camera=true has_view=true msaa=Some(Off) physical_target=Some(UVec2(2340, 1080)) output=Some("TextureView { inner: Renderbuffer { raw: NativeRenderbuffer(8) }, aspects: FormatAspects(COLOR), mip_levels: 0..1, array_layers: 0..1, format: Rgba8Unorm }")
10-02 15:55:19.624 16740 16763 I event /Users/henryliu/obelisk/numeron-worktrees/android-shared-sync/mir2-web3/third_party/bevyMIR2_ANDROID_SURFACE_ATTACHMENT_PROBE frame=63 raw=8 live=true internal=0x8058 size=2340x1080 samples=0 expected=Rgba8Unorm
10-02 15:55:19.625 16740 16762 I RustStdoutStderr: [2m2026-10-02T07:55:19.624857Z[0m [32m INFO[0m [2mbevy_render::view::window[0m[2m:[0m MIR2_ANDROID_SURFACE_ATTACHMENT_PROBE frame=63 raw=8 live=true internal=0x8058 size=2340x1080 samples=0 expected=Rgba8Unorm
10-02 15:55:19.625 16740 16763 I event /Users/henryliu/obelisk/numeron-worktrees/android-shared-sync/mir2-web3/third_party/bevyMIR2_ANDROID_VIEW_OUTPUT_PROBE frame=64 entity=178v0 current_surface_raw=8 has_camera=true has_view=true msaa=Some(Off) physical_target=Some(UVec2(2340, 1080)) output=Some("TextureView { inner: Renderbuffer { raw: NativeRenderbuffer(8) }, aspects: FormatAspects(COLOR), mip_levels: 0..1, array_layers: 0..1, format: Rgba8Unorm }")
10-02 15:55:19.625 16740 16762 I RustStdoutStderr: [2m2026-10-02T07:55:19.625291Z[0m [32m INFO[0m [2mbevy_render::view::window[0m[2m:[0m MIR2_ANDROID_VIEW_OUTPUT_PROBE frame=64 entity=178v0 current_surface_raw=8 has_camera=true has_view=true msaa=Some(Off) physical_target=Some(UVec2(2340, 1080)) output=Some("TextureView { inner: Renderbuffer { raw: NativeRenderbuffer(8) }, aspects: FormatAspects(COLOR), mip_levels: 0..1, array_layers: 0..1, format: Rgba8Unorm }")
10-02 15:55:20.611 16740 16763 D EGL_emulation: app_time_stats: avg=13.14ms min=12.24ms max=15.95ms count=61
10-02 15:55:21.612 16740 16763 D EGL_emulation: app_time_stats: avg=14.33ms min=11.88ms max=33.00ms count=58
10-02 15:55:22.616 16740 16763 D EGL_emulation: app_time_stats: avg=13.81ms min=11.82ms max=24.14ms count=60
