warning: use of deprecated method `bevy_ecs::world::World::iter_entities`: use world.query::<EntityRef>()` instead
   --> apps\simulation\src\runtime\monster_ai\great_fox_spirit.rs:163:28
    |
163 |     for candidate in world.iter_entities() {
    |                            ^^^^^^^^^^^^^
    |
    = note: `#[warn(deprecated)]` on by default

warning: use of deprecated method `bevy_ecs::world::World::iter_entities`: use world.query::<EntityRef>()` instead
    --> apps\simulation\src\runtime\packets.rs:7292:25
     |
7292 |     for entity in world.iter_entities() {
     |                         ^^^^^^^^^^^^^

warning: use of deprecated method `bevy_ecs::world::World::iter_entities`: use world.query::<EntityRef>()` instead
    --> apps\simulation\src\runtime\skills.rs:4946:10
     |
4946 |         .iter_entities()
     |          ^^^^^^^^^^^^^

warning: use of deprecated method `bevy_ecs::world::World::iter_entities`: use world.query::<EntityRef>()` instead
    --> apps\simulation\src\runtime\skills.rs:5028:10
     |
5028 |         .iter_entities()
     |          ^^^^^^^^^^^^^

warning: methods `scoped_to_account` and `scoped_to_accounts` are never used
   --> apps\simulation\src\config.rs:225:8
    |
109 | impl AccountStore {
    | ----------------- methods in this implementation
...
225 |     fn scoped_to_account(&self, account_id: &str) -> Self {
    |        ^^^^^^^^^^^^^^^^^
...
229 |     fn scoped_to_accounts(&self, account_ids: &[&str]) -> Self {
    |        ^^^^^^^^^^^^^^^^^^
    |
    = note: `#[warn(dead_code)]` (part of `#[warn(unused)]`) on by default

warning: variant `MacAgility` is never constructed
   --> apps\simulation\src\runtime\combat.rs:736:5
    |
729 | pub(super) enum CrystalDefence {
    |                 -------------- variant in this enum
...
736 |     MacAgility,
    |     ^^^^^^^^^^
    |
    = note: `CrystalDefence` has derived impls for the traits `Debug` and `Clone`, but these are intentionally ignored during dead code analysis

warning: method `socketed_count` is never used
   --> apps\simulation\src\runtime\equipment.rs:303:19
    |
119 | impl EquipmentState {
    | ------------------- method in this implementation
...
303 |     pub(super) fn socketed_count(&self) -> usize {
    |                   ^^^^^^^^^^^^^^

warning: function `equipment_state_identified` is never used
   --> apps\simulation\src\runtime\equipment.rs:308:15
    |
308 | pub(super) fn equipment_state_identified(item: &EquipmentState) -> bool {
    |               ^^^^^^^^^^^^^^^^^^^^^^^^^^

warning: function `equipment_state_soul_bound_id` is never used
   --> apps\simulation\src\runtime\equipment.rs:313:15
    |
313 | pub(super) fn equipment_state_soul_bound_id(item: &EquipmentState) -> i32 {
    |               ^^^^^^^^^^^^^^^^^^^^^^^^^^^^^

warning: function `repair_conquest_asset` is never used
    --> apps\simulation\src\runtime\monsters.rs:1813:15
     |
1813 | pub(super) fn repair_conquest_asset(world: &mut World, ai: u8, asset_id: u8) -> bool {
     |               ^^^^^^^^^^^^^^^^^^^^^

warning: function `complete_quest` is never used
   --> apps\simulation\src\runtime\quests.rs:814:15
    |
814 | pub(super) fn complete_quest(world: &mut World, quest_id: i32) {
    |               ^^^^^^^^^^^^^^

warning: function `default_save_for_character` is never used
  --> apps\simulation\src\runtime\save.rs:76:15
   |
76 | pub(super) fn default_save_for_character(
   |               ^^^^^^^^^^^^^^^^^^^^^^^^^^

warning: function `persist_character_save` is never used
   --> apps\simulation\src\runtime\save.rs:818:15
    |
818 | pub(super) fn persist_character_save(
    |               ^^^^^^^^^^^^^^^^^^^^^^

warning: method `game_shop_buy_product` is never used
    --> apps\simulation\src\runtime\stage5.rs:4258:8
     |
3188 | impl SimulationSession {
     | ---------------------- method in this implementation
...
4258 |     fn game_shop_buy_product(
     |        ^^^^^^^^^^^^^^^^^^^^^

   Compiling mir2-simulation v0.1.0 (E:\mir2-player-journey\mir2-web3\apps\simulation)
warning: `mir2-simulation` (lib) generated 14 warnings
warning: unused `Result` that must be used
   --> apps\simulation\tests\platinum_176_progression.rs:898:5
    |
898 |     first.save_active_character();
    |     ^^^^^^^^^^^^^^^^^^^^^^^^^^^^^
    |
    = note: this `Result` may be an `Err` variant, which should be handled
    = note: `#[warn(unused_must_use)]` (part of `#[warn(unused)]`) on by default
help: use `let _ = ...` to ignore the resulting value
    |
898 |     let _ = first.save_active_character();
    |     +++++++

warning: function `checkpoint_monster` is never used
   --> apps\simulation\tests\shared_monster_trap_rock_ai.rs:102:4
    |
102 | fn checkpoint_monster(zone: &ZoneRuntime) -> Value {
    |    ^^^^^^^^^^^^^^^^^^
    |
    = note: `#[warn(dead_code)]` (part of `#[warn(unused)]`) on by default

warning: `mir2-simulation` (test "platinum_176_progression") generated 1 warning
warning: `mir2-simulation` (test "shared_monster_trap_rock_ai") generated 1 warning
warning: unused `Result` that must be used
    --> apps\simulation\tests\hero_ai.rs:1010:5
     |
1010 |     session.save_active_character();
     |     ^^^^^^^^^^^^^^^^^^^^^^^^^^^^^^^
     |
     = note: this `Result` may be an `Err` variant, which should be handled
     = note: `#[warn(unused_must_use)]` (part of `#[warn(unused)]`) on by default
help: use `let _ = ...` to ignore the resulting value
     |
1010 |     let _ = session.save_active_character();
     |     +++++++

warning: `mir2-simulation` (test "hero_ai") generated 1 warning
warning: variant `MacAgility` is never constructed
   --> apps\simulation\src\runtime\combat.rs:736:5
    |
729 | pub(super) enum CrystalDefence {
    |                 -------------- variant in this enum
...
736 |     MacAgility,
    |     ^^^^^^^^^^
    |
    = note: `CrystalDefence` has derived impls for the traits `Debug` and `Clone`, but these are intentionally ignored during dead code analysis
    = note: `#[warn(dead_code)]` (part of `#[warn(unused)]`) on by default

warning: unused `Result` that must be used
    --> apps\simulation\src\runtime\tests.rs:1671:5
     |
1671 |     sender.save_active_character();
     |     ^^^^^^^^^^^^^^^^^^^^^^^^^^^^^^
     |
     = note: this `Result` may be an `Err` variant, which should be handled
     = note: `#[warn(unused_must_use)]` (part of `#[warn(unused)]`) on by default
help: use `let _ = ...` to ignore the resulting value
     |
1671 |     let _ = sender.save_active_character();
     |     +++++++

warning: unused `Result` that must be used
    --> apps\simulation\src\runtime\tests.rs:2964:5
     |
2964 |     session.save_active_character();
     |     ^^^^^^^^^^^^^^^^^^^^^^^^^^^^^^^
     |
     = note: this `Result` may be an `Err` variant, which should be handled
help: use `let _ = ...` to ignore the resulting value
     |
2964 |     let _ = session.save_active_character();
     |     +++++++

warning: unused `Result` that must be used
    --> apps\simulation\src\runtime\tests.rs:2987:5
     |
2987 |     session.save_active_character();
     |     ^^^^^^^^^^^^^^^^^^^^^^^^^^^^^^^
     |
     = note: this `Result` may be an `Err` variant, which should be handled
help: use `let _ = ...` to ignore the resulting value
     |
2987 |     let _ = session.save_active_character();
     |     +++++++

warning: unused `Result` that must be used
    --> apps\simulation\src\runtime\tests.rs:3077:5
     |
3077 |     first.save_active_character();
     |     ^^^^^^^^^^^^^^^^^^^^^^^^^^^^^
     |
     = note: this `Result` may be an `Err` variant, which should be handled
help: use `let _ = ...` to ignore the resulting value
     |
3077 |     let _ = first.save_active_character();
     |     +++++++

warning: unused `Result` that must be used
    --> apps\simulation\src\runtime\tests.rs:3141:5
     |
3141 |     session.save_active_character();
     |     ^^^^^^^^^^^^^^^^^^^^^^^^^^^^^^^
     |
     = note: this `Result` may be an `Err` variant, which should be handled
help: use `let _ = ...` to ignore the resulting value
     |
3141 |     let _ = session.save_active_character();
     |     +++++++

warning: unused `Result` that must be used
    --> apps\simulation\src\runtime\tests.rs:3208:5
     |
3208 |     first.save_active_character();
     |     ^^^^^^^^^^^^^^^^^^^^^^^^^^^^^
     |
     = note: this `Result` may be an `Err` variant, which should be handled
help: use `let _ = ...` to ignore the resulting value
     |
3208 |     let _ = first.save_active_character();
     |     +++++++

warning: unused `Result` that must be used
    --> apps\simulation\src\runtime\tests.rs:3431:5
     |
3431 |     alpha.save_active_character();
     |     ^^^^^^^^^^^^^^^^^^^^^^^^^^^^^
     |
     = note: this `Result` may be an `Err` variant, which should be handled
help: use `let _ = ...` to ignore the resulting value
     |
3431 |     let _ = alpha.save_active_character();
     |     +++++++

warning: unused `Result` that must be used
    --> apps\simulation\src\runtime\tests.rs:3432:5
     |
3432 |     beta.save_active_character();
     |     ^^^^^^^^^^^^^^^^^^^^^^^^^^^^
     |
     = note: this `Result` may be an `Err` variant, which should be handled
help: use `let _ = ...` to ignore the resulting value
     |
3432 |     let _ = beta.save_active_character();
     |     +++++++

warning: unused `Result` that must be used
    --> apps\simulation\src\runtime\tests.rs:6629:5
     |
6629 |     session.save_active_character();
     |     ^^^^^^^^^^^^^^^^^^^^^^^^^^^^^^^
     |
     = note: this `Result` may be an `Err` variant, which should be handled
help: use `let _ = ...` to ignore the resulting value
     |
6629 |     let _ = session.save_active_character();
     |     +++++++

warning: unused `Result` that must be used
     --> apps\simulation\src\runtime\tests.rs:28377:5
      |
28377 |     session.save_active_character();
      |     ^^^^^^^^^^^^^^^^^^^^^^^^^^^^^^^
      |
      = note: this `Result` may be an `Err` variant, which should be handled
help: use `let _ = ...` to ignore the resulting value
      |
28377 |     let _ = session.save_active_character();
      |     +++++++

warning: unused `Result` that must be used
     --> apps\simulation\src\runtime\tests.rs:29365:5
      |
29365 |     first.save_active_character();
      |     ^^^^^^^^^^^^^^^^^^^^^^^^^^^^^
      |
      = note: this `Result` may be an `Err` variant, which should be handled
help: use `let _ = ...` to ignore the resulting value
      |
29365 |     let _ = first.save_active_character();
      |     +++++++

warning: unused `Result` that must be used
     --> apps\simulation\src\runtime\tests.rs:30393:5
      |
30393 |     first.save_active_character();
      |     ^^^^^^^^^^^^^^^^^^^^^^^^^^^^^
      |
      = note: this `Result` may be an `Err` variant, which should be handled
help: use `let _ = ...` to ignore the resulting value
      |
30393 |     let _ = first.save_active_character();
      |     +++++++

warning: unused `Result` that must be used
     --> apps\simulation\src\runtime\tests.rs:32285:5
      |
32285 |     first.save_active_character();
      |     ^^^^^^^^^^^^^^^^^^^^^^^^^^^^^
      |
      = note: this `Result` may be an `Err` variant, which should be handled
help: use `let _ = ...` to ignore the resulting value
      |
32285 |     let _ = first.save_active_character();
      |     +++++++

warning: unused `Result` that must be used
     --> apps\simulation\src\runtime\tests.rs:35437:5
      |
35437 |     session.save_active_character();
      |     ^^^^^^^^^^^^^^^^^^^^^^^^^^^^^^^
      |
      = note: this `Result` may be an `Err` variant, which should be handled
help: use `let _ = ...` to ignore the resulting value
      |
35437 |     let _ = session.save_active_character();
      |     +++++++

warning: unused `Result` that must be used
     --> apps\simulation\src\runtime\tests.rs:42277:5
      |
42277 |     session.save_active_character();
      |     ^^^^^^^^^^^^^^^^^^^^^^^^^^^^^^^
      |
      = note: this `Result` may be an `Err` variant, which should be handled
help: use `let _ = ...` to ignore the resulting value
      |
42277 |     let _ = session.save_active_character();
      |     +++++++

warning: unused `Result` that must be used
     --> apps\simulation\src\runtime\tests.rs:42602:5
      |
42602 |     session.save_active_character();
      |     ^^^^^^^^^^^^^^^^^^^^^^^^^^^^^^^
      |
      = note: this `Result` may be an `Err` variant, which should be handled
help: use `let _ = ...` to ignore the resulting value
      |
42602 |     let _ = session.save_active_character();
      |     +++++++

warning: unused `Result` that must be used
     --> apps\simulation\src\runtime\tests.rs:56316:5
      |
56316 |     session.save_active_character();
      |     ^^^^^^^^^^^^^^^^^^^^^^^^^^^^^^^
      |
      = note: this `Result` may be an `Err` variant, which should be handled
help: use `let _ = ...` to ignore the resulting value
      |
56316 |     let _ = session.save_active_character();
      |     +++++++

warning: unused `Result` that must be used
     --> apps\simulation\src\runtime\tests.rs:57418:5
      |
57418 |     session.save_active_character();
      |     ^^^^^^^^^^^^^^^^^^^^^^^^^^^^^^^
      |
      = note: this `Result` may be an `Err` variant, which should be handled
help: use `let _ = ...` to ignore the resulting value
      |
57418 |     let _ = session.save_active_character();
      |     +++++++

warning: unused `Result` that must be used
     --> apps\simulation\src\runtime\tests.rs:58956:5
      |
58956 |     session.save_active_character();
      |     ^^^^^^^^^^^^^^^^^^^^^^^^^^^^^^^
      |
      = note: this `Result` may be an `Err` variant, which should be handled
help: use `let _ = ...` to ignore the resulting value
      |
58956 |     let _ = session.save_active_character();
      |     +++++++

warning: unused `Result` that must be used
     --> apps\simulation\src\runtime\tests.rs:60881:5
      |
60881 |     first.save_active_character();
      |     ^^^^^^^^^^^^^^^^^^^^^^^^^^^^^
      |
      = note: this `Result` may be an `Err` variant, which should be handled
help: use `let _ = ...` to ignore the resulting value
      |
60881 |     let _ = first.save_active_character();
      |     +++++++

warning: unused `Result` that must be used
     --> apps\simulation\src\runtime\tests.rs:62481:5
      |
62481 |     session.save_active_character();
      |     ^^^^^^^^^^^^^^^^^^^^^^^^^^^^^^^
      |
      = note: this `Result` may be an `Err` variant, which should be handled
help: use `let _ = ...` to ignore the resulting value
      |
62481 |     let _ = session.save_active_character();
      |     +++++++

warning: unused `Result` that must be used
     --> apps\simulation\src\runtime\tests.rs:62809:5
      |
62809 |     sender.save_active_character();
      |     ^^^^^^^^^^^^^^^^^^^^^^^^^^^^^^
      |
      = note: this `Result` may be an `Err` variant, which should be handled
help: use `let _ = ...` to ignore the resulting value
      |
62809 |     let _ = sender.save_active_character();
      |     +++++++

warning: unused `Result` that must be used
     --> apps\simulation\src\runtime\tests.rs:63243:5
      |
63243 |     first.save_active_character();
      |     ^^^^^^^^^^^^^^^^^^^^^^^^^^^^^
      |
      = note: this `Result` may be an `Err` variant, which should be handled
help: use `let _ = ...` to ignore the resulting value
      |
63243 |     let _ = first.save_active_character();
      |     +++++++

warning: unused `Result` that must be used
     --> apps\simulation\src\runtime\tests.rs:63442:5
      |
63442 |     recipient.save_active_character();
      |     ^^^^^^^^^^^^^^^^^^^^^^^^^^^^^^^^^
      |
      = note: this `Result` may be an `Err` variant, which should be handled
help: use `let _ = ...` to ignore the resulting value
      |
63442 |     let _ = recipient.save_active_character();
      |     +++++++

warning: unused `Result` that must be used
     --> apps\simulation\src\runtime\tests.rs:63560:5
      |
63560 |     recipient.save_active_character();
      |     ^^^^^^^^^^^^^^^^^^^^^^^^^^^^^^^^^
      |
      = note: this `Result` may be an `Err` variant, which should be handled
help: use `let _ = ...` to ignore the resulting value
      |
63560 |     let _ = recipient.save_active_character();
      |     +++++++

warning: unused `Result` that must be used
     --> apps\simulation\src\runtime\tests.rs:63961:5
      |
63961 |     recipient.save_active_character();
      |     ^^^^^^^^^^^^^^^^^^^^^^^^^^^^^^^^^
      |
      = note: this `Result` may be an `Err` variant, which should be handled
help: use `let _ = ...` to ignore the resulting value
      |
63961 |     let _ = recipient.save_active_character();
      |     +++++++

warning: unused `Result` that must be used
     --> apps\simulation\src\runtime\tests.rs:64012:5
      |
64012 |     recipient.save_active_character();
      |     ^^^^^^^^^^^^^^^^^^^^^^^^^^^^^^^^^
      |
      = note: this `Result` may be an `Err` variant, which should be handled
help: use `let _ = ...` to ignore the resulting value
      |
64012 |     let _ = recipient.save_active_character();
      |     +++++++

warning: unused `Result` that must be used
     --> apps\simulation\src\runtime\tests.rs:64022:5
      |
64022 |     recipient.save_active_character();
      |     ^^^^^^^^^^^^^^^^^^^^^^^^^^^^^^^^^
      |
      = note: this `Result` may be an `Err` variant, which should be handled
help: use `let _ = ...` to ignore the resulting value
      |
64022 |     let _ = recipient.save_active_character();
      |     +++++++

warning: unused `Result` that must be used
     --> apps\simulation\src\runtime\tests.rs:65145:5
      |
65145 |     first.save_active_character();
      |     ^^^^^^^^^^^^^^^^^^^^^^^^^^^^^
      |
      = note: this `Result` may be an `Err` variant, which should be handled
help: use `let _ = ...` to ignore the resulting value
      |
65145 |     let _ = first.save_active_character();
      |     +++++++

warning: unused `Result` that must be used
     --> apps\simulation\src\runtime\tests.rs:66262:5
      |
66262 |     session.save_active_character();
      |     ^^^^^^^^^^^^^^^^^^^^^^^^^^^^^^^
      |
      = note: this `Result` may be an `Err` variant, which should be handled
help: use `let _ = ...` to ignore the resulting value
      |
66262 |     let _ = session.save_active_character();
      |     +++++++

warning: unused `Result` that must be used
     --> apps\simulation\src\runtime\tests.rs:69716:5
      |
69716 |     first.save_active_character();
      |     ^^^^^^^^^^^^^^^^^^^^^^^^^^^^^
      |
      = note: this `Result` may be an `Err` variant, which should be handled
help: use `let _ = ...` to ignore the resulting value
      |
69716 |     let _ = first.save_active_character();
      |     +++++++

warning: unused `Result` that must be used
    --> apps\simulation\src\runtime\stage5.rs:2648:9
     |
2648 |         session_a.save_active_character();
     |         ^^^^^^^^^^^^^^^^^^^^^^^^^^^^^^^^^
     |
     = note: this `Result` may be an `Err` variant, which should be handled
help: use `let _ = ...` to ignore the resulting value
     |
2648 |         let _ = session_a.save_active_character();
     |         +++++++

warning: `mir2-simulation` (lib test) generated 42 warnings (9 duplicates)
    Finished `test` profile [unoptimized + debuginfo] target(s) in 45.70s
     Running unittests src\lib.rs (C:\Users\Administrator\AppData\Local\Temp\mir2-trade-gold-simulation-20260908\x86_64-pc-windows-msvc\debug\deps\mir2_simulation-d929d371be2a2cf8.exe)

running 1503 tests
test config::config_account_store_durability_tests::post_rename_unknown_keeps_live_old_and_freezes_all_shared_writers ... ok
test config::config_account_store_durability_tests::pre_rename_failure_keeps_live_and_disk_old_but_allows_a_later_write ... ok
test config::config_refresh_fail_closed_tests::account_delete_cas_rejects_account_and_save_conflicts ... ok
test config::config_refresh_fail_closed_tests::account_scope_guard_skips_repository_probe_and_canonical_commit_writes_once ... ok
test config::config_refresh_fail_closed_tests::account_scoped_commit_rejects_scope_escape_before_any_file_write ... ok
test config::config_refresh_fail_closed_tests::backup_restore_respects_authoritative_and_file_fixture_seed_rules ... ok
test config::config_refresh_fail_closed_tests::ban_persist_fault_missing_account_and_alias_never_mutate_or_create ... ok
test config::config_refresh_fail_closed_tests::character_save_cas_has_all_four_presence_states ... ok
test config::config_refresh_fail_closed_tests::development_file_fixture_still_supplies_demo_account ... ok
test config::config_refresh_fail_closed_tests::environment_entry_propagates_injected_loader_errors_without_global_env ... ok
test config::config_refresh_fail_closed_tests::explicit_global_commit_allows_global_but_rejects_other_accounts_and_metadata ... ok
test config::config_refresh_fail_closed_tests::full_restore_plan_emits_account_save_tombstones_and_global_reset ... ok
test config::config_refresh_fail_closed_tests::full_restore_uses_live_versions_for_replacement_and_ignores_backup_metadata ... ok
test config::config_refresh_fail_closed_tests::global_scope_guard_skips_repository_probe_and_canonical_commit_writes_once ... ok
test config::config_refresh_fail_closed_tests::global_stock_restore_cas_supports_some_none_and_explicit_reset ... ok
test config::config_refresh_fail_closed_tests::legacy_account_save_publishes_save_tombstone_and_preserves_untouched_metadata ... ok
test config::config_refresh_fail_closed_tests::legacy_full_save_publishes_account_tombstone_then_recreates_with_expected_none ... ok
test config::config_refresh_fail_closed_tests::multi_account_mid_fault_rolls_back_fake_repository_and_live_store ... ok
test config::config_refresh_fail_closed_tests::normal_scoped_create_keeps_expected_none_insert_semantics ... ok
test config::config_refresh_fail_closed_tests::ordinary_account_scope_never_turns_into_full_store_deletion ... ok
test config::config_refresh_fail_closed_tests::postgres_deleted_account_cannot_be_recreated_by_stale_save ... ok
test config::config_refresh_fail_closed_tests::postgres_row_assembler_keeps_zero_rows_empty ... ok
test config::config_refresh_fail_closed_tests::postgres_row_assembler_preserves_real_demo_and_versions ... ok
test config::config_refresh_fail_closed_tests::postgres_row_assembler_rejects_bad_account_raw_json ... ok
test config::config_refresh_fail_closed_tests::postgres_startup_empty_authoritative_store_remains_empty ... ok
test config::config_refresh_fail_closed_tests::postgres_startup_loader_failure_is_propagated_without_default_fallback ... ok
test config::config_refresh_fail_closed_tests::postgres_startup_preserves_real_authoritative_demo_account ... ok
test config::config_refresh_fail_closed_tests::postgres_url_matrix_accepts_supported_forms_and_never_loads_invalid_inputs ... ok
test config::config_refresh_fail_closed_tests::retained_account_save_delete_is_a_versioned_tombstone ... ok
test config::config_refresh_fail_closed_tests::source_account_cas_allows_only_matching_update_or_absent_new_insert ... ok
test config::config_refresh_fail_closed_tests::source_backup_restore_preserves_real_demo_and_faults_before_live_publish ... ok
test config::config_refresh_fail_closed_tests::source_full_restore_nonempty_to_empty_clears_live_and_all_source_metadata ... ok
test config::config_refresh_fail_closed_tests::source_of_truth_mail_on_empty_store_never_creates_demo ... ok
test config::config_refresh_fail_closed_tests::source_refresh_holds_persist_lock_until_cache_replacement_finishes ... ok
test config::config_refresh_fail_closed_tests::source_refresh_missing_removes_cached_account_and_versions ... ok
test config::config_refresh_fail_closed_tests::source_refresh_unavailable_preserves_cache_but_returns_error ... ok
test config::config_refresh_fail_closed_tests::system_mail_persist_fault_keeps_live_store_bytes_unchanged ... ok
test config::config_refresh_fail_closed_tests::system_mail_unknown_file_publication_freezes_writes_without_live_publish ... ok
test config::content_profile_runtime_tests::platinum_176_rate_tiers_cover_the_acceptance_path ... ok
test config::tests::account_store_environment_requires_database_url_for_postgres_source ... ok
test config::tests::account_store_new_records_current_schema_version ... ok
test config::tests::account_store_runtime_backend_defaults_to_file_for_local_development ... ok
test config::tests::account_store_runtime_backend_defaults_to_postgres_for_production ... ok
test config::tests::account_store_runtime_backend_rejects_file_backend_in_production ... ok
test config::tests::account_store_save_replaces_existing_file_and_cleans_temp_file ... ok
test config::tests::account_store_scoping_and_source_merge_preserve_shared_game_shop_state ... ok
test config::tests::corrupt_account_store_loads_default_without_deleting_source ... ok
test config::tests::crystal_map_runtime_drops_starter_demo_transfer ... ok
test config::tests::file_account_store_repository_loads_saves_and_reports_status ... ok
test config::tests::legacy_account_store_without_schema_version_migrates_on_load ... ok
test config::tests::legacy_character_save_without_npc_flag_states_uses_default ... ok
test config::tests::parses_onchain_mine_nodes_and_skips_malformed_entries ... ok
test config::tests::postgres_account_store_pool_config_reads_env ... ok
test config::tests::postgres_multi_account_persist_failure_rolls_back_every_account ... ok
test config::tests::postgres_projection_drops_deleted_character_rows ... ok
test config::tests::postgres_projection_reflects_item_removal ... ok
test config::tests::postgres_save_projects_normalized_rows ... ok
test config::tests::postgres_source_mode_account_scoped_save_does_not_rewrite_other_accounts ... ok
test config::tests::postgres_source_mode_rejects_stale_account_store_writer ... ok
test config::tests::postgres_source_mode_rejects_stale_character_save_writer ... ok
test config::tests::postgres_source_mode_reload_can_save_after_version_refresh ... ok
test config::tests::simulation_config_backup_and_restore_roundtrips_account_store ... ok
test config::tests::simulation_config_clone_shares_account_store_persist_lock ... ok
test config::tests::simulation_config_reports_configured_account_store_repositories ... ok
test config::tests::stage5_system_mail_delivery_persists_to_character_save ... ok
test db_projection::tests::derives_items_across_containers ... ok
test db_projection::tests::derives_mail_auction_and_npc_state ... ok
test db_projection::tests::derives_state_header_counts ... ok
test db_projection::tests::malformed_item_blob_is_skipped_not_fatal ... ok
test runtime::big_map::tests::authoritative_fixture_remains_disabled_with_zero_eligible_destinations ... ok
test runtime::big_map::tests::bichon_client_map_info_uses_authoritative_catalog ... ok
test runtime::big_map::tests::catalog_search_uses_stable_map_then_npc_order ... ok
test runtime::big_map::tests::explicit_setup_override_is_authoritative_over_runtime_candidates ... ok
test runtime::big_map::tests::invalid_setup_disables_world_map_and_uses_safe_default ... ok
test runtime::big_map::tests::query_normalization_is_unicode_aware_and_bounded ... ok
test runtime::big_map::tests::setup_ini_parser_reads_game_teleport_cost_and_inline_comments ... ok
test runtime::big_map::tests::setup_ini_parser_rejects_missing_negative_and_oversized_costs ... ok
test runtime::big_map::tests::setup_override_cost_is_used_and_source_is_recorded ... ok
test runtime::big_map::tests::world_map_ini_parser_loads_enabled_icons_in_crystal_sequence ... ok
test runtime::big_map::tests::world_map_ini_parser_preserves_disabled_empty_authoritative_shape ... ok
test runtime::combat::crystal_accuracy_roll_tests::agility_eight_roll_changes_across_successive_ticks ... ok
test runtime::combat::qa_natural_kill_damage_multiplier_tests::defaults_to_exact_local_damage_and_bounds_explicit_qa_acceleration ... ok
test runtime::drops::deterministic_drop_tests::deterministic_drop_roll_is_stable_and_bounded ... ok
test runtime::drops::deterministic_drop_tests::half_chance_roll_does_not_lock_to_fixed_tick_object_parity ... ok
test runtime::drops::ground_drop_identity_tests::ambiguous_legacy_display_name_fails_closed_without_inventory_mutation ... ok
test runtime::drops::ground_drop_identity_tests::assigned_ground_drop_stack_merges_when_bag_is_full ... ok
test runtime::drops::ground_drop_identity_tests::assigned_ground_drop_uid_collision_fails_closed_without_mutation ... ok
test runtime::drops::ground_drop_identity_tests::assigned_zero_uid_fails_the_same_preflight_used_before_durable_commit ... ok
test runtime::drops::ground_drop_identity_tests::exact_ground_drop_multi_stack_pickup_emits_each_changed_stack ... ok
test runtime::drops::ground_drop_identity_tests::exact_ground_drop_schema_round_trips_and_old_json_defaults_to_legacy ... ok
test runtime::drops::ground_drop_identity_tests::legacy_display_name_key_freezes_and_inserts_as_canonical_exact_item ... ok
test runtime::drops::ground_drop_identity_tests::legacy_drop_full_bag_partial_stack_preserves_frozen_metadata ... ok
test runtime::drops::ground_drop_identity_tests::local_pickup_preserves_frozen_identity_without_rerolling_metadata ... ok
test runtime::drops::ground_drop_identity_tests::malformed_exact_payload_fails_preflight_without_inventory_mutation ... ok
test runtime::drops::ground_drop_identity_tests::partial_player_drop_roundtrip_reuses_source_stack_without_uid_duplication ... ok
test runtime::drops::ground_drop_identity_tests::shared_pickup_preserves_frozen_identity_without_rerolling_metadata ... ok
test runtime::drops::ground_drop_identity_tests::shared_quest_pickup_preserves_exact_identity ... ok
test runtime::drops::ground_drop_identity_tests::unassigned_exact_stack_merges_when_the_bag_has_no_empty_slot ... ok
test runtime::drops::ground_drop_identity_tests::whole_player_drop_roundtrip_preserves_assigned_uid_tree ... ok
test runtime::drops::qa_natural_kill_experience_multiplier_tests::defaults_to_exact_source_experience_and_bounds_explicit_qa_acceleration ... ok
test runtime::drops::qa_natural_kill_experience_multiplier_tests::defaults_to_one_drop_sample_and_bounds_explicit_qa_acceleration ... ok
test runtime::equipment::native_start_equipment_tests::actual_equip_rejects_invalid_root_carrier_without_mutation ... ok
test runtime::equipment::native_start_equipment_tests::actual_equip_reload_remove_preserves_exact_root_uid_including_zero ... ok
test runtime::equipment::native_start_equipment_tests::actual_equip_swap_returns_replaced_item_without_reallocating_uid ... ok
test runtime::equipment::native_start_equipment_tests::every_character_start_equipment_item_has_native_item_info ... ok
test runtime::equipment::native_start_equipment_tests::exact_and_zero_uid_survive_equip_serde_reload_unequip ... ok
test runtime::equipment::native_start_equipment_tests::ordinary_socket_and_mount_bells_removal_do_not_revive_captured_slots ... ok
test runtime::equipment::native_start_equipment_tests::shared_serializer_preserves_exact_fields_and_rejects_large_quantity ... ok
test runtime::equipment::native_start_equipment_tests::socket_mutation_uses_exact_target_and_restores_destination_metadata ... ok
test runtime::equipment::native_start_equipment_tests::unequip_live_awake_overrides_stale_sidecar_awake ... ok
test runtime::equipment::native_start_equipment_tests::unresolved_equipment_never_emits_a_dangling_native_user_item ... ok
test runtime::inventory::stack_identity_tests::default_optional_rental_or_sealed_presence_rejects_merge ... ok
test runtime::inventory::stack_identity_tests::equipped_root_uids_are_reserved_for_allocation_and_incoming_rekeys ... ok
test runtime::inventory::stack_identity_tests::exact_item_index_difference_rejects_merge ... ok
test runtime::inventory::stack_identity_tests::fresh_and_equipment_metadata_only_children_cannot_reuse_existing_uids ... ok
test runtime::inventory::stack_identity_tests::fully_compatible_across_merge_succeeds ... ok
test runtime::inventory::stack_identity_tests::fully_compatible_within_merge_succeeds ... ok
test runtime::inventory::stack_identity_tests::live_socket_authority_difference_rejects_merge ... ok
test runtime::inventory::stack_identity_tests::metadata_difference_rejects_across_merge_without_mutation ... ok
test runtime::inventory::stack_identity_tests::metadata_difference_rejects_within_merge_without_mutation ... ok
test runtime::inventory::stack_identity_tests::metadata_only_child_uids_participate_in_usage_high_water_and_normalization ... ok
test runtime::inventory::stack_identity_tests::nested_item_uid_or_count_difference_rejects_merge ... ok
test runtime::inventory::stack_identity_tests::normalization_preserves_metadata_exact_zero_and_rekeys_legacy_zero ... ok
test runtime::inventory::stack_identity_tests::normalization_rekeys_cross_container_zero_and_nonzero_collisions_globally ... ok
test runtime::inventory::stack_identity_tests::seeded_legacy_packet_items_remain_addressable_after_global_normalization ... ok
test runtime::inventory::stack_identity_tests::split_conversion_error_preserves_inventory_and_storage_state ... ok
test runtime::inventory::stack_identity_tests::split_rejects_nested_socket_identity_without_mutation ... ok
test runtime::inventory::stack_identity_tests::storage_split_rejects_nested_socket_identity_without_mutation ... ok
test runtime::items::item_identity_roundtrip_tests::captured_socket_positions_and_exact_indices_survive_live_reconciliation ... ok
test runtime::items::item_identity_roundtrip_tests::carrier_budget_rejects_excessive_added_stats_and_awake_values ... ok
test runtime::items::item_identity_roundtrip_tests::carrier_budget_rejects_excessive_depth_total_nodes_and_slots ... ok
test runtime::items::item_identity_roundtrip_tests::committed_validator_rejects_zero_root_child_and_real_stack_overflow ... ok
test runtime::items::item_identity_roundtrip_tests::complex_user_item_survives_item_state_save_json_reload ... ok
test runtime::items::item_identity_roundtrip_tests::current_item_state_fields_override_stale_sidecar_values ... ok
test runtime::items::item_identity_roundtrip_tests::exact_carrier_missing_index_or_conflicting_key_fails_closed ... ok
test runtime::items::item_identity_roundtrip_tests::exact_carrier_requires_known_root_item_index ... ok
test runtime::items::item_identity_roundtrip_tests::exact_item_index_and_default_optional_presence_survive_roundtrip ... ok
test runtime::items::item_identity_roundtrip_tests::hydrated_mount_bells_clear_protocol_slot_one_when_removed ... ok
test runtime::items::item_identity_roundtrip_tests::recursive_protocol_slots_are_preserved_when_unmodified ... ok
test runtime::items::item_identity_roundtrip_tests::save_carrier_to_protocol_conversion_honours_the_same_recursive_budget ... ok
test runtime::items::item_identity_roundtrip_tests::sidecar_backed_zero_unique_id_is_preserved_without_slot_derivation ... ok
test runtime::items::item_identity_roundtrip_tests::sidecar_less_legal_crystal_item_state_remains_compatible ... ok
test runtime::items::item_identity_roundtrip_tests::signed_i32_protocol_collection_ceiling_is_explicit_for_all_counts ... ok
test runtime::items::item_identity_roundtrip_tests::unknown_and_ambiguous_embedded_identity_fail_closed ... ok
test runtime::items::item_identity_roundtrip_tests::unknown_captured_socket_index_fails_closed ... ok
test runtime::items::item_identity_roundtrip_tests::unknown_sidecar_less_key_fails_closed_without_icon_fallback ... ok
test runtime::items::item_identity_roundtrip_tests::world_snapshot_carries_exact_tooltip_catalogue_instance_and_socket_order ... ok
test runtime::items::item_identity_roundtrip_tests::zero_current_durability_remains_a_live_broken_item ... ok
test runtime::items::item_identity_roundtrip_tests::zero_quantity_is_representable_but_overflow_is_rejected ... ok
test runtime::map::map_collision_source_tests::active_full_bichon_collision_wins_over_starter_config_but_starter_field_keeps_starter_collision ... ok
test runtime::map::map_collision_source_tests::collision_data_for_map_or_config_keeps_non_crystalworld_starter_collision_for_map_zero ... ok
test runtime::map::map_collision_source_tests::collision_data_for_map_or_config_uses_crystal_world_full_collision_for_map_zero ... ok
test runtime::map::map_collision_source_tests::map_extension_aliases_share_world_cache_and_resolve_real_collision ... ok
test runtime::map_events::tests::need_move_rejects_nonzero_out_of_bounds_target ... ok
test runtime::map_events::tests::need_move_rejects_target_map_index_file_mismatch ... ok
test runtime::monster_ai::boulder_spirit::tests::boulder_spirit_arms_then_detonates_and_damages_player ... ok
test runtime::monster_ai::evil_mir::tests::evil_mir_sleeps_immobile_then_wakes_and_attacks ... ok
test runtime::monster_ai::football::tests::football_is_passive_non_combatant ... ok
test runtime::monster_ai::gate::tests::gate_facing_tracks_damage_level ... ok
test runtime::monster_ai::gate::tests::gate_is_immobile_blocks_cells_and_faces_up_at_full_hp ... ok
test runtime::monster_ai::horned_commander::tests::dead_boss_falls_through_to_default ... ok
test runtime::monster_ai::horned_commander::tests::direction_ring_matches_crystal_indices ... ok
test runtime::monster_ai::horned_mage::tests::horned_mage_moves_closer_before_fear_window ... ok
test runtime::monster_ai::horned_sorceror::tests::charged_stomp_immune_window_blocks_damage_then_recovers ... ok
test runtime::monster_ai::horned_sorceror::tests::dead_boss_falls_through_to_default ... ok
test runtime::monster_ai::horned_sorceror::tests::dust_tornado_registers_a_persistent_mc_field ... ok
test runtime::monster_ai::horned_sorceror::tests::in_range_boss_emits_an_attack_packet ... ok
test runtime::monster_ai::horned_warrior::tests::in_attack_range_matches_crystal_pattern ... ok
test runtime::monster_ai::horned_warrior::tests::low_health_raises_shield_and_broadcasts_type_two ... ok
test runtime::monster_ai::horned_warrior::tests::shielded_warrior_does_not_attack ... ok
test runtime::monster_ai::horned_warrior::tests::wide_line_points_form_three_lanes_of_length_four ... ok
test runtime::monster_ai::hugger::tests::hugger_detonates_when_fuse_expires ... ok
test runtime::monster_ai::mud_zombie::tests::branch_split_is_line_within_two_else_ranged ... ok
test runtime::monster_ai::mud_zombie::tests::green_poison_matches_crystal_args ... ok
test runtime::monster_ai::mud_zombie::tests::in_view_but_cooling_down_owns_tick ... ok
test runtime::monster_ai::mud_zombie::tests::in_view_range_is_chebyshev_view_range ... ok
test runtime::monster_ai::mud_zombie::tests::out_of_view_range_falls_through_to_chase ... ok
test runtime::monster_ai::poison_hugger::tests::poison_hugger_detonates_when_adjacent ... ok
test runtime::monster_ai::tree_queen::tests::chance_roll_nonzero_inverts_zero_slot ... ok
test runtime::monster_ai::tree_queen::tests::timer_offsets_match_crystal_spawned ... ok
test runtime::monster_ai::tree_queen::tests::tree_queen_is_immobile_faces_up_and_arms_timers ... ok
test runtime::monster_ai::yin_devil_node::tests::crystal_ai41_and_ai42_select_their_source_buff_stat ... ok
test runtime::npc_script::crystal_label_compat_tests::bracketed_crystal_callnpc_labels_preserve_labels_and_arguments ... ok
test runtime::npc_script::dialog_security_tests::stale_dialog_quest_link_cannot_be_replayed_after_player_walks_away ... ok
test runtime::packets::game_shop_start_stock_tests::checked_in_unlimited_start_packets_remain_byte_identical ... ok
test runtime::packets::game_shop_start_stock_tests::reloaded_start_world_projects_individual_and_global_finite_stock ... ok
test runtime::packets::item_tooltip_source_tests::tooltip_source_resolves_item_and_socket_rows_for_the_active_viewer ... ok
test runtime::packets::item_tooltip_source_tests::tooltip_source_without_viewer_never_manufactures_real_rows ... ok
test runtime::packets::mail_status_transaction_tests::status_persist_failure_does_not_mutate_world_store_or_file ... ok
test runtime::packets::quest_dialog_operation_link_tests::quest_packets_require_the_exact_active_dialog_inside_crystal_data_range ... ok
test runtime::packets::quest_dialog_operation_link_tests::starter_and_crystal_dialog_links_preserve_web_and_native_quest_actions ... ok
test runtime::pathfind::tests::adjacent_path_is_empty_when_already_adjacent ... ok
test runtime::pathfind::tests::adjacent_path_reaches_a_tile_next_to_an_occupied_goal ... ok
test runtime::pathfind::tests::adjacent_path_routes_around_a_wall_to_reach_the_target ... ok
test runtime::pathfind::tests::empty_path_when_already_on_goal ... ok
test runtime::pathfind::tests::none_when_beyond_max_range ... ok
test runtime::pathfind::tests::none_when_goal_is_walled_off ... ok
test runtime::pathfind::tests::none_when_goal_tile_itself_blocked ... ok
test runtime::pathfind::tests::routes_around_a_wall ... ok
test runtime::pathfind::tests::straight_diagonal_on_open_ground ... ok
test runtime::refine_oven::tests::deadline_boundary_and_server_epoch_are_distinct ... ok
test runtime::save::character_save_item_validation_tests::committed_zero_quantity_persisted_roots_and_children_reject_atomically ... ok
test runtime::save::character_save_item_validation_tests::crystal_buff_state_survives_save_preflight_and_apply ... ok
test runtime::save::character_save_item_validation_tests::crystal_inventory_capacity_controls_bag2_and_user_information_raw_slots ... ok
test runtime::save::character_save_item_validation_tests::duplicate_exact_equipment_root_uid_rejects_start_game_atomically ... ok
test runtime::save::character_save_item_validation_tests::legacy_candidate_key_with_conflicting_exact_index_is_rejected ... ok
test runtime::save::character_save_item_validation_tests::legacy_candidate_keys_migrate_across_stage5_item_carriers ... ok
test runtime::save::character_save_item_validation_tests::legal_legacy_item_save_without_metadata_carrier_still_applies ... ok
test runtime::save::character_save_item_validation_tests::malformed_item_carrier_rejects_before_mutating_the_world ... ok
test runtime::save::character_save_item_validation_tests::malformed_npc_buy_back_json_rejects_before_world_session_or_disk_changes ... ok
test runtime::save::character_save_item_validation_tests::malformed_quest_and_skill_state_fail_preflight_instead_of_clearing ... ok
test runtime::save::character_save_item_validation_tests::malformed_stage5_json_rejects_before_mutating_world_or_session ... ok
test runtime::save::character_save_item_validation_tests::overbudget_mail_attachment_is_rejected_before_disk_or_world_changes ... ok
test runtime::save::character_save_item_validation_tests::overbudget_npc_used_goods_item_rejects_before_world_session_or_disk_changes ... ok
test runtime::save::character_save_item_validation_tests::oversized_item_carrier_start_game_returns_result_two_without_partial_state ... ok
test runtime::save::character_save_item_validation_tests::six_legacy_candidate_keys_migrate_once_to_exact_crystal_templates ... ok
test runtime::save::character_save_item_validation_tests::start_game_legacy_item_migration_is_persisted_and_idempotent ... ok
test runtime::save::character_save_item_validation_tests::zero_quantity_live_inventory_rejects_active_save_without_mutation ... ok
test runtime::save::character_save_item_validation_tests::zero_quantity_persisted_inventory_rejects_start_game_atomically ... ok
test runtime::save::save_fail_closed_tests::account_creation_persistence_failure_returns_crystal_failure_and_rolls_back_live_store ... ok
test runtime::save::save_fail_closed_tests::active_snapshot_without_account_identity_is_rejected ... ok
test runtime::save::save_fail_closed_tests::canonical_account_switch_with_colliding_index_cannot_refresh_foreign_mail ... ok
test runtime::save::save_fail_closed_tests::canonical_cross_account_send_mail_commits_sender_and_exact_target ... ok
test runtime::save::save_fail_closed_tests::canonical_identity_still_commits_mail_transaction_and_full_save ... ok
test runtime::save::save_fail_closed_tests::canonical_select_missing_character_returns_crystal_result_two_without_mutation ... ok
test runtime::save::save_fail_closed_tests::delete_character_persistence_failure_keeps_character ... ok
test runtime::save::save_fail_closed_tests::delete_character_without_account_identity_is_rejected_and_does_not_mutate_account_store ... ok
test runtime::save::save_fail_closed_tests::disconnect_persistence_failure_still_clears_gm_permissions ... ok
test runtime::save::save_fail_closed_tests::existing_only_passkey_login_does_not_provision_missing_account ... ok
test runtime::save::save_fail_closed_tests::first_time_passkey_provision_is_durable_and_locked ... ok
test runtime::save::save_fail_closed_tests::forged_roster_durable_identity_collision_rejects_all_private_mail_transactions ... ok
test runtime::save::save_fail_closed_tests::forged_roster_durable_identity_collision_rejects_normal_revision_full_save ... ok
test runtime::save::save_fail_closed_tests::forged_roster_durable_identity_collision_rejects_stale_revision_full_save ... ok
test runtime::save::save_fail_closed_tests::gm_password_binding_login_switch_and_successful_disconnect_clear_permissions ... ok
test runtime::save::save_fail_closed_tests::in_game_character_lifecycle_requests_are_silent_and_leave_world_and_store_unchanged ... ok
test runtime::save::save_fail_closed_tests::legacy_password_migration_persistence_failure_rejects_login_and_keeps_live_password ... ok
test runtime::save::save_fail_closed_tests::legal_gm_and_ranking_paths_sync_exact_authorized_levels ... ok
test runtime::save::save_fail_closed_tests::local_missing_account_start_returns_none_without_recreating_account ... ok
test runtime::save::save_fail_closed_tests::malformed_empty_and_switched_identities_cannot_reuse_gm_or_leak_private_packets ... ok
test runtime::save::save_fail_closed_tests::new_character_persistence_failure_returns_crystal_failure_and_keeps_roster ... ok
test runtime::save::save_fail_closed_tests::new_character_without_account_identity_is_rejected_and_does_not_mutate_account_store ... ok
test runtime::save::save_fail_closed_tests::noncanonical_bound_identity_cannot_alias_or_mutate_either_account ... ok
test runtime::save::save_fail_closed_tests::noncanonical_live_identity_cannot_read_merge_or_mutate_either_mailbox ... ok
test runtime::save::save_fail_closed_tests::passkey_provision_persistence_failure_rolls_back_live_account ... ok
test runtime::save::save_fail_closed_tests::password_change_persistence_failure_returns_crystal_failure_and_keeps_old_hash ... ok
test runtime::save::save_fail_closed_tests::recovery_password_reset_persistence_failure_keeps_old_hash ... ok
test runtime::save::save_fail_closed_tests::send_mail_target_durable_identity_mismatch_is_silent_and_atomic ... ok
test runtime::save::save_fail_closed_tests::source_of_truth_start_requires_authoritative_refresh_and_does_not_recreate_account ... ok
test runtime::save::save_fail_closed_tests::standard_and_passkey_recovery_preflight_fail_closed_for_source_states ... ok
test runtime::save::save_fail_closed_tests::start_game_without_account_identity_is_rejected_and_does_not_mutate_account_store ... ok
test runtime::save::save_fail_closed_tests::start_normalization_persistence_failure_returns_crystal_failure_and_keeps_live_save ... ok
test runtime::save::save_fail_closed_tests::trusted_select_account_for_recovery_still_starts_game ... ok
test runtime::save::stale_mail_status_merge_tests::stale_snapshot_can_only_strengthen_mail_lock ... ok
test runtime::save::stale_mail_status_merge_tests::stale_snapshot_cannot_remove_newer_durable_mail_lock ... ok
test runtime::save::stale_mail_status_merge_tests::stale_unlocked_snapshot_cannot_delete_newer_durable_locked_mail ... ok
test runtime::session::tests::abandon_crystal_quest_clears_progress_and_carry_items_before_reaccept ... ok
test runtime::session::tests::abandon_crystal_quest_removes_item_task_inventory ... ok
test runtime::session::tests::abandon_quest_packet_rejects_every_non_in_progress_state_without_side_effects ... ok
test runtime::session::tests::active_buff_snapshot_carries_browser_buff_contract_fields ... ok
test runtime::session::tests::add_or_increment_item_keeps_crystal_non_stackables_single_count ... ok
test runtime::session::tests::add_or_increment_item_respects_crystal_stack_size ... ok
test runtime::session::tests::added_equipment_stats_affect_snapshot_and_combat_totals ... ok
test runtime::session::tests::addstorage_chat_command_expands_storage_and_updates_snapshot ... ok
test runtime::session::tests::addstorage_chat_command_extends_existing_expiry ... ok
test runtime::session::tests::ai0_default_monsterobject_uses_imported_melee_baseline ... ok
test runtime::session::tests::ambient_monster_death_does_not_credit_player_newcomer_quest ... ok
test runtime::session::tests::archer_class_weapon_uses_archer_sprite_libraries ... ok
test runtime::session::tests::armadillo_elder_retreat_backsteps_and_enters_run_away ... ok
test runtime::session::tests::armadillo_elder_reveals_and_uses_double_dc_melee ... ok
test runtime::session::tests::armadillo_elder_type_one_branch_emits_push_packet_without_damage ... ok
test runtime::session::tests::armadillo_enters_run_away_after_failed_retreat_damage ... ok
test runtime::session::tests::armadillo_retreat_branch_backsteps_and_ranges_nearby_target ... ok
test runtime::session::tests::armadillo_reveals_and_uses_primary_dc_melee ... ok
test runtime::session::tests::armadillo_type_one_branch_uses_three_half_dc_hits ... ok
test runtime::session::tests::assassin_class_weapon_uses_assassin_sprite_libraries ... ok
test runtime::session::tests::attack_before_start_game_rejects_without_runtime_chat ... ok
test runtime::session::tests::attack_reduces_monster_hp ... ok
test runtime::session::tests::auction_buy_settles_own_city_currency_listing ... ok
test runtime::session::tests::auction_buy_spends_city_currency_for_remote_listing ... ok
test runtime::session::tests::authenticated_active_character_save_still_persists_to_its_account ... ok
test runtime::session::tests::axe_skeleton_ai_uses_ranged_packet_at_six_tiles ... ok
test runtime::session::tests::axe_skeleton_kites_before_fear_window_attack ... ok
test runtime::session::tests::axe_skeleton_moves_closer_before_fear_window_attack ... ok
test runtime::session::tests::banned_account_is_rejected_on_login_and_start_game ... ok
test runtime::session::tests::bells_unload_preserves_unique_id_without_creating_a_duplicate ... ok
test runtime::session::tests::benediction_oil_can_curse_weapon_and_refresh_item ... ok
test runtime::session::tests::benediction_oil_can_have_no_effect_but_is_consumed ... ok
test runtime::session::tests::benediction_oil_no_weapon_failure_has_no_runtime_chat_or_consume ... ok
test runtime::session::tests::benediction_oil_refreshes_weapon_after_luck_gain ... ok
test runtime::session::tests::black_foxman_uses_type_one_line_attack_at_two_tiles ... ok
test runtime::session::tests::black_tortoise_close_halfmoon_branch_hits_arc ... ok
test runtime::session::tests::black_tortoise_range_poison_is_zero_mc_gated ... ok
test runtime::session::tests::bomb_spider_explodes_when_adjacent_and_damages_player ... ok
test runtime::session::tests::bone_lord_hp_stage_spawns_crystal_slave_wave ... ok
test runtime::session::tests::bone_lord_uses_crystal_seven_tile_range_attack ... ok
test runtime::session::tests::bone_spearman_ai_hits_from_two_tiles_like_line_attack ... ok
test runtime::session::tests::broken_equipment_no_longer_contributes_stats ... ok
test runtime::session::tests::buff_expiry_emits_crystal_remove_buff_packet ... ok
test runtime::session::tests::bug_bag_maggot_spawn_cap_counts_active_summons_only ... ok
test runtime::session::tests::bug_bag_maggot_spawns_bug_bat_after_delay ... ok
test runtime::session::tests::bug_bat_template_uses_crystal_monster_manifest_values ... ok
test runtime::session::tests::call_npc_accepts_crystal_bracketed_main_key ... ok
test runtime::session::tests::cannibal_plant_hidden_state_blocks_attack_until_revealed ... ok
test runtime::session::tests::cannibal_tentacles_adjacent_halfmoon_branch_poisons_and_fans_out ... ok
test runtime::session::tests::cannibal_tentacles_uses_crystal_range_attack ... ok
test runtime::session::tests::cast_skill_before_start_game_rejects_without_runtime_chat ... ok
test runtime::session::tests::casting_crystal_haste_and_swift_feet_apply_crystal_buff_packets ... ok
test runtime::session::tests::casting_crystal_protection_field_and_rage_scale_from_current_stats ... ok
test runtime::session::tests::casting_crystal_soul_shield_and_blessed_armour_consume_amulet_and_apply_target_level_buffs ... ok
test runtime::session::tests::casting_magic_booster_applies_crystal_buff_stats ... ok
test runtime::session::tests::casting_skill_applies_buff_and_cooldown ... ok
test runtime::session::tests::casting_skill_cooldown_rejects_without_runtime_chat ... ok
test runtime::session::tests::casting_skill_requires_mp ... ok
test runtime::session::tests::casting_stonetrap_spawns_friendly_trap_with_extra ... ok
test runtime::session::tests::casting_summon_shinsu_recalls_existing_pet ... ok
test runtime::session::tests::casting_summon_shinsu_spawns_friendly_player_pet ... ok
test runtime::session::tests::casting_summon_snakes_spawns_friendly_totem_with_skill_level_cap ... ok
test runtime::session::tests::casting_unknown_skill_rejects_without_runtime_chat ... ok
test runtime::session::tests::casting_unwired_skill_rejects_without_runtime_chat_or_cooldown ... ok
test runtime::session::tests::cat_family_uses_crystal_range_and_line_attack_packets ... ok
test runtime::session::tests::cat_shaman_red_poison_branch_is_zero_mc_gated ... ok
test runtime::session::tests::cave_maggot_can_apply_paralysis_poison_and_block_player_walk ... ok
test runtime::session::tests::change_a_mode_packet_stores_attack_mode_and_echoes_crystal_packet ... ok
test runtime::session::tests::change_p_mode_packet_stores_pet_mode_and_echoes_crystal_packet ... ok
test runtime::session::tests::change_password_refuses_wallet_namespace ... ok
test runtime::session::tests::change_password_rejects_wrong_current_password ... ok
test runtime::session::tests::change_password_updates_login_password ... ok
test runtime::session::tests::chat_before_start_game_rejects_without_runtime_chat ... ok
test runtime::session::tests::chat_normal_message_emits_crystal_object_chat_only ... ok
test runtime::session::tests::chat_packet_respects_persisted_chat_ban ... ok
test runtime::session::tests::city_currency_give_take_npc_commands_update_wallet_and_snapshot ... ok
test runtime::session::tests::city_currency_persists_across_save_and_reload ... ok
test runtime::session::tests::class_base_stats_scale_with_level_per_crystal_formula ... ok
test runtime::session::tests::classic_login_rejects_wallet_namespaced_account ... ok
test runtime::session::tests::classic_login_still_works_for_non_wallet_accounts ... ok
test runtime::session::tests::click_to_move_onto_occupied_tile_approaches_adjacent ... ok
test runtime::session::tests::collect_external_parcel_is_durable_before_ack_and_repeat_is_silent ... ok
test runtime::session::tests::collect_parcel_bad_exact_json_is_silent_and_atomic ... ok
test runtime::session::tests::collect_parcel_persist_failure_is_silent_and_leaves_world_store_and_file_unchanged ... ok
test runtime::session::tests::collect_parcel_silently_rejects_fully_corrupt_exact_payload_without_key_fallback ... ok
test runtime::session::tests::collect_parcel_silently_rejects_partially_corrupt_exact_payload_with_only_four_slots_atomically ... ok
test runtime::session::tests::collect_parcel_silently_rejects_unknown_zero_and_overstack_exact_items_atomically ... ok
test runtime::session::tests::collect_self_mail_is_durable_before_success ... ok
test runtime::session::tests::collision_refresh_keeps_visible_local_id_and_claim_targets_original_mail ... ok
test runtime::session::tests::combat_packet_trace_orders_attack_before_delayed_health ... ok
test runtime::session::tests::combine_item_packet_dead_player_ack_fails_without_mutation ... ok
test runtime::session::tests::combine_item_packet_hero_inventory_grid_does_not_mutate_matching_player_items ... ok
test runtime::session::tests::combine_item_packet_rejects_slot_numbers_when_unique_ids_differ ... ok
test runtime::session::tests::combine_item_packet_repair_branch_emits_item_repaired_and_ack ... ok
test runtime::session::tests::combine_item_packet_repair_branch_rejects_fully_repaired_target_with_hint ... ok
test runtime::session::tests::combine_item_packet_repair_branch_rejects_wrong_target_family_with_ack_only_failure ... ok
test runtime::session::tests::combine_item_packet_seal_branch_emits_crystal_ack_and_seal_change ... ok
test runtime::session::tests::combine_item_packet_seal_branch_rejects_non_equipment_targets_with_ack_only_failure ... ok
test runtime::session::tests::combine_item_packet_shape_zero_gem_source_ack_fails_without_mutation ... ok
test runtime::session::tests::combine_item_packet_socket_branch_rejects_maxed_target ... ok
test runtime::session::tests::combine_item_packet_socket_branch_rejects_rental_dont_upgrade_ack_only ... ok
test runtime::session::tests::combine_item_packet_socket_branch_rejects_targets_outside_crystal_item_type_window ... ok
test runtime::session::tests::combine_item_packet_upgrade_branch_applies_accuracy_bonus_for_helmet ... ok
test runtime::session::tests::combine_item_packet_upgrade_branch_applies_agility_bonus_for_armour ... ok
test runtime::session::tests::combine_item_packet_upgrade_branch_applies_attack_speed_bonus ... ok
test runtime::session::tests::combine_item_packet_upgrade_branch_applies_durability_orb_max_dura_bonus ... ok
test runtime::session::tests::combine_item_packet_upgrade_branch_applies_freezing_bonus ... ok
test runtime::session::tests::combine_item_packet_upgrade_branch_applies_magic_resist_bonus_for_armour ... ok
test runtime::session::tests::combine_item_packet_upgrade_branch_applies_player_gem_rate_percent_bonus ... ok
test runtime::session::tests::combine_item_packet_upgrade_branch_applies_poison_attack_bonus ... ok
test runtime::session::tests::combine_item_packet_upgrade_branch_applies_poison_resist_bonus_for_armour ... ok
test runtime::session::tests::combine_item_packet_upgrade_branch_emits_item_upgraded_and_ack ... ok
test runtime::session::tests::combine_item_packet_upgrade_branch_rejects_durability_orb_at_max_added_stats ... ok
test runtime::session::tests::combine_item_packet_upgrade_branch_rejects_invalid_combination ... ok
test runtime::session::tests::combine_item_packet_upgrade_branch_rejects_max_added_stats ... ok
test runtime::session::tests::combine_item_packet_upgrade_branch_rejects_rental_dont_upgrade_ack_only ... ok
test runtime::session::tests::combine_item_packet_upgrade_failure_can_destroy_target_and_still_ack_success ... ok
test runtime::session::tests::combine_item_packet_uses_inventory_unique_ids_instead_of_slots ... ok
test runtime::session::tests::concurrent_same_account_mail_transactions_have_no_lost_update ... ok
test runtime::session::tests::concurrent_sessions_cannot_claim_the_same_durable_mail_twice ... ok
test runtime::session::tests::consumable_item_restores_hp ... ok
test runtime::session::tests::counter_attack_spell_toggle_applies_crystal_buff_stats ... ok
test runtime::session::tests::craft_item_packet_enforces_tool_durability ... ok
test runtime::session::tests::craft_item_packet_produces_output_and_consumes_ingredients ... ok
test runtime::session::tests::craft_item_packet_rejects_insufficient_gold ... ok
test runtime::session::tests::craft_item_packet_rejects_insufficient_ingredient_quantity ... ok
test runtime::session::tests::craft_item_packet_rejects_unknown_recipe ... ok
test runtime::session::tests::craft_item_packet_rejects_when_an_ingredient_slot_is_not_offered ... ok
test runtime::session::tests::craft_item_packet_with_tool_consumes_ingredients_even_on_a_missed_roll ... ok
test runtime::session::tests::critical_amplified_damage_matches_crystal_weight_arithmetic ... ok
test runtime::session::tests::critical_hit_amplifies_melee_when_crit_stats_present ... ok
test runtime::session::tests::cross_account_send_mail_commits_sender_recipient_and_reload_once ... ok
test runtime::session::tests::cross_account_send_mail_faults_leave_live_store_and_file_unchanged ... ok
test runtime::session::tests::crystal_add_item_falls_back_to_bag_when_priority_belt_is_full ... ok
test runtime::session::tests::crystal_add_item_keeps_non_belt_items_in_bag ... ok
test runtime::session::tests::crystal_add_item_places_amulets_in_amulet_belt_first ... ok
test runtime::session::tests::crystal_add_item_places_potions_in_potion_belt_first ... ok
test runtime::session::tests::crystal_ai0_base_monster_uses_imported_dc_damage ... ok
test runtime::session::tests::crystal_ai116_black_hammer_cat_splashes_line_target_at_range ... ok
test runtime::session::tests::crystal_ai26_shaman_zombie_splashes_six_tile_line ... ok
test runtime::session::tests::crystal_ai26_shaman_zombie_uses_imported_dc_damage ... ok
test runtime::session::tests::crystal_ai29_bone_spearman_splashes_line_target ... ok
test runtime::session::tests::crystal_ai31_right_guard_uses_imported_dc_damage ... ok
test runtime::session::tests::crystal_ai41_yin_devil_node_is_immobile_like_ai42 ... ok
test runtime::session::tests::crystal_ai44_black_foxman_splashes_line_target_at_range ... ok
test runtime::session::tests::crystal_ai4_spitting_spider_attack_range_matches_crystal ... ok
test runtime::session::tests::crystal_ai4_spitting_spider_poisons_monster_line_victim ... ok
test runtime::session::tests::crystal_ai4_spitting_spider_poisons_player_on_hit ... ok
test runtime::session::tests::crystal_ai57_town_archer_attacks_red_name_player ... ok
test runtime::session::tests::crystal_ai58_town_guard_attacks_hostile_monsters ... ok
test runtime::session::tests::crystal_archer_guards_do_not_follow_routes ... ok
test runtime::session::tests::crystal_attack_into_mine_spot_triggers_mining ... ok
test runtime::session::tests::crystal_attack_packet_targets_adjacent_tile_in_direction ... ok
test runtime::session::tests::crystal_conquest_movement_allowed_only_for_owning_guild ... ok
test runtime::session::tests::crystal_conquest_movement_transfer_gated_by_ownership ... ok
test runtime::session::tests::crystal_credit_persists_and_updates_user_information ... ok
test runtime::session::tests::crystal_credit_token_use_adds_credit_and_emits_packet ... ok
test runtime::session::tests::crystal_current_map_spawn_table_uses_representative_map_rosters ... ok
test runtime::session::tests::crystal_current_map_transfer_spawns_manifest_npcs_into_world ... ok
test runtime::session::tests::crystal_current_map_transfer_spawns_visible_archer_guard_into_world ... ok
test runtime::session::tests::crystal_current_map_transfer_spawns_visible_respawns_into_world ... ok
test runtime::session::tests::crystal_door_registry_groups_cells_by_index_and_masks_high_bit ... ok
test runtime::session::tests::crystal_drop_item_packet_reduces_stack_and_spawns_ground_item ... ok
test runtime::session::tests::crystal_drop_search_respects_drop_stack_size_limit ... ok
test runtime::session::tests::crystal_drop_search_skips_map_transfer_source_tiles ... ok
test runtime::session::tests::crystal_drop_table_gold_entry_spawns_pickup_gold_for_monster_death ... ok
test runtime::session::tests::crystal_fishing_rejected_when_no_fishing_cell_ahead ... ok
test runtime::session::tests::crystal_fishing_uses_map_fishing_cell_three_tiles_ahead ... ok
test runtime::session::tests::crystal_full_world_zone_collision_expands_bichon_to_full_map ... ok
test runtime::session::tests::crystal_game_shop_credit_buy_uses_manifest_and_mail_delivery ... ok
test runtime::session::tests::crystal_ground_gold_chunks_follow_max_drop_gold_formula ... ok
test runtime::session::tests::crystal_group_first_stops_after_first_successful_child ... ok
test runtime::session::tests::crystal_group_random_keeps_gold_and_selects_one_successful_item ... ok
test runtime::session::tests::crystal_guard_attack_uses_target_back_packet_shape ... ok
test runtime::session::tests::crystal_guards_are_neutral_in_snapshot ... ok
test runtime::session::tests::crystal_guards_attack_hostile_monsters_with_attack_packets ... ok
test runtime::session::tests::crystal_guards_do_not_auto_attack_player ... ok
test runtime::session::tests::crystal_guards_ignore_hens_even_when_adjacent ... ok
test runtime::session::tests::crystal_harvest_monster_subclasses_use_corpse_passes ... ok
test runtime::session::tests::crystal_hazard_damages_player_on_direct_hit ... ok
test runtime::session::tests::crystal_imported_monster_packets_preserve_ai ... ok
test runtime::session::tests::crystal_lightning_hazard_strikes_on_lightning_map ... ok
test runtime::session::tests::crystal_manifest_gtmerchant_interact_opens_dialog_when_adjacent ... ok
test runtime::session::tests::crystal_manifest_map_information_includes_minimap_bigmap_and_light ... ok
test runtime::session::tests::crystal_manifest_movements_skip_crystal_invalid_direct_transfers ... ok
test runtime::session::tests::crystal_manifest_movements_surface_as_runtime_transfers ... ok
test runtime::session::tests::crystal_manifest_safe_zones_mark_imported_maps ... ok
test runtime::session::tests::crystal_map_runtime_start_game_excludes_starter_fixture_monsters ... ok
test runtime::session::tests::crystal_map_runtime_start_game_uses_saved_crystal_map_roster ... ok
test runtime::session::tests::crystal_map_v0_light_outside_fishing_range_is_not_a_cell ... ok
test runtime::session::tests::crystal_map_v0_parses_fishing_attribute_cell ... ok
test runtime::session::tests::crystal_mining_depleted_spot_regenerates_timer ... ok
test runtime::session::tests::crystal_mining_guaranteed_set_yields_ore_and_damages_pickaxe ... ok
test runtime::session::tests::crystal_mining_swing_broadcasts_mine_node_state ... ok
test runtime::session::tests::crystal_mining_swing_emits_mine_effect_and_depletes_stone ... ok
test runtime::session::tests::crystal_mining_without_pickaxe_does_nothing ... ok
test runtime::session::tests::crystal_nested_group_combines_recursive_random_and_outer_first_rules ... ok
test runtime::session::tests::crystal_neutral_town_guards_do_not_follow_respawn_routes ... ok
test runtime::session::tests::crystal_no_hazard_on_normal_map ... ok
test runtime::session::tests::crystal_npc_admin_light_and_group_nearby_conditions_use_current_baseline ... ok
test runtime::session::tests::crystal_npc_buy_back_expiry_moves_items_to_used_goods ... ok
test runtime::session::tests::crystal_npc_buy_back_persists_across_save_and_reload ... ok
test runtime::session::tests::crystal_npc_buy_item_dead_player_is_silent_and_preserves_state ... ok
test runtime::session::tests::crystal_npc_buy_item_invalid_contexts_are_silent_and_preserve_state ... ok
test runtime::session::tests::crystal_npc_buy_item_packet_purchases_trade_goods ... ok
test runtime::session::tests::crystal_npc_buy_item_service_context_rejects_when_player_leaves_data_range ... ok
test runtime::session::tests::crystal_npc_calc_concatenates_non_numeric_values_like_crystal ... ok
test runtime::session::tests::crystal_npc_calc_updates_numeric_variable_and_checkcalc_observes_result ... ok
test runtime::session::tests::crystal_npc_check_and_set_flag_drive_followup_dialog_branch ... ok
test runtime::session::tests::crystal_npc_checkexactmon_counts_named_runtime_monsters ... ok
test runtime::session::tests::crystal_npc_checkitem_takeitem_and_move_with_coordinates_execute_together ... ok
test runtime::session::tests::crystal_npc_checkmon_becomes_true_after_param_and_mongen ... ok
test runtime::session::tests::crystal_npc_checkmon_counts_runtime_monsters_on_current_map ... ok
test runtime::session::tests::crystal_npc_checkquest_supports_active_and_complete_keywords ... ok
test runtime::session::tests::crystal_npc_dialog_target_runs_followup_section_and_can_return_main ... ok
test runtime::session::tests::crystal_npc_dynamic_visibility_matches_character_flags_and_crystal_schedule ... ok
test runtime::session::tests::crystal_npc_else_say_branch_renders_when_if_conditions_fail ... ok
test runtime::session::tests::crystal_npc_flag_changes_reconcile_live_aoi_and_block_hidden_interaction ... ok
test runtime::session::tests::crystal_npc_flags_persist_across_save_and_reload ... ok
test runtime::session::tests::crystal_npc_giveexp_updates_runtime_and_user_information ... ok
test runtime::session::tests::crystal_npc_givegold_checkclass_and_gender_execute_expected_branch ... ok
test runtime::session::tests::crystal_npc_giveitem_adds_reward_to_inventory ... ok
test runtime::session::tests::crystal_npc_giveitem_full_bag_preserves_inventory ... ok
test runtime::session::tests::crystal_npc_givepet_pet_checks_and_clearpets_follow_crystal_pet_flow ... ok
test runtime::session::tests::crystal_npc_giveskill_maps_runtime_and_crystal_manifest_entries ... ok
test runtime::session::tests::crystal_npc_goto_loop_stops_at_section_hop_limit ... ok
test runtime::session::tests::crystal_npc_group_and_conquest_runtime_use_configured_members_and_state ... ok
test runtime::session::tests::crystal_npc_input_label_waits_for_input_and_replaces_inputstr_on_submit ... ok
test runtime::session::tests::crystal_npc_local_message_break_and_close_emit_message_and_dismiss_dialog ... ok
test runtime::session::tests::crystal_npc_monclear_marks_current_map_monsters_dead ... ok
test runtime::session::tests::crystal_npc_mov_and_checkcalc_drive_lottery_guess_flow ... ok
test runtime::session::tests::crystal_npc_move_with_gold_condition_charges_and_transfers_player ... ok
test runtime::session::tests::crystal_npc_move_without_coordinates_returns_no_transfer_packets_yet ... ok
test runtime::session::tests::crystal_npc_param_and_mongen_spawn_runtime_monsters_on_current_map ... ok
test runtime::session::tests::crystal_npc_random_condition_uses_runtime_rng_progression ... ok
test runtime::session::tests::crystal_npc_removepet_only_despawns_matching_pet_name ... ok
test runtime::session::tests::crystal_npc_reserved_service_labels_map_to_crystal_packets ... ok
test runtime::session::tests::crystal_npc_runtime_token_resolution_replaces_embedded_variables_and_output_placeholders ... ok
test runtime::session::tests::crystal_npc_savevalue_and_loadvalue_persist_across_reload ... ok
test runtime::session::tests::crystal_npc_say_section_strips_comment_lines ... ok
test runtime::session::tests::crystal_npc_script_key_renders_main_say_and_links ... ok
test runtime::session::tests::crystal_npc_sell_and_repair_contexts_reject_when_player_leaves_data_range ... ok
test runtime::session::tests::crystal_npc_sell_updates_buy_back_goods_for_active_service ... ok
test runtime::session::tests::crystal_npc_service_links_emit_packets_and_close_dialog ... ok
test runtime::session::tests::crystal_npc_stage5_conquest_and_guild_territory_commands_have_stateful_baselines ... ok
test runtime::session::tests::crystal_npc_stage5_message_buff_appearance_name_list_and_hero_commands_execute ... ok
test runtime::session::tests::crystal_npc_storage_open_sends_full_backing_storage_even_when_expansion_inactive ... ok
test runtime::session::tests::crystal_npc_storage_reopen_without_state_change_only_emits_npc_storage_after_first_open ... ok
test runtime::session::tests::crystal_npc_storage_service_context_allows_store_and_take_back_without_helper ... ok
test runtime::session::tests::crystal_npc_storage_service_context_rejects_storage_actions_when_player_leaves_data_range ... ok
test runtime::session::tests::crystal_npc_storage_service_reopen_resets_session_unlock ... ok
test runtime::session::tests::crystal_npc_time_and_bag_conditions_follow_runtime_state ... ok
test runtime::session::tests::crystal_npc_unknown_action_records_script_diagnostic ... ok
test runtime::session::tests::crystal_npc_unknown_condition_records_script_diagnostic ... ok
test runtime::session::tests::crystal_npc_world_event_conditions_check_current_map_range_and_humans ... ok
test runtime::session::tests::crystal_open_door_only_unblocks_its_own_cells ... ok
test runtime::session::tests::crystal_open_door_unblocks_then_auto_closes ... ok
test runtime::session::tests::crystal_packet_attack_timing_rejects_repeat_until_world_tick_advances ... ok
test runtime::session::tests::crystal_packet_walk_timing_queues_repeat_without_user_location_correction ... ok
test runtime::session::tests::crystal_pickup_packet_collects_ground_drop_on_current_cell ... ok
test runtime::session::tests::crystal_pickup_packet_ignores_adjacent_ground_drop ... ok
test runtime::session::tests::crystal_q_drop_marker_rolls_and_is_preserved_on_resolved_items ... ok
test runtime::session::tests::crystal_quest_required_drop_does_not_fall_back_when_quest_inventory_is_full ... ok
test runtime::session::tests::crystal_quest_required_drop_is_suppressed_without_active_matching_quest ... ok
test runtime::session::tests::crystal_quest_required_drop_routes_to_active_quest_inventory ... ok
test runtime::session::tests::crystal_random_drop_stats_follow_weapon_profile ... ok
test runtime::session::tests::crystal_random_drop_stats_roll_full_weapon_profile_stat_family ... ok
test runtime::session::tests::crystal_range_attack_packet_uses_target_id_bridge ... ok
test runtime::session::tests::crystal_resolved_drop_applies_random_attack_defence_and_durability ... ok
test runtime::session::tests::crystal_respawn_schedule_uses_minute_window_semantics ... ok
test runtime::session::tests::crystal_run_from_standstill_echoes_location_without_moving ... ok
test runtime::session::tests::crystal_runtime_bichon_blacksmith_sells_a_pickaxe ... ok
test runtime::session::tests::crystal_runtime_broadcasts_mine_nodes_on_entry ... ok
test runtime::session::tests::crystal_runtime_wires_full_bichon_starter_mine_zone ... ok
test runtime::session::tests::crystal_spider_line_attack_fans_out_to_forward_targets ... ok
test runtime::session::tests::crystal_spider_uses_three_tile_line_attack_and_green_poison ... ok
test runtime::session::tests::crystal_starter_armour_can_fully_block_scarecrow_damage ... ok
test runtime::session::tests::crystal_starter_region_source_builds_imported_spawn_rules ... ok
test runtime::session::tests::crystal_time_of_day_lights_match_server_utc_hour_formula ... ok
test runtime::session::tests::crystal_use_item_packet_consumes_belt_slot ... ok
test runtime::session::tests::crystal_use_item_packet_consumes_inventory_slot ... ok
test runtime::session::tests::crystal_walk_and_run_share_six_hundred_ms_move_delay ... ok
test runtime::session::tests::crystal_walk_primes_next_run_like_crystal_step_counter ... ok
test runtime::session::tests::crystal_world_activation_respects_pending_respawn_timer ... ok
test runtime::session::tests::crystal_world_full_spawn_table_is_empty_for_unpopulated_map ... ok
test runtime::session::tests::crystal_world_pools_monsters_and_materializes_only_nearby ... ok
test runtime::session::tests::crystal_world_respawn_spawns_place_full_group_roster ... ok
test runtime::session::tests::crystal_world_source_activates_full_bichon_map ... ok
test runtime::session::tests::crystal_world_start_game_activates_bichon_only ... ok
test runtime::session::tests::dark_beast_secondary_branch_is_data_gated_by_zero_mc_effect ... ok
test runtime::session::tests::dark_beast_uses_crystal_dc_damage_for_primary_attack ... ok
test runtime::session::tests::dark_devil_range_branch_uses_forward_fanout_and_cooldown ... ok
test runtime::session::tests::dark_devil_uses_crystal_three_tile_area_range_branch ... ok
test runtime::session::tests::dark_wraith_adjacent_area_branch_fans_out_to_nearby_targets ... ok
test runtime::session::tests::dark_wraith_line_branch_fans_out_and_sets_cooldown ... ok
test runtime::session::tests::dark_wraith_uses_crystal_four_tile_line_attack_branch ... ok
test runtime::session::tests::dead_monster_does_not_block_attack_or_die_twice ... ok
test runtime::session::tests::dead_player_cannot_move_attack_magic_or_use_normal_potion_until_revived ... ok
test runtime::session::tests::dead_player_returns_unexpired_rental_item_before_normal_drop_paths ... ok
test runtime::session::tests::dead_summoned_totem_despawns_after_delay_tick ... ok
test runtime::session::tests::deadmine_entrance_collision_parses_from_pack ... ok
test runtime::session::tests::debug_crystal_transfer_key_updates_map_information_and_location ... ok
test runtime::session::tests::deer_is_passive_and_requires_five_harvest_passes ... ok
test runtime::session::tests::default_demo_character_keeps_stage5_seed_state ... ok
test runtime::session::tests::defeating_field_wasp_advances_and_turns_in_quest ... ok
test runtime::session::tests::defeating_visible_monster_emits_death_packets ... ok
test runtime::session::tests::delete_character_allows_last_character_without_extra_chat ... ok
test runtime::session::tests::delete_character_removes_saved_entry_from_account ... ok
test runtime::session::tests::delete_item_packet_dead_player_acknowledges_without_mutation ... ok
test runtime::session::tests::delete_item_packet_hero_inventory_flag_acknowledges_missing_item_without_mutation ... ok
test runtime::session::tests::delete_item_packet_hero_inventory_flag_still_deletes_matching_player_item ... ok
test runtime::session::tests::delete_item_packet_reduces_or_removes_inventory_stack ... ok
test runtime::session::tests::dig_out_zombie_starts_hidden_and_reveals_near_player ... ok
test runtime::session::tests::direct_attack_dead_monster_rejects_without_runtime_chat ... ok
test runtime::session::tests::direct_attack_missing_target_rejects_without_runtime_chat ... ok
test runtime::session::tests::direct_attack_non_monster_target_rejects_without_runtime_chat ... ok
test runtime::session::tests::direct_attack_out_of_range_rejects_without_runtime_chat_or_attack_packet ... ok
test runtime::session::tests::direct_interact_at_crystal_data_range_opens_without_forcing_a_turn ... ok
test runtime::session::tests::direct_interact_beyond_crystal_data_range_rejects_without_dialog ... ok
test runtime::session::tests::direct_interact_missing_target_rejects_without_runtime_chat ... ok
test runtime::session::tests::direct_interact_same_tile_rejects_without_runtime_chat_or_dialog ... ok
test runtime::session::tests::direct_pickup_missing_drop_rejects_without_runtime_chat ... ok
test runtime::session::tests::direct_pickup_non_ground_target_rejects_without_runtime_chat ... ok
test runtime::session::tests::direct_pickup_out_of_cell_rejects_without_runtime_chat_or_mutation ... ok
test runtime::session::tests::disconnect_emits_protocol_disconnect_reason ... ok
test runtime::session::tests::disconnect_persists_character_state_for_reconnect ... ok
test runtime::session::tests::drop_gold_packet_allows_zero_gold_like_crystal ... ok
test runtime::session::tests::drop_gold_packet_emits_lose_gold ... ok
test runtime::session::tests::drop_gold_packet_ignores_insufficient_gold_like_crystal ... ok
test runtime::session::tests::drop_gold_packet_silently_rejects_before_start_game ... ok
test runtime::session::tests::drop_item_packet_dead_player_short_circuits_before_no_throw_item_message ... ok
test runtime::session::tests::drop_item_packet_destroys_crystal_destroy_on_drop_bind ... ok
test runtime::session::tests::drop_item_packet_hero_inventory_flag_does_not_mutate_matching_player_inventory_item ... ok
test runtime::session::tests::drop_item_packet_missing_inventory_item_rejects_without_runtime_chat ... ok
test runtime::session::tests::drop_item_packet_rejects_before_start_game_without_panic ... ok
test runtime::session::tests::drop_item_packet_rejects_crystal_dont_drop_bind ... ok
test runtime::session::tests::drop_item_packet_rejects_rental_dont_drop_bind ... ok
test runtime::session::tests::drop_item_packet_rejects_when_current_map_disallows_throw_item ... ok
test runtime::session::tests::drop_item_packet_splits_stack_like_crystal ... ok
test runtime::session::tests::drop_item_packet_uses_unique_id_when_it_differs_from_slot ... ok
test runtime::session::tests::dropped_gold_can_be_picked_up ... ok
test runtime::session::tests::dropped_inventory_item_can_be_removed_from_bag_and_spawned_on_ground ... ok
test runtime::session::tests::dropped_item_can_be_picked_up_into_inventory ... ok
test runtime::session::tests::due_harvestable_respawn_waits_for_final_harvest_boundary ... ok
test runtime::session::tests::duplicate_new_account_returns_crystal_duplicate_result ... ok
test runtime::session::tests::durable_trade_projection_replays_pretrade_checkpoint_once ... ok
test runtime::session::tests::dynamically_granted_crystal_weapon_keeps_template_stats_when_equipped ... ok
test runtime::session::tests::entity_sprite_snapshot_riding_renders_mount_and_hides_weapon ... ok
test runtime::session::tests::env_gm_accounts_grants_session_gm_for_listed_account ... ok
test runtime::session::tests::env_gm_password_enables_login_handshake ... ok
test runtime::session::tests::equip_and_remove_item_packets_emit_crystal_acks ... ok
test runtime::session::tests::equip_item_packet_hero_inventory_grid_does_not_mutate_matching_player_item ... ok
test runtime::session::tests::equip_item_packet_identifies_need_identify_item_and_emits_refresh_before_ack ... ok
test runtime::session::tests::equip_item_packet_manifest_amulet_can_target_right_bracelet_slot ... ok
test runtime::session::tests::equip_item_packet_manifest_equipment_allows_when_requirements_are_met ... ok
test runtime::session::tests::equip_item_packet_manifest_equipment_rejects_unmet_requirements_silently ... ok
test runtime::session::tests::equip_item_packet_manifest_ring_and_bracelet_can_target_right_slots ... ok
test runtime::session::tests::equip_item_packet_rejects_item_soul_bound_to_other_character ... ok
test runtime::session::tests::equip_item_packet_storage_grid_equips_item_when_storage_service_is_active ... ok
test runtime::session::tests::equip_item_packet_storage_identifies_need_identify_item_and_emits_refresh_before_ack ... ok
test runtime::session::tests::equip_item_packet_storage_manifest_equipment_rejects_unmet_requirements_silently ... ok
test runtime::session::tests::equip_item_packet_storage_rejects_replaced_equipment_with_dont_store_binding ... ok
test runtime::session::tests::equip_item_packet_storage_replacing_cursed_equipment_requires_unlock ... ok
test runtime::session::tests::equip_item_packet_uses_inventory_unique_id_when_duplicate_keys_exist ... ok
test runtime::session::tests::equip_slot_item_packet_rejects_non_socket_gem ... ok
test runtime::session::tests::equipment_embedded_unique_ids_are_preserved_across_save_load ... ok
test runtime::session::tests::equipment_slot_indices_match_crystal ... ok
test runtime::session::tests::equipment_state_legacy_seal_metadata_defaults_next_seal_date ... ok
test runtime::session::tests::equipment_template_shape_falls_back_to_name_mapping ... ok
test runtime::session::tests::equipment_template_shape_overrides_name_fallback ... ok
test runtime::session::tests::equippable_item_moves_into_equipment ... ok
test runtime::session::tests::equipping_dc_range_weapon_produces_damage_spread ... ok
test runtime::session::tests::equipping_hp_gear_raises_max_hp_and_unequip_restores ... ok
test runtime::session::tests::equipping_real_crystal_gear_updates_self_player_sprite_libraries ... ok
test runtime::session::tests::equipping_same_slot_returns_previous_gear_to_bag ... ok
test runtime::session::tests::evil_centipede_attack_fans_out_and_applies_crystal_poisons ... ok
test runtime::session::tests::evil_centipede_reveals_near_player_and_attacks_from_view_range ... ok
test runtime::session::tests::exact_root_uid_survives_protocol_equip_save_reload_and_remove ... ok
test runtime::session::tests::expanded_storage_state_flows_through_user_information_resize_packet_and_snapshot ... ok
test runtime::session::tests::experience_gain_auto_levels_through_the_crystal_curve ... ok
test runtime::session::tests::expired_chat_ban_clears_and_allows_chat ... ok
test runtime::session::tests::expired_expanded_storage_is_inactive_on_start_game_but_keeps_backing_size ... ok
test runtime::session::tests::expired_expanded_storage_tick_emits_resize_notice_once_and_persists_flag ... ok
test runtime::session::tests::expired_rental_item_is_removed_and_mailed_back_to_owner ... ok
test runtime::session::tests::file_account_store_survives_fresh_config_reload ... ok
test runtime::session::tests::fishing_autocast_prefers_slot_backed_reel_over_resource_flag ... ok
test runtime::session::tests::fishing_autocast_reel_durability_cancels_slot_backed_recast ... ok
test runtime::session::tests::fishing_autocast_requires_crystal_reel_flag ... ok
test runtime::session::tests::fishing_cast_consumes_slot_backed_bait_and_damages_hook ... ok
test runtime::session::tests::fishing_cast_requires_crystal_rod_bait_hook_and_fishing_cell ... ok
test runtime::session::tests::fishing_packets_toggle_crystal_update_surface ... ok
test runtime::session::tests::fishing_reel_uses_crystal_miss_and_monster_event_paths ... ok
test runtime::session::tests::fishing_retry_cast_uses_slot_backed_finder_stats_and_durability ... ok
test runtime::session::tests::fishing_tick_reels_loot_and_autocasts_after_found_fish ... ok
test runtime::session::tests::fixed_crystal_light_setting_accepts_only_crystal_runtime_values ... ok
test runtime::session::tests::flaming_sword_spell_toggle_consumes_mp_and_latches_state ... ok
test runtime::session::tests::flaming_wooma_uses_crystal_dc_damage_for_magic_melee ... ok
test runtime::session::tests::forged_harvest_packet_is_rejected_while_riding_mount ... ok
test runtime::session::tests::friendly_shinsu_hides_after_target_is_gone_and_timeout_expires ... ok
test runtime::session::tests::friendly_shinsu_line_attack_hits_second_monster_in_front ... ok
test runtime::session::tests::friendly_shinsu_stays_hidden_without_real_target_even_near_player ... ok
test runtime::session::tests::friendly_snake_totem_spawns_friendly_charmed_snake_against_hostile_monster ... ok
test runtime::session::tests::friendly_spitting_toad_uses_range_attack_against_hostile_monster ... ok
test runtime::session::tests::friendly_vampire_spider_death_explosion_has_no_runtime_defeat_chat_and_hits_nearby_hostile_monster ... ok
test runtime::session::tests::frost_tiger_is_passive_until_targeted_and_uses_six_tile_range ... ok
test runtime::session::tests::frost_tiger_range_branch_applies_bleeding_roll_for_effect_zero ... ok
test runtime::session::tests::frost_tiger_sits_after_timer_and_stands_when_targeted ... ok
test runtime::session::tests::frozen_axeman_adjacent_pull_branch_uses_type_two_and_pushes_player ... ok
test runtime::session::tests::frozen_axeman_uses_crystal_two_tile_type_one_branch ... ok
test runtime::session::tests::frozen_magician_type_one_range_branch_uses_boosted_mc_damage ... ok
test runtime::session::tests::frozen_magician_uses_crystal_nine_tile_ranged_branch ... ok
test runtime::session::tests::frozen_miner_type_one_branch_fans_out_to_adjacent_opposing_monsters ... ok
test runtime::session::tests::frozen_miner_type_one_branch_uses_eighty_percent_dc_damage ... ok
test runtime::session::tests::frozen_miner_uses_crystal_primary_attack_timing_and_dc_damage ... ok
test runtime::session::tests::frozen_warewolf_death_explosion_hits_adjacent_player ... ok
test runtime::session::tests::frozen_warewolf_hp_branch_spawns_snow_wolf_slaves ... ok
test runtime::session::tests::frozen_warewolf_uses_snow_wolf_king_primary_attack_branch ... ok
test runtime::session::tests::game_shop_balance_mail_capacity_and_world_phase_rejections_are_atomic ... ok
test runtime::session::tests::game_shop_dedicated_and_legacy_stage5_paths_are_state_equivalent ... ok
test runtime::session::tests::game_shop_disabled_authoritative_payment_flags_have_zero_side_effects ... ok
test runtime::session::tests::game_shop_five_stack_boundary_claims_exact_total_and_sixth_stack_rejects ... ok
test runtime::session::tests::game_shop_invalid_packet_and_stage5_quantities_have_zero_side_effects ... ok
test runtime::session::tests::game_shop_packet_credit_and_gold_mail_product_count_times_quantity ... ok
test runtime::session::tests::general_meow_meow_close_slam_branch_uses_triple_dc ... ok
test runtime::session::tests::general_meow_meow_periodic_slave_spawn_uses_crystal_cat_mobs ... ok
test runtime::session::tests::general_meow_meow_range_branch_fans_out_around_target ... ok
test runtime::session::tests::general_meow_meow_shield_phase_casts_mass_thunder_spell_objects ... ok
test runtime::session::tests::general_meow_meow_shield_phase_reduces_incoming_damage_and_broadcasts_buff ... ok
test runtime::session::tests::general_meow_meow_uses_twelve_tile_range_magic_branch ... ok
test runtime::session::tests::gm_allow_trade_and_allow_observe_toggle ... ok
test runtime::session::tests::gm_awakening_fixes_awake_type_on_equipped_weapon ... ok
test runtime::session::tests::gm_change_class_and_gender_mutate_character ... ok
test runtime::session::tests::gm_clearbuffs_removes_all_buffs ... ok
test runtime::session::tests::gm_cross_player_givegold_reports_not_found ... ok
test runtime::session::tests::gm_deco_spawns_decoration ... ok
test runtime::session::tests::gm_die_emits_self_death_and_object_died ... ok
test runtime::session::tests::gm_give_credit_and_adjust_pkpoint ... ok
test runtime::session::tests::gm_gold_and_move_commands_mutate_runtime ... ok
test runtime::session::tests::gm_hair_sets_character_appearance ... ok
test runtime::session::tests::gm_level_command_sets_level_and_emits_level_changed ... ok
test runtime::session::tests::gm_login_handshake_grants_gm_on_correct_password ... ok
test runtime::session::tests::gm_login_handshake_rejects_wrong_password ... ok
test runtime::session::tests::gm_make_creates_item_and_clearbag_empties_inventory ... ok
test runtime::session::tests::gm_map_and_roll_report_for_any_player ... ok
test runtime::session::tests::gm_mob_spawns_and_clearmob_kills_them ... ok
test runtime::session::tests::gm_recall_lover_reports_not_married ... ok
test runtime::session::tests::gm_remove_awakening_pops_a_level_and_refreshes ... ok
test runtime::session::tests::gm_revive_restores_player_vitals ... ok
test runtime::session::tests::gm_ride_toggles_equipped_mount ... ok
test runtime::session::tests::gm_set_flag_list_and_clear ... ok
test runtime::session::tests::gm_set_timer_emits_client_timer ... ok
test runtime::session::tests::gm_setlight_emits_personal_light_player_update ... ok
test runtime::session::tests::gm_setquest_marks_completed_and_clearquests_empties ... ok
test runtime::session::tests::gm_superman_makes_player_invincible ... ok
test runtime::session::tests::gm_superman_toggles_invincibility ... ok
test runtime::session::tests::gm_toggle_transform_pauses_and_unpauses_buff ... ok
test runtime::session::tests::great_fox_spirit_fans_out_and_applies_slow_paralysis ... ok
test runtime::session::tests::great_fox_spirit_hp_stage_broadcasts_extra_byte_update ... ok
test runtime::session::tests::great_fox_spirit_is_static_and_uses_seven_tile_range_attack ... ok
test runtime::session::tests::great_fox_spirit_recall_respects_magic_resist_and_starts_cooldown ... ok
test runtime::session::tests::great_fox_spirit_recalls_far_player_to_nearby_tile ... ok
test runtime::session::tests::great_fox_spirit_toggles_nearby_guardian_rock_active_state ... ok
test runtime::session::tests::ground_drop_expires_after_crystal_item_timeout ... ok
test runtime::session::tests::ground_item_object_uses_crystal_grade_and_name_colour ... ok
test runtime::session::tests::ground_item_object_uses_cyan_name_colour_for_added_stats ... ok
test runtime::session::tests::group_member_info_roster_refreshes_when_a_member_leaves_a_larger_group ... ok
test runtime::session::tests::group_packets_update_stage5_group_and_emit_crystal_surfaces ... ok
test runtime::session::tests::guardian_rock_delays_packet_and_pulls_player_toward_rock ... ok
test runtime::session::tests::guardian_rock_is_static_immune_and_emits_range_pull_packet ... ok
test runtime::session::tests::guild_alliance_commands_use_can_alter_alliance_and_update_ally_count ... ok
test runtime::session::tests::guild_alliance_rejects_missing_self_permission_and_active_war_without_mutation ... ok
test runtime::session::tests::guild_alliance_request_info_exposes_count_list_and_recent_broadcasts ... ok
test runtime::session::tests::guild_alliance_runtime_state_does_not_rehydrate_from_save_like_crystal ... ok
test runtime::session::tests::guild_packets_update_notice_members_and_storage_like_crystal ... ok
test runtime::session::tests::guild_request_war_requires_leader_and_emits_crystal_prompt_packet ... ok
test runtime::session::tests::guild_storage_packet_boundaries_reject_orphan_and_malformed_maps_atomically ... ok
test runtime::session::tests::guild_storage_preserves_item_state_and_rejects_rank_permission_edges ... ok
test runtime::session::tests::guild_storage_rejects_crystal_dont_store_binding_flags ... ok
test runtime::session::tests::guild_territory_packets_page_and_purchase_use_bank_gold_with_rollback ... ok
test runtime::session::tests::guild_war_lifecycle_expires_war_and_emits_end_chat_and_colour_state ... ok
test runtime::session::tests::guild_war_return_insufficient_bank_funds_rolls_back_state ... ok
test runtime::session::tests::guild_war_return_rejects_missing_self_and_non_leader_without_mutation ... ok
test runtime::session::tests::guild_war_return_rejects_newbie_guild_before_cost_without_registry_entry ... ok
test runtime::session::tests::guild_war_return_starts_two_guild_war_after_cost_and_blocks_duplicate_rollback ... ok
test runtime::session::tests::harvest_allows_owner_group_member_corpse ... ok
test runtime::session::tests::harvest_before_start_game_rejects_without_runtime_chat ... ok
test runtime::session::tests::harvest_keeps_pending_drops_when_bag_is_full_and_transfers_later ... ok
test runtime::session::tests::harvest_monster_skips_death_drops_and_harvests_corpse_like_crystal ... ok
test runtime::session::tests::harvest_owner_blocked_only_emits_no_nearby_owned_carcasses ... ok
test runtime::session::tests::harvest_skips_owner_blocked_corpse_and_harvests_next_candidate ... ok
test runtime::session::tests::harvest_state_matches_crystal_factory_inheritance ... ok
test runtime::session::tests::hedge_kek_tal_switches_to_crystal_range_attack ... ok
test runtime::session::tests::hell_bomb_explosion_applies_poison_variant ... ok
test runtime::session::tests::hell_bomb_ignores_damage_and_explodes_after_timeout ... ok
test runtime::session::tests::hell_keeper_is_static_and_attacks_from_view_range_without_turning ... ok
test runtime::session::tests::hell_keeper_type_one_branch_emits_packet_and_gates_zero_mc_damage ... ok
test runtime::session::tests::hell_keeper_type_one_nonzero_mc_dazes_and_fans_out ... ok
test runtime::session::tests::hell_knight_spawn_packet_sets_summoned_extra ... ok
test runtime::session::tests::hell_lord_spawns_minions_and_advances_stage_when_knight_dies ... ok
test runtime::session::tests::hen_is_passive_and_requires_two_skin_passes_then_transfer ... ok
test runtime::session::tests::hero_auto_pot_packets_update_stage5_hero_state_and_echo_crystal_ack ... ok
test runtime::session::tests::hero_auto_pot_uses_matching_hero_inventory_potion_when_below_threshold ... ok
test runtime::session::tests::hero_inventory_book_requirement_rejects_missing_required_stat ... ok
test runtime::session::tests::hero_inventory_transfer_persists_across_save_reload ... ok
test runtime::session::tests::hero_inventory_use_item_consumes_potion_and_restores_hero_health ... ok
test runtime::session::tests::hero_is_unsummoned_when_entering_crystal_no_hero_map ... ok
test runtime::session::tests::hero_packets_preserve_crystal_disabled_and_stage5_control_surface ... ok
test runtime::session::tests::hero_spell_toggle_routes_crystal_default_toggle_to_spawned_hero ... ok
test runtime::session::tests::holy_deva_kites_before_fear_window_then_attacks ... ok
test runtime::session::tests::holy_deva_uses_crystal_six_tile_range_attack_and_extra_state ... ok
test runtime::session::tests::horned_commander_ignores_damage_while_immune ... ok
test runtime::session::tests::horned_sorceror_dust_tornado_field_damages_player_every_tick_until_expiry ... ok
test runtime::session::tests::horned_sorceror_ignores_damage_during_charged_stomp_immune_window ... ok
test runtime::session::tests::horned_warrior_shield_window_subtracts_500_ac_from_incoming_damage ... ok
test runtime::session::tests::hostile_monster_prefers_stone_trap_over_other_friendly_summon_targets ... ok
test runtime::session::tests::ice_guard_fire_range_branch_uses_type_one_without_poison ... ok
test runtime::session::tests::ice_guard_ice_range_branch_applies_slow_and_frozen_rolls ... ok
test runtime::session::tests::ice_guard_uses_crystal_eight_tile_ranged_attack ... ok
test runtime::session::tests::identical_mail_content_with_distinct_delivery_nonces_is_never_deduplicated ... ok
test runtime::session::tests::imported_safe_zone_border_is_on_by_default_but_can_be_disabled ... ok
test runtime::session::tests::incarnated_zt_is_active_and_uses_crystal_paralysis_melee ... ok
test runtime::session::tests::incoming_commit_paths_reject_zero_quantity_root_and_child_without_mutation ... ok
test runtime::session::tests::incoming_item_tree_paths_normalize_nested_ids_and_remain_save_load_stable ... ok
test runtime::session::tests::incoming_item_tree_paths_reject_invalid_recursive_carrier_without_mutation ... ok
test runtime::session::tests::intelligent_creature_filter_applies_category_and_grade_rules ... ok
test runtime::session::tests::intelligent_creature_hungry_blocks_auto_pickup_but_blackstone_progresses ... ok
test runtime::session::tests::intelligent_creature_packets_update_state_and_pick_up_ground_gold ... ok
test runtime::session::tests::intelligent_creature_tick_auto_picks_and_advances_fullness_blackstone ... ok
test runtime::session::tests::interact_before_start_game_rejects_without_runtime_chat ... ok
test runtime::session::tests::inventory_unique_ids_distinguish_bag_pages_for_same_slot ... ok
test runtime::session::tests::inventory_use_item_equips_metadata_backed_exact_zero_from_nonzero_slot ... ok
test runtime::session::tests::item_custody_tests::custody_accepts_existing_protocol_zero_uid ... ok
test runtime::session::tests::item_custody_tests::custody_reserved_max_uid_allocation_wraps_without_reusing_held_ids ... ok
test runtime::session::tests::item_custody_tests::legacy_equipment_remove_keeps_item_when_destination_uid_is_held ... ok
test runtime::session::tests::item_custody_tests::legacy_uid_repair_cannot_choose_a_custodied_slot_alias ... ok
test runtime::session::tests::item_custody_tests::storage_split_does_not_reuse_custodied_slot_uid ... ok
test runtime::session::tests::item_rental_cancel_returns_deposit_and_refunds_locked_fee ... ok
test runtime::session::tests::item_rental_packets_confirm_records_rented_item_and_binds_loan_payload ... ok
test runtime::session::tests::item_rental_records_persist_across_restart ... ok
test runtime::session::tests::item_roll_fields_persist_through_save_and_reload ... ok
test runtime::session::tests::jar1_is_static_and_spawns_regular_slave_on_death ... ok
test runtime::session::tests::jar2_adjacent_melee_branch_uses_crystal_random_dc_path ... ok
test runtime::session::tests::jar2_adjacent_non_melee_branch_uses_zero_mc_range_packet ... ok
test runtime::session::tests::jar2_uses_crystal_range_packet_without_zero_mc_damage ... ok
test runtime::session::tests::keep_alive_echoes_client_timestamp ... ok
test runtime::session::tests::khazard_uses_crystal_four_tile_pull_packet_without_damage ... ok
test runtime::session::tests::king_scorpion_adjacent_branch_uses_crystal_dc_object_attack ... ok
test runtime::session::tests::king_scorpion_adjacent_random_range_override_uses_mc_line ... ok
test runtime::session::tests::king_scorpion_line_attack_fans_out_to_forward_targets ... ok
test runtime::session::tests::king_scorpion_uses_crystal_two_tile_range_line_branch ... ok
test runtime::session::tests::lamia_kirin_nonzero_mc_ice_thrust_uses_type_two_cone_and_slow ... ok
test runtime::session::tests::lamia_kirin_type_one_branch_uses_crystal_packet_and_delay ... ok
test runtime::session::tests::lamia_kirin_uses_crystal_two_tile_attack_shape ... ok
test runtime::session::tests::large_experience_grant_cascades_multiple_levels ... ok
test runtime::session::tests::legacy_identical_headers_with_different_ids_remain_distinct ... ok
test runtime::session::tests::legacy_same_header_claimed_external_consumes_local_and_silently_prevents_second_claim ... ok
test runtime::session::tests::legacy_zero_and_duplicate_embedded_unique_ids_normalize_deterministically ... ok
test runtime::session::tests::locked_storage_blocks_storage_reorder_split_and_merge ... ok
test runtime::session::tests::locked_storage_blocks_store_and_take_back_until_unlock ... ok
test runtime::session::tests::login_returns_character_list ... ok
test runtime::session::tests::logout_persists_character_state_for_later_start_game ... ok
test runtime::session::tests::long_running_tick_soak_keeps_entity_count_bounded ... ok
test runtime::session::tests::long_running_tick_soak_preserves_player_state_without_panic ... ok
test runtime::session::tests::luck_biases_basic_melee_attack_power_toward_max ... ok
test runtime::session::tests::magic_get_damage_honors_sub_one_multiplier_and_truncates ... ok
test runtime::session::tests::magic_key_assigns_crystal_hotkey_and_clears_duplicate ... ok
test runtime::session::tests::magic_mp_spend_syncs_entity_runtime_resource_and_snapshot ... ok
test runtime::session::tests::magic_packet_casts_crystal_skill_and_emits_magic_packets ... ok
test runtime::session::tests::magic_packet_casts_manifest_skill_and_schedules_damage ... ok
test runtime::session::tests::magic_packet_crystal_back_step_moves_opposite_facing_and_reports_blocked_distance ... ok
test runtime::session::tests::magic_packet_crystal_battle_cry_reacquires_nearby_monsters ... ok
test runtime::session::tests::magic_packet_crystal_binding_shot_queues_center_visual_and_roots_nearby_monsters ... ok
test runtime::session::tests::magic_packet_crystal_blade_avalanche_and_crescent_slash_hit_crystal_arcs ... ok
test runtime::session::tests::magic_packet_crystal_blizzard_and_meteor_strike_spawn_five_by_five_ground_damage ... ok
test runtime::session::tests::magic_packet_crystal_cat_tongue_damages_and_controls_target ... ok
test runtime::session::tests::magic_packet_crystal_concentration_emits_buff_and_visual_state ... ok
test runtime::session::tests::magic_packet_crystal_counter_attack_procs_on_adjacent_incoming_hit ... ok
test runtime::session::tests::magic_packet_crystal_cripple_shot_consumes_poison_buff_and_spreads_green_poison ... ok
test runtime::session::tests::magic_packet_crystal_curse_consumes_amulet_and_debuffs_hostile_area ... ok
test runtime::session::tests::magic_packet_crystal_dark_body_applies_visible_hidden_buff ... ok
test runtime::session::tests::magic_packet_crystal_delayed_explosion_marks_explodes_and_removes_marker ... ok
test runtime::session::tests::magic_packet_crystal_double_slash_twin_drake_and_entrapment_control_target ... ok
test runtime::session::tests::magic_packet_crystal_electric_shock_roots_lower_level_monster_without_damage ... ok
test runtime::session::tests::magic_packet_crystal_elemental_barrier_gathers_then_applies_buff ... ok
test runtime::session::tests::magic_packet_crystal_elemental_shot_gathers_then_spends_orb ... ok
test runtime::session::tests::magic_packet_crystal_energy_repulsor_allows_level_50_taoist_browser_target_context ... ok
test runtime::session::tests::magic_packet_crystal_energy_shield_applies_visible_hp_gain_buff ... ok
test runtime::session::tests::magic_packet_crystal_explosive_trap_spawns_front_row_and_detonates_on_contact ... ok
test runtime::session::tests::magic_packet_crystal_fire_bang_and_ice_storm_hit_target_three_by_three ... ok
test runtime::session::tests::magic_packet_crystal_fire_bounce_chains_projectiles_and_damage ... ok
test runtime::session::tests::magic_packet_crystal_fire_wall_spawns_cross_spell_objects_and_ticks_ground_damage ... ok
test runtime::session::tests::magic_packet_crystal_flame_disruptor_boosts_living_targets ... ok
test runtime::session::tests::magic_packet_crystal_flame_field_hits_current_location_square_without_living_reduction ... ok
test runtime::session::tests::magic_packet_crystal_flaming_sword_and_slaying_attach_attack_spells ... ok
test runtime::session::tests::magic_packet_crystal_flash_dash_dashes_hits_and_stuns_front_target ... ok
test runtime::session::tests::magic_packet_crystal_focus_marks_range_attack_and_delays_damage ... ok
test runtime::session::tests::magic_packet_crystal_frost_crunch_damages_and_freezes_target ... ok
test runtime::session::tests::magic_packet_crystal_halfmoon_crosshalfmoon_and_heavenly_sword_hit_shapes ... ok
test runtime::session::tests::magic_packet_crystal_hallucination_consumes_amulet_and_breaks_tracking ... ok
test runtime::session::tests::magic_packet_crystal_healing_and_blink_emit_effects ... ok
test runtime::session::tests::magic_packet_crystal_healing_circle_spawns_spell_and_delayed_heal ... ok
test runtime::session::tests::magic_packet_crystal_hell_fire_hits_forward_and_level_three_side_lanes ... ok
test runtime::session::tests::magic_packet_crystal_hiding_hides_until_buff_expires ... ok
test runtime::session::tests::magic_packet_crystal_ice_thrust_hits_three_column_path_and_freezes ... ok
test runtime::session::tests::magic_packet_crystal_immortal_skin_applies_visible_defence_buff ... ok
test runtime::session::tests::magic_packet_crystal_imported_agility_drives_melee_hit_roll ... ok
test runtime::session::tests::magic_packet_crystal_light_body_applies_agility_buff ... ok
test runtime::session::tests::magic_packet_crystal_lightning_scans_six_tiles_in_facing_line ... ok
test runtime::session::tests::magic_packet_crystal_lion_roar_paralyses_nearby_lower_level_monsters ... ok
test runtime::session::tests::magic_packet_crystal_magic_shield_and_teleport_emit_crystal_state ... ok
test runtime::session::tests::magic_packet_crystal_mass_healing_queues_delayed_area_heal ... ok
test runtime::session::tests::magic_packet_crystal_mass_hiding_delays_three_by_three_friendly_area_without_consuming_amulet ... ok
test runtime::session::tests::magic_packet_crystal_melee_passive_procs_emit_effects_and_gather_element ... ok
test runtime::session::tests::magic_packet_crystal_meteor_shower_damages_primary_and_secondary_targets ... ok
test runtime::session::tests::magic_packet_crystal_mirroring_spawns_and_recasts_existing_clone ... ok
test runtime::session::tests::magic_packet_crystal_moon_light_hides_until_buff_expires ... ok
test runtime::session::tests::magic_packet_crystal_moon_mist_hides_and_hits_nearby_targets ... ok
test runtime::session::tests::magic_packet_crystal_napalm_shot_hits_target_center_square_not_caster_square ... ok
test runtime::session::tests::magic_packet_crystal_one_with_nature_spends_arrow_buffs_and_applies_area_effects ... ok
test runtime::session::tests::magic_packet_crystal_pet_enhancer_buffs_friendly_monster ... ok
test runtime::session::tests::magic_packet_crystal_plague_consumes_amulet_optional_poison_and_debuffs_area ... ok
test runtime::session::tests::magic_packet_crystal_poison_cloud_consumes_amulet_and_green_poison_ground_ticks ... ok
test runtime::session::tests::magic_packet_crystal_poison_shot_applies_green_poison_to_target ... ok
test runtime::session::tests::magic_packet_crystal_poison_sword_consumes_poison_and_marks_front_arc ... ok
test runtime::session::tests::magic_packet_crystal_poisoning_consumes_green_poison_and_ticks_monster_damage ... ok
test runtime::session::tests::magic_packet_crystal_poisoning_red_poison_marks_monster_without_green_damage ... ok
test runtime::session::tests::magic_packet_crystal_portal_and_reincarnation_spawn_spell_surfaces ... ok
test runtime::session::tests::magic_packet_crystal_projectile_family_uses_distance_delay_and_amulets ... ok
test runtime::session::tests::magic_packet_crystal_purification_removes_player_curse_debuff ... ok
test runtime::session::tests::magic_packet_crystal_repulsion_pushes_adjacent_lower_level_monster_and_hits_thunder_element ... ok
test runtime::session::tests::magic_packet_crystal_revelation_queues_target_health_reveal ... ok
test runtime::session::tests::magic_packet_crystal_shoulder_dash_moves_pushes_and_reports_blocked_failures ... ok
test runtime::session::tests::magic_packet_crystal_skill_gain_multiplier_scales_practice_experience ... ok
test runtime::session::tests::magic_packet_crystal_slashing_burst_leaps_two_tiles_and_delays_front_damage ... ok
test runtime::session::tests::magic_packet_crystal_special_arrow_shots_queue_damage_and_apply_visible_buffs ... ok
test runtime::session::tests::magic_packet_crystal_storm_escape_teleports_buffs_and_damages_nearby_monsters ... ok
test runtime::session::tests::magic_packet_crystal_straight_and_double_shot_queue_delayed_damage ... ok
test runtime::session::tests::magic_packet_crystal_summon_skeleton_and_holy_deva_consume_amulets ... ok
test runtime::session::tests::magic_packet_crystal_thrusting_hits_second_tile_from_attack_packet ... ok
test runtime::session::tests::magic_packet_crystal_thunder_bolt_boosts_undead_damage ... ok
test runtime::session::tests::magic_packet_crystal_thunder_storm_hits_current_location_square_and_reduces_living_damage ... ok
test runtime::session::tests::magic_packet_crystal_trap_hexagon_consumes_amulet_roots_area_and_spawns_spell_objects ... ok
test runtime::session::tests::magic_packet_crystal_trap_roots_lower_level_monster_and_spawns_trap_object ... ok
test runtime::session::tests::magic_packet_crystal_turn_undead_only_damages_undead_targets ... ok
test runtime::session::tests::magic_packet_crystal_ultimate_enhancer_consumes_amulet_and_scales_target_class_stat ... ok
test runtime::session::tests::magic_packet_crystal_vampirism_damages_target_and_heals_player ... ok
test runtime::session::tests::magic_packet_progresses_user_magic_and_emits_level_packets ... ok
test runtime::session::tests::magic_preflight_fireball_without_target_does_not_commit_mp_cooldown_or_action ... ok
test runtime::session::tests::magic_preflight_healing_self_target_and_action_lock_behave_like_crystal ... ok
test runtime::session::tests::magic_preflight_out_of_range_thunderbolt_preserves_mp ... ok
test runtime::session::tests::magic_preflight_passive_fencing_cannot_be_cast ... ok
test runtime::session::tests::magic_preflight_self_buff_consumes_mp_and_applies_buff ... ok
test runtime::session::tests::magic_resistance_grants_miss_chance_against_incoming_magic ... ok
test runtime::session::tests::mail_friend_packets_preserve_crystal_ack_surface ... ok
test runtime::session::tests::mail_send_rejection_preserves_attachment_and_gold ... ok
test runtime::session::tests::mail_send_to_blocked_friend_uses_crystal_blacklist_rejection ... ok
test runtime::session::tests::mail_send_with_item_state_attachment_removes_sender_and_recipient_claims_exact_item ... ok
test runtime::session::tests::man_tree_type_one_halfmoon_packet_is_data_gated_by_zero_dc ... ok
test runtime::session::tests::man_tree_type_two_boulder_packet_is_data_gated_by_zero_mc ... ok
test runtime::session::tests::man_tree_wakes_and_uses_zero_dc_attack_packet_without_damage ... ok
test runtime::session::tests::mana_restore_caps_at_max_mp_not_legacy_hundred ... ok
test runtime::session::tests::manectric_claw_ai_uses_three_tile_range_thrust_baseline ... ok
test runtime::session::tests::manectric_claw_range_thrust_applies_slow_and_frozen_rolls ... ok
test runtime::session::tests::manectric_claw_range_thrust_can_step_toward_target_instead_of_attacking ... ok
test runtime::session::tests::manectric_claw_range_thrust_fans_out_to_cone_targets ... ok
test runtime::session::tests::manectric_king_close_push_line_uses_type_one_dc ... ok
test runtime::session::tests::manectric_king_low_hp_mass_attack_hits_nearby_targets ... ok
test runtime::session::tests::manectric_king_uses_three_tile_line_magic_attack ... ok
test runtime::session::tests::map_transfer_packet_trace_orders_map_information_before_location ... ok
test runtime::session::tests::market_packets_consign_buy_and_get_back_stage5_auction_state ... ok
test runtime::session::tests::mental_state_spell_toggle_cycles_crystal_buff_values ... ok
test runtime::session::tests::mental_state_trickshot_reduces_crystal_archer_shot_damage ... ok
test runtime::session::tests::mentor_packets_emit_crystal_hint_and_update_surfaces ... ok
test runtime::session::tests::merge_item_packet_belt_to_inventory_grid_combines_quantities_for_crystal_belt_stackables ... ok
test runtime::session::tests::merge_item_packet_belt_to_storage_grid_does_not_emit_extra_chat_or_mutate_items ... ok
test runtime::session::tests::merge_item_packet_full_target_stack_is_ack_only_and_preserves_matching_stack ... ok
test runtime::session::tests::merge_item_packet_hero_inventory_grid_does_not_emit_extra_chat_or_mutate_matching_player_stack ... ok
test runtime::session::tests::merge_item_packet_inventory_to_belt_grid_combines_quantities_for_crystal_belt_stackables ... ok
test runtime::session::tests::merge_item_packet_inventory_to_belt_grid_rejects_non_beltable_stack_ack_only ... ok
test runtime::session::tests::merge_item_packet_inventory_to_equipment_grid_does_not_emit_extra_chat_or_mutate_matching_player_stack ... ok
test runtime::session::tests::merge_item_packet_inventory_to_fishing_grid_does_not_emit_extra_chat_or_mutate_matching_player_stack ... ok
test runtime::session::tests::merge_item_packet_inventory_to_hero_inventory_grid_does_not_emit_extra_chat_or_mutate_matching_player_stack ... ok
test runtime::session::tests::merge_item_packet_inventory_to_quest_inventory_grid_does_not_emit_extra_chat_or_mutate_items ... ok
test runtime::session::tests::merge_item_packet_inventory_to_refine_grid_does_not_emit_extra_chat_or_mutate_matching_player_stack ... ok
test runtime::session::tests::merge_item_packet_inventory_to_storage_combines_quantities_when_storage_service_is_active ... ok
test runtime::session::tests::merge_item_packet_inventory_to_storage_requires_active_storage_service_and_preserves_items ... ok
test runtime::session::tests::merge_item_packet_inventory_to_trade_grid_does_not_emit_extra_chat_or_mutate_matching_player_stack ... ok
test runtime::session::tests::merge_item_packet_mismatched_stack_is_ack_only_and_preserves_inventory ... ok
test runtime::session::tests::merge_item_packet_missing_source_is_ack_only_and_preserves_matching_stack ... ok
test runtime::session::tests::merge_item_packet_quest_inventory_grid_does_not_emit_extra_chat_or_mutate_matching_quest_item ... ok
test runtime::session::tests::merge_item_packet_refine_grid_does_not_emit_extra_chat_or_mutate_matching_player_stack ... ok
test runtime::session::tests::merge_item_packet_storage_to_belt_grid_does_not_emit_extra_chat_or_mutate_items ... ok
test runtime::session::tests::merge_item_packet_storage_to_inventory_combines_quantities_when_storage_service_is_active ... ok
test runtime::session::tests::merge_item_packet_trade_grid_does_not_emit_extra_chat_or_mutate_matching_player_stack ... ok
test runtime::session::tests::merge_item_packet_uses_inventory_unique_ids_instead_of_slots ... ok
test runtime::session::tests::mine_stage_thresholds_match_fullness ... ok
test runtime::session::tests::minotaur_king_range_hit_fans_out_around_target ... ok
test runtime::session::tests::minotaur_king_uses_six_tile_right_guard_range_branch ... ok
test runtime::session::tests::mir_statue_delayed_range_attack_fans_out_around_target ... ok
test runtime::session::tests::mir_statue_is_static_and_broadcasts_delayed_range_attack ... ok
test runtime::session::tests::mir_statue_lethal_damage_sleeps_then_wakes_full_health ... ok
test runtime::session::tests::missing_defeated_monster_entity_is_silent ... ok
test runtime::session::tests::missing_password_login_does_not_seed_default_character ... ok
test runtime::session::tests::monster_attack_delays_struck_for_player_until_next_tick ... ok
test runtime::session::tests::monster_hit_damages_non_weapon_equipment_durability ... ok
test runtime::session::tests::monster_respawns_after_delay ... ok
test runtime::session::tests::mount_bells_curse_requires_unlock_and_consumes_it_only_after_success ... ok
test runtime::session::tests::mount_bells_dont_store_rejects_storage_but_allows_inventory ... ok
test runtime::session::tests::mounted_melee_uses_real_bells_equipment_and_unequip_revokes_next_attack ... ok
test runtime::session::tests::move_item_packet_belt_grid_does_not_emit_extra_chat_or_mutate_belt_item ... ok
test runtime::session::tests::move_item_packet_equipment_grid_does_not_emit_extra_chat_or_mutate_matching_player_item ... ok
test runtime::session::tests::move_item_packet_fishing_grid_does_not_emit_extra_chat_or_mutate_matching_player_item ... ok
test runtime::session::tests::move_item_packet_hero_equipment_grid_does_not_emit_extra_chat_or_mutate_matching_player_item ... ok
test runtime::session::tests::move_item_packet_hero_inventory_grid_does_not_emit_extra_chat_or_mutate_matching_player_item ... ok
test runtime::session::tests::move_item_packet_inventory_ignores_matching_quest_inventory_slot ... ok
test runtime::session::tests::move_item_packet_inventory_invalid_source_slot_does_not_emit_extra_chat_or_mutate_matching_player_item ... ok
test runtime::session::tests::move_item_packet_inventory_invalid_target_slot_does_not_emit_extra_chat_or_mutate_matching_player_item ... ok
test runtime::session::tests::move_item_packet_inventory_missing_source_uses_crystal_move_error_report ... ok
test runtime::session::tests::move_item_packet_inventory_success_is_ack_only_and_reorders_slot ... ok
test runtime::session::tests::move_item_packet_inventory_uses_crystal_inventory_index_for_bag2_slots ... ok
test runtime::session::tests::move_item_packet_negative_source_slot_does_not_emit_extra_chat_or_mutate_matching_player_item ... ok
test runtime::session::tests::move_item_packet_negative_target_slot_does_not_emit_extra_chat_or_mutate_matching_player_item ... ok
test runtime::session::tests::move_item_packet_quest_inventory_grid_does_not_emit_extra_chat_or_mutate_matching_quest_item ... ok
test runtime::session::tests::move_item_packet_refine_grid_does_not_emit_extra_chat_or_mutate_matching_player_item ... ok
test runtime::session::tests::move_item_packet_storage_invalid_source_slot_does_not_emit_extra_chat_or_mutate_storage_item ... ok
test runtime::session::tests::move_item_packet_storage_invalid_target_slot_does_not_emit_extra_chat_or_mutate_storage_item ... ok
test runtime::session::tests::move_item_packet_storage_missing_source_uses_crystal_move_error_report ... ok
test runtime::session::tests::move_item_packet_storage_requires_active_storage_service_and_preserves_items ... ok
test runtime::session::tests::move_item_packet_trade_grid_does_not_emit_extra_chat_or_mutate_matching_player_item ... ok
test runtime::session::tests::movement_before_start_game_rejects_without_runtime_chat ... ok
test runtime::session::tests::movement_input_reactivates_crystal_transfer_when_player_is_already_on_source ... ok
test runtime::session::tests::moving_out_of_aoi_emits_object_remove_packets ... ok
test runtime::session::tests::multi_client_shared_store_smoke_keeps_accounts_isolated ... ok
test runtime::session::tests::mystery_water_unlock_does_not_survive_logout ... ok
test runtime::session::tests::native_range_attack_authority_rejects_wrong_class_weapon_and_mount ... ok
test runtime::session::tests::native_range_attack_uses_actual_target_position_and_crystal_nine_tile_limit ... ok
test runtime::session::tests::new_account_refuses_wallet_namespace ... ok
test runtime::session::tests::new_account_starts_with_empty_crystal_character_list ... ok
test runtime::session::tests::new_character_is_added_and_returned ... ok
test runtime::session::tests::new_crystal_character_starts_with_crystal_equipment_without_web_seed_state ... ok
test runtime::session::tests::new_hero_on_no_hero_map_stays_unsummoned_with_crystal_system_message ... ok
test runtime::session::tests::newly_visible_attacker_spawns_before_attack_packet ... ok
test runtime::session::tests::no_drop_monster_map_rule_makes_harvest_corpse_find_nothing ... ok
test runtime::session::tests::no_drop_monster_map_rule_suppresses_field_wasp_quest_drop ... ok
test runtime::session::tests::non_gm_gm_gated_at_command_is_consumed_silently ... ok
test runtime::session::tests::non_gm_ungated_at_command_runs_for_any_player ... ok
test runtime::session::tests::npc_confirm_input_packet_rejects_wrong_active_npc ... ok
test runtime::session::tests::npc_confirm_input_packet_runs_input_label_with_submitted_value ... ok
test runtime::session::tests::npc_dialog_invalid_target_rejects_without_runtime_chat_and_preserves_dialog ... ok
test runtime::session::tests::npc_dialog_target_missing_npc_rejects_without_runtime_chat_and_dismisses_dialog ... ok
test runtime::session::tests::npc_dialog_target_npc_without_script_rejects_without_runtime_chat_and_dismisses_dialog ... ok
test runtime::session::tests::npc_dialog_target_without_active_dialog_rejects_without_runtime_chat ... ok
test runtime::session::tests::npc_input_submit_without_input_rejects_without_runtime_chat_and_preserves_dialog ... ok
test runtime::session::tests::npc_interaction_assigns_quest_and_dialog ... ok
test runtime::session::tests::npc_interaction_uses_script_template_lookup ... ok
test runtime::session::tests::npc_without_script_rejects_without_runtime_idle_dialog ... ok
test runtime::session::tests::occupied_tile_blocks_player_walk ... ok
test runtime::session::tests::oma_king_close_line_branch_hits_forward_targets ... ok
test runtime::session::tests::oma_king_close_line_branch_pushes_and_can_paralyze_before_line_damage ... ok
test runtime::session::tests::oma_king_uses_type_one_magic_attack_at_range ... ok
test runtime::session::tests::online_game_shop_mail_and_external_send_mail_keep_unique_ids_and_local_status ... ok
test runtime::session::tests::online_session_refreshes_admin_delivered_mail_before_save ... ok
test runtime::session::tests::open_door_packet_updates_stage5_gate_state_and_emits_crystal_packet ... ok
test runtime::session::tests::original_bichon_newcomer_quest_rewards_match_scripts ... ok
test runtime::session::tests::original_crystal_fixed_item_reward_lands_in_player_possession_on_finish ... ok
test runtime::session::tests::original_crystal_loaded_npc_links_accept_and_finish_quest ... ok
test runtime::session::tests::original_crystal_normal_quest_manifest_covers_level_1_to_45_range ... ok
test runtime::session::tests::original_crystal_q23_preserves_all_selectable_reward_metadata ... ok
test runtime::session::tests::original_crystal_quest_packets_enforce_prerequisites_and_rewards ... ok
test runtime::session::tests::original_crystal_quest_structured_kill_and_item_tasks_progress ... ok
test runtime::session::tests::original_crystal_selected_reward_is_granted_on_finish ... ok
test runtime::session::tests::passive_regen_is_paused_immediately_after_taking_damage ... ok
test runtime::session::tests::passive_regen_restores_pools_after_combat_delay ... ok
test runtime::session::tests::passkey_account_cannot_be_taken_over_via_password_path ... ok
test runtime::session::tests::passkey_first_login_starts_with_empty_crystal_character_list ... ok
test runtime::session::tests::pending_monster_damage_can_kill_player_and_snapshot_dead_state_syncs ... ok
test runtime::session::tests::personal_melee_allows_passive_crystal_hunt_monster ... ok
test runtime::session::tests::personal_melee_enforces_fishing_and_crystal_can_ride_attack ... ok
test runtime::session::tests::personal_melee_rejects_neutral_monster_without_consuming_attack_cooldown ... ok
test runtime::session::tests::pickup_allows_crystal_drop_owner_group_member ... ok
test runtime::session::tests::pickup_allows_overweight_item_like_crystal ... ok
test runtime::session::tests::pickup_before_start_game_rejects_without_runtime_chat ... ok
test runtime::session::tests::pickup_can_stack_into_full_inventory_when_stack_has_room ... ok
test runtime::session::tests::pickup_emits_crystal_group_pickup_notice_for_marked_items ... ok
test runtime::session::tests::pickup_packet_skips_full_bag_item_and_collects_later_gold ... ok
test runtime::session::tests::pickup_packet_skips_owner_blocked_drop_and_collects_next_current_cell_drop ... ok
test runtime::session::tests::pickup_places_crystal_potion_in_belt_when_bag_is_full ... ok
test runtime::session::tests::pickup_preserves_gold_drop_when_gold_cap_is_full ... ok
test runtime::session::tests::pickup_preserves_ground_drop_when_inventory_is_full ... ok
test runtime::session::tests::pickup_preserves_random_added_stats_in_gained_item_payload ... ok
test runtime::session::tests::pickup_respects_crystal_drop_owner_window ... ok
test runtime::session::tests::platinum_176_ghoul_drop_overrides_supply_level_19_to_21_books ... ok
test runtime::session::tests::platinum_176_midgame_boss_overrides_supply_level_22_to_35_books ... ok
test runtime::session::tests::platinum_176_q47_ring_override_is_quest_only_and_oma_cave_scoped ... ok
test runtime::session::tests::platinum_176_q58_ignores_only_the_disabled_q57_template_prerequisite ... ok
test runtime::session::tests::platinum_profile_learns_all_three_class_source_books_through_level_50 ... ok
test runtime::session::tests::platinum_profile_visible_sailor_dialogs_complete_the_paid_prajna_round_trip ... ok
test runtime::session::tests::player_attack_damages_weapon_durability ... ok
test runtime::session::tests::player_attack_delays_health_change_until_followup_tick ... ok
test runtime::session::tests::player_attack_delays_object_struck_for_target_until_followup_tick ... ok
test runtime::session::tests::player_attack_hit_resolution_has_no_runtime_damage_chat ... ok
test runtime::session::tests::player_attack_locks_monster_target_and_uses_runtime_counterattack ... ok
test runtime::session::tests::player_hit_accuracy_includes_crystal_class_base_stat ... ok
test runtime::session::tests::player_owned_direct_and_poison_damage_credit_newcomer_quest ... ok
test runtime::session::tests::player_stats_expose_class_weight_capacities ... ok
test runtime::session::tests::player_stats_seed_max_mp_tracks_class_base_not_hardcoded_hundred ... ok
test runtime::session::tests::player_stats_seed_reflects_real_weapon_dc_range ... ok
test runtime::session::tests::player_status_effects_have_gameplay_effects ... ok
test runtime::session::tests::poison_resistance_reduces_player_poison_tick_damage ... ok
test runtime::session::tests::qa_apply_native_state_rejects_invalid_carrier_without_mutating_world_or_session ... ok
test runtime::session::tests::quest_client_packets_drive_crystal_change_complete_and_share_packets ... ok
test runtime::session::tests::quest_turn_in_full_bag_preserves_quest_state_and_rewards ... ok
test runtime::session::tests::ranged_monster_ai_emits_object_range_attack_for_player_target ... ok
test runtime::session::tests::ranged_monster_damage_uses_distance_scaled_delay ... ok
test runtime::session::tests::real_mount_bells_survive_save_reload_and_start_equipment_snapshot ... ok
test runtime::session::tests::red_and_white_foxmen_use_six_tile_range_attacks ... ok
test runtime::session::tests::red_foxman_adjacent_fear_window_teleports_with_effect_two ... ok
test runtime::session::tests::red_foxman_type_one_range_branch_uses_imported_dc ... ok
test runtime::session::tests::red_moon_evil_is_static_and_hits_from_view_range ... ok
test runtime::session::tests::red_moon_evil_view_attack_fans_out_to_all_targets_in_range ... ok
test runtime::session::tests::red_poison_increases_player_incoming_damage_and_syncs_runtime_vitals ... ok
test runtime::session::tests::red_thunder_zuma_wakes_and_uses_crystal_ranged_attack ... ok
test runtime::session::tests::refine_deterministic_1_99_is_in_range_and_deterministic ... ok
test runtime::session::tests::refine_outcome_is_deterministic_across_runs ... ok
test runtime::session::tests::refine_packets_move_cancel_start_and_check_stage5_state ... ok
test runtime::session::tests::refine_success_chance_crystal_matches_formula ... ok
test runtime::session::tests::refine_without_proper_materials_smashes_weapon ... ok
test runtime::session::tests::relationship_packets_emit_crystal_hint_and_update_surfaces ... ok
test runtime::session::tests::remove_item_packet_cursed_equipment_consumes_unlock_after_success ... ok
test runtime::session::tests::remove_item_packet_hero_inventory_grid_does_not_mutate_matching_player_equipment ... ok
test runtime::session::tests::remove_item_packet_inventory_requires_requested_slot_to_be_empty ... ok
test runtime::session::tests::remove_item_packet_storage_grid_moves_equipment_into_requested_storage_slot ... ok
test runtime::session::tests::remove_slot_item_packet_equipment_grid_does_not_mutate_matching_player_equipment ... ok
test runtime::session::tests::remove_slot_item_packet_hero_equipment_grid_does_not_mutate_matching_player_equipment ... ok
test runtime::session::tests::remove_slot_item_packet_rejects_cursed_socketed_gem ... ok
test runtime::session::tests::remove_slot_item_packet_returns_socketed_gem_to_inventory ... ok
test runtime::session::tests::remove_slot_item_packet_socket_grid_does_not_treat_parent_equipment_as_slot_item ... ok
test runtime::session::tests::rental_deposit_and_confirm_reject_invalid_recursive_carrier_atomically ... ok
test runtime::session::tests::repair_and_war_god_oil_emit_item_repaired_for_weapon ... ok
test runtime::session::tests::repair_item_dead_player_only_entry_ack_and_preserves_item_and_gold ... ok
test runtime::session::tests::repair_item_packet_repairs_equipped_slot_id_with_cost_and_max_dura_loss ... ok
test runtime::session::tests::repair_item_packet_repairs_inventory_unique_id_with_cost_and_max_dura_loss ... ok
test runtime::session::tests::repair_item_packet_uses_unique_id_when_it_differs_from_slot ... ok
test runtime::session::tests::repair_item_rejection_edges_follow_crystal_order ... ok
test runtime::session::tests::repair_item_service_context_requires_live_npc_object ... ok
test runtime::session::tests::repair_item_without_active_repair_service_only_acks_and_preserves_item ... ok
test runtime::session::tests::repair_oil_failure_has_no_runtime_chat_or_consume ... ok
test runtime::session::tests::repeated_trade_request_cannot_replace_an_already_debited_offer ... ok
test runtime::session::tests::request_info_packets_return_crystal_map_monster_and_npc_data ... ok
test runtime::session::tests::request_item_info_packet_returns_crystal_item_info ... ok
test runtime::session::tests::respawn_restores_special_monster_initial_ai_state ... ok
test runtime::session::tests::restless_jar_adjacent_spin_branch_fans_out ... ok
test runtime::session::tests::restless_jar_adjacent_tornado_branch_applies_blindness ... ok
test runtime::session::tests::restless_jar_is_static_and_emits_zero_mc_range_packet ... ok
test runtime::session::tests::restless_jar_low_hp_stomp_branch_pushes_and_hits_area ... ok
test runtime::session::tests::reviving_zombie_revives_twice_with_reduced_health ... ok
test runtime::session::tests::right_guard_uses_melee_attack_when_adjacent ... ok
test runtime::session::tests::right_guard_uses_ranged_attack_when_not_adjacent ... ok
test runtime::session::tests::root_spider_spawns_bomb_spider_from_crystal_template_offset ... ok
test runtime::session::tests::run_does_not_partially_advance_when_destination_tile_is_blocked ... ok
test runtime::session::tests::run_does_not_skip_blocked_intermediate_tile ... ok
test runtime::session::tests::runaway_deer_flees_from_player_without_attacking ... ok
test runtime::session::tests::same_mail_id_with_different_content_rekeys_local_and_preserves_both ... ok
test runtime::session::tests::sand_snail_type_one_branch_uses_halfmoon_fanout_without_poison ... ok
test runtime::session::tests::sand_snail_type_two_branch_uses_mc_area_green_poison ... ok
test runtime::session::tests::sand_snail_uses_crystal_primary_dc_melee_damage ... ok
test runtime::session::tests::sand_worm_line_attack_fans_out_to_forward_targets ... ok
test runtime::session::tests::sand_worm_uses_crystal_line_attack_shape_and_dc_damage ... ok
test runtime::session::tests::save_reload_under_load_restores_multiple_clients ... ok
test runtime::session::tests::saved_character_state_survives_new_session_start_game ... ok
test runtime::session::tests::seedings_general_close_splash_branch_uses_type_one_mc ... ok
test runtime::session::tests::seedings_general_echo_branch_applies_slow_roll ... ok
test runtime::session::tests::seedings_general_stomp_branch_uses_type_one_frozen_and_area_fanout ... ok
test runtime::session::tests::seedings_general_uses_two_tile_range_magic_branch ... ok
test runtime::session::tests::self_send_mail_is_all_or_nothing_and_persists_once ... ok
test runtime::session::tests::sell_item_dead_player_only_acks_and_preserves_inventory_and_gold ... ok
test runtime::session::tests::sell_item_full_stack_at_gold_cap_succeeds_with_zero_gold_gain ... ok
test runtime::session::tests::sell_item_invalid_slot_preserves_inventory_and_gold ... ok
test runtime::session::tests::sell_item_packet_removes_item_and_adds_gold_without_duplication ... ok
test runtime::session::tests::sell_item_packet_uses_unique_id_when_it_differs_from_slot ... ok
test runtime::session::tests::sell_item_partial_stack_rejects_when_gold_cap_would_overflow ... ok
test runtime::session::tests::sell_item_rejects_crystal_dont_sell_bind_without_message ... ok
test runtime::session::tests::sell_item_rejects_script_type_mismatch_with_crystal_message ... ok
test runtime::session::tests::sell_item_service_context_requires_live_npc_object ... ok
test runtime::session::tests::sell_item_without_active_sell_service_preserves_inventory_and_gold ... ok
test runtime::session::tests::sell_item_zero_count_only_acks_and_preserves_state ... ok
test runtime::session::tests::send_mail_client_stamp_never_waives_postage ... ok
test runtime::session::tests::send_mail_rejects_invalid_text_and_every_ambiguous_or_ineligible_attachment_atomically ... ok
test runtime::session::tests::send_mail_requires_real_account_and_active_character_without_demo_scout_fallback ... ok
test runtime::session::tests::set_auto_pot_item_packet_routes_by_grid_for_spawned_hero ... ok
test runtime::session::tests::set_auto_pot_packets_no_op_without_spawned_hero ... ok
test runtime::session::tests::set_auto_pot_value_packet_clamps_percent_and_targets_hero ... ok
test runtime::session::tests::shaman_zombie_uses_six_tile_line_range_attack ... ok
test runtime::session::tests::shared_account_store_persists_new_character_across_sessions ... ok
test runtime::session::tests::shared_asset_drop_transactions_preflight_and_apply_exact_debits ... ok
test runtime::session::tests::shared_ground_drop_pickup_advances_matching_crystal_item_task ... ok
test runtime::session::tests::shared_ground_drop_pickup_commit_reports_gold_commit_and_cap_reject ... ok
test runtime::session::tests::shared_ground_drop_projection_persists_marker_and_replays_once ... ok
test runtime::session::tests::shared_ground_drop_projection_save_failure_rolls_back_and_retries_once ... ok
test runtime::session::tests::shared_item_rental_borrower_delivery_persists_rental_metadata_in_inventory ... ok
test runtime::session::tests::shared_item_rental_lender_delivery_requires_active_match_and_rejects_replay ... ok
test runtime::session::tests::shared_item_rental_lender_rejects_malformed_envelope_without_mutation ... ok
test runtime::session::tests::shared_trade_projection_save_failure_rolls_back_and_retries_once ... ok
test runtime::session::tests::shared_zone_kill_award_keeps_deer_q_drop_on_corpse_harvest_path ... ok
test runtime::session::tests::shared_zone_kill_award_routes_original_q_drop_to_active_quest_inventory ... ok
test runtime::session::tests::shared_zone_kill_award_routes_q47_repair_only_for_active_oma_cave_quest ... ok
test runtime::session::tests::sim_loads_deadmine_collision_from_pack_at_runtime ... ok
test runtime::session::tests::skill_snapshot_exposes_cast_kind_and_offensive_metadata ... ok
test runtime::session::tests::skill_snapshot_mp_cost_uses_the_same_starter_override_as_casting ... ok
test runtime::session::tests::snake_totem_spawns_charmed_snake_with_extra_flag ... ok
test runtime::session::tests::snow_wolf_type_one_branch_emits_packet_and_gates_zero_mc_damage ... ok
test runtime::session::tests::snow_wolf_type_one_nonzero_mc_slow_frozen_and_fanout ... ok
test runtime::session::tests::snow_wolf_uses_crystal_primary_dc_attack_branch ... ok
test runtime::session::tests::snow_yeti_adjacent_branch_uses_crystal_double_hit ... ok
test runtime::session::tests::snow_yeti_range_branch_applies_frozen_roll ... ok
test runtime::session::tests::snow_yeti_uses_crystal_nine_tile_dc_range_attack ... ok
test runtime::session::tests::social_relationships_grant_experience_rate_bonus ... ok
test runtime::session::tests::socketed_gems_fold_into_equipment_totals ... ok
test runtime::session::tests::socketed_gems_survive_equip_and_unequip_carry_through ... ok
test runtime::session::tests::spell_toggle_packet_emits_crystal_ack ... ok
test runtime::session::tests::spell_toggle_packet_rejects_unlearned_crystal_spell ... ok
test runtime::session::tests::spitting_spider_ai_attacks_from_two_tiles_with_line_timing ... ok
test runtime::session::tests::split_item_packet_belt_grid_does_not_emit_extra_chat_or_mutate_matching_belt_stack ... ok
test runtime::session::tests::split_item_packet_hero_inventory_grid_does_not_mutate_matching_player_stack ... ok
test runtime::session::tests::split_item_packet_inventory_can_place_bag2_split_into_earlier_bag1_slot ... ok
test runtime::session::tests::split_item_packet_inventory_prefers_crystal_belt_slots_for_beltable_items ... ok
test runtime::session::tests::split_item_packet_inventory_uses_crystal_inventory_slots_across_bag_pages ... ok
test runtime::session::tests::split_item_packet_storage_requires_active_storage_service_and_preserves_items ... ok
test runtime::session::tests::split_item_packet_zero_count_is_ack_only_and_preserves_matching_stack ... ok
test runtime::session::tests::spread_slots_choose_walkable_tiles_inside_square_range ... ok
test runtime::session::tests::spread_slots_without_walkable_candidates_do_not_fallback_to_invalid_origin ... ok
test runtime::session::tests::srepair_item_packet_repairs_equipped_slot_id_without_max_dura_loss ... ok
test runtime::session::tests::srepair_item_packet_uses_triple_cost_without_max_dura_loss ... ok
test runtime::session::tests::srepair_item_service_context_rejects_when_player_leaves_data_range ... ok
test runtime::session::tests::stage3_playable_pve_loop_persists_after_reconnect ... ok
test runtime::session::tests::stage5_conquest_event_hero_mining_and_crafting_flow ... ok
test runtime::session::tests::stage5_craft_allocates_unique_id_when_preferred_slot_collides_with_storage ... ok
test runtime::session::tests::stage5_credit_shop_mails_purchase_and_claim_transfers_attachment ... ok
test runtime::session::tests::stage5_event_spawn_uses_nearby_spawnable_tile_on_crystal_map ... ok
test runtime::session::tests::stage5_expired_auction_cannot_be_bought ... ok
test runtime::session::tests::stage5_item_add_socket_consumes_source_item_on_success ... ok
test runtime::session::tests::stage5_item_add_socket_emits_item_slot_size_changed ... ok
test runtime::session::tests::stage5_item_add_socket_rejects_items_at_socket_capacity ... ok
test runtime::session::tests::stage5_item_add_socket_rejects_unknown_socket_metadata ... ok
test runtime::session::tests::stage5_item_add_socket_rejects_without_equipped_item ... ok
test runtime::session::tests::stage5_item_add_socket_rejects_without_source_item ... ok
test runtime::session::tests::stage5_item_add_socket_rejects_wrong_source_item ... ok
test runtime::session::tests::stage5_item_seal_consumes_source_item_on_success ... ok
test runtime::session::tests::stage5_item_seal_emits_item_seal_changed ... ok
test runtime::session::tests::stage5_item_seal_next_delay_persists_across_save_reload ... ok
test runtime::session::tests::stage5_item_seal_rejects_already_sealed_equipment ... ok
test runtime::session::tests::stage5_item_seal_rejects_before_next_seal_date_after_expiry ... ok
test runtime::session::tests::stage5_item_seal_rejects_without_equipped_item ... ok
test runtime::session::tests::stage5_item_seal_rejects_without_source_item ... ok
test runtime::session::tests::stage5_item_seal_rejects_wrong_source_item ... ok
test runtime::session::tests::stage5_item_seal_sets_next_seal_delay_metadata ... ok
test runtime::session::tests::stage5_missing_mail_trade_item_and_auction_use_not_found ... ok
test runtime::session::tests::stage5_qa_damage_equipment_emits_dura_changed_for_smoke_setup ... ok
test runtime::session::tests::stage5_qa_damage_player_emits_health_for_smoke_setup ... ok
test runtime::session::tests::stage5_qa_give_item_seeds_usable_healing_metadata ... ok
test runtime::session::tests::stage5_qa_open_npc_dialog_opens_dialog_for_smoke_setup ... ok
test runtime::session::tests::stage5_shop_and_auction_full_bag_preserve_gold_and_items ... ok
test runtime::session::tests::stage5_social_group_guild_mail_persist_across_reload ... ok
test runtime::session::tests::stage5_trade_disconnect_before_accept_preserves_gold ... ok
test runtime::session::tests::stage5_trade_shop_and_auction_are_transactional ... ok
test runtime::session::tests::stage5_trade_shop_and_auction_cancel_error_paths_preserve_gold ... ok
test runtime::session::tests::stale_monster_entity_handle_is_not_damageable ... ok
test runtime::session::tests::stale_online_recipient_save_cannot_overwrite_committed_external_mail ... ok
test runtime::session::tests::stale_same_account_game_shop_uses_latest_durable_balance_without_resurrecting_item ... ok
test runtime::session::tests::stale_same_account_session_cannot_resurrect_sent_attachment_or_sender_balance ... ok
test runtime::session::tests::stale_sender_cannot_mail_attachment_missing_from_authoritative_save ... ok
test runtime::session::tests::standard_shape_equipment_updates_self_player_sprite_libraries ... ok
test runtime::session::tests::start_game_clears_legacy_level_one_web_seed_state ... ok
test runtime::session::tests::start_game_emits_bootstrap_sequence ... ok
test runtime::session::tests::start_game_emits_visible_object_packets ... ok
test runtime::session::tests::start_game_migrates_legacy_default_vitals ... ok
test runtime::session::tests::start_game_migrates_legacy_level_one_warrior_vitals ... ok
test runtime::session::tests::start_game_packet_trace_matches_bootstrap_order ... ok
test runtime::session::tests::start_game_restores_legacy_level_one_empty_starter_equipment ... ok
test runtime::session::tests::start_game_uses_crystal_default_warrior_vitals ... ok
test runtime::session::tests::start_game_visible_respawns_include_spread_spawn_density ... ok
test runtime::session::tests::start_game_visible_respawns_spread_representative_crystal_map_spawns ... ok
test runtime::session::tests::starter_monster_item_drop_has_no_runtime_success_chat ... ok
test runtime::session::tests::stonetrap_ignores_incoming_damage_and_keeps_full_health ... ok
test runtime::session::tests::storage_items_persist_through_save_and_reload ... ok
test runtime::session::tests::storage_merge_item_stack_caps_at_crystal_stack_size ... ok
test runtime::session::tests::storage_merge_item_stack_combines_quantities ... ok
test runtime::session::tests::storage_move_item_reorders_storage_slots ... ok
test runtime::session::tests::storage_password_actions_require_active_storage_service_and_data_range ... ok
test runtime::session::tests::storage_password_can_exist_without_forcing_lock_when_config_disabled ... ok
test runtime::session::tests::storage_password_set_enforces_crystal_password_format ... ok
test runtime::session::tests::storage_password_set_unlock_remove_updates_crystal_state ... ok
test runtime::session::tests::storage_password_unlock_and_remove_enforce_crystal_password_format ... ok
test runtime::session::tests::storage_rejects_rental_dont_store_binding_flags ... ok
test runtime::session::tests::storage_rejects_slots_outside_accessible_capacity ... ok
test runtime::session::tests::storage_service_context_requires_live_npc_object ... ok
test runtime::session::tests::storage_split_item_stack_creates_new_storage_slot ... ok
test runtime::session::tests::store_and_take_back_reject_occupied_targets_like_crystal ... ok
test runtime::session::tests::storing_item_moves_bag_item_into_storage_snapshot ... ok
test runtime::session::tests::storing_item_uses_crystal_inventory_index_for_bag2_slots ... ok
test runtime::session::tests::stray_cat_push_branch_moves_player_and_is_zero_mc_gated ... ok
test runtime::session::tests::summoned_bug_bat_death_emits_packets_before_cleanup ... ok
test runtime::session::tests::summoned_bug_bat_spawn_packet_keeps_master_object_id ... ok
test runtime::session::tests::summoned_charmed_snake_dies_when_totem_out_of_range ... ok
test runtime::session::tests::summoned_charmed_snake_spawn_packet_sets_extra_and_master ... ok
test runtime::session::tests::take_back_hero_item_returns_to_player_bag_slot ... ok
test runtime::session::tests::taking_back_item_moves_storage_item_into_inventory_snapshot ... ok
test runtime::session::tests::taking_back_item_rekeys_dirty_duplicate_inventory_unique_id ... ok
test runtime::session::tests::taking_back_item_uses_crystal_inventory_index_for_bag2_slots ... ok
test runtime::session::tests::thunder_element_can_reposition_before_area_attack ... ok
test runtime::session::tests::thunder_element_delays_area_attack_packet_and_ignores_normal_damage ... ok
test runtime::session::tests::tick_moves_wandering_monster ... ok
test runtime::session::tests::town_revive_is_noop_for_living_player ... ok
test runtime::session::tests::town_revive_respawns_dead_player_at_bind_point ... ok
test runtime::session::tests::town_teleport_packet_rejects_when_current_map_disallows_town_teleport ... ok
test runtime::session::tests::town_teleport_returns_player_to_spawn ... ok
test runtime::session::tests::toxic_ghoul_applies_green_poison_status_from_crystal_melee ... ok
test runtime::session::tests::trade_accept_rejects_city_currency_when_balance_too_low ... ok
test runtime::session::tests::trade_confirm_rejects_offered_item_swapped_after_deposit ... ok
test runtime::session::tests::trade_confirm_revalidates_offered_items_before_escrow_lock ... ok
test runtime::session::tests::trade_offer_and_accept_spends_city_currency_not_gold ... ok
test runtime::session::tests::trade_packets_offer_items_gold_and_lock_without_single_session_settlement ... ok
test runtime::session::tests::trade_packets_reject_bound_and_rental_items_before_locking ... ok
test runtime::session::tests::trade_packets_without_partner_preserve_crystal_noop_and_ack_shape ... ok
test runtime::session::tests::trainer_is_static_passive_and_does_not_die_from_damage ... ok
test runtime::session::tests::transfer_hero_item_moves_player_bag_item_to_hero_inventory ... ok
test runtime::session::tests::transfer_map_requires_player_on_transfer_bounds ... ok
test runtime::session::tests::transfer_map_updates_map_information_location_and_safe_zone ... ok
test runtime::session::tests::transfer_onto_mount_allowed_map_keeps_player_mounted ... ok
test runtime::session::tests::transfer_onto_no_mount_map_force_dismounts_player ... ok
test runtime::session::tests::trap_rock_dies_when_target_moves_after_reveal ... ok
test runtime::session::tests::trap_rock_first_player_hit_collapses_visible_parent ... ok
test runtime::session::tests::trap_rock_parent_attack_can_reapply_paralysis ... ok
test runtime::session::tests::trap_rock_reveals_adjacent_and_emits_no_damage_range_packet ... ok
test runtime::session::tests::trap_rock_show_spawns_child_rocks_and_paralyzes_target ... ok
test runtime::session::tests::tree_is_static_passive_and_loses_one_hp_per_hit ... ok
test runtime::session::tests::tucson_egg_is_immobile_and_loses_one_hp_per_hit ... ok
test runtime::session::tests::tucson_general_close_stomp_hits_area_and_applies_paralysis ... ok
test runtime::session::tests::tucson_general_opens_with_rage_packet_without_direct_damage ... ok
test runtime::session::tests::tucson_general_rage_spawns_rock_spell_objects_and_targeted_impacts ... ok
test runtime::session::tests::tucson_general_type_two_range_branch_uses_double_sc ... ok
test runtime::session::tests::tucson_general_uses_sc_range_branch_while_rage_cools_down ... ok
test runtime::session::tests::tucson_mage_uses_crystal_type_one_packet_without_zero_mc_damage ... ok
test runtime::session::tests::tucson_mage_wide_line_fans_out_when_mc_is_available ... ok
test runtime::session::tests::tucson_warrior_adjacent_halfmoon_branch_fans_out ... ok
test runtime::session::tests::tucson_warrior_adjacent_smash_branch_hits_target_area ... ok
test runtime::session::tests::tucson_warrior_uses_crystal_two_tile_smash_branch ... ok
test runtime::session::tests::turtle_grass_type_one_branch_pushes_player_before_delayed_damage ... ok
test runtime::session::tests::turtle_grass_wakes_and_attacks_from_crystal_two_tile_range ... ok
test runtime::session::tests::unauthenticated_active_character_save_does_not_pollute_demo_account ... ok
test runtime::session::tests::unlocked_active_mail_stays_unlocked_after_save_and_reload ... ok
test runtime::session::tests::use_item_packet_ancient_banga_green_grants_free_map_shout ... ok
test runtime::session::tests::use_item_packet_ancient_banga_purple_grants_free_server_shout ... ok
test runtime::session::tests::use_item_packet_belt_equipment_rejects_without_runtime_chat ... ok
test runtime::session::tests::use_item_packet_credit_token_emits_localized_hint_chat ... ok
test runtime::session::tests::use_item_packet_crystal_book_learns_skill_when_eligible ... ok
test runtime::session::tests::use_item_packet_crystal_book_rejects_duplicate_known_skill ... ok
test runtime::session::tests::use_item_packet_crystal_book_rejects_low_level_with_localized_message ... ok
test runtime::session::tests::use_item_packet_crystal_book_rejects_wrong_class_with_localized_message ... ok
test runtime::session::tests::use_item_packet_crystal_equipment_allows_modeled_max_mc_requirement ... ok
test runtime::session::tests::use_item_packet_crystal_equipment_rejects_low_max_dc_requirement ... ok
test runtime::session::tests::use_item_packet_dead_player_ack_fails_without_mutation ... ok
test runtime::session::tests::use_item_packet_dead_player_resurrection_scroll_rejects_on_no_reincarnation_map ... ok
test runtime::session::tests::use_item_packet_dead_player_resurrection_scroll_revives_and_consumes_item ... ok
test runtime::session::tests::use_item_packet_dynamic_crystal_apple_applies_multiple_template_buffs ... ok
test runtime::session::tests::use_item_packet_dynamic_crystal_credit_token_emits_localized_hint_chat ... ok
test runtime::session::tests::use_item_packet_dynamic_crystal_dungeon_escape_rejects_on_no_escape_map ... ok
test runtime::session::tests::use_item_packet_dynamic_crystal_dungeon_escape_teleports_same_map ... ok
test runtime::session::tests::use_item_packet_dynamic_crystal_food_feeds_equipped_mount ... ok
test runtime::session::tests::use_item_packet_dynamic_crystal_food_requires_equipped_mount ... ok
test runtime::session::tests::use_item_packet_dynamic_crystal_gt_invite_consumes_without_active_effect ... ok
test runtime::session::tests::use_item_packet_dynamic_crystal_gt_teleport_consumes_without_teleporting ... ok
test runtime::session::tests::use_item_packet_dynamic_crystal_impact_drug_stacks_duration_without_resetting_stats ... ok
test runtime::session::tests::use_item_packet_dynamic_crystal_normal_potion_queues_timed_restore ... ok
test runtime::session::tests::use_item_packet_dynamic_crystal_potion_rejects_on_no_drug_map ... ok
test runtime::session::tests::use_item_packet_dynamic_crystal_random_teleport_rejects_on_no_random_map ... ok
test runtime::session::tests::use_item_packet_dynamic_crystal_random_teleport_teleports_same_map ... ok
test runtime::session::tests::use_item_packet_dynamic_crystal_repair_oils_respect_weapon_repair_binds ... ok
test runtime::session::tests::use_item_packet_dynamic_crystal_repair_oils_use_template_scroll_shapes ... ok
test runtime::session::tests::use_item_packet_dynamic_crystal_sun_potion_applies_template_hp_and_mp ... ok
test runtime::session::tests::use_item_packet_dynamic_crystal_town_teleport_routes_through_template_scroll ... ok
test runtime::session::tests::use_item_packet_equipped_mount_respects_crystal_map_and_slot_gates ... ok
test runtime::session::tests::use_item_packet_equipped_mount_toggles_riding_state ... ok
test runtime::session::tests::use_item_packet_equipping_need_identify_item_emits_refresh_item ... ok
test runtime::session::tests::use_item_packet_hero_inventory_grid_does_not_mutate_matching_player_item ... ok
test runtime::session::tests::use_item_packet_missing_inventory_item_rejects_without_runtime_chat ... ok
test runtime::session::tests::use_item_packet_mystery_water_unlocks_cursed_removal_and_consumes_item ... ok
test runtime::session::tests::use_item_packet_mystery_water_when_already_unlocked_ack_fails_and_keeps_item ... ok
test runtime::session::tests::use_item_packet_rejects_gender_locked_equipment_with_crystal_chat ... ok
test runtime::session::tests::use_item_packet_resurrection_scroll_while_alive_hint_chats_and_preserves_item ... ok
test runtime::session::tests::use_item_packet_static_potion_rejects_on_no_drug_map ... ok
test runtime::session::tests::use_item_packet_unusable_inventory_item_rejects_without_runtime_chat ... ok
test runtime::session::tests::use_item_packet_uses_inventory_unique_id_when_duplicate_keys_exist ... ok
test runtime::session::tests::user_item_identified_flag_follows_crystal_need_identify ... ok
test runtime::session::tests::visible_monster_respawn_emits_revive_packets ... ok
test runtime::session::tests::visible_player_config_shapes_feed_world_sprite_snapshot ... ok
test runtime::session::tests::walk_into_map_wall_keeps_player_in_place ... ok
test runtime::session::tests::walk_onto_blocked_crystal_manifest_movement_source_transfers_map ... ok
test runtime::session::tests::walk_onto_crystal_manifest_movement_transfers_map ... ok
test runtime::session::tests::walk_outside_map_region_keeps_player_in_place ... ok
test runtime::session::tests::walk_updates_self_location ... ok
test runtime::session::tests::wallet_namespace_detection_and_locked_password_sentinel ... ok
test runtime::session::tests::water_dragon_and_black_tortoise_use_range_attacks_when_not_adjacent ... ok
test runtime::session::tests::water_dragon_range_hit_uses_mac_and_applies_green_poison ... ok
test runtime::session::tests::white_foxman_kites_before_fear_window_then_attacks ... ok
test runtime::session::tests::white_foxman_slow_branch_applies_status_without_damage ... ok
test runtime::session::tests::wooma_taurus_teleports_when_surrounded ... ok
test runtime::session::tests::wooma_taurus_uses_crystal_damage_and_mad_speed_phase ... ok
test runtime::session::tests::world_snapshot_exposes_inventory_unique_ids_for_client_packets ... ok
test runtime::session::tests::world_snapshot_filters_outside_player_aoi ... ok
test runtime::session::tests::world_snapshot_includes_scene_and_state_data ... ok
test runtime::session::tests::world_snapshot_marks_safe_zone_after_start_game ... ok
test runtime::session::tests::world_snapshot_restores_structured_multi_task_quest_progress ... ok
test runtime::session::tests::world_snapshot_serializes_authoritative_native_combat_predicates ... ok
test runtime::session::tests::world_snapshot_uses_crystal_symmetric_sixteen_tile_object_range ... ok
test runtime::session::tests::yimoogi_final_teleport_spawns_white_serpents_at_old_location ... ok
test runtime::session::tests::yimoogi_four_tile_poison_branch_uses_type_one_red_poison ... ok
test runtime::session::tests::yimoogi_spawns_sister_child_after_crystal_delay ... ok
test runtime::session::tests::yimoogi_suppresses_death_drops_while_sister_is_alive ... ok
test runtime::session::tests::yimoogi_uses_crystal_seven_tile_range_attack_branch ... ok
test runtime::session::tests::yin_devil_node_is_immobile_and_does_not_attack_player ... ok
test runtime::session::tests::zone_melee_attack_profile_rejects_non_melee_requested_spell ... ok
test runtime::session::tests::zone_player_combat_stats_use_real_engine_ranges ... ok
test runtime::session::tests::zuma_monster_requires_wake_before_it_can_be_attacked ... ok
test runtime::session::tests::zuma_monster_wake_spreads_to_nearby_stoned_zuma ... ok
test runtime::session::tests::zuma_taurus_hp_stage_spawns_crystal_slave_wave_without_skipping_attack ... ok
test runtime::session::tests::zuma_taurus_wakes_and_uses_crystal_melee_attack ... ok
test runtime::session::zone_respawn_policy_tests::platinum_evil_big_ape_uses_exact_d10_r30_crystal_wall_clock_profile ... ok
test runtime::skills::crystal_damage_formula_tests::armour_subtracts_and_floors_at_zero ... ok
test runtime::skills::crystal_damage_formula_tests::damage_channel_matches_crystal_class_sources ... ok
test runtime::skills::crystal_damage_formula_tests::explicit_fireball_manifest_path_still_queues_offensive_cast ... ok
test runtime::skills::crystal_damage_formula_tests::get_damage_folds_attack_power_inside_multiplier ... ok
test runtime::skills::crystal_damage_formula_tests::get_damage_with_zero_base_equals_legacy_intrinsic_damage ... ok
test runtime::skills::crystal_damage_formula_tests::get_power_matches_crystal_def_plus_mpower_scaling ... ok
test runtime::skills::crystal_damage_formula_tests::multiplier_scales_linearly_with_level ... ok
test runtime::skills::crystal_damage_formula_tests::range_falloff_rewards_maximum_range ... ok
test runtime::skills::crystal_damage_formula_tests::spell_defence_matches_crystal_defence_types ... ok
test runtime::skills::crystal_damage_formula_tests::unsupported_manifest_spell_fails_closed_like_crystal_default ... ok
test runtime::stage5::game_shop_validation_tests::concurrent_accounts_do_not_oversell_global_stock ... ok
test runtime::stage5::game_shop_validation_tests::concurrent_same_character_sessions_do_not_oversell_individual_stock ... ok
test runtime::stage5::game_shop_validation_tests::finite_stock_persist_failure_and_counter_overflow_are_atomic ... ok
test runtime::stage5::game_shop_validation_tests::finite_stock_uses_purchase_quantity_and_handles_overflow ... ok
test runtime::stage5::game_shop_validation_tests::game_shop_class_filter_is_explicit_and_unknown_values_fail_closed ... ok
test runtime::stage5::game_shop_validation_tests::game_shop_payment_flags_are_enforced_for_the_selected_currency ... ok
test runtime::stage5::game_shop_validation_tests::generated_game_shop_manifest_matches_all_authoritative_payloads ... ok
test runtime::stage5::game_shop_validation_tests::individual_finite_stock_consumes_purchase_quantity_and_survives_reload ... ok
test runtime::stage5::game_shop_validation_tests::legacy_packet_wrapper_matches_typed_execution_packets ... ok
test runtime::stage5::game_shop_validation_tests::legacy_store_and_character_systems_default_stock_counters_to_empty ... ok
test runtime::stage5::game_shop_validation_tests::native_game_shop_business_failure_is_durable_and_not_re_evaluated ... ok
test runtime::stage5::game_shop_validation_tests::native_game_shop_duplicate_key_returns_original_outcome_without_second_mutation ... ok
test runtime::stage5::game_shop_validation_tests::native_game_shop_hidden_ledger_is_not_player_mail_or_mutable ... ok
test runtime::stage5::game_shop_validation_tests::native_game_shop_key_binding_and_new_connection_scope_are_exact ... ok
test runtime::stage5::game_shop_validation_tests::native_game_shop_ledger_capacity_blocks_complete_purchase_transaction ... ok
test runtime::stage5::game_shop_validation_tests::native_game_shop_ledger_capacity_fails_closed_without_evicting_old_keys ... ok
test runtime::stage5::game_shop_validation_tests::native_game_shop_ledger_merge_conflict_fails_closed ... ok
test runtime::stage5::game_shop_validation_tests::native_game_shop_stale_session_mail_merge_preserves_all_replay_keys ... ok
test runtime::stage5::game_shop_validation_tests::production_game_shop_path_selects_exact_transaction_scope_and_preserves_behavior ... ok
test runtime::stage5::game_shop_validation_tests::typed_failures_cover_currency_mail_capacity_and_persist_failure ... ok
test runtime::stage5::game_shop_validation_tests::typed_failures_cover_request_and_authoritative_product_validation ... ok
test runtime::stage5::game_shop_validation_tests::typed_outcome_constructors_enforce_success_failure_shape_and_stable_codes ... ok
test runtime::stage5::game_shop_validation_tests::typed_stock_outcomes_report_post_commit_and_current_levels ... ok
test runtime::stage5::game_shop_validation_tests::typed_success_uses_the_committed_mail_id_for_gold_and_credit ... ok
test runtime::stage5::game_shop_validation_tests::unlimited_catalog_purchase_does_not_create_stock_counters_or_patch ... ok
test runtime::stage5::stage5_item_carrier_validation_tests::qa_apply_native_state_rejects_corrupt_stage5_without_world_or_session_mutation ... ok
test runtime::stage5::stage5_item_carrier_validation_tests::stage5_guild_storage_accepts_complete_exact_slot_sets_without_mutation ... ok
test runtime::stage5::stage5_item_carrier_validation_tests::stage5_guild_storage_rejects_equal_length_missing_state_set_without_mutation ... ok
test runtime::stage5::stage5_item_carrier_validation_tests::stage5_guild_storage_rejects_equal_length_orphan_owner_set_without_mutation ... ok
test runtime::stage5::stage5_item_carrier_validation_tests::stage5_guild_storage_rejects_malformed_unknown_and_over_budget_carriers_without_mutation ... ok
test runtime::stage5::stage5_item_carrier_validation_tests::stage5_guild_storage_rejects_metadata_only_zero_and_overstack_children_without_mutation ... ok
test runtime::stage5::stage5_item_carrier_validation_tests::stage5_guild_storage_rejects_missing_owner_without_mutation ... ok
test runtime::stage5::stage5_item_carrier_validation_tests::stage5_mail_attachment_reuses_complete_carrier_budget ... ok
test runtime::zone::aoi_grid::tests::handles_negative_coordinates ... ok
test runtime::zone::aoi_grid::tests::insert_twice_relocates_without_duplicating ... ok
test runtime::zone::aoi_grid::tests::moved_updates_buckets_and_preserves_superset ... ok
test runtime::zone::aoi_grid::tests::neighborhood_is_a_superset_of_everything_visible ... ok
test runtime::zone::aoi_grid::tests::remove_clears_member_and_empty_cell ... ok
test runtime::zone::ecs::tests::move_or_remove_unknown_session_is_noop ... ok
test runtime::zone::ecs::tests::upsert_existing_session_does_not_leak_entities ... ok
test runtime::zone::ecs::tests::upsert_move_remove_keeps_index_and_world_in_sync ... ok
test runtime::zone::manager::parallel_tick_tests::leave_all_sessions_preserves_zones_but_removes_players ... ok
test runtime::zone::manager::parallel_tick_tests::parallel_tick_all_matches_sequential_across_many_zones ... ok
test runtime::zone::manager::parallel_tick_tests::single_zone_takes_sequential_path_and_still_works ... ok
test runtime::zone::runtime::checkpoint::tests::checkpoint_state_root_authenticates_removed_object_tombstones ... ok
test runtime::zone::runtime::checkpoint::tests::complete_zone_checkpoint_rejects_valid_json_with_changed_state ... ok
test runtime::zone::runtime::checkpoint::tests::complete_zone_checkpoint_restores_authoritative_and_derived_state ... ok
test runtime::zone::runtime::checkpoint::tests::exact_ground_drop_identity_is_checkpointed_and_state_root_protected ... ok
test runtime::zone::runtime::checkpoint::tests::ground_drop_authority_allocators_fail_closed_at_u64_exhaustion ... ok
test runtime::zone::runtime::checkpoint::tests::legacy_checkpoint_missing_monster_disposition_fails_closed ... ok
test runtime::zone::runtime::checkpoint::tests::legacy_v1_ground_drop_fixture_rebuilds_authority_from_legacy_payload_only ... ok
test runtime::zone::runtime::checkpoint::tests::legacy_v1_restore_ignores_injected_v2_ground_drop_authority_fields ... ok
test runtime::zone::runtime::checkpoint::tests::legacy_v2_checkpoint_verifies_old_root_then_reanchors_pending_ticket_key ... ok
test runtime::zone::runtime::checkpoint::tests::legacy_v3_checkpoint_ignores_forward_respawn_and_live_sync_rehydrates_policy ... ok
test runtime::zone::runtime::checkpoint::tests::legacy_v3_dead_monster_policy_hydration_never_revives_immediately ... ok
test runtime::zone::runtime::checkpoint::tests::online_player_receives_world_event_monster_spawn_packet ... ok
test runtime::zone::runtime::checkpoint::tests::verified_world_checkpoint_keeps_v2_ground_drop_authority_validation ... ok
test runtime::zone::runtime::checkpoint::tests::verified_world_checkpoint_reanchors_a_module_dependent_state_root ... ok
test runtime::zone::runtime::checkpoint::tests::world_event_monster_without_player_is_authoritative_and_checkpointed ... ok
test runtime::zone::runtime::door_tests::shared_door_opens_unblocks_and_auto_closes ... ok
test runtime::zone::runtime::door_tests::shared_open_door_unknown_index_is_noop ... ok
test runtime::zone::runtime::group_experience_tests::boss_group_keeps_contribution_from_a_member_who_dies_before_kill ... ok
test runtime::zone::runtime::group_experience_tests::boss_reward_uses_group_contribution_instead_of_last_hit ... ok
test runtime::zone::runtime::group_experience_tests::group_monster_kill_award_conserves_remainder_when_owner_is_dead ... ok
test runtime::zone::runtime::group_experience_tests::group_monster_kill_award_keeps_solo_or_pet_owner_reward_whole ... ok
test runtime::zone::runtime::group_experience_tests::group_monster_kill_award_preserves_experience_and_excludes_ineligible_players ... ok
test runtime::zone::runtime::hazard_tests::no_shared_hazard_strikes_without_configuration ... ok
test runtime::zone::runtime::hazard_tests::shared_lightning_hazard_strikes_and_damages_players ... ok
test runtime::zone::runtime::movement_status_tests::dismounted_flag_without_a_mount_type_does_not_speed_up ... ok
test runtime::zone::runtime::movement_status_tests::frozen_poison_blocks_movement_until_it_expires ... ok
test runtime::zone::runtime::movement_status_tests::green_poison_alone_does_not_block_movement ... ok
test runtime::zone::runtime::movement_status_tests::riding_a_mount_keeps_crystal_server_move_delay ... ok
test runtime::zone::runtime::movement_status_tests::slow_poison_doubles_the_step_delay ... ok
test runtime::zone::runtime::player_vital_regen_tests::shared_zone_regenerates_hp_on_crystal_cadence_after_combat_delay ... ok
test runtime::zone::runtime::pvp_tests::all_mode_shared_magic_damages_remote_player_and_spends_mana ... ok
test runtime::zone::runtime::pvp_tests::all_mode_shared_melee_can_kill_and_routes_authoritative_damage ... ok
test runtime::zone::runtime::pvp_tests::all_mode_shared_range_attack_damages_remote_player ... ok
test runtime::zone::runtime::pvp_tests::group_guild_and_enemy_guild_modes_respect_relationships ... ok
test runtime::zone::runtime::pvp_tests::materialized_range_internal_distance_failure_rolls_back_every_zone_surface ... ok
test runtime::zone::runtime::pvp_tests::peace_mode_and_safe_zones_block_shared_player_damage ... ok
test runtime::zone::runtime::pvp_tests::shared_reincarnation_delays_offer_and_accept_revives_at_half_health ... ok
test runtime::zone::runtime::qa_natural_kill_damage_multiplier_tests::defaults_to_exact_combat_damage_and_bounds_explicit_qa_acceleration ... ok
test runtime::zone::runtime::qa_natural_movement_delay_tests::defaults_to_production_and_only_shortens_when_explicitly_enabled ... ok
test runtime::zone::runtime::stage_summons::tests::exhausted_id_space_returns_without_aliasing_an_existing_monster ... ok
test runtime::zone::runtime::stage_summons::tests::live_slave_cap_prunes_dead_children_and_death_stops_waves ... ok
test runtime::zone::runtime::status_poison::tests::active_control_cannot_be_refreshed_but_can_be_reapplied_after_expiry ... ok
test runtime::zone::runtime::status_poison::tests::independent_control_clocks_survive_checkpoint_and_do_not_extend_each_other ... ok
test runtime::zone::runtime::status_poison::tests::legacy_single_deadline_import_preserves_existing_duration_and_other_poison_bits ... ok
test runtime::zone::runtime::step1_ecs_mirror_tests::mirror_matches_after_rejoin_same_session ... ok
test runtime::zone::runtime::step1_ecs_mirror_tests::mirror_matches_players_across_join_walk_leave ... ok
test runtime::zone::types::combat_state_tests::crystal_harvest_ai_contract_is_shared_by_session_and_zone ... ok
test runtime::zone::types::combat_state_tests::crystal_minutes_delay_matches_private_formula_when_random_exceeds_delay ... ok
test runtime::zone::types::combat_state_tests::fixed_tick_delay_matches_private_formula_for_every_roll ... ok
test runtime::zone::types::combat_state_tests::old_host_defaults_missing_mount_attack_capability_to_denied ... ok
test runtime::zone::types::combat_state_tests::poison_resistance_preserves_legacy_zero_encoding_and_round_trips_nonzero ... ok
test world_runtime::tests::credit_gold_from_ore_credits_gold_idempotently ... ok
test world_runtime::tests::debug_crystal_transfer_parser_and_production_guard_are_strictly_identical ... ok
test world_runtime::tests::grant_onchain_ore_is_idempotent_on_replay ... ok
test world_runtime::tests::grant_onchain_ore_lands_ore_in_bag ... ok
test world_runtime::tests::grant_onchain_ore_rebroadcasts_vein_stage_from_chain_stones ... ok
test world_runtime::tests::in_process_world_runtime_accepts_passkey_login ... ok
test world_runtime::tests::in_process_world_runtime_preserves_start_game_surface ... ok
test world_runtime::tests::in_process_world_runtime_propagates_typed_game_shop_outcome_only_for_purchase ... ok
test world_runtime::tests::in_process_world_runtime_reports_language_errors ... ok
test world_runtime::tests::onchain_injection_is_rejected_on_the_player_path ... ok
test world_runtime::tests::onchain_vein_renders_full_on_map_entry_before_any_settlement ... ok
test world_runtime::tests::unmapped_mine_id_grants_ore_without_a_node_state ... ok
test world_runtime::tests::world_runtime_execution_reports_command_outcome ... ok
test world_runtime::tests::world_runtime_skips_snapshot_for_low_latency_movement_outcome ... ok
test world_runtime::tests::zero_amount_settlement_still_rebroadcasts_the_vein ... ok

test result: ok. 1503 passed; 0 failed; 0 ignored; 0 measured; 0 filtered out; finished in 906.07s

     Running unittests src\bin\zone_replay.rs (C:\Users\Administrator\AppData\Local\Temp\mir2-trade-gold-simulation-20260908\x86_64-pc-windows-msvc\debug\deps\zone_replay-3f89d339b7b9a38a.exe)

running 0 tests

test result: ok. 0 passed; 0 failed; 0 ignored; 0 measured; 0 filtered out; finished in 0.00s

     Running tests\big_map.rs (C:\Users\Administrator\AppData\Local\Temp\mir2-trade-gold-simulation-20260908\x86_64-pc-windows-msvc\debug\deps\big_map-3b31ea75efb54fd2.exe)

running 7 tests
test logout_resets_connection_scoped_map_info_cache ... ok
test pre_start_big_map_commands_are_silent ... ok
test request_map_info_uses_crystal_packets_and_connection_cache ... ok
test search_map_is_case_insensitive_and_stably_selects_first_map ... ok
test search_map_rejects_empty_short_and_oversize_queries ... ok
test search_map_returns_npc_and_handles_unicode_miss ... ok
test teleport_to_npc_is_a_silent_noop_without_eligible_imported_destination ... ok

test result: ok. 7 passed; 0 failed; 0 ignored; 0 measured; 0 filtered out; finished in 4.23s

     Running tests\character_wings.rs (C:\Users\Administrator\AppData\Local\Temp\mir2-trade-gold-simulation-20260908\x86_64-pc-windows-msvc\debug\deps\character_wings-3b95f981ac12d36d.exe)

running 5 tests
test character_wings_clear_for_no_armour_plain_armour_and_broken_base_durability ... ok
test character_wings_follow_real_armour_catalogue_for_both_genders_and_effects ... ok
test character_wings_missing_snapshot_field_remains_unknown_not_zero ... ok
test character_wings_unequip_reequip_save_reload_and_player_update_keep_exact_state ... ok
test character_wings_use_catalogue_identity_not_client_declared_effect ... ok

test result: ok. 5 passed; 0 failed; 0 ignored; 0 measured; 0 filtered out; finished in 8.09s

     Running tests\crystal_map_events.rs (C:\Users\Administrator\AppData\Local\Temp\mir2-trade-gold-simulation-20260908\x86_64-pc-windows-msvc\debug\deps\crystal_map_events-e9cb724df9d91cdc.exe)

running 1 test
test crystal_map_coordinate_bindings_and_nested_event_include_are_imported ... ok

test result: ok. 1 passed; 0 failed; 0 ignored; 0 measured; 0 filtered out; finished in 0.00s

     Running tests\crystal_map_hazards.rs (C:\Users\Administrator\AppData\Local\Temp\mir2-trade-gold-simulation-20260908\x86_64-pc-windows-msvc\debug\deps\crystal_map_hazards-ce175c668b49d7b1.exe)

running 3 tests
test crystal_world_config_imports_every_database_hazard_map ... ok
test fire_map_information_comes_from_crystal_database ... ok
test lightning_map_information_comes_from_crystal_database ... ok

test result: ok. 3 passed; 0 failed; 0 ignored; 0 measured; 0 filtered out; finished in 0.10s

     Running tests\great_fox_spirit_recall.rs (C:\Users\Administrator\AppData\Local\Temp\mir2-trade-gold-simulation-20260908\x86_64-pc-windows-msvc\debug\deps\great_fox_spirit_recall-b7dabe862ff00a5e.exe)

running 2 tests
test recall_never_targets_remote_player_mirror ... ok
test recall_uses_first_qualified_opposing_monster_before_player ... ok

test result: ok. 2 passed; 0 failed; 0 ignored; 0 measured; 0 filtered out; finished in 1.46s

     Running tests\hero_ai.rs (C:\Users\Administrator\AppData\Local\Temp\mir2-trade-gold-simulation-20260908\x86_64-pc-windows-msvc\debug\deps\hero_ai-1555f60e9440511d.exe)

running 28 tests
test archer_hero_concentration_is_gated_while_active ... ok
test archer_hero_uses_concentration_and_straight_shot_at_crystal_level_gates ... ok
test archer_hero_uses_crystal_range_attack_surface ... ok
test hero_attack_behaviour_strikes_nearby_hostile_monster ... ok
test hero_carried_weapon_stats_increase_attack_damage ... ok
test hero_follow_behaviour_does_not_auto_attack_nearby_monster ... ok
test hero_information_projects_carried_equipment_stats ... ok
test hero_inventory_book_magic_key_save_loop_enables_hero_ai_spell ... ok
test hero_learned_magic_progression_increases_experience_after_ai_cast ... ok
test hero_learned_magic_progression_levels_up_and_next_cast_uses_new_level ... ok
test high_level_warrior_hero_uses_flaming_sword_burst_damage ... ok
test taoist_hero_healing_respects_crystal_level_gate ... ok
test taoist_hero_prioritizes_owner_healing_before_melee_attack ... ok
test warrior_hero_uses_slaying_surface_at_crystal_level_gate ... ok
test wizard_hero_casts_fireball_with_mana_cooldown_and_scheduled_damage ... ok
test wizard_hero_casts_magic_booster_after_magic_shield_at_crystal_gate ... ok
test wizard_hero_casts_magic_shield_support_before_attack ... ok
test wizard_hero_fireball_respects_crystal_level_gate ... ok
test wizard_hero_flame_disruptor_level_gate_falls_to_vampirism_with_heal ... ok
test wizard_hero_frost_crunch_roots_and_buffs_before_classic_fallbacks ... ok
test wizard_hero_learned_magic_inventory_skips_unlearned_higher_priority_spells ... ok
test wizard_hero_learned_magic_still_respects_crystal_level_gates ... ok
test wizard_hero_magic_shield_respects_crystal_level_gate ... ok
test wizard_hero_support_does_not_recast_when_mana_is_missing ... ok
test wizard_hero_uses_fire_bang_for_crowded_target_before_single_target_spells ... ok
test wizard_hero_uses_flame_disruptor_before_vampirism_and_fallback_spells ... ok
test wizard_hero_uses_repulsion_before_fireball_for_adjacent_lower_level_target ... ok
test wizard_hero_uses_thunder_storm_for_self_surrounded_priority ... ok

test result: ok. 28 passed; 0 failed; 0 ignored; 0 measured; 0 filtered out; finished in 19.43s

     Running tests\item_stack_images.rs (C:\Users\Administrator\AppData\Local\Temp\mir2-trade-gold-simulation-20260908\x86_64-pc-windows-msvc\debug\deps\item_stack_images-227927b98799b3ca.exe)

running 4 tests
test both_poisons_refresh_size_band_after_real_split_and_cross_belt_merge ... ok
test known_source_identity_overrides_a_stale_legacy_icon_without_rewriting_item_info ... ok
test real_split_merge_equip_remove_and_reload_refresh_count_images_without_caching ... ok
test stack_images_follow_every_threshold_in_bag_belt_storage_and_equipment ... ok

test result: ok. 4 passed; 0 failed; 0 ignored; 0 measured; 0 filtered out; finished in 12.53s

     Running tests\login_notice.rs (C:\Users\Administrator\AppData\Local\Temp\mir2-trade-gold-simulation-20260908\x86_64-pc-windows-msvc\debug\deps\login_notice-3673fc9676726c61.exe)

running 3 tests
test crystal_start_game_delivers_one_project_owned_notice_per_gameplay_session ... ok
test empty_or_explicitly_disabled_login_notice_fails_closed ... ok
test login_notice_is_never_sent_before_successful_start_game ... ok

test result: ok. 3 passed; 0 failed; 0 ignored; 0 measured; 0 filtered out; finished in 62.37s

     Running tests\mail_status_transactions.rs (C:\Users\Administrator\AppData\Local\Temp\mir2-trade-gold-simulation-20260908\x86_64-pc-windows-msvc\debug\deps\mail_status_transactions-d6655509f5d6c2e3.exe)

running 3 tests
test malformed_missing_deleted_and_invalid_identity_are_no_ops ... ok
test read_and_lock_are_durable_and_reloadable ... ok
test stale_session_cannot_delete_lock_but_can_unlock_then_delete_durably ... ok

test result: ok. 3 passed; 0 failed; 0 ignored; 0 measured; 0 filtered out; finished in 4.37s

     Running tests\map_coordinate_events.rs (C:\Users\Administrator\AppData\Local\Temp\mir2-trade-gold-simulation-20260908\x86_64-pc-windows-msvc\debug\deps\map_coordinate_events-724877fb97b67833.exe)

running 3 tests
test personal_session_enforces_all_six_authoritative_map_coordinate_gates ... ok
test personal_turn_applies_direction_before_current_coordinate_map_event ... ok
test shared_zone_uses_join_level_and_pk_points_for_all_six_gates ... ok

test result: ok. 3 passed; 0 failed; 0 ignored; 0 measured; 0 filtered out; finished in 130.08s

     Running tests\map_event_binding_e1.rs (C:\Users\Administrator\AppData\Local\Temp\mir2-trade-gold-simulation-20260908\x86_64-pc-windows-msvc\debug\deps\map_event_binding_e1-37a0bc8da49a224e.exe)

running 3 tests
test e1_boundaries_deny_at_threshold_and_zone_does_not_transform_early ... ok
test e1_manifest_has_all_six_exact_typed_crystal_bindings ... ok
test zone_turn_applies_direction_before_current_coordinate_map_event ... ok

test result: ok. 3 passed; 0 failed; 0 ignored; 0 measured; 0 filtered out; finished in 0.30s

     Running tests\market_refine_custody.rs (C:\Users\Administrator\AppData\Local\Temp\mir2-trade-gold-simulation-20260908\x86_64-pc-windows-msvc\debug\deps\market_refine_custody-79932cddcbb0b589.exe)

running 9 tests
test buying_exact_listing_is_atomic_and_charges_only_once ... ok
test conflicting_custody_uid_rejects_restore_without_mutation ... ok
test demo_with_every_bag_item_in_custody_is_not_reseeded_on_login ... ok
test full_bag_keeps_market_and_refine_custody_until_space_is_available ... ok
test legacy_key_only_custody_never_creates_replacement_items ... ok
test market_merge_refreshes_existing_stack_without_double_increment ... ok
test market_return_preserves_whole_stack_and_equipment_after_save_reload ... ok
test refine_cancel_returns_only_what_fits_and_keeps_the_remaining_instance ... ok
test refine_retrieve_and_cancel_preserve_equipment_after_save_reload ... ok

test result: ok. 9 passed; 0 failed; 0 ignored; 0 measured; 0 filtered out; finished in 21.29s

     Running tests\native_startup_contract.rs (C:\Users\Administrator\AppData\Local\Temp\mir2-trade-gold-simulation-20260908\x86_64-pc-windows-msvc\debug\deps\native_startup_contract-58c75100045f31d4.exe)

running 1 test
test native_startup_sends_item_info_before_every_equipped_user_item ... ok

test result: ok. 1 passed; 0 failed; 0 ignored; 0 measured; 0 filtered out; finished in 0.61s

     Running tests\ordinary_candidate_loop.rs (C:\Users\Administrator\AppData\Local\Temp\mir2-trade-gold-simulation-20260908\x86_64-pc-windows-msvc\debug\deps\ordinary_candidate_loop-a9632840332e228a.exe)

running 2 tests
test ordinary_candidate_loop_persists_new_warrior_progress_across_logout ... ok
test stale_npc_dialog_action_is_rejected_after_authoritative_transform_leaves_data_range ... ok

test result: ok. 2 passed; 0 failed; 0 ignored; 0 measured; 0 filtered out; finished in 4.59s

     Running tests\platinum_176_combat_milestones.rs (C:\Users\Administrator\AppData\Local\Temp\mir2-trade-gold-simulation-20260908\x86_64-pc-windows-msvc\debug\deps\platinum_176_combat_milestones-154b4836e6a4371c.exe)

running 1 test
test all_three_classes_deal_real_damage_at_22_to_50_milestones ... ok

test result: ok. 1 passed; 0 failed; 0 ignored; 0 measured; 0 filtered out; finished in 86.85s

     Running tests\platinum_176_party_boss.rs (C:\Users\Administrator\AppData\Local\Temp\mir2-trade-gold-simulation-20260908\x86_64-pc-windows-msvc\debug\deps\platinum_176_party_boss-1d79250ed7e999ae.exe)

running 1 test
test platinum_176_three_class_party_kills_real_red_moon_boss_with_bounded_ttk ... ok

test result: ok. 1 passed; 0 failed; 0 ignored; 0 measured; 0 filtered out; finished in 0.12s

     Running tests\platinum_176_progression.rs (C:\Users\Administrator\AppData\Local\Temp\mir2-trade-gold-simulation-20260908\x86_64-pc-windows-msvc\debug\deps\platinum_176_progression-8f5751793e2f1aa8.exe)

running 10 tests
test all_three_classes_progress_level_by_level_through_source_backed_hunting_routes ... ok
test deeply_red_player_death_drops_two_eligible_items_and_recalculates_equipment ... ok
test monster_experience_levels_a_character_and_carries_overflow ... ok
test natural_level_and_experience_survive_logout_and_fresh_session_reload ... ok
test one_authoritative_award_can_cross_the_full_1_to_50_acceptance_curve ... ok
test pk_decay_accumulator_persists_and_reconnect_cannot_accelerate_decay ... ok
test pk_name_colour_transitions_from_red_to_brown_to_normal_at_decay_boundaries ... ok
test platinum_176_blocks_post_176_stage5_actions_but_keeps_classic_social_endgame ... ok
test platinum_176_new_character_starts_with_source_start_items_in_the_bag ... ok
test platinum_profile_rejects_post_176_classes_and_heroes ... ok

test result: ok. 10 passed; 0 failed; 0 ignored; 0 measured; 0 filtered out; finished in 44.85s

     Running tests\quest_agent_respawns.rs (C:\Users\Administrator\AppData\Local\Temp\mir2-trade-gold-simulation-20260908\x86_64-pc-windows-msvc\debug\deps\quest_agent_respawns-21479e24bccc9050.exe)

running 2 tests
test audited_serpent_mine_repairs_share_the_runtime_spawn_path ... ok
test q25_cannibal_plant_groups_have_agent_patrol_coverage ... ok

test result: ok. 2 passed; 0 failed; 0 ignored; 0 measured; 0 filtered out; finished in 0.40s

     Running tests\quest_agent_special_scripts.rs (C:\Users\Administrator\AppData\Local\Temp\mir2-trade-gold-simulation-20260908\x86_64-pc-windows-msvc\debug\deps\quest_agent_special_scripts-06f555092d29a1b1.exe)

running 1 test
test q135_visible_turn_in_exposes_and_grants_the_missing_stoneheart_access_reward ... ok

test result: ok. 1 passed; 0 failed; 0 ignored; 0 measured; 0 filtered out; finished in 8.34s

     Running tests\quest_icons.rs (C:\Users\Administrator\AppData\Local\Temp\mir2-trade-gold-simulation-20260908\x86_64-pc-windows-msvc\debug\deps\quest_icons-c9780795dd5971ef.exe)

running 1 test
test authoritative_npc_quest_icon_tracks_original_q1_accept_and_finish_roles ... ok

test result: ok. 1 passed; 0 failed; 0 ignored; 0 measured; 0 filtered out; finished in 14.62s

     Running tests\ranking.rs (C:\Users\Administrator\AppData\Local\Temp\mir2-trade-gold-simulation-20260908\x86_64-pc-windows-msvc\debug\deps\ranking-3b0b115e283a38cc.exe)

running 1 test
test get_ranking_returns_crystal_rankings_from_character_saves ... ok

test result: ok. 1 passed; 0 failed; 0 ignored; 0 measured; 0 filtered out; finished in 0.55s

     Running tests\refine_oven_custody.rs (C:\Users\Administrator\AppData\Local\Temp\mir2-trade-gold-simulation-20260908\x86_64-pc-windows-msvc\debug\deps\refine_oven_custody-a3698ca3955d04a7.exe)

running 10 tests
test collected_refinement_survives_reload_and_success_is_applied_only_once ... ok
test collecting_one_pending_weapon_does_not_block_a_second_oven_job ... ok
test forged_start_wrong_service_and_insufficient_gold_preserve_every_asset ... ok
test full_bag_collection_keeps_the_oven_target_until_retry ... ok
test legacy_pending_migrates_existing_target_and_missing_target_fails_closed ... ok
test malformed_clock_is_rejected_and_ready_flag_cannot_bypass_deadline ... ok
test malformed_or_duplicate_oven_targets_reject_restore_without_mutating_live_state ... ok
test ordinary_refine_removes_weapon_from_bag_until_npc_collection ... ok
test oven_roundtrip_reload_preserves_target_and_debits_fee_once ... ok
test zero_duration_auto_collects_but_check_requires_the_real_check_service ... ok

test result: ok. 10 passed; 0 failed; 0 ignored; 0 measured; 0 filtered out; finished in 15.71s

     Running tests\replica_recovery_config.rs (C:\Users\Administrator\AppData\Local\Temp\mir2-trade-gold-simulation-20260908\x86_64-pc-windows-msvc\debug\deps\replica_recovery_config-e0808bcc344a29d6.exe)

running 1 test
test replica_apply_cannot_write_authoritative_recovery_journal_until_promotion ... ok

test result: ok. 1 passed; 0 failed; 0 ignored; 0 measured; 0 filtered out; finished in 0.09s

     Running tests\save_failure_propagation.rs (C:\Users\Administrator\AppData\Local\Temp\mir2-trade-gold-simulation-20260908\x86_64-pc-windows-msvc\debug\deps\save_failure_propagation-feb7f44178077511.exe)

running 2 tests
test stale_save_reaches_world_runtime_and_blocks_leave_success ... ok
test successful_save_still_allows_logout_success ... ok

test result: ok. 2 passed; 0 failed; 0 ignored; 0 measured; 0 filtered out; finished in 2.50s

     Running tests\security_lifecycle.rs (C:\Users\Administrator\AppData\Local\Temp\mir2-trade-gold-simulation-20260908\x86_64-pc-windows-msvc\debug\deps\security_lifecycle-a779cacba2fdc097.exe)

running 20 tests
test abnormal_teardown_save_updates_the_crystal_select_roster_last_access ... ok
test commercial_identity_policy_rejects_weak_or_ambiguous_credentials ... ok
test debug_crystal_teleport_rejected_in_prod_path ... ok
test each_joined_player_has_unique_object_id ... ok
test logout_updates_the_crystal_select_roster_last_access ... ok
test move_to_rejected_for_player_path ... ok
test passkey_account_can_create_character_and_start_game ... ok
test password_accounts_are_written_as_argon2id_and_can_login ... ok
test production_player_wrapper_rejects_before_runtime_execution ... ok
test queued_potion_cannot_revive_a_dead_player_before_town_revive ... ok
test raw_passkey_login_rejected_for_player_path ... ok
test recovery_password_reset_rehashes_and_invalidates_the_previous_password ... ok
test stage5_command_rejected_for_player_path ... ok
test start_game_preserves_a_valid_full_map_transform_outside_the_starter_window ... ok
test start_game_recovers_an_out_of_bounds_legacy_revive_transform ... ok
test successful_legacy_plaintext_login_is_migrated_to_argon2id ... ok
test town_revive_from_field_changes_to_the_configured_bind_map ... ok
test unauthenticated_delete_character_rejected ... ok
test unauthenticated_new_character_rejected ... ok
test unauthenticated_start_game_rejected ... ok

test result: ok. 20 passed; 0 failed; 0 ignored; 0 measured; 0 filtered out; finished in 47.85s

     Running tests\shared_monster_armadillo_ai.rs (C:\Users\Administrator\AppData\Local\Temp\mir2-trade-gold-simulation-20260908\x86_64-pc-windows-msvc\debug\deps\shared_monster_armadillo_ai-67c0fe2798d46c5f.exe)

running 4 tests
test armadillo_all_six_roll_outcomes_preserve_original_delays_and_elder_push_only ... ok
test elder_push_blocks_movement_and_attack_for_500ms_across_checkpoint ... ok
test elder_push_owner_and_aoi_edges_receive_correct_surfaces ... ok
test occupied_first_push_tile_still_applies_the_500ms_action_lock ... ok

test result: ok. 4 passed; 0 failed; 0 ignored; 0 measured; 0 filtered out; finished in 0.26s

     Running tests\shared_monster_great_fox_ai.rs (C:\Users\Administrator\AppData\Local\Temp\mir2-trade-gold-simulation-20260908\x86_64-pc-windows-msvc\debug\deps\shared_monster_great_fox_ai-af0c8167eebcf013.exe)

running 9 tests
test dead_boss_and_deactivated_guardian_finish_already_cast_actions ... ok
test great_fox_damage_updates_shared_stage_and_death_deactivates_guardian ... ok
test great_fox_old_life_damage_is_cancelled_on_leave_and_same_id_join ... ok
test great_fox_ranged_attack_snapshots_shared_targets_and_resumes_pending_damage_once ... ok
test great_fox_recall_respects_magic_immunity_and_saves_authoritative_transform ... ok
test guardian_old_life_pending_cannot_transfer_to_rejoined_current_target ... ok
test guardian_pull_emits_every_step_faces_away_and_locks_owner_actions ... ok
test guardian_queues_each_ready_tick_and_checkpoint_preserves_each_completion ... ok
test recall_rebuilds_overlap_and_diffs_old_and_new_observers_and_owner_objects ... ok

test result: ok. 9 passed; 0 failed; 0 ignored; 0 measured; 0 filtered out; finished in 0.13s

     Running tests\shared_monster_node_ai.rs (C:\Users\Administrator\AppData\Local\Temp\mir2-trade-gold-simulation-20260908\x86_64-pc-windows-msvc\debug\deps\shared_monster_node_ai-38e96bd95a5236fc.exe)

running 2 tests
test node_attack_buff_affects_real_player_hit_and_expiry_restores_base_damage ... ok
test node_delayed_source_intersection_buffs_players_not_ordinary_wild_allies ... ok

test result: ok. 2 passed; 0 failed; 0 ignored; 0 measured; 0 filtered out; finished in 0.11s

     Running tests\shared_monster_passive_ai.rs (C:\Users\Administrator\AppData\Local\Temp\mir2-trade-gold-simulation-20260908\x86_64-pc-windows-msvc\debug\deps\shared_monster_passive_ai-3f52733f47a4d0b3.exe)

running 3 tests
test ordinary_deer_only_retaliates_after_a_real_hit ... ok
test saved_temperament_does_not_reroll_or_double_speed_discount_and_leaving_clears_target ... ok
test timid_deer_flees_direct_attacker_without_turning_hostile_and_respects_speed ... ok

test result: ok. 3 passed; 0 failed; 0 ignored; 0 measured; 0 filtered out; finished in 0.11s

     Running tests\shared_monster_reactive_ai.rs (C:\Users\Administrator\AppData\Local\Temp\mir2-trade-gold-simulation-20260908\x86_64-pc-windows-msvc\debug\deps\shared_monster_reactive_ai-61cb3c2df45ee2dc.exe)

running 9 tests
test axe_projectile_cannot_damage_a_rejoined_player_with_the_same_id ... ok
test axe_skeleton_retreats_before_shooting_and_broadcasts_the_same_move ... ok
test blocked_approach_rotates_to_a_free_tile_and_starts_the_attack_window ... ok
test blocked_retreat_tries_a_free_direction_instead_of_overlapping_or_attacking ... ok
test fear_expiry_is_strict_and_checkpoint_does_not_restart_the_window ... ok
test red_fox_adjacent_teleport_uses_effect_two_and_persists_ten_second_cooldown ... ok
test white_fox_full_poison_resistance_blocks_slow_without_replacing_it_with_damage ... ok
test white_fox_old_life_slow_is_cancelled_before_same_id_rejoin ... ok
test white_fox_slow_is_delayed_non_damage_and_checkpoint_replays_one_cast ... ok

test result: ok. 9 passed; 0 failed; 0 ignored; 0 measured; 0 filtered out; finished in 0.11s

     Running tests\shared_monster_revival_ai.rs (C:\Users\Administrator\AppData\Local\Temp\mir2-trade-gold-simulation-20260908\x86_64-pc-windows-msvc\debug\deps\shared_monster_revival_ai-27597d3ce5a7fc93.exe)

running 7 tests
test checkpointed_dead_zombie_replays_one_revival_without_reroll_or_second_reward ... ok
test expired_corpse_is_removed_before_overdue_revival_after_long_offline_interval ... ok
test final_death_clears_poison_from_body_and_late_observer_snapshot_once ... ok
test personal_spawn_refresh_cannot_replace_a_pending_self_revival_without_respawn_policy ... ok
test random_zero_one_or_two_revivals_scale_each_life_and_reward_independently ... ok
test revival_delay_includes_four_and_twenty_three_seconds_without_fixed_count ... ok
test revival_discards_prior_life_control_deadline_and_retained_poison ... ok

test result: ok. 7 passed; 0 failed; 0 ignored; 0 measured; 0 filtered out; finished in 3.81s

     Running tests\shared_monster_shinsu_ai.rs (C:\Users\Administrator\AppData\Local\Temp\mir2-trade-gold-simulation-20260908\x86_64-pc-windows-msvc\debug\deps\shared_monster_shinsu_ai-0ea7b8ff595e091c.exe)

running 4 tests
test owned_shinsu_transforms_then_hits_both_line_cells_at_550_and_600ms ... ok
test shinsu_ignores_friendly_line_cell_but_damages_hostile_second_cell ... ok
test shinsu_line_uses_impact_armour_and_owner_disconnect_cancels_pending_hit ... ok
test shinsu_returns_to_small_visible_form_only_after_thirty_seconds_without_target ... ok

test result: ok. 4 passed; 0 failed; 0 ignored; 0 measured; 0 filtered out; finished in 0.10s

     Running tests\shared_monster_sleep_ai.rs (C:\Users\Administrator\AppData\Local\Temp\mir2-trade-gold-simulation-20260908\x86_64-pc-windows-msvc\debug\deps\shared_monster_sleep_ai-d7a00357dcb13b15.exe)

running 5 tests
test frost_tiger_does_not_aggro_nearby_players_and_sits_until_attacked ... ok
test sleeping_and_awakened_statue_remain_alive_for_late_observers_after_checkpoint ... ok
test sleeping_statue_ignores_stale_harvest_remove_and_ai_metadata ... ok
test statue_checkpoint_preserves_sleep_and_wakes_strictly_after_fifteen_minutes ... ok
test statue_lethal_damage_sleeps_without_kill_rewards_and_metadata_cannot_wake_it ... ok

test result: ok. 5 passed; 0 failed; 0 ignored; 0 measured; 0 filtered out; finished in 0.12s

     Running tests\shared_monster_special_ai.rs (C:\Users\Administrator\AppData\Local\Temp\mir2-trade-gold-simulation-20260908\x86_64-pc-windows-msvc\debug\deps\shared_monster_special_ai-d5f4abab6ffcf0a5.exe)

running 4 tests
test ordinary_monster_does_not_acquire_wooma_state_or_rage_speeds ... ok
test wooma_checkpoint_preserves_rage_phase_and_does_not_retrigger_for_unchanged_hp ... ok
test wooma_hp_stage_uses_crystal_rage_speeds_and_expires_strictly_after_eight_seconds ... ok
test wooma_surrounded_teleport_reconciles_two_observers_without_fake_walk_or_duplicate_tick ... ok

test result: ok. 4 passed; 0 failed; 0 ignored; 0 measured; 0 filtered out; finished in 0.13s

     Running tests\shared_monster_spider_ai.rs (C:\Users\Administrator\AppData\Local\Temp\mir2-trade-gold-simulation-20260908\x86_64-pc-windows-msvc\debug\deps\shared_monster_spider_ai-35a07718ec871383.exe)

running 13 tests
test adjacent_spider_dies_then_explodes_once_at_500ms_for_both_observers ... ok
test damaged_spider_suicide_credits_owner_once_but_expired_tag_does_not ... ok
test explosion_uses_impact_positions_and_never_hits_outside_radius_one ... ok
test five_minute_lifetime_is_strict_and_survives_blocked_movement ... ok
test full_poison_resistance_blocks_explosion_poison_while_damage_still_lands ... ok
test missing_target_triggers_death_and_corpse_expires_without_resurrection ... ok
test ordinary_monster_has_no_spider_lifecycle_state ... ok
test pending_explosion_checkpoint_replays_identical_damage_and_never_reexecutes ... ok
test player_kill_awards_drops_once_and_personal_refresh_cannot_cancel_pending_explosion ... ok
test root_children_keep_independent_drop_rolls_and_reward_only_their_actual_deaths ... ok
test root_pending_spawn_survives_producer_death_refresh_and_checkpoint_exactly_once ... ok
test root_spider_summons_one_shared_child_after_500ms_with_source_relationship_and_cadence ... ok
test root_twenty_live_child_cap_survives_repeated_ticks_and_replenishes_a_dead_child ... ok

test result: ok. 13 passed; 0 failed; 0 ignored; 0 measured; 0 filtered out; finished in 1.61s

     Running tests\shared_monster_stage_summons.rs (C:\Users\Administrator\AppData\Local\Temp\mir2-trade-gold-simulation-20260908\x86_64-pc-windows-msvc\debug\deps\shared_monster_stage_summons-5947af48560521bb.exe)

running 3 tests
test bone_requires_a_living_visible_target_but_zuma_does_not ... ok
test bone_wave_is_one_shared_batch_with_parent_target_and_two_second_startup ... ok
test checkpoint_keeps_exact_wave_identity_without_replaying_spawn_or_shortening_startup ... ok

test result: ok. 3 passed; 0 failed; 0 ignored; 0 measured; 0 filtered out; finished in 1.67s

     Running tests\shared_monster_thunder_ai.rs (C:\Users\Administrator\AppData\Local\Temp\mir2-trade-gold-simulation-20260908\x86_64-pc-windows-msvc\debug\deps\shared_monster_thunder_ai-cd77ef60689161ae.exe)

running 3 tests
test successful_repulsion_can_kill_thunder_and_rewards_exactly_once ... ok
test thunder_burst_is_delayed_shared_aoe_and_checkpoint_resumes_once ... ok
test thunder_rejects_ordinary_lethal_damage_without_a_reward ... ok

test result: ok. 3 passed; 0 failed; 0 ignored; 0 measured; 0 filtered out; finished in 0.12s

     Running tests\shared_monster_town_archer_ai.rs (C:\Users\Administrator\AppData\Local\Temp\mir2-trade-gold-simulation-20260908\x86_64-pc-windows-msvc\debug\deps\shared_monster_town_archer_ai-a9848b6074c12c6d.exe)

running 3 tests
test town_archer_pk_threshold_fear_window_projectile_damage_and_checkpoint ... ok
test town_archer_projectile_respects_impact_armour_and_disconnect ... ok
test town_archer_retains_target_to_ten_tiles_then_returns_home_direction ... ok

test result: ok. 3 passed; 0 failed; 0 ignored; 0 measured; 0 filtered out; finished in 0.12s

     Running tests\shared_monster_trap_rock_ai.rs (C:\Users\Administrator\AppData\Local\Temp\mir2-trade-gold-simulation-20260908\x86_64-pc-windows-msvc\debug\deps\shared_monster_trap_rock_ai-4263ed12287e22a4.exe)

running 1 test
test trap_rock_delayed_ring_has_no_damage_and_first_parent_hit_kills_group ... ok

test result: ok. 1 passed; 0 failed; 0 ignored; 0 measured; 0 filtered out; finished in 0.10s

     Running tests\shared_monster_visibility_ai.rs (C:\Users\Administrator\AppData\Local\Temp\mir2-trade-gold-simulation-20260908\x86_64-pc-windows-msvc\debug\deps\shared_monster_visibility_ai-f6e5b093f337e693.exe)

running 8 tests
test all_supported_stone_families_start_visible_and_unawake ... ok
test centipede_keeps_seven_tile_visibility_and_plants_hide_on_strict_deadline ... ok
test dig_out_families_reveal_once_with_original_delayed_persistent_ground_effect ... ok
test hidden_plants_have_no_spawn_until_shared_player_proximity_reveals_once ... ok
test lion_roar_cannot_control_stone_before_wake ... ok
test personal_broadcast_cannot_restone_awakened_zuma_or_expose_hidden_plant ... ok
test poison_cloud_cannot_poison_hidden_or_stoned_monster ... ok
test stone_zuma_visible_at_spawn_and_wake_wave_does_not_recurse ... ok

test result: ok. 8 passed; 0 failed; 0 ignored; 0 measured; 0 filtered out; finished in 0.13s

     Running tests\shared_trade_completion.rs (C:\Users\Administrator\AppData\Local\Temp\mir2-trade-gold-simulation-20260908\x86_64-pc-windows-msvc\debug\deps\shared_trade_completion-83f60a8f0988383a.exe)

running 6 tests
test delivery_and_rollback_are_owned_by_the_current_prepared_exchange ... ok
test durable_completion_is_after_saved_delivery_once_for_live_legacy_and_pretrade_states ... ok
test empty_preparation_still_returns_an_offer_and_finishes_only_on_delivery ... ok
test invalid_offer_identity_or_slots_cannot_prepare_or_charge_gold ... ok
test personal_confirmation_is_only_a_lock_and_can_be_unlocked ... ok
test shared_preparation_is_not_completion_and_cannot_be_debited_twice ... ok

test result: ok. 6 passed; 0 failed; 0 ignored; 0 measured; 0 filtered out; finished in 12.10s

     Running tests\shared_trade_gold.rs (C:\Users\Administrator\AppData\Local\Temp\mir2-trade-gold-simulation-20260908\x86_64-pc-windows-msvc\debug\deps\shared_trade_gold-4c8c76727cc8218f.exe)

running 12 tests
test cancel_decline_and_highlevel_cancel_refund_once ... ok
test cancellation_and_prepared_refund_fail_closed_over_wallet_cap ... ok
test cumulative_offer_overflow_with_available_wallet_unlocks_without_debit ... ok
test held_funds_cannot_be_overwritten_or_charged_by_highlevel_adapters ... ok
test invalid_edit_unlocks_without_changing_wallet_or_custody ... ok
test legacy_unprepared_offer_only_charges_outstanding_gold_at_preparation ... ok
test malformed_explicit_custody_is_rejected_on_restore ... ok
test mixed_prepared_rollback_full_bag_retains_custody_until_retry ... ok
test older_editable_checkpoint_projects_only_missing_gold_and_retains_item_debit_independence ... ok
test positive_deltas_immediately_debit_and_publish_cumulative_offer ... ok
test prepared_edits_and_orphan_refunds_cannot_release_coordinator_custody ... ok
test saved_full_wallet_hold_is_not_reseeded_or_automatically_refunded ... ok

test result: ok. 12 passed; 0 failed; 0 ignored; 0 measured; 0 filtered out; finished in 14.83s

     Running tests\shared_zone.rs (C:\Users\Administrator\AppData\Local\Temp\mir2-trade-gold-simulation-20260908\x86_64-pc-windows-msvc\debug\deps\shared_zone-f32daa38cdb6368b.exe)

running 204 tests
test aoi_grid_players_far_apart_do_not_see_each_other ... ok
test aoi_grid_relocates_moving_shared_monster_before_visibility_diff ... ok
test aoi_grid_walking_into_range_triggers_appearance ... ok
test buffered_walk_run_reverse_chain_waits_for_real_ready_ticks ... ok
test call_npc_packet_opens_runtime_npc_dialog ... ok
test conquest_archer_guard_ignores_defender_guild_and_attacks_enemy_guild ... ok
test continuous_run_extends_run_grace_after_successful_run ... ok
test detached_ground_drop_claim_survives_session_leave_and_restores_once ... ok
test each_joined_player_has_unique_object_id ... ok
test harvest_admission_is_trusted_and_fail_closed ... ok
test harvested_deer_late_join_still_waits_for_wall_clock_due ... ok
test high_frequency_input_keeps_latest_crystal_movement_intent ... ok
test interaction_boundary_cancels_queued_movement_without_moving_the_player ... ok
test late_join_sync_cannot_respawn_scheduled_corpse_before_zone_due ... ok
test later_joiner_receives_rebased_player_buffs_in_object_player ... ok
test later_joiner_receives_retained_zone_object_spawns ... ok
test later_joiners_receive_player_hidden_dead_and_effect_state ... ok
test later_joiners_receive_retained_player_visual_status ... ok
test level50_taoist_control_debuff_and_revelation_paths_are_shared ... ok
test level50_taoist_purification_clears_shared_poison_and_curse_state ... ok
test level50_taoist_support_spells_apply_to_shared_friendly_targets ... ok
test level50_warrior_entrapment_pulls_and_counterattack_closes_shared_combat_loop ... ok
test level50_warrior_melee_skills_keep_crystal_range_shapes_and_hit_timing ... ok
test level50_wizard_ground_and_direction_spell_families_hit_crystal_shapes ... ok
test level50_wizard_relocation_clone_and_self_buffs_are_zone_authoritative ... ok
test level50_wizard_single_target_specializations_keep_control_and_monster_rules ... ok
test level50_wizard_vampirism_damages_and_heals_through_shared_authority ... ok
test living_native_monster_blocks_player_walk_into_its_tile ... ok
test living_native_monsters_do_not_walk_onto_the_same_tile ... ok
test materialized_melee_rejection_is_atomic_and_allowed_attack_commits ... ok
test materialized_range_refresh_rejects_stale_readiness_before_spawn ... ok
test materialized_range_rejects_neutral_ai_atomically ... ok
test mounted_player_run_moves_three_tiles_and_broadcasts_object_run ... ok
test mounted_player_walk_uses_the_same_crystal_server_delay ... ok
test mounted_run_checks_third_tile_before_moving ... ok
test movement_input_after_ready_acknowledges_without_waiting_for_world_tick ... ok
test npc_teleport_discards_movement_intent_queued_before_commit ... ok
test npc_teleport_enabled_fixture_commits_exact_front_and_refreshes_observers ... ok
test npc_teleport_real_disabled_policy_is_silent_and_mutates_nothing ... ok
test npc_teleport_rejections_preserve_transform_for_missing_ineligible_low_gold_and_occupied_front ... ok
test npc_teleport_rollback_sync_restores_aoi_and_occupancy ... ok
test observer_actions_require_the_authenticated_owner_actor ... ok
test owner_leave_removes_owned_retained_zone_objects ... ok
test paused_swift_feet_does_not_extend_run_to_three_tiles ... ok
test player_a_leaves_player_b_receives_object_remove ... ok
test player_a_runs_player_b_receives_object_run ... ok
test player_a_turns_player_b_receives_object_turn ... ok
test player_a_walks_player_b_receives_object_walk ... ok
test player_action_packets_are_rewritten_and_broadcast_to_observers ... ok
test player_buff_mana_and_effect_packets_use_zone_object_id_for_observers ... ok
test player_drop_spawn_packets_are_broadcast_to_observers ... ok
test player_harvest_packets_use_zone_object_id_for_observers ... ok
test player_intelligent_creature_pickup_is_broadcast_to_observers ... ok
test player_late_status_packets_use_zone_object_id_for_observers ... ok
test player_magic_and_projectiles_use_zone_object_id_for_observers ... ok
test player_movement_diffs_retained_zone_object_visibility ... ok
test player_movement_skill_packets_use_zone_object_id_for_observers ... ok
test player_spawned_hero_and_npc_packets_are_broadcast_to_observers ... ok
test player_spawned_monster_packets_rebase_master_for_observers ... ok
test player_special_skill_state_packets_use_zone_object_id_for_observers ... ok
test ready_pending_run_is_consumed_at_real_arrival_before_followup_is_queued ... ok
test retained_dead_monster_does_not_block_player_walk ... ok
test retained_object_remove_clears_blocking_occupancy ... ok
test retained_zone_drops_expire_on_zone_tick ... ok
test retained_zone_npc_blocks_player_walk ... ok
test retained_zone_object_buff_payloads_are_replayed_for_late_joiner ... ok
test retained_zone_object_buffs_expire_for_observers_and_late_joiners ... ok
test retained_zone_object_harvested_before_spawn_keeps_late_spawn_dead ... ok
test retained_zone_object_harvested_is_canonical_for_late_joiners ... ok
test retained_zone_object_health_does_not_increase_from_stale_runtime_packet ... ok
test retained_zone_object_health_updates_for_late_joiner ... ok
test retained_zone_object_health_updates_when_entering_object_aoi ... ok
test retained_zone_object_mana_updates_for_late_joiner ... ok
test retained_zone_object_pickup_reaches_local_object_observer_without_visible_set ... ok
test retained_zone_object_remove_suppresses_late_join_spawn ... ok
test retained_zone_object_remove_uses_object_visibility_not_actor_aoi ... ok
test retained_zone_object_revive_before_spawn_suppresses_stale_dead_spawn ... ok
test retained_zone_object_revive_updates_existing_dead_object ... ok
test retained_zone_object_spawn_uses_object_aoi_not_actor_aoi ... ok
test retained_zone_object_state_updates_for_late_joiner ... ok
test retained_zone_object_zero_health_marks_dead_for_late_joiner ... ok
test run_checks_intermediate_tile ... ok
test run_from_standstill_degrades_to_walk ... ok
test run_received_inside_grace_survives_late_zone_tick ... ok
test run_step_expires_after_crystal_celltime_grace ... ok
test session_applies_shared_monster_snapshot_to_local_runtime ... ok
test session_materializes_missing_shared_deer_corpse_and_resets_it_on_respawn ... ok
test session_mirrors_zone_monster_death_until_explicit_revive ... ok
test session_resets_shared_deer_harvest_state_on_explicit_zone_revive ... ok
test shared_object_health_updates_retained_state_for_late_joiner ... ok
test shared_object_strike_rebases_local_self_results_to_zone_player ... ok
test shared_object_update_uses_zone_object_aoi_not_same_map ... ok
test stale_movement_intent_is_not_replayed ... ok
test stale_retained_zone_object_movement_and_vitals_after_death_are_suppressed ... ok
test stale_retained_zone_object_spawn_after_death_stays_dead ... ok
test stale_retained_zone_object_spawn_after_remove_is_suppressed ... ok
test swift_feet_run_moves_three_tiles_unless_sneaking ... ok
test synchronized_native_monsters_never_spawn_with_overlapping_hitboxes ... ok
test taoist_poison_item_shape_reaches_shared_zone_authority ... ok
test two_players_cannot_occupy_same_tile ... ok
test two_players_join_same_zone_see_each_other ... ok
test zero_health_before_retained_spawn_marks_late_spawn_dead ... ok
test zone_applies_player_movement_skill_transform_and_save ... ok
test zone_applies_user_location_action_transform_before_observer_effect ... ok
test zone_authoritative_attack_is_deterministic_across_runs ... ok
test zone_authoritative_damage_shared_hp_consistent_across_attackers ... ok
test zone_checkpoint_preserves_wall_clock_respawn_due_time ... ok
test zone_direct_and_materialized_melee_reject_neutral_monsters_atomically ... ok
test zone_expires_player_buffs_for_observers_and_late_joiners ... ok
test zone_explicit_disposition_overrides_ai0_for_direct_and_materialized_attacks ... ok
test zone_ground_drop_claim_blocks_non_owner_until_owner_window_expires ... ok
test zone_ground_drop_claim_cancel_restores_visibility ... ok
test zone_ground_drop_claim_commit_removes_for_late_joiners ... ok
test zone_ground_drop_countdown_changes_keep_generation_but_not_claim_identity ... ok
test zone_ground_drop_nearest_claim_filters_range_and_allowed_ids ... ok
test zone_ground_drop_object_id_claim_allows_adjacent_player_tile_only ... ok
test zone_ground_drop_owner_group_and_unowned_protection_follow_crystal_semantics ... ok
test zone_ground_drop_reclaim_uses_fresh_claim_id_and_stable_economic_key ... ok
test zone_ground_drop_ticket_prevents_aba_and_duplicate_followups ... ok
test zone_ground_drop_ticket_tampering_and_legacy_commands_fail_closed ... ok
test zone_group_chat_routes_declared_members ... ok
test zone_guild_chat_routes_same_guild ... ok
test zone_melee_enforces_fishing_and_authoritative_mount_attack_capability ... ok
test zone_melee_requires_trusted_dead_and_blocked_admission ... ok
test zone_movement_emits_save_transform ... ok
test zone_movement_writes_back_authoritative_transform_to_session ... ok
test zone_native_archer_stonetrap_spawns_static_trap_and_expires ... ok
test zone_native_archer_summon_snakes_spawns_static_totem_profile ... ok
test zone_native_archer_summon_toad_uses_ranged_pet_attack ... ok
test zone_native_archer_summon_vampire_spawns_at_target_and_recalls_existing_pet ... ok
test zone_native_charmed_snake_hit_applies_paralysis_poison ... ok
test zone_native_harvestable_monster_cannot_respawn_before_object_harvested ... ok
test zone_native_holy_deva_uses_ranged_summon_attack_against_hostile_monster ... ok
test zone_native_monster_combat_kill_and_drop_are_authoritative ... ok
test zone_native_monster_green_poison_does_not_block_movement ... ok
test zone_native_monster_melee_damage_is_data_driven_from_crystal_stats ... ok
test zone_native_monster_paralysis_blocks_movement_until_status_expires ... ok
test zone_native_monster_preserves_crystal_move_speed_in_real_milliseconds ... ok
test zone_native_monster_same_object_id_respawns_as_attackable_new_incarnation ... ok
test zone_native_monster_tick_attacks_adjacent_player_with_delayed_hit ... ok
test zone_native_monster_tick_walks_toward_visible_player ... ok
test zone_native_neutral_guards_do_not_follow_player ... ok
test zone_native_pet_enhancer_buffs_owned_summon_and_increases_damage ... ok
test zone_native_player_area_magic_damages_secondary_monsters_authoritatively ... ok
test zone_native_player_blizzard_family_spawns_ground_spell_and_ticks_damage ... ok
test zone_native_player_buff_stats_authoritatively_modify_damage_until_expiry ... ok
test zone_native_player_cripple_shot_consumes_poison_buff_and_spreads_green_poison ... ok
test zone_native_player_cripple_shot_consumes_vampire_buff_and_heals_owner ... ok
test zone_native_player_defence_buff_mitigates_monster_damage_until_expiry ... ok
test zone_native_player_explosive_trap_spawns_front_row_and_detonates_once ... ok
test zone_native_player_fire_bounce_cancels_when_target_moves_beyond_crystal_tolerance ... ok
test zone_native_player_fire_bounce_chains_projectiles_and_damage ... ok
test zone_native_player_firewall_accepts_targetless_ground_cast ... ok
test zone_native_player_firewall_spawns_ground_spell_and_ticks_damage ... ok
test zone_native_player_firewall_subtracts_monster_magic_armour ... ok
test zone_native_player_healing_circle_spawns_spell_and_heals_in_zone ... ok
test zone_native_player_healing_self_schedules_zone_heal ... ok
test zone_native_player_magic_control_stops_monster_ai_until_expiry ... ok
test zone_native_player_magic_damages_monster_and_projects_authoritatively ... ok
test zone_native_player_magic_respects_spell_action_window_across_spells ... ok
test zone_native_player_magic_shield_adds_zone_buff_and_mitigates_hits ... ok
test zone_native_player_magic_spends_mana_and_enforces_cooldown ... ok
test zone_native_player_magic_subtracts_monster_magic_armour ... ok
test zone_native_player_mass_healing_schedules_area_zone_heal ... ok
test zone_native_player_meteor_shower_damages_primary_and_secondary_monsters ... ok
test zone_native_player_poison_cloud_spawns_ground_spell_and_poisons_monsters ... ok
test zone_native_player_poison_shot_applies_visible_arrow_buff ... ok
test zone_native_player_poison_shot_ticks_green_damage_and_awards_kill ... ok
test zone_native_player_range_attack_damages_monster_authoritatively ... ok
test zone_native_player_range_attack_rejects_invalid_target ... ok
test zone_native_player_range_attack_respects_attack_action_window ... ok
test zone_native_player_summon_skeleton_recalls_existing_owned_summon_without_respawn ... ok
test zone_native_player_summon_skeleton_spawns_owned_friendly_summon_after_delay ... ok
test zone_native_player_trap_hexagon_roots_area_and_spawns_ring_objects ... ok
test zone_native_player_trap_spawns_object_and_roots_lower_level_monster ... ok
test zone_native_player_vampire_shot_heals_owner_through_zone_authority ... ok
test zone_native_ranged_monster_attacks_without_chasing_when_target_not_adjacent ... ok
test zone_native_snake_totem_caps_minions_and_respawns_after_minion_expiry ... ok
test zone_native_snake_totem_self_destruct_kills_owned_minions ... ok
test zone_native_stonetrap_draws_hostile_monster_aggro_without_player_damage ... ok
test zone_native_summon_attacks_hostile_monster_for_owner_without_hitting_players ... ok
test zone_native_summon_shinsu_spawns_owned_pet_and_attacks_hostile_monster ... ok
test zone_native_vampire_spider_explodes_on_expiry_and_vampires_nearby_target ... ok
test zone_native_vampire_spider_hit_bleeds_target_and_heals_owner ... ok
test zone_neutral_harvestable_monster_accepts_only_adjacent_melee ... ok
test zone_one_shot_map_shout_is_consumed_before_next_profile_sync ... ok
test zone_player_attack_armour_can_fully_block_authoritative_damage ... ok
test zone_player_attack_luck_biases_authoritative_damage_toward_max ... ok
test zone_player_attack_misses_evasive_monster_authoritatively ... ok
test zone_player_base_armour_mitigates_incoming_monster_melee ... ok
test zone_player_physical_armour_does_not_reduce_incoming_magic_damage ... ok
test zone_range_attack_requires_trusted_admission_and_enforces_nine_tile_boundary ... ok
test zone_recomputes_authoritative_magic_damage_ignoring_supplied_scalar ... ok
test zone_rejects_player_movement_skill_transform_into_occupied_tile ... ok
test zone_resolves_player_attack_damage_from_authoritative_stats ... ok
test zone_resolves_player_critical_hit_from_authoritative_stats ... ok
test zone_shout_applies_crystal_cooldown_and_position_macro ... ok
test zone_shout_level_gate_and_linked_item_text_match_crystal_surface ... ok
test zone_starter_armour_can_fully_block_scarecrow_damage ... ok
test zone_update_player_combat_stats_promotes_to_authoritative_damage ... ok
test zone_wall_clock_deer_respawn_waits_for_authoritative_harvest ... ok
test zone_wall_clock_respawn_is_emitted_once_for_two_observing_sessions ... ok
test zone_wall_clock_respawn_waits_for_every_crystal_harvest_ai ... ok
test zone_whisper_routes_sender_and_target_only ... ok

test result: ok. 204 passed; 0 failed; 0 ignored; 0 measured; 0 filtered out; finished in 4.71s

     Running tests\social_economy_integration.rs (C:\Users\Administrator\AppData\Local\Temp\mir2-trade-gold-simulation-20260908\x86_64-pc-windows-msvc\debug\deps\social_economy_integration-c087f4c0fb76acaa.exe)

running 3 tests
test mail_claim_exact_parcel_consumes_payload_and_persists_collected_state ... ok
test mail_claim_exact_parcel_silently_rolls_back_when_all_attachments_do_not_fit ... ok
test social_friend_and_blacklist_keep_crystal_single_entry_semantics ... ok

test result: ok. 3 passed; 0 failed; 0 ignored; 0 measured; 0 filtered out; finished in 7.15s

     Running tests\storage_request_id.rs (C:\Users\Administrator\AppData\Local\Temp\mir2-trade-gold-simulation-20260908\x86_64-pc-windows-msvc\debug\deps\storage_request_id-e579ae2a40ed9e2b.exe)

running 2 tests
test invalid_storage_request_id_fails_before_mutation ... ok
test storage_v2_echoes_exact_request_ids_for_ack_and_nack ... ok

test result: ok. 2 passed; 0 failed; 0 ignored; 0 measured; 0 filtered out; finished in 1.53s

     Running tests\user_item_uid_file.rs (C:\Users\Administrator\AppData\Local\Temp\mir2-trade-gold-simulation-20260908\x86_64-pc-windows-msvc\debug\deps\user_item_uid_file-e74b941def7880e8.exe)

running 17 tests
test concurrent_child_processes_share_the_file_authority ... 
running 1 test
test concurrent_child_processes_share_the_file_authority ... 
running 1 test
test concurrent_child_processes_share_the_file_authority ... 
running 1 test
test concurrent_child_processes_share_the_file_authority ... ok

test result: ok. 1 passed; 0 failed; 0 ignored; 0 measured; 16 filtered out; finished in 0.77s

ok

test result: ok. 1 passed; 0 failed; 0 ignored; 0 measured; 16 filtered out; finished in 0.78s

ok

test result: ok. 1 passed; 0 failed; 0 ignored; 0 measured; 16 filtered out; finished in 0.78s

ok
test concurrent_threads_issue_one_contiguous_set ... ok
test corrupt_truncated_and_unknown_state_fail_closed ... ok
test exhaustion_never_wraps_or_reuses_zero ... ok
test first_uid_is_one_and_restart_is_monotonic ... ok
test floor_raise_refuses_generation_overflow_without_mutation ... ok
test initialize_new_refuses_existing_state ... ok
test missing_state_after_initialization_fails_closed ... ok
test nonzero_initial_floor_issues_floor_plus_one ... ok
test open_existing_refuses_missing_state ... ok
test parent_directory_components_are_rejected ... ok
test raise_floor_is_monotonic_durable_and_restart_safe ... ok
test replacing_authority_directory_is_detected_fail_closed ... ok
test replacing_lock_file_is_detected_fail_closed ... ok
test symbolic_link_state_is_never_followed ... ok
test windows_file_id_info_detects_recreated_lock_identity ... ok
test windows_rejects_unc_verbatim_unc_and_device_paths_before_io ... ok

test result: ok. 17 passed; 0 failed; 0 ignored; 0 measured; 0 filtered out; finished in 5.62s

     Running tests\vertical_slice.rs (C:\Users\Administrator\AppData\Local\Temp\mir2-trade-gold-simulation-20260908\x86_64-pc-windows-msvc\debug\deps\vertical_slice-b95d0a1a99fee164.exe)

running 13 tests
test all_five_classes_have_a_basic_skill_and_combat_loop ... ok
test all_five_crystal_classes_create_and_enter_bichon ... ok
test bichon_starter_npc_monster_quest_drop_and_level_loop_closes ... ok
test five_classes_cover_level_1_to_20_core_skill_matrix ... ok
test original_bichon_fresh_warrior_reaches_level_six_through_quests_1_to_9 ... ok
test original_deer_harvest_q_drop_advances_quest_four ... ok
test original_fresh_warrior_can_hunt_a_deer_with_starter_stats ... ok
test original_level_four_archer_completes_quests_19_to_21_and_reloads ... ok
test original_level_four_assassin_completes_quests_16_to_18_and_reloads ... ok
test original_level_four_taoist_completes_quests_13_to_15_and_reloads ... ok
test original_level_four_wizard_completes_quests_10_to_12_and_reloads ... ok
test platinum_classes_create_with_filtered_crystal_start_items ... ok
test shared_multiplayer_presence_movement_chat_and_drop_ownership_are_stable ... ok

test result: ok. 13 passed; 0 failed; 0 ignored; 0 measured; 0 filtered out; finished in 1289.69s

     Running tests\yin_devil_node.rs (C:\Users\Administrator\AppData\Local\Temp\mir2-trade-gold-simulation-20260908\x86_64-pc-windows-msvc\debug\deps\yin_devil_node-88250ad036459530.exe)

running 2 tests
test yin_devil_node_never_forges_a_monster_target_buff ... ok
test yin_devil_node_stays_immobile_and_emits_support_attack ... ok

test result: ok. 2 passed; 0 failed; 0 ignored; 0 measured; 0 filtered out; finished in 1.75s

     Running tests\zone_replay.rs (C:\Users\Administrator\AppData\Local\Temp\mir2-trade-gold-simulation-20260908\x86_64-pc-windows-msvc\debug\deps\zone_replay-fcdc884caab657d2.exe)

running 8 tests
test independent_processes_match_for_ten_thousand_ticks ... ok
test one_hundred_replays_produce_the_same_commitments ... ok
test promoted_standby_rebases_fencing_epoch_and_continues_deterministically ... ok
test replay_rejects_missing_duplicate_and_regressed_inputs ... ok
test standby_accepts_monotonic_checkpoints_and_rejects_stale_or_conflicting_state ... ok
test standby_rejects_corrupted_replica_checkpoint_before_install ... ok
test tampered_checkpoint_is_rejected ... ok
test ten_thousand_tick_checkpoint_restore_matches_uninterrupted_replay ... ok

test result: ok. 8 passed; 0 failed; 0 ignored; 0 measured; 0 filtered out; finished in 51.00s

   Doc-tests mir2_simulation

running 0 tests

test result: ok. 0 passed; 0 failed; 0 ignored; 0 measured; 0 filtered out; finished in 0.00s

