    Blocking waiting for file lock on package cache
    Blocking waiting for file lock on package cache
    Blocking waiting for file lock on package cache
   Compiling mir2-protocol v0.1.0 (C:\Users\Administrator\.codex\worktrees\native-shop-lifecycle-r9\mir2-player-journey\mir2-web3\packages\protocol)
   Compiling mir2-client-core v0.1.0 (C:\Users\Administrator\.codex\worktrees\native-shop-lifecycle-r9\mir2-player-journey\mir2-web3\apps\game-client\client-core)
   Compiling mir2-platform-windows v0.1.0 (C:\Users\Administrator\.codex\worktrees\native-shop-lifecycle-r9\mir2-player-journey\mir2-web3\apps\game-client\platform-windows)
   Compiling mir2-ui-core v0.1.0 (C:\Users\Administrator\.codex\worktrees\native-shop-lifecycle-r9\mir2-player-journey\mir2-web3\apps\game-client\ui-core)
   Compiling mir2-game-data v0.1.0 (C:\Users\Administrator\.codex\worktrees\native-shop-lifecycle-r9\mir2-player-journey\mir2-web3\packages\game-data)
   Compiling mir2-client-bevy v0.1.0 (C:\Users\Administrator\.codex\worktrees\native-shop-lifecycle-r9\mir2-player-journey\mir2-web3\apps\game-client\client-bevy)
warning: unnecessary parentheses around function argument
   --> C:\Users\Administrator\.codex\worktrees\native-shop-lifecycle-r9\mir2-player-journey\mir2-web3\apps\game-client\client-bevy\src\crystal_ui\hero_dialog_render.rs:210:21
    |
210 |                     (32. / 3.),
    |                     ^        ^
    |
    = note: `#[warn(unused_parens)]` (part of `#[warn(unused)]`) on by default
help: remove these parentheses
    |
210 -                     (32. / 3.),
210 +                     32. / 3. ,
    |

warning: unnecessary parentheses around function argument
   --> C:\Users\Administrator\.codex\worktrees\native-shop-lifecycle-r9\mir2-player-journey\mir2-web3\apps\game-client\client-bevy\src\crystal_ui\hero_dialog_render.rs:414:29
    |
414 | ...                   (32. / 3.),
    |                       ^        ^
    |
help: remove these parentheses
    |
414 -                             (32. / 3.),
414 +                             32. / 3. ,
    |

warning: unnecessary parentheses around function argument
   --> C:\Users\Administrator\.codex\worktrees\native-shop-lifecycle-r9\mir2-player-journey\mir2-web3\apps\game-client\client-bevy\src\crystal_ui\hero_dialog_render.rs:421:29
    |
421 | ...                   (32. / 3.),
    |                       ^        ^
    |
help: remove these parentheses
    |
421 -                             (32. / 3.),
421 +                             32. / 3. ,
    |

warning: unnecessary parentheses around function argument
   --> C:\Users\Administrator\.codex\worktrees\native-shop-lifecycle-r9\mir2-player-journey\mir2-web3\apps\game-client\client-bevy\src\crystal_ui\hero_dialog_render.rs:476:25
    |
476 |                         (32. / 3.),
    |                         ^        ^
    |
help: remove these parentheses
    |
476 -                         (32. / 3.),
476 +                         32. / 3. ,
    |

warning: unnecessary parentheses around function argument
   --> C:\Users\Administrator\.codex\worktrees\native-shop-lifecycle-r9\mir2-player-journey\mir2-web3\apps\game-client\client-bevy\src\crystal_ui\hero_dialog_render.rs:695:33
    |
695 | ...                   (32. / 3.),
    |                       ^        ^
    |
help: remove these parentheses
    |
695 -                                 (32. / 3.),
695 +                                 32. / 3. ,
    |

warning: unnecessary parentheses around function argument
   --> C:\Users\Administrator\.codex\worktrees\native-shop-lifecycle-r9\mir2-player-journey\mir2-web3\apps\game-client\client-bevy\src\crystal_ui\hero_dialog_render.rs:702:33
    |
702 | ...                   (32. / 3.),
    |                       ^        ^
    |
help: remove these parentheses
    |
702 -                                 (32. / 3.),
702 +                                 32. / 3. ,
    |

warning: unnecessary parentheses around function argument
   --> C:\Users\Administrator\.codex\worktrees\native-shop-lifecycle-r9\mir2-player-journey\mir2-web3\apps\game-client\client-bevy\src\crystal_ui\hero_dialog_render.rs:715:33
    |
715 | ...                   (32. / 3.),
    |                       ^        ^
    |
help: remove these parentheses
    |
715 -                                 (32. / 3.),
715 +                                 32. / 3. ,
    |

warning: unnecessary parentheses around function argument
   --> C:\Users\Administrator\.codex\worktrees\native-shop-lifecycle-r9\mir2-player-journey\mir2-web3\apps\game-client\client-bevy\src\crystal_ui\hero_dialog_render.rs:727:33
    |
727 | ...                   (32. / 3.),
    |                       ^        ^
    |
help: remove these parentheses
    |
727 -                                 (32. / 3.),
727 +                                 32. / 3. ,
    |

warning: unnecessary parentheses around function argument
   --> C:\Users\Administrator\.codex\worktrees\native-shop-lifecycle-r9\mir2-player-journey\mir2-web3\apps\game-client\client-bevy\src\crystal_ui\hero_dialog_render.rs:831:29
    |
831 | ...                   (32. / 3.),
    |                       ^        ^
    |
help: remove these parentheses
    |
831 -                             (32. / 3.),
831 +                             32. / 3. ,
    |

warning: unused imports: `GAME_SHOP_QUANTITY_MAX` and `GAME_SHOP_QUANTITY_MIN`
  --> C:\Users\Administrator\.codex\worktrees\native-shop-lifecycle-r9\mir2-player-journey\mir2-web3\apps\game-client\client-bevy\src\crystal_ui\overlays.rs:46:58
   |
46 |     GameShopModel, GameShopPaymentType, GameShopRequest, GAME_SHOP_QUANTITY_MAX,
   |                                                          ^^^^^^^^^^^^^^^^^^^^^^
47 |     GAME_SHOP_QUANTITY_MIN,
   |     ^^^^^^^^^^^^^^^^^^^^^^
   |
   = note: `#[warn(unused_imports)]` (part of `#[warn(unused)]`) on by default

warning: unused import: `item_icon_path`
  --> C:\Users\Administrator\.codex\worktrees\native-shop-lifecycle-r9\mir2-player-journey\mir2-web3\apps\game-client\client-bevy\src\crystal_ui\overlays.rs:49:51
   |
49 | use crate::inventory::{concrete_item_image_index, item_icon_path, InventoryModel, ItemModel};
   |                                                   ^^^^^^^^^^^^^^

warning: unused import: `shop_buy_enabled`
  --> C:\Users\Administrator\.codex\worktrees\native-shop-lifecycle-r9\mir2-player-journey\mir2-web3\apps\game-client\client-bevy\src\crystal_ui\overlays.rs:67:5
   |
67 |     shop_buy_enabled, shop_buy_enabled_with_pearls, shop_quantity_clamped, shop_quantity_dec,
   |     ^^^^^^^^^^^^^^^^

warning: unused import: `persist_skill_bindings_if_changed`
  --> C:\Users\Administrator\.codex\worktrees\native-shop-lifecycle-r9\mir2-player-journey\mir2-web3\apps\game-client\client-bevy\src\crystal_ui\overlays.rs:72:5
   |
72 |     persist_skill_bindings_if_changed, SkillBindingPersistenceRuntime,
   |     ^^^^^^^^^^^^^^^^^^^^^^^^^^^^^^^^^

warning: unused imports: `storage_remove_password_enabled`, `storage_set_password_enabled`, and `storage_unlock_enabled`
  --> C:\Users\Administrator\.codex\worktrees\native-shop-lifecycle-r9\mir2-player-journey\mir2-web3\apps\game-client\client-bevy\src\crystal_ui\overlays.rs:78:5
   |
78 |     storage_remove_password_enabled, storage_set_password_enabled, storage_unlock_enabled,
   |     ^^^^^^^^^^^^^^^^^^^^^^^^^^^^^^^  ^^^^^^^^^^^^^^^^^^^^^^^^^^^^  ^^^^^^^^^^^^^^^^^^^^^^

warning: unused imports: `GAME_SHOP_CELL_SIZE`, `GAME_SHOP_COLUMN_STEP`, `GAME_SHOP_GRID_ORIGIN`, `GAME_SHOP_PAGE_COLUMNS`, `GAME_SHOP_ROW_STEP`, and `SKILL_ROW_SIZE`
   --> C:\Users\Administrator\.codex\worktrees\native-shop-lifecycle-r9\mir2-player-journey\mir2-web3\apps\game-client\client-bevy\src\crystal_ui\overlays.rs:114:5
    |
114 |     GAME_SHOP_CELL_SIZE, GAME_SHOP_COLUMN_STEP, GAME_SHOP_GRID_ORIGIN, GAME_SHOP_PAGE_COLUMNS,
    |     ^^^^^^^^^^^^^^^^^^^  ^^^^^^^^^^^^^^^^^^^^^  ^^^^^^^^^^^^^^^^^^^^^  ^^^^^^^^^^^^^^^^^^^^^^
115 |     GAME_SHOP_PAGE_SIZE as CRYSTAL_GAME_SHOP_PAGE_SIZE, GAME_SHOP_PANEL_SIZE, GAME_SHOP_ROW_STEP,
    |                                                                               ^^^^^^^^^^^^^^^^^^
...
122 |     SKILL_PAGE_SIZE, SKILL_PANEL_SIZE, SKILL_ROW_ORIGIN, SKILL_ROW_SIZE,
    |                                                          ^^^^^^^^^^^^^^

warning: unnecessary parentheses around method argument
   --> C:\Users\Administrator\.codex\worktrees\native-shop-lifecycle-r9\mir2-player-journey\mir2-web3\apps\game-client\client-bevy\src\crystal_ui\social_bond_dialog_render.rs:191:21
    |
191 |                     (Node {
    |                     ^
...
200 |                     }),
    |                      ^
    |
help: remove these parentheses
    |
191 ~                     Node {
192 |                         position_type: PositionType::Absolute,
...
199 |                         ..default()
200 ~                     } ,
    |

warning: unnecessary parentheses around `if` condition
    --> C:\Users\Administrator\.codex\worktrees\native-shop-lifecycle-r9\mir2-player-journey\mir2-web3\apps\game-client\client-bevy\src\crystal_ui\overlays.rs:7628:8
     |
7628 |     if (keyboard_dialog::host::triggered(&state.keyboard, &keys, "Inventory")
     |        ^
7629 |         || keyboard_dialog::host::triggered(&state.keyboard, &keys, "Inventory2"))
     |                                                                                  ^
     |
help: remove these parentheses
     |
7628 ~     if keyboard_dialog::host::triggered(&state.keyboard, &keys, "Inventory")
7629 ~         || keyboard_dialog::host::triggered(&state.keyboard, &keys, "Inventory2")
     |

warning: variable does not need to be mutable
    --> C:\Users\Administrator\.codex\worktrees\native-shop-lifecycle-r9\mir2-player-journey\mir2-web3\apps\game-client\client-bevy\src\crystal_ui\overlays.rs:1180:5
     |
1180 |     mut pending: ResMut<PendingOperations>,
     |     ----^^^^^^^
     |     |
     |     help: remove this `mut`
     |
     = note: `#[warn(unused_mut)]` (part of `#[warn(unused)]`) on by default

warning: variable does not need to be mutable
    --> C:\Users\Administrator\.codex\worktrees\native-shop-lifecycle-r9\mir2-player-journey\mir2-web3\apps\game-client\client-bevy\src\crystal_ui\overlays.rs:6761:17
     |
6761 |         skills: mut skills,
     |                 ----^^^^^^
     |                 |
     |                 help: remove this `mut`

warning: variable does not need to be mutable
    --> C:\Users\Administrator\.codex\worktrees\native-shop-lifecycle-r9\mir2-player-journey\mir2-web3\apps\game-client\client-bevy\src\crystal_ui\overlays.rs:6762:28
     |
6762 |         skill_persistence: mut skill_persistence,
     |                            ----^^^^^^^^^^^^^^^^^
     |                            |
     |                            help: remove this `mut`

warning: unused variable: `skill_persistence`
    --> C:\Users\Administrator\.codex\worktrees\native-shop-lifecycle-r9\mir2-player-journey\mir2-web3\apps\game-client\client-bevy\src\crystal_ui\overlays.rs:6762:28
     |
6762 |         skill_persistence: mut skill_persistence,
     |                            ^^^^^^^^^^^^^^^^^^^^^ help: if this is intentional, prefix it with an underscore: `_skill_persistence`
     |
     = note: `#[warn(unused_variables)]` (part of `#[warn(unused)]`) on by default

warning: unused variable: `social`
    --> C:\Users\Administrator\.codex\worktrees\native-shop-lifecycle-r9\mir2-player-journey\mir2-web3\apps\game-client\client-bevy\src\crystal_ui\overlays.rs:7197:18
     |
7197 |         let Some(social) = social.as_deref_mut() else {
     |                  ^^^^^^ help: if this is intentional, prefix it with an underscore: `_social`

warning: variable does not need to be mutable
    --> C:\Users\Administrator\.codex\worktrees\native-shop-lifecycle-r9\mir2-player-journey\mir2-web3\apps\game-client\client-bevy\src\crystal_ui\overlays.rs:7881:25
     |
7881 |                 skills: mut skills,
     |                         ----^^^^^^
     |                         |
     |                         help: remove this `mut`

warning: variable does not need to be mutable
    --> C:\Users\Administrator\.codex\worktrees\native-shop-lifecycle-r9\mir2-player-journey\mir2-web3\apps\game-client\client-bevy\src\crystal_ui\overlays.rs:7882:36
     |
7882 |                 skill_persistence: mut skill_persistence,
     |                                    ----^^^^^^^^^^^^^^^^^
     |                                    |
     |                                    help: remove this `mut`

warning: unused variable: `combat_target`
    --> C:\Users\Administrator\.codex\worktrees\native-shop-lifecycle-r9\mir2-player-journey\mir2-web3\apps\game-client\client-bevy\src\crystal_ui\overlays.rs:7866:5
     |
7866 |     combat_target: Option<Res<crate::quest_model::CombatTargetModel>>,
     |     ^^^^^^^^^^^^^ help: if this is intentional, prefix it with an underscore: `_combat_target`

warning: unused variable: `skill_persistence`
    --> C:\Users\Administrator\.codex\worktrees\native-shop-lifecycle-r9\mir2-player-journey\mir2-web3\apps\game-client\client-bevy\src\crystal_ui\overlays.rs:7882:36
     |
7882 |                 skill_persistence: mut skill_persistence,
     |                                    ^^^^^^^^^^^^^^^^^^^^^ help: if this is intentional, prefix it with an underscore: `_skill_persistence`

warning: unused variable: `skill_binding`
     --> C:\Users\Administrator\.codex\worktrees\native-shop-lifecycle-r9\mir2-player-journey\mir2-web3\apps\game-client\client-bevy\src\crystal_ui\overlays.rs:11248:9
      |
11248 |         skill_binding,
      |         ^^^^^^^^^^^^^ help: try ignoring the field: `skill_binding: _`

warning: unused variable: `skill_persistence`
     --> C:\Users\Administrator\.codex\worktrees\native-shop-lifecycle-r9\mir2-player-journey\mir2-web3\apps\game-client\client-bevy\src\crystal_ui\overlays.rs:11249:9
      |
11249 |         skill_persistence,
      |         ^^^^^^^^^^^^^^^^^ help: try ignoring the field: `skill_persistence: _`

warning: unused variable: `inventory`
     --> C:\Users\Administrator\.codex\worktrees\native-shop-lifecycle-r9\mir2-player-journey\mir2-web3\apps\game-client\client-bevy\src\crystal_ui\overlays.rs:15367:5
      |
15367 |     inventory: &InventoryModel,
      |     ^^^^^^^^^ help: if this is intentional, prefix it with an underscore: `_inventory`

warning: unused variable: `state`
     --> C:\Users\Administrator\.codex\worktrees\native-shop-lifecycle-r9\mir2-player-journey\mir2-web3\apps\game-client\client-bevy\src\crystal_ui\overlays.rs:15368:5
      |
15368 |     state: &NativePlayerUiState,
      |     ^^^^^ help: if this is intentional, prefix it with an underscore: `_state`

warning: unused variable: `compose_ui`
     --> C:\Users\Administrator\.codex\worktrees\native-shop-lifecycle-r9\mir2-player-journey\mir2-web3\apps\game-client\client-bevy\src\crystal_ui\overlays.rs:15369:5
      |
15369 |     compose_ui: &MailComposeUi,
      |     ^^^^^^^^^^ help: if this is intentional, prefix it with an underscore: `_compose_ui`

warning: unused variable: `nearby`
    --> C:\Users\Administrator\.codex\worktrees\native-shop-lifecycle-r9\mir2-player-journey\mir2-web3\apps\game-client\client-bevy\src\quest_ui.rs:1867:5
     |
1867 |     nearby: Option<Res<NearbyNpcModel>>,
     |     ^^^^^^ help: if this is intentional, prefix it with an underscore: `_nearby`

warning: type `overlays::OverlayInventory` is more private than the item `render_order`
    --> C:\Users\Administrator\.codex\worktrees\native-shop-lifecycle-r9\mir2-player-journey\mir2-web3\apps\game-client\client-bevy\src\crystal_ui\hero_cross_inventory.rs:290:1
     |
 290 | / pub fn render_order(
 291 | |     mut commands: Commands,
 292 | |     state: Res<NativePlayerUiState>,
 293 | |     panels: Query<Entity, With<OverlayInventory>>,
 294 | | ) {
     | |_^ function `render_order` is reachable at visibility `pub`
     |
note: but type `overlays::OverlayInventory` is only usable at visibility `pub(self)`
    --> C:\Users\Administrator\.codex\worktrees\native-shop-lifecycle-r9\mir2-player-journey\mir2-web3\apps\game-client\client-bevy\src\crystal_ui\overlays.rs:2987:1
     |
2987 | struct OverlayInventory;
     | ^^^^^^^^^^^^^^^^^^^^^^^
     = note: `#[warn(private_interfaces)]` on by default

warning: type `overlays::OverlayRoot` is more private than the item `hero_dialog::render::render`
    --> C:\Users\Administrator\.codex\worktrees\native-shop-lifecycle-r9\mir2-player-journey\mir2-web3\apps\game-client\client-bevy\src\crystal_ui\hero_dialog_render.rs:234:1
     |
 234 | / pub fn render(
 235 | |     mut commands: Commands,
 236 | |     roots: Query<Entity, With<OverlayRoot>>,
 237 | |     old: Query<Entity, With<HeroRoot>>,
...    |
 242 | |     wings: Option<Res<CrystalCharacterWingMaterials>>,
 243 | | ) {
     | |_^ function `hero_dialog::render::render` is reachable at visibility `pub`
     |
note: but type `overlays::OverlayRoot` is only usable at visibility `pub(self)`
    --> C:\Users\Administrator\.codex\worktrees\native-shop-lifecycle-r9\mir2-player-journey\mir2-web3\apps\game-client\client-bevy\src\crystal_ui\overlays.rs:2984:1
     |
2984 | struct OverlayRoot;
     | ^^^^^^^^^^^^^^^^^^

warning: type `overlays::CrystalCharacterWingMaterials` is more private than the item `hero_dialog::render::render`
   --> C:\Users\Administrator\.codex\worktrees\native-shop-lifecycle-r9\mir2-player-journey\mir2-web3\apps\game-client\client-bevy\src\crystal_ui\hero_dialog_render.rs:234:1
    |
234 | / pub fn render(
235 | |     mut commands: Commands,
236 | |     roots: Query<Entity, With<OverlayRoot>>,
237 | |     old: Query<Entity, With<HeroRoot>>,
...   |
242 | |     wings: Option<Res<CrystalCharacterWingMaterials>>,
243 | | ) {
    | |_^ function `hero_dialog::render::render` is reachable at visibility `pub`
    |
note: but type `overlays::CrystalCharacterWingMaterials` is only usable at visibility `pub(self)`
   --> C:\Users\Administrator\.codex\worktrees\native-shop-lifecycle-r9\mir2-player-journey\mir2-web3\apps\game-client\client-bevy\src\crystal_ui\overlays.rs:202:1
    |
202 | struct CrystalCharacterWingMaterials([Handle<CrystalAdditiveUiMaterial>; 4]);
    | ^^^^^^^^^^^^^^^^^^^^^^^^^^^^^^^^^^^^

warning: type `overlays::OverlayRoot` is more private than the item `skill_bars::host::render`
    --> C:\Users\Administrator\.codex\worktrees\native-shop-lifecycle-r9\mir2-player-journey\mir2-web3\apps\game-client\client-bevy\src\crystal_ui\skill_bars_host.rs:131:1
     |
 131 | / pub fn render(
 132 | |     mut commands: Commands,
 133 | |     roots: Query<Entity, With<OverlayRoot>>,
 134 | |     old: Query<Entity, With<SkillBarRoot>>,
...    |
 138 | |     assets: Option<Res<AssetServer>>,
 139 | | ) {
     | |_^ function `skill_bars::host::render` is reachable at visibility `pub`
     |
note: but type `overlays::OverlayRoot` is only usable at visibility `pub(self)`
    --> C:\Users\Administrator\.codex\worktrees\native-shop-lifecycle-r9\mir2-player-journey\mir2-web3\apps\game-client\client-bevy\src\crystal_ui\overlays.rs:2984:1
     |
2984 | struct OverlayRoot;
     | ^^^^^^^^^^^^^^^^^^

warning: type `overlays::OverlayRoot` is more private than the item `hero_buff_hud::render`
    --> C:\Users\Administrator\.codex\worktrees\native-shop-lifecycle-r9\mir2-player-journey\mir2-web3\apps\game-client\client-bevy\src\crystal_ui\hero_buff_hud.rs:121:1
     |
 121 | / pub fn render(
 122 | |     mut commands: Commands,
 123 | |     roots: Query<Entity, With<OverlayRoot>>,
 124 | |     old: Query<Entity, With<HeroBuffRoot>>,
...    |
 127 | |     assets: Option<Res<AssetServer>>,
 128 | | ) {
     | |_^ function `hero_buff_hud::render` is reachable at visibility `pub`
     |
note: but type `overlays::OverlayRoot` is only usable at visibility `pub(self)`
    --> C:\Users\Administrator\.codex\worktrees\native-shop-lifecycle-r9\mir2-player-journey\mir2-web3\apps\game-client\client-bevy\src\crystal_ui\overlays.rs:2984:1
     |
2984 | struct OverlayRoot;
     | ^^^^^^^^^^^^^^^^^^

warning: type `overlays::OverlayRoot` is more private than the item `hero_buff_hud::hint`
    --> C:\Users\Administrator\.codex\worktrees\native-shop-lifecycle-r9\mir2-player-journey\mir2-web3\apps\game-client\client-bevy\src\crystal_ui\hero_buff_hud.rs:213:1
     |
 213 | / pub fn hint(
 214 | |     mut commands: Commands,
 215 | |     roots: Query<Entity, With<OverlayRoot>>,
 216 | |     old: Query<(Entity, &ComputedNode), With<HeroBuffHint>>,
...    |
 219 | |     shell: Res<NativeShellModel>,
 220 | | ) {
     | |_^ function `hero_buff_hud::hint` is reachable at visibility `pub`
     |
note: but type `overlays::OverlayRoot` is only usable at visibility `pub(self)`
    --> C:\Users\Administrator\.codex\worktrees\native-shop-lifecycle-r9\mir2-player-journey\mir2-web3\apps\game-client\client-bevy\src\crystal_ui\overlays.rs:2984:1
     |
2984 | struct OverlayRoot;
     | ^^^^^^^^^^^^^^^^^^

warning: type `overlays::OverlayRoot` is more private than the item `overlays::status_hud::render`
    --> C:\Users\Administrator\.codex\worktrees\native-shop-lifecycle-r9\mir2-player-journey\mir2-web3\apps\game-client\client-bevy\src\crystal_ui\status_hud.rs:407:1
     |
 407 | / pub fn render(
 408 | |     mut commands: Commands,
 409 | |     roots: Query<Entity, With<OverlayRoot>>,
 410 | |     old: Query<Entity, With<StatusRoot>>,
...    |
 414 | |     assets: Option<Res<AssetServer>>,
 415 | | ) {
     | |_^ function `overlays::status_hud::render` is reachable at visibility `pub`
     |
note: but type `overlays::OverlayRoot` is only usable at visibility `pub(self)`
    --> C:\Users\Administrator\.codex\worktrees\native-shop-lifecycle-r9\mir2-player-journey\mir2-web3\apps\game-client\client-bevy\src\crystal_ui\overlays.rs:2984:1
     |
2984 | struct OverlayRoot;
     | ^^^^^^^^^^^^^^^^^^

warning: type `overlays::OverlayRoot` is more private than the item `render_hint`
    --> C:\Users\Administrator\.codex\worktrees\native-shop-lifecycle-r9\mir2-player-journey\mir2-web3\apps\game-client\client-bevy\src\crystal_ui\status_hud.rs:685:1
     |
 685 | / pub fn render_hint(
 686 | |     mut commands: Commands,
 687 | |     roots: Query<Entity, With<OverlayRoot>>,
 688 | |     old: Query<(Entity, &ComputedNode), With<StatusHint>>,
...    |
 691 | |     shell: Res<NativeShellModel>,
 692 | | ) {
     | |_^ function `render_hint` is reachable at visibility `pub`
     |
note: but type `overlays::OverlayRoot` is only usable at visibility `pub(self)`
    --> C:\Users\Administrator\.codex\worktrees\native-shop-lifecycle-r9\mir2-player-journey\mir2-web3\apps\game-client\client-bevy\src\crystal_ui\overlays.rs:2984:1
     |
2984 | struct OverlayRoot;
     | ^^^^^^^^^^^^^^^^^^

warning: multiple variants are never constructed
    --> C:\Users\Administrator\.codex\worktrees\native-shop-lifecycle-r9\mir2-player-journey\mir2-web3\apps\game-client\client-bevy\src\crystal_ui\overlays.rs:3191:5
     |
3162 | enum OverlayButton {
     |      ------------- variants in this enum
...
3191 |     OptionsMusicVolumeDown,
     |     ^^^^^^^^^^^^^^^^^^^^^^
3192 |     OptionsMusicVolumeUp,
     |     ^^^^^^^^^^^^^^^^^^^^
3193 |     OptionsSoundVolumeDown,
     |     ^^^^^^^^^^^^^^^^^^^^^^
3194 |     OptionsSoundVolumeUp,
     |     ^^^^^^^^^^^^^^^^^^^^
3195 |     ToggleInventory,
     |     ^^^^^^^^^^^^^^^
3196 |     ToggleEquipment,
     |     ^^^^^^^^^^^^^^^
3197 |     ToggleShop,
     |     ^^^^^^^^^^
3198 |     ToggleNpcShop,
     |     ^^^^^^^^^^^^^
3199 |     ToggleStorage,
     |     ^^^^^^^^^^^^^
...
3202 |     ToggleTrade,
     |     ^^^^^^^^^^^
...
3207 |     GroupLeave,
     |     ^^^^^^^^^^
...
3226 |     GroupInviteNameFocus,
     |     ^^^^^^^^^^^^^^^^^^^^
3227 |     GroupInviteNameSubmit,
     |     ^^^^^^^^^^^^^^^^^^^^^
...
3230 |     GuildRequestInfo,
     |     ^^^^^^^^^^^^^^^^
...
3234 |     GuildRecruitNameFocus,
     |     ^^^^^^^^^^^^^^^^^^^^^
...
3238 |     GuildCancelNoticeEdit,
     |     ^^^^^^^^^^^^^^^^^^^^^
3239 |     SelectGuildMember(u8),
     |     ^^^^^^^^^^^^^^^^^
3240 |     GuildKickMember(u8),
3241 |     GuildKickSelected,
     |     ^^^^^^^^^^^^^^^^^
...
3244 |     GuildAssignNextRank,
     |     ^^^^^^^^^^^^^^^^^^^
...
3253 |     GuildRankNameFocus,
     |     ^^^^^^^^^^^^^^^^^^
...
3301 |     ClaimMail(u64),
     |     ^^^^^^^^^
...
3312 |     MailRecipientFocus,
     |     ^^^^^^^^^^^^^^^^^^
3313 |     MailMessageFocus,
     |     ^^^^^^^^^^^^^^^^
3314 |     MailGoldInc,
     |     ^^^^^^^^^^^
3315 |     MailGoldFocus,
3316 |     MailGoldDec,
     |     ^^^^^^^^^^^
3317 |     AddMailAttachment(u64),
     |     ^^^^^^^^^^^^^^^^^
3318 |     RemoveMailAttachment(u64),
     |     ^^^^^^^^^^^^^^^^^^^^
...
3346 |     ShopConfirm,
     |     ^^^^^^^^^^^
3347 |     ShopCancel,
     |     ^^^^^^^^^^
3348 |     SelectBagForSell(u32),
     |     ^^^^^^^^^^^^^^^^
3349 |     SelectBagForRepair(u32),
     |     ^^^^^^^^^^^^^^^^^^
3350 |     // Cash shop
3351 |     SelectGameShopGood(i32),
     |     ^^^^^^^^^^^^^^^^^^
...
3354 |     GameShopBuy,
     |     ^^^^^^^^^^^
3355 |     GameShopQuantityInc,
     |     ^^^^^^^^^^^^^^^^^^^
3356 |     GameShopQuantityDec,
     |     ^^^^^^^^^^^^^^^^^^^
...
3361 |     SelectBagForStore(u32),
     |     ^^^^^^^^^^^^^^^^^
...
3364 |     StorageDeposit,
     |     ^^^^^^^^^^^^^^
3365 |     StorageWithdraw,
     |     ^^^^^^^^^^^^^^^
...
3368 |     StorageRemovePassword,
     |     ^^^^^^^^^^^^^^^^^^^^^
     |
     = note: `OverlayButton` has derived impls for the traits `Debug` and `Clone`, but these are intentionally ignored during dead code analysis
     = note: `#[warn(dead_code)]` (part of `#[warn(unused)]`) on by default

warning: function `overlay_compact_item_button` is never used
     --> C:\Users\Administrator\.codex\worktrees\native-shop-lifecycle-r9\mir2-player-journey\mir2-web3\apps\game-client\client-bevy\src\crystal_ui\overlays.rs:13204:4
      |
13204 | fn overlay_compact_item_button(
      |    ^^^^^^^^^^^^^^^^^^^^^^^^^^^

warning: function `overlay_clickable_text_at` is never used
     --> C:\Users\Administrator\.codex\worktrees\native-shop-lifecycle-r9\mir2-player-journey\mir2-web3\apps\game-client\client-bevy\src\crystal_ui\overlays.rs:14816:4
      |
14816 | fn overlay_clickable_text_at(
      |    ^^^^^^^^^^^^^^^^^^^^^^^^^

warning: function `render_chat_draft` is never used
     --> C:\Users\Administrator\.codex\worktrees\native-shop-lifecycle-r9\mir2-player-journey\mir2-web3\apps\game-client\client-bevy\src\crystal_ui\overlays.rs:15023:4
      |
15023 | fn render_chat_draft(parent: &mut ChildSpawnerCommands, draft: &str) {
      |    ^^^^^^^^^^^^^^^^^

warning: function `render_mail_compose` is never used
     --> C:\Users\Administrator\.codex\worktrees\native-shop-lifecycle-r9\mir2-player-journey\mir2-web3\apps\game-client\client-bevy\src\crystal_ui\overlays.rs:15508:4
      |
15508 | fn render_mail_compose(
      |    ^^^^^^^^^^^^^^^^^^^

warning: function `native_game_shop_page_entries` is never used
     --> C:\Users\Administrator\.codex\worktrees\native-shop-lifecycle-r9\mir2-player-journey\mir2-web3\apps\game-client\client-bevy\src\crystal_ui\overlays.rs:16346:4
      |
16346 | fn native_game_shop_page_entries(
      |    ^^^^^^^^^^^^^^^^^^^^^^^^^^^^^

warning: constant `MAIL_PARCEL_BODY_RECT` is never used
  --> C:\Users\Administrator\.codex\worktrees\native-shop-lifecycle-r9\mir2-player-journey\mir2-web3\apps\game-client\client-bevy\src\crystal_ui\mail_editor.rs:11:18
   |
11 | pub(super) const MAIL_PARCEL_BODY_RECT: CrystalRect = CrystalRect::new(15.0, 98.0, 202.0, 165.0);
   |                  ^^^^^^^^^^^^^^^^^^^^^

warning: field `0` is never read
  --> C:\Users\Administrator\.codex\worktrees\native-shop-lifecycle-r9\mir2-player-journey\mir2-web3\apps\game-client\client-bevy\src\crystal_ui\options_volume.rs:28:38
   |
28 | pub(super) struct OptionsVolumeTrack(pub(super) VolumeChannel);
   |                   ------------------ ^^^^^^^^^^^^^^^^^^^^^^^^
   |                   |
   |                   field in this struct
   |
   = help: consider removing this field

warning: field `0` is never read
  --> C:\Users\Administrator\.codex\worktrees\native-shop-lifecycle-r9\mir2-player-journey\mir2-web3\apps\game-client\client-bevy\src\crystal_ui\options_volume.rs:31:38
   |
31 | pub(super) struct OptionsVolumeThumb(pub(super) VolumeChannel);
   |                   ------------------ ^^^^^^^^^^^^^^^^^^^^^^^^
   |                   |
   |                   field in this struct
   |
   = help: consider removing this field

warning: fields `side` and `slot` are never read
   --> C:\Users\Administrator\.codex\worktrees\native-shop-lifecycle-r9\mir2-player-journey\mir2-web3\apps\game-client\client-bevy\src\crystal_ui\trade_dialog.rs:359:9
    |
358 | pub(super) struct TradeCell {
    |                   --------- fields in this struct
359 |     pub side: TradeSide,
    |         ^^^^
360 |     pub slot: usize,
    |         ^^^^

warning: field `0` is never read
   --> C:\Users\Administrator\.codex\worktrees\native-shop-lifecycle-r9\mir2-player-journey\mir2-web3\apps\game-client\client-bevy\src\crystal_ui\trade_dialog.rs:363:29
    |
363 | pub(super) struct TradeName(pub TradeSide);
    |                   --------- ^^^^^^^^^^^^^
    |                   |
    |                   field in this struct
    |
    = help: consider removing this field

warning: field `0` is never read
   --> C:\Users\Administrator\.codex\worktrees\native-shop-lifecycle-r9\mir2-player-journey\mir2-web3\apps\game-client\client-bevy\src\crystal_ui\trade_dialog.rs:365:29
    |
365 | pub(super) struct TradeGold(pub TradeSide);
    |                   --------- ^^^^^^^^^^^^^
    |                   |
    |                   field in this struct
    |
    = help: consider removing this field

warning: constant `BUTTON_DISABLED` is never used
  --> C:\Users\Administrator\.codex\worktrees\native-shop-lifecycle-r9\mir2-player-journey\mir2-web3\apps\game-client\client-bevy\src\native_shell_ui.rs:40:7
   |
40 | const BUTTON_DISABLED: Color = Color::srgba(0.19, 0.14, 0.10, 0.50);
   |       ^^^^^^^^^^^^^^^

warning: constant `AUX_CHANGE_PASSWORD_PANEL` is never used
  --> C:\Users\Administrator\.codex\worktrees\native-shop-lifecycle-r9\mir2-player-journey\mir2-web3\apps\game-client\client-bevy\src\native_shell_ui.rs:50:7
   |
50 | const AUX_CHANGE_PASSWORD_PANEL: spec::CrystalRect =
   |       ^^^^^^^^^^^^^^^^^^^^^^^^^

warning: variants `CycleClass`, `CycleGender`, `SafeKeyFocusAccount`, and `SafeKeyFocusPassword` are never constructed
   --> C:\Users\Administrator\.codex\worktrees\native-shop-lifecycle-r9\mir2-player-journey\mir2-web3\apps\game-client\client-bevy\src\native_shell_ui.rs:379:5
    |
373 | pub(crate) enum NativeShellButton {
    |                 ----------------- variants in this enum
...
379 |     CycleClass,
    |     ^^^^^^^^^^
380 |     CycleGender,
    |     ^^^^^^^^^^^
...
388 |     SafeKeyFocusAccount,
    |     ^^^^^^^^^^^^^^^^^^^
389 |     SafeKeyFocusPassword,
    |     ^^^^^^^^^^^^^^^^^^^^

warning: function `spawn_aux_field` is never used
    --> C:\Users\Administrator\.codex\worktrees\native-shop-lifecycle-r9\mir2-player-journey\mir2-web3\apps\game-client\client-bevy\src\native_shell_ui.rs:2186:4
     |
2186 | fn spawn_aux_field(
     |    ^^^^^^^^^^^^^^^

warning: function `input_line` is never used
    --> C:\Users\Administrator\.codex\worktrees\native-shop-lifecycle-r9\mir2-player-journey\mir2-web3\apps\game-client\client-bevy\src\native_shell_ui.rs:2306:4
     |
2306 | fn input_line(parent: &mut ChildSpawnerCommands, label: &str, value: &str, focused: bool) {
     |    ^^^^^^^^^^

warning: function `action_button` is never used
    --> C:\Users\Administrator\.codex\worktrees\native-shop-lifecycle-r9\mir2-player-journey\mir2-web3\apps\game-client\client-bevy\src\native_shell_ui.rs:2342:4
     |
2342 | fn action_button(
     |    ^^^^^^^^^^^^^

warning: function `safe_key_button` is never used
    --> C:\Users\Administrator\.codex\worktrees\native-shop-lifecycle-r9\mir2-player-journey\mir2-web3\apps\game-client\client-bevy\src\native_shell_ui.rs:2379:4
     |
2379 | fn safe_key_button(parent: &mut ChildSpawnerCommands, label: &str, action: NativeShellButton) {
     |    ^^^^^^^^^^^^^^^

warning: associated function `from_quest` is never used
   --> C:\Users\Administrator\.codex\worktrees\native-shop-lifecycle-r9\mir2-player-journey\mir2-web3\apps\game-client\client-bevy\src\quest_journey.rs:659:8
    |
658 | impl JourneyStep {
    | ---------------- associated function in this implementation
659 |     fn from_quest(quest: &Quest, route: Option<&JourneyQuestOverride>) -> Self {
    |        ^^^^^^^^^^

warning: constant `QUEST_LOG_BG` is never used
  --> C:\Users\Administrator\.codex\worktrees\native-shop-lifecycle-r9\mir2-player-journey\mir2-web3\apps\game-client\client-bevy\src\quest_ui.rs:70:7
   |
70 | const QUEST_LOG_BG: Color = Color::srgba(0.08, 0.06, 0.04, 0.96);
   |       ^^^^^^^^^^^^

warning: method `display_label` is never used
   --> C:\Users\Administrator\.codex\worktrees\native-shop-lifecycle-r9\mir2-player-journey\mir2-web3\apps\game-client\client-bevy\src\quest_ui.rs:743:8
    |
724 | impl QuestStageFilter {
    | --------------------- method in this implementation
...
743 |     fn display_label(self) -> String {
    |        ^^^^^^^^^^^^^

warning: variants `SelectQuestFilter`, `QuestHelp`, `QuestPagePrevious`, and `QuestPageNext` are never constructed
    --> C:\Users\Administrator\.codex\worktrees\native-shop-lifecycle-r9\mir2-player-journey\mir2-web3\apps\game-client\client-bevy\src\quest_ui.rs:1143:5
     |
1099 | enum QuestUiButton {
     |      ------------- variants in this enum
...
1143 |     SelectQuestFilter {
     |     ^^^^^^^^^^^^^^^^^
...
1146 |     QuestHelp,
     |     ^^^^^^^^^
1147 |     QuestPagePrevious,
     |     ^^^^^^^^^^^^^^^^^
1148 |     QuestPageNext,
     |     ^^^^^^^^^^^^^
     |
     = note: `QuestUiButton` has derived impls for the traits `Debug` and `Clone`, but these are intentionally ignored during dead code analysis

warning: function `explicit_quest_dialog_button` is never used
    --> C:\Users\Administrator\.codex\worktrees\native-shop-lifecycle-r9\mir2-player-journey\mir2-web3\apps\game-client\client-bevy\src\quest_ui.rs:3619:4
     |
3619 | fn explicit_quest_dialog_button(target: &str, npc_index: u32) -> Option<QuestUiButton> {
     |    ^^^^^^^^^^^^^^^^^^^^^^^^^^^^

warning: function `wrap_guidance_hint` is never used
    --> C:\Users\Administrator\.codex\worktrees\native-shop-lifecycle-r9\mir2-player-journey\mir2-web3\apps\game-client\client-bevy\src\quest_ui.rs:4436:4
     |
4436 | fn wrap_guidance_hint(hint: &str, max_chars: usize) -> Vec<String> {
     |    ^^^^^^^^^^^^^^^^^^

warning: function `tracker_quest_block` is never used
    --> C:\Users\Administrator\.codex\worktrees\native-shop-lifecycle-r9\mir2-player-journey\mir2-web3\apps\game-client\client-bevy\src\quest_ui.rs:6100:4
     |
6100 | fn tracker_quest_block(parent: &mut ChildSpawnerCommands, quest: &Quest) {
     |    ^^^^^^^^^^^^^^^^^^^

warning: function `tracker_title_line` is never used
    --> C:\Users\Administrator\.codex\worktrees\native-shop-lifecycle-r9\mir2-player-journey\mir2-web3\apps\game-client\client-bevy\src\quest_ui.rs:6310:4
     |
6310 | fn tracker_title_line(parent: &mut ChildSpawnerCommands, text: &str) {
     |    ^^^^^^^^^^^^^^^^^^

warning: function `intent_from_button` is never used
    --> C:\Users\Administrator\.codex\worktrees\native-shop-lifecycle-r9\mir2-player-journey\mir2-web3\apps\game-client\client-bevy\src\quest_ui.rs:6454:4
     |
6454 | fn intent_from_button(action: &QuestUiButton) -> Option<QuestUiIntent> {
     |    ^^^^^^^^^^^^^^^^^^

warning: method `normalize_bindings` is never used
   --> C:\Users\Administrator\.codex\worktrees\native-shop-lifecycle-r9\mir2-player-journey\mir2-web3\apps\game-client\client-bevy\src\skill_binding_ui.rs:331:8
    |
133 | impl SkillBindingUi {
    | ------------------- method in this implementation
...
331 |     fn normalize_bindings(&mut self) {
    |        ^^^^^^^^^^^^^^^^^^

warning: the `skill_binding:` in this pattern is redundant
    --> C:\Users\Administrator\.codex\worktrees\native-shop-lifecycle-r9\mir2-player-journey\mir2-web3\apps\game-client\client-bevy\src\crystal_ui\overlays.rs:6760:9
     |
6760 |         skill_binding: mut skill_binding,
     |         ^^^^^^^^^^^^^^^^^^^^^^^^^^^^^^^^ help: use shorthand field pattern: `mut skill_binding`
     |
     = note: `#[warn(non_shorthand_field_patterns)]` on by default

warning: the `skills:` in this pattern is redundant
    --> C:\Users\Administrator\.codex\worktrees\native-shop-lifecycle-r9\mir2-player-journey\mir2-web3\apps\game-client\client-bevy\src\crystal_ui\overlays.rs:6761:9
     |
6761 |         skills: mut skills,
     |         ^^^^^^^^^^^^^^^^^^ help: use shorthand field pattern: `mut skills`

warning: the `skill_persistence:` in this pattern is redundant
    --> C:\Users\Administrator\.codex\worktrees\native-shop-lifecycle-r9\mir2-player-journey\mir2-web3\apps\game-client\client-bevy\src\crystal_ui\overlays.rs:6762:9
     |
6762 |         skill_persistence: mut skill_persistence,
     |         ^^^^^^^^^^^^^^^^^^^^^^^^^^^^^^^^^^^^^^^^ help: use shorthand field pattern: `mut skill_persistence`

warning: the `skill_binding:` in this pattern is redundant
    --> C:\Users\Administrator\.codex\worktrees\native-shop-lifecycle-r9\mir2-player-journey\mir2-web3\apps\game-client\client-bevy\src\crystal_ui\overlays.rs:7880:17
     |
7880 |                 skill_binding: mut skill_binding,
     |                 ^^^^^^^^^^^^^^^^^^^^^^^^^^^^^^^^ help: use shorthand field pattern: `mut skill_binding`

warning: the `skills:` in this pattern is redundant
    --> C:\Users\Administrator\.codex\worktrees\native-shop-lifecycle-r9\mir2-player-journey\mir2-web3\apps\game-client\client-bevy\src\crystal_ui\overlays.rs:7881:17
     |
7881 |                 skills: mut skills,
     |                 ^^^^^^^^^^^^^^^^^^ help: use shorthand field pattern: `mut skills`

warning: the `skill_persistence:` in this pattern is redundant
    --> C:\Users\Administrator\.codex\worktrees\native-shop-lifecycle-r9\mir2-player-journey\mir2-web3\apps\game-client\client-bevy\src\crystal_ui\overlays.rs:7882:17
     |
7882 |                 skill_persistence: mut skill_persistence,
     |                 ^^^^^^^^^^^^^^^^^^^^^^^^^^^^^^^^^^^^^^^^ help: use shorthand field pattern: `mut skill_persistence`

warning: `mir2-client-bevy` (lib) generated 75 warnings (run `cargo fix --lib -p mir2-client-bevy` to apply 38 suggestions)
   Compiling mir2-bevy-runtime v0.1.0 (C:\Users\Administrator\.codex\worktrees\native-shop-lifecycle-r9\mir2-player-journey\mir2-web3\apps\game-client\runtime)
warning: function `self_camera_offset_for_applied_center` is never used
    --> C:\Users\Administrator\.codex\worktrees\native-shop-lifecycle-r9\mir2-player-journey\mir2-web3\apps\game-client\runtime\src\lib.rs:5786:4
     |
5786 | fn self_camera_offset_for_applied_center(
     |    ^^^^^^^^^^^^^^^^^^^^^^^^^^^^^^^^^^^^^
     |
     = note: `#[warn(dead_code)]` (part of `#[warn(unused)]`) on by default

warning: `mir2-bevy-runtime` (lib) generated 1 warning
warning: unused import: `Time`
  --> src\entity_presentation.rs:11:51
   |
11 | use bevy::prelude::{Query, Res, ResMut, Resource, Time, Window, With};
   |                                                   ^^^^
   |
   = note: `#[warn(unused_imports)]` (part of `#[warn(unused)]`) on by default

warning: type `effects::EffectFrameMeta` is more private than the item `effects::Animation::frames`
   --> src\effects.rs:622:5
    |
622 |     pub frames: Vec<EffectFrameMeta>,
    |     ^^^^^^^^^^^^^^^^^^^^^^^^^^^^^^^^ field `effects::Animation::frames` is reachable at visibility `pub(crate)`
    |
note: but type `effects::EffectFrameMeta` is only usable at visibility `pub(self)`
   --> src\effects.rs:460:1
    |
460 | struct EffectFrameMeta {
    | ^^^^^^^^^^^^^^^^^^^^^^
    = note: `#[warn(private_interfaces)]` on by default

warning: type `effects::EffectFrameMeta` is more private than the item `effects::Animation::frame_at`
   --> src\effects.rs:641:5
    |
641 |     pub(crate) fn frame_at(&self, elapsed_ms: u64) -> Option<&EffectFrameMeta> {
    |     ^^^^^^^^^^^^^^^^^^^^^^^^^^^^^^^^^^^^^^^^^^^^^^^^^^^^^^^^^^^^^^^^^^^^^^^^^^ method `effects::Animation::frame_at` is reachable at visibility `pub(crate)`
    |
note: but type `effects::EffectFrameMeta` is only usable at visibility `pub(self)`
   --> src\effects.rs:460:1
    |
460 | struct EffectFrameMeta {
    | ^^^^^^^^^^^^^^^^^^^^^^

warning: type `EffectSpec` is more private than the item `effects::EffectCatalog::resolve_animation`
   --> src\effects.rs:804:5
    |
804 | /     pub(crate) fn resolve_animation(
805 | |         &self,
806 | |         entry: &EffectSpec,
807 | |         direction: u32,
808 | |         value: u32,
809 | |     ) -> Option<Animation> {
    | |__________________________^ method `effects::EffectCatalog::resolve_animation` is reachable at visibility `pub(crate)`
    |
note: but type `EffectSpec` is only usable at visibility `pub(self)`
   --> src\effects.rs:541:1
    |
541 | struct EffectSpec {
    | ^^^^^^^^^^^^^^^^^

warning: function `paste_shortcut_pressed` is never used
  --> src\clipboard.rs:49:4
   |
49 | fn paste_shortcut_pressed<'a>(
   |    ^^^^^^^^^^^^^^^^^^^^^^
   |
   = note: `#[warn(dead_code)]` (part of `#[warn(unused)]`) on by default

warning: fields `direction`, `base`, and `end` are never read
   --> src\effects.rs:526:5
    |
525 | struct DirectionRange {
    |        -------------- fields in this struct
526 |     direction: i64,
    |     ^^^^^^^^^
527 |     base: i64,
    |     ^^^^
528 |     end: i64,
    |     ^^^
    |
    = note: `DirectionRange` has derived impls for the traits `Clone` and `Debug`, but these are intentionally ignored during dead code analysis

warning: fields `value`, `base`, and `end` are never read
   --> src\effects.rs:534:5
    |
533 | struct ValueRange {
    |        ---------- fields in this struct
534 |     value: i64,
    |     ^^^^^
535 |     base: i64,
    |     ^^^^
536 |     end: i64,
    |     ^^^
    |
    = note: `ValueRange` has derived impls for the traits `Clone` and `Debug`, but these are intentionally ignored during dead code analysis

warning: fields `spell_id`, `effect_id`, `direction_ranges`, `value_ranges`, and `provenance` are never read
   --> src\effects.rs:545:5
    |
541 | struct EffectSpec {
    |        ---------- fields in this struct
...
545 |     spell_id: Option<u32>,
    |     ^^^^^^^^
...
549 |     effect_id: Option<u32>,
    |     ^^^^^^^^^
...
564 |     direction_ranges: Option<Vec<DirectionRange>>,
    |     ^^^^^^^^^^^^^^^^
...
570 |     value_ranges: Option<Vec<ValueRange>>,
    |     ^^^^^^^^^^^^
...
588 |     provenance: Option<Value>,
    |     ^^^^^^^^^^
    |
    = note: `EffectSpec` has derived impls for the traits `Clone` and `Debug`, but these are intentionally ignored during dead code analysis

warning: function `wait_for_retry_or_leave` is never used
    --> src\gateway.rs:2349:10
     |
2349 | async fn wait_for_retry_or_leave<R: CommandSource>(
     |          ^^^^^^^^^^^^^^^^^^^^^^^

warning: function `handle_gateway_text` is never used
    --> src\gateway.rs:3521:4
     |
3521 | fn handle_gateway_text(
     |    ^^^^^^^^^^^^^^^^^^^

warning: function `push_native_skill_model_from_world` is never used
    --> src\gateway.rs:5925:4
     |
5925 | fn push_native_skill_model_from_world(payload: &Value) -> Result<bool, String> {
     |    ^^^^^^^^^^^^^^^^^^^^^^^^^^^^^^^^^^

warning: function `capture_light_state_for_map` is never used
   --> src\lighting.rs:165:15
    |
165 | pub(crate) fn capture_light_state_for_map(map_file_name: &str) -> Option<String> {
    |               ^^^^^^^^^^^^^^^^^^^^^^^^^^^

warning: `mir2-platform-windows` (bin "mir2-platform-windows" test) generated 12 warnings (run `cargo fix --bin "mir2-platform-windows" -p mir2-platform-windows --tests` to apply 1 suggestion)
    Finished `test` profile [optimized + debuginfo] target(s) in 4m 47s
     Running unittests src\main.rs (C:/mir2-build/platform-windows-r33-tests\debug\deps\mir2_platform_windows-322c42748b0bb118.exe)

running 808 tests
test assets::tests::asset_path_rejects_parent_traversal ... ok
test assets::tests::cached_root_does_not_hide_a_new_or_removed_frame ... ok
test assets::tests::complete_render_manifests_without_item_icons_fail_closed ... ok
test assets::tests::crystal_map_path_follows_directory_alias_before_sibling_lookup ... ok
test assets::tests::crystal_map_path_prefers_packaged_layouts_and_rejects_traversal ... ok
test assets::tests::incomplete_root_is_not_a_complete_asset_bundle ... ok
test assets::tests::measure_asset_root_diagnosis_per_frame ... ignored, offline asset lookup timing; requires MIR2_ASSET_PROBE_ROOT
test assets::tests::repository_asset_root_is_discovered_without_compile_time_paths ... FAILED
test assets::tests::successful_root_cache_is_bounded_and_revalidates_changed_context_or_expiry ... ok
test atlas::pet_path_tests::pet_world_frame_fallback_is_strict_and_preserves_real_geometry ... FAILED
test atlas::self_occlusion_redraw_tests::self_occlusion_redraw_keeps_source_pose_and_crystal_parts_in_all_directions ... ok
test atlas::self_occlusion_redraw_tests::self_occlusion_redraw_public_builder_survives_disabled_highlight_and_pose_changes ... ok
test atlas::tests::animation_frame_override_selects_current_draw_frame ... FAILED
test atlas::tests::archer_walk_and_range_two_use_alt_layers_then_standing_returns_to_common_body ... ok
test atlas::tests::assassin_melee_uses_alt_body_hair_and_dual_directional_weapons ... FAILED
test atlas::tests::atlas_soak_manifest_counts_include_all_pages_and_rects ... ok
test atlas::tests::crystal_npc_image_libraries_keep_npcs_and_flags_separate ... ok
test atlas::tests::entity_render_state_preserves_native_motion_window_for_runtime_interpolation ... FAILED
test atlas::tests::entity_render_state_uses_manifest_geometry_and_viewport_coordinates ... FAILED
test atlas::tests::ground_item_renders_without_actor_or_name_and_disappears_when_removed ... FAILED
test atlas::tests::harvest_forces_crystal_cweapon_one_for_untransformed_player ... ok
test atlas::tests::hidden_is_half_opacity_but_dead_is_not_implicitly_faded ... FAILED
test atlas::tests::high_armour_exports_keep_every_original_frame_and_exact_geometry ... FAILED
test atlas::tests::high_armour_stand_walk_run_retains_body_hair_and_weapon_in_all_directions ... FAILED
test atlas::tests::highlight_setting_gates_hover_and_selection_and_selected_band_follows_hover ... ok
test atlas::tests::hooking_cat_all_exported_frames_resolve_to_native_atlas_layers ... FAILED
test atlas::tests::hover_scan_prefers_live_actor_then_allows_only_harvestable_monster_corpse ... ok
test atlas::tests::hover_uses_body_alpha_and_same_tile_shortcut_but_fails_closed_without_pixels ... ok
test atlas::tests::manifest_parser_routes_each_rect_to_its_declared_page ... ok
test atlas::tests::missing_atlas_png_or_meta_never_invents_player_geometry ... FAILED
test atlas::tests::monster_standalone_paths_remain_strict ... ok
test atlas::tests::mounted_player_adds_mount_and_suppresses_weapon_layers ... FAILED
test atlas::tests::native_frame_geometry_exposes_crystal_npc_frame_zero_anchor_data ... ok
test atlas::tests::newcomer_monster_standalone_frames_retain_original_geometry ... FAILED
test atlas::tests::npc_hover_falls_back_to_body_bounds_when_pixels_are_unavailable ... ok
test atlas::tests::original_frame_meta_maps_web_xy_to_crystal_draw_offsets ... ok
test atlas::tests::packed_manifest_and_web_meta_share_geometry_semantics ... FAILED
test atlas::tests::player_composite_uses_body_hair_weapon_offsets_and_depth_order ... FAILED
test atlas::tests::rgb_to_rgba_expands_with_alpha ... ok
test atlas::tests::scarecrow_die_adds_source_frame_224_plus_phase_as_additive_layer ... ok
test atlas::tests::scarecrow_die_effect_phase_covers_all_directions_and_rejects_boundaries ... ok
test atlas::tests::starter_frame_is_deterministic_and_kind_aware ... ok
test atlas::tests::starter_frame_uses_direction_stride_to_pick_frame ... ok
test atlas::tests::unpacked_player_frame_keeps_pixel_hit_and_atomic_highlight ... FAILED
test atlas::tests::unpacked_player_library_uses_exact_meta_for_actions_directions_and_gender ... FAILED
test capture::provenance::tests::package_contract_binds_revision_executable_and_manifest_bytes ... ok
test capture::provenance::tests::package_contract_rejects_any_executable_mismatch ... ok
test capture::tests::atomic_writer_never_replaces_an_existing_file ... ok
test capture::tests::capture_disabled_without_dir_env_value ... ok
test capture::tests::capture_path_is_unique_and_deterministic ... ok
test capture::tests::capture_run_id_requires_the_pair_validator_safe_character_set ... ok
test capture::tests::completed_auto_capture_releases_panel_and_notice_control ... ok
test capture::tests::from_values_validates_and_normalizes ... ok
test capture::tests::gameplay_capture_targets_require_authoritative_quest_and_health_states ... ok
test capture::tests::manual_capture_serializes_consumed_identity_and_keeps_missing_light_ineligible ... ok
test capture::tests::notice_capture_waits_for_the_authoritative_dialog_to_open ... ok
test capture::tests::panel_capture_scenes_are_supported_world_scenes ... ok
test capture::tests::panel_capture_targets_do_not_mutate_non_game_screens ... ok
test capture::tests::panel_capture_targets_open_through_the_native_ui_reducer ... ok
test capture::tests::parse_shell_screen_slug_supports_stable_variants ... ok
test capture::tests::runtime_auto_state_transitions_without_mutating_shell ... ok
test capture::tests::sanitize_capture_dir_rejects_parent_component ... ok
test capture::tests::sanitize_capture_label_is_path_traversal_safe ... ok
test capture::tests::sha256_and_utc_timestamp_match_known_values ... ok
test capture::tests::sidecar_freezes_observed_state_and_marks_missing_provenance_non_accepting ... ok
test capture::tests::v1_sidecar_is_closed_only_when_every_required_field_is_present ... ok
test capture::tests::world_auto_capture_waits_and_restarts_on_epoch_or_map_change ... ok
test clipboard::tests::character_name_paste_keeps_its_field_specific_limits ... ok
test clipboard::tests::clipboard_value_is_not_applied_to_unfocused_or_safe_key_surfaces ... ok
test clipboard::tests::ctrl_a_is_an_ordered_editor_action_and_not_a_text_literal ... ok
test clipboard::tests::ctrl_v_is_detected_when_the_complete_chord_arrives_in_one_frame ... ok
test clipboard::tests::delayed_mail_paste_requires_exact_draft_kind_recipient_revision_and_session ... ok
test clipboard::tests::focus_loss_clears_any_latched_control_modifier ... ok
test clipboard::tests::friend_clipboard_requires_focused_topmost_editor ... ok
test clipboard::tests::game_shop_clipboard_owner_is_focus_and_revision_bound ... ok
test clipboard::tests::group_invitation_blocks_covered_editor_and_session_reset_discards_it ... ok
test clipboard::tests::login_account_paste_uses_existing_printable_and_length_rules ... ok
test clipboard::tests::login_password_paste_filters_controls_without_logging_or_echoing ... ok
test clipboard::tests::paste_is_ignored_for_unfocused_shell_controls ... ok
test clipboard::tests::registration_clipboard_blocks_every_field_while_the_request_is_in_flight ... ok
test clipboard::tests::registration_clipboard_clears_an_old_notice_only_after_actual_content_changes ... ok
test clipboard::tests::unified_clipboard_owner_respects_invitation_and_creature_notice_priority ... ok
test cursor::tests::crystal_hover_cursor_matrix_matches_client_source ... ok
test effects::pet_tests::pickup_requires_authoritative_monster_actor_and_source_missing_sounds_stay_missing ... FAILED
test effects::pet_tests::source_pet_effects_use_real_frames_offsets_and_frame_delays ... FAILED
test effects::pet_tests::trackable_effects_deduplicate_per_owner_and_cancel_only_before_trigger ... FAILED
test effects::tests::active_effects_never_exceed_the_cap ... FAILED
test effects::tests::blizzard_ground_has_delay_and_offset ... FAILED
test effects::tests::blizzard_ground_offset_applied ... FAILED
test effects::tests::continuous_200_projectiles_bounded_and_no_leak ... FAILED
test effects::tests::crystal_foreground_scene_and_actor_effects_render_after_selected_redraw ... ok
test effects::tests::delay_time_boundary_499_500_and_end ... ok
test effects::tests::delay_time_elapsed_starts_at_start_at_not_started_at ... ok
test effects::tests::delay_time_instance_survives_but_not_rendered_before_start_at ... ok
test effects::tests::duplicate_packet_does_not_duplicate_return_effect ... FAILED
test effects::tests::duplicate_sequence_does_not_duplicate_effect ... FAILED
test effects::tests::effect_light_snapshot_expires_and_clears_on_scene_reset ... ok
test effects::tests::effect_light_snapshot_publishes_across_threads_and_keeps_generation ... ok
test effects::tests::effect_shadow_uses_manifest_offsets ... ok
test effects::tests::effect_without_manifest_light_emits_no_light_snapshot ... ok
test effects::tests::fire_bounce_authoritative_hop_uses_source_direction_and_crystal_clock ... FAILED
test effects::tests::fire_bounce_cast_false_keeps_cast_only_and_boundaries_clear_chain ... FAILED
test effects::tests::fire_bounce_completion_suppresses_only_terminal_dead_target ... FAILED
test effects::tests::fire_bounce_object_magic_owns_delayed_first_projectile_and_legacy_dedupe ... FAILED
test effects::tests::fire_bounce_production_frames_and_audio_are_integrity_closed ... FAILED
test effects::tests::fireball_cast_animation_resolves ... FAILED
test effects::tests::fireball_cast_false_keeps_cast_but_never_projectile_impact_or_phase_audio ... FAILED
test effects::tests::fireball_direction16_is_locked_from_the_target_position_at_launch ... FAILED
test effects::tests::fireball_effect_light_tracks_cast_projectile_and_impact ... FAILED
test effects::tests::fireball_family_suppresses_impact_and_sound_only_for_dead_action_at_completion ... FAILED
test effects::tests::fireball_map_change_clears_pending_projectile_and_all_phase_audio ... ok
test effects::tests::fireball_object_magic_owns_cast_delayed_projectile_impact_and_three_sounds ... FAILED
test effects::tests::fireball_production_direction_frames_and_audio_are_integrity_closed ... FAILED
test effects::tests::fireball_projectile_and_impact_resolve_via_subspec ... FAILED
test effects::tests::fireball_projectile_and_impact_spec ... FAILED
test effects::tests::fireball_target_revived_before_completion_restores_impact ... FAILED
test effects::tests::fireball_tracks_bound_target_and_recomputes_distance_clock_before_arrival ... FAILED
test effects::tests::fireball_unbound_target_point_has_projectile_but_no_invented_impact ... FAILED
test effects::tests::firebang_empty_ground_completion_has_exact_frames_and_fixed_target ... FAILED
test effects::tests::firebang_failed_cast_and_source_lifecycle_do_not_leak_completion ... FAILED
test effects::tests::firewall_cast_false_keeps_cast_and_first_sound_but_no_completion_sound ... FAILED
test effects::tests::firewall_cast_true_plays_two_source_sounds_across_spell_action ... FAILED
test effects::tests::firewall_five_object_spells_repeat_until_each_authoritative_remove ... FAILED
test effects::tests::firewall_map_change_clears_ground_cast_and_pending_completion_audio ... FAILED
test effects::tests::firewall_source_cast_ground_and_audio_are_integrity_closed ... FAILED
test effects::tests::flaming_sword_all_directions_resolve_six_source_frames_at_crystal_rate ... FAILED
test effects::tests::flaming_sword_object_attack_tracks_attacker_and_expires_at_six_frames ... FAILED
test effects::tests::flaming_sword_ordinary_attack_is_noop_and_new_attack_restarts_per_attacker ... FAILED
test effects::tests::flaming_sword_remove_map_change_and_session_reset_clear_overlay_and_audio ... ok
test effects::tests::flaming_sword_source_audio_identity_is_closed ... FAILED
test effects::tests::frame_with_mask_emits_mask_render_state ... FAILED
test effects::tests::frame_without_shadow_creates_no_shadow_entity ... ok
test effects::tests::frost_crunch_object_magic_owns_cast_projectile_impact_and_two_sounds ... FAILED
test effects::tests::frost_crunch_suppresses_impact_and_sound_only_for_dead_action_at_completion ... FAILED
test effects::tests::frost_crunch_target_removal_map_logout_and_reset_clear_delayed_impact ... FAILED
test effects::tests::frost_crunch_target_revived_before_completion_restores_impact ... FAILED
test effects::tests::great_fireball_cast_false_keeps_cast_and_first_sound_only ... FAILED
test effects::tests::great_fireball_map_change_clears_all_phases_and_audio ... ok
test effects::tests::great_fireball_object_magic_owns_three_source_phases_and_sounds ... FAILED
test effects::tests::great_fireball_source_frames_and_audio_are_integrity_closed ... FAILED
test effects::tests::great_fireball_target_removal_suppresses_impact_and_compatibility_replay ... FAILED
test effects::tests::ground_talismans_keep_launched_target_reference_but_cancel_removed_caster ... FAILED
test effects::tests::ground_talismans_launch_after_spell_and_complete_at_fixed_point_with_source_sounds ... FAILED
test effects::tests::ground_talismans_reject_failed_cast_and_compatibility_packets_and_reset_cleanly ... FAILED
test effects::tests::ground_talismans_resolve_all_sixteen_directions ... FAILED
test effects::tests::ground_talismans_track_flight_but_impact_packet_point_even_when_target_dies ... FAILED
test effects::tests::guard_range_effects_fail_closed_for_other_packets_sources_and_missing_context ... ok
test effects::tests::hallucination_cast_false_has_no_visual_or_audio_phases ... ok
test effects::tests::hallucination_completion_uses_current_terminal_dead_state ... FAILED
test effects::tests::hallucination_object_magic_owns_delayed_directional_projectile_and_impact_sound ... FAILED
test effects::tests::hallucination_production_frames_and_audio_are_integrity_closed ... FAILED
test effects::tests::hallucination_target_absence_compatibility_and_session_boundaries_fail_closed ... FAILED
test effects::tests::healing_cast_and_target_follow_crystal_clocks_and_audio_phases ... FAILED
test effects::tests::healing_source_frames_and_audio_identities_are_closed ... FAILED
test effects::tests::healing_target_missing_anchor_and_scene_boundaries_fail_closed ... ok
test effects::tests::healing_target_tracks_authoritative_object_and_replay_is_one_shot ... FAILED
test effects::tests::immortal_skin_layers_start_together_follow_actor_and_expire_independently ... FAILED
test effects::tests::left_guard_hide_survives_real_adapter_tombstoned_snapshots ... FAILED
test effects::tests::left_guard_range_projectile_catalog_is_exact_crystal_contract ... FAILED
test effects::tests::left_guard_range_projectile_locks_launch_direction_then_tracks_target ... FAILED
test effects::tests::left_guard_range_projectile_restarts_per_pair_and_is_source_owned ... FAILED
test effects::tests::left_guard_range_projectile_waits_four_frames_and_uses_crystal_flight_clock ... FAILED
test effects::tests::lethal_struck_batch_keeps_hit_and_flinch_before_delayed_death_cry ... ok
test effects::tests::lightning_cast_false_and_session_reset_never_emit_effect_or_sound ... FAILED
test effects::tests::lightning_direction_7_resolves_base_1110 ... FAILED
test effects::tests::lightning_production_frames_and_audio_are_integrity_closed ... FAILED
test effects::tests::lightning_target_anchored_no_fake_projectile ... FAILED
test effects::tests::lightning_waits_for_spell_completion_follows_caster_and_sounds_once ... FAILED
test effects::tests::magic_shield_late_join_restores_without_stale_snapshot_overriding_down ... FAILED
test effects::tests::magic_shield_up_is_idempotent_down_clears_and_recast_restores ... FAILED
test effects::tests::manifest_loads ... FAILED
test effects::tests::map_change_clears_return_effect ... FAILED
test effects::tests::map_changed_and_logout_clear_all_effects ... FAILED
test effects::tests::map_changed_and_logout_clear_runtime_retained_via_tick ... FAILED
test effects::tests::mask_frame_tracks_primary_frame ... FAILED
test effects::tests::mine_persistent_cleared_by_object_remove ... FAILED
test effects::tests::mine_value_7_resolves_effect_frame_56 ... FAILED
test effects::tests::missing_asset_produces_no_effect_and_no_panic ... ok
test effects::tests::missing_mask_falls_back_without_placeholder ... ok
test effects::tests::mixed_200_effects_remain_bounded ... ok
test effects::tests::native_gameplay_audio_allowlist_contains_every_implemented_combat_clip ... ok
test effects::tests::native_soak_metrics_gate_is_ten_seconds_and_saturating ... ok
test effects::tests::native_soak_metrics_json_has_bounded_effect_fields ... ok
test effects::tests::new_move_destination_uses_crystal_magic3_frames_and_expires_at_600ms ... FAILED
test effects::tests::object_magic_creates_cast_with_magic_0_frame ... FAILED
test effects::tests::object_projectile_from_player_to_monster_succeeds_with_merged_tiles ... FAILED
test effects::tests::object_spell_removed_by_object_remove ... FAILED
test effects::tests::object_spell_same_object_id_replaces_previous ... FAILED
test effects::tests::owner_revive_alias_packets_emit_one_effect_and_one_sound ... FAILED
test effects::tests::player_death_audio_waits_one_frame_and_lifecycle_packets_cancel_it ... ok
test effects::tests::player_revive_catalog_is_exact_magic2_twenty_frame_sequence ... FAILED
test effects::tests::player_revive_effect_and_audio_follow_self_remote_and_effect_gates ... FAILED
test effects::tests::player_struck_audio_resolves_weapon_armour_mount_and_gender_families ... ok
test effects::tests::projectile_duplicate_sequence_does_not_duplicate_projectile ... FAILED
test effects::tests::projectile_impact_does_not_start_before_projectile_completes ... ok
test effects::tests::projectile_midpoint_interpolation_is_precise ... ok
test effects::tests::projectile_uses_authoritative_destination_after_target_moves ... FAILED
test effects::tests::push_failure_does_not_commit_last_state ... ok
test effects::tests::real_trap_hexagon_object_spell_remains_until_authoritative_remove ... FAILED
test effects::tests::reconnect_reset_for_new_connection_allows_sequence_one ... FAILED
test effects::tests::reconnect_sequence_resets_via_generation ... FAILED
test effects::tests::return_effect_reverses_source_and_destination ... FAILED
test effects::tests::right_guard_range_hit_catalog_is_exact_crystal_contract ... FAILED
test effects::tests::right_guard_range_hit_restarts_per_pair_and_obeys_target_lifecycle ... FAILED
test effects::tests::right_guard_range_hit_source_boundary_is_prestart_through_400ms ... FAILED
test effects::tests::right_guard_range_hit_waits_four_frames_tracks_target_and_expires ... FAILED
test effects::tests::scarecrow_attack_audio_is_exact_and_same_batch_lifecycle_scoped ... ok
test effects::tests::scarecrow_attack_audio_uses_exact_actor_context_and_repeats_per_action ... ok
test effects::tests::scarecrow_death_audio_is_exact_and_lifecycle_scoped ... ok
test effects::tests::scarecrow_death_audio_uses_crystal_numeric_file_resolution_once ... ok
test effects::tests::scarecrow_struck_audio_dedupes_one_action_feed_tail_but_replays_after_consume ... ok
test effects::tests::scarecrow_struck_audio_preserves_flinch_then_crystal_weapon_family_order ... ok
test effects::tests::scarecrow_struck_unknown_attacker_lifecycle_and_lethal_order_are_fail_closed ... ok
test effects::tests::shadow_does_not_move_primary_sprite ... ok
test effects::tests::soul_fireball_cast_false_is_audio_only_and_never_creates_later_phases ... FAILED
test effects::tests::soul_fireball_locks_direction_at_launch_then_tracks_target_distance ... FAILED
test effects::tests::soul_fireball_map_change_clears_audio_only_and_delayed_projectile_state ... ok
test effects::tests::soul_fireball_object_magic_owns_delayed_projectile_impact_and_three_sounds ... FAILED
test effects::tests::soul_fireball_production_direction_frames_and_audio_are_integrity_closed ... FAILED
test effects::tests::soul_fireball_resolves_target_presence_at_launch_and_ignores_all_compat_packets ... FAILED
test effects::tests::spell_without_return_effect_has_no_return_phase ... FAILED
test effects::tests::visual_gate_hides_effects_without_discarding_live_instances ... ok
test effects::tests::warrior_attack_source_frames_cover_all_directions_and_packet_levels ... FAILED
test effects::tests::warrior_attack_uses_packet_spell_and_level_and_follows_actor ... FAILED
test entity_health::tests::confirmed_hit_reveals_zero_expiry_health_without_snapshot_or_healing_renewal ... ok
test entity_health::tests::health_packet_deadline_is_not_extended_by_snapshots_but_equal_health_new_packet_renews ... ok
test entity_health::tests::health_ui_retains_actor_bar_crops_fill_and_expires_without_another_packet ... ok
test entity_health::tests::real_damage_and_zero_expiry_health_packets_reach_the_bar_projection ... ok
test entity_overlays::tests::active_quest_monster_keeps_a_stable_marker_when_names_are_hidden ... ok
test entity_overlays::tests::argb_requires_alpha_and_preserves_channels ... ok
test entity_overlays::tests::dead_entities_keep_crystal_nameplates_shifted_down_without_self_health ... ok
test entity_overlays::tests::drop_view_image_uses_the_world_items_actual_dnitems_frame_and_position ... FAILED
test entity_overlays::tests::drop_view_spawns_a_pickup_image_and_removes_it_with_the_drop ... FAILED
test entity_overlays::tests::identical_payload_does_not_rebuild_entity_overlays ... ok
test entity_overlays::tests::living_names_follow_name_view_and_hover_identity_without_duplicates ... ok
test entity_overlays::tests::marker_entity_survives_rebuilds_animation_and_status_changes_then_leaves ... ok
test entity_overlays::tests::motion_offsets_keep_self_locked_and_move_remote_drop_and_damage_labels ... ok
test entity_overlays::tests::name_and_drop_view_are_independent_presentation_gates ... ok
test entity_overlays::tests::nameplate_outline_matches_mir_label_four_pass_geometry ... ok
test entity_overlays::tests::native_nameplates_translate_catalog_entities_but_not_players_guilds_or_pets ... ok
test entity_overlays::tests::npc_quest_markers_follow_authoritative_quest_status ... ok
test entity_overlays::tests::overlays_match_crystal_cell_offsets_names_and_self_health ... ok
test entity_overlays::tests::packet_damage_events_are_deduplicated_capped_and_animated_over_target ... ok
test entity_overlays::tests::player_guild_and_name_follow_crystal_two_line_offsets_and_color ... ok
test entity_overlays::tests::player_guild_lines_follow_name_view_and_hover_without_duplicates ... ok
test entity_overlays::tests::self_name_and_health_reanchor_when_render_payload_moves_without_raw_snapshot ... ok
test entity_overlays::tests::world_nameplate_is_pixel_stable_across_run_ack_center_rebase ... ok
test entity_presentation::tests::animation_advances_without_another_gateway_payload ... FAILED
test entity_presentation::tests::attack_packet_waits_for_local_run_window_before_rendering_attack_pose ... ok
test entity_presentation::tests::attack_range_two_parser_uses_the_crystal_player_action ... ok
test entity_presentation::tests::authoritative_move_uses_wall_clock_and_keeps_self_screen_locked ... ok
test entity_presentation::tests::authoritative_turn_selects_all_eight_real_player_directions_for_every_actor_layer ... FAILED
test entity_presentation::tests::cannibal_plant_hide_finishes_before_visual_suppression_and_show_restores_it ... FAILED
test entity_presentation::tests::crystal_selected_monster_redraw_stays_between_real_front_tiles_and_effects ... FAILED
test entity_presentation::tests::crystal_selected_redraw_precedes_same_and_cross_actor_flaming_sword_effects ... FAILED
test entity_presentation::tests::crystal_selected_remote_player_redraws_exact_composite_at_thirty_percent ... FAILED
test entity_presentation::tests::duplicate_action_sequence_does_not_restart_animation ... FAILED
test entity_presentation::tests::effect_option_removes_and_restores_scarecrow_post_world_layer_without_new_packet ... ok
test entity_presentation::tests::hover_cursor_and_highlight_setting_republish_without_authoritative_packet ... ok
test entity_presentation::tests::late_self_run_ack_never_replays_completed_prediction_or_blocks_correction ... ok
test entity_presentation::tests::local_revived_standing_interrupts_dead_with_stale_locomotion_queued ... ok
test entity_presentation::tests::local_self_command_starts_pixels_immediately_and_ack_keeps_its_window ... ok
test entity_presentation::tests::mismatched_animation_and_motion_clocks_detect_attack_motion_overlap_once ... ok
test entity_presentation::tests::monster_run_normalizes_to_supported_walk_cycle ... ok
test entity_presentation::tests::mounted_run_remains_six_phases ... ok
test entity_presentation::tests::mounted_walk_uses_eight_phases_and_packet_carried_wall_clock ... ok
test entity_presentation::tests::movement_collision_uses_live_payload_and_does_not_block_on_corpses ... ok
test entity_presentation::tests::movement_phase_and_packet_time_metadata_are_bounded ... ok
test entity_presentation::tests::movement_prediction_uses_crystal_run_distance_and_real_motion_window ... ok
test entity_presentation::tests::movement_sort_anchor_expires_without_waiting_for_another_snapshot ... ok
test entity_presentation::tests::native_attack_selection_is_projected_into_the_render_only_payload ... ok
test entity_presentation::tests::native_hover_cursor_is_independent_of_highlight_and_uses_runtime_gates ... ok
test entity_presentation::tests::native_motion_offset_matches_crystal_phase_boundaries_and_even_pixels ... ok
test entity_presentation::tests::overlapping_player_moves_continue_fractional_motion_and_restart_visible_phase ... FAILED
test entity_presentation::tests::projectile_completion_gate_uses_dead_action_not_dead_flag ... ok
test entity_presentation::tests::removed_hidden_object_does_not_suppress_a_reused_object_id ... FAILED
test entity_presentation::tests::rendered_hover_identity_is_published_and_cleared_fail_closed ... ok
test entity_presentation::tests::same_frame_packet_payloads_retain_attack_then_struck_in_action_feed ... ok
test entity_presentation::tests::stale_self_source_echo_keeps_the_active_target_and_motion_window ... ok
test entity_presentation::tests::unchanged_correction_removes_only_the_local_prediction ... ok
test entity_presentation::tests::vis01_bichon_actor_transcript_drives_packets_clocks_layers_and_real_front_occlusion ... ok
test entity_presentation::tests::vis01_bichon_actor_transcript_routes_through_candidate_manifests_and_map_state ... FAILED
test equipment_creature_wire::tests::generic_ui_packet_route_is_an_allowlist ... ok
test equipment_creature_wire::tests::ordinary_menu_commands_use_crystal_host_ids_and_gateway_field_names ... ok
test equipment_creature_wire::tests::packet_projection_preserves_source_fishing_flags_and_creature_subscription_list ... ok
test equipment_creature_wire::tests::source_equipment_ack_requires_all_identity_fields_and_preserves_failure ... ok
test frame_sets::pet_frames_tests::all_fifteen_pet_libraries_load_embedded_frame_sets_instead_of_generic_monster ... FAILED
test frame_sets::tests::archer_alt_library_uses_its_compact_walk_run_and_range_two_tables ... ok
test frame_sets::tests::explicit_revive_preserves_source_reverse_flag ... ok
test frame_sets::tests::generated_monster_dash_attack_keeps_its_library_specific_descriptor ... ok
test frame_sets::tests::library_catalog_uses_exact_counts_skips_intervals_and_fallbacks ... ok
test frame_sets::tests::malformed_or_unknown_library_uses_kind_default ... ok
test frame_sets::tests::mounted_player_uses_crystal_mounted_body_offsets ... ok
test frame_sets::tests::scarecrow_revive_uses_the_exact_generated_crystal_descriptor ... ok
test gameplay_bridge::pet_actor_tests::packet_only_pet_keeps_ai_and_all_attack_types_without_changing_player_attack ... ok
test gameplay_bridge::status_buff_order_tests::ordered_buff_deltas_survive_world_replacement_and_old_generation_is_discarded ... ok
test gameplay_bridge::tests::adapter_merges_definition_with_authoritative_snapshot ... ok
test gameplay_bridge::tests::allow_observe_is_authoritative_through_adapter_and_shared_ui_state ... ok
test gameplay_bridge::tests::attack_target_forwarding_accepts_native_osk_alt_snapshot ... ok
test gameplay_bridge::tests::attack_target_forwarding_applies_crystal_alt_shift_and_normal_click_order ... ok
test gameplay_bridge::tests::big_map_intents_cross_only_the_ingame_gateway_boundary ... ok
test gameplay_bridge::tests::big_map_packets_replace_duplicate_data_track_position_and_reset_boundaries ... ok
test gameplay_bridge::tests::cached_self_attack_cannot_separate_player_from_camera_after_movement ... ok
test gameplay_bridge::tests::chat_gate_drops_blocked_world_intent_and_closing_allows_one_new_action ... ok
test gameplay_bridge::tests::combat_batch_keeps_latest_target_and_saturated_lane_never_replays_old_attack ... ok
test gameplay_bridge::tests::completed_quest_history_isolated_across_generation_logout_and_disconnect ... ok
test gameplay_bridge::tests::completed_quest_history_isolated_when_character_identity_changes ... ok
test gameplay_bridge::tests::completed_quest_packet_is_authoritative_and_survives_snapshots_without_history ... ok
test gameplay_bridge::tests::completed_quest_snapshot_replaces_packet_history_including_empty ... ok
test gameplay_bridge::tests::crystal_alt_click_delegates_corpse_validation_and_requires_monster_ai_and_no_mount ... ok
test gameplay_bridge::tests::crystal_alt_click_same_tile_uses_up_without_enabling_same_tile_combat ... ok
test gameplay_bridge::tests::crystal_archer_range_boundary_allows_nine_tiles_and_blocks_ten ... ok
test gameplay_bridge::tests::crystal_archer_range_two_spell_table_is_exact_and_fails_closed ... ok
test gameplay_bridge::tests::crystal_click_keeps_modal_dead_and_non_ingame_gates ... ok
test gameplay_bridge::tests::crystal_click_semantics_match_shift_and_normal_archer_range_branches ... ok
test gameplay_bridge::tests::crystal_markup_keeps_visible_label ... ok
test gameplay_bridge::tests::crystal_normal_archer_blocks_fishing_but_shift_keeps_crystal_semantics ... ok
test gameplay_bridge::tests::crystal_normal_range_click_fails_closed_when_authoritative_state_is_unknown ... ok
test gameplay_bridge::tests::crystal_shift_checks_dazed_but_normal_archer_branch_does_not ... ok
test gameplay_bridge::tests::crystal_start_order_preserves_map_information_through_user_information ... ok
test gameplay_bridge::tests::damage_indicator_preserves_authoritative_damage_fields_once ... ok
test gameplay_bridge::tests::detail_turn_in_interaction_rejects_dead_notice_wrong_npc_and_stale_quest_state ... ok
test gameplay_bridge::tests::detail_turn_in_interaction_revalidates_pending_scope_without_opening_world_clicks ... ok
test gameplay_bridge::tests::directional_harvest_intent_requires_alt_no_mount_and_valid_direction ... ok
test gameplay_bridge::tests::fallback_target_uses_only_live_hostile_entities ... ok
test gameplay_bridge::tests::fallback_uses_nearest_hostile_without_a_valid_selection ... ok
test gameplay_bridge::tests::gateway_world_snapshot_shape_parses_and_resolves_native_combat_intents ... ok
test gameplay_bridge::tests::guild_storage_helpers_map_typed_commands_and_reject_invalid_input ... ok
test gameplay_bridge::tests::harvest_packets_drive_player_harvest_and_corpse_skeleton_actions ... ok
test gameplay_bridge::tests::incremental_npc_packet_preserves_authoritative_quest_marker_fields ... ok
test gameplay_bridge::tests::inventory_ui_intents_map_to_exact_native_commands ... ok
test gameplay_bridge::tests::later_authoritative_snapshot_relationship_supersedes_monster_packet_overlay ... ok
test gameplay_bridge::tests::locally_rejected_stale_abandon_releases_its_pending_key ... ok
test gameplay_bridge::tests::map_information_identity_change_clears_source_population_but_preserves_self ... ok
test gameplay_bridge::tests::missing_native_ui_resource_still_fails_closed_for_dialog_and_dead_state ... ok
test gameplay_bridge::tests::modal_gate_blocks_world_origins_but_keeps_modal_quest_actions_functional ... ok
test gameplay_bridge::tests::monster_packet_preserves_snapshot_relationship_and_death_transform ... ok
test gameplay_bridge::tests::mount_update_overlays_the_next_struck_sound_context_before_a_snapshot ... ok
test gameplay_bridge::tests::movement_and_combat_packets_emit_monotonic_animation_hints ... ok
test gameplay_bridge::tests::newer_self_combat_packet_overrides_older_movement_hint ... ok
test gameplay_bridge::tests::newer_self_object_actions_survive_retained_owner_movement_and_struck_hints ... ok
test gameplay_bridge::tests::npc_image_derivation_preserves_explicit_sprite_and_yields_to_snapshot_sprite ... ok
test gameplay_bridge::tests::npc_service_reopen_requires_an_accepted_new_outbound_request ... ok
test gameplay_bridge::tests::npc_service_request_batches_preserve_the_last_exit_even_when_sending_fails ... ok
test gameplay_bridge::tests::object_attack_preserves_spell_fields_for_native_attack_overlays ... ok
test gameplay_bridge::tests::object_hide_and_show_preserve_entity_for_source_animation ... ok
test gameplay_bridge::tests::object_magic_projects_archer_range_two_into_the_native_player_action ... ok
test gameplay_bridge::tests::object_player_packet_preserves_authoritative_appearance_for_native_rendering ... ok
test gameplay_bridge::tests::occupied_transaction_lane_rolls_back_all_game_shop_pending_state ... ok
test gameplay_bridge::tests::owner_magic_fails_closed_without_authoritative_source_context ... ok
test gameplay_bridge::tests::owner_magic_rehydrates_authoritative_source_for_native_cast_effects ... ok
test gameplay_bridge::tests::packet_first_ground_drop_spawn_and_remove_override_snapshot ... ok
test gameplay_bridge::tests::packet_first_monster_health_and_tombstone_override_stale_snapshot ... ok
test gameplay_bridge::tests::packet_first_monster_uses_gateway_sprite_and_neutral_relationship ... ok
test gameplay_bridge::tests::packet_first_self_health_updates_hud_fields_and_self_entity ... ok
test gameplay_bridge::tests::packet_only_npcs_derive_crystal_image_libraries_without_npc_zero_fallback ... FAILED
test gameplay_bridge::tests::parcel_attachment_mapping_accepts_both_logical_bag_pages_only ... ok
test gameplay_bridge::tests::parcel_intents_emit_server_validated_cost_lock_and_stamp_preference ... ok
test gameplay_bridge::tests::quest_adapter_displays_server_defined_daily_and_milestone_ids ... ok
test gameplay_bridge::tests::quest_definition_preserves_explicit_diary_zero_indices ... ok
test gameplay_bridge::tests::quest_nack_survives_a_later_plain_snapshot_in_the_same_bevy_frame ... ok
test gameplay_bridge::tests::quest_reward_parser_preserves_zero_count_instead_of_inventing_one ... ok
test gameplay_bridge::tests::raw_map_information_then_location_rejects_a_delayed_source_map_snapshot ... ok
test gameplay_bridge::tests::reconnect_generation_rejects_old_ack_and_releases_old_pending ... ok
test gameplay_bridge::tests::remote_revive_always_animates_but_preserves_effect_gate_for_native_vfx ... ok
test gameplay_bridge::tests::removed_selected_target_falls_back_to_nearest_live_hostile ... ok
test gameplay_bridge::tests::repeated_object_health_refreshes_packet_revision_without_damage_or_animation ... ok
test gameplay_bridge::tests::retained_combat_selection_survives_passive_hud_hover_but_not_modal_input ... ok
test gameplay_bridge::tests::retained_quest_retry_rebinds_after_generation_release ... ok
test gameplay_bridge::tests::right_guard_range_attack_preserves_wire_fields_and_actor_context ... ok
test gameplay_bridge::tests::selected_target_with_unknown_max_hp_is_retained_without_fabricated_health ... ok
test gameplay_bridge::tests::selected_town_guard_is_not_exposed_as_a_combat_target ... ok
test gameplay_bridge::tests::self_attack_uses_action_direction_without_replaying_action_location ... ok
test gameplay_bridge::tests::self_death_packet_overrides_stale_full_health_snapshot ... ok
test gameplay_bridge::tests::self_movement_ack_buffer_is_bounded_and_keeps_newest_order ... ok
test gameplay_bridge::tests::self_run_death_and_revive_keep_crystal_local_action_semantics ... ok
test gameplay_bridge::tests::self_struck_captures_authoritative_target_and_attacker_sound_context ... ok
test gameplay_bridge::tests::set_generation_clears_zone_and_resets_sequences ... ok
test gameplay_bridge::tests::snapshot_exposes_real_dialog_target_combat_and_drop_ids ... ok
test gameplay_bridge::tests::snapshot_reconciliation_keeps_renderer_npc_selection_on_the_same_map ... ok
test gameplay_bridge::tests::start_game_packet_order_retains_completion_through_first_snapshot ... ok
test gameplay_bridge::tests::sustained_backpressure_keeps_original_pickup_ahead_of_overflow_and_sends_it_once ... ok
test gameplay_bridge::tests::trade_item_intents_preserve_slots_and_wait_for_authoritative_ack ... ok
test gameplay_bridge::tests::trade_item_send_failure_releases_only_the_unsent_operation ... ok
test gameplay_bridge::tests::trade_merge_and_move_unsent_intents_release_exact_inventory_pending ... ok
test gameplay_bridge::tests::unknown_show_is_a_noop_and_unknown_or_non_cannibal_hide_removes ... ok
test gameplay_bridge::tests::update_notice_is_connection_scoped_and_monotonic ... ok
test gameplay_bridge::tests::user_and_object_dash_attack_update_transform_and_native_action_once ... ok
test gameplay_bridge::tests::user_information_bootstraps_authoritative_observe_state ... ok
test gameplay_bridge::tests::user_location_overlays_stale_personal_snapshot ... ok
test gameplay_bridge::tests::valid_selected_target_overrides_a_nearer_hostile ... ok
test gameplay_bridge::tests::world_click_state_preserves_authoritative_predicates_without_inference ... ok
test gameplay_bridge::tests::world_snapshot_decodes_exact_rejected_quest_operation_ack ... ok
test gameplay_bridge::tests::zone_entity_tiles_merges_world_payload_and_zone_overlay ... ok
test gameplay_bridge::tests::zone_entity_tiles_supports_player_object_id_without_zone_packet ... ok
test gateway::account_feedback::tests::code_only_errors_stay_diagnosable_without_inventing_a_cause ... ok
test gateway::account_feedback::tests::legacy_nested_errors_and_unknown_server_reasons_are_preserved ... ok
test gateway::account_feedback::tests::public_flat_rate_limit_retains_the_actual_retry_interval ... ok
test gateway::account_feedback::tests::registration_feedback_explains_password_and_duplicate_rejections ... ok
test gateway::guild_wire_tests::guild_buff_delta_keeps_source_ids_stats_and_duration ... ok
test gateway::guild_wire_tests::guild_buff_requests_serialize_as_ordinary_browser_commands ... ok
test gateway::handshake_tests::native_gateway_handshake_preserves_existing_remote_tls_and_no_credentials_policy ... ok
test gateway::handshake_tests::native_gateway_initial_and_resume_handshakes_pass_an_exact_origin_allowlist ... ok
test gateway::handshake_tests::native_gateway_origin_uses_only_http_scheme_host_and_non_default_port ... ok
test gateway::handshake_tests::native_gateway_wss_initial_and_resume_begin_tls_instead_of_plaintext ... ok
test gateway::map_identity_tests::actual_d401_catalog_map_information_and_snapshot_keep_minimap_and_quest_identity ... ok
test gateway::map_identity_tests::map_identity_information_only_transfer_rejects_source_but_keeps_receipts ... ok
test gateway::map_identity_tests::map_identity_missing_or_zero_minimap_cannot_reuse_previous_image_and_reconnect_resets ... ok
test gateway::map_identity_tests::map_identity_packet_replaces_source_metadata_before_partial_snapshot ... ok
test gateway::map_identity_tests::map_identity_stale_snapshot_receipts_do_not_project_actors ... ok
test gateway::ranking_projection_tests::friend_projection_preserves_blocked_identity_and_empty_memos ... ok
test gateway::ranking_projection_tests::player_inspect_readback_keeps_named_subject_and_empty_slots_without_grants ... ok
test gateway::tests::actual_server_skill_fixture_keeps_authoritative_spell_and_optional_mp_cost ... ok
test gateway::tests::authoritative_skill_names_survive_alias_snapshots_and_reset ... ok
test gateway::tests::authoritative_world_skills_are_forwarded_to_the_native_skill_resource ... ok
test gateway::tests::awaiting_resume_cancel_is_a_single_outer_data_reset_and_never_reconnects ... ok
test gateway::tests::catalogue_shop_preview_keeps_base_image_even_with_large_count ... ok
test gateway::tests::command_drain_coalesces_players_and_preserves_explicit_leave ... ok
test gateway::tests::command_drain_leaves_reliable_wire_overflow_for_the_next_batch ... ok
test gateway::tests::correlated_transaction_inserted_during_drain_waits_for_next_batch ... ok
test gateway::tests::crystal_packet_tooltip_projection_preserves_instance_preview_and_viewer_semantics ... ok
test gateway::tests::d401_minimap_transform_uses_authoritative_index_and_parsed_dimensions ... FAILED
test gateway::tests::direct_chat_line_transform_preserves_system_message_and_channel ... ok
test gateway::tests::entity_model_transform_matches_the_shared_entity_shape ... ok
test gateway::tests::equipment_storage_ack_transform_preserves_identity_and_failure ... ok
test gateway::tests::equivalent_map_file_spellings_do_not_clear_the_live_scene ... ok
test gateway::tests::exact_receipt_before_protocol_error_is_never_changed_to_unknown ... ok
test gateway::tests::exact_receipt_is_reserved_once_and_wrong_flood_cannot_overwrite_it ... ok
test gateway::tests::exact_receipt_then_semantic_invalid_is_quarantined_and_consumed_once_by_full_plugins ... ok
test gateway::tests::failed_magic_and_foreign_actor_packets_never_start_owner_cooldowns ... ok
test gateway::tests::game_shop_packet_transforms_keep_cash_catalog_and_stock_patch_separate ... ok
test gateway::tests::game_shop_transaction_lane_survives_normal_saturation_and_delivers_exactly_once ... ok
test gateway::tests::gateway_map_information_survives_schema_snapshots_until_the_map_changes ... ok
test gateway::tests::hero_receipt_backpressure_preserves_all_processed_models_before_latest ... ok
test gateway::tests::initial_bootstrap_waits_until_world_snapshot_ingest_is_applied ... ok
test gateway::tests::inventory_ack_transform_requires_complete_correlatable_fields ... ok
test gateway::tests::inventory_transform_groups_items_by_container ... FAILED
test gateway::tests::inventory_transform_normalizes_named_equipment_slots_and_nulls ... ok
test gateway::tests::inventory_transform_uses_only_explicit_crystal_array_capacity ... ok
test gateway::tests::mail_reader_metadata_and_exact_source_icons_survive_wire_transform ... ok
test gateway::tests::malformed_quest_operation_ack_is_a_transport_error ... ok
test gateway::tests::malformed_skill_packets_and_name_only_matches_fail_closed ... ok
test gateway::tests::map_change_is_scene_only_while_true_session_boundaries_clear_personal_models ... ok
test gateway::tests::map_information_replaces_retained_map_identity_and_source_population ... ok
test gateway::tests::map_model_transform_matches_the_shared_map_shape ... ok
test gateway::tests::native_lighting_publisher_retries_backpressure_and_clears_per_generation ... ok
test gateway::tests::native_resume_connect_handshake_can_be_cancelled_before_a_websocket_response ... ok
test gateway::tests::native_resume_deadline_covers_waiting_for_resume_result_without_hanging ... ok
test gateway::tests::native_resume_logout_cancels_pending_resume_without_retry ... ok
test gateway::tests::native_resume_minimal_socket_contract_reconnects_and_accepts_post_resume_snapshot ... ok
test gateway::tests::native_resume_rejected_is_terminal_and_never_replays_queued_input ... ok
test gateway::tests::native_resume_round_trip_preserves_only_post_resume_authority ... ok
test gateway::tests::native_skill_transform_preserves_exact_readiness_including_zero_and_legacy_absence ... ok
test gateway::tests::native_ui_cursor_applies_explicit_updates_and_map_changed_identity ... ok
test gateway::tests::native_ui_cursor_preserves_user_information_across_partial_snapshots ... ok
test gateway::tests::native_ui_wing_effect_uses_only_self_authority_and_zero_clears_it ... ok
test gateway::tests::npc_goods_then_npc_sell_preserves_buy_and_sell_for_one_service_session ... ok
test gateway::tests::null_pre_bootstrap_stats_coalesce_to_typed_zeroes ... ok
test gateway::tests::object_chat_line_transform_extracts_text_and_channel ... ok
test gateway::tests::outer_terminal_pending_without_receipt_still_becomes_unknown ... ok
test gateway::tests::outer_terminal_transitions_preserve_and_apply_exact_receipt_to_all_owners ... ok
test gateway::tests::parcel_service_packets_preserve_source_order_without_local_correlation ... ok
test gateway::tests::pearl_goods_currency_survives_snapshot_and_normal_catalogue_resets_it ... ok
test gateway::tests::personal_skill_deltas_reject_other_or_missing_object_ids ... ok
test gateway::tests::player_intents_serialize_to_the_browser_command_protocol ... ok
test gateway::tests::player_weight_projection_preserves_u32_and_clears_null_missing_or_partial ... ok
test gateway::tests::prewrite_storage_in_resume_and_pre_normal_paths_resets_without_socket_write ... ok
test gateway::tests::prewrite_storage_in_retry_and_connect_wait_resets_and_never_replays ... ok
test gateway::tests::prewrite_transaction_frozen_awaiting_resume_marks_all_owners_unknown_once ... ok
test gateway::tests::prewrite_transaction_in_connect_wait_resets_once_and_is_not_replayed ... ok
test gateway::tests::prewrite_transaction_in_retry_wait_resets_once_and_is_not_replayed ... ok
test gateway::tests::production_command_queue_is_bounded_and_priority_leave_survives_full_normal_lane ... ok
test gateway::tests::quest_operation_ack_is_removed_before_world_payload_is_cached ... ok
test gateway::tests::quest_trade_and_guild_packet_adapters_retain_complete_tooltip_sources ... ok
test gateway::tests::real_magic_icons_override_catalog_snapshots_and_reset_at_session_boundary ... ok
test gateway::tests::real_template_key_keeps_explicit_instance_id_through_ui_intent_and_ack ... ok
test gateway::tests::receipt_reserve_backpressure_is_terminal_unknown_not_acknowledgement ... ok
test gateway::tests::receive_mail_packet_accepts_concrete_client_mail_shape ... ok
test gateway::tests::reconnect_defaults_are_fourteen_seconds_and_five_attempts ... ok
test gateway::tests::reconnect_reset_policy_preserves_transient_loss_and_separates_terminal_states ... ok
test gateway::tests::recovered_npc_goods_populates_only_the_independent_npc_shop_model ... ok
test gateway::tests::recovered_receive_mail_feedback_is_bounded_and_waits_for_accepted_delivery ... ok
test gateway::tests::recovered_storage_packets_decode_only_correlatable_items_and_metadata ... ok
test gateway::tests::resumable_socket_malformed_receipt_terminates_written_purchase_once ... ok
test gateway::tests::resumable_socket_oversize_frame_terminates_before_parse_once ... ok
test gateway::tests::resumable_socket_read_error_then_disconnect_resets_written_purchase_exactly_once ... ok
test gateway::tests::resume_credential_during_resume_lifecycle_cannot_refresh_deadline_or_attempt_budget ... ok
test gateway::tests::resume_credential_is_strictly_bounded_and_debug_redacted ... ok
test gateway::tests::resume_handshake_failure_transitions_retry_then_terminal_and_initial ... ok
test gateway::tests::retry_delay_is_jittered_but_bounded_by_config ... ok
test gateway::tests::saturated_storage_patch_falls_back_to_non_evictable_reset_barrier ... ok
test gateway::tests::second_correlated_transaction_fails_closed_while_lane_is_occupied ... ok
test gateway::tests::second_game_shop_transaction_fails_closed_while_lane_is_occupied ... ok
test gateway::tests::shell_dispatch_flat_registration_limit_releases_pending_request_and_explains_wait ... ok
test gateway::tests::shell_dispatch_maps_change_password_banned_reason_and_expiry_without_credentials ... ok
test gateway::tests::shell_dispatch_maps_change_password_success_and_failure_without_credentials ... ok
test gateway::tests::shell_dispatch_maps_crystal_login_result_codes_to_actionable_messages ... ok
test gateway::tests::shell_dispatch_maps_new_account_result_codes ... ok
test gateway::tests::shell_dispatch_requires_start_game_result_four ... ok
test gateway::tests::shell_dispatch_uses_real_login_roster_but_waits_for_applied_world_snapshot ... ok
test gateway::tests::skill_cast_sequence_is_an_event_and_delay_is_milliseconds ... ok
test gateway::tests::skill_experience_new_magic_keeps_server_threshold_override_until_session_reset ... ok
test gateway::tests::skill_experience_projection_uses_real_snapshot_and_catalog_needs ... ok
test gateway::tests::skill_name_metadata_cap_preserves_known_iconless_updates ... ok
test gateway::tests::skill_packets_win_over_stale_snapshot_and_fresh_tick_retires_patch ... ok
test gateway::tests::skill_receipt_retry_keeps_its_own_keys_before_latest_snapshot ... ok
test gateway::tests::snapshot_mail_accepts_stage5_shape_and_hides_deleted_rows ... ok
test gateway::tests::source_zero_image_keeps_full_frame_metadata_but_legacy_zero_stays_absent ... ok
test gateway::tests::spell_toggle_packet_updates_can_use_without_retyping_or_cross_object_pollution ... ok
test gateway::tests::storage_password_receipts_preserve_results_without_echoing_credentials ... ok
test gateway::tests::storage_transaction_lane_survives_normal_saturation_and_delivers_exactly_once ... ok
test gateway::tests::three_class_successful_magic_receipts_start_owner_cooldowns_once_per_event ... ok
test gateway::tests::tickless_patch_removal_and_vitals_apply_to_next_snapshot_then_retire ... ok
test gateway::tests::trade_item_tooltip_adapter_preserves_holes_and_rejects_malformed_wire_rows ... ok
test gateway::tests::transform_derives_movement_duration_from_until_minus_started ... ok
test gateway::tests::transform_extracts_player_stats_for_the_hud ... ok
test gateway::tests::transform_preserves_core_fields_and_converts_object_ids_to_strings ... ok
test gateway::tests::transformed_snapshot_parses_into_the_runtime_world_snapshot_shape ... ok
test gateway::tests::typed_big_map_packets_forward_an_immediate_model_only_snapshot ... ok
test gateway::tests::ui_read_model_transform_matches_the_shared_hud_shape ... ok
test gateway::tests::user_information_immediately_populates_gold_and_credit_read_model ... ok
test gateway::tests::user_item_count_images_and_true_size_refresh_across_native_surfaces ... FAILED
test gateway::tests::user_item_selector_never_guesses_identity_from_names_or_partial_info ... ok
test gateway::tests::user_location_extracts_exact_self_movement_ack_even_for_same_tile ... ok
test gateway::tests::user_location_fast_path_does_not_republish_unrelated_aux_models ... ok
test gateway::tests::wallet_cursor_overlays_stale_user_information_before_hud_transform ... ok
test gateway::tests::wallet_delta_packets_update_absolute_shared_wallet_cursor ... ok
test gateway::tests::wrong_receipt_for_in_flight_purchase_resets_to_unknown ... ok
test gateway::trade_projection::tests::own_trade_snapshot_clears_only_explicit_own_offer_and_does_not_settle ... ok
test gateway::trade_projection::tests::own_trade_snapshot_keeps_exact_slots_instances_metadata_and_guest_state ... ok
test gateway::trade_projection::tests::own_trade_snapshot_never_accepts_or_reopens_an_exchange ... ok
test gateway::trade_projection::tests::own_trade_snapshot_rejects_missing_malformed_wrong_owner_and_currency ... ok
test gateway::trade_projection::tests::own_trade_snapshot_rejects_swapped_duplicate_or_nonbag_items_without_guessing_names ... ok
test hero_wire::tests::hero_belt_keeps_exact_uid_and_hero_grid_without_player_slot_alias ... ok
test input::big_map_input::tests::hunt_navigation_region_search_avoids_occupied_goal_tiles_and_reports_unreachable_areas ... ok
test input::big_map_input::tests::long_route_passes_gap_and_does_not_use_twenty_tile_click_limit ... ok
test input::spell_targeting::tests::ground_spell_uses_cursor_and_never_selected_combat_target ... ok
test input::spell_targeting::tests::source_target_race_dead_and_pet_master_rules_use_authoritative_fields ... ok
test input::spell_targeting::tests::target_spell_prefers_hover_and_remembers_monster_but_healing_defaults_self ... ok
test input::tests::active_auto_path_survives_cursor_crossing_an_actor ... ok
test input::tests::alt_left_on_empty_world_harvests_cardinal_tile_and_repeats_until_release ... ok
test input::tests::alt_left_on_same_empty_tile_uses_crystal_up_fallback_and_respects_gates ... ok
test input::tests::alt_npc_click_keeps_immediate_call_and_existing_five_second_guard ... ok
test input::tests::archer_target_outside_range_does_not_walk_but_attacks_when_target_enters_range ... ok
test input::tests::attack_request_cadence_uses_crystal_stats_and_floor ... ok
test input::tests::attack_waits_for_visible_self_motion_but_not_delayed_ack ... ok
test input::tests::authoritative_snapshot_progress_advances_auto_path_without_packet_ack ... ok
test input::tests::autorun_moves_without_mouse_hold_and_stays_ack_bounded ... ok
test input::tests::big_map_input_tests::authored_shop_door_still_rejects_occupancy_and_neighboring_walls ... FAILED
test input::tests::big_map_input_tests::big_map_close_controls_do_not_click_through_and_cancel_a_running_route ... FAILED
test input::tests::big_map_input_tests::imported_oma_entrance_source_tile_is_statically_walkable ... FAILED
test input::tests::big_map_input_tests::left_and_right_map_clicks_send_ack_bounded_movement_and_survive_mouse_up_without_new_move ... FAILED
test input::tests::big_map_input_tests::map_image_coordinates_follow_stage_fit_and_exclude_panel_controls ... ok
test input::tests::big_map_input_tests::occupied_entrance_reports_a_retryable_dynamic_blocker ... FAILED
test input::tests::big_map_input_tests::remote_map_and_modal_clicks_never_fall_through_to_world_input ... FAILED
test input::tests::big_map_input_tests::small_map_click_geometry_tracks_centered_image_at_each_window_scale ... ok
test input::tests::big_map_input_tests::travis_supply_route_walks_bichon_and_both_ordinary_shop_rooms ... FAILED
test input::tests::classic_right_hold_tracks_cursor_without_path_and_stops_on_release ... FAILED
test input::tests::closing_a_panel_restores_input_and_emits_only_once ... ok
test input::tests::configured_direct_mode_uses_ordinary_wire_and_modal_blocks_it ... ok
test input::tests::correction_clears_the_entire_speculative_movement_window ... ok
test input::tests::crystal_auto_path_prefers_the_direct_open_route ... ok
test input::tests::crystal_bound_d_does_not_emit_prototype_walk_or_prediction ... ok
test input::tests::crystal_pointer_plan_degrades_run_then_steers_around_occupied_first_tile ... ok
test input::tests::crystal_primary_skill_bar_uses_unmodified_function_keys ... ok
test input::tests::delayed_movement_ack_does_not_queue_or_retry_after_timeout ... ok
test input::tests::digit1_uses_occupied_belt_slot ... ok
test input::tests::disabling_new_move_cancels_released_pointer_path_but_preserves_other_navigation ... ok
test input::tests::distant_npc_click_queues_interaction_immediately_without_movement ... ok
test input::tests::e_rotates_current_facing_right_by_one_crystal_direction ... ok
test input::tests::empty_ground_harvest_hold_does_not_leak_when_cursor_moves_onto_actor ... ok
test input::tests::escape_cancels_a_queued_quest_route_before_it_can_start ... ok
test input::tests::f2_prefers_explicit_server_hotkey_over_learned_order ... ok
test input::tests::flaming_sword_f1_always_requests_arming_like_crystal ... ok
test input::tests::gameplay_gate_matrix_blocks_every_registered_world_action ... ok
test input::tests::harvest_hold_clears_on_alt_loss_focus_ui_or_hover_target_change ... ok
test input::tests::held_alt_left_repeats_harvest_at_crystal_action_interval_and_release_stops ... ok
test input::tests::held_quest_route_button_never_clicks_through_and_releases_to_the_bridge ... ok
test input::tests::hero_manual_cast_stays_closed_until_shared_actor_authority_is_verified ... ok
test input::tests::keyboard_prediction_is_retired_by_the_shared_authoritative_ack_controller ... ok
test input::tests::late_ack_does_not_renew_expired_run_eligibility ... ok
test input::tests::later_authoritative_snapshot_can_confirm_the_whole_buffered_prefix ... ok
test input::tests::left_hold_on_empty_world_walks_only_after_authoritative_progress ... ok
test input::tests::left_hold_picks_up_after_authoritative_arrival_on_cursor_tile ... ok
test input::tests::minimap_input_tests::minimap_both_buttons_route_without_bigmap_metadata_or_new_move_at_all_stage_scales ... FAILED
test input::tests::minimap_input_tests::minimap_can_replace_a_route_while_big_map_is_open_without_clicking_world ... FAILED
test input::tests::minimap_input_tests::minimap_click_respects_modals_dead_player_focus_and_overlapping_inventory ... FAILED
test input::tests::minimap_input_tests::minimap_frame_and_collapsed_buttons_consume_press_at_displayed_positions ... FAILED
test input::tests::minimap_input_tests::minimap_occupied_destination_gives_feedback_without_world_click_fallback ... FAILED
test input::tests::minimap_input_tests::minimap_stale_or_loading_image_is_consumed_without_world_actions ... FAILED
test input::tests::missing_self_entity_clears_pending_movement_controller ... ok
test input::tests::monster_click_chases_moving_target_then_attacks_after_ack_and_stops_on_death ... ok
test input::tests::movement_deadlines_use_real_time_after_frame_stall ... ok
test input::tests::name_only_skill_f1_does_not_emit_magic ... ok
test input::tests::native_hud_menu_pointer_press_with_closed_panels_does_not_arm_world_walk ... ok
test input::tests::native_hud_pointer_geometry_uses_source_button_rectangles_and_leaves_empty_world_open ... ok
test input::tests::native_hud_pointer_guard_does_not_block_keyboard_d ... ok
test input::tests::native_osk_alt_click_routes_live_and_dead_monsters_without_arming_auto_attack ... ok
test input::tests::new_player_identity_cannot_inherit_old_pursuit ... ok
test input::tests::new_world_press_discards_old_queued_attack_without_releasing_pending_move ... ok
test input::tests::nonmodal_panel_input_tests::actual_skills_and_other_ordinary_panels_allow_outside_world_clicks_at_native_scales ... ok
test input::tests::nonmodal_panel_input_tests::an_idle_positive_cooldown_snapshot_expires_for_real_keyboard_dispatch ... ok
test input::tests::nonmodal_panel_input_tests::hud_skills_press_consumes_the_pointer_without_dropping_selected_attack ... ok
test input::tests::nonmodal_panel_input_tests::map_search_owns_keyboard_even_though_ordinary_map_is_nonmodal ... ok
test input::tests::nonmodal_panel_input_tests::npc_service_dialog_owns_keyboard_independently_of_the_skills_panel ... ok
test input::tests::nonmodal_panel_input_tests::ordinary_panels_do_not_disable_keyboard_walk ... ok
test input::tests::nonmodal_panel_input_tests::potion_shortcut_works_in_the_skills_page_but_chat_keeps_the_key ... ok
test input::tests::nonmodal_panel_input_tests::three_class_skill_shortcuts_still_send_with_the_real_skills_page_visible ... ok
test input::tests::npc_click_beyond_data_range_still_defers_rejection_to_the_server ... ok
test input::tests::open_inventory_only_blocks_movement_over_its_own_surface ... ok
test input::tests::ordered_movement_acks_retire_only_the_confirmed_fifo_prefix ... ok
test input::tests::original_hero_belt_keys_never_alias_player_belt_slots ... ok
test input::tests::osk_modifier_snapshot_restores_on_focus_and_never_sticks_after_loss ... ok
test input::tests::passive_skill_f1_does_not_emit_magic_or_toggle ... ok
test input::tests::player_magic_uses_current_actor_and_rejects_placeholder_identities ... ok
test input::tests::pursuit_cancels_on_escape_focus_loss_modal_and_target_removal ... ok
test input::tests::q_is_reserved_for_quest_log_and_never_emits_a_world_turn ... ok
test input::tests::quest_route_input_tests::active_supply_navigation_cancels_on_same_map_reset_map_change_or_escape ... FAILED
test input::tests::quest_route_input_tests::bichon_route_keeps_modal_drag_and_manual_cancel_guards ... FAILED
test input::tests::quest_route_input_tests::bichon_route_reaches_oma_entrance_around_static_and_new_entity_obstacles ... FAILED
test input::tests::quest_route_input_tests::bichon_route_survives_passive_ui_hover_without_sending_extra_moves ... FAILED
test input::tests::quest_route_input_tests::completed_hunt_arrival_feedback_expires_when_area_map_or_primary_quest_changes ... ok
test input::tests::quest_route_input_tests::hunt_navigation_already_in_region_stops_without_attacking_or_claiming_progress ... FAILED
test input::tests::quest_route_input_tests::hunt_navigation_d001_route_avoids_new_occupancy_and_stops_on_authoritative_arrival ... FAILED
test input::tests::quest_route_input_tests::hunt_navigation_host_rechecks_completion_primary_and_region_before_pointer_release ... ok
test input::tests::quest_route_input_tests::quest_route_card_without_diary_or_big_map_cache_reaches_d401_exit ... FAILED
test input::tests::quest_route_input_tests::quest_route_rejects_stale_map_with_visible_feedback_and_no_movement ... ok
test input::tests::quest_route_input_tests::quest_route_uses_current_identity_even_when_a_remote_map_was_browsed ... FAILED
test input::tests::quest_route_input_tests::supply_navigation_already_beside_travis_neither_attacks_nor_opens_a_shop_remotely ... FAILED
test input::tests::quest_route_input_tests::supply_navigation_reaches_both_poison_shop_entrances_and_a_free_npc_neighbor ... FAILED
test input::tests::quest_route_input_tests::supply_navigation_rejects_forged_room_and_npc_coordinates ... ok
test input::tests::quest_route_input_tests::supply_navigation_reselects_a_free_npc_neighbor_when_its_endpoint_becomes_occupied ... FAILED
test input::tests::quest_route_input_tests::supply_navigation_revalidates_open_card_vendor_and_map_after_pointer_release ... ok
test input::tests::quest_route_navigation_accepts_only_the_current_authoritative_map_epoch ... ok
test input::tests::quest_target_action_arms_the_normal_moving_target_pursuit ... ok
test input::tests::queued_route_survives_button_press_until_pointer_release ... ok
test input::tests::real_left_click_on_self_tile_queues_crystal_tile_pickup ... ok
test input::tests::real_left_click_queues_hovered_npc_or_monster_but_modal_blocks_click_through ... ok
test input::tests::real_right_click_on_empty_world_sends_authoritative_run_intent ... FAILED
test input::tests::remapped_primary_skill_preserves_server_target_and_direction ... ok
test input::tests::remapped_second_bar_skill16_preserves_server_target_and_direction ... ok
test input::tests::rendered_hover_identity_maps_only_authoritative_npcs_and_monsters ... ok
test input::tests::repeated_npc_click_uses_crystal_five_second_same_object_guard ... ok
test input::tests::right_click_auto_path_continues_after_mouse_release_and_authoritative_progress ... ok
test input::tests::right_click_run_is_blocked_by_modal_or_hovered_actor ... ok
test input::tests::right_hold_refreshes_cursor_target_across_multiple_acknowledged_steps ... ok
test input::tests::right_hold_started_outside_world_does_not_arm_on_entering_world ... ok
test input::tests::selected_monster_keeps_attacking_through_passive_hud_hover_and_delayed_walk_ack ... ok
test input::tests::session_transition_to_login_suppresses_live_d_movement_intent ... ok
test input::tests::shift_direction_starts_with_one_matching_walk ... ok
test input::tests::skill_bar_click_casts_second_bank_with_cursor_and_obeys_modal ... ok
test input::tests::skill_input_suppressed_when_dead_or_not_ingame ... ok
test input::tests::stale_hud_press_is_cleared_on_keyboard_frame_but_real_mouse_edge_is_preserved ... ok
test input::tests::stale_snapshot_cannot_rewind_packet_authority_after_250ms ... ok
test input::tests::unchanged_user_location_blocks_immediate_resend_then_steers_around_rejection ... ok
test input::tests::unknown_cooldown_mp_and_unlearned_skill_never_emit_magic ... ok
test input::tests::v_key_never_triggers_town_revive_when_alive_or_unknown ... ok
test input::tests::v_key_only_triggers_town_revive_when_dead_with_positive_max_hp ... ok
test input::tests::world_and_pointer_gates_cover_modal_dialog_dead_and_capture_states ... ok
test input::world_actions::tests::creature_pickup_preserves_original_mouse_mode_and_point ... ok
test input::world_actions::tests::group_shortcut_rejects_monsters_and_nonleaders ... ok
test input::world_actions::tests::group_shortcut_uses_hovered_player_and_keeps_original_add_packet ... ok
test input::world_actions::tests::pickup_uses_cursor_location_and_modal_does_not_send ... ok
test input::world_actions::tests::source_pickup_modes_share_strict_gate ... ok
test lifecycle::tests::os_close_requires_confirmation_in_game_but_allows_login_close ... ok
test map_parser::lighting::tests::builder_uses_crystal_stage_anchors_motion_and_animated_map_offset ... ok
test map_parser::lighting::tests::capture_light_state_requires_matching_map_and_preserves_dark_override ... ok
test map_parser::lighting::tests::daylight_preference_survives_map_logout_and_generation_without_overwriting_source_lights ... ok
test map_parser::lighting::tests::dead_object_flood_cannot_suppress_the_self_light ... ok
test map_parser::lighting::tests::effect_context_arc_reuses_map_and_releases_old_map_on_replacement ... ok
test map_parser::lighting::tests::effect_lighting_frame_is_generation_bound_and_rebuilt_per_frame ... ok
test map_parser::lighting::tests::effect_lights_merge_after_entities_and_follow_fractional_tile ... ok
test map_parser::lighting::tests::effect_lights_respect_assets_cap_and_entity_priority ... ok
test map_parser::lighting::tests::entity_candidates_are_bounded_and_order_independent ... ok
test map_parser::lighting::tests::missing_assets_and_nonfinite_motion_fail_closed ... ok
test map_parser::lighting::tests::object_lights_keep_priority_at_the_two_hundred_cap ... ok
test map_parser::lighting::tests::packet_and_generation_lifecycle_clear_stale_map_light ... ok
test map_parser::lighting::tests::partial_snapshot_preserves_time_and_same_map_packet_preserves_map_override ... ok
test map_parser::lighting::tests::zero_or_negative_effect_light_is_ignored ... ok
test map_parser::player_movement_tests::entrance_exemption_requires_an_ordinary_edge_and_a_valid_landing ... FAILED
test map_parser::player_movement_tests::missing_destination_map_does_not_cache_a_permanent_collision_answer ... ok
test map_parser::player_movement_tests::ordinary_bichon_entrance_exempts_only_its_authored_raw_wall_cell ... FAILED
test map_parser::tests::additive_front_routes_to_standalone_even_when_atlas_has_rect ... ok
test map_parser::tests::alpha_key_object_routes_to_standalone_without_atlas_fallback ... ok
test map_parser::tests::animated_map_light_uses_exported_native_frame_offset_without_motion_guessing ... ok
test map_parser::tests::animation_counts_decode_like_the_web ... ok
test map_parser::tests::atlas_rect_key_matches_map_atlas_rect_key_for_path ... ok
test map_parser::tests::bichon_market_grass_middle_renders_above_its_sand_back ... FAILED
test map_parser::tests::bichon_screenshot_viewport_has_local_floor_and_object_images ... FAILED
test map_parser::tests::crystal_floor_sized_static_frames_stay_below_the_actor_depth_band ... ok
test map_parser::tests::crystal_object_lookahead_keeps_bottom_anchored_buildings_below_old_window ... ok
test map_parser::tests::destination_map_identity_is_part_of_the_render_handoff_key ... ok
test map_parser::tests::front_layer_draws_on_top ... ok
test map_parser::tests::incomplete_animation_family_holds_stable_base_frame ... ok
test map_parser::tests::keyed_static_floor_frame_uses_the_same_global_floor_depth_band ... ok
test map_parser::tests::library_key_mapping_matches_web ... ok
test map_parser::tests::map_light_requires_front_image_and_ignores_static_frame_offsets ... ok
test map_parser::tests::map_light_uses_offset_for_additive_flag_and_rejects_malformed_dimensions ... ok
test map_parser::tests::map_render_revision_is_stable_and_tracks_semantic_view_changes ... ok
test map_parser::tests::map_render_state_includes_used_manifest_rect_geometry ... ok
test map_parser::tests::middle_animation_uses_its_own_type100_field ... ok
test map_parser::tests::mir3_small_objects_use_standalone_source_images ... ok
test map_parser::tests::missing_authoritative_map_does_not_fall_back_to_bichon ... ok
test map_parser::tests::missing_standalone_entry_skips_black_key_objects_instead_of_using_raw_atlas ... ok
test map_parser::tests::non_offset_standalone_uses_bottom_left_not_centered_anchor ... ok
test map_parser::tests::non_square_type100_cells_resolve_x_major_coordinates ... ok
test map_parser::tests::odd_cells_do_not_emit_back_layer_draws ... ok
test map_parser::tests::parsed_map_cache_is_bounded_and_refreshes_the_current_map ... ok
test map_parser::tests::render_state_emits_complete_animation_family_with_phase_metadata ... ok
test map_parser::tests::resolve_map_draws_preserves_crystal_animation_family_parameters ... ok
test map_parser::tests::resolve_tile_draws_includes_front_layer ... ok
test map_parser::tests::source_offset_standalone_preserves_crystal_object_placement ... ok
test map_parser::tests::standalone_keys_change_when_representation_changes ... ok
test map_parser::tests::type100_back_layer_is_the_primary_floor_at_the_cell_origin ... ok
test map_parser::tests::type100_collision_bits_and_bounds_match_crystal_empty_cell ... ok
test map_parser::tests::type100_light_byte_and_native_conversion_preserve_frame_offsets ... ok
test map_parser::tests::type100_map_parses_dimensions_and_cells ... ok
test map_parser::tests::type1_map_decodes_xor_dimensions_cells_and_crystal_index_rules ... ok
test map_parser::tests::type1_map_rejects_truncated_cell_payload ... ok
test map_parser::tests::viewport_draw_resolution_fails_closed_for_zero_dimensions ... ok
test map_parser::tests::viewport_draw_resolution_visits_only_the_retained_map_window ... ok
test map_parser::tests::wrong_magic_rejected ... ok
test movement_trace::tests::unix_timestamp_is_finite_and_nonzero ... ok
test movement_trace::tests::writer_emits_session_header_and_json_event ... ok
test native_display::tests::all_choices_round_trip_atomically_and_bad_file_recovers_auto ... ok
test native_display::tests::frame_taskbar_and_margin_are_subtracted_before_resolution_availability ... ok
test native_display::tests::preference_rejects_corruption_unknown_choices_and_extra_fields ... ok
test native_fonts::gpu_tests::font_gpu_rebuild_negative_control ... ignored, explicit offscreen GPU negative control; run alone with --ignored
test native_fonts::gpu_tests::font_gpu_rebuild_soak ... ignored, explicit 11-minute offscreen GPU soak; run alone with --ignored
test native_fonts::gpu_tests::nine_language_bundled_fonts_gpu_shapes_and_switches_without_os_fonts ... ignored, explicit offline nine-language GPU capture/180-switch proof; run alone with --ignored
test native_fonts::soak_tests::bundled_arabic_uses_joining_and_bidirectional_runs_without_reversing_numbers ... ok
test native_fonts::soak_tests::bundled_devanagari_and_thai_keep_real_cluster_shaping ... ok
test native_fonts::soak_tests::dense_game_text_stays_bounded_through_per_layout_cache_pruning ... ok
test native_fonts::soak_tests::game_fallback_fonts_remain_bounded_across_hidden_and_rebuilt_text ... ok
test native_fonts::soak_tests::installed_collector_runs_after_layout_and_survives_entity_teardown ... ok
test native_fonts::soak_tests::nine_language_switching_keeps_font_identity_and_atlas_memory_bounded ... ok
test native_fonts::soak_tests::nine_languages_shape_without_system_fonts_or_missing_glyphs ... ok
test native_fonts::soak_tests::retained_fallback_sources_preserve_raster_pixels_and_glyph_positions ... ok
test native_fonts::soak_tests::source_sharing_and_strong_retention_are_both_required ... ok
test native_fonts::tests::bundled_multilingual_fonts_are_static_licensed_and_match_pinned_hashes ... ok
test native_fonts::tests::bundled_script_fallbacks_recover_after_bevy_collection_rebuild_without_system_fonts ... ok
test native_fonts::tests::bundled_traditional_face_is_registered_and_retained_without_a_language_pack ... ok
test native_fonts::tests::empty_font_bytes_do_not_create_a_pinned_asset ... ok
test native_fonts::tests::installed_faces_register_under_original_names_and_survive_source_pruning ... ok
test native_locale::tests::all_nine_preferences_round_trip_without_replacing_the_install_seed ... ok
test native_locale::tests::locale_os_mapping_has_an_explicit_supported_fallback ... ok
test native_locale::tests::locale_preference_priority_and_atomic_replacement_leave_no_temporary_files ... ok
test native_locale::tests::locale_preference_rejects_untrusted_schema_codes_and_oversized_content ... ok
test native_protocol::tests::allow_observe_packet_is_typed_and_requires_a_boolean ... ok
test native_protocol::tests::big_map_commands_match_gateway_browser_command_wire_contract ... ok
test native_protocol::tests::big_map_packets_are_typed_bounded_and_reject_invalid_identity ... ok
test native_protocol::tests::guild_storage_command_builders_fail_closed_at_native_boundary ... ok
test native_protocol::tests::inbound_change_password_results_preserve_authoritative_codes ... ok
test native_protocol::tests::inbound_disconnect_and_unknown_events_parse ... ok
test native_protocol::tests::inbound_flat_gateway_error_preserves_code_and_prefers_canonical_message ... ok
test native_protocol::tests::inbound_game_shop_receipt_uses_shared_contract_and_rejects_bad_shape ... ok
test native_protocol::tests::inbound_gateway_error_uses_legacy_reason_when_flat_message_is_empty_or_invalid ... ok
test native_protocol::tests::inbound_login_failure_supports_packet_and_error_shapes ... ok
test native_protocol::tests::inbound_login_success_parses_character_roster ... ok
test native_protocol::tests::inbound_new_account_result_is_classified ... ok
test native_protocol::tests::inbound_new_character_delete_and_start_game_events_parse ... ok
test native_protocol::tests::inbound_update_notice_preserves_authoritative_text_and_rejects_bad_shape ... ok
test native_protocol::tests::inbound_user_info_npc_and_quest_events_parse ... ok
test native_protocol::tests::outbound_command_debug_redacts_login_password ... ok
test native_protocol::tests::outbound_commands_serialize_with_camel_case_tagged_wire_contract ... ok
test native_protocol::tests::outbound_finish_quest_keeps_default_selected_item_index_when_omitted_in_json ... ok
test native_protocol::tests::ranking_and_inspect_use_ordinary_exact_wire_commands ... ok
test native_protocol::tests::resume_control_events_parse_without_exposing_credential_in_debug ... ok
test native_protocol::tests::social_commands_use_only_real_typed_wire_shapes ... ok
test session_config::tests::client_toml_accepts_wss_and_display_size ... ok
test session_config::tests::client_toml_persists_newcomer_guidance_without_launch_environment ... ok
test session_config::tests::client_toml_rejects_credentials_and_unknown_sections ... ok
test session_config::tests::client_toml_rejects_non_loopback_ws ... ok
test session_config::tests::debug_output_redacts_the_auto_login_password ... ok
test session_config::tests::explicit_character_index_is_only_an_auto_login_option ... ok
test session_config::tests::explicit_credentials_enable_opt_in_auto_login_without_auto_start ... ok
test session_config::tests::invalid_character_index_and_gateway_scheme_are_rejected ... ok
test session_config::tests::missing_credentials_open_the_interactive_login_flow ... ok
test session_config::tests::partial_or_empty_credentials_are_rejected ... ok
test session_config::tests::plaintext_gateway_is_limited_to_loopback_and_url_credentials_are_rejected ... ok
test shell_bridge::tests::change_password_banned_clears_pending_and_returns_to_login_without_secret_notice ... ok
test shell_bridge::tests::change_password_failure_clears_pending_and_keeps_form_without_secret_notice ... ok
test shell_bridge::tests::change_password_forwards_account_id_and_gateway_fields_once ... ok
test shell_bridge::tests::change_password_success_clears_pending_and_returns_to_login ... ok
test shell_bridge::tests::delete_confirmation_forwards_exactly_once_for_selected_index ... ok
test shell_bridge::tests::development_auto_start_waits_for_door_even_without_another_gateway_event ... ok
test shell_bridge::tests::duplicate_manual_intents_still_forward_once_per_logical_operation ... ok
test shell_bridge::tests::explicit_auto_login_prefills_but_debug_stays_redacted_upstream ... ok
test shell_bridge::tests::late_change_password_reply_without_pending_request_is_ignored_fail_closed ... ok
test shell_bridge::tests::normal_launch_has_no_credentials_or_auto_submit ... ok
test shell_bridge::tests::registration_forwards_the_submitted_crystal_packet_fields ... ok
test shell_bridge::tests::resumed_bootstrap_refreshes_ingame_shell_without_login_or_start_game ... ok
test social_bond_wire::tests::original_fields_are_preserved_and_missing_fields_fail_closed ... ok
test social_bond_wire::tests::social_replies_use_ordinary_wire_and_preserve_decline ... ok
test startup_diagnostics::tests::fatal_dialog_uses_selected_locale_and_keeps_codes_and_paths_literal ... ok
test startup_diagnostics::tests::startup_configuration_failures_do_not_persist_source_text_or_credentials ... ok
test startup_diagnostics::tests::startup_log_is_bounded_and_keeps_the_latest_failure_after_trimming ... ok
test startup_diagnostics::tests::startup_log_paths_use_user_storage_with_a_temp_fallback_not_the_package_directory ... ok
test startup_diagnostics::tests::startup_log_refuses_oversized_records_and_never_waits_for_another_writer ... ok
test startup_diagnostics::tests::startup_panic_record_keeps_source_location_without_build_paths_or_payloads ... ok
test startup_diagnostics::tests::startup_timings_accept_only_safe_sparse_milestones_and_finite_numbers ... ok
test window_sizing::tests::fixed_os_logical_constraints_reproduce_the_reported_two_thirds_hud ... ok
test window_sizing::tests::fullscreen_letterboxes_the_stage_and_restores_the_windowed_preference ... ok
test window_sizing::tests::minimized_fullscreen_preserves_last_valid_scale_and_camera_viewport ... ok
test window_sizing::tests::os_suggested_rectangle_is_corrected_without_changing_override_or_ui_scale ... ok
test window_sizing::tests::pixel_viewport_is_not_enlarged_by_os_dpi_constraints ... ok
test window_sizing::tests::real_winit_login_choices_resize_world_ui_and_mouse_together ... ignored, opens a short-lived native GPU window; run alone with a fresh MIR2_DISPLAY_NATIVE_OUTPUT directory
test window_sizing::tests::selected_resolution_scales_world_ui_and_manual_input_as_one_stage ... ok

failures:

---- assets::tests::repository_asset_root_is_discovered_without_compile_time_paths stdout ----

thread 'assets::tests::repository_asset_root_is_discovered_without_compile_time_paths' (116772) panicked at src\assets.rs:734:33:
repo checkout should expose apps/web/public
note: run with `RUST_BACKTRACE=1` environment variable to display a backtrace

---- atlas::pet_path_tests::pet_world_frame_fallback_is_strict_and_preserves_real_geometry stdout ----

thread 'atlas::pet_path_tests::pet_world_frame_fallback_is_strict_and_preserves_real_geometry' (122696) panicked at src\atlas.rs:3800:55:
pet standing source geometry

---- atlas::tests::animation_frame_override_selects_current_draw_frame stdout ----

thread 'atlas::tests::animation_frame_override_selects_current_draw_frame' (110520) panicked at src\atlas.rs:2832:10:
animated render state

---- atlas::tests::assassin_melee_uses_alt_body_hair_and_dual_directional_weapons stdout ----

thread 'atlas::tests::assassin_melee_uses_alt_body_hair_and_dual_directional_weapons' (120608) panicked at src\atlas.rs:3297:10:
assassin attack render state

---- atlas::tests::entity_render_state_preserves_native_motion_window_for_runtime_interpolation stdout ----

thread 'atlas::tests::entity_render_state_preserves_native_motion_window_for_runtime_interpolation' (113228) panicked at src\atlas.rs:2785:57:
starter manifest

---- atlas::tests::entity_render_state_uses_manifest_geometry_and_viewport_coordinates stdout ----

thread 'atlas::tests::entity_render_state_uses_manifest_geometry_and_viewport_coordinates' (120512) panicked at src\atlas.rs:2738:57:
starter manifest

---- atlas::tests::ground_item_renders_without_actor_or_name_and_disappears_when_removed stdout ----

thread 'atlas::tests::ground_item_renders_without_actor_or_name_and_disappears_when_removed' (116176) panicked at src\atlas.rs:2599:87:
called `Option::unwrap()` on a `None` value

---- atlas::tests::hidden_is_half_opacity_but_dead_is_not_implicitly_faded stdout ----

thread 'atlas::tests::hidden_is_half_opacity_but_dead_is_not_implicitly_faded' (121488) panicked at src\atlas.rs:3438:10:
entity render state

---- atlas::tests::high_armour_exports_keep_every_original_frame_and_exact_geometry stdout ----

thread 'atlas::tests::high_armour_exports_keep_every_original_frame_and_exact_geometry' (118336) panicked at src\atlas.rs:2455:43:
starter atlas index

---- atlas::tests::high_armour_stand_walk_run_retains_body_hair_and_weapon_in_all_directions stdout ----

thread 'atlas::tests::high_armour_stand_walk_run_retains_body_hair_and_weapon_in_all_directions' (112188) panicked at src\atlas.rs:2550:88:
called `Option::unwrap()` on a `None` value

---- atlas::tests::hooking_cat_all_exported_frames_resolve_to_native_atlas_layers stdout ----

thread 'atlas::tests::hooking_cat_all_exported_frames_resolve_to_native_atlas_layers' (117676) panicked at src\atlas.rs:2441:43:
starter atlas index

---- atlas::tests::missing_atlas_png_or_meta_never_invents_player_geometry stdout ----

thread 'atlas::tests::missing_atlas_png_or_meta_never_invents_player_geometry' (123708) panicked at src\atlas.rs:2707:43:
starter atlas index

---- atlas::tests::mounted_player_adds_mount_and_suppresses_weapon_layers stdout ----

thread 'atlas::tests::mounted_player_adds_mount_and_suppresses_weapon_layers' (111792) panicked at src\atlas.rs:3372:10:
mounted render state

---- atlas::tests::newcomer_monster_standalone_frames_retain_original_geometry stdout ----

thread 'atlas::tests::newcomer_monster_standalone_frames_retain_original_geometry' (114456) panicked at src\atlas.rs:2423:43:
starter atlas index

---- atlas::tests::packed_manifest_and_web_meta_share_geometry_semantics stdout ----

thread 'atlas::tests::packed_manifest_and_web_meta_share_geometry_semantics' (113084) panicked at src\atlas.rs:2324:43:
starter atlas index

---- atlas::tests::player_composite_uses_body_hair_weapon_offsets_and_depth_order stdout ----

thread 'atlas::tests::player_composite_uses_body_hair_weapon_offsets_and_depth_order' (122288) panicked at src\atlas.rs:3056:10:
composite render state

---- atlas::tests::unpacked_player_frame_keeps_pixel_hit_and_atomic_highlight stdout ----

thread 'atlas::tests::unpacked_player_frame_keeps_pixel_hit_and_atomic_highlight' (122840) panicked at src\atlas.rs:2619:43:
starter atlas index

---- atlas::tests::unpacked_player_library_uses_exact_meta_for_actions_directions_and_gender stdout ----

thread 'atlas::tests::unpacked_player_library_uses_exact_meta_for_actions_directions_and_gender' (111636) panicked at src\atlas.rs:2350:43:
starter atlas index

---- effects::pet_tests::pickup_requires_authoritative_monster_actor_and_source_missing_sounds_stay_missing stdout ----
[assets] R2 HIT #4 original-ui/Sound/pet_pig.wav -> F:\mir2-r2-cache\original-ui/Sound/pet_pig.wav


thread 'effects::pet_tests::pickup_requires_authoritative_monster_actor_and_source_missing_sounds_stay_missing' (121156) panicked at src\pet_effects.rs:252:22:
called `Option::unwrap()` on a `None` value

---- effects::pet_tests::source_pet_effects_use_real_frames_offsets_and_frame_delays stdout ----
[frame-sets] generated frame-set catalog is unavailable; using defaults

thread 'effects::pet_tests::source_pet_effects_use_real_frames_offsets_and_frame_delays' (121092) panicked at src\pet_effects.rs:204:9:
assertion `left == right` failed
  left: 0
 right: 2

---- effects::pet_tests::trackable_effects_deduplicate_per_owner_and_cancel_only_before_trigger stdout ----

thread 'effects::pet_tests::trackable_effects_deduplicate_per_owner_and_cancel_only_before_trigger' (117124) panicked at src\pet_effects.rs:227:9:
assertion `left == right` failed
  left: 0
 right: 2

---- effects::tests::active_effects_never_exceed_the_cap stdout ----

thread 'effects::tests::active_effects_never_exceed_the_cap' (116296) panicked at src\effects.rs:6546:9:
assertion `left == right` failed
  left: 0
 right: 96

---- effects::tests::blizzard_ground_has_delay_and_offset stdout ----

thread 'effects::tests::blizzard_ground_has_delay_and_offset' (113668) panicked at src\effects.rs:11192:45:
load

---- effects::tests::blizzard_ground_offset_applied stdout ----

thread 'effects::tests::blizzard_ground_offset_applied' (110792) panicked at src\effects.rs:6741:45:
load

---- effects::tests::continuous_200_projectiles_bounded_and_no_leak stdout ----

thread 'effects::tests::continuous_200_projectiles_bounded_and_no_leak' (113240) panicked at src\effects.rs:7005:9:
assertion `left == right` failed
  left: 0
 right: 96

---- effects::tests::duplicate_packet_does_not_duplicate_return_effect stdout ----

thread 'effects::tests::duplicate_packet_does_not_duplicate_return_effect' (123488) panicked at src\effects.rs:7300:9:
assertion `left == right` failed
  left: 0
 right: 1

---- effects::tests::duplicate_sequence_does_not_duplicate_effect stdout ----

thread 'effects::tests::duplicate_sequence_does_not_duplicate_effect' (118280) panicked at src\effects.rs:6302:9:
assertion `left == right` failed
  left: 0
 right: 1

---- effects::tests::fire_bounce_authoritative_hop_uses_source_direction_and_crystal_clock stdout ----

thread 'effects::tests::fire_bounce_authoritative_hop_uses_source_direction_and_crystal_clock' (111200) panicked at src\effects.rs:8035:9:
assertion `left == right` failed
  left: 0
 right: 1

---- effects::tests::fire_bounce_cast_false_keeps_cast_only_and_boundaries_clear_chain stdout ----

thread 'effects::tests::fire_bounce_cast_false_keeps_cast_only_and_boundaries_clear_chain' (106924) panicked at src\effects.rs:8069:9:
assertion `left == right` failed
  left: 0
 right: 1

---- effects::tests::fire_bounce_completion_suppresses_only_terminal_dead_target stdout ----

thread 'effects::tests::fire_bounce_completion_suppresses_only_terminal_dead_target' (110892) panicked at src\effects.rs:8121:45:
index out of bounds: the len is 0 but the index is 0

---- effects::tests::fire_bounce_object_magic_owns_delayed_first_projectile_and_legacy_dedupe stdout ----

thread 'effects::tests::fire_bounce_object_magic_owns_delayed_first_projectile_and_legacy_dedupe' (120184) panicked at src\effects.rs:7952:9:
assertion `left == right` failed: legacy player-to-primary ObjectProjectile must not duplicate the local first leg
  left: 0
 right: 2

---- effects::tests::fire_bounce_production_frames_and_audio_are_integrity_closed stdout ----

thread 'effects::tests::fire_bounce_production_frames_and_audio_are_integrity_closed' (119936) panicked at src\effects.rs:8179:45:
production effect catalog

---- effects::tests::fireball_cast_animation_resolves stdout ----

thread 'effects::tests::fireball_cast_animation_resolves' (121376) panicked at src\effects.rs:6047:45:
load

---- effects::tests::fireball_cast_false_keeps_cast_but_never_projectile_impact_or_phase_audio stdout ----

thread 'effects::tests::fireball_cast_false_keeps_cast_but_never_projectile_impact_or_phase_audio' (119188) panicked at src\effects.rs:7534:9:
assertion `left == right` failed: Crystal still plays the cast action effect
  left: 0
 right: 1

---- effects::tests::fireball_direction16_is_locked_from_the_target_position_at_launch stdout ----

thread 'effects::tests::fireball_direction16_is_locked_from_the_target_position_at_launch' (112152) panicked at src\effects.rs:7515:14:
FireBall launch

---- effects::tests::fireball_effect_light_tracks_cast_projectile_and_impact stdout ----

thread 'effects::tests::fireball_effect_light_tracks_cast_projectile_and_impact' (115732) panicked at src\effects.rs:6127:9:
assertion `left == right` failed
  left: 0
 right: 1

---- effects::tests::fireball_family_suppresses_impact_and_sound_only_for_dead_action_at_completion stdout ----

thread 'effects::tests::fireball_family_suppresses_impact_and_sound_only_for_dead_action_at_completion' (115232) panicked at src\effects.rs:8488:13:
assertion `left == right` failed: Die must retain the FireBall.impact completion sound
  left: []
 right: ["FireBall.impact"]

---- effects::tests::fireball_object_magic_owns_cast_delayed_projectile_impact_and_three_sounds stdout ----

thread 'effects::tests::fireball_object_magic_owns_cast_delayed_projectile_impact_and_three_sounds' (122688) panicked at src\effects.rs:7408:9:
assertion `left == right` failed: compatibility packet must not duplicate
  left: 0
 right: 2

---- effects::tests::fireball_production_direction_frames_and_audio_are_integrity_closed stdout ----

thread 'effects::tests::fireball_production_direction_frames_and_audio_are_integrity_closed' (120000) panicked at src\effects.rs:7651:45:
production effect catalog

---- effects::tests::fireball_projectile_and_impact_resolve_via_subspec stdout ----

thread 'effects::tests::fireball_projectile_and_impact_resolve_via_subspec' (114192) panicked at src\effects.rs:6080:45:
load

---- effects::tests::fireball_projectile_and_impact_spec stdout ----

thread 'effects::tests::fireball_projectile_and_impact_spec' (120980) panicked at src\effects.rs:6060:45:
load

---- effects::tests::fireball_target_revived_before_completion_restores_impact stdout ----

thread 'effects::tests::fireball_target_revived_before_completion_restores_impact' (118268) panicked at src\effects.rs:8541:9:
assertion failed: fx.active.iter().any(|instance|
        {
            instance.key.starts_with("fx-fireball-") &&
                instance.queued.is_some()
        })

---- effects::tests::fireball_tracks_bound_target_and_recomputes_distance_clock_before_arrival stdout ----

thread 'effects::tests::fireball_tracks_bound_target_and_recomputes_distance_clock_before_arrival' (114088) panicked at src\effects.rs:7557:47:
index out of bounds: the len is 0 but the index is 0

---- effects::tests::fireball_unbound_target_point_has_projectile_but_no_invented_impact stdout ----

thread 'effects::tests::fireball_unbound_target_point_has_projectile_but_no_invented_impact' (120580) panicked at src\effects.rs:7600:14:
point-target projectile

---- effects::tests::firebang_empty_ground_completion_has_exact_frames_and_fixed_target stdout ----

thread 'effects::tests::firebang_empty_ground_completion_has_exact_frames_and_fixed_target' (114792) panicked at src\effects.rs:4410:9:
assertion `left == right` failed: duplicate must not schedule two explosions
  left: 0
 right: 2

---- effects::tests::firebang_failed_cast_and_source_lifecycle_do_not_leak_completion stdout ----

thread 'effects::tests::firebang_failed_cast_and_source_lifecycle_do_not_leak_completion' (122496) panicked at src\effects.rs:4456:9:
assertion `left == right` failed
  left: 0
 right: 1

---- effects::tests::firewall_cast_false_keeps_cast_and_first_sound_but_no_completion_sound stdout ----

thread 'effects::tests::firewall_cast_false_keeps_cast_and_first_sound_but_no_completion_sound' (115296) panicked at src\effects.rs:9252:9:
assertion `left == right` failed: Crystal still plays the Spell action
  left: 0
 right: 1

---- effects::tests::firewall_cast_true_plays_two_source_sounds_across_spell_action stdout ----

thread 'effects::tests::firewall_cast_true_plays_two_source_sounds_across_spell_action' (115612) panicked at src\effects.rs:9222:9:
assertion `left == right` failed
  left: 0
 right: 1

---- effects::tests::firewall_five_object_spells_repeat_until_each_authoritative_remove stdout ----

thread 'effects::tests::firewall_five_object_spells_repeat_until_each_authoritative_remove' (122632) panicked at src\effects.rs:9273:9:
assertion `left == right` failed
  left: 0
 right: 5

---- effects::tests::firewall_map_change_clears_ground_cast_and_pending_completion_audio stdout ----

thread 'effects::tests::firewall_map_change_clears_ground_cast_and_pending_completion_audio' (123308) panicked at src\effects.rs:9322:9:
assertion `left == right` failed
  left: 0
 right: 6

---- effects::tests::firewall_source_cast_ground_and_audio_are_integrity_closed stdout ----

thread 'effects::tests::firewall_source_cast_ground_and_audio_are_integrity_closed' (113112) panicked at src\effects.rs:9344:45:
production effect catalog

---- effects::tests::flaming_sword_all_directions_resolve_six_source_frames_at_crystal_rate stdout ----

thread 'effects::tests::flaming_sword_all_directions_resolve_six_source_frames_at_crystal_rate' (115028) panicked at src\effects.rs:10503:45:
production effect catalog

---- effects::tests::flaming_sword_object_attack_tracks_attacker_and_expires_at_six_frames stdout ----

thread 'effects::tests::flaming_sword_object_attack_tracks_attacker_and_expires_at_six_frames' (120828) panicked at src\effects.rs:10654:9:
assertion `left == right` failed
  left: 0
 right: 1

---- effects::tests::flaming_sword_ordinary_attack_is_noop_and_new_attack_restarts_per_attacker stdout ----

thread 'effects::tests::flaming_sword_ordinary_attack_is_noop_and_new_attack_restarts_per_attacker' (115164) panicked at src\effects.rs:10735:9:
assertion `left == right` failed
  left: 0
 right: 1

---- effects::tests::flaming_sword_source_audio_identity_is_closed stdout ----

thread 'effects::tests::flaming_sword_source_audio_identity_is_closed' (113768) panicked at src\effects.rs:10806:14:
packaged FlamingSword sound path

---- effects::tests::frame_with_mask_emits_mask_render_state stdout ----

thread 'effects::tests::frame_with_mask_emits_mask_render_state' (119884) panicked at src\effects.rs:7071:9:
mask should be emitted

---- effects::tests::frost_crunch_object_magic_owns_cast_projectile_impact_and_two_sounds stdout ----

thread 'effects::tests::frost_crunch_object_magic_owns_cast_projectile_impact_and_two_sounds' (122888) panicked at src\effects.rs:8574:9:
assertion `left == right` failed: compatibility packet must not duplicate the local FrostCrunch missile
  left: 0
 right: 2

---- effects::tests::frost_crunch_suppresses_impact_and_sound_only_for_dead_action_at_completion stdout ----

thread 'effects::tests::frost_crunch_suppresses_impact_and_sound_only_for_dead_action_at_completion' (120564) panicked at src\effects.rs:8669:9:
assertion `left == right` failed: Die must retain the FrostCrunch completion sound
  left: []
 right: ["FrostCrunch.impact"]

---- effects::tests::frost_crunch_target_removal_map_logout_and_reset_clear_delayed_impact stdout ----

thread 'effects::tests::frost_crunch_target_removal_map_logout_and_reset_clear_delayed_impact' (123056) panicked at src\effects.rs:8753:14:
point-flight FrostCrunch

---- effects::tests::frost_crunch_target_revived_before_completion_restores_impact stdout ----

thread 'effects::tests::frost_crunch_target_revived_before_completion_restores_impact' (122908) panicked at src\effects.rs:8721:9:
assertion failed: fx.active.iter().any(|instance|
        {
            instance.key.starts_with("fx-frost-crunch-") &&
                instance.queued.is_some()
        })

---- effects::tests::great_fireball_cast_false_keeps_cast_and_first_sound_only stdout ----

thread 'effects::tests::great_fireball_cast_false_keeps_cast_and_first_sound_only' (123244) panicked at src\effects.rs:7786:9:
assertion `left == right` failed
  left: 0
 right: 1

---- effects::tests::great_fireball_object_magic_owns_three_source_phases_and_sounds stdout ----

thread 'effects::tests::great_fireball_object_magic_owns_three_source_phases_and_sounds' (119408) panicked at src\effects.rs:7718:9:
assertion `left == right` failed: compatibility projectile is ignored
  left: 0
 right: 2

---- effects::tests::great_fireball_source_frames_and_audio_are_integrity_closed stdout ----

thread 'effects::tests::great_fireball_source_frames_and_audio_are_integrity_closed' (116224) panicked at src\effects.rs:7859:45:
production effect catalog

---- effects::tests::great_fireball_target_removal_suppresses_impact_and_compatibility_replay stdout ----

thread 'effects::tests::great_fireball_target_removal_suppresses_impact_and_compatibility_replay' (121420) panicked at src\effects.rs:7819:42:
index out of bounds: the len is 0 but the index is 0

---- effects::tests::ground_talismans_keep_launched_target_reference_but_cancel_removed_caster stdout ----

thread 'effects::tests::ground_talismans_keep_launched_target_reference_but_cancel_removed_caster' (120012) panicked at src\effects.rs:4676:9:
assertion `left == right` failed
  left: 0
 right: 1

---- effects::tests::ground_talismans_launch_after_spell_and_complete_at_fixed_point_with_source_sounds stdout ----

thread 'effects::tests::ground_talismans_launch_after_spell_and_complete_at_fixed_point_with_source_sounds' (119836) panicked at src\effects.rs:4533:13:
assertion `left == right` failed: MassHiding
  left: 0
 right: 1

---- effects::tests::ground_talismans_reject_failed_cast_and_compatibility_packets_and_reset_cleanly stdout ----

thread 'effects::tests::ground_talismans_reject_failed_cast_and_compatibility_packets_and_reset_cleanly' (119044) panicked at src\effects.rs:4599:13:
assertion `left == right` failed
  left: 0
 right: 1

---- effects::tests::ground_talismans_resolve_all_sixteen_directions stdout ----

thread 'effects::tests::ground_talismans_resolve_all_sixteen_directions' (116272) panicked at src\effects.rs:4629:49:
called `Option::unwrap()` on a `None` value

---- effects::tests::ground_talismans_track_flight_but_impact_packet_point_even_when_target_dies stdout ----

thread 'effects::tests::ground_talismans_track_flight_but_impact_packet_point_even_when_target_dies' (123508) panicked at src\effects.rs:4618:29:
index out of bounds: the len is 0 but the index is 0

---- effects::tests::hallucination_completion_uses_current_terminal_dead_state stdout ----

thread 'effects::tests::hallucination_completion_uses_current_terminal_dead_state' (110776) panicked at src\effects.rs:8903:45:
index out of bounds: the len is 0 but the index is 0

---- effects::tests::hallucination_object_magic_owns_delayed_directional_projectile_and_impact_sound stdout ----

thread 'effects::tests::hallucination_object_magic_owns_delayed_directional_projectile_and_impact_sound' (115992) panicked at src\effects.rs:8807:9:
assertion `left == right` failed: Hallucination has no cast bitmap and ignores the compatibility projectile
  left: 0
 right: 1

---- effects::tests::hallucination_production_frames_and_audio_are_integrity_closed stdout ----

thread 'effects::tests::hallucination_production_frames_and_audio_are_integrity_closed' (120488) panicked at src\effects.rs:9026:45:
production effect catalog

---- effects::tests::hallucination_target_absence_compatibility_and_session_boundaries_fail_closed stdout ----

thread 'effects::tests::hallucination_target_absence_compatibility_and_session_boundaries_fail_closed' (115108) panicked at src\effects.rs:8986:14:
point-flight Hallucination

---- effects::tests::healing_cast_and_target_follow_crystal_clocks_and_audio_phases stdout ----

thread 'effects::tests::healing_cast_and_target_follow_crystal_clocks_and_audio_phases' (123076) panicked at src\effects.rs:10846:9:
assertion `left == right` failed
  left: 0
 right: 1

---- effects::tests::healing_source_frames_and_audio_identities_are_closed stdout ----

thread 'effects::tests::healing_source_frames_and_audio_identities_are_closed' (115816) panicked at src\effects.rs:10964:45:
production effect catalog

---- effects::tests::healing_target_tracks_authoritative_object_and_replay_is_one_shot stdout ----

thread 'effects::tests::healing_target_tracks_authoritative_object_and_replay_is_one_shot' (115304) panicked at src\effects.rs:10890:9:
assertion `left == right` failed
  left: 0
 right: 1

---- effects::tests::immortal_skin_layers_start_together_follow_actor_and_expire_independently stdout ----

thread 'effects::tests::immortal_skin_layers_start_together_follow_actor_and_expire_independently' (123000) panicked at src\effects.rs:10619:9:
assertion `left == right` failed
  left: 0
 right: 2

---- effects::tests::left_guard_hide_survives_real_adapter_tombstoned_snapshots stdout ----

thread 'effects::tests::left_guard_hide_survives_real_adapter_tombstoned_snapshots' (113532) panicked at src\effects.rs:9898:9:
assertion `left == right` failed
  left: 0
 right: 1

---- effects::tests::left_guard_range_projectile_catalog_is_exact_crystal_contract stdout ----

thread 'effects::tests::left_guard_range_projectile_catalog_is_exact_crystal_contract' (119968) panicked at src\effects.rs:9448:45:
production effect catalog

---- effects::tests::left_guard_range_projectile_locks_launch_direction_then_tracks_target stdout ----

thread 'effects::tests::left_guard_range_projectile_locks_launch_direction_then_tracks_target' (116152) panicked at src\effects.rs:9558:29:
index out of bounds: the len is 0 but the index is 0

---- effects::tests::left_guard_range_projectile_restarts_per_pair_and_is_source_owned stdout ----

thread 'effects::tests::left_guard_range_projectile_restarts_per_pair_and_is_source_owned' (117036) panicked at src\effects.rs:9615:9:
assertion `left == right` failed
  left: 0
 right: 1

---- effects::tests::left_guard_range_projectile_waits_four_frames_and_uses_crystal_flight_clock stdout ----

thread 'effects::tests::left_guard_range_projectile_waits_four_frames_and_uses_crystal_flight_clock' (116420) panicked at src\effects.rs:9482:9:
assertion `left == right` failed
  left: 0
 right: 1

---- effects::tests::lightning_cast_false_and_session_reset_never_emit_effect_or_sound stdout ----

thread 'effects::tests::lightning_cast_false_and_session_reset_never_emit_effect_or_sound' (120160) panicked at src\effects.rs:11101:9:
assertion `left == right` failed
  left: 0
 right: 1

---- effects::tests::lightning_direction_7_resolves_base_1110 stdout ----

thread 'effects::tests::lightning_direction_7_resolves_base_1110' (119940) panicked at src\effects.rs:6269:45:
load

---- effects::tests::lightning_production_frames_and_audio_are_integrity_closed stdout ----

thread 'effects::tests::lightning_production_frames_and_audio_are_integrity_closed' (122824) panicked at src\effects.rs:11132:45:
production effect catalog

---- effects::tests::lightning_target_anchored_no_fake_projectile stdout ----

thread 'effects::tests::lightning_target_anchored_no_fake_projectile' (119640) panicked at src\effects.rs:7341:45:
load

---- effects::tests::lightning_waits_for_spell_completion_follows_caster_and_sounds_once stdout ----

thread 'effects::tests::lightning_waits_for_spell_completion_follows_caster_and_sounds_once' (123704) panicked at src\effects.rs:11027:9:
assertion `left == right` failed
  left: 0
 right: 1

---- effects::tests::magic_shield_late_join_restores_without_stale_snapshot_overriding_down stdout ----

thread 'effects::tests::magic_shield_late_join_restores_without_stale_snapshot_overriding_down' (116688) panicked at src\effects.rs:4344:9:
assertion `left == right` failed: a stale unshielded snapshot must not erase a newer Up
  left: 0
 right: 1

---- effects::tests::magic_shield_up_is_idempotent_down_clears_and_recast_restores stdout ----

thread 'effects::tests::magic_shield_up_is_idempotent_down_clears_and_recast_restores' (115088) panicked at src\effects.rs:4274:9:
assertion `left == right` failed
  left: 0
 right: 1

---- effects::tests::manifest_loads stdout ----

thread 'effects::tests::manifest_loads' (116680) panicked at src\effects.rs:4865:45:
manifest should load

---- effects::tests::map_change_clears_return_effect stdout ----

thread 'effects::tests::map_change_clears_return_effect' (116476) panicked at src\effects.rs:7323:9:
assertion `left == right` failed
  left: 0
 right: 1

---- effects::tests::map_changed_and_logout_clear_all_effects stdout ----

thread 'effects::tests::map_changed_and_logout_clear_all_effects' (114796) panicked at src\effects.rs:6492:9:
assertion `left == right` failed
  left: 0
 right: 1

---- effects::tests::map_changed_and_logout_clear_runtime_retained_via_tick stdout ----

thread 'effects::tests::map_changed_and_logout_clear_runtime_retained_via_tick' (116356) panicked at src\effects.rs:6940:9:
assertion `left == right` failed
  left: 0
 right: 1

---- effects::tests::mask_frame_tracks_primary_frame stdout ----

thread 'effects::tests::mask_frame_tracks_primary_frame' (111184) panicked at src\effects.rs:7130:9:
assertion failed: second.contains("Magic/1.png")

---- effects::tests::mine_persistent_cleared_by_object_remove stdout ----

thread 'effects::tests::mine_persistent_cleared_by_object_remove' (115936) panicked at src\effects.rs:11173:9:
assertion `left == right` failed
  left: 0
 right: 1

---- effects::tests::mine_value_7_resolves_effect_frame_56 stdout ----

thread 'effects::tests::mine_value_7_resolves_effect_frame_56' (119908) panicked at src\effects.rs:6276:45:
load

---- effects::tests::new_move_destination_uses_crystal_magic3_frames_and_expires_at_600ms stdout ----

thread 'effects::tests::new_move_destination_uses_crystal_magic3_frames_and_expires_at_600ms' (117648) panicked at src\effects.rs:4700:14:
Crystal new-move effect

---- effects::tests::object_magic_creates_cast_with_magic_0_frame stdout ----

thread 'effects::tests::object_magic_creates_cast_with_magic_0_frame' (123020) panicked at src\effects.rs:6861:9:
assertion `left == right` failed
  left: 0
 right: 1

---- effects::tests::object_projectile_from_player_to_monster_succeeds_with_merged_tiles stdout ----

thread 'effects::tests::object_projectile_from_player_to_monster_succeeds_with_merged_tiles' (113312) panicked at src\effects.rs:6724:9:
assertion `left == right` failed
  left: 0
 right: 1

---- effects::tests::object_spell_removed_by_object_remove stdout ----

thread 'effects::tests::object_spell_removed_by_object_remove' (115996) panicked at src\effects.rs:6404:9:
assertion `left == right` failed
  left: 0
 right: 1

---- effects::tests::object_spell_same_object_id_replaces_previous stdout ----

thread 'effects::tests::object_spell_same_object_id_replaces_previous' (117824) panicked at src\effects.rs:6657:9:
assertion `left == right` failed
  left: 0
 right: 1

---- effects::tests::owner_revive_alias_packets_emit_one_effect_and_one_sound stdout ----

thread 'effects::tests::owner_revive_alias_packets_emit_one_effect_and_one_sound' (119100) panicked at src\effects.rs:5059:9:
assertion `left == right` failed
  left: 0
 right: 1

---- effects::tests::player_revive_catalog_is_exact_magic2_twenty_frame_sequence stdout ----

thread 'effects::tests::player_revive_catalog_is_exact_magic2_twenty_frame_sequence' (115132) panicked at src\effects.rs:4872:45:
manifest should load

---- effects::tests::player_revive_effect_and_audio_follow_self_remote_and_effect_gates stdout ----

thread 'effects::tests::player_revive_effect_and_audio_follow_self_remote_and_effect_gates' (121672) panicked at src\effects.rs:4900:9:
assertion `left == right` failed
  left: 0
 right: 1

---- effects::tests::projectile_duplicate_sequence_does_not_duplicate_projectile stdout ----

thread 'effects::tests::projectile_duplicate_sequence_does_not_duplicate_projectile' (116216) panicked at src\effects.rs:6882:9:
assertion `left == right` failed
  left: 0
 right: 1

---- effects::tests::projectile_uses_authoritative_destination_after_target_moves stdout ----

thread 'effects::tests::projectile_uses_authoritative_destination_after_target_moves' (118596) panicked at src\effects.rs:6905:29:
index out of bounds: the len is 0 but the index is 0

---- effects::tests::real_trap_hexagon_object_spell_remains_until_authoritative_remove stdout ----

thread 'effects::tests::real_trap_hexagon_object_spell_remains_until_authoritative_remove' (113068) panicked at src\effects.rs:6449:13:
assertion failed: effect["imageUrl"].as_str().is_some_and(|path|
        path.ends_with(&format!("/Magic/{}.png", 1390 + phase)))

---- effects::tests::reconnect_reset_for_new_connection_allows_sequence_one stdout ----

thread 'effects::tests::reconnect_reset_for_new_connection_allows_sequence_one' (121616) panicked at src\effects.rs:6842:9:
assertion `left == right` failed
  left: 0
 right: 1

---- effects::tests::reconnect_sequence_resets_via_generation stdout ----

thread 'effects::tests::reconnect_sequence_resets_via_generation' (122052) panicked at src\effects.rs:6783:9:
assertion `left == right` failed
  left: 0
 right: 1

---- effects::tests::return_effect_reverses_source_and_destination stdout ----

thread 'effects::tests::return_effect_reverses_source_and_destination' (123444) panicked at src\effects.rs:7247:9:
assertion `left == right` failed
  left: 0
 right: 1

---- effects::tests::right_guard_range_hit_catalog_is_exact_crystal_contract stdout ----

thread 'effects::tests::right_guard_range_hit_catalog_is_exact_crystal_contract' (122148) panicked at src\effects.rs:10090:45:
production effect catalog

---- effects::tests::right_guard_range_hit_restarts_per_pair_and_obeys_target_lifecycle stdout ----

thread 'effects::tests::right_guard_range_hit_restarts_per_pair_and_obeys_target_lifecycle' (123684) panicked at src\effects.rs:10194:9:
assertion `left == right` failed: same pair restarts one effect
  left: 0
 right: 1

---- effects::tests::right_guard_range_hit_source_boundary_is_prestart_through_400ms stdout ----

thread 'effects::tests::right_guard_range_hit_source_boundary_is_prestart_through_400ms' (114980) panicked at src\effects.rs:10426:9:
assertion `left == right` failed: source remove after 400 ms keeps target ownership
  left: 0
 right: 1

---- effects::tests::right_guard_range_hit_waits_four_frames_tracks_target_and_expires stdout ----

thread 'effects::tests::right_guard_range_hit_waits_four_frames_tracks_target_and_expires' (120760) panicked at src\effects.rs:10120:9:
assertion `left == right` failed
  left: 0
 right: 1

---- effects::tests::soul_fireball_cast_false_is_audio_only_and_never_creates_later_phases stdout ----

thread 'effects::tests::soul_fireball_cast_false_is_audio_only_and_never_creates_later_phases' (122580) panicked at src\effects.rs:8412:9:
assertion `left == right` failed
  left: 0
 right: 1

---- effects::tests::soul_fireball_locks_direction_at_launch_then_tracks_target_distance stdout ----

thread 'effects::tests::soul_fireball_locks_direction_at_launch_then_tracks_target_distance' (116656) panicked at src\effects.rs:8429:14:
SoulFireBall launch

---- effects::tests::soul_fireball_object_magic_owns_delayed_projectile_impact_and_three_sounds stdout ----

thread 'effects::tests::soul_fireball_object_magic_owns_delayed_projectile_impact_and_three_sounds' (123032) panicked at src\effects.rs:8324:9:
assertion `left == right` failed: SoulFireBall has no cast bitmap and the compatibility packet is deduplicated
  left: 0
 right: 1

---- effects::tests::soul_fireball_production_direction_frames_and_audio_are_integrity_closed stdout ----

thread 'effects::tests::soul_fireball_production_direction_frames_and_audio_are_integrity_closed' (113940) panicked at src\effects.rs:9151:45:
production effect catalog

---- effects::tests::soul_fireball_resolves_target_presence_at_launch_and_ignores_all_compat_packets stdout ----

thread 'effects::tests::soul_fireball_resolves_target_presence_at_launch_and_ignores_all_compat_packets' (113356) panicked at src\effects.rs:9081:9:
assertion `left == right` failed
  left: 0
 right: 1

---- effects::tests::spell_without_return_effect_has_no_return_phase stdout ----

thread 'effects::tests::spell_without_return_effect_has_no_return_phase' (123828) panicked at src\effects.rs:7283:9:
assertion `left == right` failed
  left: 0
 right: 1

---- effects::tests::warrior_attack_source_frames_cover_all_directions_and_packet_levels stdout ----

thread 'effects::tests::warrior_attack_source_frames_cover_all_directions_and_packet_levels' (111988) panicked at src\effects.rs:10534:45:
exported source assets

---- effects::tests::warrior_attack_uses_packet_spell_and_level_and_follows_actor stdout ----

thread 'effects::tests::warrior_attack_uses_packet_spell_and_level_and_follows_actor' (116028) panicked at src\effects.rs:10584:9:
assertion `left == right` failed
  left: 0
 right: 1

---- entity_overlays::tests::drop_view_image_uses_the_world_items_actual_dnitems_frame_and_position stdout ----

thread 'entity_overlays::tests::drop_view_image_uses_the_world_items_actual_dnitems_frame_and_position' (122360) panicked at src\entity_overlays.rs:1766:9:
assertion `left == right` failed
  left: 0
 right: 1

---- entity_overlays::tests::drop_view_spawns_a_pickup_image_and_removes_it_with_the_drop stdout ----

thread 'entity_overlays::tests::drop_view_spawns_a_pickup_image_and_removes_it_with_the_drop' (113692) panicked at src\entity_overlays.rs:1809:9:
assertion `left == right` failed
  left: 0
 right: 1

---- entity_presentation::tests::animation_advances_without_another_gateway_payload stdout ----

thread 'entity_presentation::tests::animation_advances_without_another_gateway_payload' (123552) panicked at src\entity_presentation.rs:1766:14:
initial walking frame

---- entity_presentation::tests::authoritative_turn_selects_all_eight_real_player_directions_for_every_actor_layer stdout ----

thread 'entity_presentation::tests::authoritative_turn_selects_all_eight_real_player_directions_for_every_actor_layer' (112868) panicked at src\entity_presentation.rs:1816:36:
Up must republish a changed standing pose

---- entity_presentation::tests::cannibal_plant_hide_finishes_before_visual_suppression_and_show_restores_it stdout ----

thread 'entity_presentation::tests::cannibal_plant_hide_finishes_before_visual_suppression_and_show_restores_it' (120964) panicked at src\entity_presentation.rs:2851:14:
hide starts before suppression

---- entity_presentation::tests::crystal_selected_monster_redraw_stays_between_real_front_tiles_and_effects stdout ----

thread 'entity_presentation::tests::crystal_selected_monster_redraw_stays_between_real_front_tiles_and_effects' (118408) panicked at src\entity_presentation.rs:3408:9:
assertion `left == right` failed
  left: 0
 right: 1

---- entity_presentation::tests::crystal_selected_redraw_precedes_same_and_cross_actor_flaming_sword_effects stdout ----
[assets] R2 HIT #8 original-ui/CArmour/00/1.png -> F:\mir2-r2-cache\original-ui/CArmour/00/1.png


thread 'entity_presentation::tests::crystal_selected_redraw_precedes_same_and_cross_actor_flaming_sword_effects' (111032) panicked at src\entity_presentation.rs:3224:47:
FlamingSword z

---- entity_presentation::tests::crystal_selected_remote_player_redraws_exact_composite_at_thirty_percent stdout ----
[assets] R2 HIT #9 original-ui/CArmour/00/980.png -> F:\mir2-r2-cache\original-ui/CArmour/00/980.png


thread 'entity_presentation::tests::crystal_selected_remote_player_redraws_exact_composite_at_thirty_percent' (112976) panicked at src\entity_presentation.rs:3100:9:
assertion `left == right` failed: a verified standalone body keeps the complete selected composite
  left: 2
 right: 3

---- entity_presentation::tests::duplicate_action_sequence_does_not_restart_animation stdout ----

thread 'entity_presentation::tests::duplicate_action_sequence_does_not_restart_animation' (117296) panicked at src\entity_presentation.rs:1864:14:
second frame

---- entity_presentation::tests::overlapping_player_moves_continue_fractional_motion_and_restart_visible_phase stdout ----

thread 'entity_presentation::tests::overlapping_player_moves_continue_fractional_motion_and_restart_visible_phase' (116796) panicked at src\entity_presentation.rs:2446:14:
initial player payload

---- entity_presentation::tests::removed_hidden_object_does_not_suppress_a_reused_object_id stdout ----

thread 'entity_presentation::tests::removed_hidden_object_does_not_suppress_a_reused_object_id' (123576) panicked at src\entity_presentation.rs:2895:14:
hide starts before suppression

---- entity_presentation::tests::vis01_bichon_actor_transcript_routes_through_candidate_manifests_and_map_state stdout ----

thread 'entity_presentation::tests::vis01_bichon_actor_transcript_routes_through_candidate_manifests_and_map_state' (123480) panicked at src\entity_presentation.rs:3720:45:
complete Candidate asset root: "no Mir2 asset bundle found. Place a complete mir2-assets directory beside the executable, or set MIR2_NATIVE_ASSET_ROOT. Required files: crystal-map-pack/0.map.gz (or generated/crystal-map-pack/0.map.gz; development also supports the physical asset root's sibling lib/generated/crystal-map-pack), bevy-entity-atlases/manifest.json, generated/map-atlas/manifest.json, generated/native-map-keyed/manifest.json, original-effects/effects.generated.json, original-ui/Items/meta.json, original-ui/Items/0.png, original-ui/Items/3792.png, original-ui/StateItem/meta.json, original-ui/StateItem/30.png, original-ui/StateItem/5152.png, original-ui/Prguse2/meta.json, original-ui/Prguse2/1202.png through 1205.png, and the four original-ui/Cursors native PNGs.\n  candidate C:\\mir2-build\\platform-windows-r33-tests\\debug\\deps\\mir2-assets -> map_layout=false entity=false map=false native_map_keyed=false effect=false items=false state_items=false character_wings=false cursors=false complete=false\n  candidate C:\\mir2-build\\platform-windows-r33-tests\\debug\\deps\\assets -> map_layout=false entity=false map=false native_map_keyed=false effect=false items=false state_items=false character_wings=false cursors=false complete=false\n  candidate C:\\mir2-build\\platform-windows-r33-tests\\debug\\Resources/mir2-assets -> map_layout=false entity=false map=false native_map_keyed=false effect=false items=false state_items=false character_wings=false cursors=false complete=false\n  candidate C:\\Users\\Administrator\\.codex\\worktrees\\native-shop-lifecycle-r9\\mir2-player-journey\\mir2-web3\\apps\\game-client\\platform-windows\\apps/web/public -> map_layout=false entity=false map=false native_map_keyed=false effect=false items=false state_items=false character_wings=false cursors=false complete=false\n  candidate C:\\Users\\Administrator\\.codex\\worktrees\\native-shop-lifecycle-r9\\mir2-player-journey\\mir2-web3\\apps\\game-client\\platform-windows\\mir2-web3/apps/web/public -> map_layout=false entity=false map=false native_map_keyed=false effect=false items=false state_items=false character_wings=false cursors=false complete=false\n  candidate C:\\Users\\Administrator\\.codex\\worktrees\\native-shop-lifecycle-r9\\mir2-player-journey\\mir2-web3\\apps\\game-client\\apps/web/public -> map_layout=false entity=false map=false native_map_keyed=false effect=false items=false state_items=false character_wings=false cursors=false complete=false\n  candidate C:\\Users\\Administrator\\.codex\\worktrees\\native-shop-lifecycle-r9\\mir2-player-journey\\mir2-web3\\apps\\game-client\\mir2-web3/apps/web/public -> map_layout=false entity=false map=false native_map_keyed=false effect=false items=false state_items=false character_wings=false cursors=false complete=false\n  candidate C:\\Users\\Administrator\\.codex\\worktrees\\native-shop-lifecycle-r9\\mir2-player-journey\\mir2-web3\\apps\\apps/web/public -> map_layout=false entity=false map=false native_map_keyed=false effect=false items=false state_items=false character_wings=false cursors=false complete=false\n  candidate C:\\Users\\Administrator\\.codex\\worktrees\\native-shop-lifecycle-r9\\mir2-player-journey\\mir2-web3\\apps\\mir2-web3/apps/web/public -> map_layout=false entity=false map=false native_map_keyed=false effect=false items=false state_items=false character_wings=false cursors=false complete=false\n  candidate C:\\Users\\Administrator\\.codex\\worktrees\\native-shop-lifecycle-r9\\mir2-player-journey\\mir2-web3\\apps/web/public -> map_layout=true entity=true map=false native_map_keyed=false effect=true items=true state_items=true character_wings=true cursors=true complete=false\n  candidate C:\\Users\\Administrator\\.codex\\worktrees\\native-shop-lifecycle-r9\\mir2-player-journey\\mir2-web3\\mir2-web3/apps/web/public -> map_layout=false entity=false map=false native_map_keyed=false effect=false items=false state_items=false character_wings=false cursors=false complete=false\n  candidate C:\\Users\\Administrator\\.codex\\worktrees\\native-shop-lifecycle-r9\\mir2-player-journey\\apps/web/public -> map_layout=false entity=false map=false native_map_keyed=false effect=false items=false state_items=false character_wings=false cursors=false complete=false\n  candidate C:\\Users\\Administrator\\.codex\\worktrees\\native-shop-lifecycle-r9\\mir2-player-journey\\mir2-web3/apps/web/public -> map_layout=true entity=true map=false native_map_keyed=false effect=true items=true state_items=true character_wings=true cursors=true complete=false\n  candidate C:\\Users\\Administrator\\.codex\\worktrees\\native-shop-lifecycle-r9\\apps/web/public -> map_layout=false entity=false map=false native_map_keyed=false effect=false items=false state_items=false character_wings=false cursors=false complete=false\n  candidate C:\\Users\\Administrator\\.codex\\worktrees\\native-shop-lifecycle-r9\\mir2-web3/apps/web/public -> map_layout=false entity=false map=false native_map_keyed=false effect=false items=false state_items=false character_wings=false cursors=false complete=false\n  candidate C:\\Users\\Administrator\\.codex\\worktrees\\apps/web/public -> map_layout=false entity=false map=false native_map_keyed=false effect=false items=false state_items=false character_wings=false cursors=false complete=false\n  candidate C:\\Users\\Administrator\\.codex\\worktrees\\mir2-web3/apps/web/public -> map_layout=false entity=false map=false native_map_keyed=false effect=false items=false state_items=false character_wings=false cursors=false complete=false\n  candidate C:\\Users\\Administrator\\.codex\\apps/web/public -> map_layout=false entity=false map=false native_map_keyed=false effect=false items=false state_items=false character_wings=false cursors=false complete=false\n  candidate C:\\Users\\Administrator\\.codex\\mir2-web3/apps/web/public -> map_layout=false entity=false map=false native_map_keyed=false effect=false items=false state_items=false character_wings=false cursors=false complete=false\n  candidate C:\\Users\\Administrator\\apps/web/public -> map_layout=false entity=false map=false native_map_keyed=false effect=false items=false state_items=false character_wings=false cursors=false complete=false\n  candidate C:\\Users\\Administrator\\mir2-web3/apps/web/public -> map_layout=false entity=false map=false native_map_keyed=false effect=false items=false state_items=false character_wings=false cursors=false complete=false\n  candidate C:\\Users\\apps/web/public -> map_layout=false entity=false map=false native_map_keyed=false effect=false items=false state_items=false character_wings=false cursors=false complete=false\n  candidate C:\\Users\\mir2-web3/apps/web/public -> map_layout=false entity=false map=false native_map_keyed=false effect=false items=false state_items=false character_wings=false cursors=false complete=false\n  candidate C:\\apps/web/public -> map_layout=false entity=false map=false native_map_keyed=false effect=false items=false state_items=false character_wings=false cursors=false complete=false\n  candidate C:\\mir2-web3/apps/web/public -> map_layout=false entity=false map=false native_map_keyed=false effect=false items=false state_items=false character_wings=false cursors=false complete=false\n  candidate C:\\Users\\Administrator\\.codex\\worktrees\\native-shop-lifecycle-r9\\mir2-player-journey\\mir2-web3\\apps\\game-client\\platform-windows\\../../web/public -> map_layout=true entity=true map=false native_map_keyed=false effect=true items=true state_items=true character_wings=true cursors=true complete=false"

---- frame_sets::pet_frames_tests::all_fifteen_pet_libraries_load_embedded_frame_sets_instead_of_generic_monster stdout ----
[frame-sets] generated frame-set catalog is unavailable; using defaults

thread 'frame_sets::pet_frames_tests::all_fifteen_pet_libraries_load_embedded_frame_sets_instead_of_generic_monster' (113848) panicked at src\frame_sets.rs:502:13:
Pet/00

---- gameplay_bridge::tests::packet_only_npcs_derive_crystal_image_libraries_without_npc_zero_fallback stdout ----
[assets] R2 HIT #175 original-ui/NPC/45/meta.json -> F:\mir2-r2-cache\original-ui/NPC/45/meta.json


thread 'gameplay_bridge::tests::packet_only_npcs_derive_crystal_image_libraries_without_npc_zero_fallback' (112780) panicked at src\gameplay_bridge.rs:7737:18:
Peter geometry

---- gateway::tests::d401_minimap_transform_uses_authoritative_index_and_parsed_dimensions stdout ----

thread 'gateway::tests::d401_minimap_transform_uses_authoritative_index_and_parsed_dimensions' (113740) panicked at src\gateway.rs:8965:9:
assertion `left == right` failed
  left: (None, None)
 right: (Some(200), Some(200))

---- gateway::tests::inventory_transform_groups_items_by_container stdout ----
[assets] R2 HIT #176 /original-ui/Items/meta.json -> F:\mir2-r2-cache\original-ui/Items/meta.json

[gateway-client] StateItem metadata is unavailable

thread 'gateway::tests::inventory_transform_groups_items_by_container' (115452) panicked at src\gateway.rs:9145:9:
assertion `left == right` failed
  left: 0
 right: 75

---- gateway::tests::user_item_count_images_and_true_size_refresh_across_native_surfaces stdout ----

thread 'gateway::tests::user_item_count_images_and_true_size_refresh_across_native_surfaces' (121544) panicked at src\gateway.rs:9025:17:
assertion `left == right` failed
  left: Null
 right: 16

---- input::tests::big_map_input_tests::authored_shop_door_still_rejects_occupancy_and_neighboring_walls stdout ----

thread 'input::tests::big_map_input_tests::authored_shop_door_still_rejects_occupancy_and_neighboring_walls' (89348) panicked at src\big_map_input_tests.rs:445:5:
assertion `left == right` failed
  left: Err("当前地图的寻路数据尚未加载。")
 right: Err("入口当前被实体占用，请稍后重试。")

---- input::tests::big_map_input_tests::big_map_close_controls_do_not_click_through_and_cancel_a_running_route stdout ----

thread 'input::tests::big_map_input_tests::big_map_close_controls_do_not_click_through_and_cancel_a_running_route' (118184) panicked at src\big_map_input_tests.rs:65:48:
packaged Bichon collision map

---- input::tests::big_map_input_tests::imported_oma_entrance_source_tile_is_statically_walkable stdout ----

thread 'input::tests::big_map_input_tests::imported_oma_entrance_source_tile_is_statically_walkable' (108600) panicked at src\big_map_input_tests.rs:318:48:
packaged Bichon collision map

---- input::tests::big_map_input_tests::left_and_right_map_clicks_send_ack_bounded_movement_and_survive_mouse_up_without_new_move stdout ----

thread 'input::tests::big_map_input_tests::left_and_right_map_clicks_send_ack_bounded_movement_and_survive_mouse_up_without_new_move' (114240) panicked at src\big_map_input_tests.rs:65:48:
packaged Bichon collision map

---- input::tests::big_map_input_tests::occupied_entrance_reports_a_retryable_dynamic_blocker stdout ----

thread 'input::tests::big_map_input_tests::occupied_entrance_reports_a_retryable_dynamic_blocker' (121260) panicked at src\big_map_input_tests.rs:351:5:
assertion `left == right` failed
  left: Err("当前地图的寻路数据尚未加载。")
 right: Err("入口当前被实体占用，请稍后重试。")

---- input::tests::big_map_input_tests::remote_map_and_modal_clicks_never_fall_through_to_world_input stdout ----

thread 'input::tests::big_map_input_tests::remote_map_and_modal_clicks_never_fall_through_to_world_input' (112056) panicked at src\big_map_input_tests.rs:65:48:
packaged Bichon collision map

---- input::tests::big_map_input_tests::travis_supply_route_walks_bichon_and_both_ordinary_shop_rooms stdout ----

thread 'input::tests::big_map_input_tests::travis_supply_route_walks_bichon_and_both_ordinary_shop_rooms' (112732) panicked at src\big_map_input_tests.rs:425:37:
0: (334, 258) -> (326, 288): 当前地图的寻路数据尚未加载。

---- input::tests::classic_right_hold_tracks_cursor_without_path_and_stops_on_release stdout ----

thread 'input::tests::classic_right_hold_tracks_cursor_without_path_and_stops_on_release' (116432) panicked at src\input.rs:5443:13:
assertion `left == right` failed
  left: false
 right: true

---- input::tests::minimap_input_tests::minimap_both_buttons_route_without_bigmap_metadata_or_new_move_at_all_stage_scales stdout ----

thread 'input::tests::minimap_input_tests::minimap_both_buttons_route_without_bigmap_metadata_or_new_move_at_all_stage_scales' (109548) panicked at src\big_map_input_tests.rs:65:48:
packaged Bichon collision map

---- input::tests::minimap_input_tests::minimap_can_replace_a_route_while_big_map_is_open_without_clicking_world stdout ----

thread 'input::tests::minimap_input_tests::minimap_can_replace_a_route_while_big_map_is_open_without_clicking_world' (107000) panicked at src\big_map_input_tests.rs:65:48:
packaged Bichon collision map

---- input::tests::minimap_input_tests::minimap_click_respects_modals_dead_player_focus_and_overlapping_inventory stdout ----

thread 'input::tests::minimap_input_tests::minimap_click_respects_modals_dead_player_focus_and_overlapping_inventory' (120436) panicked at src\big_map_input_tests.rs:65:48:
packaged Bichon collision map

---- input::tests::minimap_input_tests::minimap_frame_and_collapsed_buttons_consume_press_at_displayed_positions stdout ----

thread 'input::tests::minimap_input_tests::minimap_frame_and_collapsed_buttons_consume_press_at_displayed_positions' (115628) panicked at src\big_map_input_tests.rs:65:48:
packaged Bichon collision map

---- input::tests::minimap_input_tests::minimap_occupied_destination_gives_feedback_without_world_click_fallback stdout ----

thread 'input::tests::minimap_input_tests::minimap_occupied_destination_gives_feedback_without_world_click_fallback' (102528) panicked at src\big_map_input_tests.rs:65:48:
packaged Bichon collision map

---- input::tests::minimap_input_tests::minimap_stale_or_loading_image_is_consumed_without_world_actions stdout ----

thread 'input::tests::minimap_input_tests::minimap_stale_or_loading_image_is_consumed_without_world_actions' (122572) panicked at src\big_map_input_tests.rs:65:48:
packaged Bichon collision map

---- input::tests::quest_route_input_tests::active_supply_navigation_cancels_on_same_map_reset_map_change_or_escape stdout ----

thread 'input::tests::quest_route_input_tests::active_supply_navigation_cancels_on_same_map_reset_map_change_or_escape' (114892) panicked at src\quest_route_input_tests.rs:270:96:
called `Option::unwrap()` on a `None` value

---- input::tests::quest_route_input_tests::bichon_route_keeps_modal_drag_and_manual_cancel_guards stdout ----

thread 'input::tests::quest_route_input_tests::bichon_route_keeps_modal_drag_and_manual_cancel_guards' (113772) panicked at src\quest_route_input_tests.rs:619:5:
assertion `left == right` failed
  left: None
 right: Some((147, 33))

---- input::tests::quest_route_input_tests::bichon_route_reaches_oma_entrance_around_static_and_new_entity_obstacles stdout ----

thread 'input::tests::quest_route_input_tests::bichon_route_reaches_oma_entrance_around_static_and_new_entity_obstacles' (120656) panicked at src\quest_route_input_tests.rs:619:5:
assertion `left == right` failed
  left: None
 right: Some((147, 33))

---- input::tests::quest_route_input_tests::bichon_route_survives_passive_ui_hover_without_sending_extra_moves stdout ----

thread 'input::tests::quest_route_input_tests::bichon_route_survives_passive_ui_hover_without_sending_extra_moves' (121412) panicked at src\quest_route_input_tests.rs:619:5:
assertion `left == right` failed
  left: None
 right: Some((147, 33))

---- input::tests::quest_route_input_tests::hunt_navigation_already_in_region_stops_without_attacking_or_claiming_progress stdout ----

thread 'input::tests::quest_route_input_tests::hunt_navigation_already_in_region_stops_without_attacking_or_claiming_progress' (119604) panicked at src\quest_route_input_tests.rs:465:5:
assertion failed: app.world().resource::<QuestUiState>().feedback.as_ref().unwrap().message.contains("已到达狩猎区域")

---- input::tests::quest_route_input_tests::hunt_navigation_d001_route_avoids_new_occupancy_and_stops_on_authoritative_arrival stdout ----

thread 'input::tests::quest_route_input_tests::hunt_navigation_d001_route_avoids_new_occupancy_and_stops_on_authoritative_arrival' (119356) panicked at src\quest_route_input_tests.rs:394:51:
actual D001 collision map

---- input::tests::quest_route_input_tests::quest_route_card_without_diary_or_big_map_cache_reaches_d401_exit stdout ----

thread 'input::tests::quest_route_input_tests::quest_route_card_without_diary_or_big_map_cache_reaches_d401_exit' (113640) panicked at src\quest_route_input_tests.rs:553:5:
assertion `left == right` failed: the closed-diary card must start using the real D401 collision map
  left: None
 right: Some((24, 182))

---- input::tests::quest_route_input_tests::quest_route_uses_current_identity_even_when_a_remote_map_was_browsed stdout ----

thread 'input::tests::quest_route_input_tests::quest_route_uses_current_identity_even_when_a_remote_map_was_browsed' (119528) panicked at src\quest_route_input_tests.rs:588:5:
assertion `left == right` failed
  left: None
 right: Some((24, 182))

---- input::tests::quest_route_input_tests::supply_navigation_already_beside_travis_neither_attacks_nor_opens_a_shop_remotely stdout ----

thread 'input::tests::quest_route_input_tests::supply_navigation_already_beside_travis_neither_attacks_nor_opens_a_shop_remotely' (115368) panicked at src\quest_route_input_tests.rs:182:5:
assertion failed: app.world().resource::<QuestUiState>().feedback.as_ref().is_some_and(|feedback|
        !feedback.is_error && feedback.message.contains("已到达"))

---- input::tests::quest_route_input_tests::supply_navigation_reaches_both_poison_shop_entrances_and_a_free_npc_neighbor stdout ----

thread 'input::tests::quest_route_input_tests::supply_navigation_reaches_both_poison_shop_entrances_and_a_free_npc_neighbor' (118072) panicked at src\quest_route_input_tests.rs:69:14:
every fixture starts outside the destination range

---- input::tests::quest_route_input_tests::supply_navigation_reselects_a_free_npc_neighbor_when_its_endpoint_becomes_occupied stdout ----

thread 'input::tests::quest_route_input_tests::supply_navigation_reselects_a_free_npc_neighbor_when_its_endpoint_becomes_occupied' (123484) panicked at src\quest_route_input_tests.rs:193:33:
called `Option::unwrap()` on a `None` value

---- input::tests::real_right_click_on_empty_world_sends_authoritative_run_intent stdout ----

thread 'input::tests::real_right_click_on_empty_world_sends_authoritative_run_intent' (113684) panicked at src\input.rs:5392:9:
assertion failed: marker.contains("/original-effects/Magic3/500.png")

---- map_parser::player_movement_tests::entrance_exemption_requires_an_ordinary_edge_and_a_valid_landing stdout ----

thread 'map_parser::player_movement_tests::entrance_exemption_requires_an_ordinary_edge_and_a_valid_landing' (117116) panicked at src\map_player_movement_tests.rs:59:29:
packaged Bichon map

---- map_parser::player_movement_tests::ordinary_bichon_entrance_exempts_only_its_authored_raw_wall_cell stdout ----

thread 'map_parser::player_movement_tests::ordinary_bichon_entrance_exempts_only_its_authored_raw_wall_cell' (113000) panicked at src\map_player_movement_tests.rs:5:29:
packaged Bichon map

---- map_parser::tests::bichon_market_grass_middle_renders_above_its_sand_back stdout ----

thread 'map_parser::tests::bichon_market_grass_middle_renders_above_its_sand_back' (114052) panicked at src\map_parser.rs:1650:33:
Bichon map layout

---- map_parser::tests::bichon_screenshot_viewport_has_local_floor_and_object_images stdout ----

thread 'map_parser::tests::bichon_screenshot_viewport_has_local_floor_and_object_images' (123324) panicked at src\map_parser.rs:1609:41:
configured native assets


failures:
    assets::tests::repository_asset_root_is_discovered_without_compile_time_paths
    atlas::pet_path_tests::pet_world_frame_fallback_is_strict_and_preserves_real_geometry
    atlas::tests::animation_frame_override_selects_current_draw_frame
    atlas::tests::assassin_melee_uses_alt_body_hair_and_dual_directional_weapons
    atlas::tests::entity_render_state_preserves_native_motion_window_for_runtime_interpolation
    atlas::tests::entity_render_state_uses_manifest_geometry_and_viewport_coordinates
    atlas::tests::ground_item_renders_without_actor_or_name_and_disappears_when_removed
    atlas::tests::hidden_is_half_opacity_but_dead_is_not_implicitly_faded
    atlas::tests::high_armour_exports_keep_every_original_frame_and_exact_geometry
    atlas::tests::high_armour_stand_walk_run_retains_body_hair_and_weapon_in_all_directions
    atlas::tests::hooking_cat_all_exported_frames_resolve_to_native_atlas_layers
    atlas::tests::missing_atlas_png_or_meta_never_invents_player_geometry
    atlas::tests::mounted_player_adds_mount_and_suppresses_weapon_layers
    atlas::tests::newcomer_monster_standalone_frames_retain_original_geometry
    atlas::tests::packed_manifest_and_web_meta_share_geometry_semantics
    atlas::tests::player_composite_uses_body_hair_weapon_offsets_and_depth_order
    atlas::tests::unpacked_player_frame_keeps_pixel_hit_and_atomic_highlight
    atlas::tests::unpacked_player_library_uses_exact_meta_for_actions_directions_and_gender
    effects::pet_tests::pickup_requires_authoritative_monster_actor_and_source_missing_sounds_stay_missing
    effects::pet_tests::source_pet_effects_use_real_frames_offsets_and_frame_delays
    effects::pet_tests::trackable_effects_deduplicate_per_owner_and_cancel_only_before_trigger
    effects::tests::active_effects_never_exceed_the_cap
    effects::tests::blizzard_ground_has_delay_and_offset
    effects::tests::blizzard_ground_offset_applied
    effects::tests::continuous_200_projectiles_bounded_and_no_leak
    effects::tests::duplicate_packet_does_not_duplicate_return_effect
    effects::tests::duplicate_sequence_does_not_duplicate_effect
    effects::tests::fire_bounce_authoritative_hop_uses_source_direction_and_crystal_clock
    effects::tests::fire_bounce_cast_false_keeps_cast_only_and_boundaries_clear_chain
    effects::tests::fire_bounce_completion_suppresses_only_terminal_dead_target
    effects::tests::fire_bounce_object_magic_owns_delayed_first_projectile_and_legacy_dedupe
    effects::tests::fire_bounce_production_frames_and_audio_are_integrity_closed
    effects::tests::fireball_cast_animation_resolves
    effects::tests::fireball_cast_false_keeps_cast_but_never_projectile_impact_or_phase_audio
    effects::tests::fireball_direction16_is_locked_from_the_target_position_at_launch
    effects::tests::fireball_effect_light_tracks_cast_projectile_and_impact
    effects::tests::fireball_family_suppresses_impact_and_sound_only_for_dead_action_at_completion
    effects::tests::fireball_object_magic_owns_cast_delayed_projectile_impact_and_three_sounds
    effects::tests::fireball_production_direction_frames_and_audio_are_integrity_closed
    effects::tests::fireball_projectile_and_impact_resolve_via_subspec
    effects::tests::fireball_projectile_and_impact_spec
    effects::tests::fireball_target_revived_before_completion_restores_impact
    effects::tests::fireball_tracks_bound_target_and_recomputes_distance_clock_before_arrival
    effects::tests::fireball_unbound_target_point_has_projectile_but_no_invented_impact
    effects::tests::firebang_empty_ground_completion_has_exact_frames_and_fixed_target
    effects::tests::firebang_failed_cast_and_source_lifecycle_do_not_leak_completion
    effects::tests::firewall_cast_false_keeps_cast_and_first_sound_but_no_completion_sound
    effects::tests::firewall_cast_true_plays_two_source_sounds_across_spell_action
    effects::tests::firewall_five_object_spells_repeat_until_each_authoritative_remove
    effects::tests::firewall_map_change_clears_ground_cast_and_pending_completion_audio
    effects::tests::firewall_source_cast_ground_and_audio_are_integrity_closed
    effects::tests::flaming_sword_all_directions_resolve_six_source_frames_at_crystal_rate
    effects::tests::flaming_sword_object_attack_tracks_attacker_and_expires_at_six_frames
    effects::tests::flaming_sword_ordinary_attack_is_noop_and_new_attack_restarts_per_attacker
    effects::tests::flaming_sword_source_audio_identity_is_closed
    effects::tests::frame_with_mask_emits_mask_render_state
    effects::tests::frost_crunch_object_magic_owns_cast_projectile_impact_and_two_sounds
    effects::tests::frost_crunch_suppresses_impact_and_sound_only_for_dead_action_at_completion
    effects::tests::frost_crunch_target_removal_map_logout_and_reset_clear_delayed_impact
    effects::tests::frost_crunch_target_revived_before_completion_restores_impact
    effects::tests::great_fireball_cast_false_keeps_cast_and_first_sound_only
    effects::tests::great_fireball_object_magic_owns_three_source_phases_and_sounds
    effects::tests::great_fireball_source_frames_and_audio_are_integrity_closed
    effects::tests::great_fireball_target_removal_suppresses_impact_and_compatibility_replay
    effects::tests::ground_talismans_keep_launched_target_reference_but_cancel_removed_caster
    effects::tests::ground_talismans_launch_after_spell_and_complete_at_fixed_point_with_source_sounds
    effects::tests::ground_talismans_reject_failed_cast_and_compatibility_packets_and_reset_cleanly
    effects::tests::ground_talismans_resolve_all_sixteen_directions
    effects::tests::ground_talismans_track_flight_but_impact_packet_point_even_when_target_dies
    effects::tests::hallucination_completion_uses_current_terminal_dead_state
    effects::tests::hallucination_object_magic_owns_delayed_directional_projectile_and_impact_sound
    effects::tests::hallucination_production_frames_and_audio_are_integrity_closed
    effects::tests::hallucination_target_absence_compatibility_and_session_boundaries_fail_closed
    effects::tests::healing_cast_and_target_follow_crystal_clocks_and_audio_phases
    effects::tests::healing_source_frames_and_audio_identities_are_closed
    effects::tests::healing_target_tracks_authoritative_object_and_replay_is_one_shot
    effects::tests::immortal_skin_layers_start_together_follow_actor_and_expire_independently
    effects::tests::left_guard_hide_survives_real_adapter_tombstoned_snapshots
    effects::tests::left_guard_range_projectile_catalog_is_exact_crystal_contract
    effects::tests::left_guard_range_projectile_locks_launch_direction_then_tracks_target
    effects::tests::left_guard_range_projectile_restarts_per_pair_and_is_source_owned
    effects::tests::left_guard_range_projectile_waits_four_frames_and_uses_crystal_flight_clock
    effects::tests::lightning_cast_false_and_session_reset_never_emit_effect_or_sound
    effects::tests::lightning_direction_7_resolves_base_1110
    effects::tests::lightning_production_frames_and_audio_are_integrity_closed
    effects::tests::lightning_target_anchored_no_fake_projectile
    effects::tests::lightning_waits_for_spell_completion_follows_caster_and_sounds_once
    effects::tests::magic_shield_late_join_restores_without_stale_snapshot_overriding_down
    effects::tests::magic_shield_up_is_idempotent_down_clears_and_recast_restores
    effects::tests::manifest_loads
    effects::tests::map_change_clears_return_effect
    effects::tests::map_changed_and_logout_clear_all_effects
    effects::tests::map_changed_and_logout_clear_runtime_retained_via_tick
    effects::tests::mask_frame_tracks_primary_frame
    effects::tests::mine_persistent_cleared_by_object_remove
    effects::tests::mine_value_7_resolves_effect_frame_56
    effects::tests::new_move_destination_uses_crystal_magic3_frames_and_expires_at_600ms
    effects::tests::object_magic_creates_cast_with_magic_0_frame
    effects::tests::object_projectile_from_player_to_monster_succeeds_with_merged_tiles
    effects::tests::object_spell_removed_by_object_remove
    effects::tests::object_spell_same_object_id_replaces_previous
    effects::tests::owner_revive_alias_packets_emit_one_effect_and_one_sound
    effects::tests::player_revive_catalog_is_exact_magic2_twenty_frame_sequence
    effects::tests::player_revive_effect_and_audio_follow_self_remote_and_effect_gates
    effects::tests::projectile_duplicate_sequence_does_not_duplicate_projectile
    effects::tests::projectile_uses_authoritative_destination_after_target_moves
    effects::tests::real_trap_hexagon_object_spell_remains_until_authoritative_remove
    effects::tests::reconnect_reset_for_new_connection_allows_sequence_one
    effects::tests::reconnect_sequence_resets_via_generation
    effects::tests::return_effect_reverses_source_and_destination
    effects::tests::right_guard_range_hit_catalog_is_exact_crystal_contract
    effects::tests::right_guard_range_hit_restarts_per_pair_and_obeys_target_lifecycle
    effects::tests::right_guard_range_hit_source_boundary_is_prestart_through_400ms
    effects::tests::right_guard_range_hit_waits_four_frames_tracks_target_and_expires
    effects::tests::soul_fireball_cast_false_is_audio_only_and_never_creates_later_phases
    effects::tests::soul_fireball_locks_direction_at_launch_then_tracks_target_distance
    effects::tests::soul_fireball_object_magic_owns_delayed_projectile_impact_and_three_sounds
    effects::tests::soul_fireball_production_direction_frames_and_audio_are_integrity_closed
    effects::tests::soul_fireball_resolves_target_presence_at_launch_and_ignores_all_compat_packets
    effects::tests::spell_without_return_effect_has_no_return_phase
    effects::tests::warrior_attack_source_frames_cover_all_directions_and_packet_levels
    effects::tests::warrior_attack_uses_packet_spell_and_level_and_follows_actor
    entity_overlays::tests::drop_view_image_uses_the_world_items_actual_dnitems_frame_and_position
    entity_overlays::tests::drop_view_spawns_a_pickup_image_and_removes_it_with_the_drop
    entity_presentation::tests::animation_advances_without_another_gateway_payload
    entity_presentation::tests::authoritative_turn_selects_all_eight_real_player_directions_for_every_actor_layer
    entity_presentation::tests::cannibal_plant_hide_finishes_before_visual_suppression_and_show_restores_it
    entity_presentation::tests::crystal_selected_monster_redraw_stays_between_real_front_tiles_and_effects
    entity_presentation::tests::crystal_selected_redraw_precedes_same_and_cross_actor_flaming_sword_effects
    entity_presentation::tests::crystal_selected_remote_player_redraws_exact_composite_at_thirty_percent
    entity_presentation::tests::duplicate_action_sequence_does_not_restart_animation
    entity_presentation::tests::overlapping_player_moves_continue_fractional_motion_and_restart_visible_phase
    entity_presentation::tests::removed_hidden_object_does_not_suppress_a_reused_object_id
    entity_presentation::tests::vis01_bichon_actor_transcript_routes_through_candidate_manifests_and_map_state
    frame_sets::pet_frames_tests::all_fifteen_pet_libraries_load_embedded_frame_sets_instead_of_generic_monster
    gameplay_bridge::tests::packet_only_npcs_derive_crystal_image_libraries_without_npc_zero_fallback
    gateway::tests::d401_minimap_transform_uses_authoritative_index_and_parsed_dimensions
    gateway::tests::inventory_transform_groups_items_by_container
    gateway::tests::user_item_count_images_and_true_size_refresh_across_native_surfaces
    input::tests::big_map_input_tests::authored_shop_door_still_rejects_occupancy_and_neighboring_walls
    input::tests::big_map_input_tests::big_map_close_controls_do_not_click_through_and_cancel_a_running_route
    input::tests::big_map_input_tests::imported_oma_entrance_source_tile_is_statically_walkable
    input::tests::big_map_input_tests::left_and_right_map_clicks_send_ack_bounded_movement_and_survive_mouse_up_without_new_move
    input::tests::big_map_input_tests::occupied_entrance_reports_a_retryable_dynamic_blocker
    input::tests::big_map_input_tests::remote_map_and_modal_clicks_never_fall_through_to_world_input
    input::tests::big_map_input_tests::travis_supply_route_walks_bichon_and_both_ordinary_shop_rooms
    input::tests::classic_right_hold_tracks_cursor_without_path_and_stops_on_release
    input::tests::minimap_input_tests::minimap_both_buttons_route_without_bigmap_metadata_or_new_move_at_all_stage_scales
    input::tests::minimap_input_tests::minimap_can_replace_a_route_while_big_map_is_open_without_clicking_world
    input::tests::minimap_input_tests::minimap_click_respects_modals_dead_player_focus_and_overlapping_inventory
    input::tests::minimap_input_tests::minimap_frame_and_collapsed_buttons_consume_press_at_displayed_positions
    input::tests::minimap_input_tests::minimap_occupied_destination_gives_feedback_without_world_click_fallback
    input::tests::minimap_input_tests::minimap_stale_or_loading_image_is_consumed_without_world_actions
    input::tests::quest_route_input_tests::active_supply_navigation_cancels_on_same_map_reset_map_change_or_escape
    input::tests::quest_route_input_tests::bichon_route_keeps_modal_drag_and_manual_cancel_guards
    input::tests::quest_route_input_tests::bichon_route_reaches_oma_entrance_around_static_and_new_entity_obstacles
    input::tests::quest_route_input_tests::bichon_route_survives_passive_ui_hover_without_sending_extra_moves
    input::tests::quest_route_input_tests::hunt_navigation_already_in_region_stops_without_attacking_or_claiming_progress
    input::tests::quest_route_input_tests::hunt_navigation_d001_route_avoids_new_occupancy_and_stops_on_authoritative_arrival
    input::tests::quest_route_input_tests::quest_route_card_without_diary_or_big_map_cache_reaches_d401_exit
    input::tests::quest_route_input_tests::quest_route_uses_current_identity_even_when_a_remote_map_was_browsed
    input::tests::quest_route_input_tests::supply_navigation_already_beside_travis_neither_attacks_nor_opens_a_shop_remotely
    input::tests::quest_route_input_tests::supply_navigation_reaches_both_poison_shop_entrances_and_a_free_npc_neighbor
    input::tests::quest_route_input_tests::supply_navigation_reselects_a_free_npc_neighbor_when_its_endpoint_becomes_occupied
    input::tests::real_right_click_on_empty_world_sends_authoritative_run_intent
    map_parser::player_movement_tests::entrance_exemption_requires_an_ordinary_edge_and_a_valid_landing
    map_parser::player_movement_tests::ordinary_bichon_entrance_exempts_only_its_authored_raw_wall_cell
    map_parser::tests::bichon_market_grass_middle_renders_above_its_sand_back
    map_parser::tests::bichon_screenshot_viewport_has_local_floor_and_object_images

test result: FAILED. 634 passed; 169 failed; 5 ignored; 0 measured; 0 filtered out; finished in 7.88s

error: test failed, to rerun pass `--bin mir2-platform-windows`
