--------- beginning of main
10-02 15:25:05.931 16421 16421 I .web3.uiprevie: Late-enabling -Xcheck:jni
10-02 15:25:05.960 16421 16421 D CompatibilityChangeReporter: Compat change id reported: 171979766; UID 10146; state: ENABLED
10-02 15:25:05.992 16421 16421 V GraphicsEnvironment: ANGLE Developer option for 'com.mir2.web3.uipreview' set to: 'default'
10-02 15:25:05.992 16421 16421 V GraphicsEnvironment: Neither updatable production driver nor prerelease driver is supported.
10-02 15:25:05.993 16421 16421 D NetworkSecurityConfig: No Network Security Config specified, using platform default
10-02 15:25:05.993 16421 16421 D NetworkSecurityConfig: No Network Security Config specified, using platform default
10-02 15:25:06.045 16421 16441 D libEGL  : loaded /vendor/lib64/egl/libEGL_emulation.so
10-02 15:25:06.046 16421 16441 D libEGL  : loaded /vendor/lib64/egl/libGLESv1_CM_emulation.so
10-02 15:25:06.062 16421 16441 D libEGL  : loaded /vendor/lib64/egl/libGLESv2_emulation.so
10-02 15:25:06.072 16421 16421 D AppCompatDelegate: Checking for metadata for AppLocalesMetadataHolderService : Service not found
10-02 15:25:06.079 16421 16421 D gti.InputConnection: InputConnection created
10-02 15:25:06.082 16421 16421 D gti.InputConnection: setEditorInfo
10-02 15:25:06.084 16421 16421 W .web3.uiprevie: Accessing hidden method Landroid/view/ViewGroup;->makeOptionalFitsSystemWindows()V (unsupported, reflection, allowed)
10-02 15:25:06.085 16421 16421 I GameActivity: Looking for library libmir2_platform_android.so
10-02 15:25:06.085 16421 16421 I GameActivity: Found library libmir2_platform_android.so. Loading...
10-02 15:25:06.087 16421 16421 D GameActivity: GameActivity_register
10-02 15:25:06.087 16421 16421 V GameActivity: Registering com/google/androidgamesdk/GameActivity's 24 native methods...
10-02 15:25:06.087 16421 16421 D GameActivity: SDK version: 31
10-02 15:25:06.087 16421 16421 I android-activity: Creating: Activity = 0x1696, saved state size = 0
10-02 15:25:06.090 16421 16421 V threaded_app: Creating: 0xb40000753583ecb0
10-02 15:25:06.090 16421 16421 V threaded_app: Callbacks set: 0xb40000753583ed00
10-02 15:25:06.090 16421 16421 V threaded_app: Launching android_app_entry in a thread
10-02 15:25:06.090 16421 16443 V threaded_app: android_app_entry called
10-02 15:25:06.090 16421 16443 V threaded_app: android_app = 0xb400007515843290
10-02 15:25:06.090 16421 16443 V threaded_app: config = 0xb400007485850970
10-02 15:25:06.090 16421 16443 V threaded_app: activity = 0xb40000753583ecb0
10-02 15:25:06.090 16421 16443 V threaded_app: assetmanager = 0xb40000753583d3b0
10-02 15:25:06.090 16421 16443 V threaded_app: Config: mcc=310 mnc=260 lang=en cnt=US orien=2 touch=3 dens=440 keys=2 nav=2 keysHid=1 navHid=0 sdk=31 size=2 long=2 modetype=1 modenight=1
10-02 15:25:06.105 16421 16443 D HostConnection: createUnique: call
10-02 15:25:06.105 16421 16443 D HostConnection: HostConnection::get() New Host Connection established 0xb4000074d5838a10, tid 16443
10-02 15:25:06.107 16421 16443 D HostConnection: HostComposition ext ANDROID_EMU_CHECKSUM_HELPER_v1 ANDROID_EMU_native_sync_v2 ANDROID_EMU_native_sync_v3 ANDROID_EMU_native_sync_v4 ANDROID_EMU_dma_v1 ANDROID_EMU_direct_mem ANDROID_EMU_host_composition_v1 ANDROID_EMU_host_composition_v2 ANDROID_EMU_vulkan ANDROID_EMU_deferred_vulkan_commands ANDROID_EMU_vulkan_null_optional_strings ANDROID_EMU_vulkan_create_resources_with_requirements ANDROID_EMU_YUV_Cache ANDROID_EMU_vulkan_ignored_handles ANDROID_EMU_has_shared_slots_host_memory_allocator ANDROID_EMU_vulkan_free_memory_sync ANDROID_EMU_vulkan_shader_float16_int8 ANDROID_EMU_vulkan_async_queue_submit ANDROID_EMU_vulkan_queue_submit_with_commands ANDROID_EMU_sync_buffer_data ANDROID_EMU_vulkan_async_qsri ANDROID_EMU_read_color_buffer_dma ANDROID_EMU_hwc_color_transform GL_OES_EGL_image_external_essl3 GL_OES_vertex_array_object ANDROID_EMU_host_side_tracing ANDROID_EMU_gles_max_version_3_0 
10-02 15:25:06.108 16421 16443 D EGL_emulation: eglCreateContext: 0xb4000074d583b410: maj 3 min 0 rcv 3
10-02 15:25:06.111 16421 16443 D EGL_emulation: eglMakeCurrent: 0xb4000074d583b410: ver 3 0 (tinfo 0x76fbc37080) (first time)
10-02 15:25:06.125 16421 16443 I event /Users/henryliu/obelisk/numeron-worktrees/android-shared-sync/mir2-web3/third_party/bevyAdapterInfo { name: "Android Emulator OpenGL ES Translator (Apple M1 Max)", vendor: 4203, device: 0, device_type: IntegratedGpu, device_pci_bus_id: "", driver: "", driver_info: "OpenGL ES 3.0 (4.1 Metal - 89.4)", backend: Gl, subgroup_min_size: 4, subgroup_max_size: 128, transient_saves_memory: false }
10-02 15:25:06.126 16421 16442 I RustStdoutStderr: [2m2026-10-02T07:25:06.125925Z[0m [32m INFO[0m [2mbevy_render::renderer[0m[2m:[0m AdapterInfo { name: "Android Emulator OpenGL ES Translator (Apple M1 Max)", vendor: 4203, device: 0, device_type: IntegratedGpu, device_pci_bus_id: "", driver: "", driver_info: "OpenGL ES 3.0 (4.1 Metal - 89.4)", backend: Gl, subgroup_min_size: 4, subgroup_max_size: 128, transient_saves_memory: false }
10-02 15:25:06.131 16421 16421 V GameActivity: onStart_native
10-02 15:25:06.131 16421 16421 V threaded_app: Start: 0xb40000753583ecb0
10-02 15:25:06.191 16421 16443 I event /Users/henryliu/obelisk/numeron-worktrees/android-shared-sync/mir2-web3/third_party/bevySparse buffer updates disabled. RenderDevice lacks support: max_storage_buffers_per_shader_stage (0) < 3.
10-02 15:25:06.191 16421 16443 W event /Users/henryliu/.cargo/registry/src/index.crates.io-1949cf8c6b5b557f/bevy_core_pipeline-OrderIndependentTransparencyPlugin not loaded. GPU lacks support: DownlevelFlags::FRAGMENT_WRITABLE_STORAGE.
10-02 15:25:06.191 16421 16443 W event /Users/henryliu/.cargo/registry/src/index.crates.io-1949cf8c6b5b557f/bevy_core_pipeline-BackgroundMotionVectorsPlugin not loaded. GPU lacks support for required downlevel capability flags: DownlevelFlags(INDEPENDENT_BLEND).
10-02 15:25:06.192 16421 16442 I RustStdoutStderr: [2m2026-10-02T07:25:06.191873Z[0m [32m INFO[0m [2mbevy_render::render_resource::sparse_buffer_vec[0m[2m:[0m Sparse buffer updates disabled. RenderDevice lacks support: max_storage_buffers_per_shader_stage (0) < 3.
10-02 15:25:06.192 16421 16442 I RustStdoutStderr: [2m2026-10-02T07:25:06.191976Z[0m [33m WARN[0m [2mbevy_core_pipeline::oit::resolve[0m[2m:[0m OrderIndependentTransparencyPlugin not loaded. GPU lacks support: DownlevelFlags::FRAGMENT_WRITABLE_STORAGE.
10-02 15:25:06.192 16421 16442 I RustStdoutStderr: [2m2026-10-02T07:25:06.191991Z[0m [33m WARN[0m [2mbevy_core_pipeline::prepass::background_motion_vectors[0m[2m:[0m BackgroundMotionVectorsPlugin not loaded. GPU lacks support for required downlevel capability flags: DownlevelFlags(INDEPENDENT_BLEND).
10-02 15:25:06.263 16421 16442 I RustStdoutStderr: [2m2026-10-02T07:25:06.263432Z[0m [32m INFO[0m [2mbevy_render::batching::gpu_preprocessing[0m[2m:[0m GPU preprocessing is not supported on this device. Falling back to CPU preprocessing.
10-02 15:25:06.263 16421 16443 I event /Users/henryliu/obelisk/numeron-worktrees/android-shared-sync/mir2-web3/third_party/bevyGPU preprocessing is not supported on this device. Falling back to CPU preprocessing.
10-02 15:25:06.283 16421 16443 V threaded_app: activityState=11
10-02 15:25:06.284 16421 16442 I RustStdoutStderr: [2m2026-10-02T07:25:06.284043Z[0m [33m WARN[0m [2mwinit::platform_impl::android[0m[2m:[0m TODO: forward onStart notification to application
10-02 15:25:06.284 16421 16443 W event /Users/henryliu/.cargo/registry/src/index.crates.io-1949cf8c6b5b557f/winit-0.30.13/src/pTODO: forward onStart notification to application
10-02 15:25:06.285 16421 16421 V threaded_app: Resume: 0xb40000753583ecb0
10-02 15:25:06.285 16421 16443 V threaded_app: activityState=12
10-02 15:25:06.292 16421 16421 V GameActivity: onImeInsetsChanged from Text Listener
10-02 15:25:06.292 16421 16421 V threaded_app: WindowInsetsChanged: 0xb40000753583ecb0
10-02 15:25:06.292 16421 16443 W event /Users/henryliu/.cargo/registry/src/index.crates.io-1949cf8c6b5b557f/winit-0.30.13/src/pTODO: handle Android InsetsChanged notification
10-02 15:25:06.292 16421 16442 I RustStdoutStderr: [2m2026-10-02T07:25:06.292379Z[0m [33m WARN[0m [2mwinit::platform_impl::android[0m[2m:[0m TODO: handle Android InsetsChanged notification
10-02 15:25:06.297 16421 16421 V GameActivity: onImeInsetsChanged from Text Listener
10-02 15:25:06.297 16421 16421 V threaded_app: WindowInsetsChanged: 0xb40000753583ecb0
10-02 15:25:06.297 16421 16443 W event /Users/henryliu/.cargo/registry/src/index.crates.io-1949cf8c6b5b557f/winit-0.30.13/src/pTODO: handle Android InsetsChanged notification
10-02 15:25:06.297 16421 16442 I RustStdoutStderr: [2m2026-10-02T07:25:06.297607Z[0m [33m WARN[0m [2mwinit::platform_impl::android[0m[2m:[0m TODO: handle Android InsetsChanged notification
10-02 15:25:06.297 16421 16439 D HostConnection: createUnique: call
10-02 15:25:06.298 16421 16439 D HostConnection: HostConnection::get() New Host Connection established 0xb4000074d5853e90, tid 16439
10-02 15:25:06.299 16421 16439 D HostConnection: HostComposition ext ANDROID_EMU_CHECKSUM_HELPER_v1 ANDROID_EMU_native_sync_v2 ANDROID_EMU_native_sync_v3 ANDROID_EMU_native_sync_v4 ANDROID_EMU_dma_v1 ANDROID_EMU_direct_mem ANDROID_EMU_host_composition_v1 ANDROID_EMU_host_composition_v2 ANDROID_EMU_vulkan ANDROID_EMU_deferred_vulkan_commands ANDROID_EMU_vulkan_null_optional_strings ANDROID_EMU_vulkan_create_resources_with_requirements ANDROID_EMU_YUV_Cache ANDROID_EMU_vulkan_ignored_handles ANDROID_EMU_has_shared_slots_host_memory_allocator ANDROID_EMU_vulkan_free_memory_sync ANDROID_EMU_vulkan_shader_float16_int8 ANDROID_EMU_vulkan_async_queue_submit ANDROID_EMU_vulkan_queue_submit_with_commands ANDROID_EMU_sync_buffer_data ANDROID_EMU_vulkan_async_qsri ANDROID_EMU_read_color_buffer_dma ANDROID_EMU_hwc_color_transform GL_OES_EGL_image_external_essl3 GL_OES_vertex_array_object ANDROID_EMU_host_side_tracing ANDROID_EMU_gles_max_version_3_0 
10-02 15:25:06.299 16421 16439 W OpenGLRenderer: Failed to choose config with EGL_SWAP_BEHAVIOR_PRESERVED, retrying without...
10-02 15:25:06.299 16421 16439 W OpenGLRenderer: Failed to initialize 101010-2 format, error = EGL_SUCCESS
10-02 15:25:06.300 16421 16439 D EGL_emulation: eglCreateContext: 0xb4000074d5854790: maj 3 min 0 rcv 3
10-02 15:25:06.301 16421 16439 D EGL_emulation: eglMakeCurrent: 0xb4000074d5854790: ver 3 0 (tinfo 0x76fbc37100) (first time)
10-02 15:25:06.302 16421 16421 V threaded_app: ContentRectChanged: 0xb40000753583ecb0 -- (0 0) (2340 1080)
10-02 15:25:06.302 16421 16443 W event /Users/henryliu/.cargo/registry/src/index.crates.io-1949cf8c6b5b557f/winit-0.30.13/src/pTODO: find a way to notify application of content rect change
10-02 15:25:06.302 16421 16442 I RustStdoutStderr: [2m2026-10-02T07:25:06.302469Z[0m [33m WARN[0m [2mwinit::platform_impl::android[0m[2m:[0m TODO: find a way to notify application of content rect change
10-02 15:25:06.303 16421 16421 V GameActivity: onSurfaceCreated_native
10-02 15:25:06.303 16421 16421 V threaded_app: NativeWindowCreated: 0xb40000753583ecb0 -- 0xb4000075c588cae0
10-02 15:25:06.303 16421 16421 V threaded_app: android_app_set_window called
10-02 15:25:06.303 16421 16443 V threaded_app: APP_CMD_INIT_WINDOW
10-02 15:25:06.303 16421 16443 I event /Users/henryliu/.cargo/registry/src/index.crates.io-1949cf8c6b5b557f/bevy_winit-0.19.0/sCreating new window mir2-web3 (android) (105v0)
10-02 15:25:06.303 16421 16442 I RustStdoutStderr: [2m2026-10-02T07:25:06.303554Z[0m [32m INFO[0m [2mbevy_winit::system[0m[2m:[0m Creating new window mir2-web3 (android) (105v0)
10-02 15:25:06.305 16421 16421 V threaded_app: NativeWindowResized: 0xb40000753583ecb0 -- 0xb4000075c588cae0 ( 2340 x 1080 )
10-02 15:25:06.306 16421 16421 V threaded_app: NativeWindowRedrawNeeded: 0xb40000753583ecb0 -- 0xb4000075c588cae0
10-02 15:25:06.307 16421 16439 I Gralloc4: mapper 4.x is not supported
10-02 15:25:06.307 16421 16439 D HostConnection: createUnique: call
10-02 15:25:06.307 16421 16439 D HostConnection: HostConnection::get() New Host Connection established 0xb4000074d5853950, tid 16439
10-02 15:25:06.307 16421 16439 D goldfish-address-space: allocate: Ask for block of size 0x100
10-02 15:25:06.307 16421 16439 D goldfish-address-space: allocate: ioctl allocate returned offset 0x1efff8000 size 0x8000
10-02 15:25:06.308 16421 16439 W Gralloc4: allocator 4.x is not supported
10-02 15:25:06.310 16421 16439 D HostConnection: HostComposition ext ANDROID_EMU_CHECKSUM_HELPER_v1 ANDROID_EMU_native_sync_v2 ANDROID_EMU_native_sync_v3 ANDROID_EMU_native_sync_v4 ANDROID_EMU_dma_v1 ANDROID_EMU_direct_mem ANDROID_EMU_host_composition_v1 ANDROID_EMU_host_composition_v2 ANDROID_EMU_vulkan ANDROID_EMU_deferred_vulkan_commands ANDROID_EMU_vulkan_null_optional_strings ANDROID_EMU_vulkan_create_resources_with_requirements ANDROID_EMU_YUV_Cache ANDROID_EMU_vulkan_ignored_handles ANDROID_EMU_has_shared_slots_host_memory_allocator ANDROID_EMU_vulkan_free_memory_sync ANDROID_EMU_vulkan_shader_float16_int8 ANDROID_EMU_vulkan_async_queue_submit ANDROID_EMU_vulkan_queue_submit_with_commands ANDROID_EMU_sync_buffer_data ANDROID_EMU_vulkan_async_qsri ANDROID_EMU_read_color_buffer_dma ANDROID_EMU_hwc_color_transform GL_OES_EGL_image_external_essl3 GL_OES_vertex_array_object ANDROID_EMU_host_side_tracing ANDROID_EMU_gles_max_version_3_0 
10-02 15:25:06.348 16421 16421 V threaded_app: WindowFocusChanged: 0xb40000753583ecb0 -- 1
10-02 15:25:06.352 16421 16442 I RustStdoutStderr: [2m2026-10-02T07:25:06.352764Z[0m [32m INFO[0m [2mbevy_render::view::window[0m[2m:[0m MIR2_ANDROID_SURFACE_CONFIG_PROBE reason=initial format=Rgba8Unorm size=3520x1980
10-02 15:25:06.352 16421 16443 I event /Users/henryliu/obelisk/numeron-worktrees/android-shared-sync/mir2-web3/third_party/bevyMIR2_ANDROID_SURFACE_CONFIG_PROBE reason=initial format=Rgba8Unorm size=3520x1980
10-02 15:25:06.353 16421 16443 I event /Users/henryliu/obelisk/numeron-worktrees/android-shared-sync/mir2-web3/third_party/bevyMIR2_ANDROID_SURFACE_ATTACHMENT_PROBE frame=0 raw=3 live=true internal=0x8058 size=3520x1980 samples=0 expected=Rgba8Unorm
10-02 15:25:06.353 16421 16442 I RustStdoutStderr: [2m2026-10-02T07:25:06.353172Z[0m [32m INFO[0m [2mbevy_render::view::window[0m[2m:[0m MIR2_ANDROID_SURFACE_ATTACHMENT_PROBE frame=0 raw=3 live=true internal=0x8058 size=3520x1980 samples=0 expected=Rgba8Unorm
10-02 15:25:06.371 16421 16421 V GameActivity: onImeInsetsChanged from Text Listener
10-02 15:25:06.371 16421 16421 V threaded_app: WindowInsetsChanged: 0xb40000753583ecb0
10-02 15:25:06.400 16421 16443 I event /Users/henryliu/obelisk/numeron-worktrees/android-shared-sync/mir2-web3/third_party/bevyMIR2_ANDROID_SURFACE_CONFIG_PROBE reason=resize_or_present_mode format=Rgba8Unorm size=2340x1080
10-02 15:25:06.400 16421 16442 I RustStdoutStderr: [2m2026-10-02T07:25:06.400053Z[0m [32m INFO[0m [2mbevy_render::view::window[0m[2m:[0m MIR2_ANDROID_SURFACE_CONFIG_PROBE reason=resize_or_present_mode format=Rgba8Unorm size=2340x1080
10-02 15:25:06.418 16421 16443 I event src/item_geometry.rs:127: ANDROID_ITEM_GEOMETRY_READYitems = 1003; state_items = 2380; sources = [("original-ui/Items/meta.json", "ec0eca414ac6c34e17a218f0ed4396f30607c2485482f8760af7706acddcedfe"), ("original-ui/StateItem/meta.json", "7d812a76e9a54b1d0535968a8c21ee2064577e7012572daf79b242221ca72e9a")];
10-02 15:25:06.418 16421 16442 I RustStdoutStderr: [2m2026-10-02T07:25:06.418300Z[0m [32m INFO[0m [2mmir2_platform_android::item_geometry[0m[2m:[0m ANDROID_ITEM_GEOMETRY_READY [3mitems[0m[2m=[0m1003 [3mstate_items[0m[2m=[0m2380 [3msources[0m[2m=[0m[("original-ui/Items/meta.json", "ec0eca414ac6c34e17a218f0ed4396f30607c2485482f8760af7706acddcedfe"), ("original-ui/StateItem/meta.json", "7d812a76e9a54b1d0535968a8c21ee2064577e7012572daf79b242221ca72e9a")]
10-02 15:25:06.418 16421 16443 I event src/ui_preview.rs:1347: ANDROID_INVENTORY_INGRESS_OFFLINE queued owner42 bag12 equip2 sourceFrame30
10-02 15:25:06.418 16421 16443 I event src/ui_preview.rs:800: ANDROID_UI_PREVIEW_READY scene=world-render
10-02 15:25:06.418 16421 16442 I RustStdoutStderr: [2m2026-10-02T07:25:06.418584Z[0m [32m INFO[0m [2mmir2_platform_android::ui_preview[0m[2m:[0m ANDROID_INVENTORY_INGRESS_OFFLINE queued owner42 bag12 equip2 sourceFrame30
10-02 15:25:06.418 16421 16442 I RustStdoutStderr: [2m2026-10-02T07:25:06.418697Z[0m [32m INFO[0m [2mmir2_platform_android::ui_preview[0m[2m:[0m ANDROID_UI_PREVIEW_READY scene=world-render
10-02 15:25:06.440 16421 16443 W event /Users/henryliu/.cargo/registry/src/index.crates.io-1949cf8c6b5b557f/winit-0.30.13/src/pTODO: handle Android InsetsChanged notification
10-02 15:25:06.440 16421 16442 I RustStdoutStderr: [2m2026-10-02T07:25:06.440067Z[0m [33m WARN[0m [2mwinit::platform_impl::android[0m[2m:[0m TODO: handle Android InsetsChanged notification
10-02 15:25:06.472 16421 16443 I event /Users/henryliu/obelisk/numeron-worktrees/android-shared-sync/mir2-web3/third_party/bevyMIR2_ANDROID_SURFACE_ATTACHMENT_PROBE frame=0 raw=5 live=true internal=0x8058 size=2340x1080 samples=0 expected=Rgba8Unorm
10-02 15:25:06.472 16421 16442 I RustStdoutStderr: [2m2026-10-02T07:25:06.471974Z[0m [32m INFO[0m [2mbevy_render::view::window[0m[2m:[0m MIR2_ANDROID_SURFACE_ATTACHMENT_PROBE frame=0 raw=5 live=true internal=0x8058 size=2340x1080 samples=0 expected=Rgba8Unorm
10-02 15:25:06.490 16421 16443 D eglCodecCommon: checkFramebufferAttachmentCompleteness: rbo not color renderable. format: 0x0
10-02 15:25:06.490 16421 16443 D eglCodecCommon: checkFramebufferCompleteness: color attachment 0 not complete: 0x8cd6
10-02 15:25:06.490 16421 16443 E emuglGLESv2_enc: device/generic/goldfish-opengl/system/GLESv2_enc/GL2Encoder.cpp:s_glDrawElementsInstanced:4585 GL error 0x506 condition [ctx->m_state->checkFramebufferCompleteness(GL_FRAMEBUFFER) != GL_FRAMEBUFFER_COMPLETE]
10-02 15:25:06.520 16421 16443 I event /Users/henryliu/obelisk/numeron-worktrees/android-shared-sync/mir2-web3/third_party/bevyMIR2_ANDROID_SURFACE_ATTACHMENT_PROBE frame=1 raw=5 live=true internal=0x8058 size=2340x1080 samples=0 expected=Rgba8Unorm
10-02 15:25:06.520 16421 16442 I RustStdoutStderr: [2m2026-10-02T07:25:06.520334Z[0m [32m INFO[0m [2mbevy_render::view::window[0m[2m:[0m MIR2_ANDROID_SURFACE_ATTACHMENT_PROBE frame=1 raw=5 live=true internal=0x8058 size=2340x1080 samples=0 expected=Rgba8Unorm
10-02 15:25:06.523 16421 16443 D eglCodecCommon: checkFramebufferAttachmentCompleteness: rbo not color renderable. format: 0x0
10-02 15:25:06.523 16421 16443 D eglCodecCommon: checkFramebufferCompleteness: color attachment 0 not complete: 0x8cd6
10-02 15:25:06.523 16421 16443 E emuglGLESv2_enc: device/generic/goldfish-opengl/system/GLESv2_enc/GL2Encoder.cpp:s_glDrawElementsInstanced:4585 GL error 0x506 condition [ctx->m_state->checkFramebufferCompleteness(GL_FRAMEBUFFER) != GL_FRAMEBUFFER_COMPLETE]
10-02 15:25:06.523 16421 16443 D eglCodecCommon: checkFramebufferAttachmentCompleteness: rbo not color renderable. format: 0x0
10-02 15:25:06.523 16421 16443 D eglCodecCommon: checkFramebufferCompleteness: color attachment 0 not complete: 0x8cd6
10-02 15:25:06.523 16421 16443 E emuglGLESv2_enc: device/generic/goldfish-opengl/system/GLESv2_enc/GL2Encoder.cpp:s_glDrawElementsInstanced:4585 GL error 0x506 condition [ctx->m_state->checkFramebufferCompleteness(GL_FRAMEBUFFER) != GL_FRAMEBUFFER_COMPLETE]
10-02 15:25:06.523 16421 16443 D eglCodecCommon: checkFramebufferAttachmentCompleteness: rbo not color renderable. format: 0x0
10-02 15:25:06.523 16421 16443 D eglCodecCommon: checkFramebufferCompleteness: color attachment 0 not complete: 0x8cd6
10-02 15:25:06.523 16421 16443 E emuglGLESv2_enc: device/generic/goldfish-opengl/system/GLESv2_enc/GL2Encoder.cpp:s_glDrawElementsInstanced:4585 GL error 0x506 condition [ctx->m_state->checkFramebufferCompleteness(GL_FRAMEBUFFER) != GL_FRAMEBUFFER_COMPLETE]
10-02 15:25:06.523 16421 16443 D eglCodecCommon: checkFramebufferAttachmentCompleteness: rbo not color renderable. format: 0x0
10-02 15:25:06.523 16421 16443 D eglCodecCommon: checkFramebufferCompleteness: color attachment 0 not complete: 0x8cd6
10-02 15:25:06.523 16421 16443 E emuglGLESv2_enc: device/generic/goldfish-opengl/system/GLESv2_enc/GL2Encoder.cpp:s_glDrawElementsInstanced:4585 GL error 0x506 condition [ctx->m_state->checkFramebufferCompleteness(GL_FRAMEBUFFER) != GL_FRAMEBUFFER_COMPLETE]
10-02 15:25:06.523 16421 16443 D eglCodecCommon: checkFramebufferAttachmentCompleteness: rbo not color renderable. format: 0x0
10-02 15:25:06.523 16421 16443 D eglCodecCommon: checkFramebufferCompleteness: color attachment 0 not complete: 0x8cd6
10-02 15:25:06.523 16421 16443 E emuglGLESv2_enc: device/generic/goldfish-opengl/system/GLESv2_enc/GL2Encoder.cpp:s_glDrawElementsInstanced:4585 GL error 0x506 condition [ctx->m_state->checkFramebufferCompleteness(GL_FRAMEBUFFER) != GL_FRAMEBUFFER_COMPLETE]
10-02 15:25:06.545 16421 16443 I event /Users/henryliu/obelisk/numeron-worktrees/android-shared-sync/mir2-web3/third_party/bevyMIR2_ANDROID_SURFACE_ATTACHMENT_PROBE frame=2 raw=5 live=true internal=0x8058 size=2340x1080 samples=0 expected=Rgba8Unorm
10-02 15:25:06.545 16421 16442 I RustStdoutStderr: [2m2026-10-02T07:25:06.545297Z[0m [32m INFO[0m [2mbevy_render::view::window[0m[2m:[0m MIR2_ANDROID_SURFACE_ATTACHMENT_PROBE frame=2 raw=5 live=true internal=0x8058 size=2340x1080 samples=0 expected=Rgba8Unorm
10-02 15:25:06.549 16421 16443 D eglCodecCommon: checkFramebufferAttachmentCompleteness: rbo not color renderable. format: 0x0
10-02 15:25:06.549 16421 16443 D eglCodecCommon: checkFramebufferCompleteness: color attachment 0 not complete: 0x8cd6
10-02 15:25:06.549 16421 16443 E emuglGLESv2_enc: device/generic/goldfish-opengl/system/GLESv2_enc/GL2Encoder.cpp:s_glDrawElementsInstanced:4585 GL error 0x506 condition [ctx->m_state->checkFramebufferCompleteness(GL_FRAMEBUFFER) != GL_FRAMEBUFFER_COMPLETE]
10-02 15:25:06.549 16421 16443 D eglCodecCommon: checkFramebufferAttachmentCompleteness: rbo not color renderable. format: 0x0
10-02 15:25:06.549 16421 16443 D eglCodecCommon: checkFramebufferCompleteness: color attachment 0 not complete: 0x8cd6
10-02 15:25:06.549 16421 16443 E emuglGLESv2_enc: device/generic/goldfish-opengl/system/GLESv2_enc/GL2Encoder.cpp:s_glDrawElementsInstanced:4585 GL error 0x506 condition [ctx->m_state->checkFramebufferCompleteness(GL_FRAMEBUFFER) != GL_FRAMEBUFFER_COMPLETE]
10-02 15:25:06.549 16421 16443 D eglCodecCommon: checkFramebufferAttachmentCompleteness: rbo not color renderable. format: 0x0
10-02 15:25:06.549 16421 16443 D eglCodecCommon: checkFramebufferCompleteness: color attachment 0 not complete: 0x8cd6
10-02 15:25:06.549 16421 16443 E emuglGLESv2_enc: device/generic/goldfish-opengl/system/GLESv2_enc/GL2Encoder.cpp:s_glDrawElementsInstanced:4585 GL error 0x506 condition [ctx->m_state->checkFramebufferCompleteness(GL_FRAMEBUFFER) != GL_FRAMEBUFFER_COMPLETE]
10-02 15:25:06.549 16421 16443 D eglCodecCommon: checkFramebufferAttachmentCompleteness: rbo not color renderable. format: 0x0
10-02 15:25:06.549 16421 16443 D eglCodecCommon: checkFramebufferCompleteness: color attachment 0 not complete: 0x8cd6
10-02 15:25:06.549 16421 16443 E emuglGLESv2_enc: device/generic/goldfish-opengl/system/GLESv2_enc/GL2Encoder.cpp:s_glDrawElementsInstanced:4585 GL error 0x506 condition [ctx->m_state->checkFramebufferCompleteness(GL_FRAMEBUFFER) != GL_FRAMEBUFFER_COMPLETE]
10-02 15:25:06.549 16421 16443 D eglCodecCommon: checkFramebufferAttachmentCompleteness: rbo not color renderable. format: 0x0
10-02 15:25:06.549 16421 16443 D eglCodecCommon: checkFramebufferCompleteness: color attachment 0 not complete: 0x8cd6
10-02 15:25:06.549 16421 16443 E emuglGLESv2_enc: device/generic/goldfish-opengl/system/GLESv2_enc/GL2Encoder.cpp:s_glDrawElementsInstanced:4585 GL error 0x506 condition [ctx->m_state->checkFramebufferCompleteness(GL_FRAMEBUFFER) != GL_FRAMEBUFFER_COMPLETE]
10-02 15:25:06.549 16421 16443 D eglCodecCommon: checkFramebufferAttachmentCompleteness: rbo not color renderable. format: 0x0
10-02 15:25:06.549 16421 16443 D eglCodecCommon: checkFramebufferCompleteness: color attachment 0 not complete: 0x8cd6
10-02 15:25:06.549 16421 16443 E emuglGLESv2_enc: device/generic/goldfish-opengl/system/GLESv2_enc/GL2Encoder.cpp:s_glDrawElementsInstanced:4585 GL error 0x506 condition [ctx->m_state->checkFramebufferCompleteness(GL_FRAMEBUFFER) != GL_FRAMEBUFFER_COMPLETE]
10-02 15:25:06.568 16421 16443 I event /Users/henryliu/obelisk/numeron-worktrees/android-shared-sync/mir2-web3/third_party/bevyMIR2_ANDROID_SURFACE_ATTACHMENT_PROBE frame=3 raw=5 live=true internal=0x8058 size=2340x1080 samples=0 expected=Rgba8Unorm
10-02 15:25:06.569 16421 16442 I RustStdoutStderr: [2m2026-10-02T07:25:06.568907Z[0m [32m INFO[0m [2mbevy_render::view::window[0m[2m:[0m MIR2_ANDROID_SURFACE_ATTACHMENT_PROBE frame=3 raw=5 live=true internal=0x8058 size=2340x1080 samples=0 expected=Rgba8Unorm
10-02 15:25:06.611 16421 16443 D eglCodecCommon: checkFramebufferAttachmentCompleteness: rbo not color renderable. format: 0x0
10-02 15:25:06.611 16421 16443 D eglCodecCommon: checkFramebufferCompleteness: color attachment 0 not complete: 0x8cd6
10-02 15:25:06.611 16421 16443 E emuglGLESv2_enc: device/generic/goldfish-opengl/system/GLESv2_enc/GL2Encoder.cpp:s_glDrawElementsInstanced:4585 GL error 0x506 condition [ctx->m_state->checkFramebufferCompleteness(GL_FRAMEBUFFER) != GL_FRAMEBUFFER_COMPLETE]
10-02 15:25:06.611 16421 16443 D eglCodecCommon: checkFramebufferAttachmentCompleteness: rbo not color renderable. format: 0x0
10-02 15:25:06.611 16421 16443 D eglCodecCommon: checkFramebufferCompleteness: color attachment 0 not complete: 0x8cd6
10-02 15:25:06.611 16421 16443 E emuglGLESv2_enc: device/generic/goldfish-opengl/system/GLESv2_enc/GL2Encoder.cpp:s_glDrawElementsInstanced:4585 GL error 0x506 condition [ctx->m_state->checkFramebufferCompleteness(GL_FRAMEBUFFER) != GL_FRAMEBUFFER_COMPLETE]
10-02 15:25:06.611 16421 16443 D eglCodecCommon: checkFramebufferAttachmentCompleteness: rbo not color renderable. format: 0x0
10-02 15:25:06.611 16421 16443 D eglCodecCommon: checkFramebufferCompleteness: color attachment 0 not complete: 0x8cd6
10-02 15:25:06.611 16421 16443 E emuglGLESv2_enc: device/generic/goldfish-opengl/system/GLESv2_enc/GL2Encoder.cpp:s_glDrawElementsInstanced:4585 GL error 0x506 condition [ctx->m_state->checkFramebufferCompleteness(GL_FRAMEBUFFER) != GL_FRAMEBUFFER_COMPLETE]
10-02 15:25:06.611 16421 16443 D eglCodecCommon: checkFramebufferAttachmentCompleteness: rbo not color renderable. format: 0x0
10-02 15:25:06.611 16421 16443 D eglCodecCommon: checkFramebufferCompleteness: color attachment 0 not complete: 0x8cd6
10-02 15:25:06.611 16421 16443 E emuglGLESv2_enc: device/generic/goldfish-opengl/system/GLESv2_enc/GL2Encoder.cpp:s_glDrawElementsInstanced:4585 GL error 0x506 condition [ctx->m_state->checkFramebufferCompleteness(GL_FRAMEBUFFER) != GL_FRAMEBUFFER_COMPLETE]
10-02 15:25:06.611 16421 16443 D eglCodecCommon: checkFramebufferAttachmentCompleteness: rbo not color renderable. format: 0x0
10-02 15:25:06.611 16421 16443 D eglCodecCommon: checkFramebufferCompleteness: color attachment 0 not complete: 0x8cd6
10-02 15:25:06.611 16421 16443 E emuglGLESv2_enc: device/generic/goldfish-opengl/system/GLESv2_enc/GL2Encoder.cpp:s_glDrawElementsInstanced:4585 GL error 0x506 condition [ctx->m_state->checkFramebufferCompleteness(GL_FRAMEBUFFER) != GL_FRAMEBUFFER_COMPLETE]
10-02 15:25:06.611 16421 16443 D eglCodecCommon: checkFramebufferAttachmentCompleteness: rbo not color renderable. format: 0x0
10-02 15:25:06.611 16421 16443 D eglCodecCommon: checkFramebufferCompleteness: color attachment 0 not complete: 0x8cd6
10-02 15:25:06.611 16421 16443 E emuglGLESv2_enc: device/generic/goldfish-opengl/system/GLESv2_enc/GL2Encoder.cpp:s_glDrawElementsInstanced:4585 GL error 0x506 condition [ctx->m_state->checkFramebufferCompleteness(GL_FRAMEBUFFER) != GL_FRAMEBUFFER_COMPLETE]
10-02 15:25:06.611 16421 16443 D eglCodecCommon: checkFramebufferAttachmentCompleteness: rbo not color renderable. format: 0x0
10-02 15:25:06.611 16421 16443 D eglCodecCommon: checkFramebufferCompleteness: color attachment 0 not complete: 0x8cd6
10-02 15:25:06.611 16421 16443 E emuglGLESv2_enc: device/generic/goldfish-opengl/system/GLESv2_enc/GL2Encoder.cpp:s_glDrawElementsInstanced:4585 GL error 0x506 condition [ctx->m_state->checkFramebufferCompleteness(GL_FRAMEBUFFER) != GL_FRAMEBUFFER_COMPLETE]
10-02 15:25:06.634 16421 16443 I event /Users/henryliu/obelisk/numeron-worktrees/android-shared-sync/mir2-web3/third_party/bevyMIR2_ANDROID_SURFACE_ATTACHMENT_PROBE frame=4 raw=5 live=true internal=0x8058 size=2340x1080 samples=0 expected=Rgba8Unorm
10-02 15:25:06.635 16421 16442 I RustStdoutStderr: [2m2026-10-02T07:25:06.634939Z[0m [32m INFO[0m [2mbevy_render::view::window[0m[2m:[0m MIR2_ANDROID_SURFACE_ATTACHMENT_PROBE frame=4 raw=5 live=true internal=0x8058 size=2340x1080 samples=0 expected=Rgba8Unorm
10-02 15:25:06.670 16421 16443 I event /Users/henryliu/obelisk/numeron-worktrees/android-shared-sync/mir2-web3/third_party/bevyMIR2_ANDROID_SURFACE_ATTACHMENT_PROBE frame=5 raw=5 live=true internal=0x8058 size=2340x1080 samples=0 expected=Rgba8Unorm
10-02 15:25:06.670 16421 16442 I RustStdoutStderr: [2m2026-10-02T07:25:06.670516Z[0m [32m INFO[0m [2mbevy_render::view::window[0m[2m:[0m MIR2_ANDROID_SURFACE_ATTACHMENT_PROBE frame=5 raw=5 live=true internal=0x8058 size=2340x1080 samples=0 expected=Rgba8Unorm
10-02 15:25:06.696 16421 16443 I event /Users/henryliu/obelisk/numeron-worktrees/android-shared-sync/mir2-web3/third_party/bevyMIR2_ANDROID_SURFACE_ATTACHMENT_PROBE frame=6 raw=5 live=true internal=0x8058 size=2340x1080 samples=0 expected=Rgba8Unorm
10-02 15:25:06.696 16421 16442 I RustStdoutStderr: [2m2026-10-02T07:25:06.696285Z[0m [32m INFO[0m [2mbevy_render::view::window[0m[2m:[0m MIR2_ANDROID_SURFACE_ATTACHMENT_PROBE frame=6 raw=5 live=true internal=0x8058 size=2340x1080 samples=0 expected=Rgba8Unorm
10-02 15:25:06.712 16421 16443 I event /Users/henryliu/obelisk/numeron-worktrees/android-shared-sync/mir2-web3/third_party/bevyMIR2_ANDROID_SURFACE_ATTACHMENT_PROBE frame=7 raw=5 live=true internal=0x8058 size=2340x1080 samples=0 expected=Rgba8Unorm
10-02 15:25:06.713 16421 16442 I RustStdoutStderr: [2m2026-10-02T07:25:06.712869Z[0m [32m INFO[0m [2mbevy_render::view::window[0m[2m:[0m MIR2_ANDROID_SURFACE_ATTACHMENT_PROBE frame=7 raw=5 live=true internal=0x8058 size=2340x1080 samples=0 expected=Rgba8Unorm
10-02 15:25:06.726 16421 16443 I event /Users/henryliu/obelisk/numeron-worktrees/android-shared-sync/mir2-web3/third_party/bevyMIR2_ANDROID_SURFACE_ATTACHMENT_PROBE frame=8 raw=5 live=true internal=0x8058 size=2340x1080 samples=0 expected=Rgba8Unorm
10-02 15:25:06.726 16421 16442 I RustStdoutStderr: [2m2026-10-02T07:25:06.726787Z[0m [32m INFO[0m [2mbevy_render::view::window[0m[2m:[0m MIR2_ANDROID_SURFACE_ATTACHMENT_PROBE frame=8 raw=5 live=true internal=0x8058 size=2340x1080 samples=0 expected=Rgba8Unorm
10-02 15:25:06.740 16421 16443 I event /Users/henryliu/obelisk/numeron-worktrees/android-shared-sync/mir2-web3/third_party/bevyMIR2_ANDROID_SURFACE_ATTACHMENT_PROBE frame=9 raw=5 live=true internal=0x8058 size=2340x1080 samples=0 expected=Rgba8Unorm
10-02 15:25:06.740 16421 16442 I RustStdoutStderr: [2m2026-10-02T07:25:06.740770Z[0m [32m INFO[0m [2mbevy_render::view::window[0m[2m:[0m MIR2_ANDROID_SURFACE_ATTACHMENT_PROBE frame=9 raw=5 live=true internal=0x8058 size=2340x1080 samples=0 expected=Rgba8Unorm
10-02 15:25:06.757 16421 16443 I event /Users/henryliu/obelisk/numeron-worktrees/android-shared-sync/mir2-web3/third_party/bevyMIR2_ANDROID_SURFACE_ATTACHMENT_PROBE frame=10 raw=5 live=true internal=0x8058 size=2340x1080 samples=0 expected=Rgba8Unorm
10-02 15:25:06.757 16421 16442 I RustStdoutStderr: [2m2026-10-02T07:25:06.757663Z[0m [32m INFO[0m [2mbevy_render::view::window[0m[2m:[0m MIR2_ANDROID_SURFACE_ATTACHMENT_PROBE frame=10 raw=5 live=true internal=0x8058 size=2340x1080 samples=0 expected=Rgba8Unorm
10-02 15:25:06.775 16421 16443 I event /Users/henryliu/obelisk/numeron-worktrees/android-shared-sync/mir2-web3/third_party/bevyMIR2_ANDROID_SURFACE_ATTACHMENT_PROBE frame=11 raw=5 live=true internal=0x8058 size=2340x1080 samples=0 expected=Rgba8Unorm
10-02 15:25:06.775 16421 16442 I RustStdoutStderr: [2m2026-10-02T07:25:06.775063Z[0m [32m INFO[0m [2mbevy_render::view::window[0m[2m:[0m MIR2_ANDROID_SURFACE_ATTACHMENT_PROBE frame=11 raw=5 live=true internal=0x8058 size=2340x1080 samples=0 expected=Rgba8Unorm
10-02 15:25:06.811 16421 16442 I RustStdoutStderr: [android-world-render] map_current=false map_live=0 map_missing=0 map_image_revision=34 entity_live=false entity_self_visible=false entity_layers=2
10-02 15:25:06.826 16421 16443 I event /Users/henryliu/obelisk/numeron-worktrees/android-shared-sync/mir2-web3/third_party/bevyMIR2_ANDROID_SURFACE_ATTACHMENT_PROBE frame=12 raw=5 live=true internal=0x8058 size=2340x1080 samples=0 expected=Rgba8Unorm
10-02 15:25:06.826 16421 16442 I RustStdoutStderr: [2m2026-10-02T07:25:06.826151Z[0m [32m INFO[0m [2mbevy_render::view::window[0m[2m:[0m MIR2_ANDROID_SURFACE_ATTACHMENT_PROBE frame=12 raw=5 live=true internal=0x8058 size=2340x1080 samples=0 expected=Rgba8Unorm
10-02 15:25:06.837 16421 16442 I RustStdoutStderr: [runtime-map] waiting-images center=Some(PresentationGridCenter { x: 302, y: 634 }) states=[native-map-keyed:00e3342688edb59d7ccd3784567586b3ab4c28c1b3bb0fbb928fb8560bb937e8=missing-handle,native-map-keyed:0222e758190fb702f62c1180c302535fa88376dc4d91515f6a3da6858692d879=missing-handle,native-map-keyed:02fcf4c4c475d1c1002d45563f34bf90aabc5d57865a90a9c1d738eea292c519=missing-handle,native-map-keyed:0446dc96478c6a6426006d4ebcd9b473422254a4a3b87d13e6513a4664cc1674=missing-handle,native-map-keyed:0873e402c768945dbd03f13c801f352570c3cbbc15b7547b3965db22c4f88a2d=missing-handle,native-map-keyed:09c1aeb9a676d9b5e9156dd6302baf429a788ede13eb2561f72752639991cfa2=missing-handle,native-map-keyed:0bb6e8f16b06e61e5485cd9c69682635bc4d076e78f3e426bc7c1c0cdf92d50b=missing-handle,native-map-keyed:0e54663e52210f29caafb4e45b01d2ddcdd62fbb4f07359cdbdf327630acedbd=missing-handle,native-map-keyed:101d496a3e3006b8a0640e530d7bb5aaabfc3cc9f7a8844fd83450a65903a0ef=missing-handle,native-map-keyed:1203923d4b3d4f36b85a86235cc024c8987f9aff48ff3f045d589d4fe5efe878=missing-handle,native-map-keyed:120fd8e86ad6a1121b73b64f684cad8a6e301c75c6a40787a4a564c5aadaab4a=missing-handle,native-map-keyed:13645e18038cb14276656008c43fc00eb92b94607d7eb9a04a64a6f66232d045=missing-handle,native-map-keyed:142960f1af1b8faa165eb1b55b57fc14db26156287a4c5ca23e035daf9f10e33=missing-handle,native-map-keyed:16f3602253a4256b8bf51a103e6bbe9d36a4cfaf6771bebc72d7ca43a25c1de6=missing-handle,native-map-keyed:1a753eed19dc81252971e03a9ea302f2c31bc3cf51d92b187b664a1e8b1936b1=missing-handle,native-map-keyed:1a9940adbeeef6d18f251666fccf2028a616a92cc7a402f3ac04181f56823124=missing-handle,native-map-keyed:1ca36e41f059441aa1750c0cfbddec4904a1b5165d8cfba430f194e286eaee45=missing-handle,native-map-keyed:1d68e7a7c4fdfe49cedb75b5678139cb152cb5b0ebe59b0542935d1fd67d87ae=missing-handle,native-map-keyed:1ef61cf6318b9db7968b35797c3a62b27e08c1ef2475a23ec3ca379b729d92f1=missing-handle,native-map-keyed:1f4a39a368bbaca431ec450a830e3c0bdcaabe0af6de5730eb1f28e59b8dd533=missing-handle,native-map-keyed:20625ebb957139dcbec35004f2ca784c926cdee1439035eb896dbf427495872d=missing-handle,native-map-keyed:219bb835f8f28e6bf59b93f1d069b437875a5d49dbd7631ff34176c572d7a14d=missing-handle,native-map-keyed:22659e86e5cbf79236e023e40ac092600ac5e9ede72a34077c802b5518eb4573=missing-handle,native-map-keyed:226a0bac665d1bf713b8baf39ecf7ae61be856189d1cf823921ed0e53a5c29fe=missing-handle,native-map-keyed:23035e5244797f2f70bbeaa5c393d6d112a6196b5ab8e4d02b351fbf38f8101a=missing-handle,native-map-keyed:230966b0481d315c12097d9ff7d4da07aa1cdf981552a5323ab088ba990ba950=missing-handle,native-map-keyed:24ec1f87eb0856b5498709b2be2776f9a3627519b839633e9db0a690a7d9b980=missing-handle,native-map-keyed:2675a421a8639ea87dcfc98b62558519a15cedc35d925663b6909d4988742940=missing-handle,native-map-keyed:26aa612a5755ef95b03c2bfb8c32208b7b862aa4abbf134fa4f9741e95aa173b=missing-handle,native-map-keyed:270c75661f320e8c98c039a8c4a26724a568469937485ff8f748e5e7045d0239=missing-handle,native-map-keyed:2775964d9f9d7b8b06e60a4bc848015817a1fa04cccfffe2e936202ea0756d4b=missing-handle,native-map-keyed:2a537899c5467f32f4e30a657c233ed270db6f829d90106b7fa0704f469d167c=missing-handle,native-map-keyed:2a7228b716f29f6fb29a9b41ed3f1ce17ec6cdbfd89b69ca7c38b6c8b5b5d72a=missing-handle,native-map-keyed:2c23c96dff1833158278c530f06f4b8d8fdd63615784baa209e77d87ba9607f7=missing-handle,native-map-keyed:2c76f7575f3d1661681533a2ed2893f96c1f4b914bcfd60ae32c207561eb263b=missing-handle,native-map-keyed:2cd7444281094e689c5fe7c22a994aa527766e0665fc32b2cec42cbdc9978ab4=missing-handle,native-map-keyed:2d98ce9df6396e943fa00aebaf7a929c15ebaa4ab8e71ab99299c7f31b75d240=missing-handle,native-map-keyed:313c3e7a3a4bef6d0ef6b02a9b0c37230ef819d06c72012bb513a591244a393d=missing-handle,native-map-keyed:33b2f84e21bb7bb379950d3da05ce44d393d84ca43f7044b6a8d1fba68a4c3a0=missing-handle,native-map-keyed:354a710bc4fda3d19397bf717ca33f56979dd060b1538402c6dcd8a12eb31a81=missing-handle,native-map-keyed:357ae499cdc01c6fb8e7f6a351f3
10-02 15:25:06.837 16421 16442 I RustStdoutStderr: 
10-02 15:25:06.839 16421 16442 I RustStdoutStderr: [android-world-render] map_current=false map_live=0 map_missing=0 map_image_revision=207 entity_live=false entity_self_visible=false entity_layers=3
10-02 15:25:06.874 16421 16443 I event /Users/henryliu/obelisk/numeron-worktrees/android-shared-sync/mir2-web3/third_party/bevyMIR2_ANDROID_SURFACE_ATTACHMENT_PROBE frame=13 raw=5 live=true internal=0x8058 size=2340x1080 samples=0 expected=Rgba8Unorm
10-02 15:25:06.874 16421 16442 I RustStdoutStderr: [2m2026-10-02T07:25:06.874595Z[0m [32m INFO[0m [2mbevy_render::view::window[0m[2m:[0m MIR2_ANDROID_SURFACE_ATTACHMENT_PROBE frame=13 raw=5 live=true internal=0x8058 size=2340x1080 samples=0 expected=Rgba8Unorm
10-02 15:25:06.889 16421 16442 I RustStdoutStderr: [runtime-map] waiting-images center=Some(PresentationGridCenter { x: 302, y: 634 }) states=[native-map-keyed:230966b0481d315c12097d9ff7d4da07aa1cdf981552a5323ab088ba990ba950=missing-handle,native-map-keyed:270c75661f320e8c98c039a8c4a26724a568469937485ff8f748e5e7045d0239=missing-handle,native-map-keyed:359c62fe94c5cd29c97b629749c8478936abcd89482be97f9cf2ccc7f5777e02=missing-handle,native-map-keyed:42d34f1d442eadab3e5d1c8ea87fc26e9fb798c17e878e481a22c03f164b2808=missing-handle,native-map-keyed:43496065ffed924960b5b8951a1ef1da2c29d8dd3f38c021e962e263d58c172b=missing-handle,native-map-keyed:6bd11f6b6495bc2ca05fc73d89e2632e8a0998ade297c65d0214513d4752489d=missing-handle,native-map-keyed:80b981fe9eace4f6c8fa494e0a3c4cc1c707ebfecc40d9a4434c5789e3052e1b=missing-handle,native-map-keyed:898afb2da67d0a4006f64d1ea0d083fc9b33f3ffc4a0eb77f778c2ad37245750=missing-handle,native-map-keyed:8f18b6e345339572264dfcc7d39dad984c4c496908f4910928a0ce9141e591fb=missing-handle,native-map-keyed:98cb180fa6ae7a45481f65382c0eb535fe0ffceae7eaac1f18ee00de8594cf4a=missing-handle,native-map-keyed:ac0651cc895aca31ea552774936e88129d4cea90b504713ab3a60d7197363219=missing-handle,native-map-keyed:b255a0acf2470344f2fa4917a295437b3c1b85a7d62bc0536223052f0a6694cf=missing-handle,native-map-keyed:b8b646b02fa299e1e75976f6b5e949eb71a22f672f814d0d0b74d47e99d6f905=missing-handle,native-map-keyed:ba760433cd7414e24e51f6ea75d660b5222f55ad8d7851f50b45bf06ad6bfb15=missing-handle,native-map-keyed:be5e37d27005566676fcd25fc67e8f87e9fa5f0ef1ead1a158ef0567aa3f1425=missing-handle,native-map-keyed:c35db680af9281cf6650bc5947663124b49df25de4fa6235e57f975bdd46ab1d=missing-handle,native-map-keyed:c39eeadb8e560443c0a5b39bb947101ae235a52819da46a65164e766fea6eac9=missing-handle,native-map-keyed:deacfb9fd76215077a031e013406b68fff63b6cad2b0efc6545151365d689725=missing-handle,native-map-keyed:eb0860d3f49ccd4daae782a8815e78ec60259ce05644fcefc9b152b590107e52=missing-handle,native-map-keyed:f28e1d799674919b8a7ae24acdecb325f65683f693408060d4c3c51b317fa6d9=missing-handle,native-map-keyed:f8ff655891c4a831f8e86aa641c4e3be70082cd41c98f5c7fac405ab327104ff=missing-handle]
10-02 15:25:06.892 16421 16442 I RustStdoutStderr: [android-world-render] map_current=false map_live=0 map_missing=0 map_image_revision=228 entity_live=false entity_self_visible=false entity_layers=3
10-02 15:25:06.924 16421 16443 I event /Users/henryliu/obelisk/numeron-worktrees/android-shared-sync/mir2-web3/third_party/bevyMIR2_ANDROID_SURFACE_ATTACHMENT_PROBE frame=14 raw=5 live=true internal=0x8058 size=2340x1080 samples=0 expected=Rgba8Unorm
10-02 15:25:06.924 16421 16442 I RustStdoutStderr: [2m2026-10-02T07:25:06.924383Z[0m [32m INFO[0m [2mbevy_render::view::window[0m[2m:[0m MIR2_ANDROID_SURFACE_ATTACHMENT_PROBE frame=14 raw=5 live=true internal=0x8058 size=2340x1080 samples=0 expected=Rgba8Unorm
10-02 15:25:06.936 16421 16442 I RustStdoutStderr: [runtime-map] synced center=Some(PresentationGridCenter { x: 302, y: 634 }) tiles=607 standalone=242 live=849 missingBindings=0 sample=[]
10-02 15:25:06.940 16421 16442 I RustStdoutStderr: [android-world-render] map_current=true map_live=849 map_missing=0 map_image_revision=228 entity_live=false entity_self_visible=false entity_layers=7
10-02 15:25:06.961 16421 16443 I event /Users/henryliu/obelisk/numeron-worktrees/android-shared-sync/mir2-web3/third_party/bevyMIR2_ANDROID_SURFACE_ATTACHMENT_PROBE frame=15 raw=5 live=true internal=0x8058 size=2340x1080 samples=0 expected=Rgba8Unorm
10-02 15:25:06.961 16421 16442 I RustStdoutStderr: [2m2026-10-02T07:25:06.961739Z[0m [32m INFO[0m [2mbevy_render::view::window[0m[2m:[0m MIR2_ANDROID_SURFACE_ATTACHMENT_PROBE frame=15 raw=5 live=true internal=0x8058 size=2340x1080 samples=0 expected=Rgba8Unorm
10-02 15:25:06.990 16421 16443 I event /Users/henryliu/obelisk/numeron-worktrees/android-shared-sync/mir2-web3/third_party/bevyMIR2_ANDROID_SURFACE_ATTACHMENT_PROBE frame=16 raw=5 live=true internal=0x8058 size=2340x1080 samples=0 expected=Rgba8Unorm
10-02 15:25:06.990 16421 16442 I RustStdoutStderr: [2m2026-10-02T07:25:06.990274Z[0m [32m INFO[0m [2mbevy_render::view::window[0m[2m:[0m MIR2_ANDROID_SURFACE_ATTACHMENT_PROBE frame=16 raw=5 live=true internal=0x8058 size=2340x1080 samples=0 expected=Rgba8Unorm
10-02 15:25:07.003 16421 16442 I RustStdoutStderr: [android-world-render] map_current=true map_live=849 map_missing=0 map_image_revision=228 entity_live=true entity_self_visible=true entity_layers=13
10-02 15:25:07.017 16421 16443 I event /Users/henryliu/obelisk/numeron-worktrees/android-shared-sync/mir2-web3/third_party/bevyMIR2_ANDROID_SURFACE_ATTACHMENT_PROBE frame=17 raw=5 live=true internal=0x8058 size=2340x1080 samples=0 expected=Rgba8Unorm
10-02 15:25:07.017 16421 16442 I RustStdoutStderr: [2m2026-10-02T07:25:07.017774Z[0m [32m INFO[0m [2mbevy_render::view::window[0m[2m:[0m MIR2_ANDROID_SURFACE_ATTACHMENT_PROBE frame=17 raw=5 live=true internal=0x8058 size=2340x1080 samples=0 expected=Rgba8Unorm
10-02 15:25:07.025 16421 16447 I event src/shared_shell.rs:1330: packaged Android world frame queuedrequest_id = 18446744073709551615; pages = 7; sprites = 2111; compressed_bytes = 14785921; rgba_bytes = 7340032; map_object_rgba_bytes = 10489920; map_width = 700; map_height = 700; map_atlases = 7; map_tiles = 607; map_standalone_tiles = 242; unresolved_draws = 0; entity_pages = 5; entities = 8; entity_layers = 13; unresolved_entities = 0; entity_unindexed_rects = 24; entity_compressed_bytes = 11209197; entity_rgba_bytes = 83886080; entity_manifest_sha256 = "929d146535bde9b61c75c33af0e98852dcc3aef83320869aac9f06f4bdd530d9";
10-02 15:25:07.025 16421 16442 I RustStdoutStderr: [2m2026-10-02T07:25:07.025283Z[0m [32m INFO[0m [2mmir2_platform_android::shared_shell[0m[2m:[0m packaged Android world frame queued [3mrequest_id[0m[2m=[0m18446744073709551615 [3mpages[0m[2m=[0m7 [3msprites[0m[2m=[0m2111 [3mcompressed_bytes[0m[2m=[0m14785921 [3mrgba_bytes[0m[2m=[0m7340032 [3mmap_object_rgba_bytes[0m[2m=[0m10489920 [3mmap_width[0m[2m=[0m700 [3mmap_height[0m[2m=[0m700 [3mmap_atlases[0m[2m=[0m7 [3mmap_tiles[0m[2m=[0m607 [3mmap_standalone_tiles[0m[2m=[0m242 [3munresolved_draws[0m[2m=[0m0 [3mentity_pages[0m[2m=[0m5 [3mentities[0m[2m=[0m8 [3mentity_layers[0m[2m=[0m13 [3munresolved_entities[0m[2m=[0m0 [3mentity_unindexed_rects[0m[2m=[0m24 [3mentity_compressed_bytes[0m[2m=[0m11209197 [3mentity_rgba_bytes[0m[2m=[0m83886080 [3mentity_manifest_sha256[0m[2m=[0m"929d146535bde9b61c75c33af0e98852dcc3aef83320869aac9f06f4bdd530d9"
10-02 15:25:07.036 16421 16443 I event /Users/henryliu/obelisk/numeron-worktrees/android-shared-sync/mir2-web3/third_party/bevyMIR2_ANDROID_SURFACE_ATTACHMENT_PROBE frame=18 raw=5 live=true internal=0x8058 size=2340x1080 samples=0 expected=Rgba8Unorm
10-02 15:25:07.037 16421 16442 I RustStdoutStderr: [2m2026-10-02T07:25:07.036875Z[0m [32m INFO[0m [2mbevy_render::view::window[0m[2m:[0m MIR2_ANDROID_SURFACE_ATTACHMENT_PROBE frame=18 raw=5 live=true internal=0x8058 size=2340x1080 samples=0 expected=Rgba8Unorm
10-02 15:25:07.042 16421 16447 I event src/ui_preview.rs:558: ANDROID_OBJECT_METADATA_PRESENTATION_APPLIED
10-02 15:25:07.042 16421 16442 I RustStdoutStderr: [2m2026-10-02T07:25:07.042500Z[0m [32m INFO[0m [2mmir2_platform_android::ui_preview[0m[2m:[0m ANDROID_OBJECT_METADATA_PRESENTATION_APPLIED
10-02 15:25:07.044 16421 16447 I event src/ui_preview.rs:563: ANDROID_OBJECT_POISON_PRESENTATION_APPLIED
10-02 15:25:07.044 16421 16442 I RustStdoutStderr: [2m2026-10-02T07:25:07.044141Z[0m [32m INFO[0m [2mmir2_platform_android::ui_preview[0m[2m:[0m ANDROID_OBJECT_POISON_PRESENTATION_APPLIED
10-02 15:25:07.045 16421 16447 I event src/ui_preview.rs:568: ANDROID_OBJECT_HIDDEN_PRESENTATION_APPLIED
10-02 15:25:07.045 16421 16442 I RustStdoutStderr: [2m2026-10-02T07:25:07.045231Z[0m [32m INFO[0m [2mmir2_platform_android::ui_preview[0m[2m:[0m ANDROID_OBJECT_HIDDEN_PRESENTATION_APPLIED
10-02 15:25:07.045 16421 16447 I event src/ui_preview.rs:573: ANDROID_OWNED_HERO_VITALS_APPLIED
10-02 15:25:07.045 16421 16447 I event src/ui_preview.rs:606: ANDROID_WORLD_RENDER_READYrequest_id = 18446744073709551615; center_x = 302; center_y = 634; map_tiles = 849; entities = 8; entity_layers = 13;
10-02 15:25:07.045 16421 16442 I RustStdoutStderr: [2m2026-10-02T07:25:07.045646Z[0m [32m INFO[0m [2mmir2_platform_android::ui_preview[0m[2m:[0m ANDROID_OWNED_HERO_VITALS_APPLIED
10-02 15:25:07.045 16421 16442 I RustStdoutStderr: [2m2026-10-02T07:25:07.045713Z[0m [32m INFO[0m [2mmir2_platform_android::ui_preview[0m[2m:[0m ANDROID_WORLD_RENDER_READY [3mrequest_id[0m[2m=[0m18446744073709551615 [3mcenter_x[0m[2m=[0m302 [3mcenter_y[0m[2m=[0m634 [3mmap_tiles[0m[2m=[0m849 [3mentities[0m[2m=[0m8 [3mentity_layers[0m[2m=[0m13
10-02 15:25:07.062 16421 16443 I event /Users/henryliu/obelisk/numeron-worktrees/android-shared-sync/mir2-web3/third_party/bevyMIR2_ANDROID_SURFACE_ATTACHMENT_PROBE frame=19 raw=5 live=true internal=0x8058 size=2340x1080 samples=0 expected=Rgba8Unorm
10-02 15:25:07.062 16421 16442 I RustStdoutStderr: [2m2026-10-02T07:25:07.062622Z[0m [32m INFO[0m [2mbevy_render::view::window[0m[2m:[0m MIR2_ANDROID_SURFACE_ATTACHMENT_PROBE frame=19 raw=5 live=true internal=0x8058 size=2340x1080 samples=0 expected=Rgba8Unorm
10-02 15:25:07.067 16421 16446 I event src/shared_shell.rs:2013: ANDROID_EFFECT_RENDER_STATE_READYeffect_count = 2;
10-02 15:25:07.068 16421 16442 I RustStdoutStderr: [2m2026-10-02T07:25:07.067902Z[0m [32m INFO[0m [2mmir2_platform_android::shared_shell[0m[2m:[0m ANDROID_EFFECT_RENDER_STATE_READY [3meffect_count[0m[2m=[0m2
10-02 15:25:07.069 16421 16447 I event src/ui_preview.rs:115: ANDROID_OWNED_HERO_MANA_VISIBLEcount = 1;
10-02 15:25:07.069 16421 16442 I RustStdoutStderr: [2m2026-10-02T07:25:07.069074Z[0m [32m INFO[0m [2mmir2_platform_android::ui_preview[0m[2m:[0m ANDROID_OWNED_HERO_MANA_VISIBLE [3mcount[0m[2m=[0m1
10-02 15:25:07.079 16421 16443 I event /Users/henryliu/obelisk/numeron-worktrees/android-shared-sync/mir2-web3/third_party/bevyMIR2_ANDROID_SURFACE_ATTACHMENT_PROBE frame=20 raw=5 live=true internal=0x8058 size=2340x1080 samples=0 expected=Rgba8Unorm
10-02 15:25:07.079 16421 16442 I RustStdoutStderr: [2m2026-10-02T07:25:07.079415Z[0m [32m INFO[0m [2mbevy_render::view::window[0m[2m:[0m MIR2_ANDROID_SURFACE_ATTACHMENT_PROBE frame=20 raw=5 live=true internal=0x8058 size=2340x1080 samples=0 expected=Rgba8Unorm
10-02 15:25:07.097 16421 16443 I event /Users/henryliu/obelisk/numeron-worktrees/android-shared-sync/mir2-web3/third_party/bevyMIR2_ANDROID_SURFACE_ATTACHMENT_PROBE frame=21 raw=5 live=true internal=0x8058 size=2340x1080 samples=0 expected=Rgba8Unorm
10-02 15:25:07.097 16421 16442 I RustStdoutStderr: [2m2026-10-02T07:25:07.097018Z[0m [32m INFO[0m [2mbevy_render::view::window[0m[2m:[0m MIR2_ANDROID_SURFACE_ATTACHMENT_PROBE frame=21 raw=5 live=true internal=0x8058 size=2340x1080 samples=0 expected=Rgba8Unorm
10-02 15:25:07.427 16421 16443 I event /Users/henryliu/obelisk/numeron-worktrees/android-shared-sync/mir2-web3/third_party/bevyMIR2_ANDROID_SURFACE_ATTACHMENT_PROBE frame=22 raw=5 live=true internal=0x8058 size=2340x1080 samples=0 expected=Rgba8Unorm
10-02 15:25:07.427 16421 16442 I RustStdoutStderr: [2m2026-10-02T07:25:07.426997Z[0m [32m INFO[0m [2mbevy_render::view::window[0m[2m:[0m MIR2_ANDROID_SURFACE_ATTACHMENT_PROBE frame=22 raw=5 live=true internal=0x8058 size=2340x1080 samples=0 expected=Rgba8Unorm
10-02 15:25:07.734 16421 16443 D EGL_emulation: app_time_stats: avg=58.62ms min=11.82ms max=326.12ms count=23
10-02 15:25:07.747 16421 16443 I event /Users/henryliu/obelisk/numeron-worktrees/android-shared-sync/mir2-web3/third_party/bevyMIR2_ANDROID_SURFACE_ATTACHMENT_PROBE frame=23 raw=5 live=true internal=0x8058 size=2340x1080 samples=0 expected=Rgba8Unorm
10-02 15:25:07.747 16421 16442 I RustStdoutStderr: [2m2026-10-02T07:25:07.747456Z[0m [32m INFO[0m [2mbevy_render::view::window[0m[2m:[0m MIR2_ANDROID_SURFACE_ATTACHMENT_PROBE frame=23 raw=5 live=true internal=0x8058 size=2340x1080 samples=0 expected=Rgba8Unorm
10-02 15:25:07.763 16421 16443 I event /Users/henryliu/obelisk/numeron-worktrees/android-shared-sync/mir2-web3/third_party/bevyMIR2_ANDROID_SURFACE_ATTACHMENT_PROBE frame=24 raw=5 live=true internal=0x8058 size=2340x1080 samples=0 expected=Rgba8Unorm
10-02 15:25:07.763 16421 16442 I RustStdoutStderr: [2m2026-10-02T07:25:07.763190Z[0m [32m INFO[0m [2mbevy_render::view::window[0m[2m:[0m MIR2_ANDROID_SURFACE_ATTACHMENT_PROBE frame=24 raw=5 live=true internal=0x8058 size=2340x1080 samples=0 expected=Rgba8Unorm
10-02 15:25:07.777 16421 16443 I event /Users/henryliu/obelisk/numeron-worktrees/android-shared-sync/mir2-web3/third_party/bevyMIR2_ANDROID_SURFACE_ATTACHMENT_PROBE frame=25 raw=5 live=true internal=0x8058 size=2340x1080 samples=0 expected=Rgba8Unorm
10-02 15:25:07.777 16421 16442 I RustStdoutStderr: [2m2026-10-02T07:25:07.776993Z[0m [32m INFO[0m [2mbevy_render::view::window[0m[2m:[0m MIR2_ANDROID_SURFACE_ATTACHMENT_PROBE frame=25 raw=5 live=true internal=0x8058 size=2340x1080 samples=0 expected=Rgba8Unorm
10-02 15:25:07.791 16421 16443 I event /Users/henryliu/obelisk/numeron-worktrees/android-shared-sync/mir2-web3/third_party/bevyMIR2_ANDROID_SURFACE_ATTACHMENT_PROBE frame=26 raw=5 live=true internal=0x8058 size=2340x1080 samples=0 expected=Rgba8Unorm
10-02 15:25:07.791 16421 16442 I RustStdoutStderr: [2m2026-10-02T07:25:07.791015Z[0m [32m INFO[0m [2mbevy_render::view::window[0m[2m:[0m MIR2_ANDROID_SURFACE_ATTACHMENT_PROBE frame=26 raw=5 live=true internal=0x8058 size=2340x1080 samples=0 expected=Rgba8Unorm
10-02 15:25:07.807 16421 16443 I event /Users/henryliu/obelisk/numeron-worktrees/android-shared-sync/mir2-web3/third_party/bevyMIR2_ANDROID_SURFACE_ATTACHMENT_PROBE frame=27 raw=5 live=true internal=0x8058 size=2340x1080 samples=0 expected=Rgba8Unorm
10-02 15:25:07.807 16421 16442 I RustStdoutStderr: [2m2026-10-02T07:25:07.807698Z[0m [32m INFO[0m [2mbevy_render::view::window[0m[2m:[0m MIR2_ANDROID_SURFACE_ATTACHMENT_PROBE frame=27 raw=5 live=true internal=0x8058 size=2340x1080 samples=0 expected=Rgba8Unorm
10-02 15:25:07.826 16421 16443 I event /Users/henryliu/obelisk/numeron-worktrees/android-shared-sync/mir2-web3/third_party/bevyMIR2_ANDROID_SURFACE_ATTACHMENT_PROBE frame=28 raw=5 live=true internal=0x8058 size=2340x1080 samples=0 expected=Rgba8Unorm
10-02 15:25:07.826 16421 16442 I RustStdoutStderr: [2m2026-10-02T07:25:07.826279Z[0m [32m INFO[0m [2mbevy_render::view::window[0m[2m:[0m MIR2_ANDROID_SURFACE_ATTACHMENT_PROBE frame=28 raw=5 live=true internal=0x8058 size=2340x1080 samples=0 expected=Rgba8Unorm
10-02 15:25:07.842 16421 16443 I event /Users/henryliu/obelisk/numeron-worktrees/android-shared-sync/mir2-web3/third_party/bevyMIR2_ANDROID_SURFACE_ATTACHMENT_PROBE frame=29 raw=5 live=true internal=0x8058 size=2340x1080 samples=0 expected=Rgba8Unorm
10-02 15:25:07.842 16421 16442 I RustStdoutStderr: [2m2026-10-02T07:25:07.842294Z[0m [32m INFO[0m [2mbevy_render::view::window[0m[2m:[0m MIR2_ANDROID_SURFACE_ATTACHMENT_PROBE frame=29 raw=5 live=true internal=0x8058 size=2340x1080 samples=0 expected=Rgba8Unorm
10-02 15:25:07.857 16421 16443 I event /Users/henryliu/obelisk/numeron-worktrees/android-shared-sync/mir2-web3/third_party/bevyMIR2_ANDROID_SURFACE_ATTACHMENT_PROBE frame=30 raw=5 live=true internal=0x8058 size=2340x1080 samples=0 expected=Rgba8Unorm
10-02 15:25:07.857 16421 16442 I RustStdoutStderr: [2m2026-10-02T07:25:07.857179Z[0m [32m INFO[0m [2mbevy_render::view::window[0m[2m:[0m MIR2_ANDROID_SURFACE_ATTACHMENT_PROBE frame=30 raw=5 live=true internal=0x8058 size=2340x1080 samples=0 expected=Rgba8Unorm
10-02 15:25:07.874 16421 16443 I event /Users/henryliu/obelisk/numeron-worktrees/android-shared-sync/mir2-web3/third_party/bevyMIR2_ANDROID_SURFACE_ATTACHMENT_PROBE frame=31 raw=5 live=true internal=0x8058 size=2340x1080 samples=0 expected=Rgba8Unorm
10-02 15:25:07.874 16421 16442 I RustStdoutStderr: [2m2026-10-02T07:25:07.874232Z[0m [32m INFO[0m [2mbevy_render::view::window[0m[2m:[0m MIR2_ANDROID_SURFACE_ATTACHMENT_PROBE frame=31 raw=5 live=true internal=0x8058 size=2340x1080 samples=0 expected=Rgba8Unorm
10-02 15:25:07.893 16421 16443 I event /Users/henryliu/obelisk/numeron-worktrees/android-shared-sync/mir2-web3/third_party/bevyMIR2_ANDROID_SURFACE_ATTACHMENT_PROBE frame=32 raw=5 live=true internal=0x8058 size=2340x1080 samples=0 expected=Rgba8Unorm
10-02 15:25:07.894 16421 16442 I RustStdoutStderr: [2m2026-10-02T07:25:07.893751Z[0m [32m INFO[0m [2mbevy_render::view::window[0m[2m:[0m MIR2_ANDROID_SURFACE_ATTACHMENT_PROBE frame=32 raw=5 live=true internal=0x8058 size=2340x1080 samples=0 expected=Rgba8Unorm
10-02 15:25:07.907 16421 16443 I event /Users/henryliu/obelisk/numeron-worktrees/android-shared-sync/mir2-web3/third_party/bevyMIR2_ANDROID_SURFACE_ATTACHMENT_PROBE frame=33 raw=5 live=true internal=0x8058 size=2340x1080 samples=0 expected=Rgba8Unorm
10-02 15:25:07.908 16421 16442 I RustStdoutStderr: [2m2026-10-02T07:25:07.907865Z[0m [32m INFO[0m [2mbevy_render::view::window[0m[2m:[0m MIR2_ANDROID_SURFACE_ATTACHMENT_PROBE frame=33 raw=5 live=true internal=0x8058 size=2340x1080 samples=0 expected=Rgba8Unorm
10-02 15:25:07.924 16421 16443 I event /Users/henryliu/obelisk/numeron-worktrees/android-shared-sync/mir2-web3/third_party/bevyMIR2_ANDROID_SURFACE_ATTACHMENT_PROBE frame=34 raw=5 live=true internal=0x8058 size=2340x1080 samples=0 expected=Rgba8Unorm
10-02 15:25:07.924 16421 16442 I RustStdoutStderr: [2m2026-10-02T07:25:07.924334Z[0m [32m INFO[0m [2mbevy_render::view::window[0m[2m:[0m MIR2_ANDROID_SURFACE_ATTACHMENT_PROBE frame=34 raw=5 live=true internal=0x8058 size=2340x1080 samples=0 expected=Rgba8Unorm
10-02 15:25:07.941 16421 16443 I event /Users/henryliu/obelisk/numeron-worktrees/android-shared-sync/mir2-web3/third_party/bevyMIR2_ANDROID_SURFACE_ATTACHMENT_PROBE frame=35 raw=5 live=true internal=0x8058 size=2340x1080 samples=0 expected=Rgba8Unorm
10-02 15:25:07.942 16421 16442 I RustStdoutStderr: [2m2026-10-02T07:25:07.941814Z[0m [32m INFO[0m [2mbevy_render::view::window[0m[2m:[0m MIR2_ANDROID_SURFACE_ATTACHMENT_PROBE frame=35 raw=5 live=true internal=0x8058 size=2340x1080 samples=0 expected=Rgba8Unorm
10-02 15:25:07.958 16421 16443 I event /Users/henryliu/obelisk/numeron-worktrees/android-shared-sync/mir2-web3/third_party/bevyMIR2_ANDROID_SURFACE_ATTACHMENT_PROBE frame=36 raw=5 live=true internal=0x8058 size=2340x1080 samples=0 expected=Rgba8Unorm
10-02 15:25:07.958 16421 16442 I RustStdoutStderr: [2m2026-10-02T07:25:07.958188Z[0m [32m INFO[0m [2mbevy_render::view::window[0m[2m:[0m MIR2_ANDROID_SURFACE_ATTACHMENT_PROBE frame=36 raw=5 live=true internal=0x8058 size=2340x1080 samples=0 expected=Rgba8Unorm
10-02 15:25:07.975 16421 16443 I event /Users/henryliu/obelisk/numeron-worktrees/android-shared-sync/mir2-web3/third_party/bevyMIR2_ANDROID_SURFACE_ATTACHMENT_PROBE frame=37 raw=5 live=true internal=0x8058 size=2340x1080 samples=0 expected=Rgba8Unorm
10-02 15:25:07.976 16421 16442 I RustStdoutStderr: [2m2026-10-02T07:25:07.975885Z[0m [32m INFO[0m [2mbevy_render::view::window[0m[2m:[0m MIR2_ANDROID_SURFACE_ATTACHMENT_PROBE frame=37 raw=5 live=true internal=0x8058 size=2340x1080 samples=0 expected=Rgba8Unorm
10-02 15:25:07.991 16421 16443 I event /Users/henryliu/obelisk/numeron-worktrees/android-shared-sync/mir2-web3/third_party/bevyMIR2_ANDROID_SURFACE_ATTACHMENT_PROBE frame=38 raw=5 live=true internal=0x8058 size=2340x1080 samples=0 expected=Rgba8Unorm
10-02 15:25:07.991 16421 16442 I RustStdoutStderr: [2m2026-10-02T07:25:07.991604Z[0m [32m INFO[0m [2mbevy_render::view::window[0m[2m:[0m MIR2_ANDROID_SURFACE_ATTACHMENT_PROBE frame=38 raw=5 live=true internal=0x8058 size=2340x1080 samples=0 expected=Rgba8Unorm
10-02 15:25:08.009 16421 16443 I event /Users/henryliu/obelisk/numeron-worktrees/android-shared-sync/mir2-web3/third_party/bevyMIR2_ANDROID_SURFACE_ATTACHMENT_PROBE frame=39 raw=5 live=true internal=0x8058 size=2340x1080 samples=0 expected=Rgba8Unorm
10-02 15:25:08.009 16421 16442 I RustStdoutStderr: [2m2026-10-02T07:25:08.009092Z[0m [32m INFO[0m [2mbevy_render::view::window[0m[2m:[0m MIR2_ANDROID_SURFACE_ATTACHMENT_PROBE frame=39 raw=5 live=true internal=0x8058 size=2340x1080 samples=0 expected=Rgba8Unorm
10-02 15:25:08.025 16421 16443 I event /Users/henryliu/obelisk/numeron-worktrees/android-shared-sync/mir2-web3/third_party/bevyMIR2_ANDROID_SURFACE_ATTACHMENT_PROBE frame=40 raw=5 live=true internal=0x8058 size=2340x1080 samples=0 expected=Rgba8Unorm
10-02 15:25:08.026 16421 16442 I RustStdoutStderr: [2m2026-10-02T07:25:08.025939Z[0m [32m INFO[0m [2mbevy_render::view::window[0m[2m:[0m MIR2_ANDROID_SURFACE_ATTACHMENT_PROBE frame=40 raw=5 live=true internal=0x8058 size=2340x1080 samples=0 expected=Rgba8Unorm
10-02 15:25:08.041 16421 16443 I event /Users/henryliu/obelisk/numeron-worktrees/android-shared-sync/mir2-web3/third_party/bevyMIR2_ANDROID_SURFACE_ATTACHMENT_PROBE frame=41 raw=5 live=true internal=0x8058 size=2340x1080 samples=0 expected=Rgba8Unorm
10-02 15:25:08.041 16421 16442 I RustStdoutStderr: [2m2026-10-02T07:25:08.040987Z[0m [32m INFO[0m [2mbevy_render::view::window[0m[2m:[0m MIR2_ANDROID_SURFACE_ATTACHMENT_PROBE frame=41 raw=5 live=true internal=0x8058 size=2340x1080 samples=0 expected=Rgba8Unorm
10-02 15:25:08.058 16421 16443 I event /Users/henryliu/obelisk/numeron-worktrees/android-shared-sync/mir2-web3/third_party/bevyMIR2_ANDROID_SURFACE_ATTACHMENT_PROBE frame=42 raw=5 live=true internal=0x8058 size=2340x1080 samples=0 expected=Rgba8Unorm
10-02 15:25:08.058 16421 16442 I RustStdoutStderr: [2m2026-10-02T07:25:08.058365Z[0m [32m INFO[0m [2mbevy_render::view::window[0m[2m:[0m MIR2_ANDROID_SURFACE_ATTACHMENT_PROBE frame=42 raw=5 live=true internal=0x8058 size=2340x1080 samples=0 expected=Rgba8Unorm
10-02 15:25:08.074 16421 16443 I event /Users/henryliu/obelisk/numeron-worktrees/android-shared-sync/mir2-web3/third_party/bevyMIR2_ANDROID_SURFACE_ATTACHMENT_PROBE frame=43 raw=5 live=true internal=0x8058 size=2340x1080 samples=0 expected=Rgba8Unorm
10-02 15:25:08.075 16421 16442 I RustStdoutStderr: [2m2026-10-02T07:25:08.074959Z[0m [32m INFO[0m [2mbevy_render::view::window[0m[2m:[0m MIR2_ANDROID_SURFACE_ATTACHMENT_PROBE frame=43 raw=5 live=true internal=0x8058 size=2340x1080 samples=0 expected=Rgba8Unorm
10-02 15:25:08.091 16421 16443 I event /Users/henryliu/obelisk/numeron-worktrees/android-shared-sync/mir2-web3/third_party/bevyMIR2_ANDROID_SURFACE_ATTACHMENT_PROBE frame=44 raw=5 live=true internal=0x8058 size=2340x1080 samples=0 expected=Rgba8Unorm
10-02 15:25:08.091 16421 16442 I RustStdoutStderr: [2m2026-10-02T07:25:08.091727Z[0m [32m INFO[0m [2mbevy_render::view::window[0m[2m:[0m MIR2_ANDROID_SURFACE_ATTACHMENT_PROBE frame=44 raw=5 live=true internal=0x8058 size=2340x1080 samples=0 expected=Rgba8Unorm
10-02 15:25:08.108 16421 16443 I event /Users/henryliu/obelisk/numeron-worktrees/android-shared-sync/mir2-web3/third_party/bevyMIR2_ANDROID_SURFACE_ATTACHMENT_PROBE frame=45 raw=5 live=true internal=0x8058 size=2340x1080 samples=0 expected=Rgba8Unorm
10-02 15:25:08.108 16421 16442 I RustStdoutStderr: [2m2026-10-02T07:25:08.108202Z[0m [32m INFO[0m [2mbevy_render::view::window[0m[2m:[0m MIR2_ANDROID_SURFACE_ATTACHMENT_PROBE frame=45 raw=5 live=true internal=0x8058 size=2340x1080 samples=0 expected=Rgba8Unorm
10-02 15:25:08.126 16421 16443 I event /Users/henryliu/obelisk/numeron-worktrees/android-shared-sync/mir2-web3/third_party/bevyMIR2_ANDROID_SURFACE_ATTACHMENT_PROBE frame=46 raw=5 live=true internal=0x8058 size=2340x1080 samples=0 expected=Rgba8Unorm
10-02 15:25:08.126 16421 16442 I RustStdoutStderr: [2m2026-10-02T07:25:08.126198Z[0m [32m INFO[0m [2mbevy_render::view::window[0m[2m:[0m MIR2_ANDROID_SURFACE_ATTACHMENT_PROBE frame=46 raw=5 live=true internal=0x8058 size=2340x1080 samples=0 expected=Rgba8Unorm
10-02 15:25:08.140 16421 16443 I event /Users/henryliu/obelisk/numeron-worktrees/android-shared-sync/mir2-web3/third_party/bevyMIR2_ANDROID_SURFACE_ATTACHMENT_PROBE frame=47 raw=5 live=true internal=0x8058 size=2340x1080 samples=0 expected=Rgba8Unorm
10-02 15:25:08.140 16421 16442 I RustStdoutStderr: [2m2026-10-02T07:25:08.140719Z[0m [32m INFO[0m [2mbevy_render::view::window[0m[2m:[0m MIR2_ANDROID_SURFACE_ATTACHMENT_PROBE frame=47 raw=5 live=true internal=0x8058 size=2340x1080 samples=0 expected=Rgba8Unorm
10-02 15:25:08.158 16421 16443 I event /Users/henryliu/obelisk/numeron-worktrees/android-shared-sync/mir2-web3/third_party/bevyMIR2_ANDROID_SURFACE_ATTACHMENT_PROBE frame=48 raw=5 live=true internal=0x8058 size=2340x1080 samples=0 expected=Rgba8Unorm
10-02 15:25:08.158 16421 16442 I RustStdoutStderr: [2m2026-10-02T07:25:08.158462Z[0m [32m INFO[0m [2mbevy_render::view::window[0m[2m:[0m MIR2_ANDROID_SURFACE_ATTACHMENT_PROBE frame=48 raw=5 live=true internal=0x8058 size=2340x1080 samples=0 expected=Rgba8Unorm
10-02 15:25:08.176 16421 16443 I event /Users/henryliu/obelisk/numeron-worktrees/android-shared-sync/mir2-web3/third_party/bevyMIR2_ANDROID_SURFACE_ATTACHMENT_PROBE frame=49 raw=5 live=true internal=0x8058 size=2340x1080 samples=0 expected=Rgba8Unorm
10-02 15:25:08.176 16421 16442 I RustStdoutStderr: [2m2026-10-02T07:25:08.176083Z[0m [32m INFO[0m [2mbevy_render::view::window[0m[2m:[0m MIR2_ANDROID_SURFACE_ATTACHMENT_PROBE frame=49 raw=5 live=true internal=0x8058 size=2340x1080 samples=0 expected=Rgba8Unorm
10-02 15:25:08.192 16421 16443 I event /Users/henryliu/obelisk/numeron-worktrees/android-shared-sync/mir2-web3/third_party/bevyMIR2_ANDROID_SURFACE_ATTACHMENT_PROBE frame=50 raw=5 live=true internal=0x8058 size=2340x1080 samples=0 expected=Rgba8Unorm
10-02 15:25:08.192 16421 16442 I RustStdoutStderr: [2m2026-10-02T07:25:08.192224Z[0m [32m INFO[0m [2mbevy_render::view::window[0m[2m:[0m MIR2_ANDROID_SURFACE_ATTACHMENT_PROBE frame=50 raw=5 live=true internal=0x8058 size=2340x1080 samples=0 expected=Rgba8Unorm
10-02 15:25:08.208 16421 16443 I event /Users/henryliu/obelisk/numeron-worktrees/android-shared-sync/mir2-web3/third_party/bevyMIR2_ANDROID_SURFACE_ATTACHMENT_PROBE frame=51 raw=5 live=true internal=0x8058 size=2340x1080 samples=0 expected=Rgba8Unorm
10-02 15:25:08.208 16421 16442 I RustStdoutStderr: [2m2026-10-02T07:25:08.208462Z[0m [32m INFO[0m [2mbevy_render::view::window[0m[2m:[0m MIR2_ANDROID_SURFACE_ATTACHMENT_PROBE frame=51 raw=5 live=true internal=0x8058 size=2340x1080 samples=0 expected=Rgba8Unorm
10-02 15:25:08.224 16421 16443 I event /Users/henryliu/obelisk/numeron-worktrees/android-shared-sync/mir2-web3/third_party/bevyMIR2_ANDROID_SURFACE_ATTACHMENT_PROBE frame=52 raw=5 live=true internal=0x8058 size=2340x1080 samples=0 expected=Rgba8Unorm
10-02 15:25:08.225 16421 16442 I RustStdoutStderr: [2m2026-10-02T07:25:08.224926Z[0m [32m INFO[0m [2mbevy_render::view::window[0m[2m:[0m MIR2_ANDROID_SURFACE_ATTACHMENT_PROBE frame=52 raw=5 live=true internal=0x8058 size=2340x1080 samples=0 expected=Rgba8Unorm
10-02 15:25:08.241 16421 16443 I event /Users/henryliu/obelisk/numeron-worktrees/android-shared-sync/mir2-web3/third_party/bevyMIR2_ANDROID_SURFACE_ATTACHMENT_PROBE frame=53 raw=5 live=true internal=0x8058 size=2340x1080 samples=0 expected=Rgba8Unorm
10-02 15:25:08.241 16421 16442 I RustStdoutStderr: [2m2026-10-02T07:25:08.241060Z[0m [32m INFO[0m [2mbevy_render::view::window[0m[2m:[0m MIR2_ANDROID_SURFACE_ATTACHMENT_PROBE frame=53 raw=5 live=true internal=0x8058 size=2340x1080 samples=0 expected=Rgba8Unorm
10-02 15:25:08.258 16421 16443 I event /Users/henryliu/obelisk/numeron-worktrees/android-shared-sync/mir2-web3/third_party/bevyMIR2_ANDROID_SURFACE_ATTACHMENT_PROBE frame=54 raw=5 live=true internal=0x8058 size=2340x1080 samples=0 expected=Rgba8Unorm
10-02 15:25:08.258 16421 16442 I RustStdoutStderr: [2m2026-10-02T07:25:08.258416Z[0m [32m INFO[0m [2mbevy_render::view::window[0m[2m:[0m MIR2_ANDROID_SURFACE_ATTACHMENT_PROBE frame=54 raw=5 live=true internal=0x8058 size=2340x1080 samples=0 expected=Rgba8Unorm
10-02 15:25:08.274 16421 16443 I event /Users/henryliu/obelisk/numeron-worktrees/android-shared-sync/mir2-web3/third_party/bevyMIR2_ANDROID_SURFACE_ATTACHMENT_PROBE frame=55 raw=5 live=true internal=0x8058 size=2340x1080 samples=0 expected=Rgba8Unorm
10-02 15:25:08.274 16421 16442 I RustStdoutStderr: [2m2026-10-02T07:25:08.274025Z[0m [32m INFO[0m [2mbevy_render::view::window[0m[2m:[0m MIR2_ANDROID_SURFACE_ATTACHMENT_PROBE frame=55 raw=5 live=true internal=0x8058 size=2340x1080 samples=0 expected=Rgba8Unorm
10-02 15:25:08.290 16421 16443 I event /Users/henryliu/obelisk/numeron-worktrees/android-shared-sync/mir2-web3/third_party/bevyMIR2_ANDROID_SURFACE_ATTACHMENT_PROBE frame=56 raw=5 live=true internal=0x8058 size=2340x1080 samples=0 expected=Rgba8Unorm
10-02 15:25:08.290 16421 16442 I RustStdoutStderr: [2m2026-10-02T07:25:08.290835Z[0m [32m INFO[0m [2mbevy_render::view::window[0m[2m:[0m MIR2_ANDROID_SURFACE_ATTACHMENT_PROBE frame=56 raw=5 live=true internal=0x8058 size=2340x1080 samples=0 expected=Rgba8Unorm
10-02 15:25:08.308 16421 16443 I event /Users/henryliu/obelisk/numeron-worktrees/android-shared-sync/mir2-web3/third_party/bevyMIR2_ANDROID_SURFACE_ATTACHMENT_PROBE frame=57 raw=5 live=true internal=0x8058 size=2340x1080 samples=0 expected=Rgba8Unorm
10-02 15:25:08.309 16421 16442 I RustStdoutStderr: [2m2026-10-02T07:25:08.308894Z[0m [32m INFO[0m [2mbevy_render::view::window[0m[2m:[0m MIR2_ANDROID_SURFACE_ATTACHMENT_PROBE frame=57 raw=5 live=true internal=0x8058 size=2340x1080 samples=0 expected=Rgba8Unorm
10-02 15:25:08.324 16421 16443 I event /Users/henryliu/obelisk/numeron-worktrees/android-shared-sync/mir2-web3/third_party/bevyMIR2_ANDROID_SURFACE_ATTACHMENT_PROBE frame=58 raw=5 live=true internal=0x8058 size=2340x1080 samples=0 expected=Rgba8Unorm
10-02 15:25:08.324 16421 16442 I RustStdoutStderr: [2m2026-10-02T07:25:08.324143Z[0m [32m INFO[0m [2mbevy_render::view::window[0m[2m:[0m MIR2_ANDROID_SURFACE_ATTACHMENT_PROBE frame=58 raw=5 live=true internal=0x8058 size=2340x1080 samples=0 expected=Rgba8Unorm
10-02 15:25:08.341 16421 16443 I event /Users/henryliu/obelisk/numeron-worktrees/android-shared-sync/mir2-web3/third_party/bevyMIR2_ANDROID_SURFACE_ATTACHMENT_PROBE frame=59 raw=5 live=true internal=0x8058 size=2340x1080 samples=0 expected=Rgba8Unorm
10-02 15:25:08.341 16421 16442 I RustStdoutStderr: [2m2026-10-02T07:25:08.341246Z[0m [32m INFO[0m [2mbevy_render::view::window[0m[2m:[0m MIR2_ANDROID_SURFACE_ATTACHMENT_PROBE frame=59 raw=5 live=true internal=0x8058 size=2340x1080 samples=0 expected=Rgba8Unorm
10-02 15:25:08.357 16421 16443 I event /Users/henryliu/obelisk/numeron-worktrees/android-shared-sync/mir2-web3/third_party/bevyMIR2_ANDROID_SURFACE_ATTACHMENT_PROBE frame=60 raw=5 live=true internal=0x8058 size=2340x1080 samples=0 expected=Rgba8Unorm
10-02 15:25:08.358 16421 16442 I RustStdoutStderr: [2m2026-10-02T07:25:08.357772Z[0m [32m INFO[0m [2mbevy_render::view::window[0m[2m:[0m MIR2_ANDROID_SURFACE_ATTACHMENT_PROBE frame=60 raw=5 live=true internal=0x8058 size=2340x1080 samples=0 expected=Rgba8Unorm
10-02 15:25:08.375 16421 16443 I event /Users/henryliu/obelisk/numeron-worktrees/android-shared-sync/mir2-web3/third_party/bevyMIR2_ANDROID_SURFACE_ATTACHMENT_PROBE frame=61 raw=5 live=true internal=0x8058 size=2340x1080 samples=0 expected=Rgba8Unorm
10-02 15:25:08.375 16421 16442 I RustStdoutStderr: [2m2026-10-02T07:25:08.375120Z[0m [32m INFO[0m [2mbevy_render::view::window[0m[2m:[0m MIR2_ANDROID_SURFACE_ATTACHMENT_PROBE frame=61 raw=5 live=true internal=0x8058 size=2340x1080 samples=0 expected=Rgba8Unorm
10-02 15:25:08.392 16421 16443 I event /Users/henryliu/obelisk/numeron-worktrees/android-shared-sync/mir2-web3/third_party/bevyMIR2_ANDROID_SURFACE_ATTACHMENT_PROBE frame=62 raw=5 live=true internal=0x8058 size=2340x1080 samples=0 expected=Rgba8Unorm
10-02 15:25:08.392 16421 16442 I RustStdoutStderr: [2m2026-10-02T07:25:08.392305Z[0m [32m INFO[0m [2mbevy_render::view::window[0m[2m:[0m MIR2_ANDROID_SURFACE_ATTACHMENT_PROBE frame=62 raw=5 live=true internal=0x8058 size=2340x1080 samples=0 expected=Rgba8Unorm
10-02 15:25:08.407 16421 16443 I event /Users/henryliu/obelisk/numeron-worktrees/android-shared-sync/mir2-web3/third_party/bevyMIR2_ANDROID_SURFACE_ATTACHMENT_PROBE frame=63 raw=5 live=true internal=0x8058 size=2340x1080 samples=0 expected=Rgba8Unorm
10-02 15:25:08.407 16421 16442 I RustStdoutStderr: [2m2026-10-02T07:25:08.407463Z[0m [32m INFO[0m [2mbevy_render::view::window[0m[2m:[0m MIR2_ANDROID_SURFACE_ATTACHMENT_PROBE frame=63 raw=5 live=true internal=0x8058 size=2340x1080 samples=0 expected=Rgba8Unorm
10-02 15:25:08.703 16421 16446 I event src/ui_preview.rs:160: ANDROID_REMOTE_BACKSTEP_PRESENTATION_STARTED
10-02 15:25:08.704 16421 16442 I RustStdoutStderr: [2m2026-10-02T07:25:08.703963Z[0m [32m INFO[0m [2mmir2_platform_android::ui_preview[0m[2m:[0m ANDROID_REMOTE_BACKSTEP_PRESENTATION_STARTED
10-02 15:25:08.706 16421 16446 I event src/ui_preview.rs:168: ANDROID_ASSASSIN_ATTACK_PRESENTATION_STARTED
10-02 15:25:08.706 16421 16442 I RustStdoutStderr: [2m2026-10-02T07:25:08.706381Z[0m [32m INFO[0m [2mmir2_platform_android::ui_preview[0m[2m:[0m ANDROID_ASSASSIN_ATTACK_PRESENTATION_STARTED
10-02 15:25:08.708 16421 16446 I event src/ui_preview.rs:179: ANDROID_USER_DASH_PRESENTATION_APPLIED
10-02 15:25:08.708 16421 16442 I RustStdoutStderr: [2m2026-10-02T07:25:08.708227Z[0m [32m INFO[0m [2mmir2_platform_android::ui_preview[0m[2m:[0m ANDROID_USER_DASH_PRESENTATION_APPLIED
10-02 15:25:08.710 16421 16446 I event src/ui_preview.rs:222: ANDROID_LOCAL_PUSHED_PRESENTATION_APPLIED
10-02 15:25:08.710 16421 16442 I RustStdoutStderr: [2m2026-10-02T07:25:08.710111Z[0m [32m INFO[0m [2mmir2_platform_android::ui_preview[0m[2m:[0m ANDROID_LOCAL_PUSHED_PRESENTATION_APPLIED
10-02 15:25:08.712 16421 16446 I event src/ui_preview.rs:222: ANDROID_LOCAL_BACKSTEP_PRESENTATION_APPLIED
10-02 15:25:08.712 16421 16442 I RustStdoutStderr: [2m2026-10-02T07:25:08.712096Z[0m [32m INFO[0m [2mmir2_platform_android::ui_preview[0m[2m:[0m ANDROID_LOCAL_BACKSTEP_PRESENTATION_APPLIED
10-02 15:25:08.715 16421 16446 I event src/ui_preview.rs:222: ANDROID_LOCAL_ATTACK_MOVE_PRESENTATION_APPLIED
10-02 15:25:08.715 16421 16442 I RustStdoutStderr: [2m2026-10-02T07:25:08.715527Z[0m [32m INFO[0m [2mmir2_platform_android::ui_preview[0m[2m:[0m ANDROID_LOCAL_ATTACK_MOVE_PRESENTATION_APPLIED
10-02 15:25:08.717 16421 16446 I event src/ui_preview.rs:222: ANDROID_LOCAL_DASH_ATTACK_PRESENTATION_APPLIED
10-02 15:25:08.717 16421 16442 I RustStdoutStderr: [2m2026-10-02T07:25:08.717224Z[0m [32m INFO[0m [2mmir2_platform_android::ui_preview[0m[2m:[0m ANDROID_LOCAL_DASH_ATTACK_PRESENTATION_APPLIED
10-02 15:25:08.718 16421 16446 I event src/ui_preview.rs:234: ANDROID_ARCHER_RANGE_PRESENTATION_STARTED
10-02 15:25:08.718 16421 16442 I RustStdoutStderr: [2m2026-10-02T07:25:08.718812Z[0m [32m INFO[0m [2mmir2_platform_android::ui_preview[0m[2m:[0m ANDROID_ARCHER_RANGE_PRESENTATION_STARTED
10-02 15:25:08.720 16421 16446 I event src/ui_preview.rs:245: ANDROID_OBJECT_DASH_PRESENTATION_APPLIED
10-02 15:25:08.720 16421 16442 I RustStdoutStderr: [2m2026-10-02T07:25:08.720127Z[0m [32m INFO[0m [2mmir2_platform_android::ui_preview[0m[2m:[0m ANDROID_OBJECT_DASH_PRESENTATION_APPLIED
10-02 15:25:08.721 16421 16446 I event src/ui_preview.rs:256: ANDROID_MOUNTED_ATTACK_PRESENTATION_STARTED
10-02 15:25:08.721 16421 16442 I RustStdoutStderr: [2m2026-10-02T07:25:08.721584Z[0m [32m INFO[0m [2mmir2_platform_android::ui_preview[0m[2m:[0m ANDROID_MOUNTED_ATTACK_PRESENTATION_STARTED
10-02 15:25:08.722 16421 16446 I event src/ui_preview.rs:267: ANDROID_OBJECT_PUSHED_PRESENTATION_APPLIED
10-02 15:25:08.722 16421 16442 I RustStdoutStderr: [2m2026-10-02T07:25:08.722730Z[0m [32m INFO[0m [2mmir2_platform_android::ui_preview[0m[2m:[0m ANDROID_OBJECT_PUSHED_PRESENTATION_APPLIED
10-02 15:25:08.736 16421 16443 D EGL_emulation: app_time_stats: avg=13.80ms min=12.03ms max=33.98ms count=59
10-02 15:25:08.737 16421 16443 I event src/ui_preview.rs:534: ANDROID_LOCAL_MOVEMENT_SKILL_ACTION_ACTIVE
10-02 15:25:08.738 16421 16442 I RustStdoutStderr: [2m2026-10-02T07:25:08.737970Z[0m [32m INFO[0m [2mmir2_platform_android::ui_preview[0m[2m:[0m ANDROID_LOCAL_MOVEMENT_SKILL_ACTION_ACTIVE
10-02 15:25:08.751 16421 16443 I event src/ui_preview.rs:485: ANDROID_REMOTE_BACKSTEP_POSE_ACTIVEoffset_x = 84.0; offset_y = 0.0;
10-02 15:25:08.751 16421 16443 I event src/ui_preview.rs:499: ANDROID_OBJECT_PUSHED_POSE_ACTIVEoffset_x = 32.0; offset_y = 0.0;
10-02 15:25:08.751 16421 16443 I event src/ui_preview.rs:516: ANDROID_OBJECT_DASH_POSE_ACTIVEoffset_x = -32.0; offset_y = 0.0;
10-02 15:25:08.751 16421 16442 I RustStdoutStderr: [2m2026-10-02T07:25:08.751158Z[0m [32m INFO[0m [2mmir2_platform_android::ui_preview[0m[2m:[0m ANDROID_REMOTE_BACKSTEP_POSE_ACTIVE [3moffset_x[0m[2m=[0m84.0 [3moffset_y[0m[2m=[0m0.0
10-02 15:25:08.751 16421 16442 I RustStdoutStderr: [2m2026-10-02T07:25:08.751301Z[0m [32m INFO[0m [2mmir2_platform_android::ui_preview[0m[2m:[0m ANDROID_OBJECT_PUSHED_POSE_ACTIVE [3moffset_x[0m[2m=[0m32.0 [3moffset_y[0m[2m=[0m0.0
10-02 15:25:08.751 16421 16442 I RustStdoutStderr: [2m2026-10-02T07:25:08.751310Z[0m [32m INFO[0m [2mmir2_platform_android::ui_preview[0m[2m:[0m ANDROID_OBJECT_DASH_POSE_ACTIVE [3moffset_x[0m[2m=[0m-32.0 [3moffset_y[0m[2m=[0m0.0
10-02 15:25:08.791 16421 16447 I event src/phone_hud.rs:173: ANDROID_PHONE_TEXT_LAYOUTfont = TextFont { font: SystemUi, font_size: Px(23.466667), weight: FontWeight(400), width: FontWidth(1.0), style: Normal, font_smoothing: AntiAliased, font_features: FontFeatures { features: [] }, font_variations: FontVariations { variations: [] } }; color = TextColor(Srgba(Srgba { red: 0.98, green: 0.91, blue: 0.76, alpha: 1.0 })); glyph_masks = [true, true, true, true, true, true, true, true, true, true, true, true, true];
10-02 15:25:08.791 16421 16447 I event src/phone_hud.rs:173: ANDROID_PHONE_TEXT_LAYOUTfont = TextFont { font: SystemUi, font_size: Px(23.466667), weight: FontWeight(400), width: FontWidth(1.0), style: Normal, font_smoothing: AntiAliased, font_features: FontFeatures { features: [] }, font_variations: FontVariations { variations: [] } }; color = TextColor(Srgba(Srgba { red: 0.96, green: 0.85, blue: 0.61, alpha: 1.0 })); glyph_masks = [true, true];
10-02 15:25:08.791 16421 16447 I event src/phone_hud.rs:173: ANDROID_PHONE_TEXT_LAYOUTfont = TextFont { font: SystemUi, font_size: Px(23.466667), weight: FontWeight(400), width: FontWidth(1.0), style: Normal, font_smoothing: AntiAliased, font_features: FontFeatures { features: [] }, font_variations: FontVariations { variations: [] } }; color = TextColor(Srgba(Srgba { red: 0.96, green: 0.85, blue: 0.61, alpha: 1.0 })); glyph_masks = [true, true, true, true];
10-02 15:25:08.791 16421 16447 I event src/phone_hud.rs:173: ANDROID_PHONE_TEXT_LAYOUTfont = TextFont { font: SystemUi, font_size: Px(23.466667), weight: FontWeight(400), width: FontWidth(1.0), style: Normal, font_smoothing: AntiAliased, font_features: FontFeatures { features: [] }, font_variations: FontVariations { variations: [] } }; color = TextColor(Srgba(Srgba { red: 0.96, green: 0.85, blue: 0.61, alpha: 1.0 })); glyph_masks = [true, true, true];
10-02 15:25:08.791 16421 16447 I event src/phone_hud.rs:173: ANDROID_PHONE_TEXT_LAYOUTfont = TextFont { font: SystemUi, font_size: Px(23.466667), weight: FontWeight(400), width: FontWidth(1.0), style: Normal, font_smoothing: AntiAliased, font_features: FontFeatures { features: [] }, font_variations: FontVariations { variations: [] } }; color = TextColor(Srgba(Srgba { red: 0.96, green: 0.85, blue: 0.61, alpha: 1.0 })); glyph_masks = [true, true, true];
10-02 15:25:08.791 16421 16447 I event src/phone_hud.rs:173: ANDROID_PHONE_TEXT_LAYOUTfont = TextFont { font: SystemUi, font_size: Px(23.466667), weight: FontWeight(400), width: FontWidth(1.0), style: Normal, font_smoothing: AntiAliased, font_features: FontFeatures { features: [] }, font_variations: FontVariations { variations: [] } }; color = TextColor(Srgba(Srgba { red: 0.96, green: 0.85, blue: 0.61, alpha: 1.0 })); glyph_masks = [true, true, true, true, true];
10-02 15:25:08.791 16421 16447 I event src/phone_hud.rs:173: ANDROID_PHONE_TEXT_LAYOUTfont = TextFont { font: SystemUi, font_size: Px(23.466667), weight: FontWeight(400), width: FontWidth(1.0), style: Normal, font_smoothing: AntiAliased, font_features: FontFeatures { features: [] }, font_variations: FontVariations { variations: [] } }; color = TextColor(Srgba(Srgba { red: 0.96, green: 0.85, blue: 0.61, alpha: 1.0 })); glyph_masks = [true, true, true, true, true, true, true];
10-02 15:25:08.791 16421 16447 I event src/phone_hud.rs:173: ANDROID_PHONE_TEXT_LAYOUTfont = TextFont { font: SystemUi, font_size: Px(23.466667), weight: FontWeight(400), width: FontWidth(1.0), style: Normal, font_smoothing: AntiAliased, font_features: FontFeatures { features: [] }, font_variations: FontVariations { variations: [] } }; color = TextColor(Srgba(Srgba { red: 0.96, green: 0.85, blue: 0.61, alpha: 1.0 })); glyph_masks = [true, true, true, true, true];
10-02 15:25:08.791 16421 16447 I event src/phone_hud.rs:173: ANDROID_PHONE_TEXT_LAYOUTfont = TextFont { font: SystemUi, font_size: Px(23.466667), weight: FontWeight(400), width: FontWidth(1.0), style: Normal, font_smoothing: AntiAliased, font_features: FontFeatures { features: [] }, font_variations: FontVariations { variations: [] } }; color = TextColor(Srgba(Srgba { red: 0.96, green: 0.85, blue: 0.61, alpha: 1.0 })); glyph_masks = [true, true, true, true, true, true];
10-02 15:25:08.791 16421 16447 I event src/phone_hud.rs:173: ANDROID_PHONE_TEXT_LAYOUTfont = TextFont { font: SystemUi, font_size: Px(23.466667), weight: FontWeight(400), width: FontWidth(1.0), style: Normal, font_smoothing: AntiAliased, font_features: FontFeatures { features: [] }, font_variations: FontVariations { variations: [] } }; color = TextColor(Srgba(Srgba { red: 0.96, green: 0.85, blue: 0.61, alpha: 1.0 })); glyph_masks = [true, true, true, true, true];
10-02 15:25:08.791 16421 16447 I event src/phone_hud.rs:173: ANDROID_PHONE_TEXT_LAYOUTfont = TextFont { font: SystemUi, font_size: Px(23.466667), weight: FontWeight(400), width: FontWidth(1.0), style: Normal, font_smoothing: AntiAliased, font_features: FontFeatures { features: [] }, font_variations: FontVariations { variations: [] } }; color = TextColor(Srgba(Srgba { red: 0.96, green: 0.85, blue: 0.61, alpha: 1.0 })); glyph_masks = [true, true, true, true, true];
10-02 15:25:08.791 16421 16447 I event src/phone_hud.rs:173: ANDROID_PHONE_TEXT_LAYOUTfont = TextFont { font: SystemUi, font_size: Px(23.466667), weight: FontWeight(400), width: FontWidth(1.0), style: Normal, font_smoothing: AntiAliased, font_features: FontFeatures { features: [] }, font_variations: FontVariations { variations: [] } }; color = TextColor(Srgba(Srgba { red: 0.96, green: 0.85, blue: 0.61, alpha: 1.0 })); glyph_masks = [true, true, true, true, true];
10-02 15:25:08.791 16421 16447 I event src/phone_hud.rs:173: ANDROID_PHONE_TEXT_LAYOUTfont = TextFont { font: SystemUi, font_size: Px(23.466667), weight: FontWeight(400), width: FontWidth(1.0), style: Normal, font_smoothing: AntiAliased, font_features: FontFeatures { features: [] }, font_variations: FontVariations { variations: [] } }; color = TextColor(Srgba(Srgba { red: 0.96, green: 0.85, blue: 0.61, alpha: 1.0 })); glyph_masks = [true, true, true, true];
10-02 15:25:08.792 16421 16442 I RustStdoutStderr: [2m2026-10-02T07:25:08.791696Z[0m [32m INFO[0m [2mmir2_platform_android::phone_hud[0m[2m:[0m ANDROID_PHONE_TEXT_LAYOUT [3mfont[0m[2m=[0mTextFont { font: SystemUi, font_size: Px(23.466667), weight: FontWeight(400), width: FontWidth(1.0), style: Normal, font_smoothing: AntiAliased, font_features: FontFeatures { features: [] }, font_variations: FontVariations { variations: [] } } [3mcolor[0m[2m=[0mTextColor(Srgba(Srgba { red: 0.98, green: 0.91, blue: 0.76, alpha: 1.0 })) [3mglyph_masks[0m[2m=[0m[true, true, true, true, true, true, true, true, true, true, true, true, true]
10-02 15:25:08.792 16421 16442 I RustStdoutStderr: [2m2026-10-02T07:25:08.791827Z[0m [32m INFO[0m [2mmir2_platform_android::phone_hud[0m[2m:[0m ANDROID_PHONE_TEXT_LAYOUT [3mfont[0m[2m=[0mTextFont { font: SystemUi, font_size: Px(23.466667), weight: FontWeight(400), width: FontWidth(1.0), style: Normal, font_smoothing: AntiAliased, font_features: FontFeatures { features: [] }, font_variations: FontVariations { variations: [] } } [3mcolor[0m[2m=[0mTextColor(Srgba(Srgba { red: 0.96, green: 0.85, blue: 0.61, alpha: 1.0 })) [3mglyph_masks[0m[2m=[0m[true, true]
10-02 15:25:08.792 16421 16442 I RustStdoutStderr: [2m2026-10-02T07:25:08.791837Z[0m [32m INFO[0m [2mmir2_platform_android::phone_hud[0m[2m:[0m ANDROID_PHONE_TEXT_LAYOUT [3mfont[0m[2m=[0mTextFont { font: SystemUi, font_size: Px(23.466667), weight: FontWeight(400), width: FontWidth(1.0), style: Normal, font_smoothing: AntiAliased, font_features: FontFeatures { features: [] }, font_variations: FontVariations { variations: [] } } [3mcolor[0m[2m=[0mTextColor(Srgba(Srgba { red: 0.96, green: 0.85, blue: 0.61, alpha: 1.0 })) [3mglyph_masks[0m[2m=[0m[true, true, true, true]
10-02 15:25:08.792 16421 16442 I RustStdoutStderr: [2m2026-10-02T07:25:08.791842Z[0m [32m INFO[0m [2mmir2_platform_android::phone_hud[0m[2m:[0m ANDROID_PHONE_TEXT_LAYOUT [3mfont[0m[2m=[0mTextFont { font: SystemUi, font_size: Px(23.466667), weight: FontWeight(400), width: FontWidth(1.0), style: Normal, font_smoothing: AntiAliased, font_features: FontFeatures { features: [] }, font_variations: FontVariations { variations: [] } } [3mcolor[0m[2m=[0mTextColor(Srgba(Srgba { red: 0.96, green: 0.85, blue: 0.61, alpha: 1.0 })) [3mglyph_masks[0m[2m=[0m[true, true, true]
10-02 15:25:08.792 16421 16442 I RustStdoutStderr: [2m2026-10-02T07:25:08.791847Z[0m [32m INFO[0m [2mmir2_platform_android::phone_hud[0m[2m:[0m ANDROID_PHONE_TEXT_LAYOUT [3mfont[0m[2m=[0mTextFont { font: SystemUi, font_size: Px(23.466667), weight: FontWeight(400), width: FontWidth(1.0), style: Normal, font_smoothing: AntiAliased, font_features: FontFeatures { features: [] }, font_variations: FontVariations { variations: [] } } [3mcolor[0m[2m=[0mTextColor(Srgba(Srgba { red: 0.96, green: 0.85, blue: 0.61, alpha: 1.0 })) [3mglyph_masks[0m[2m=[0m[true, true, true]
10-02 15:25:08.792 16421 16442 I RustStdoutStderr: [2m2026-10-02T07:25:08.791852Z[0m [32m INFO[0m [2mmir2_platform_android::phone_hud[0m[2m:[0m ANDROID_PHONE_TEXT_LAYOUT [3mfont[0m[2m=[0mTextFont { font: SystemUi, font_size: Px(23.466667), weight: FontWeight(400), width: FontWidth(1.0), style: Normal, font_smoothing: AntiAliased, font_features: FontFeatures { features: [] }, font_variations: FontVariations { variations: [] } } [3mcolor[0m[2m=[0mTextColor(Srgba(Srgba { red: 0.96, green: 0.85, blue: 0.61, alpha: 1.0 })) [3mglyph_masks[0m[2m=[0m[true, true, true, true, true]
10-02 15:25:08.792 16421 16442 I RustStdoutStderr: [2m2026-10-02T07:25:08.791856Z[0m [32m INFO[0m [2mmir2_platform_android::phone_hud[0m[2m:[0m ANDROID_PHONE_TEXT_LAYOUT [3mfont[0m[2m=[0mTextFont { font: SystemUi, font_size: Px(23.466667), weight: FontWeight(400), width: FontWidth(1.0), style: Normal, font_smoothing: AntiAliased, font_features: FontFeatures { features: [] }, font_variations: FontVariations { variations: [] } } [3mcolor[0m[2m=[0mTextColor(Srgba(Srgba { red: 0.96, green: 0.85, blue: 0.61, alpha: 1.0 })) [3mglyph_masks[0m[2m=[0m[true, true, true, true, true, true, true]
10-02 15:25:08.792 16421 16442 I RustStdoutStderr: [2m2026-10-02T07:25:08.791861Z[0m [32m INFO[0m [2mmir2_platform_android::phone_hud[0m[2m:[0m ANDROID_PHONE_TEXT_LAYOUT [3mfont[0m[2m=[0mTextFont { font: SystemUi, font_size: Px(23.466667), weight: FontWeight(400), width: FontWidth(1.0), style: Normal, font_smoothing: AntiAliased, font_features: FontFeatures { features: [] }, font_variations: FontVariations { variations: [] } } [3mcolor[0m[2m=[0mTextColor(Srgba(Srgba { red: 0.96, green: 0.85, blue: 0.61, alpha: 1.0 })) [3mglyph_masks[0m[2m=[0m[true, true, true, true, true]
10-02 15:25:08.792 16421 16442 I RustStdoutStderr: [2m2026-10-02T07:25:08.791865Z[0m [32m INFO[0m [2mmir2_platform_android::phone_hud[0m[2m:[0m ANDROID_PHONE_TEXT_LAYOUT [3mfont[0m[2m=[0mTextFont { font: SystemUi, font_size: Px(23.466667), weight: FontWeight(400), width: FontWidth(1.0), style: Normal, font_smoothing: AntiAliased, font_features: FontFeatures { features: [] }, font_variations: FontVariations { variations: [] } } [3mcolor[0m[2m=[0mTextColor(Srgba(Srgba { red: 0.96, green: 0.85, blue: 0.61, alpha: 1.0 })) [3mglyph_masks[0m[2m=[0m[true, true, true, true, true, true]
10-02 15:25:08.792 16421 16442 I RustStdoutStderr: [2m2026-10-02T07:25:08.791872Z[0m [32m INFO[0m [2mmir2_platform_android::phone_hud[0m[2m:[0m ANDROID_PHONE_TEXT_LAYOUT [3mfont[0m[2m=[0mTextFont { font: SystemUi, font_size: Px(23.466667), weight: FontWeight(400), width: FontWidth(1.0), style: Normal, font_smoothing: AntiAliased, font_features: FontFeatures { features: [] }, font_variations: FontVariations { variations: [] } } [3mcolor[0m[2m=[0mTextColor(Srgba(Srgba { red: 0.96, green: 0.85, blue: 0.61, alpha: 1.0 })) [3mglyph_masks[0m[2m=[0m[true, true, true, true, true]
10-02 15:25:08.792 16421 16442 I RustStdoutStderr: [2m2026-10-02T07:25:08.791877Z[0m [32m INFO[0m [2mmir2_platform_android::phone_hud[0m[2m:[0m ANDROID_PHONE_TEXT_LAYOUT [3mfont[0m[2m=[0mTextFont { font: SystemUi, font_size: Px(23.466667), weight: FontWeight(400), width: FontWidth(1.0), style: Normal, font_smoothing: AntiAliased, font_features: FontFeatures { features: [] }, font_variations: FontVariations { variations: [] } } [3mcolor[0m[2m=[0mTextColor(Srgba(Srgba { red: 0.96, green: 0.85, blue: 0.61, alpha: 1.0 })) [3mglyph_masks[0m[2m=[0m[true, true, true, true, true]
10-02 15:25:08.792 16421 16442 I RustStdoutStderr: [2m2026-10-02T07:25:08.791881Z[0m [32m INFO[0m [2mmir2_platform_android::phone_hud[0m[2m:[0m ANDROID_PHONE_TEXT_LAYOUT [3mfont[0m[2m=[0mTextFont { font: SystemUi, font_size: Px(23.466667), weight: FontWeight(400), width: FontWidth(1.0), style: Normal, font_smoothing: AntiAliased, font_features: FontFeatures { features: [] }, font_variations: FontVariations { variations: [] } } [3mcolor[0m[2m=[0mTextColor(Srgba(Srgba { red: 0.96, green: 0.85, blue: 0.61, alpha: 1.0 })) [3mglyph_masks[0m[2m=[0m[true, true, true, true, true]
10-02 15:25:08.792 16421 16442 I RustStdoutStderr: [2m2026-10-02T07:25:08.791886Z[0m [32m INFO[0m [2mmir2_platform_android::phone_hud[0m[2m:[0m ANDROID_PHONE_TEXT_LAYOUT [3mfont[0m[2m=[0mTextFont { font: SystemUi, font_size: Px(23.466667), weight: FontWeight(400), width: FontWidth(1.0), style: Normal, font_smoothing: AntiAliased, font_features: FontFeatures { features: [] }, font_variations: FontVariations { variations: [] } } [3mcolor[0m[2m=[0mTextColor(Srgba(Srgba { red: 0.96, green: 0.85, blue: 0.61, alpha: 1.0 })) [3mglyph_masks[0m[2m=[0m[true, true, true, true]
10-02 15:25:08.933 16421 16443 I event src/ui_preview.rs:510: ANDROID_OBJECT_PUSHED_POSE_SETTLED
10-02 15:25:08.933 16421 16443 I event src/ui_preview.rs:527: ANDROID_OBJECT_DASH_POSE_SETTLED
10-02 15:25:08.933 16421 16442 I RustStdoutStderr: [2m2026-10-02T07:25:08.933307Z[0m [32m INFO[0m [2mmir2_platform_android::ui_preview[0m[2m:[0m ANDROID_OBJECT_PUSHED_POSE_SETTLED
10-02 15:25:08.933 16421 16442 I RustStdoutStderr: [2m2026-10-02T07:25:08.933364Z[0m [32m INFO[0m [2mmir2_platform_android::ui_preview[0m[2m:[0m ANDROID_OBJECT_DASH_POSE_SETTLED
10-02 15:25:09.036 16421 16443 I event src/ui_preview.rs:537: ANDROID_LOCAL_MOVEMENT_SKILL_ACTION_SETTLED
10-02 15:25:09.036 16421 16442 I RustStdoutStderr: [2m2026-10-02T07:25:09.036196Z[0m [32m INFO[0m [2mmir2_platform_android::ui_preview[0m[2m:[0m ANDROID_LOCAL_MOVEMENT_SKILL_ACTION_SETTLED
10-02 15:25:09.449 16421 16443 I event src/ui_preview.rs:493: ANDROID_REMOTE_BACKSTEP_POSE_SETTLED
10-02 15:25:09.449 16421 16442 I RustStdoutStderr: [2m2026-10-02T07:25:09.449207Z[0m [32m INFO[0m [2mmir2_platform_android::ui_preview[0m[2m:[0m ANDROID_REMOTE_BACKSTEP_POSE_SETTLED
10-02 15:25:09.743 16421 16443 D EGL_emulation: app_time_stats: avg=13.61ms min=12.26ms max=17.11ms count=61
10-02 15:25:10.704 16421 16421 V threaded_app: Pause: 0xb40000753583ecb0
10-02 15:25:10.725 16421 16443 V threaded_app: activityState=14
10-02 15:25:10.732 16421 16421 V threaded_app: WindowFocusChanged: 0xb40000753583ecb0 -- 0
10-02 15:25:11.113 16421 16421 V threaded_app: NativeWindowDestroyed: 0xb40000753583ecb0 -- 0xb4000075c588cae0
10-02 15:25:11.113 16421 16421 V threaded_app: android_app_set_window called
10-02 15:25:11.113 16421 16443 V threaded_app: APP_CMD_TERM_WINDOW
10-02 15:25:11.121 16421 16446 D HostConnection: createUnique: call
10-02 15:25:11.121 16421 16446 D HostConnection: HostConnection::get() New Host Connection established 0xb4000074d5855f90, tid 16446
10-02 15:25:11.124 16421 16446 D HostConnection: HostComposition ext ANDROID_EMU_CHECKSUM_HELPER_v1 ANDROID_EMU_native_sync_v2 ANDROID_EMU_native_sync_v3 ANDROID_EMU_native_sync_v4 ANDROID_EMU_dma_v1 ANDROID_EMU_direct_mem ANDROID_EMU_host_composition_v1 ANDROID_EMU_host_composition_v2 ANDROID_EMU_vulkan ANDROID_EMU_deferred_vulkan_commands ANDROID_EMU_vulkan_null_optional_strings ANDROID_EMU_vulkan_create_resources_with_requirements ANDROID_EMU_YUV_Cache ANDROID_EMU_vulkan_ignored_handles ANDROID_EMU_has_shared_slots_host_memory_allocator ANDROID_EMU_vulkan_free_memory_sync ANDROID_EMU_vulkan_shader_float16_int8 ANDROID_EMU_vulkan_async_queue_submit ANDROID_EMU_vulkan_queue_submit_with_commands ANDROID_EMU_sync_buffer_data ANDROID_EMU_vulkan_async_qsri ANDROID_EMU_read_color_buffer_dma ANDROID_EMU_hwc_color_transform GL_OES_EGL_image_external_essl3 GL_OES_vertex_array_object ANDROID_EMU_host_side_tracing ANDROID_EMU_gles_max_version_3_0 
10-02 15:25:11.125 16421 16446 D EGL_emulation: eglMakeCurrent: 0xb4000074d583b410: ver 3 0 (tinfo 0x76fbc37180) (first time)
10-02 15:25:11.135 16421 16443 V threaded_app: APP_CMD_TERM_WINDOW
10-02 15:25:11.142 16421 16421 V threaded_app: TrimMemory: 0xb40000753583ecb0 20
10-02 15:25:11.147 16421 16421 V threaded_app: Stop: 0xb40000753583ecb0
10-02 15:25:11.148 16421 16443 V threaded_app: activityState=15
10-02 15:25:11.148 16421 16443 W event /Users/henryliu/.cargo/registry/src/index.crates.io-1949cf8c6b5b557f/winit-0.30.13/src/pTODO: forward onStop notification to application
10-02 15:25:11.148 16421 16421 V threaded_app: SaveInstanceState: 0xb40000753583ecb0
10-02 15:25:11.148 16421 16443 W event /Users/henryliu/.cargo/registry/src/index.crates.io-1949cf8c6b5b557f/winit-0.30.13/src/pTODO: forward saveState notification to application
10-02 15:25:11.148 16421 16443 V threaded_app: APP_CMD_SAVE_STATE
10-02 15:25:11.149 16421 16442 I RustStdoutStderr: [2m2026-10-02T07:25:11.148249Z[0m [33m WARN[0m [2mwinit::platform_impl::android[0m[2m:[0m TODO: forward onStop notification to application
10-02 15:25:11.149 16421 16442 I RustStdoutStderr: [2m2026-10-02T07:25:11.148676Z[0m [33m WARN[0m [2mwinit::platform_impl::android[0m[2m:[0m TODO: forward saveState notification to application
10-02 15:25:11.499 16421 16479 D ProfileInstaller: Installing profile for com.mir2.web3.uipreview
10-02 15:25:11.749 16421 16421 V GameActivity: onImeInsetsChanged from Text Listener
10-02 15:25:11.749 16421 16421 V threaded_app: WindowInsetsChanged: 0xb40000753583ecb0
10-02 15:25:11.750 16421 16443 W event /Users/henryliu/.cargo/registry/src/index.crates.io-1949cf8c6b5b557f/winit-0.30.13/src/pTODO: handle Android InsetsChanged notification
10-02 15:25:11.750 16421 16442 I RustStdoutStderr: [2m2026-10-02T07:25:11.750040Z[0m [33m WARN[0m [2mwinit::platform_impl::android[0m[2m:[0m TODO: handle Android InsetsChanged notification
10-02 15:25:11.751 16421 16421 V GameActivity: onStart_native
10-02 15:25:11.751 16421 16421 V threaded_app: Start: 0xb40000753583ecb0
10-02 15:25:11.751 16421 16443 V threaded_app: activityState=11
10-02 15:25:11.751 16421 16443 W event /Users/henryliu/.cargo/registry/src/index.crates.io-1949cf8c6b5b557f/winit-0.30.13/src/pTODO: forward onStart notification to application
10-02 15:25:11.751 16421 16442 I RustStdoutStderr: [2m2026-10-02T07:25:11.751539Z[0m [33m WARN[0m [2mwinit::platform_impl::android[0m[2m:[0m TODO: forward onStart notification to application
10-02 15:25:11.752 16421 16421 V threaded_app: Resume: 0xb40000753583ecb0
10-02 15:25:11.752 16421 16443 V threaded_app: activityState=12
10-02 15:25:11.768 16421 16421 V GameActivity: onImeInsetsChanged from Text Listener
10-02 15:25:11.768 16421 16421 V threaded_app: WindowInsetsChanged: 0xb40000753583ecb0
10-02 15:25:11.768 16421 16443 W event /Users/henryliu/.cargo/registry/src/index.crates.io-1949cf8c6b5b557f/winit-0.30.13/src/pTODO: handle Android InsetsChanged notification
10-02 15:25:11.771 16421 16442 I RustStdoutStderr: [2m2026-10-02T07:25:11.768838Z[0m [33m WARN[0m [2mwinit::platform_impl::android[0m[2m:[0m TODO: handle Android InsetsChanged notification
10-02 15:25:11.772 16421 16421 V GameActivity: onSurfaceCreated_native
10-02 15:25:11.772 16421 16421 V threaded_app: NativeWindowCreated: 0xb40000753583ecb0 -- 0xb4000075c5ada630
10-02 15:25:11.772 16421 16421 V threaded_app: android_app_set_window called
10-02 15:25:11.772 16421 16443 V threaded_app: APP_CMD_INIT_WINDOW
10-02 15:25:11.772 16421 16421 V threaded_app: NativeWindowRedrawNeeded: 0xb40000753583ecb0 -- 0xb4000075c5ada630
10-02 15:25:11.774 16421 16443 I event src/ui_preview.rs:480: ANDROID_REMOTE_BACKSTEP_DIAGNOSTICSdiagnostics = {"enabled":true,"nowMs":1790925911772.9812,"moveClockPulseId":38,"moveClockNextPulseMs":1790925911872.9812,"entryCount":3,"activeEntryCount":0,"processedEventCount":3,"remoteMotionEventCount":3,"remoteRemoveEventCount":0,"ignoredEventCount":0,"staleEventCount":0,"disabledEventCount":0,"pendingEventDropCount":0,"entryEvictionCount":0,"decodeErrorCount":0,"lastDecodeError":null,"offsetQueryCount":360,"offsetMatchCount":83,"targetMismatchCount":0,"inactiveFallbackCount":277,"entries":[{"atMs":2523.0,"packet":"ObjectPushed","objectId":"9002","fromX":304.0,"fromY":634.0,"toX":303.0,"toY":634.0,"direction":"Left","mode":"pushed","phaseCount":3,"startedMs":1790925908737.2627,"startedPulseId":18,"expiresMs":1790925911772.9812,"phaseIndex":2,"nextPhaseMs":1790925911872.9812,"completed":true},{"atMs":2355.0,"packet":"ObjectBackStep","objectId":"9003","fromX":301.0,"fromY":634.0,"toX":299.0,"toY":634.0,"direction":"Right","mode":"backstep","phaseCount":8,"startedMs":1790925908737.2627,"startedPulseId":18,"expiresMs":1790925911772.9812,"phaseIndex":7,"nextPhaseMs":1790925911872.9812,"completed":true},{"atMs":2520.0,"packet":"ObjectDash","objectId":"9004","fromX":301.0,"fromY":631.0,"toX":302.0,"toY":631.0,"direction":"Right","mode":"dashL","phaseCount":3,"startedMs":1790925908737.2627,"startedPulseId":18,"expiresMs":1790925911772.9812,"phaseIndex":2,"nextPhaseMs":1790925911872.9812,"completed":true}]};
10-02 15:25:11.774 16421 16442 I RustStdoutStderr: [2m2026-10-02T07:25:11.774746Z[0m [32m INFO[0m [2mmir2_platform_android::ui_preview[0m[2m:[0m ANDROID_REMOTE_BACKSTEP_DIAGNOSTICS [3mdiagnostics[0m[2m=[0m{"enabled":true,"nowMs":1790925911772.9812,"moveClockPulseId":38,"moveClockNextPulseMs":1790925911872.9812,"entryCount":3,"activeEntryCount":0,"processedEventCount":3,"remoteMotionEventCount":3,"remoteRemoveEventCount":0,"ignoredEventCount":0,"staleEventCount":0,"disabledEventCount":0,"pendingEventDropCount":0,"entryEvictionCount":0,"decodeErrorCount":0,"lastDecodeError":null,"offsetQueryCount":360,"offsetMatchCount":83,"targetMismatchCount":0,"inactiveFallbackCount":277,"entries":[{"atMs":2523.0,"packet":"ObjectPushed","objectId":"9002","fromX":304.0,"fromY":634.0,"toX":303.0,"toY":634.0,"direction":"Left","mode":"pushed","phaseCount":3,"startedMs":1790925908737.2627,"startedPulseId":18,"expiresMs":1790925911772.9812,"phaseIndex":2,"nextPhaseMs":1790925911872.9812,"completed":true},{"atMs":2355.0,"packet":"ObjectBackStep","objectId":"9003","fromX":301.0,"fromY":634.0,"toX":299.0,"toY":634.0,"direction":"Right","mode":"backstep","phaseCount":8,"startedMs":1790925908737.2627,"startedPulseId":18,"expiresMs":1790925911772.9812,"phaseIndex":7,"nextPhaseMs":1790925911872.9812,"completed":true},{"atMs":2520.0,"packet":"ObjectDash","objectId":"9004","fromX":301.0,"fromY":631.0,"toX":302.0,"toY":631.0,"direction":"Right","mode":"dashL","phaseCount":3,"startedMs":1790925908737.2627,"startedPulseId":18,"expiresMs":1790925911772.9812,"phaseIndex":2,"nextPhaseMs":1790925911872.9812,"completed":true}]}
10-02 15:25:11.787 16421 16443 I event /Users/henryliu/obelisk/numeron-worktrees/android-shared-sync/mir2-web3/third_party/bevyMIR2_ANDROID_SURFACE_CONFIG_PROBE reason=initial format=Rgba8Unorm size=2340x1080
10-02 15:25:11.787 16421 16442 I RustStdoutStderr: [2m2026-10-02T07:25:11.787207Z[0m [32m INFO[0m [2mbevy_render::view::window[0m[2m:[0m MIR2_ANDROID_SURFACE_CONFIG_PROBE reason=initial format=Rgba8Unorm size=2340x1080
10-02 15:25:11.787 16421 16443 I event /Users/henryliu/obelisk/numeron-worktrees/android-shared-sync/mir2-web3/third_party/bevyMIR2_ANDROID_SURFACE_ATTACHMENT_PROBE frame=0 raw=8 live=true internal=0x8058 size=2340x1080 samples=0 expected=Rgba8Unorm
10-02 15:25:11.788 16421 16442 I RustStdoutStderr: [2m2026-10-02T07:25:11.787917Z[0m [32m INFO[0m [2mbevy_render::view::window[0m[2m:[0m MIR2_ANDROID_SURFACE_ATTACHMENT_PROBE frame=0 raw=8 live=true internal=0x8058 size=2340x1080 samples=0 expected=Rgba8Unorm
10-02 15:25:11.791 16421 16421 V threaded_app: WindowFocusChanged: 0xb40000753583ecb0 -- 1
10-02 15:25:11.797 16421 16421 V GameActivity: onImeInsetsChanged from Text Listener
10-02 15:25:11.797 16421 16421 V threaded_app: WindowInsetsChanged: 0xb40000753583ecb0
10-02 15:25:11.810 16421 16443 W event /Users/henryliu/.cargo/registry/src/index.crates.io-1949cf8c6b5b557f/winit-0.30.13/src/pTODO: handle Android InsetsChanged notification
10-02 15:25:11.810 16421 16442 I RustStdoutStderr: [2m2026-10-02T07:25:11.810003Z[0m [33m WARN[0m [2mwinit::platform_impl::android[0m[2m:[0m TODO: handle Android InsetsChanged notification
10-02 15:25:11.839 16421 16443 I event /Users/henryliu/obelisk/numeron-worktrees/android-shared-sync/mir2-web3/third_party/bevyMIR2_ANDROID_SURFACE_ATTACHMENT_PROBE frame=1 raw=8 live=true internal=0x8058 size=2340x1080 samples=0 expected=Rgba8Unorm
10-02 15:25:11.839 16421 16442 I RustStdoutStderr: [2m2026-10-02T07:25:11.839470Z[0m [32m INFO[0m [2mbevy_render::view::window[0m[2m:[0m MIR2_ANDROID_SURFACE_ATTACHMENT_PROBE frame=1 raw=8 live=true internal=0x8058 size=2340x1080 samples=0 expected=Rgba8Unorm
10-02 15:25:11.858 16421 16443 I event /Users/henryliu/obelisk/numeron-worktrees/android-shared-sync/mir2-web3/third_party/bevyMIR2_ANDROID_SURFACE_ATTACHMENT_PROBE frame=2 raw=8 live=true internal=0x8058 size=2340x1080 samples=0 expected=Rgba8Unorm
10-02 15:25:11.859 16421 16442 I RustStdoutStderr: [2m2026-10-02T07:25:11.858835Z[0m [32m INFO[0m [2mbevy_render::view::window[0m[2m:[0m MIR2_ANDROID_SURFACE_ATTACHMENT_PROBE frame=2 raw=8 live=true internal=0x8058 size=2340x1080 samples=0 expected=Rgba8Unorm
10-02 15:25:11.875 16421 16443 I event /Users/henryliu/obelisk/numeron-worktrees/android-shared-sync/mir2-web3/third_party/bevyMIR2_ANDROID_SURFACE_ATTACHMENT_PROBE frame=3 raw=8 live=true internal=0x8058 size=2340x1080 samples=0 expected=Rgba8Unorm
10-02 15:25:11.875 16421 16442 I RustStdoutStderr: [2m2026-10-02T07:25:11.875311Z[0m [32m INFO[0m [2mbevy_render::view::window[0m[2m:[0m MIR2_ANDROID_SURFACE_ATTACHMENT_PROBE frame=3 raw=8 live=true internal=0x8058 size=2340x1080 samples=0 expected=Rgba8Unorm
10-02 15:25:11.892 16421 16443 I event /Users/henryliu/obelisk/numeron-worktrees/android-shared-sync/mir2-web3/third_party/bevyMIR2_ANDROID_SURFACE_ATTACHMENT_PROBE frame=4 raw=8 live=true internal=0x8058 size=2340x1080 samples=0 expected=Rgba8Unorm
10-02 15:25:11.892 16421 16442 I RustStdoutStderr: [2m2026-10-02T07:25:11.892667Z[0m [32m INFO[0m [2mbevy_render::view::window[0m[2m:[0m MIR2_ANDROID_SURFACE_ATTACHMENT_PROBE frame=4 raw=8 live=true internal=0x8058 size=2340x1080 samples=0 expected=Rgba8Unorm
10-02 15:25:11.908 16421 16443 I event /Users/henryliu/obelisk/numeron-worktrees/android-shared-sync/mir2-web3/third_party/bevyMIR2_ANDROID_SURFACE_ATTACHMENT_PROBE frame=5 raw=8 live=true internal=0x8058 size=2340x1080 samples=0 expected=Rgba8Unorm
10-02 15:25:11.908 16421 16442 I RustStdoutStderr: [2m2026-10-02T07:25:11.908336Z[0m [32m INFO[0m [2mbevy_render::view::window[0m[2m:[0m MIR2_ANDROID_SURFACE_ATTACHMENT_PROBE frame=5 raw=8 live=true internal=0x8058 size=2340x1080 samples=0 expected=Rgba8Unorm
10-02 15:25:11.925 16421 16443 I event /Users/henryliu/obelisk/numeron-worktrees/android-shared-sync/mir2-web3/third_party/bevyMIR2_ANDROID_SURFACE_ATTACHMENT_PROBE frame=6 raw=8 live=true internal=0x8058 size=2340x1080 samples=0 expected=Rgba8Unorm
10-02 15:25:11.925 16421 16442 I RustStdoutStderr: [2m2026-10-02T07:25:11.925135Z[0m [32m INFO[0m [2mbevy_render::view::window[0m[2m:[0m MIR2_ANDROID_SURFACE_ATTACHMENT_PROBE frame=6 raw=8 live=true internal=0x8058 size=2340x1080 samples=0 expected=Rgba8Unorm
10-02 15:25:11.940 16421 16443 I event /Users/henryliu/obelisk/numeron-worktrees/android-shared-sync/mir2-web3/third_party/bevyMIR2_ANDROID_SURFACE_ATTACHMENT_PROBE frame=7 raw=8 live=true internal=0x8058 size=2340x1080 samples=0 expected=Rgba8Unorm
10-02 15:25:11.941 16421 16442 I RustStdoutStderr: [2m2026-10-02T07:25:11.940959Z[0m [32m INFO[0m [2mbevy_render::view::window[0m[2m:[0m MIR2_ANDROID_SURFACE_ATTACHMENT_PROBE frame=7 raw=8 live=true internal=0x8058 size=2340x1080 samples=0 expected=Rgba8Unorm
10-02 15:25:11.958 16421 16443 I event /Users/henryliu/obelisk/numeron-worktrees/android-shared-sync/mir2-web3/third_party/bevyMIR2_ANDROID_SURFACE_ATTACHMENT_PROBE frame=8 raw=8 live=true internal=0x8058 size=2340x1080 samples=0 expected=Rgba8Unorm
10-02 15:25:11.958 16421 16442 I RustStdoutStderr: [2m2026-10-02T07:25:11.958658Z[0m [32m INFO[0m [2mbevy_render::view::window[0m[2m:[0m MIR2_ANDROID_SURFACE_ATTACHMENT_PROBE frame=8 raw=8 live=true internal=0x8058 size=2340x1080 samples=0 expected=Rgba8Unorm
10-02 15:25:11.974 16421 16443 I event /Users/henryliu/obelisk/numeron-worktrees/android-shared-sync/mir2-web3/third_party/bevyMIR2_ANDROID_SURFACE_ATTACHMENT_PROBE frame=9 raw=8 live=true internal=0x8058 size=2340x1080 samples=0 expected=Rgba8Unorm
10-02 15:25:11.974 16421 16442 I RustStdoutStderr: [2m2026-10-02T07:25:11.974823Z[0m [32m INFO[0m [2mbevy_render::view::window[0m[2m:[0m MIR2_ANDROID_SURFACE_ATTACHMENT_PROBE frame=9 raw=8 live=true internal=0x8058 size=2340x1080 samples=0 expected=Rgba8Unorm
10-02 15:25:11.993 16421 16443 I event /Users/henryliu/obelisk/numeron-worktrees/android-shared-sync/mir2-web3/third_party/bevyMIR2_ANDROID_SURFACE_ATTACHMENT_PROBE frame=10 raw=8 live=true internal=0x8058 size=2340x1080 samples=0 expected=Rgba8Unorm
10-02 15:25:11.993 16421 16442 I RustStdoutStderr: [2m2026-10-02T07:25:11.993633Z[0m [32m INFO[0m [2mbevy_render::view::window[0m[2m:[0m MIR2_ANDROID_SURFACE_ATTACHMENT_PROBE frame=10 raw=8 live=true internal=0x8058 size=2340x1080 samples=0 expected=Rgba8Unorm
10-02 15:25:12.008 16421 16443 I event /Users/henryliu/obelisk/numeron-worktrees/android-shared-sync/mir2-web3/third_party/bevyMIR2_ANDROID_SURFACE_ATTACHMENT_PROBE frame=11 raw=8 live=true internal=0x8058 size=2340x1080 samples=0 expected=Rgba8Unorm
10-02 15:25:12.009 16421 16442 I RustStdoutStderr: [2m2026-10-02T07:25:12.008939Z[0m [32m INFO[0m [2mbevy_render::view::window[0m[2m:[0m MIR2_ANDROID_SURFACE_ATTACHMENT_PROBE frame=11 raw=8 live=true internal=0x8058 size=2340x1080 samples=0 expected=Rgba8Unorm
10-02 15:25:12.025 16421 16443 I event /Users/henryliu/obelisk/numeron-worktrees/android-shared-sync/mir2-web3/third_party/bevyMIR2_ANDROID_SURFACE_ATTACHMENT_PROBE frame=12 raw=8 live=true internal=0x8058 size=2340x1080 samples=0 expected=Rgba8Unorm
10-02 15:25:12.025 16421 16442 I RustStdoutStderr: [2m2026-10-02T07:25:12.025593Z[0m [32m INFO[0m [2mbevy_render::view::window[0m[2m:[0m MIR2_ANDROID_SURFACE_ATTACHMENT_PROBE frame=12 raw=8 live=true internal=0x8058 size=2340x1080 samples=0 expected=Rgba8Unorm
10-02 15:25:12.041 16421 16443 I event /Users/henryliu/obelisk/numeron-worktrees/android-shared-sync/mir2-web3/third_party/bevyMIR2_ANDROID_SURFACE_ATTACHMENT_PROBE frame=13 raw=8 live=true internal=0x8058 size=2340x1080 samples=0 expected=Rgba8Unorm
10-02 15:25:12.041 16421 16442 I RustStdoutStderr: [2m2026-10-02T07:25:12.041290Z[0m [32m INFO[0m [2mbevy_render::view::window[0m[2m:[0m MIR2_ANDROID_SURFACE_ATTACHMENT_PROBE frame=13 raw=8 live=true internal=0x8058 size=2340x1080 samples=0 expected=Rgba8Unorm
10-02 15:25:12.084 16421 16443 I event /Users/henryliu/obelisk/numeron-worktrees/android-shared-sync/mir2-web3/third_party/bevyMIR2_ANDROID_SURFACE_ATTACHMENT_PROBE frame=14 raw=8 live=true internal=0x8058 size=2340x1080 samples=0 expected=Rgba8Unorm
10-02 15:25:12.084 16421 16442 I RustStdoutStderr: [2m2026-10-02T07:25:12.084146Z[0m [32m INFO[0m [2mbevy_render::view::window[0m[2m:[0m MIR2_ANDROID_SURFACE_ATTACHMENT_PROBE frame=14 raw=8 live=true internal=0x8058 size=2340x1080 samples=0 expected=Rgba8Unorm
10-02 15:25:12.105 16421 16443 I event /Users/henryliu/obelisk/numeron-worktrees/android-shared-sync/mir2-web3/third_party/bevyMIR2_ANDROID_SURFACE_ATTACHMENT_PROBE frame=15 raw=8 live=true internal=0x8058 size=2340x1080 samples=0 expected=Rgba8Unorm
10-02 15:25:12.105 16421 16442 I RustStdoutStderr: [2m2026-10-02T07:25:12.105546Z[0m [32m INFO[0m [2mbevy_render::view::window[0m[2m:[0m MIR2_ANDROID_SURFACE_ATTACHMENT_PROBE frame=15 raw=8 live=true internal=0x8058 size=2340x1080 samples=0 expected=Rgba8Unorm
10-02 15:25:12.121 16421 16443 I event /Users/henryliu/obelisk/numeron-worktrees/android-shared-sync/mir2-web3/third_party/bevyMIR2_ANDROID_SURFACE_ATTACHMENT_PROBE frame=16 raw=8 live=true internal=0x8058 size=2340x1080 samples=0 expected=Rgba8Unorm
10-02 15:25:12.121 16421 16442 I RustStdoutStderr: [2m2026-10-02T07:25:12.121415Z[0m [32m INFO[0m [2mbevy_render::view::window[0m[2m:[0m MIR2_ANDROID_SURFACE_ATTACHMENT_PROBE frame=16 raw=8 live=true internal=0x8058 size=2340x1080 samples=0 expected=Rgba8Unorm
10-02 15:25:12.140 16421 16443 I event /Users/henryliu/obelisk/numeron-worktrees/android-shared-sync/mir2-web3/third_party/bevyMIR2_ANDROID_SURFACE_ATTACHMENT_PROBE frame=17 raw=8 live=true internal=0x8058 size=2340x1080 samples=0 expected=Rgba8Unorm
10-02 15:25:12.140 16421 16442 I RustStdoutStderr: [2m2026-10-02T07:25:12.140110Z[0m [32m INFO[0m [2mbevy_render::view::window[0m[2m:[0m MIR2_ANDROID_SURFACE_ATTACHMENT_PROBE frame=17 raw=8 live=true internal=0x8058 size=2340x1080 samples=0 expected=Rgba8Unorm
10-02 15:25:12.156 16421 16443 I event /Users/henryliu/obelisk/numeron-worktrees/android-shared-sync/mir2-web3/third_party/bevyMIR2_ANDROID_SURFACE_ATTACHMENT_PROBE frame=18 raw=8 live=true internal=0x8058 size=2340x1080 samples=0 expected=Rgba8Unorm
10-02 15:25:12.156 16421 16442 I RustStdoutStderr: [2m2026-10-02T07:25:12.156036Z[0m [32m INFO[0m [2mbevy_render::view::window[0m[2m:[0m MIR2_ANDROID_SURFACE_ATTACHMENT_PROBE frame=18 raw=8 live=true internal=0x8058 size=2340x1080 samples=0 expected=Rgba8Unorm
10-02 15:25:12.170 16421 16443 I event /Users/henryliu/obelisk/numeron-worktrees/android-shared-sync/mir2-web3/third_party/bevyMIR2_ANDROID_SURFACE_ATTACHMENT_PROBE frame=19 raw=8 live=true internal=0x8058 size=2340x1080 samples=0 expected=Rgba8Unorm
10-02 15:25:12.170 16421 16442 I RustStdoutStderr: [2m2026-10-02T07:25:12.170788Z[0m [32m INFO[0m [2mbevy_render::view::window[0m[2m:[0m MIR2_ANDROID_SURFACE_ATTACHMENT_PROBE frame=19 raw=8 live=true internal=0x8058 size=2340x1080 samples=0 expected=Rgba8Unorm
10-02 15:25:12.189 16421 16443 I event /Users/henryliu/obelisk/numeron-worktrees/android-shared-sync/mir2-web3/third_party/bevyMIR2_ANDROID_SURFACE_ATTACHMENT_PROBE frame=20 raw=8 live=true internal=0x8058 size=2340x1080 samples=0 expected=Rgba8Unorm
10-02 15:25:12.189 16421 16442 I RustStdoutStderr: [2m2026-10-02T07:25:12.189648Z[0m [32m INFO[0m [2mbevy_render::view::window[0m[2m:[0m MIR2_ANDROID_SURFACE_ATTACHMENT_PROBE frame=20 raw=8 live=true internal=0x8058 size=2340x1080 samples=0 expected=Rgba8Unorm
10-02 15:25:12.207 16421 16443 I event /Users/henryliu/obelisk/numeron-worktrees/android-shared-sync/mir2-web3/third_party/bevyMIR2_ANDROID_SURFACE_ATTACHMENT_PROBE frame=21 raw=8 live=true internal=0x8058 size=2340x1080 samples=0 expected=Rgba8Unorm
10-02 15:25:12.207 16421 16442 I RustStdoutStderr: [2m2026-10-02T07:25:12.207407Z[0m [32m INFO[0m [2mbevy_render::view::window[0m[2m:[0m MIR2_ANDROID_SURFACE_ATTACHMENT_PROBE frame=21 raw=8 live=true internal=0x8058 size=2340x1080 samples=0 expected=Rgba8Unorm
10-02 15:25:12.222 16421 16443 I event /Users/henryliu/obelisk/numeron-worktrees/android-shared-sync/mir2-web3/third_party/bevyMIR2_ANDROID_SURFACE_ATTACHMENT_PROBE frame=22 raw=8 live=true internal=0x8058 size=2340x1080 samples=0 expected=Rgba8Unorm
10-02 15:25:12.222 16421 16442 I RustStdoutStderr: [2m2026-10-02T07:25:12.222679Z[0m [32m INFO[0m [2mbevy_render::view::window[0m[2m:[0m MIR2_ANDROID_SURFACE_ATTACHMENT_PROBE frame=22 raw=8 live=true internal=0x8058 size=2340x1080 samples=0 expected=Rgba8Unorm
10-02 15:25:12.238 16421 16443 I event /Users/henryliu/obelisk/numeron-worktrees/android-shared-sync/mir2-web3/third_party/bevyMIR2_ANDROID_SURFACE_ATTACHMENT_PROBE frame=23 raw=8 live=true internal=0x8058 size=2340x1080 samples=0 expected=Rgba8Unorm
10-02 15:25:12.238 16421 16442 I RustStdoutStderr: [2m2026-10-02T07:25:12.238043Z[0m [32m INFO[0m [2mbevy_render::view::window[0m[2m:[0m MIR2_ANDROID_SURFACE_ATTACHMENT_PROBE frame=23 raw=8 live=true internal=0x8058 size=2340x1080 samples=0 expected=Rgba8Unorm
10-02 15:25:12.252 16421 16443 I event /Users/henryliu/obelisk/numeron-worktrees/android-shared-sync/mir2-web3/third_party/bevyMIR2_ANDROID_SURFACE_ATTACHMENT_PROBE frame=24 raw=8 live=true internal=0x8058 size=2340x1080 samples=0 expected=Rgba8Unorm
10-02 15:25:12.252 16421 16442 I RustStdoutStderr: [2m2026-10-02T07:25:12.252734Z[0m [32m INFO[0m [2mbevy_render::view::window[0m[2m:[0m MIR2_ANDROID_SURFACE_ATTACHMENT_PROBE frame=24 raw=8 live=true internal=0x8058 size=2340x1080 samples=0 expected=Rgba8Unorm
10-02 15:25:12.267 16421 16443 I event /Users/henryliu/obelisk/numeron-worktrees/android-shared-sync/mir2-web3/third_party/bevyMIR2_ANDROID_SURFACE_ATTACHMENT_PROBE frame=25 raw=8 live=true internal=0x8058 size=2340x1080 samples=0 expected=Rgba8Unorm
10-02 15:25:12.267 16421 16442 I RustStdoutStderr: [2m2026-10-02T07:25:12.267356Z[0m [32m INFO[0m [2mbevy_render::view::window[0m[2m:[0m MIR2_ANDROID_SURFACE_ATTACHMENT_PROBE frame=25 raw=8 live=true internal=0x8058 size=2340x1080 samples=0 expected=Rgba8Unorm
10-02 15:25:12.282 16421 16443 I event /Users/henryliu/obelisk/numeron-worktrees/android-shared-sync/mir2-web3/third_party/bevyMIR2_ANDROID_SURFACE_ATTACHMENT_PROBE frame=26 raw=8 live=true internal=0x8058 size=2340x1080 samples=0 expected=Rgba8Unorm
10-02 15:25:12.282 16421 16442 I RustStdoutStderr: [2m2026-10-02T07:25:12.282839Z[0m [32m INFO[0m [2mbevy_render::view::window[0m[2m:[0m MIR2_ANDROID_SURFACE_ATTACHMENT_PROBE frame=26 raw=8 live=true internal=0x8058 size=2340x1080 samples=0 expected=Rgba8Unorm
10-02 15:25:12.297 16421 16443 I event /Users/henryliu/obelisk/numeron-worktrees/android-shared-sync/mir2-web3/third_party/bevyMIR2_ANDROID_SURFACE_ATTACHMENT_PROBE frame=27 raw=8 live=true internal=0x8058 size=2340x1080 samples=0 expected=Rgba8Unorm
10-02 15:25:12.297 16421 16442 I RustStdoutStderr: [2m2026-10-02T07:25:12.297222Z[0m [32m INFO[0m [2mbevy_render::view::window[0m[2m:[0m MIR2_ANDROID_SURFACE_ATTACHMENT_PROBE frame=27 raw=8 live=true internal=0x8058 size=2340x1080 samples=0 expected=Rgba8Unorm
10-02 15:25:12.310 16421 16443 I event /Users/henryliu/obelisk/numeron-worktrees/android-shared-sync/mir2-web3/third_party/bevyMIR2_ANDROID_SURFACE_ATTACHMENT_PROBE frame=28 raw=8 live=true internal=0x8058 size=2340x1080 samples=0 expected=Rgba8Unorm
10-02 15:25:12.310 16421 16442 I RustStdoutStderr: [2m2026-10-02T07:25:12.310477Z[0m [32m INFO[0m [2mbevy_render::view::window[0m[2m:[0m MIR2_ANDROID_SURFACE_ATTACHMENT_PROBE frame=28 raw=8 live=true internal=0x8058 size=2340x1080 samples=0 expected=Rgba8Unorm
10-02 15:25:12.326 16421 16443 I event /Users/henryliu/obelisk/numeron-worktrees/android-shared-sync/mir2-web3/third_party/bevyMIR2_ANDROID_SURFACE_ATTACHMENT_PROBE frame=29 raw=8 live=true internal=0x8058 size=2340x1080 samples=0 expected=Rgba8Unorm
10-02 15:25:12.326 16421 16442 I RustStdoutStderr: [2m2026-10-02T07:25:12.326780Z[0m [32m INFO[0m [2mbevy_render::view::window[0m[2m:[0m MIR2_ANDROID_SURFACE_ATTACHMENT_PROBE frame=29 raw=8 live=true internal=0x8058 size=2340x1080 samples=0 expected=Rgba8Unorm
10-02 15:25:12.341 16421 16443 I event /Users/henryliu/obelisk/numeron-worktrees/android-shared-sync/mir2-web3/third_party/bevyMIR2_ANDROID_SURFACE_ATTACHMENT_PROBE frame=30 raw=8 live=true internal=0x8058 size=2340x1080 samples=0 expected=Rgba8Unorm
10-02 15:25:12.341 16421 16442 I RustStdoutStderr: [2m2026-10-02T07:25:12.341450Z[0m [32m INFO[0m [2mbevy_render::view::window[0m[2m:[0m MIR2_ANDROID_SURFACE_ATTACHMENT_PROBE frame=30 raw=8 live=true internal=0x8058 size=2340x1080 samples=0 expected=Rgba8Unorm
10-02 15:25:12.359 16421 16443 I event /Users/henryliu/obelisk/numeron-worktrees/android-shared-sync/mir2-web3/third_party/bevyMIR2_ANDROID_SURFACE_ATTACHMENT_PROBE frame=31 raw=8 live=true internal=0x8058 size=2340x1080 samples=0 expected=Rgba8Unorm
10-02 15:25:12.359 16421 16442 I RustStdoutStderr: [2m2026-10-02T07:25:12.359192Z[0m [32m INFO[0m [2mbevy_render::view::window[0m[2m:[0m MIR2_ANDROID_SURFACE_ATTACHMENT_PROBE frame=31 raw=8 live=true internal=0x8058 size=2340x1080 samples=0 expected=Rgba8Unorm
10-02 15:25:12.375 16421 16443 I event /Users/henryliu/obelisk/numeron-worktrees/android-shared-sync/mir2-web3/third_party/bevyMIR2_ANDROID_SURFACE_ATTACHMENT_PROBE frame=32 raw=8 live=true internal=0x8058 size=2340x1080 samples=0 expected=Rgba8Unorm
10-02 15:25:12.375 16421 16442 I RustStdoutStderr: [2m2026-10-02T07:25:12.375669Z[0m [32m INFO[0m [2mbevy_render::view::window[0m[2m:[0m MIR2_ANDROID_SURFACE_ATTACHMENT_PROBE frame=32 raw=8 live=true internal=0x8058 size=2340x1080 samples=0 expected=Rgba8Unorm
10-02 15:25:12.392 16421 16443 I event /Users/henryliu/obelisk/numeron-worktrees/android-shared-sync/mir2-web3/third_party/bevyMIR2_ANDROID_SURFACE_ATTACHMENT_PROBE frame=33 raw=8 live=true internal=0x8058 size=2340x1080 samples=0 expected=Rgba8Unorm
10-02 15:25:12.393 16421 16442 I RustStdoutStderr: [2m2026-10-02T07:25:12.392880Z[0m [32m INFO[0m [2mbevy_render::view::window[0m[2m:[0m MIR2_ANDROID_SURFACE_ATTACHMENT_PROBE frame=33 raw=8 live=true internal=0x8058 size=2340x1080 samples=0 expected=Rgba8Unorm
10-02 15:25:12.408 16421 16443 I event /Users/henryliu/obelisk/numeron-worktrees/android-shared-sync/mir2-web3/third_party/bevyMIR2_ANDROID_SURFACE_ATTACHMENT_PROBE frame=34 raw=8 live=true internal=0x8058 size=2340x1080 samples=0 expected=Rgba8Unorm
10-02 15:25:12.408 16421 16442 I RustStdoutStderr: [2m2026-10-02T07:25:12.408388Z[0m [32m INFO[0m [2mbevy_render::view::window[0m[2m:[0m MIR2_ANDROID_SURFACE_ATTACHMENT_PROBE frame=34 raw=8 live=true internal=0x8058 size=2340x1080 samples=0 expected=Rgba8Unorm
10-02 15:25:12.426 16421 16443 I event /Users/henryliu/obelisk/numeron-worktrees/android-shared-sync/mir2-web3/third_party/bevyMIR2_ANDROID_SURFACE_ATTACHMENT_PROBE frame=35 raw=8 live=true internal=0x8058 size=2340x1080 samples=0 expected=Rgba8Unorm
10-02 15:25:12.426 16421 16442 I RustStdoutStderr: [2m2026-10-02T07:25:12.426672Z[0m [32m INFO[0m [2mbevy_render::view::window[0m[2m:[0m MIR2_ANDROID_SURFACE_ATTACHMENT_PROBE frame=35 raw=8 live=true internal=0x8058 size=2340x1080 samples=0 expected=Rgba8Unorm
10-02 15:25:12.442 16421 16443 I event /Users/henryliu/obelisk/numeron-worktrees/android-shared-sync/mir2-web3/third_party/bevyMIR2_ANDROID_SURFACE_ATTACHMENT_PROBE frame=36 raw=8 live=true internal=0x8058 size=2340x1080 samples=0 expected=Rgba8Unorm
10-02 15:25:12.442 16421 16442 I RustStdoutStderr: [2m2026-10-02T07:25:12.442270Z[0m [32m INFO[0m [2mbevy_render::view::window[0m[2m:[0m MIR2_ANDROID_SURFACE_ATTACHMENT_PROBE frame=36 raw=8 live=true internal=0x8058 size=2340x1080 samples=0 expected=Rgba8Unorm
10-02 15:25:12.459 16421 16443 I event /Users/henryliu/obelisk/numeron-worktrees/android-shared-sync/mir2-web3/third_party/bevyMIR2_ANDROID_SURFACE_ATTACHMENT_PROBE frame=37 raw=8 live=true internal=0x8058 size=2340x1080 samples=0 expected=Rgba8Unorm
10-02 15:25:12.459 16421 16442 I RustStdoutStderr: [2m2026-10-02T07:25:12.459087Z[0m [32m INFO[0m [2mbevy_render::view::window[0m[2m:[0m MIR2_ANDROID_SURFACE_ATTACHMENT_PROBE frame=37 raw=8 live=true internal=0x8058 size=2340x1080 samples=0 expected=Rgba8Unorm
10-02 15:25:12.475 16421 16443 I event /Users/henryliu/obelisk/numeron-worktrees/android-shared-sync/mir2-web3/third_party/bevyMIR2_ANDROID_SURFACE_ATTACHMENT_PROBE frame=38 raw=8 live=true internal=0x8058 size=2340x1080 samples=0 expected=Rgba8Unorm
10-02 15:25:12.475 16421 16442 I RustStdoutStderr: [2m2026-10-02T07:25:12.475836Z[0m [32m INFO[0m [2mbevy_render::view::window[0m[2m:[0m MIR2_ANDROID_SURFACE_ATTACHMENT_PROBE frame=38 raw=8 live=true internal=0x8058 size=2340x1080 samples=0 expected=Rgba8Unorm
10-02 15:25:12.493 16421 16443 I event /Users/henryliu/obelisk/numeron-worktrees/android-shared-sync/mir2-web3/third_party/bevyMIR2_ANDROID_SURFACE_ATTACHMENT_PROBE frame=39 raw=8 live=true internal=0x8058 size=2340x1080 samples=0 expected=Rgba8Unorm
10-02 15:25:12.494 16421 16442 I RustStdoutStderr: [2m2026-10-02T07:25:12.493860Z[0m [32m INFO[0m [2mbevy_render::view::window[0m[2m:[0m MIR2_ANDROID_SURFACE_ATTACHMENT_PROBE frame=39 raw=8 live=true internal=0x8058 size=2340x1080 samples=0 expected=Rgba8Unorm
10-02 15:25:12.509 16421 16443 I event /Users/henryliu/obelisk/numeron-worktrees/android-shared-sync/mir2-web3/third_party/bevyMIR2_ANDROID_SURFACE_ATTACHMENT_PROBE frame=40 raw=8 live=true internal=0x8058 size=2340x1080 samples=0 expected=Rgba8Unorm
10-02 15:25:12.509 16421 16442 I RustStdoutStderr: [2m2026-10-02T07:25:12.509298Z[0m [32m INFO[0m [2mbevy_render::view::window[0m[2m:[0m MIR2_ANDROID_SURFACE_ATTACHMENT_PROBE frame=40 raw=8 live=true internal=0x8058 size=2340x1080 samples=0 expected=Rgba8Unorm
10-02 15:25:12.525 16421 16443 I event /Users/henryliu/obelisk/numeron-worktrees/android-shared-sync/mir2-web3/third_party/bevyMIR2_ANDROID_SURFACE_ATTACHMENT_PROBE frame=41 raw=8 live=true internal=0x8058 size=2340x1080 samples=0 expected=Rgba8Unorm
10-02 15:25:12.525 16421 16442 I RustStdoutStderr: [2m2026-10-02T07:25:12.525495Z[0m [32m INFO[0m [2mbevy_render::view::window[0m[2m:[0m MIR2_ANDROID_SURFACE_ATTACHMENT_PROBE frame=41 raw=8 live=true internal=0x8058 size=2340x1080 samples=0 expected=Rgba8Unorm
10-02 15:25:12.541 16421 16443 I event /Users/henryliu/obelisk/numeron-worktrees/android-shared-sync/mir2-web3/third_party/bevyMIR2_ANDROID_SURFACE_ATTACHMENT_PROBE frame=42 raw=8 live=true internal=0x8058 size=2340x1080 samples=0 expected=Rgba8Unorm
10-02 15:25:12.541 16421 16442 I RustStdoutStderr: [2m2026-10-02T07:25:12.541527Z[0m [32m INFO[0m [2mbevy_render::view::window[0m[2m:[0m MIR2_ANDROID_SURFACE_ATTACHMENT_PROBE frame=42 raw=8 live=true internal=0x8058 size=2340x1080 samples=0 expected=Rgba8Unorm
10-02 15:25:12.560 16421 16443 I event /Users/henryliu/obelisk/numeron-worktrees/android-shared-sync/mir2-web3/third_party/bevyMIR2_ANDROID_SURFACE_ATTACHMENT_PROBE frame=43 raw=8 live=true internal=0x8058 size=2340x1080 samples=0 expected=Rgba8Unorm
10-02 15:25:12.560 16421 16442 I RustStdoutStderr: [2m2026-10-02T07:25:12.560394Z[0m [32m INFO[0m [2mbevy_render::view::window[0m[2m:[0m MIR2_ANDROID_SURFACE_ATTACHMENT_PROBE frame=43 raw=8 live=true internal=0x8058 size=2340x1080 samples=0 expected=Rgba8Unorm
10-02 15:25:12.575 16421 16443 I event /Users/henryliu/obelisk/numeron-worktrees/android-shared-sync/mir2-web3/third_party/bevyMIR2_ANDROID_SURFACE_ATTACHMENT_PROBE frame=44 raw=8 live=true internal=0x8058 size=2340x1080 samples=0 expected=Rgba8Unorm
10-02 15:25:12.576 16421 16442 I RustStdoutStderr: [2m2026-10-02T07:25:12.575939Z[0m [32m INFO[0m [2mbevy_render::view::window[0m[2m:[0m MIR2_ANDROID_SURFACE_ATTACHMENT_PROBE frame=44 raw=8 live=true internal=0x8058 size=2340x1080 samples=0 expected=Rgba8Unorm
10-02 15:25:12.593 16421 16443 I event /Users/henryliu/obelisk/numeron-worktrees/android-shared-sync/mir2-web3/third_party/bevyMIR2_ANDROID_SURFACE_ATTACHMENT_PROBE frame=45 raw=8 live=true internal=0x8058 size=2340x1080 samples=0 expected=Rgba8Unorm
10-02 15:25:12.593 16421 16442 I RustStdoutStderr: [2m2026-10-02T07:25:12.593774Z[0m [32m INFO[0m [2mbevy_render::view::window[0m[2m:[0m MIR2_ANDROID_SURFACE_ATTACHMENT_PROBE frame=45 raw=8 live=true internal=0x8058 size=2340x1080 samples=0 expected=Rgba8Unorm
10-02 15:25:12.609 16421 16443 I event /Users/henryliu/obelisk/numeron-worktrees/android-shared-sync/mir2-web3/third_party/bevyMIR2_ANDROID_SURFACE_ATTACHMENT_PROBE frame=46 raw=8 live=true internal=0x8058 size=2340x1080 samples=0 expected=Rgba8Unorm
10-02 15:25:12.609 16421 16442 I RustStdoutStderr: [2m2026-10-02T07:25:12.609410Z[0m [32m INFO[0m [2mbevy_render::view::window[0m[2m:[0m MIR2_ANDROID_SURFACE_ATTACHMENT_PROBE frame=46 raw=8 live=true internal=0x8058 size=2340x1080 samples=0 expected=Rgba8Unorm
10-02 15:25:12.626 16421 16443 I event /Users/henryliu/obelisk/numeron-worktrees/android-shared-sync/mir2-web3/third_party/bevyMIR2_ANDROID_SURFACE_ATTACHMENT_PROBE frame=47 raw=8 live=true internal=0x8058 size=2340x1080 samples=0 expected=Rgba8Unorm
10-02 15:25:12.626 16421 16442 I RustStdoutStderr: [2m2026-10-02T07:25:12.626251Z[0m [32m INFO[0m [2mbevy_render::view::window[0m[2m:[0m MIR2_ANDROID_SURFACE_ATTACHMENT_PROBE frame=47 raw=8 live=true internal=0x8058 size=2340x1080 samples=0 expected=Rgba8Unorm
10-02 15:25:12.641 16421 16443 I event /Users/henryliu/obelisk/numeron-worktrees/android-shared-sync/mir2-web3/third_party/bevyMIR2_ANDROID_SURFACE_ATTACHMENT_PROBE frame=48 raw=8 live=true internal=0x8058 size=2340x1080 samples=0 expected=Rgba8Unorm
10-02 15:25:12.641 16421 16442 I RustStdoutStderr: [2m2026-10-02T07:25:12.641482Z[0m [32m INFO[0m [2mbevy_render::view::window[0m[2m:[0m MIR2_ANDROID_SURFACE_ATTACHMENT_PROBE frame=48 raw=8 live=true internal=0x8058 size=2340x1080 samples=0 expected=Rgba8Unorm
10-02 15:25:12.658 16421 16443 I event /Users/henryliu/obelisk/numeron-worktrees/android-shared-sync/mir2-web3/third_party/bevyMIR2_ANDROID_SURFACE_ATTACHMENT_PROBE frame=49 raw=8 live=true internal=0x8058 size=2340x1080 samples=0 expected=Rgba8Unorm
10-02 15:25:12.658 16421 16442 I RustStdoutStderr: [2m2026-10-02T07:25:12.658536Z[0m [32m INFO[0m [2mbevy_render::view::window[0m[2m:[0m MIR2_ANDROID_SURFACE_ATTACHMENT_PROBE frame=49 raw=8 live=true internal=0x8058 size=2340x1080 samples=0 expected=Rgba8Unorm
10-02 15:25:12.674 16421 16443 I event /Users/henryliu/obelisk/numeron-worktrees/android-shared-sync/mir2-web3/third_party/bevyMIR2_ANDROID_SURFACE_ATTACHMENT_PROBE frame=50 raw=8 live=true internal=0x8058 size=2340x1080 samples=0 expected=Rgba8Unorm
10-02 15:25:12.674 16421 16442 I RustStdoutStderr: [2m2026-10-02T07:25:12.674784Z[0m [32m INFO[0m [2mbevy_render::view::window[0m[2m:[0m MIR2_ANDROID_SURFACE_ATTACHMENT_PROBE frame=50 raw=8 live=true internal=0x8058 size=2340x1080 samples=0 expected=Rgba8Unorm
10-02 15:25:12.693 16421 16443 I event /Users/henryliu/obelisk/numeron-worktrees/android-shared-sync/mir2-web3/third_party/bevyMIR2_ANDROID_SURFACE_ATTACHMENT_PROBE frame=51 raw=8 live=true internal=0x8058 size=2340x1080 samples=0 expected=Rgba8Unorm
10-02 15:25:12.693 16421 16442 I RustStdoutStderr: [2m2026-10-02T07:25:12.693411Z[0m [32m INFO[0m [2mbevy_render::view::window[0m[2m:[0m MIR2_ANDROID_SURFACE_ATTACHMENT_PROBE frame=51 raw=8 live=true internal=0x8058 size=2340x1080 samples=0 expected=Rgba8Unorm
10-02 15:25:12.711 16421 16443 I event /Users/henryliu/obelisk/numeron-worktrees/android-shared-sync/mir2-web3/third_party/bevyMIR2_ANDROID_SURFACE_ATTACHMENT_PROBE frame=52 raw=8 live=true internal=0x8058 size=2340x1080 samples=0 expected=Rgba8Unorm
10-02 15:25:12.711 16421 16442 I RustStdoutStderr: [2m2026-10-02T07:25:12.711746Z[0m [32m INFO[0m [2mbevy_render::view::window[0m[2m:[0m MIR2_ANDROID_SURFACE_ATTACHMENT_PROBE frame=52 raw=8 live=true internal=0x8058 size=2340x1080 samples=0 expected=Rgba8Unorm
10-02 15:25:12.727 16421 16443 I event /Users/henryliu/obelisk/numeron-worktrees/android-shared-sync/mir2-web3/third_party/bevyMIR2_ANDROID_SURFACE_ATTACHMENT_PROBE frame=53 raw=8 live=true internal=0x8058 size=2340x1080 samples=0 expected=Rgba8Unorm
10-02 15:25:12.728 16421 16442 I RustStdoutStderr: [2m2026-10-02T07:25:12.727891Z[0m [32m INFO[0m [2mbevy_render::view::window[0m[2m:[0m MIR2_ANDROID_SURFACE_ATTACHMENT_PROBE frame=53 raw=8 live=true internal=0x8058 size=2340x1080 samples=0 expected=Rgba8Unorm
10-02 15:25:12.745 16421 16443 I event /Users/henryliu/obelisk/numeron-worktrees/android-shared-sync/mir2-web3/third_party/bevyMIR2_ANDROID_SURFACE_ATTACHMENT_PROBE frame=54 raw=8 live=true internal=0x8058 size=2340x1080 samples=0 expected=Rgba8Unorm
10-02 15:25:12.745 16421 16442 I RustStdoutStderr: [2m2026-10-02T07:25:12.745651Z[0m [32m INFO[0m [2mbevy_render::view::window[0m[2m:[0m MIR2_ANDROID_SURFACE_ATTACHMENT_PROBE frame=54 raw=8 live=true internal=0x8058 size=2340x1080 samples=0 expected=Rgba8Unorm
10-02 15:25:12.760 16421 16443 I event /Users/henryliu/obelisk/numeron-worktrees/android-shared-sync/mir2-web3/third_party/bevyMIR2_ANDROID_SURFACE_ATTACHMENT_PROBE frame=55 raw=8 live=true internal=0x8058 size=2340x1080 samples=0 expected=Rgba8Unorm
10-02 15:25:12.760 16421 16442 I RustStdoutStderr: [2m2026-10-02T07:25:12.760179Z[0m [32m INFO[0m [2mbevy_render::view::window[0m[2m:[0m MIR2_ANDROID_SURFACE_ATTACHMENT_PROBE frame=55 raw=8 live=true internal=0x8058 size=2340x1080 samples=0 expected=Rgba8Unorm
10-02 15:25:12.774 16421 16443 I event /Users/henryliu/obelisk/numeron-worktrees/android-shared-sync/mir2-web3/third_party/bevyMIR2_ANDROID_SURFACE_ATTACHMENT_PROBE frame=56 raw=8 live=true internal=0x8058 size=2340x1080 samples=0 expected=Rgba8Unorm
10-02 15:25:12.774 16421 16442 I RustStdoutStderr: [2m2026-10-02T07:25:12.774415Z[0m [32m INFO[0m [2mbevy_render::view::window[0m[2m:[0m MIR2_ANDROID_SURFACE_ATTACHMENT_PROBE frame=56 raw=8 live=true internal=0x8058 size=2340x1080 samples=0 expected=Rgba8Unorm
10-02 15:25:12.793 16421 16443 I event /Users/henryliu/obelisk/numeron-worktrees/android-shared-sync/mir2-web3/third_party/bevyMIR2_ANDROID_SURFACE_ATTACHMENT_PROBE frame=57 raw=8 live=true internal=0x8058 size=2340x1080 samples=0 expected=Rgba8Unorm
10-02 15:25:12.793 16421 16442 I RustStdoutStderr: [2m2026-10-02T07:25:12.793515Z[0m [32m INFO[0m [2mbevy_render::view::window[0m[2m:[0m MIR2_ANDROID_SURFACE_ATTACHMENT_PROBE frame=57 raw=8 live=true internal=0x8058 size=2340x1080 samples=0 expected=Rgba8Unorm
10-02 15:25:12.809 16421 16443 I event /Users/henryliu/obelisk/numeron-worktrees/android-shared-sync/mir2-web3/third_party/bevyMIR2_ANDROID_SURFACE_ATTACHMENT_PROBE frame=58 raw=8 live=true internal=0x8058 size=2340x1080 samples=0 expected=Rgba8Unorm
10-02 15:25:12.809 16421 16442 I RustStdoutStderr: [2m2026-10-02T07:25:12.808987Z[0m [32m INFO[0m [2mbevy_render::view::window[0m[2m:[0m MIR2_ANDROID_SURFACE_ATTACHMENT_PROBE frame=58 raw=8 live=true internal=0x8058 size=2340x1080 samples=0 expected=Rgba8Unorm
10-02 15:25:12.824 16421 16443 I event /Users/henryliu/obelisk/numeron-worktrees/android-shared-sync/mir2-web3/third_party/bevyMIR2_ANDROID_SURFACE_ATTACHMENT_PROBE frame=59 raw=8 live=true internal=0x8058 size=2340x1080 samples=0 expected=Rgba8Unorm
10-02 15:25:12.824 16421 16442 I RustStdoutStderr: [2m2026-10-02T07:25:12.824816Z[0m [32m INFO[0m [2mbevy_render::view::window[0m[2m:[0m MIR2_ANDROID_SURFACE_ATTACHMENT_PROBE frame=59 raw=8 live=true internal=0x8058 size=2340x1080 samples=0 expected=Rgba8Unorm
10-02 15:25:12.842 16421 16443 I event /Users/henryliu/obelisk/numeron-worktrees/android-shared-sync/mir2-web3/third_party/bevyMIR2_ANDROID_SURFACE_ATTACHMENT_PROBE frame=60 raw=8 live=true internal=0x8058 size=2340x1080 samples=0 expected=Rgba8Unorm
10-02 15:25:12.843 16421 16442 I RustStdoutStderr: [2m2026-10-02T07:25:12.842910Z[0m [32m INFO[0m [2mbevy_render::view::window[0m[2m:[0m MIR2_ANDROID_SURFACE_ATTACHMENT_PROBE frame=60 raw=8 live=true internal=0x8058 size=2340x1080 samples=0 expected=Rgba8Unorm
10-02 15:25:12.846 16421 16443 D EGL_emulation: app_time_stats: avg=16.03ms min=12.98ms max=52.40ms count=60
10-02 15:25:12.858 16421 16443 I event /Users/henryliu/obelisk/numeron-worktrees/android-shared-sync/mir2-web3/third_party/bevyMIR2_ANDROID_SURFACE_ATTACHMENT_PROBE frame=61 raw=8 live=true internal=0x8058 size=2340x1080 samples=0 expected=Rgba8Unorm
10-02 15:25:12.859 16421 16442 I RustStdoutStderr: [2m2026-10-02T07:25:12.858865Z[0m [32m INFO[0m [2mbevy_render::view::window[0m[2m:[0m MIR2_ANDROID_SURFACE_ATTACHMENT_PROBE frame=61 raw=8 live=true internal=0x8058 size=2340x1080 samples=0 expected=Rgba8Unorm
10-02 15:25:12.874 16421 16443 I event /Users/henryliu/obelisk/numeron-worktrees/android-shared-sync/mir2-web3/third_party/bevyMIR2_ANDROID_SURFACE_ATTACHMENT_PROBE frame=62 raw=8 live=true internal=0x8058 size=2340x1080 samples=0 expected=Rgba8Unorm
10-02 15:25:12.874 16421 16442 I RustStdoutStderr: [2m2026-10-02T07:25:12.874831Z[0m [32m INFO[0m [2mbevy_render::view::window[0m[2m:[0m MIR2_ANDROID_SURFACE_ATTACHMENT_PROBE frame=62 raw=8 live=true internal=0x8058 size=2340x1080 samples=0 expected=Rgba8Unorm
10-02 15:25:12.894 16421 16443 I event /Users/henryliu/obelisk/numeron-worktrees/android-shared-sync/mir2-web3/third_party/bevyMIR2_ANDROID_SURFACE_ATTACHMENT_PROBE frame=63 raw=8 live=true internal=0x8058 size=2340x1080 samples=0 expected=Rgba8Unorm
10-02 15:25:12.894 16421 16442 I RustStdoutStderr: [2m2026-10-02T07:25:12.894441Z[0m [32m INFO[0m [2mbevy_render::view::window[0m[2m:[0m MIR2_ANDROID_SURFACE_ATTACHMENT_PROBE frame=63 raw=8 live=true internal=0x8058 size=2340x1080 samples=0 expected=Rgba8Unorm
10-02 15:25:13.862 16421 16443 D EGL_emulation: app_time_stats: avg=13.74ms min=12.56ms max=16.88ms count=61
10-02 15:25:14.865 16421 16443 D EGL_emulation: app_time_stats: avg=13.14ms min=11.75ms max=16.85ms count=60
10-02 15:25:15.868 16421 16443 D EGL_emulation: app_time_stats: avg=13.04ms min=12.16ms max=19.65ms count=60
