--------- beginning of main
10-02 16:25:01.149 17096 17096 I .web3.uiprevie: Late-enabling -Xcheck:jni
10-02 16:25:01.182 17096 17096 D CompatibilityChangeReporter: Compat change id reported: 171979766; UID 10146; state: ENABLED
10-02 16:25:01.217 17096 17096 V GraphicsEnvironment: ANGLE Developer option for 'com.mir2.web3.uipreview' set to: 'default'
10-02 16:25:01.217 17096 17096 V GraphicsEnvironment: Neither updatable production driver nor prerelease driver is supported.
10-02 16:25:01.218 17096 17096 D NetworkSecurityConfig: No Network Security Config specified, using platform default
10-02 16:25:01.218 17096 17096 D NetworkSecurityConfig: No Network Security Config specified, using platform default
10-02 16:25:01.261 17096 17117 D libEGL  : loaded /vendor/lib64/egl/libEGL_emulation.so
10-02 16:25:01.262 17096 17117 D libEGL  : loaded /vendor/lib64/egl/libGLESv1_CM_emulation.so
10-02 16:25:01.266 17096 17117 D libEGL  : loaded /vendor/lib64/egl/libGLESv2_emulation.so
10-02 16:25:01.276 17096 17096 D AppCompatDelegate: Checking for metadata for AppLocalesMetadataHolderService : Service not found
10-02 16:25:01.287 17096 17096 D gti.InputConnection: InputConnection created
10-02 16:25:01.289 17096 17096 D gti.InputConnection: setEditorInfo
10-02 16:25:01.291 17096 17096 W .web3.uiprevie: Accessing hidden method Landroid/view/ViewGroup;->makeOptionalFitsSystemWindows()V (unsupported, reflection, allowed)
10-02 16:25:01.292 17096 17096 I GameActivity: Looking for library libmir2_platform_android.so
10-02 16:25:01.292 17096 17096 I GameActivity: Found library libmir2_platform_android.so. Loading...
10-02 16:25:01.294 17096 17096 D GameActivity: GameActivity_register
10-02 16:25:01.294 17096 17096 V GameActivity: Registering com/google/androidgamesdk/GameActivity's 24 native methods...
10-02 16:25:01.294 17096 17096 D GameActivity: SDK version: 31
10-02 16:25:01.294 17096 17096 I android-activity: Creating: Activity = 0x1696, saved state size = 0
10-02 16:25:01.297 17096 17096 V threaded_app: Creating: 0xb400007535841870
10-02 16:25:01.297 17096 17096 V threaded_app: Callbacks set: 0xb4000075358418c0
10-02 16:25:01.297 17096 17096 V threaded_app: Launching android_app_entry in a thread
10-02 16:25:01.298 17096 17119 V threaded_app: android_app_entry called
10-02 16:25:01.298 17096 17119 V threaded_app: android_app = 0xb400007515843290
10-02 16:25:01.298 17096 17119 V threaded_app: config = 0xb400007485854980
10-02 16:25:01.298 17096 17119 V threaded_app: activity = 0xb400007535841870
10-02 16:25:01.298 17096 17119 V threaded_app: assetmanager = 0xb40000753583d3b0
10-02 16:25:01.298 17096 17119 V threaded_app: Config: mcc=310 mnc=260 lang=en cnt=US orien=2 touch=3 dens=440 keys=2 nav=2 keysHid=1 navHid=0 sdk=31 size=2 long=2 modetype=1 modenight=1
10-02 16:25:01.313 17096 17119 D HostConnection: createUnique: call
10-02 16:25:01.315 17096 17119 D HostConnection: HostConnection::get() New Host Connection established 0xb4000074d58345d0, tid 17119
10-02 16:25:01.316 17096 17119 D HostConnection: HostComposition ext ANDROID_EMU_CHECKSUM_HELPER_v1 ANDROID_EMU_native_sync_v2 ANDROID_EMU_native_sync_v3 ANDROID_EMU_native_sync_v4 ANDROID_EMU_dma_v1 ANDROID_EMU_direct_mem ANDROID_EMU_host_composition_v1 ANDROID_EMU_host_composition_v2 ANDROID_EMU_vulkan ANDROID_EMU_deferred_vulkan_commands ANDROID_EMU_vulkan_null_optional_strings ANDROID_EMU_vulkan_create_resources_with_requirements ANDROID_EMU_YUV_Cache ANDROID_EMU_vulkan_ignored_handles ANDROID_EMU_has_shared_slots_host_memory_allocator ANDROID_EMU_vulkan_free_memory_sync ANDROID_EMU_vulkan_shader_float16_int8 ANDROID_EMU_vulkan_async_queue_submit ANDROID_EMU_vulkan_queue_submit_with_commands ANDROID_EMU_sync_buffer_data ANDROID_EMU_vulkan_async_qsri ANDROID_EMU_read_color_buffer_dma ANDROID_EMU_hwc_color_transform GL_OES_EGL_image_external_essl3 GL_OES_vertex_array_object ANDROID_EMU_host_side_tracing ANDROID_EMU_gles_max_version_3_0 
10-02 16:25:01.318 17096 17119 D EGL_emulation: eglCreateContext: 0xb4000074d58339d0: maj 3 min 0 rcv 3
10-02 16:25:01.320 17096 17119 D EGL_emulation: eglMakeCurrent: 0xb4000074d58339d0: ver 3 0 (tinfo 0x76fbc37080) (first time)
10-02 16:25:01.335 17096 17119 I event /Users/henryliu/obelisk/numeron-worktrees/android-shared-sync/mir2-web3/third_party/bevyAdapterInfo { name: "Android Emulator OpenGL ES Translator (Apple M1 Max)", vendor: 4203, device: 0, device_type: IntegratedGpu, device_pci_bus_id: "", driver: "", driver_info: "OpenGL ES 3.0 (4.1 Metal - 89.4)", backend: Gl, subgroup_min_size: 4, subgroup_max_size: 128, transient_saves_memory: false }
10-02 16:25:01.335 17096 17118 I RustStdoutStderr: [2m2026-10-02T08:25:01.335460Z[0m [32m INFO[0m [2mbevy_render::renderer[0m[2m:[0m AdapterInfo { name: "Android Emulator OpenGL ES Translator (Apple M1 Max)", vendor: 4203, device: 0, device_type: IntegratedGpu, device_pci_bus_id: "", driver: "", driver_info: "OpenGL ES 3.0 (4.1 Metal - 89.4)", backend: Gl, subgroup_min_size: 4, subgroup_max_size: 128, transient_saves_memory: false }
10-02 16:25:01.339 17096 17096 V GameActivity: onStart_native
10-02 16:25:01.339 17096 17096 V threaded_app: Start: 0xb400007535841870
10-02 16:25:01.402 17096 17119 I event /Users/henryliu/obelisk/numeron-worktrees/android-shared-sync/mir2-web3/third_party/bevySparse buffer updates disabled. RenderDevice lacks support: max_storage_buffers_per_shader_stage (0) < 3.
10-02 16:25:01.402 17096 17118 I RustStdoutStderr: [2m2026-10-02T08:25:01.402315Z[0m [32m INFO[0m [2mbevy_render::render_resource::sparse_buffer_vec[0m[2m:[0m Sparse buffer updates disabled. RenderDevice lacks support: max_storage_buffers_per_shader_stage (0) < 3.
10-02 16:25:01.402 17096 17118 I RustStdoutStderr: [2m2026-10-02T08:25:01.402689Z[0m [33m WARN[0m [2mbevy_core_pipeline::oit::resolve[0m[2m:[0m OrderIndependentTransparencyPlugin not loaded. GPU lacks support: DownlevelFlags::FRAGMENT_WRITABLE_STORAGE.
10-02 16:25:01.403 17096 17119 W event /Users/henryliu/.cargo/registry/src/index.crates.io-1949cf8c6b5b557f/bevy_core_pipeline-OrderIndependentTransparencyPlugin not loaded. GPU lacks support: DownlevelFlags::FRAGMENT_WRITABLE_STORAGE.
10-02 16:25:01.403 17096 17119 W event /Users/henryliu/.cargo/registry/src/index.crates.io-1949cf8c6b5b557f/bevy_core_pipeline-BackgroundMotionVectorsPlugin not loaded. GPU lacks support for required downlevel capability flags: DownlevelFlags(INDEPENDENT_BLEND).
10-02 16:25:01.403 17096 17118 I RustStdoutStderr: [2m2026-10-02T08:25:01.403118Z[0m [33m WARN[0m [2mbevy_core_pipeline::prepass::background_motion_vectors[0m[2m:[0m BackgroundMotionVectorsPlugin not loaded. GPU lacks support for required downlevel capability flags: DownlevelFlags(INDEPENDENT_BLEND).
10-02 16:25:01.468 17096 17119 I event /Users/henryliu/obelisk/numeron-worktrees/android-shared-sync/mir2-web3/third_party/bevyGPU preprocessing is not supported on this device. Falling back to CPU preprocessing.
10-02 16:25:01.468 17096 17118 I RustStdoutStderr: [2m2026-10-02T08:25:01.468386Z[0m [32m INFO[0m [2mbevy_render::batching::gpu_preprocessing[0m[2m:[0m GPU preprocessing is not supported on this device. Falling back to CPU preprocessing.
10-02 16:25:01.494 17096 17119 V threaded_app: activityState=11
10-02 16:25:01.494 17096 17118 I RustStdoutStderr: [2m2026-10-02T08:25:01.494099Z[0m [33m WARN[0m [2mwinit::platform_impl::android[0m[2m:[0m TODO: forward onStart notification to application
10-02 16:25:01.494 17096 17119 W event /Users/henryliu/.cargo/registry/src/index.crates.io-1949cf8c6b5b557f/winit-0.30.13/src/pTODO: forward onStart notification to application
10-02 16:25:01.495 17096 17096 V threaded_app: Resume: 0xb400007535841870
10-02 16:25:01.495 17096 17119 V threaded_app: activityState=12
10-02 16:25:01.507 17096 17096 V GameActivity: onImeInsetsChanged from Text Listener
10-02 16:25:01.507 17096 17096 V threaded_app: WindowInsetsChanged: 0xb400007535841870
10-02 16:25:01.508 17096 17118 I RustStdoutStderr: [2m2026-10-02T08:25:01.508046Z[0m [33m WARN[0m [2mwinit::platform_impl::android[0m[2m:[0m TODO: handle Android InsetsChanged notification
10-02 16:25:01.508 17096 17119 W event /Users/henryliu/.cargo/registry/src/index.crates.io-1949cf8c6b5b557f/winit-0.30.13/src/pTODO: handle Android InsetsChanged notification
10-02 16:25:01.511 17096 17096 V GameActivity: onImeInsetsChanged from Text Listener
10-02 16:25:01.511 17096 17096 V threaded_app: WindowInsetsChanged: 0xb400007535841870
10-02 16:25:01.511 17096 17118 I RustStdoutStderr: [2m2026-10-02T08:25:01.511191Z[0m [33m WARN[0m [2mwinit::platform_impl::android[0m[2m:[0m TODO: handle Android InsetsChanged notification
10-02 16:25:01.511 17096 17119 W event /Users/henryliu/.cargo/registry/src/index.crates.io-1949cf8c6b5b557f/winit-0.30.13/src/pTODO: handle Android InsetsChanged notification
10-02 16:25:01.511 17096 17115 D HostConnection: createUnique: call
10-02 16:25:01.511 17096 17115 D HostConnection: HostConnection::get() New Host Connection established 0xb4000074d5852d50, tid 17115
10-02 16:25:01.511 17096 17096 V threaded_app: ContentRectChanged: 0xb400007535841870 -- (0 0) (2340 1080)
10-02 16:25:01.511 17096 17118 I RustStdoutStderr: [2m2026-10-02T08:25:01.511879Z[0m [33m WARN[0m [2mwinit::platform_impl::android[0m[2m:[0m TODO: find a way to notify application of content rect change
10-02 16:25:01.511 17096 17119 W event /Users/henryliu/.cargo/registry/src/index.crates.io-1949cf8c6b5b557f/winit-0.30.13/src/pTODO: find a way to notify application of content rect change
10-02 16:25:01.514 17096 17096 V GameActivity: onSurfaceCreated_native
10-02 16:25:01.514 17096 17096 V threaded_app: NativeWindowCreated: 0xb400007535841870 -- 0xb4000075c59f0350
10-02 16:25:01.515 17096 17096 V threaded_app: android_app_set_window called
10-02 16:25:01.515 17096 17119 V threaded_app: APP_CMD_INIT_WINDOW
10-02 16:25:01.515 17096 17118 I RustStdoutStderr: [2m2026-10-02T08:25:01.515430Z[0m [32m INFO[0m [2mbevy_winit::system[0m[2m:[0m Creating new window mir2-web3 (android) (105v0)
10-02 16:25:01.515 17096 17119 I event /Users/henryliu/.cargo/registry/src/index.crates.io-1949cf8c6b5b557f/bevy_winit-0.19.0/sCreating new window mir2-web3 (android) (105v0)
10-02 16:25:01.515 17096 17096 V threaded_app: NativeWindowResized: 0xb400007535841870 -- 0xb4000075c59f0350 ( 2340 x 1080 )
10-02 16:25:01.515 17096 17096 V threaded_app: NativeWindowRedrawNeeded: 0xb400007535841870 -- 0xb4000075c59f0350
10-02 16:25:01.517 17096 17115 D HostConnection: HostComposition ext ANDROID_EMU_CHECKSUM_HELPER_v1 ANDROID_EMU_native_sync_v2 ANDROID_EMU_native_sync_v3 ANDROID_EMU_native_sync_v4 ANDROID_EMU_dma_v1 ANDROID_EMU_direct_mem ANDROID_EMU_host_composition_v1 ANDROID_EMU_host_composition_v2 ANDROID_EMU_vulkan ANDROID_EMU_deferred_vulkan_commands ANDROID_EMU_vulkan_null_optional_strings ANDROID_EMU_vulkan_create_resources_with_requirements ANDROID_EMU_YUV_Cache ANDROID_EMU_vulkan_ignored_handles ANDROID_EMU_has_shared_slots_host_memory_allocator ANDROID_EMU_vulkan_free_memory_sync ANDROID_EMU_vulkan_shader_float16_int8 ANDROID_EMU_vulkan_async_queue_submit ANDROID_EMU_vulkan_queue_submit_with_commands ANDROID_EMU_sync_buffer_data ANDROID_EMU_vulkan_async_qsri ANDROID_EMU_read_color_buffer_dma ANDROID_EMU_hwc_color_transform GL_OES_EGL_image_external_essl3 GL_OES_vertex_array_object ANDROID_EMU_host_side_tracing ANDROID_EMU_gles_max_version_3_0 
10-02 16:25:01.518 17096 17115 W OpenGLRenderer: Failed to choose config with EGL_SWAP_BEHAVIOR_PRESERVED, retrying without...
10-02 16:25:01.518 17096 17115 W OpenGLRenderer: Failed to initialize 101010-2 format, error = EGL_SUCCESS
10-02 16:25:01.518 17096 17115 D EGL_emulation: eglCreateContext: 0xb4000074d5854cd0: maj 3 min 0 rcv 3
10-02 16:25:01.520 17096 17115 D EGL_emulation: eglMakeCurrent: 0xb4000074d5854cd0: ver 3 0 (tinfo 0x76fbc37100) (first time)
10-02 16:25:01.523 17096 17115 I Gralloc4: mapper 4.x is not supported
10-02 16:25:01.524 17096 17115 D HostConnection: createUnique: call
10-02 16:25:01.524 17096 17115 D HostConnection: HostConnection::get() New Host Connection established 0xb4000074d5854550, tid 17115
10-02 16:25:01.525 17096 17115 D goldfish-address-space: allocate: Ask for block of size 0x100
10-02 16:25:01.525 17096 17115 D goldfish-address-space: allocate: ioctl allocate returned offset 0x1efff8000 size 0x8000
10-02 16:25:01.526 17096 17115 W Gralloc4: allocator 4.x is not supported
10-02 16:25:01.533 17096 17115 D HostConnection: HostComposition ext ANDROID_EMU_CHECKSUM_HELPER_v1 ANDROID_EMU_native_sync_v2 ANDROID_EMU_native_sync_v3 ANDROID_EMU_native_sync_v4 ANDROID_EMU_dma_v1 ANDROID_EMU_direct_mem ANDROID_EMU_host_composition_v1 ANDROID_EMU_host_composition_v2 ANDROID_EMU_vulkan ANDROID_EMU_deferred_vulkan_commands ANDROID_EMU_vulkan_null_optional_strings ANDROID_EMU_vulkan_create_resources_with_requirements ANDROID_EMU_YUV_Cache ANDROID_EMU_vulkan_ignored_handles ANDROID_EMU_has_shared_slots_host_memory_allocator ANDROID_EMU_vulkan_free_memory_sync ANDROID_EMU_vulkan_shader_float16_int8 ANDROID_EMU_vulkan_async_queue_submit ANDROID_EMU_vulkan_queue_submit_with_commands ANDROID_EMU_sync_buffer_data ANDROID_EMU_vulkan_async_qsri ANDROID_EMU_read_color_buffer_dma ANDROID_EMU_hwc_color_transform GL_OES_EGL_image_external_essl3 GL_OES_vertex_array_object ANDROID_EMU_host_side_tracing ANDROID_EMU_gles_max_version_3_0 
10-02 16:25:01.567 17096 17096 V threaded_app: WindowFocusChanged: 0xb400007535841870 -- 1
10-02 16:25:01.575 17096 17119 I event /Users/henryliu/obelisk/numeron-worktrees/android-shared-sync/mir2-web3/third_party/bevyMIR2_ANDROID_SURFACE_CONFIG_PROBE reason=initial format=Rgba8Unorm size=2340x1080
10-02 16:25:01.575 17096 17118 I RustStdoutStderr: [2m2026-10-02T08:25:01.575726Z[0m [32m INFO[0m [2mbevy_render::view::window[0m[2m:[0m MIR2_ANDROID_SURFACE_CONFIG_PROBE reason=initial format=Rgba8Unorm size=2340x1080
10-02 16:25:01.576 17096 17119 I event /Users/henryliu/obelisk/numeron-worktrees/android-shared-sync/mir2-web3/third_party/bevyMIR2_ANDROID_SURFACE_ATTACHMENT_PROBE frame=0 raw=3 live=true internal=0x8058 size=2340x1080 samples=0 expected=Rgba8Unorm
10-02 16:25:01.576 17096 17118 I RustStdoutStderr: [2m2026-10-02T08:25:01.576194Z[0m [32m INFO[0m [2mbevy_render::view::window[0m[2m:[0m MIR2_ANDROID_SURFACE_ATTACHMENT_PROBE frame=0 raw=3 live=true internal=0x8058 size=2340x1080 samples=0 expected=Rgba8Unorm
10-02 16:25:01.576 17096 17119 I event /Users/henryliu/obelisk/numeron-worktrees/android-shared-sync/mir2-web3/third_party/bevyMIR2_ANDROID_ATTACHMENT_TRANSITION_PROBE begin private_objects_only=true
10-02 16:25:01.576 17096 17119 I event /Users/henryliu/obelisk/numeron-worktrees/android-shared-sync/mir2-web3/third_party/bevyMIR2_ANDROID_ATTACHMENT_TRANSITION_PROBE stage=fresh_rbo status=0x8cd5 actual_type=0x8d41 actual_name=6 private_fbo=5 private_rbo=6 private_tex=38
10-02 16:25:01.576 17096 17118 I RustStdoutStderr: [2m2026-10-02T08:25:01.576546Z[0m [32m INFO[0m [2mbevy_render::view::window[0m[2m:[0m MIR2_ANDROID_ATTACHMENT_TRANSITION_PROBE begin private_objects_only=true
10-02 16:25:01.576 17096 17118 I RustStdoutStderr: [2m2026-10-02T08:25:01.576651Z[0m [32m INFO[0m [2mbevy_render::view::window[0m[2m:[0m MIR2_ANDROID_ATTACHMENT_TRANSITION_PROBE stage=fresh_rbo status=0x8cd5 actual_type=0x8d41 actual_name=6 private_fbo=5 private_rbo=6 private_tex=38
10-02 16:25:01.576 17096 17119 I event /Users/henryliu/obelisk/numeron-worktrees/android-shared-sync/mir2-web3/third_party/bevyMIR2_ANDROID_ATTACHMENT_TRANSITION_PROBE stage=replace_with_texture status=0x8cd5 actual_type=0x1702 actual_name=38 private_fbo=5 private_rbo=6 private_tex=38
10-02 16:25:01.576 17096 17119 D eglCodecCommon: checkFramebufferAttachmentCompleteness: rbo not color renderable. format: 0x0
10-02 16:25:01.576 17096 17119 D eglCodecCommon: checkFramebufferCompleteness: color attachment 0 not complete: 0x8cd6
10-02 16:25:01.576 17096 17119 I event /Users/henryliu/obelisk/numeron-worktrees/android-shared-sync/mir2-web3/third_party/bevyMIR2_ANDROID_ATTACHMENT_TRANSITION_PROBE stage=delete_unbound_old_rbo status=0x8cd6 actual_type=0x1702 actual_name=38 private_fbo=5 private_rbo=6 private_tex=38
10-02 16:25:01.576 17096 17118 I RustStdoutStderr: [2m2026-10-02T08:25:01.576741Z[0m [32m INFO[0m [2mbevy_render::view::window[0m[2m:[0m MIR2_ANDROID_ATTACHMENT_TRANSITION_PROBE stage=replace_with_texture status=0x8cd5 actual_type=0x1702 actual_name=38 private_fbo=5 private_rbo=6 private_tex=38
10-02 16:25:01.576 17096 17118 I RustStdoutStderr: [2m2026-10-02T08:25:01.576842Z[0m [32m INFO[0m [2mbevy_render::view::window[0m[2m:[0m MIR2_ANDROID_ATTACHMENT_TRANSITION_PROBE stage=delete_unbound_old_rbo status=0x8cd6 actual_type=0x1702 actual_name=38 private_fbo=5 private_rbo=6 private_tex=38
10-02 16:25:01.576 17096 17119 I event /Users/henryliu/obelisk/numeron-worktrees/android-shared-sync/mir2-web3/third_party/bevyMIR2_ANDROID_ATTACHMENT_TRANSITION_PROBE stage=explicit_type_detach status=0x8cd5 actual_type=0x1702 actual_name=38 private_fbo=5 private_rbo=6 private_tex=38
10-02 16:25:01.576 17096 17119 I event /Users/henryliu/obelisk/numeron-worktrees/android-shared-sync/mir2-web3/third_party/bevyMIR2_ANDROID_ATTACHMENT_TRANSITION_PROBE end restored_bindings=true
10-02 16:25:01.577 17096 17118 I RustStdoutStderr: [2m2026-10-02T08:25:01.576953Z[0m [32m INFO[0m [2mbevy_render::view::window[0m[2m:[0m MIR2_ANDROID_ATTACHMENT_TRANSITION_PROBE stage=explicit_type_detach status=0x8cd5 actual_type=0x1702 actual_name=38 private_fbo=5 private_rbo=6 private_tex=38
10-02 16:25:01.577 17096 17118 I RustStdoutStderr: [2m2026-10-02T08:25:01.576973Z[0m [32m INFO[0m [2mbevy_render::view::window[0m[2m:[0m MIR2_ANDROID_ATTACHMENT_TRANSITION_PROBE end restored_bindings=true
10-02 16:25:01.581 17096 17096 V GameActivity: onImeInsetsChanged from Text Listener
10-02 16:25:01.582 17096 17096 V threaded_app: WindowInsetsChanged: 0xb400007535841870
10-02 16:25:01.639 17096 17119 I event src/item_geometry.rs:127: ANDROID_ITEM_GEOMETRY_READYitems = 1003; state_items = 2380; sources = [("original-ui/Items/meta.json", "ec0eca414ac6c34e17a218f0ed4396f30607c2485482f8760af7706acddcedfe"), ("original-ui/StateItem/meta.json", "7d812a76e9a54b1d0535968a8c21ee2064577e7012572daf79b242221ca72e9a")];
10-02 16:25:01.640 17096 17118 I RustStdoutStderr: [2m2026-10-02T08:25:01.639874Z[0m [32m INFO[0m [2mmir2_platform_android::item_geometry[0m[2m:[0m ANDROID_ITEM_GEOMETRY_READY [3mitems[0m[2m=[0m1003 [3mstate_items[0m[2m=[0m2380 [3msources[0m[2m=[0m[("original-ui/Items/meta.json", "ec0eca414ac6c34e17a218f0ed4396f30607c2485482f8760af7706acddcedfe"), ("original-ui/StateItem/meta.json", "7d812a76e9a54b1d0535968a8c21ee2064577e7012572daf79b242221ca72e9a")]
10-02 16:25:01.640 17096 17119 I event src/ui_preview.rs:1347: ANDROID_INVENTORY_INGRESS_OFFLINE queued owner42 bag12 equip2 sourceFrame30
10-02 16:25:01.640 17096 17119 I event src/ui_preview.rs:800: ANDROID_UI_PREVIEW_READY scene=world-render
10-02 16:25:01.640 17096 17118 I RustStdoutStderr: [2m2026-10-02T08:25:01.640301Z[0m [32m INFO[0m [2mmir2_platform_android::ui_preview[0m[2m:[0m ANDROID_INVENTORY_INGRESS_OFFLINE queued owner42 bag12 equip2 sourceFrame30
10-02 16:25:01.640 17096 17118 I RustStdoutStderr: [2m2026-10-02T08:25:01.640422Z[0m [32m INFO[0m [2mmir2_platform_android::ui_preview[0m[2m:[0m ANDROID_UI_PREVIEW_READY scene=world-render
10-02 16:25:01.659 17096 17119 W event /Users/henryliu/.cargo/registry/src/index.crates.io-1949cf8c6b5b557f/winit-0.30.13/src/pTODO: handle Android InsetsChanged notification
10-02 16:25:01.659 17096 17118 I RustStdoutStderr: [2m2026-10-02T08:25:01.659504Z[0m [33m WARN[0m [2mwinit::platform_impl::android[0m[2m:[0m TODO: handle Android InsetsChanged notification
10-02 16:25:01.700 17096 17119 I event /Users/henryliu/obelisk/numeron-worktrees/android-shared-sync/mir2-web3/third_party/bevyMIR2_ANDROID_SURFACE_ATTACHMENT_PROBE frame=1 raw=3 live=true internal=0x8058 size=2340x1080 samples=0 expected=Rgba8Unorm
10-02 16:25:01.700 17096 17118 I RustStdoutStderr: [2m2026-10-02T08:25:01.700431Z[0m [32m INFO[0m [2mbevy_render::view::window[0m[2m:[0m MIR2_ANDROID_SURFACE_ATTACHMENT_PROBE frame=1 raw=3 live=true internal=0x8058 size=2340x1080 samples=0 expected=Rgba8Unorm
10-02 16:25:01.718 17096 17119 I event /Users/henryliu/obelisk/numeron-worktrees/android-shared-sync/mir2-web3/third_party/bevyMIR2_ANDROID_VIEW_OUTPUT_PROBE frame=2 entity=178v0 current_surface_raw=3 has_camera=true has_view=true msaa=Some(Off) physical_target=Some(UVec2(2340, 1080)) output=Some("TextureView { inner: Renderbuffer { raw: NativeRenderbuffer(3) }, aspects: FormatAspects(COLOR), mip_levels: 0..1, array_layers: 0..1, format: Rgba8Unorm }")
10-02 16:25:01.718 17096 17118 I RustStdoutStderr: [2m2026-10-02T08:25:01.718666Z[0m [32m INFO[0m [2mbevy_render::view::window[0m[2m:[0m MIR2_ANDROID_VIEW_OUTPUT_PROBE frame=2 entity=178v0 current_surface_raw=3 has_camera=true has_view=true msaa=Some(Off) physical_target=Some(UVec2(2340, 1080)) output=Some("TextureView { inner: Renderbuffer { raw: NativeRenderbuffer(3) }, aspects: FormatAspects(COLOR), mip_levels: 0..1, array_layers: 0..1, format: Rgba8Unorm }")
10-02 16:25:01.753 17096 17119 I event /Users/henryliu/obelisk/numeron-worktrees/android-shared-sync/mir2-web3/third_party/bevyMIR2_ANDROID_SURFACE_ATTACHMENT_PROBE frame=2 raw=3 live=true internal=0x8058 size=2340x1080 samples=0 expected=Rgba8Unorm
10-02 16:25:01.753 17096 17118 I RustStdoutStderr: [2m2026-10-02T08:25:01.753671Z[0m [32m INFO[0m [2mbevy_render::view::window[0m[2m:[0m MIR2_ANDROID_SURFACE_ATTACHMENT_PROBE frame=2 raw=3 live=true internal=0x8058 size=2340x1080 samples=0 expected=Rgba8Unorm
10-02 16:25:01.794 17096 17119 I event /Users/henryliu/obelisk/numeron-worktrees/android-shared-sync/mir2-web3/third_party/bevyMIR2_ANDROID_VIEW_OUTPUT_PROBE frame=3 entity=178v0 current_surface_raw=3 has_camera=true has_view=true msaa=Some(Off) physical_target=Some(UVec2(2340, 1080)) output=Some("TextureView { inner: Renderbuffer { raw: NativeRenderbuffer(3) }, aspects: FormatAspects(COLOR), mip_levels: 0..1, array_layers: 0..1, format: Rgba8Unorm }")
10-02 16:25:01.794 17096 17118 I RustStdoutStderr: [2m2026-10-02T08:25:01.794411Z[0m [32m INFO[0m [2mbevy_render::view::window[0m[2m:[0m MIR2_ANDROID_VIEW_OUTPUT_PROBE frame=3 entity=178v0 current_surface_raw=3 has_camera=true has_view=true msaa=Some(Off) physical_target=Some(UVec2(2340, 1080)) output=Some("TextureView { inner: Renderbuffer { raw: NativeRenderbuffer(3) }, aspects: FormatAspects(COLOR), mip_levels: 0..1, array_layers: 0..1, format: Rgba8Unorm }")
10-02 16:25:01.820 17096 17119 I event /Users/henryliu/obelisk/numeron-worktrees/android-shared-sync/mir2-web3/third_party/bevyMIR2_ANDROID_SURFACE_ATTACHMENT_PROBE frame=3 raw=3 live=true internal=0x8058 size=2340x1080 samples=0 expected=Rgba8Unorm
10-02 16:25:01.820 17096 17118 I RustStdoutStderr: [2m2026-10-02T08:25:01.820599Z[0m [32m INFO[0m [2mbevy_render::view::window[0m[2m:[0m MIR2_ANDROID_SURFACE_ATTACHMENT_PROBE frame=3 raw=3 live=true internal=0x8058 size=2340x1080 samples=0 expected=Rgba8Unorm
10-02 16:25:01.822 17096 17119 I event /Users/henryliu/obelisk/numeron-worktrees/android-shared-sync/mir2-web3/third_party/bevyMIR2_ANDROID_VIEW_OUTPUT_PROBE frame=4 entity=178v0 current_surface_raw=3 has_camera=true has_view=true msaa=Some(Off) physical_target=Some(UVec2(2340, 1080)) output=Some("TextureView { inner: Renderbuffer { raw: NativeRenderbuffer(3) }, aspects: FormatAspects(COLOR), mip_levels: 0..1, array_layers: 0..1, format: Rgba8Unorm }")
10-02 16:25:01.822 17096 17118 I RustStdoutStderr: [2m2026-10-02T08:25:01.822082Z[0m [32m INFO[0m [2mbevy_render::view::window[0m[2m:[0m MIR2_ANDROID_VIEW_OUTPUT_PROBE frame=4 entity=178v0 current_surface_raw=3 has_camera=true has_view=true msaa=Some(Off) physical_target=Some(UVec2(2340, 1080)) output=Some("TextureView { inner: Renderbuffer { raw: NativeRenderbuffer(3) }, aspects: FormatAspects(COLOR), mip_levels: 0..1, array_layers: 0..1, format: Rgba8Unorm }")
10-02 16:25:01.855 17096 17119 I event /Users/henryliu/obelisk/numeron-worktrees/android-shared-sync/mir2-web3/third_party/bevyMIR2_ANDROID_SURFACE_ATTACHMENT_PROBE frame=4 raw=3 live=true internal=0x8058 size=2340x1080 samples=0 expected=Rgba8Unorm
10-02 16:25:01.855 17096 17118 I RustStdoutStderr: [2m2026-10-02T08:25:01.855238Z[0m [32m INFO[0m [2mbevy_render::view::window[0m[2m:[0m MIR2_ANDROID_SURFACE_ATTACHMENT_PROBE frame=4 raw=3 live=true internal=0x8058 size=2340x1080 samples=0 expected=Rgba8Unorm
10-02 16:25:01.856 17096 17119 I event /Users/henryliu/obelisk/numeron-worktrees/android-shared-sync/mir2-web3/third_party/bevyMIR2_ANDROID_VIEW_OUTPUT_PROBE frame=5 entity=178v0 current_surface_raw=3 has_camera=true has_view=true msaa=Some(Off) physical_target=Some(UVec2(2340, 1080)) output=Some("TextureView { inner: Renderbuffer { raw: NativeRenderbuffer(3) }, aspects: FormatAspects(COLOR), mip_levels: 0..1, array_layers: 0..1, format: Rgba8Unorm }")
10-02 16:25:01.856 17096 17118 I RustStdoutStderr: [2m2026-10-02T08:25:01.856523Z[0m [32m INFO[0m [2mbevy_render::view::window[0m[2m:[0m MIR2_ANDROID_VIEW_OUTPUT_PROBE frame=5 entity=178v0 current_surface_raw=3 has_camera=true has_view=true msaa=Some(Off) physical_target=Some(UVec2(2340, 1080)) output=Some("TextureView { inner: Renderbuffer { raw: NativeRenderbuffer(3) }, aspects: FormatAspects(COLOR), mip_levels: 0..1, array_layers: 0..1, format: Rgba8Unorm }")
10-02 16:25:01.888 17096 17119 I event /Users/henryliu/obelisk/numeron-worktrees/android-shared-sync/mir2-web3/third_party/bevyMIR2_ANDROID_SURFACE_ATTACHMENT_PROBE frame=5 raw=3 live=true internal=0x8058 size=2340x1080 samples=0 expected=Rgba8Unorm
10-02 16:25:01.888 17096 17118 I RustStdoutStderr: [2m2026-10-02T08:25:01.888424Z[0m [32m INFO[0m [2mbevy_render::view::window[0m[2m:[0m MIR2_ANDROID_SURFACE_ATTACHMENT_PROBE frame=5 raw=3 live=true internal=0x8058 size=2340x1080 samples=0 expected=Rgba8Unorm
10-02 16:25:01.890 17096 17119 I event /Users/henryliu/obelisk/numeron-worktrees/android-shared-sync/mir2-web3/third_party/bevyMIR2_ANDROID_VIEW_OUTPUT_PROBE frame=6 entity=178v0 current_surface_raw=3 has_camera=true has_view=true msaa=Some(Off) physical_target=Some(UVec2(2340, 1080)) output=Some("TextureView { inner: Renderbuffer { raw: NativeRenderbuffer(3) }, aspects: FormatAspects(COLOR), mip_levels: 0..1, array_layers: 0..1, format: Rgba8Unorm }")
10-02 16:25:01.890 17096 17118 I RustStdoutStderr: [2m2026-10-02T08:25:01.890091Z[0m [32m INFO[0m [2mbevy_render::view::window[0m[2m:[0m MIR2_ANDROID_VIEW_OUTPUT_PROBE frame=6 entity=178v0 current_surface_raw=3 has_camera=true has_view=true msaa=Some(Off) physical_target=Some(UVec2(2340, 1080)) output=Some("TextureView { inner: Renderbuffer { raw: NativeRenderbuffer(3) }, aspects: FormatAspects(COLOR), mip_levels: 0..1, array_layers: 0..1, format: Rgba8Unorm }")
10-02 16:25:01.911 17096 17119 I event /Users/henryliu/obelisk/numeron-worktrees/android-shared-sync/mir2-web3/third_party/bevyMIR2_ANDROID_SURFACE_ATTACHMENT_PROBE frame=6 raw=3 live=true internal=0x8058 size=2340x1080 samples=0 expected=Rgba8Unorm
10-02 16:25:01.911 17096 17118 I RustStdoutStderr: [2m2026-10-02T08:25:01.911210Z[0m [32m INFO[0m [2mbevy_render::view::window[0m[2m:[0m MIR2_ANDROID_SURFACE_ATTACHMENT_PROBE frame=6 raw=3 live=true internal=0x8058 size=2340x1080 samples=0 expected=Rgba8Unorm
10-02 16:25:01.912 17096 17119 I event /Users/henryliu/obelisk/numeron-worktrees/android-shared-sync/mir2-web3/third_party/bevyMIR2_ANDROID_VIEW_OUTPUT_PROBE frame=7 entity=178v0 current_surface_raw=3 has_camera=true has_view=true msaa=Some(Off) physical_target=Some(UVec2(2340, 1080)) output=Some("TextureView { inner: Renderbuffer { raw: NativeRenderbuffer(3) }, aspects: FormatAspects(COLOR), mip_levels: 0..1, array_layers: 0..1, format: Rgba8Unorm }")
10-02 16:25:01.912 17096 17118 I RustStdoutStderr: [2m2026-10-02T08:25:01.912465Z[0m [32m INFO[0m [2mbevy_render::view::window[0m[2m:[0m MIR2_ANDROID_VIEW_OUTPUT_PROBE frame=7 entity=178v0 current_surface_raw=3 has_camera=true has_view=true msaa=Some(Off) physical_target=Some(UVec2(2340, 1080)) output=Some("TextureView { inner: Renderbuffer { raw: NativeRenderbuffer(3) }, aspects: FormatAspects(COLOR), mip_levels: 0..1, array_layers: 0..1, format: Rgba8Unorm }")
10-02 16:25:01.926 17096 17119 I event /Users/henryliu/obelisk/numeron-worktrees/android-shared-sync/mir2-web3/third_party/bevyMIR2_ANDROID_SURFACE_ATTACHMENT_PROBE frame=7 raw=3 live=true internal=0x8058 size=2340x1080 samples=0 expected=Rgba8Unorm
10-02 16:25:01.927 17096 17118 I RustStdoutStderr: [2m2026-10-02T08:25:01.926839Z[0m [32m INFO[0m [2mbevy_render::view::window[0m[2m:[0m MIR2_ANDROID_SURFACE_ATTACHMENT_PROBE frame=7 raw=3 live=true internal=0x8058 size=2340x1080 samples=0 expected=Rgba8Unorm
10-02 16:25:01.927 17096 17119 I event /Users/henryliu/obelisk/numeron-worktrees/android-shared-sync/mir2-web3/third_party/bevyMIR2_ANDROID_VIEW_OUTPUT_PROBE frame=8 entity=178v0 current_surface_raw=3 has_camera=true has_view=true msaa=Some(Off) physical_target=Some(UVec2(2340, 1080)) output=Some("TextureView { inner: Renderbuffer { raw: NativeRenderbuffer(3) }, aspects: FormatAspects(COLOR), mip_levels: 0..1, array_layers: 0..1, format: Rgba8Unorm }")
10-02 16:25:01.927 17096 17118 I RustStdoutStderr: [2m2026-10-02T08:25:01.927502Z[0m [32m INFO[0m [2mbevy_render::view::window[0m[2m:[0m MIR2_ANDROID_VIEW_OUTPUT_PROBE frame=8 entity=178v0 current_surface_raw=3 has_camera=true has_view=true msaa=Some(Off) physical_target=Some(UVec2(2340, 1080)) output=Some("TextureView { inner: Renderbuffer { raw: NativeRenderbuffer(3) }, aspects: FormatAspects(COLOR), mip_levels: 0..1, array_layers: 0..1, format: Rgba8Unorm }")
10-02 16:25:01.944 17096 17119 I event /Users/henryliu/obelisk/numeron-worktrees/android-shared-sync/mir2-web3/third_party/bevyMIR2_ANDROID_SURFACE_ATTACHMENT_PROBE frame=8 raw=3 live=true internal=0x8058 size=2340x1080 samples=0 expected=Rgba8Unorm
10-02 16:25:01.944 17096 17118 I RustStdoutStderr: [2m2026-10-02T08:25:01.944096Z[0m [32m INFO[0m [2mbevy_render::view::window[0m[2m:[0m MIR2_ANDROID_SURFACE_ATTACHMENT_PROBE frame=8 raw=3 live=true internal=0x8058 size=2340x1080 samples=0 expected=Rgba8Unorm
10-02 16:25:01.944 17096 17119 I event /Users/henryliu/obelisk/numeron-worktrees/android-shared-sync/mir2-web3/third_party/bevyMIR2_ANDROID_VIEW_OUTPUT_PROBE frame=9 entity=178v0 current_surface_raw=3 has_camera=true has_view=true msaa=Some(Off) physical_target=Some(UVec2(2340, 1080)) output=Some("TextureView { inner: Renderbuffer { raw: NativeRenderbuffer(3) }, aspects: FormatAspects(COLOR), mip_levels: 0..1, array_layers: 0..1, format: Rgba8Unorm }")
10-02 16:25:01.944 17096 17118 I RustStdoutStderr: [2m2026-10-02T08:25:01.944730Z[0m [32m INFO[0m [2mbevy_render::view::window[0m[2m:[0m MIR2_ANDROID_VIEW_OUTPUT_PROBE frame=9 entity=178v0 current_surface_raw=3 has_camera=true has_view=true msaa=Some(Off) physical_target=Some(UVec2(2340, 1080)) output=Some("TextureView { inner: Renderbuffer { raw: NativeRenderbuffer(3) }, aspects: FormatAspects(COLOR), mip_levels: 0..1, array_layers: 0..1, format: Rgba8Unorm }")
10-02 16:25:01.958 17096 17119 I event /Users/henryliu/obelisk/numeron-worktrees/android-shared-sync/mir2-web3/third_party/bevyMIR2_ANDROID_SURFACE_ATTACHMENT_PROBE frame=9 raw=3 live=true internal=0x8058 size=2340x1080 samples=0 expected=Rgba8Unorm
10-02 16:25:01.958 17096 17118 I RustStdoutStderr: [2m2026-10-02T08:25:01.958079Z[0m [32m INFO[0m [2mbevy_render::view::window[0m[2m:[0m MIR2_ANDROID_SURFACE_ATTACHMENT_PROBE frame=9 raw=3 live=true internal=0x8058 size=2340x1080 samples=0 expected=Rgba8Unorm
10-02 16:25:01.958 17096 17119 I event /Users/henryliu/obelisk/numeron-worktrees/android-shared-sync/mir2-web3/third_party/bevyMIR2_ANDROID_VIEW_OUTPUT_PROBE frame=10 entity=178v0 current_surface_raw=3 has_camera=true has_view=true msaa=Some(Off) physical_target=Some(UVec2(2340, 1080)) output=Some("TextureView { inner: Renderbuffer { raw: NativeRenderbuffer(3) }, aspects: FormatAspects(COLOR), mip_levels: 0..1, array_layers: 0..1, format: Rgba8Unorm }")
10-02 16:25:01.958 17096 17118 I RustStdoutStderr: [2m2026-10-02T08:25:01.958709Z[0m [32m INFO[0m [2mbevy_render::view::window[0m[2m:[0m MIR2_ANDROID_VIEW_OUTPUT_PROBE frame=10 entity=178v0 current_surface_raw=3 has_camera=true has_view=true msaa=Some(Off) physical_target=Some(UVec2(2340, 1080)) output=Some("TextureView { inner: Renderbuffer { raw: NativeRenderbuffer(3) }, aspects: FormatAspects(COLOR), mip_levels: 0..1, array_layers: 0..1, format: Rgba8Unorm }")
10-02 16:25:01.975 17096 17119 I event /Users/henryliu/obelisk/numeron-worktrees/android-shared-sync/mir2-web3/third_party/bevyMIR2_ANDROID_SURFACE_ATTACHMENT_PROBE frame=10 raw=3 live=true internal=0x8058 size=2340x1080 samples=0 expected=Rgba8Unorm
10-02 16:25:01.975 17096 17118 I RustStdoutStderr: [2m2026-10-02T08:25:01.975737Z[0m [32m INFO[0m [2mbevy_render::view::window[0m[2m:[0m MIR2_ANDROID_SURFACE_ATTACHMENT_PROBE frame=10 raw=3 live=true internal=0x8058 size=2340x1080 samples=0 expected=Rgba8Unorm
10-02 16:25:01.976 17096 17119 I event /Users/henryliu/obelisk/numeron-worktrees/android-shared-sync/mir2-web3/third_party/bevyMIR2_ANDROID_VIEW_OUTPUT_PROBE frame=11 entity=178v0 current_surface_raw=3 has_camera=true has_view=true msaa=Some(Off) physical_target=Some(UVec2(2340, 1080)) output=Some("TextureView { inner: Renderbuffer { raw: NativeRenderbuffer(3) }, aspects: FormatAspects(COLOR), mip_levels: 0..1, array_layers: 0..1, format: Rgba8Unorm }")
10-02 16:25:01.976 17096 17118 I RustStdoutStderr: [2m2026-10-02T08:25:01.976053Z[0m [32m INFO[0m [2mbevy_render::view::window[0m[2m:[0m MIR2_ANDROID_VIEW_OUTPUT_PROBE frame=11 entity=178v0 current_surface_raw=3 has_camera=true has_view=true msaa=Some(Off) physical_target=Some(UVec2(2340, 1080)) output=Some("TextureView { inner: Renderbuffer { raw: NativeRenderbuffer(3) }, aspects: FormatAspects(COLOR), mip_levels: 0..1, array_layers: 0..1, format: Rgba8Unorm }")
10-02 16:25:01.991 17096 17119 I event /Users/henryliu/obelisk/numeron-worktrees/android-shared-sync/mir2-web3/third_party/bevyMIR2_ANDROID_SURFACE_ATTACHMENT_PROBE frame=11 raw=3 live=true internal=0x8058 size=2340x1080 samples=0 expected=Rgba8Unorm
10-02 16:25:01.991 17096 17118 I RustStdoutStderr: [2m2026-10-02T08:25:01.991168Z[0m [32m INFO[0m [2mbevy_render::view::window[0m[2m:[0m MIR2_ANDROID_SURFACE_ATTACHMENT_PROBE frame=11 raw=3 live=true internal=0x8058 size=2340x1080 samples=0 expected=Rgba8Unorm
10-02 16:25:01.991 17096 17119 I event /Users/henryliu/obelisk/numeron-worktrees/android-shared-sync/mir2-web3/third_party/bevyMIR2_ANDROID_VIEW_OUTPUT_PROBE frame=12 entity=178v0 current_surface_raw=3 has_camera=true has_view=true msaa=Some(Off) physical_target=Some(UVec2(2340, 1080)) output=Some("TextureView { inner: Renderbuffer { raw: NativeRenderbuffer(3) }, aspects: FormatAspects(COLOR), mip_levels: 0..1, array_layers: 0..1, format: Rgba8Unorm }")
10-02 16:25:01.991 17096 17118 I RustStdoutStderr: [2m2026-10-02T08:25:01.991770Z[0m [32m INFO[0m [2mbevy_render::view::window[0m[2m:[0m MIR2_ANDROID_VIEW_OUTPUT_PROBE frame=12 entity=178v0 current_surface_raw=3 has_camera=true has_view=true msaa=Some(Off) physical_target=Some(UVec2(2340, 1080)) output=Some("TextureView { inner: Renderbuffer { raw: NativeRenderbuffer(3) }, aspects: FormatAspects(COLOR), mip_levels: 0..1, array_layers: 0..1, format: Rgba8Unorm }")
10-02 16:25:02.038 17096 17118 I RustStdoutStderr: [android-world-render] map_current=false map_live=0 map_missing=0 map_image_revision=39 entity_live=false entity_self_visible=false entity_layers=2
10-02 16:25:02.056 17096 17119 I event /Users/henryliu/obelisk/numeron-worktrees/android-shared-sync/mir2-web3/third_party/bevyMIR2_ANDROID_SURFACE_ATTACHMENT_PROBE frame=12 raw=3 live=true internal=0x8058 size=2340x1080 samples=0 expected=Rgba8Unorm
10-02 16:25:02.056 17096 17118 I RustStdoutStderr: [2m2026-10-02T08:25:02.056389Z[0m [32m INFO[0m [2mbevy_render::view::window[0m[2m:[0m MIR2_ANDROID_SURFACE_ATTACHMENT_PROBE frame=12 raw=3 live=true internal=0x8058 size=2340x1080 samples=0 expected=Rgba8Unorm
10-02 16:25:02.056 17096 17119 I event /Users/henryliu/obelisk/numeron-worktrees/android-shared-sync/mir2-web3/third_party/bevyMIR2_ANDROID_VIEW_OUTPUT_PROBE frame=13 entity=178v0 current_surface_raw=3 has_camera=true has_view=true msaa=Some(Off) physical_target=Some(UVec2(2340, 1080)) output=Some("TextureView { inner: Renderbuffer { raw: NativeRenderbuffer(3) }, aspects: FormatAspects(COLOR), mip_levels: 0..1, array_layers: 0..1, format: Rgba8Unorm }")
10-02 16:25:02.057 17096 17118 I RustStdoutStderr: [2m2026-10-02T08:25:02.056870Z[0m [32m INFO[0m [2mbevy_render::view::window[0m[2m:[0m MIR2_ANDROID_VIEW_OUTPUT_PROBE frame=13 entity=178v0 current_surface_raw=3 has_camera=true has_view=true msaa=Some(Off) physical_target=Some(UVec2(2340, 1080)) output=Some("TextureView { inner: Renderbuffer { raw: NativeRenderbuffer(3) }, aspects: FormatAspects(COLOR), mip_levels: 0..1, array_layers: 0..1, format: Rgba8Unorm }")
10-02 16:25:02.069 17096 17118 I RustStdoutStderr: [runtime-map] waiting-images center=Some(PresentationGridCenter { x: 302, y: 634 }) states=[native-map-keyed:00e3342688edb59d7ccd3784567586b3ab4c28c1b3bb0fbb928fb8560bb937e8=missing-handle,native-map-keyed:0446dc96478c6a6426006d4ebcd9b473422254a4a3b87d13e6513a4664cc1674=missing-handle,native-map-keyed:04f2f6406275680ee10c2bb613e324d59e0dea10befb67479d5db488f1e5e9bf=missing-handle,native-map-keyed:06877672fe022bb18e0e3289b29a8a2316614ba81070c465594dc1d5f1e414f4=missing-handle,native-map-keyed:0873e402c768945dbd03f13c801f352570c3cbbc15b7547b3965db22c4f88a2d=missing-handle,native-map-keyed:09c1aeb9a676d9b5e9156dd6302baf429a788ede13eb2561f72752639991cfa2=missing-handle,native-map-keyed:0bb6e8f16b06e61e5485cd9c69682635bc4d076e78f3e426bc7c1c0cdf92d50b=missing-handle,native-map-keyed:0e54663e52210f29caafb4e45b01d2ddcdd62fbb4f07359cdbdf327630acedbd=missing-handle,native-map-keyed:101d496a3e3006b8a0640e530d7bb5aaabfc3cc9f7a8844fd83450a65903a0ef=missing-handle,native-map-keyed:1203923d4b3d4f36b85a86235cc024c8987f9aff48ff3f045d589d4fe5efe878=missing-handle,native-map-keyed:120fd8e86ad6a1121b73b64f684cad8a6e301c75c6a40787a4a564c5aadaab4a=missing-handle,native-map-keyed:13645e18038cb14276656008c43fc00eb92b94607d7eb9a04a64a6f66232d045=missing-handle,native-map-keyed:142960f1af1b8faa165eb1b55b57fc14db26156287a4c5ca23e035daf9f10e33=missing-handle,native-map-keyed:16f3602253a4256b8bf51a103e6bbe9d36a4cfaf6771bebc72d7ca43a25c1de6=missing-handle,native-map-keyed:1a753eed19dc81252971e03a9ea302f2c31bc3cf51d92b187b664a1e8b1936b1=missing-handle,native-map-keyed:1ca36e41f059441aa1750c0cfbddec4904a1b5165d8cfba430f194e286eaee45=missing-handle,native-map-keyed:1d68e7a7c4fdfe49cedb75b5678139cb152cb5b0ebe59b0542935d1fd67d87ae=missing-handle,native-map-keyed:1ef61cf6318b9db7968b35797c3a62b27e08c1ef2475a23ec3ca379b729d92f1=missing-handle,native-map-keyed:1f4a39a368bbaca431ec450a830e3c0bdcaabe0af6de5730eb1f28e59b8dd533=missing-handle,native-map-keyed:20625ebb957139dcbec35004f2ca784c926cdee1439035eb896dbf427495872d=missing-handle,native-map-keyed:219bb835f8f28e6bf59b93f1d069b437875a5d49dbd7631ff34176c572d7a14d=missing-handle,native-map-keyed:22659e86e5cbf79236e023e40ac092600ac5e9ede72a34077c802b5518eb4573=missing-handle,native-map-keyed:226a0bac665d1bf713b8baf39ecf7ae61be856189d1cf823921ed0e53a5c29fe=missing-handle,native-map-keyed:230966b0481d315c12097d9ff7d4da07aa1cdf981552a5323ab088ba990ba950=missing-handle,native-map-keyed:232bfc461f055784e7d90e5e0378d3cea8317eb078c4bf66e7afe999812ff902=missing-handle,native-map-keyed:24ec1f87eb0856b5498709b2be2776f9a3627519b839633e9db0a690a7d9b980=missing-handle,native-map-keyed:2675a421a8639ea87dcfc98b62558519a15cedc35d925663b6909d4988742940=missing-handle,native-map-keyed:26aa612a5755ef95b03c2bfb8c32208b7b862aa4abbf134fa4f9741e95aa173b=missing-handle,native-map-keyed:270c75661f320e8c98c039a8c4a26724a568469937485ff8f748e5e7045d0239=missing-handle,native-map-keyed:2775964d9f9d7b8b06e60a4bc848015817a1fa04cccfffe2e936202ea0756d4b=missing-handle,native-map-keyed:289cb8d084c1cc6b504d8152af2de8f7372c563f8104a8c78ad208caccefb34b=missing-handle,native-map-keyed:2a537899c5467f32f4e30a657c233ed270db6f829d90106b7fa0704f469d167c=missing-handle,native-map-keyed:2c23c96dff1833158278c530f06f4b8d8fdd63615784baa209e77d87ba9607f7=missing-handle,native-map-keyed:2c76f7575f3d1661681533a2ed2893f96c1f4b914bcfd60ae32c207561eb263b=missing-handle,native-map-keyed:2cd7444281094e689c5fe7c22a994aa527766e0665fc32b2cec42cbdc9978ab4=missing-handle,native-map-keyed:2d98ce9df6396e943fa00aebaf7a929c15ebaa4ab8e71ab99299c7f31b75d240=missing-handle,native-map-keyed:2fa02ae3202a4c91117b85d6ed57ca1d81c787b4b32ad6561c9ca340312d1620=missing-handle,native-map-keyed:313c3e7a3a4bef6d0ef6b02a9b0c37230ef819d06c72012bb513a591244a393d=missing-handle,native-map-keyed:354a710bc4fda3d19397bf717ca33f56979dd060b1538402c6dcd8a12eb31a81=missing-handle,native-map-keyed:357ae499cdc01c6fb8e7f6a351f31e453a56bc0be6a8b044a7d5b03d97e69edc=missing-handle,native-map-keyed:359c62fe94c5cd29c97b629749c8
10-02 16:25:02.069 17096 17118 I RustStdoutStderr: 
10-02 16:25:02.072 17096 17118 I RustStdoutStderr: [android-world-render] map_current=false map_live=0 map_missing=0 map_image_revision=207 entity_live=false entity_self_visible=false entity_layers=3
10-02 16:25:02.108 17096 17119 I event /Users/henryliu/obelisk/numeron-worktrees/android-shared-sync/mir2-web3/third_party/bevyMIR2_ANDROID_SURFACE_ATTACHMENT_PROBE frame=13 raw=3 live=true internal=0x8058 size=2340x1080 samples=0 expected=Rgba8Unorm
10-02 16:25:02.108 17096 17118 I RustStdoutStderr: [2m2026-10-02T08:25:02.108570Z[0m [32m INFO[0m [2mbevy_render::view::window[0m[2m:[0m MIR2_ANDROID_SURFACE_ATTACHMENT_PROBE frame=13 raw=3 live=true internal=0x8058 size=2340x1080 samples=0 expected=Rgba8Unorm
10-02 16:25:02.109 17096 17119 I event /Users/henryliu/obelisk/numeron-worktrees/android-shared-sync/mir2-web3/third_party/bevyMIR2_ANDROID_VIEW_OUTPUT_PROBE frame=14 entity=178v0 current_surface_raw=3 has_camera=true has_view=true msaa=Some(Off) physical_target=Some(UVec2(2340, 1080)) output=Some("TextureView { inner: Renderbuffer { raw: NativeRenderbuffer(3) }, aspects: FormatAspects(COLOR), mip_levels: 0..1, array_layers: 0..1, format: Rgba8Unorm }")
10-02 16:25:02.109 17096 17118 I RustStdoutStderr: [2m2026-10-02T08:25:02.109262Z[0m [32m INFO[0m [2mbevy_render::view::window[0m[2m:[0m MIR2_ANDROID_VIEW_OUTPUT_PROBE frame=14 entity=178v0 current_surface_raw=3 has_camera=true has_view=true msaa=Some(Off) physical_target=Some(UVec2(2340, 1080)) output=Some("TextureView { inner: Renderbuffer { raw: NativeRenderbuffer(3) }, aspects: FormatAspects(COLOR), mip_levels: 0..1, array_layers: 0..1, format: Rgba8Unorm }")
10-02 16:25:02.123 17096 17118 I RustStdoutStderr: [runtime-map] waiting-images center=Some(PresentationGridCenter { x: 302, y: 634 }) states=[native-map-keyed:219bb835f8f28e6bf59b93f1d069b437875a5d49dbd7631ff34176c572d7a14d=missing-handle,native-map-keyed:2675a421a8639ea87dcfc98b62558519a15cedc35d925663b6909d4988742940=missing-handle,native-map-keyed:5a3f3287b599f8b60d5a2ad16f4aa4aeed98a433e09d7932fb8dd57e61c46776=missing-handle,native-map-keyed:6a778aa0f93b323c9102b3ec389ed4c65d65644552e32a1c32ed487603dce9a0=missing-handle,native-map-keyed:77f86b89cabe30a4ccfe47d1139f4a6fb2b9d79410fa8540716274f333a5eec6=missing-handle,native-map-keyed:79e30490e7e56bf2f9cad61c1bdf4da436514883303f6c51b33fefa9a8de7309=missing-handle,native-map-keyed:811f61ee4fa05ca4eb498839e541ad17789d4ab44ad65c895960e476652b0878=missing-handle,native-map-keyed:8cdf7f98e7b986c388d704f3d05e79bdf7b1fcefcf0c9ecafdf1e81038476378=missing-handle,native-map-keyed:9d44df96116d410453f470ce2c5cfc2da78eabb52dc3cbf40384de2b9acb30f3=missing-handle,native-map-keyed:a6f7a9347911c95567dd6c67f5a6ebb96105915b37630e4ceb8909abe0dffe83=missing-handle,native-map-keyed:bce335e5292910b72ea617f21452dfb2ef76ce679e5f03831e104ea177d71f69=missing-handle,native-map-keyed:be5e37d27005566676fcd25fc67e8f87e9fa5f0ef1ead1a158ef0567aa3f1425=missing-handle,native-map-keyed:c0fb45e9956765f71d9a59c67240104aa3b57a7e447fd45d68147e8876a26baa=missing-handle,native-map-keyed:c7765f23a61c25c53a13a806a49df190970f0d5874e423dab55b8cd353aaa380=missing-handle,native-map-keyed:d2023e9aca9d7789a3759699f91158b203d8dddb327e9003e78008503147cd57=missing-handle,native-map-keyed:d2a6feb956b426eb88640e39bcfaaf5b7eb53c2ae46903ed06ac54db9675c3be=missing-handle,native-map-keyed:d40064aedb300a0c590d9fa3f3204b91021a61499c08f9d0716cc0f36620b6a9=missing-handle,native-map-keyed:d9c8ff59b2a56ad01e23464985cbc57ac906ab954db069085708e3d95149efcd=missing-handle,native-map-keyed:e1702ba87e29d8e5bf85cdaa30d4f0e46758e1acf3b583f91a4a446ebda7222b=missing-handle,native-map-keyed:f4d8289610a3173117c3a21176753e8fc15d5d02a50c199b51be89294c7585ef=missing-handle,native-map-keyed:f8dd4408b41e7afb55d7d7e6ed5d2ca5bf6e6f399d940f7b50cdafea8051888a=missing-handle]
10-02 16:25:02.126 17096 17118 I RustStdoutStderr: [android-world-render] map_current=false map_live=0 map_missing=0 map_image_revision=228 entity_live=false entity_self_visible=false entity_layers=3
10-02 16:25:02.162 17096 17119 I event /Users/henryliu/obelisk/numeron-worktrees/android-shared-sync/mir2-web3/third_party/bevyMIR2_ANDROID_SURFACE_ATTACHMENT_PROBE frame=14 raw=3 live=true internal=0x8058 size=2340x1080 samples=0 expected=Rgba8Unorm
10-02 16:25:02.163 17096 17118 I RustStdoutStderr: [2m2026-10-02T08:25:02.162809Z[0m [32m INFO[0m [2mbevy_render::view::window[0m[2m:[0m MIR2_ANDROID_SURFACE_ATTACHMENT_PROBE frame=14 raw=3 live=true internal=0x8058 size=2340x1080 samples=0 expected=Rgba8Unorm
10-02 16:25:02.164 17096 17119 I event /Users/henryliu/obelisk/numeron-worktrees/android-shared-sync/mir2-web3/third_party/bevyMIR2_ANDROID_VIEW_OUTPUT_PROBE frame=15 entity=178v0 current_surface_raw=3 has_camera=true has_view=true msaa=Some(Off) physical_target=Some(UVec2(2340, 1080)) output=Some("TextureView { inner: Renderbuffer { raw: NativeRenderbuffer(3) }, aspects: FormatAspects(COLOR), mip_levels: 0..1, array_layers: 0..1, format: Rgba8Unorm }")
10-02 16:25:02.164 17096 17118 I RustStdoutStderr: [2m2026-10-02T08:25:02.164163Z[0m [32m INFO[0m [2mbevy_render::view::window[0m[2m:[0m MIR2_ANDROID_VIEW_OUTPUT_PROBE frame=15 entity=178v0 current_surface_raw=3 has_camera=true has_view=true msaa=Some(Off) physical_target=Some(UVec2(2340, 1080)) output=Some("TextureView { inner: Renderbuffer { raw: NativeRenderbuffer(3) }, aspects: FormatAspects(COLOR), mip_levels: 0..1, array_layers: 0..1, format: Rgba8Unorm }")
10-02 16:25:02.178 17096 17118 I RustStdoutStderr: [runtime-map] synced center=Some(PresentationGridCenter { x: 302, y: 634 }) tiles=607 standalone=242 live=849 missingBindings=0 sample=[]
10-02 16:25:02.182 17096 17118 I RustStdoutStderr: [android-world-render] map_current=true map_live=849 map_missing=0 map_image_revision=228 entity_live=false entity_self_visible=false entity_layers=7
10-02 16:25:02.202 17096 17119 I event /Users/henryliu/obelisk/numeron-worktrees/android-shared-sync/mir2-web3/third_party/bevyMIR2_ANDROID_SURFACE_ATTACHMENT_PROBE frame=15 raw=3 live=true internal=0x8058 size=2340x1080 samples=0 expected=Rgba8Unorm
10-02 16:25:02.202 17096 17118 I RustStdoutStderr: [2m2026-10-02T08:25:02.202274Z[0m [32m INFO[0m [2mbevy_render::view::window[0m[2m:[0m MIR2_ANDROID_SURFACE_ATTACHMENT_PROBE frame=15 raw=3 live=true internal=0x8058 size=2340x1080 samples=0 expected=Rgba8Unorm
10-02 16:25:02.203 17096 17119 I event /Users/henryliu/obelisk/numeron-worktrees/android-shared-sync/mir2-web3/third_party/bevyMIR2_ANDROID_VIEW_OUTPUT_PROBE frame=16 entity=178v0 current_surface_raw=3 has_camera=true has_view=true msaa=Some(Off) physical_target=Some(UVec2(2340, 1080)) output=Some("TextureView { inner: Renderbuffer { raw: NativeRenderbuffer(3) }, aspects: FormatAspects(COLOR), mip_levels: 0..1, array_layers: 0..1, format: Rgba8Unorm }")
10-02 16:25:02.203 17096 17118 I RustStdoutStderr: [2m2026-10-02T08:25:02.203255Z[0m [32m INFO[0m [2mbevy_render::view::window[0m[2m:[0m MIR2_ANDROID_VIEW_OUTPUT_PROBE frame=16 entity=178v0 current_surface_raw=3 has_camera=true has_view=true msaa=Some(Off) physical_target=Some(UVec2(2340, 1080)) output=Some("TextureView { inner: Renderbuffer { raw: NativeRenderbuffer(3) }, aspects: FormatAspects(COLOR), mip_levels: 0..1, array_layers: 0..1, format: Rgba8Unorm }")
10-02 16:25:02.228 17096 17119 I event /Users/henryliu/obelisk/numeron-worktrees/android-shared-sync/mir2-web3/third_party/bevyMIR2_ANDROID_SURFACE_ATTACHMENT_PROBE frame=16 raw=3 live=true internal=0x8058 size=2340x1080 samples=0 expected=Rgba8Unorm
10-02 16:25:02.228 17096 17118 I RustStdoutStderr: [2m2026-10-02T08:25:02.228753Z[0m [32m INFO[0m [2mbevy_render::view::window[0m[2m:[0m MIR2_ANDROID_SURFACE_ATTACHMENT_PROBE frame=16 raw=3 live=true internal=0x8058 size=2340x1080 samples=0 expected=Rgba8Unorm
10-02 16:25:02.229 17096 17119 I event /Users/henryliu/obelisk/numeron-worktrees/android-shared-sync/mir2-web3/third_party/bevyMIR2_ANDROID_VIEW_OUTPUT_PROBE frame=17 entity=178v0 current_surface_raw=3 has_camera=true has_view=true msaa=Some(Off) physical_target=Some(UVec2(2340, 1080)) output=Some("TextureView { inner: Renderbuffer { raw: NativeRenderbuffer(3) }, aspects: FormatAspects(COLOR), mip_levels: 0..1, array_layers: 0..1, format: Rgba8Unorm }")
10-02 16:25:02.229 17096 17118 I RustStdoutStderr: [2m2026-10-02T08:25:02.229235Z[0m [32m INFO[0m [2mbevy_render::view::window[0m[2m:[0m MIR2_ANDROID_VIEW_OUTPUT_PROBE frame=17 entity=178v0 current_surface_raw=3 has_camera=true has_view=true msaa=Some(Off) physical_target=Some(UVec2(2340, 1080)) output=Some("TextureView { inner: Renderbuffer { raw: NativeRenderbuffer(3) }, aspects: FormatAspects(COLOR), mip_levels: 0..1, array_layers: 0..1, format: Rgba8Unorm }")
10-02 16:25:02.242 17096 17118 I RustStdoutStderr: [android-world-render] map_current=true map_live=849 map_missing=0 map_image_revision=228 entity_live=true entity_self_visible=true entity_layers=13
10-02 16:25:02.256 17096 17119 I event /Users/henryliu/obelisk/numeron-worktrees/android-shared-sync/mir2-web3/third_party/bevyMIR2_ANDROID_SURFACE_ATTACHMENT_PROBE frame=17 raw=3 live=true internal=0x8058 size=2340x1080 samples=0 expected=Rgba8Unorm
10-02 16:25:02.257 17096 17118 I RustStdoutStderr: [2m2026-10-02T08:25:02.256857Z[0m [32m INFO[0m [2mbevy_render::view::window[0m[2m:[0m MIR2_ANDROID_SURFACE_ATTACHMENT_PROBE frame=17 raw=3 live=true internal=0x8058 size=2340x1080 samples=0 expected=Rgba8Unorm
10-02 16:25:02.258 17096 17119 I event /Users/henryliu/obelisk/numeron-worktrees/android-shared-sync/mir2-web3/third_party/bevyMIR2_ANDROID_VIEW_OUTPUT_PROBE frame=18 entity=178v0 current_surface_raw=3 has_camera=true has_view=true msaa=Some(Off) physical_target=Some(UVec2(2340, 1080)) output=Some("TextureView { inner: Renderbuffer { raw: NativeRenderbuffer(3) }, aspects: FormatAspects(COLOR), mip_levels: 0..1, array_layers: 0..1, format: Rgba8Unorm }")
10-02 16:25:02.258 17096 17118 I RustStdoutStderr: [2m2026-10-02T08:25:02.258082Z[0m [32m INFO[0m [2mbevy_render::view::window[0m[2m:[0m MIR2_ANDROID_VIEW_OUTPUT_PROBE frame=18 entity=178v0 current_surface_raw=3 has_camera=true has_view=true msaa=Some(Off) physical_target=Some(UVec2(2340, 1080)) output=Some("TextureView { inner: Renderbuffer { raw: NativeRenderbuffer(3) }, aspects: FormatAspects(COLOR), mip_levels: 0..1, array_layers: 0..1, format: Rgba8Unorm }")
10-02 16:25:02.264 17096 17123 I event src/shared_shell.rs:1330: packaged Android world frame queuedrequest_id = 18446744073709551615; pages = 7; sprites = 2111; compressed_bytes = 14785921; rgba_bytes = 7340032; map_object_rgba_bytes = 10489920; map_width = 700; map_height = 700; map_atlases = 7; map_tiles = 607; map_standalone_tiles = 242; unresolved_draws = 0; entity_pages = 5; entities = 8; entity_layers = 13; unresolved_entities = 0; entity_unindexed_rects = 24; entity_compressed_bytes = 11209197; entity_rgba_bytes = 83886080; entity_manifest_sha256 = "929d146535bde9b61c75c33af0e98852dcc3aef83320869aac9f06f4bdd530d9";
10-02 16:25:02.264 17096 17118 I RustStdoutStderr: [2m2026-10-02T08:25:02.264826Z[0m [32m INFO[0m [2mmir2_platform_android::shared_shell[0m[2m:[0m packaged Android world frame queued [3mrequest_id[0m[2m=[0m18446744073709551615 [3mpages[0m[2m=[0m7 [3msprites[0m[2m=[0m2111 [3mcompressed_bytes[0m[2m=[0m14785921 [3mrgba_bytes[0m[2m=[0m7340032 [3mmap_object_rgba_bytes[0m[2m=[0m10489920 [3mmap_width[0m[2m=[0m700 [3mmap_height[0m[2m=[0m700 [3mmap_atlases[0m[2m=[0m7 [3mmap_tiles[0m[2m=[0m607 [3mmap_standalone_tiles[0m[2m=[0m242 [3munresolved_draws[0m[2m=[0m0 [3mentity_pages[0m[2m=[0m5 [3mentities[0m[2m=[0m8 [3mentity_layers[0m[2m=[0m13 [3munresolved_entities[0m[2m=[0m0 [3mentity_unindexed_rects[0m[2m=[0m24 [3mentity_compressed_bytes[0m[2m=[0m11209197 [3mentity_rgba_bytes[0m[2m=[0m83886080 [3mentity_manifest_sha256[0m[2m=[0m"929d146535bde9b61c75c33af0e98852dcc3aef83320869aac9f06f4bdd530d9"
10-02 16:25:02.274 17096 17119 I event /Users/henryliu/obelisk/numeron-worktrees/android-shared-sync/mir2-web3/third_party/bevyMIR2_ANDROID_SURFACE_ATTACHMENT_PROBE frame=18 raw=3 live=true internal=0x8058 size=2340x1080 samples=0 expected=Rgba8Unorm
10-02 16:25:02.274 17096 17119 I event /Users/henryliu/obelisk/numeron-worktrees/android-shared-sync/mir2-web3/third_party/bevyMIR2_ANDROID_VIEW_OUTPUT_PROBE frame=19 entity=178v0 current_surface_raw=3 has_camera=true has_view=true msaa=Some(Off) physical_target=Some(UVec2(2340, 1080)) output=Some("TextureView { inner: Renderbuffer { raw: NativeRenderbuffer(3) }, aspects: FormatAspects(COLOR), mip_levels: 0..1, array_layers: 0..1, format: Rgba8Unorm }")
10-02 16:25:02.274 17096 17118 I RustStdoutStderr: [2m2026-10-02T08:25:02.274432Z[0m [32m INFO[0m [2mbevy_render::view::window[0m[2m:[0m MIR2_ANDROID_SURFACE_ATTACHMENT_PROBE frame=18 raw=3 live=true internal=0x8058 size=2340x1080 samples=0 expected=Rgba8Unorm
10-02 16:25:02.274 17096 17118 I RustStdoutStderr: [2m2026-10-02T08:25:02.274719Z[0m [32m INFO[0m [2mbevy_render::view::window[0m[2m:[0m MIR2_ANDROID_VIEW_OUTPUT_PROBE frame=19 entity=178v0 current_surface_raw=3 has_camera=true has_view=true msaa=Some(Off) physical_target=Some(UVec2(2340, 1080)) output=Some("TextureView { inner: Renderbuffer { raw: NativeRenderbuffer(3) }, aspects: FormatAspects(COLOR), mip_levels: 0..1, array_layers: 0..1, format: Rgba8Unorm }")
10-02 16:25:02.282 17096 17122 I event src/ui_preview.rs:558: ANDROID_OBJECT_METADATA_PRESENTATION_APPLIED
10-02 16:25:02.282 17096 17118 I RustStdoutStderr: [2m2026-10-02T08:25:02.282645Z[0m [32m INFO[0m [2mmir2_platform_android::ui_preview[0m[2m:[0m ANDROID_OBJECT_METADATA_PRESENTATION_APPLIED
10-02 16:25:02.284 17096 17122 I event src/ui_preview.rs:563: ANDROID_OBJECT_POISON_PRESENTATION_APPLIED
10-02 16:25:02.284 17096 17118 I RustStdoutStderr: [2m2026-10-02T08:25:02.284274Z[0m [32m INFO[0m [2mmir2_platform_android::ui_preview[0m[2m:[0m ANDROID_OBJECT_POISON_PRESENTATION_APPLIED
10-02 16:25:02.285 17096 17122 I event src/ui_preview.rs:568: ANDROID_OBJECT_HIDDEN_PRESENTATION_APPLIED
10-02 16:25:02.285 17096 17118 I RustStdoutStderr: [2m2026-10-02T08:25:02.285280Z[0m [32m INFO[0m [2mmir2_platform_android::ui_preview[0m[2m:[0m ANDROID_OBJECT_HIDDEN_PRESENTATION_APPLIED
10-02 16:25:02.285 17096 17122 I event src/ui_preview.rs:573: ANDROID_OWNED_HERO_VITALS_APPLIED
10-02 16:25:02.285 17096 17122 I event src/ui_preview.rs:606: ANDROID_WORLD_RENDER_READYrequest_id = 18446744073709551615; center_x = 302; center_y = 634; map_tiles = 849; entities = 8; entity_layers = 13;
10-02 16:25:02.285 17096 17118 I RustStdoutStderr: [2m2026-10-02T08:25:02.285661Z[0m [32m INFO[0m [2mmir2_platform_android::ui_preview[0m[2m:[0m ANDROID_OWNED_HERO_VITALS_APPLIED
10-02 16:25:02.285 17096 17118 I RustStdoutStderr: [2m2026-10-02T08:25:02.285724Z[0m [32m INFO[0m [2mmir2_platform_android::ui_preview[0m[2m:[0m ANDROID_WORLD_RENDER_READY [3mrequest_id[0m[2m=[0m18446744073709551615 [3mcenter_x[0m[2m=[0m302 [3mcenter_y[0m[2m=[0m634 [3mmap_tiles[0m[2m=[0m849 [3mentities[0m[2m=[0m8 [3mentity_layers[0m[2m=[0m13
10-02 16:25:02.300 17096 17119 I event /Users/henryliu/obelisk/numeron-worktrees/android-shared-sync/mir2-web3/third_party/bevyMIR2_ANDROID_SURFACE_ATTACHMENT_PROBE frame=19 raw=3 live=true internal=0x8058 size=2340x1080 samples=0 expected=Rgba8Unorm
10-02 16:25:02.300 17096 17118 I RustStdoutStderr: [2m2026-10-02T08:25:02.300753Z[0m [32m INFO[0m [2mbevy_render::view::window[0m[2m:[0m MIR2_ANDROID_SURFACE_ATTACHMENT_PROBE frame=19 raw=3 live=true internal=0x8058 size=2340x1080 samples=0 expected=Rgba8Unorm
10-02 16:25:02.301 17096 17119 I event /Users/henryliu/obelisk/numeron-worktrees/android-shared-sync/mir2-web3/third_party/bevyMIR2_ANDROID_VIEW_OUTPUT_PROBE frame=20 entity=178v0 current_surface_raw=3 has_camera=true has_view=true msaa=Some(Off) physical_target=Some(UVec2(2340, 1080)) output=Some("TextureView { inner: Renderbuffer { raw: NativeRenderbuffer(3) }, aspects: FormatAspects(COLOR), mip_levels: 0..1, array_layers: 0..1, format: Rgba8Unorm }")
10-02 16:25:02.301 17096 17118 I RustStdoutStderr: [2m2026-10-02T08:25:02.301861Z[0m [32m INFO[0m [2mbevy_render::view::window[0m[2m:[0m MIR2_ANDROID_VIEW_OUTPUT_PROBE frame=20 entity=178v0 current_surface_raw=3 has_camera=true has_view=true msaa=Some(Off) physical_target=Some(UVec2(2340, 1080)) output=Some("TextureView { inner: Renderbuffer { raw: NativeRenderbuffer(3) }, aspects: FormatAspects(COLOR), mip_levels: 0..1, array_layers: 0..1, format: Rgba8Unorm }")
10-02 16:25:02.306 17096 17123 I event src/shared_shell.rs:2013: ANDROID_EFFECT_RENDER_STATE_READYeffect_count = 2;
10-02 16:25:02.306 17096 17118 I RustStdoutStderr: [2m2026-10-02T08:25:02.306176Z[0m [32m INFO[0m [2mmir2_platform_android::shared_shell[0m[2m:[0m ANDROID_EFFECT_RENDER_STATE_READY [3meffect_count[0m[2m=[0m2
10-02 16:25:02.307 17096 17123 I event src/ui_preview.rs:115: ANDROID_OWNED_HERO_MANA_VISIBLEcount = 1;
10-02 16:25:02.307 17096 17118 I RustStdoutStderr: [2m2026-10-02T08:25:02.307039Z[0m [32m INFO[0m [2mmir2_platform_android::ui_preview[0m[2m:[0m ANDROID_OWNED_HERO_MANA_VISIBLE [3mcount[0m[2m=[0m1
10-02 16:25:02.318 17096 17119 I event /Users/henryliu/obelisk/numeron-worktrees/android-shared-sync/mir2-web3/third_party/bevyMIR2_ANDROID_SURFACE_ATTACHMENT_PROBE frame=20 raw=3 live=true internal=0x8058 size=2340x1080 samples=0 expected=Rgba8Unorm
10-02 16:25:02.318 17096 17118 I RustStdoutStderr: [2m2026-10-02T08:25:02.318158Z[0m [32m INFO[0m [2mbevy_render::view::window[0m[2m:[0m MIR2_ANDROID_SURFACE_ATTACHMENT_PROBE frame=20 raw=3 live=true internal=0x8058 size=2340x1080 samples=0 expected=Rgba8Unorm
10-02 16:25:02.318 17096 17119 I event /Users/henryliu/obelisk/numeron-worktrees/android-shared-sync/mir2-web3/third_party/bevyMIR2_ANDROID_VIEW_OUTPUT_PROBE frame=21 entity=178v0 current_surface_raw=3 has_camera=true has_view=true msaa=Some(Off) physical_target=Some(UVec2(2340, 1080)) output=Some("TextureView { inner: Renderbuffer { raw: NativeRenderbuffer(3) }, aspects: FormatAspects(COLOR), mip_levels: 0..1, array_layers: 0..1, format: Rgba8Unorm }")
10-02 16:25:02.318 17096 17118 I RustStdoutStderr: [2m2026-10-02T08:25:02.318703Z[0m [32m INFO[0m [2mbevy_render::view::window[0m[2m:[0m MIR2_ANDROID_VIEW_OUTPUT_PROBE frame=21 entity=178v0 current_surface_raw=3 has_camera=true has_view=true msaa=Some(Off) physical_target=Some(UVec2(2340, 1080)) output=Some("TextureView { inner: Renderbuffer { raw: NativeRenderbuffer(3) }, aspects: FormatAspects(COLOR), mip_levels: 0..1, array_layers: 0..1, format: Rgba8Unorm }")
10-02 16:25:02.334 17096 17119 I event /Users/henryliu/obelisk/numeron-worktrees/android-shared-sync/mir2-web3/third_party/bevyMIR2_ANDROID_SURFACE_ATTACHMENT_PROBE frame=21 raw=3 live=true internal=0x8058 size=2340x1080 samples=0 expected=Rgba8Unorm
10-02 16:25:02.334 17096 17118 I RustStdoutStderr: [2m2026-10-02T08:25:02.334405Z[0m [32m INFO[0m [2mbevy_render::view::window[0m[2m:[0m MIR2_ANDROID_SURFACE_ATTACHMENT_PROBE frame=21 raw=3 live=true internal=0x8058 size=2340x1080 samples=0 expected=Rgba8Unorm
10-02 16:25:02.940 17096 17119 I event /Users/henryliu/obelisk/numeron-worktrees/android-shared-sync/mir2-web3/third_party/bevyMIR2_ANDROID_VIEW_OUTPUT_PROBE frame=22 entity=178v0 current_surface_raw=3 has_camera=true has_view=true msaa=Some(Off) physical_target=Some(UVec2(2340, 1080)) output=Some("TextureView { inner: Renderbuffer { raw: NativeRenderbuffer(3) }, aspects: FormatAspects(COLOR), mip_levels: 0..1, array_layers: 0..1, format: Rgba8Unorm }")
10-02 16:25:02.940 17096 17118 I RustStdoutStderr: [2m2026-10-02T08:25:02.940231Z[0m [32m INFO[0m [2mbevy_render::view::window[0m[2m:[0m MIR2_ANDROID_VIEW_OUTPUT_PROBE frame=22 entity=178v0 current_surface_raw=3 has_camera=true has_view=true msaa=Some(Off) physical_target=Some(UVec2(2340, 1080)) output=Some("TextureView { inner: Renderbuffer { raw: NativeRenderbuffer(3) }, aspects: FormatAspects(COLOR), mip_levels: 0..1, array_layers: 0..1, format: Rgba8Unorm }")
10-02 16:25:02.944 17096 17119 D EGL_emulation: app_time_stats: avg=63.36ms min=11.73ms max=622.72ms count=21
10-02 16:25:02.961 17096 17119 I event /Users/henryliu/obelisk/numeron-worktrees/android-shared-sync/mir2-web3/third_party/bevyMIR2_ANDROID_SURFACE_ATTACHMENT_PROBE frame=22 raw=3 live=true internal=0x8058 size=2340x1080 samples=0 expected=Rgba8Unorm
10-02 16:25:02.961 17096 17118 I RustStdoutStderr: [2m2026-10-02T08:25:02.961518Z[0m [32m INFO[0m [2mbevy_render::view::window[0m[2m:[0m MIR2_ANDROID_SURFACE_ATTACHMENT_PROBE frame=22 raw=3 live=true internal=0x8058 size=2340x1080 samples=0 expected=Rgba8Unorm
10-02 16:25:02.962 17096 17118 I RustStdoutStderr: [2m2026-10-02T08:25:02.961990Z[0m [32m INFO[0m [2mbevy_render::view::window[0m[2m:[0m MIR2_ANDROID_VIEW_OUTPUT_PROBE frame=23 entity=178v0 current_surface_raw=3 has_camera=true has_view=true msaa=Some(Off) physical_target=Some(UVec2(2340, 1080)) output=Some("TextureView { inner: Renderbuffer { raw: NativeRenderbuffer(3) }, aspects: FormatAspects(COLOR), mip_levels: 0..1, array_layers: 0..1, format: Rgba8Unorm }")
10-02 16:25:02.962 17096 17119 I event /Users/henryliu/obelisk/numeron-worktrees/android-shared-sync/mir2-web3/third_party/bevyMIR2_ANDROID_VIEW_OUTPUT_PROBE frame=23 entity=178v0 current_surface_raw=3 has_camera=true has_view=true msaa=Some(Off) physical_target=Some(UVec2(2340, 1080)) output=Some("TextureView { inner: Renderbuffer { raw: NativeRenderbuffer(3) }, aspects: FormatAspects(COLOR), mip_levels: 0..1, array_layers: 0..1, format: Rgba8Unorm }")
10-02 16:25:02.977 17096 17119 I event /Users/henryliu/obelisk/numeron-worktrees/android-shared-sync/mir2-web3/third_party/bevyMIR2_ANDROID_SURFACE_ATTACHMENT_PROBE frame=23 raw=3 live=true internal=0x8058 size=2340x1080 samples=0 expected=Rgba8Unorm
10-02 16:25:02.977 17096 17118 I RustStdoutStderr: [2m2026-10-02T08:25:02.977592Z[0m [32m INFO[0m [2mbevy_render::view::window[0m[2m:[0m MIR2_ANDROID_SURFACE_ATTACHMENT_PROBE frame=23 raw=3 live=true internal=0x8058 size=2340x1080 samples=0 expected=Rgba8Unorm
10-02 16:25:02.978 17096 17119 I event /Users/henryliu/obelisk/numeron-worktrees/android-shared-sync/mir2-web3/third_party/bevyMIR2_ANDROID_VIEW_OUTPUT_PROBE frame=24 entity=178v0 current_surface_raw=3 has_camera=true has_view=true msaa=Some(Off) physical_target=Some(UVec2(2340, 1080)) output=Some("TextureView { inner: Renderbuffer { raw: NativeRenderbuffer(3) }, aspects: FormatAspects(COLOR), mip_levels: 0..1, array_layers: 0..1, format: Rgba8Unorm }")
10-02 16:25:02.978 17096 17118 I RustStdoutStderr: [2m2026-10-02T08:25:02.977995Z[0m [32m INFO[0m [2mbevy_render::view::window[0m[2m:[0m MIR2_ANDROID_VIEW_OUTPUT_PROBE frame=24 entity=178v0 current_surface_raw=3 has_camera=true has_view=true msaa=Some(Off) physical_target=Some(UVec2(2340, 1080)) output=Some("TextureView { inner: Renderbuffer { raw: NativeRenderbuffer(3) }, aspects: FormatAspects(COLOR), mip_levels: 0..1, array_layers: 0..1, format: Rgba8Unorm }")
10-02 16:25:02.993 17096 17119 I event /Users/henryliu/obelisk/numeron-worktrees/android-shared-sync/mir2-web3/third_party/bevyMIR2_ANDROID_SURFACE_ATTACHMENT_PROBE frame=24 raw=3 live=true internal=0x8058 size=2340x1080 samples=0 expected=Rgba8Unorm
10-02 16:25:02.993 17096 17118 I RustStdoutStderr: [2m2026-10-02T08:25:02.993698Z[0m [32m INFO[0m [2mbevy_render::view::window[0m[2m:[0m MIR2_ANDROID_SURFACE_ATTACHMENT_PROBE frame=24 raw=3 live=true internal=0x8058 size=2340x1080 samples=0 expected=Rgba8Unorm
10-02 16:25:02.994 17096 17119 I event /Users/henryliu/obelisk/numeron-worktrees/android-shared-sync/mir2-web3/third_party/bevyMIR2_ANDROID_VIEW_OUTPUT_PROBE frame=25 entity=178v0 current_surface_raw=3 has_camera=true has_view=true msaa=Some(Off) physical_target=Some(UVec2(2340, 1080)) output=Some("TextureView { inner: Renderbuffer { raw: NativeRenderbuffer(3) }, aspects: FormatAspects(COLOR), mip_levels: 0..1, array_layers: 0..1, format: Rgba8Unorm }")
10-02 16:25:02.994 17096 17118 I RustStdoutStderr: [2m2026-10-02T08:25:02.994136Z[0m [32m INFO[0m [2mbevy_render::view::window[0m[2m:[0m MIR2_ANDROID_VIEW_OUTPUT_PROBE frame=25 entity=178v0 current_surface_raw=3 has_camera=true has_view=true msaa=Some(Off) physical_target=Some(UVec2(2340, 1080)) output=Some("TextureView { inner: Renderbuffer { raw: NativeRenderbuffer(3) }, aspects: FormatAspects(COLOR), mip_levels: 0..1, array_layers: 0..1, format: Rgba8Unorm }")
10-02 16:25:03.009 17096 17119 I event /Users/henryliu/obelisk/numeron-worktrees/android-shared-sync/mir2-web3/third_party/bevyMIR2_ANDROID_SURFACE_ATTACHMENT_PROBE frame=25 raw=3 live=true internal=0x8058 size=2340x1080 samples=0 expected=Rgba8Unorm
10-02 16:25:03.009 17096 17118 I RustStdoutStderr: [2m2026-10-02T08:25:03.009565Z[0m [32m INFO[0m [2mbevy_render::view::window[0m[2m:[0m MIR2_ANDROID_SURFACE_ATTACHMENT_PROBE frame=25 raw=3 live=true internal=0x8058 size=2340x1080 samples=0 expected=Rgba8Unorm
10-02 16:25:03.010 17096 17119 I event /Users/henryliu/obelisk/numeron-worktrees/android-shared-sync/mir2-web3/third_party/bevyMIR2_ANDROID_VIEW_OUTPUT_PROBE frame=26 entity=178v0 current_surface_raw=3 has_camera=true has_view=true msaa=Some(Off) physical_target=Some(UVec2(2340, 1080)) output=Some("TextureView { inner: Renderbuffer { raw: NativeRenderbuffer(3) }, aspects: FormatAspects(COLOR), mip_levels: 0..1, array_layers: 0..1, format: Rgba8Unorm }")
10-02 16:25:03.010 17096 17118 I RustStdoutStderr: [2m2026-10-02T08:25:03.010146Z[0m [32m INFO[0m [2mbevy_render::view::window[0m[2m:[0m MIR2_ANDROID_VIEW_OUTPUT_PROBE frame=26 entity=178v0 current_surface_raw=3 has_camera=true has_view=true msaa=Some(Off) physical_target=Some(UVec2(2340, 1080)) output=Some("TextureView { inner: Renderbuffer { raw: NativeRenderbuffer(3) }, aspects: FormatAspects(COLOR), mip_levels: 0..1, array_layers: 0..1, format: Rgba8Unorm }")
10-02 16:25:03.026 17096 17119 I event /Users/henryliu/obelisk/numeron-worktrees/android-shared-sync/mir2-web3/third_party/bevyMIR2_ANDROID_SURFACE_ATTACHMENT_PROBE frame=26 raw=3 live=true internal=0x8058 size=2340x1080 samples=0 expected=Rgba8Unorm
10-02 16:25:03.026 17096 17118 I RustStdoutStderr: [2m2026-10-02T08:25:03.026017Z[0m [32m INFO[0m [2mbevy_render::view::window[0m[2m:[0m MIR2_ANDROID_SURFACE_ATTACHMENT_PROBE frame=26 raw=3 live=true internal=0x8058 size=2340x1080 samples=0 expected=Rgba8Unorm
10-02 16:25:03.026 17096 17119 I event /Users/henryliu/obelisk/numeron-worktrees/android-shared-sync/mir2-web3/third_party/bevyMIR2_ANDROID_VIEW_OUTPUT_PROBE frame=27 entity=178v0 current_surface_raw=3 has_camera=true has_view=true msaa=Some(Off) physical_target=Some(UVec2(2340, 1080)) output=Some("TextureView { inner: Renderbuffer { raw: NativeRenderbuffer(3) }, aspects: FormatAspects(COLOR), mip_levels: 0..1, array_layers: 0..1, format: Rgba8Unorm }")
10-02 16:25:03.026 17096 17118 I RustStdoutStderr: [2m2026-10-02T08:25:03.026458Z[0m [32m INFO[0m [2mbevy_render::view::window[0m[2m:[0m MIR2_ANDROID_VIEW_OUTPUT_PROBE frame=27 entity=178v0 current_surface_raw=3 has_camera=true has_view=true msaa=Some(Off) physical_target=Some(UVec2(2340, 1080)) output=Some("TextureView { inner: Renderbuffer { raw: NativeRenderbuffer(3) }, aspects: FormatAspects(COLOR), mip_levels: 0..1, array_layers: 0..1, format: Rgba8Unorm }")
10-02 16:25:03.044 17096 17119 I event /Users/henryliu/obelisk/numeron-worktrees/android-shared-sync/mir2-web3/third_party/bevyMIR2_ANDROID_SURFACE_ATTACHMENT_PROBE frame=27 raw=3 live=true internal=0x8058 size=2340x1080 samples=0 expected=Rgba8Unorm
10-02 16:25:03.044 17096 17118 I RustStdoutStderr: [2m2026-10-02T08:25:03.044343Z[0m [32m INFO[0m [2mbevy_render::view::window[0m[2m:[0m MIR2_ANDROID_SURFACE_ATTACHMENT_PROBE frame=27 raw=3 live=true internal=0x8058 size=2340x1080 samples=0 expected=Rgba8Unorm
10-02 16:25:03.044 17096 17119 I event /Users/henryliu/obelisk/numeron-worktrees/android-shared-sync/mir2-web3/third_party/bevyMIR2_ANDROID_VIEW_OUTPUT_PROBE frame=28 entity=178v0 current_surface_raw=3 has_camera=true has_view=true msaa=Some(Off) physical_target=Some(UVec2(2340, 1080)) output=Some("TextureView { inner: Renderbuffer { raw: NativeRenderbuffer(3) }, aspects: FormatAspects(COLOR), mip_levels: 0..1, array_layers: 0..1, format: Rgba8Unorm }")
10-02 16:25:03.045 17096 17118 I RustStdoutStderr: [2m2026-10-02T08:25:03.044665Z[0m [32m INFO[0m [2mbevy_render::view::window[0m[2m:[0m MIR2_ANDROID_VIEW_OUTPUT_PROBE frame=28 entity=178v0 current_surface_raw=3 has_camera=true has_view=true msaa=Some(Off) physical_target=Some(UVec2(2340, 1080)) output=Some("TextureView { inner: Renderbuffer { raw: NativeRenderbuffer(3) }, aspects: FormatAspects(COLOR), mip_levels: 0..1, array_layers: 0..1, format: Rgba8Unorm }")
10-02 16:25:03.059 17096 17119 I event /Users/henryliu/obelisk/numeron-worktrees/android-shared-sync/mir2-web3/third_party/bevyMIR2_ANDROID_SURFACE_ATTACHMENT_PROBE frame=28 raw=3 live=true internal=0x8058 size=2340x1080 samples=0 expected=Rgba8Unorm
10-02 16:25:03.059 17096 17118 I RustStdoutStderr: [2m2026-10-02T08:25:03.059219Z[0m [32m INFO[0m [2mbevy_render::view::window[0m[2m:[0m MIR2_ANDROID_SURFACE_ATTACHMENT_PROBE frame=28 raw=3 live=true internal=0x8058 size=2340x1080 samples=0 expected=Rgba8Unorm
10-02 16:25:03.059 17096 17119 I event /Users/henryliu/obelisk/numeron-worktrees/android-shared-sync/mir2-web3/third_party/bevyMIR2_ANDROID_VIEW_OUTPUT_PROBE frame=29 entity=178v0 current_surface_raw=3 has_camera=true has_view=true msaa=Some(Off) physical_target=Some(UVec2(2340, 1080)) output=Some("TextureView { inner: Renderbuffer { raw: NativeRenderbuffer(3) }, aspects: FormatAspects(COLOR), mip_levels: 0..1, array_layers: 0..1, format: Rgba8Unorm }")
10-02 16:25:03.059 17096 17118 I RustStdoutStderr: [2m2026-10-02T08:25:03.059635Z[0m [32m INFO[0m [2mbevy_render::view::window[0m[2m:[0m MIR2_ANDROID_VIEW_OUTPUT_PROBE frame=29 entity=178v0 current_surface_raw=3 has_camera=true has_view=true msaa=Some(Off) physical_target=Some(UVec2(2340, 1080)) output=Some("TextureView { inner: Renderbuffer { raw: NativeRenderbuffer(3) }, aspects: FormatAspects(COLOR), mip_levels: 0..1, array_layers: 0..1, format: Rgba8Unorm }")
10-02 16:25:03.075 17096 17119 I event /Users/henryliu/obelisk/numeron-worktrees/android-shared-sync/mir2-web3/third_party/bevyMIR2_ANDROID_SURFACE_ATTACHMENT_PROBE frame=29 raw=3 live=true internal=0x8058 size=2340x1080 samples=0 expected=Rgba8Unorm
10-02 16:25:03.075 17096 17118 I RustStdoutStderr: [2m2026-10-02T08:25:03.075344Z[0m [32m INFO[0m [2mbevy_render::view::window[0m[2m:[0m MIR2_ANDROID_SURFACE_ATTACHMENT_PROBE frame=29 raw=3 live=true internal=0x8058 size=2340x1080 samples=0 expected=Rgba8Unorm
10-02 16:25:03.075 17096 17119 I event /Users/henryliu/obelisk/numeron-worktrees/android-shared-sync/mir2-web3/third_party/bevyMIR2_ANDROID_VIEW_OUTPUT_PROBE frame=30 entity=178v0 current_surface_raw=3 has_camera=true has_view=true msaa=Some(Off) physical_target=Some(UVec2(2340, 1080)) output=Some("TextureView { inner: Renderbuffer { raw: NativeRenderbuffer(3) }, aspects: FormatAspects(COLOR), mip_levels: 0..1, array_layers: 0..1, format: Rgba8Unorm }")
10-02 16:25:03.076 17096 17118 I RustStdoutStderr: [2m2026-10-02T08:25:03.075968Z[0m [32m INFO[0m [2mbevy_render::view::window[0m[2m:[0m MIR2_ANDROID_VIEW_OUTPUT_PROBE frame=30 entity=178v0 current_surface_raw=3 has_camera=true has_view=true msaa=Some(Off) physical_target=Some(UVec2(2340, 1080)) output=Some("TextureView { inner: Renderbuffer { raw: NativeRenderbuffer(3) }, aspects: FormatAspects(COLOR), mip_levels: 0..1, array_layers: 0..1, format: Rgba8Unorm }")
10-02 16:25:03.092 17096 17119 I event /Users/henryliu/obelisk/numeron-worktrees/android-shared-sync/mir2-web3/third_party/bevyMIR2_ANDROID_SURFACE_ATTACHMENT_PROBE frame=30 raw=3 live=true internal=0x8058 size=2340x1080 samples=0 expected=Rgba8Unorm
10-02 16:25:03.092 17096 17118 I RustStdoutStderr: [2m2026-10-02T08:25:03.092352Z[0m [32m INFO[0m [2mbevy_render::view::window[0m[2m:[0m MIR2_ANDROID_SURFACE_ATTACHMENT_PROBE frame=30 raw=3 live=true internal=0x8058 size=2340x1080 samples=0 expected=Rgba8Unorm
10-02 16:25:03.093 17096 17119 I event /Users/henryliu/obelisk/numeron-worktrees/android-shared-sync/mir2-web3/third_party/bevyMIR2_ANDROID_VIEW_OUTPUT_PROBE frame=31 entity=178v0 current_surface_raw=3 has_camera=true has_view=true msaa=Some(Off) physical_target=Some(UVec2(2340, 1080)) output=Some("TextureView { inner: Renderbuffer { raw: NativeRenderbuffer(3) }, aspects: FormatAspects(COLOR), mip_levels: 0..1, array_layers: 0..1, format: Rgba8Unorm }")
10-02 16:25:03.093 17096 17118 I RustStdoutStderr: [2m2026-10-02T08:25:03.093109Z[0m [32m INFO[0m [2mbevy_render::view::window[0m[2m:[0m MIR2_ANDROID_VIEW_OUTPUT_PROBE frame=31 entity=178v0 current_surface_raw=3 has_camera=true has_view=true msaa=Some(Off) physical_target=Some(UVec2(2340, 1080)) output=Some("TextureView { inner: Renderbuffer { raw: NativeRenderbuffer(3) }, aspects: FormatAspects(COLOR), mip_levels: 0..1, array_layers: 0..1, format: Rgba8Unorm }")
10-02 16:25:03.110 17096 17119 I event /Users/henryliu/obelisk/numeron-worktrees/android-shared-sync/mir2-web3/third_party/bevyMIR2_ANDROID_SURFACE_ATTACHMENT_PROBE frame=31 raw=3 live=true internal=0x8058 size=2340x1080 samples=0 expected=Rgba8Unorm
10-02 16:25:03.110 17096 17118 I RustStdoutStderr: [2m2026-10-02T08:25:03.110468Z[0m [32m INFO[0m [2mbevy_render::view::window[0m[2m:[0m MIR2_ANDROID_SURFACE_ATTACHMENT_PROBE frame=31 raw=3 live=true internal=0x8058 size=2340x1080 samples=0 expected=Rgba8Unorm
10-02 16:25:03.110 17096 17119 I event /Users/henryliu/obelisk/numeron-worktrees/android-shared-sync/mir2-web3/third_party/bevyMIR2_ANDROID_VIEW_OUTPUT_PROBE frame=32 entity=178v0 current_surface_raw=3 has_camera=true has_view=true msaa=Some(Off) physical_target=Some(UVec2(2340, 1080)) output=Some("TextureView { inner: Renderbuffer { raw: NativeRenderbuffer(3) }, aspects: FormatAspects(COLOR), mip_levels: 0..1, array_layers: 0..1, format: Rgba8Unorm }")
10-02 16:25:03.110 17096 17118 I RustStdoutStderr: [2m2026-10-02T08:25:03.110798Z[0m [32m INFO[0m [2mbevy_render::view::window[0m[2m:[0m MIR2_ANDROID_VIEW_OUTPUT_PROBE frame=32 entity=178v0 current_surface_raw=3 has_camera=true has_view=true msaa=Some(Off) physical_target=Some(UVec2(2340, 1080)) output=Some("TextureView { inner: Renderbuffer { raw: NativeRenderbuffer(3) }, aspects: FormatAspects(COLOR), mip_levels: 0..1, array_layers: 0..1, format: Rgba8Unorm }")
10-02 16:25:03.125 17096 17119 I event /Users/henryliu/obelisk/numeron-worktrees/android-shared-sync/mir2-web3/third_party/bevyMIR2_ANDROID_SURFACE_ATTACHMENT_PROBE frame=32 raw=3 live=true internal=0x8058 size=2340x1080 samples=0 expected=Rgba8Unorm
10-02 16:25:03.126 17096 17118 I RustStdoutStderr: [2m2026-10-02T08:25:03.125853Z[0m [32m INFO[0m [2mbevy_render::view::window[0m[2m:[0m MIR2_ANDROID_SURFACE_ATTACHMENT_PROBE frame=32 raw=3 live=true internal=0x8058 size=2340x1080 samples=0 expected=Rgba8Unorm
10-02 16:25:03.126 17096 17119 I event /Users/henryliu/obelisk/numeron-worktrees/android-shared-sync/mir2-web3/third_party/bevyMIR2_ANDROID_VIEW_OUTPUT_PROBE frame=33 entity=178v0 current_surface_raw=3 has_camera=true has_view=true msaa=Some(Off) physical_target=Some(UVec2(2340, 1080)) output=Some("TextureView { inner: Renderbuffer { raw: NativeRenderbuffer(3) }, aspects: FormatAspects(COLOR), mip_levels: 0..1, array_layers: 0..1, format: Rgba8Unorm }")
10-02 16:25:03.126 17096 17118 I RustStdoutStderr: [2m2026-10-02T08:25:03.126254Z[0m [32m INFO[0m [2mbevy_render::view::window[0m[2m:[0m MIR2_ANDROID_VIEW_OUTPUT_PROBE frame=33 entity=178v0 current_surface_raw=3 has_camera=true has_view=true msaa=Some(Off) physical_target=Some(UVec2(2340, 1080)) output=Some("TextureView { inner: Renderbuffer { raw: NativeRenderbuffer(3) }, aspects: FormatAspects(COLOR), mip_levels: 0..1, array_layers: 0..1, format: Rgba8Unorm }")
10-02 16:25:03.142 17096 17119 I event /Users/henryliu/obelisk/numeron-worktrees/android-shared-sync/mir2-web3/third_party/bevyMIR2_ANDROID_SURFACE_ATTACHMENT_PROBE frame=33 raw=3 live=true internal=0x8058 size=2340x1080 samples=0 expected=Rgba8Unorm
10-02 16:25:03.142 17096 17118 I RustStdoutStderr: [2m2026-10-02T08:25:03.142252Z[0m [32m INFO[0m [2mbevy_render::view::window[0m[2m:[0m MIR2_ANDROID_SURFACE_ATTACHMENT_PROBE frame=33 raw=3 live=true internal=0x8058 size=2340x1080 samples=0 expected=Rgba8Unorm
10-02 16:25:03.142 17096 17119 I event /Users/henryliu/obelisk/numeron-worktrees/android-shared-sync/mir2-web3/third_party/bevyMIR2_ANDROID_VIEW_OUTPUT_PROBE frame=34 entity=178v0 current_surface_raw=3 has_camera=true has_view=true msaa=Some(Off) physical_target=Some(UVec2(2340, 1080)) output=Some("TextureView { inner: Renderbuffer { raw: NativeRenderbuffer(3) }, aspects: FormatAspects(COLOR), mip_levels: 0..1, array_layers: 0..1, format: Rgba8Unorm }")
10-02 16:25:03.142 17096 17118 I RustStdoutStderr: [2m2026-10-02T08:25:03.142780Z[0m [32m INFO[0m [2mbevy_render::view::window[0m[2m:[0m MIR2_ANDROID_VIEW_OUTPUT_PROBE frame=34 entity=178v0 current_surface_raw=3 has_camera=true has_view=true msaa=Some(Off) physical_target=Some(UVec2(2340, 1080)) output=Some("TextureView { inner: Renderbuffer { raw: NativeRenderbuffer(3) }, aspects: FormatAspects(COLOR), mip_levels: 0..1, array_layers: 0..1, format: Rgba8Unorm }")
10-02 16:25:03.158 17096 17119 I event /Users/henryliu/obelisk/numeron-worktrees/android-shared-sync/mir2-web3/third_party/bevyMIR2_ANDROID_SURFACE_ATTACHMENT_PROBE frame=34 raw=3 live=true internal=0x8058 size=2340x1080 samples=0 expected=Rgba8Unorm
10-02 16:25:03.158 17096 17118 I RustStdoutStderr: [2m2026-10-02T08:25:03.158774Z[0m [32m INFO[0m [2mbevy_render::view::window[0m[2m:[0m MIR2_ANDROID_SURFACE_ATTACHMENT_PROBE frame=34 raw=3 live=true internal=0x8058 size=2340x1080 samples=0 expected=Rgba8Unorm
10-02 16:25:03.159 17096 17119 I event /Users/henryliu/obelisk/numeron-worktrees/android-shared-sync/mir2-web3/third_party/bevyMIR2_ANDROID_VIEW_OUTPUT_PROBE frame=35 entity=178v0 current_surface_raw=3 has_camera=true has_view=true msaa=Some(Off) physical_target=Some(UVec2(2340, 1080)) output=Some("TextureView { inner: Renderbuffer { raw: NativeRenderbuffer(3) }, aspects: FormatAspects(COLOR), mip_levels: 0..1, array_layers: 0..1, format: Rgba8Unorm }")
10-02 16:25:03.159 17096 17118 I RustStdoutStderr: [2m2026-10-02T08:25:03.159201Z[0m [32m INFO[0m [2mbevy_render::view::window[0m[2m:[0m MIR2_ANDROID_VIEW_OUTPUT_PROBE frame=35 entity=178v0 current_surface_raw=3 has_camera=true has_view=true msaa=Some(Off) physical_target=Some(UVec2(2340, 1080)) output=Some("TextureView { inner: Renderbuffer { raw: NativeRenderbuffer(3) }, aspects: FormatAspects(COLOR), mip_levels: 0..1, array_layers: 0..1, format: Rgba8Unorm }")
10-02 16:25:03.177 17096 17119 I event /Users/henryliu/obelisk/numeron-worktrees/android-shared-sync/mir2-web3/third_party/bevyMIR2_ANDROID_SURFACE_ATTACHMENT_PROBE frame=35 raw=3 live=true internal=0x8058 size=2340x1080 samples=0 expected=Rgba8Unorm
10-02 16:25:03.177 17096 17118 I RustStdoutStderr: [2m2026-10-02T08:25:03.177509Z[0m [32m INFO[0m [2mbevy_render::view::window[0m[2m:[0m MIR2_ANDROID_SURFACE_ATTACHMENT_PROBE frame=35 raw=3 live=true internal=0x8058 size=2340x1080 samples=0 expected=Rgba8Unorm
10-02 16:25:03.178 17096 17119 I event /Users/henryliu/obelisk/numeron-worktrees/android-shared-sync/mir2-web3/third_party/bevyMIR2_ANDROID_VIEW_OUTPUT_PROBE frame=36 entity=178v0 current_surface_raw=3 has_camera=true has_view=true msaa=Some(Off) physical_target=Some(UVec2(2340, 1080)) output=Some("TextureView { inner: Renderbuffer { raw: NativeRenderbuffer(3) }, aspects: FormatAspects(COLOR), mip_levels: 0..1, array_layers: 0..1, format: Rgba8Unorm }")
10-02 16:25:03.178 17096 17118 I RustStdoutStderr: [2m2026-10-02T08:25:03.178117Z[0m [32m INFO[0m [2mbevy_render::view::window[0m[2m:[0m MIR2_ANDROID_VIEW_OUTPUT_PROBE frame=36 entity=178v0 current_surface_raw=3 has_camera=true has_view=true msaa=Some(Off) physical_target=Some(UVec2(2340, 1080)) output=Some("TextureView { inner: Renderbuffer { raw: NativeRenderbuffer(3) }, aspects: FormatAspects(COLOR), mip_levels: 0..1, array_layers: 0..1, format: Rgba8Unorm }")
10-02 16:25:03.193 17096 17119 I event /Users/henryliu/obelisk/numeron-worktrees/android-shared-sync/mir2-web3/third_party/bevyMIR2_ANDROID_SURFACE_ATTACHMENT_PROBE frame=36 raw=3 live=true internal=0x8058 size=2340x1080 samples=0 expected=Rgba8Unorm
10-02 16:25:03.193 17096 17118 I RustStdoutStderr: [2m2026-10-02T08:25:03.193470Z[0m [32m INFO[0m [2mbevy_render::view::window[0m[2m:[0m MIR2_ANDROID_SURFACE_ATTACHMENT_PROBE frame=36 raw=3 live=true internal=0x8058 size=2340x1080 samples=0 expected=Rgba8Unorm
10-02 16:25:03.194 17096 17119 I event /Users/henryliu/obelisk/numeron-worktrees/android-shared-sync/mir2-web3/third_party/bevyMIR2_ANDROID_VIEW_OUTPUT_PROBE frame=37 entity=178v0 current_surface_raw=3 has_camera=true has_view=true msaa=Some(Off) physical_target=Some(UVec2(2340, 1080)) output=Some("TextureView { inner: Renderbuffer { raw: NativeRenderbuffer(3) }, aspects: FormatAspects(COLOR), mip_levels: 0..1, array_layers: 0..1, format: Rgba8Unorm }")
10-02 16:25:03.194 17096 17118 I RustStdoutStderr: [2m2026-10-02T08:25:03.194107Z[0m [32m INFO[0m [2mbevy_render::view::window[0m[2m:[0m MIR2_ANDROID_VIEW_OUTPUT_PROBE frame=37 entity=178v0 current_surface_raw=3 has_camera=true has_view=true msaa=Some(Off) physical_target=Some(UVec2(2340, 1080)) output=Some("TextureView { inner: Renderbuffer { raw: NativeRenderbuffer(3) }, aspects: FormatAspects(COLOR), mip_levels: 0..1, array_layers: 0..1, format: Rgba8Unorm }")
10-02 16:25:03.209 17096 17119 I event /Users/henryliu/obelisk/numeron-worktrees/android-shared-sync/mir2-web3/third_party/bevyMIR2_ANDROID_SURFACE_ATTACHMENT_PROBE frame=37 raw=3 live=true internal=0x8058 size=2340x1080 samples=0 expected=Rgba8Unorm
10-02 16:25:03.209 17096 17118 I RustStdoutStderr: [2m2026-10-02T08:25:03.209460Z[0m [32m INFO[0m [2mbevy_render::view::window[0m[2m:[0m MIR2_ANDROID_SURFACE_ATTACHMENT_PROBE frame=37 raw=3 live=true internal=0x8058 size=2340x1080 samples=0 expected=Rgba8Unorm
10-02 16:25:03.210 17096 17119 I event /Users/henryliu/obelisk/numeron-worktrees/android-shared-sync/mir2-web3/third_party/bevyMIR2_ANDROID_VIEW_OUTPUT_PROBE frame=38 entity=178v0 current_surface_raw=3 has_camera=true has_view=true msaa=Some(Off) physical_target=Some(UVec2(2340, 1080)) output=Some("TextureView { inner: Renderbuffer { raw: NativeRenderbuffer(3) }, aspects: FormatAspects(COLOR), mip_levels: 0..1, array_layers: 0..1, format: Rgba8Unorm }")
10-02 16:25:03.210 17096 17118 I RustStdoutStderr: [2m2026-10-02T08:25:03.210009Z[0m [32m INFO[0m [2mbevy_render::view::window[0m[2m:[0m MIR2_ANDROID_VIEW_OUTPUT_PROBE frame=38 entity=178v0 current_surface_raw=3 has_camera=true has_view=true msaa=Some(Off) physical_target=Some(UVec2(2340, 1080)) output=Some("TextureView { inner: Renderbuffer { raw: NativeRenderbuffer(3) }, aspects: FormatAspects(COLOR), mip_levels: 0..1, array_layers: 0..1, format: Rgba8Unorm }")
10-02 16:25:03.224 17096 17119 I event /Users/henryliu/obelisk/numeron-worktrees/android-shared-sync/mir2-web3/third_party/bevyMIR2_ANDROID_SURFACE_ATTACHMENT_PROBE frame=38 raw=3 live=true internal=0x8058 size=2340x1080 samples=0 expected=Rgba8Unorm
10-02 16:25:03.224 17096 17118 I RustStdoutStderr: [2m2026-10-02T08:25:03.224849Z[0m [32m INFO[0m [2mbevy_render::view::window[0m[2m:[0m MIR2_ANDROID_SURFACE_ATTACHMENT_PROBE frame=38 raw=3 live=true internal=0x8058 size=2340x1080 samples=0 expected=Rgba8Unorm
10-02 16:25:03.225 17096 17119 I event /Users/henryliu/obelisk/numeron-worktrees/android-shared-sync/mir2-web3/third_party/bevyMIR2_ANDROID_VIEW_OUTPUT_PROBE frame=39 entity=178v0 current_surface_raw=3 has_camera=true has_view=true msaa=Some(Off) physical_target=Some(UVec2(2340, 1080)) output=Some("TextureView { inner: Renderbuffer { raw: NativeRenderbuffer(3) }, aspects: FormatAspects(COLOR), mip_levels: 0..1, array_layers: 0..1, format: Rgba8Unorm }")
10-02 16:25:03.225 17096 17118 I RustStdoutStderr: [2m2026-10-02T08:25:03.225238Z[0m [32m INFO[0m [2mbevy_render::view::window[0m[2m:[0m MIR2_ANDROID_VIEW_OUTPUT_PROBE frame=39 entity=178v0 current_surface_raw=3 has_camera=true has_view=true msaa=Some(Off) physical_target=Some(UVec2(2340, 1080)) output=Some("TextureView { inner: Renderbuffer { raw: NativeRenderbuffer(3) }, aspects: FormatAspects(COLOR), mip_levels: 0..1, array_layers: 0..1, format: Rgba8Unorm }")
10-02 16:25:03.243 17096 17119 I event /Users/henryliu/obelisk/numeron-worktrees/android-shared-sync/mir2-web3/third_party/bevyMIR2_ANDROID_SURFACE_ATTACHMENT_PROBE frame=39 raw=3 live=true internal=0x8058 size=2340x1080 samples=0 expected=Rgba8Unorm
10-02 16:25:03.243 17096 17118 I RustStdoutStderr: [2m2026-10-02T08:25:03.243437Z[0m [32m INFO[0m [2mbevy_render::view::window[0m[2m:[0m MIR2_ANDROID_SURFACE_ATTACHMENT_PROBE frame=39 raw=3 live=true internal=0x8058 size=2340x1080 samples=0 expected=Rgba8Unorm
10-02 16:25:03.243 17096 17119 I event /Users/henryliu/obelisk/numeron-worktrees/android-shared-sync/mir2-web3/third_party/bevyMIR2_ANDROID_VIEW_OUTPUT_PROBE frame=40 entity=178v0 current_surface_raw=3 has_camera=true has_view=true msaa=Some(Off) physical_target=Some(UVec2(2340, 1080)) output=Some("TextureView { inner: Renderbuffer { raw: NativeRenderbuffer(3) }, aspects: FormatAspects(COLOR), mip_levels: 0..1, array_layers: 0..1, format: Rgba8Unorm }")
10-02 16:25:03.244 17096 17118 I RustStdoutStderr: [2m2026-10-02T08:25:03.243810Z[0m [32m INFO[0m [2mbevy_render::view::window[0m[2m:[0m MIR2_ANDROID_VIEW_OUTPUT_PROBE frame=40 entity=178v0 current_surface_raw=3 has_camera=true has_view=true msaa=Some(Off) physical_target=Some(UVec2(2340, 1080)) output=Some("TextureView { inner: Renderbuffer { raw: NativeRenderbuffer(3) }, aspects: FormatAspects(COLOR), mip_levels: 0..1, array_layers: 0..1, format: Rgba8Unorm }")
10-02 16:25:03.258 17096 17119 I event /Users/henryliu/obelisk/numeron-worktrees/android-shared-sync/mir2-web3/third_party/bevyMIR2_ANDROID_SURFACE_ATTACHMENT_PROBE frame=40 raw=3 live=true internal=0x8058 size=2340x1080 samples=0 expected=Rgba8Unorm
10-02 16:25:03.258 17096 17118 I RustStdoutStderr: [2m2026-10-02T08:25:03.258414Z[0m [32m INFO[0m [2mbevy_render::view::window[0m[2m:[0m MIR2_ANDROID_SURFACE_ATTACHMENT_PROBE frame=40 raw=3 live=true internal=0x8058 size=2340x1080 samples=0 expected=Rgba8Unorm
10-02 16:25:03.258 17096 17119 I event /Users/henryliu/obelisk/numeron-worktrees/android-shared-sync/mir2-web3/third_party/bevyMIR2_ANDROID_VIEW_OUTPUT_PROBE frame=41 entity=178v0 current_surface_raw=3 has_camera=true has_view=true msaa=Some(Off) physical_target=Some(UVec2(2340, 1080)) output=Some("TextureView { inner: Renderbuffer { raw: NativeRenderbuffer(3) }, aspects: FormatAspects(COLOR), mip_levels: 0..1, array_layers: 0..1, format: Rgba8Unorm }")
10-02 16:25:03.259 17096 17118 I RustStdoutStderr: [2m2026-10-02T08:25:03.258874Z[0m [32m INFO[0m [2mbevy_render::view::window[0m[2m:[0m MIR2_ANDROID_VIEW_OUTPUT_PROBE frame=41 entity=178v0 current_surface_raw=3 has_camera=true has_view=true msaa=Some(Off) physical_target=Some(UVec2(2340, 1080)) output=Some("TextureView { inner: Renderbuffer { raw: NativeRenderbuffer(3) }, aspects: FormatAspects(COLOR), mip_levels: 0..1, array_layers: 0..1, format: Rgba8Unorm }")
10-02 16:25:03.275 17096 17119 I event /Users/henryliu/obelisk/numeron-worktrees/android-shared-sync/mir2-web3/third_party/bevyMIR2_ANDROID_SURFACE_ATTACHMENT_PROBE frame=41 raw=3 live=true internal=0x8058 size=2340x1080 samples=0 expected=Rgba8Unorm
10-02 16:25:03.276 17096 17118 I RustStdoutStderr: [2m2026-10-02T08:25:03.275878Z[0m [32m INFO[0m [2mbevy_render::view::window[0m[2m:[0m MIR2_ANDROID_SURFACE_ATTACHMENT_PROBE frame=41 raw=3 live=true internal=0x8058 size=2340x1080 samples=0 expected=Rgba8Unorm
10-02 16:25:03.276 17096 17119 I event /Users/henryliu/obelisk/numeron-worktrees/android-shared-sync/mir2-web3/third_party/bevyMIR2_ANDROID_VIEW_OUTPUT_PROBE frame=42 entity=178v0 current_surface_raw=3 has_camera=true has_view=true msaa=Some(Off) physical_target=Some(UVec2(2340, 1080)) output=Some("TextureView { inner: Renderbuffer { raw: NativeRenderbuffer(3) }, aspects: FormatAspects(COLOR), mip_levels: 0..1, array_layers: 0..1, format: Rgba8Unorm }")
10-02 16:25:03.276 17096 17118 I RustStdoutStderr: [2m2026-10-02T08:25:03.276207Z[0m [32m INFO[0m [2mbevy_render::view::window[0m[2m:[0m MIR2_ANDROID_VIEW_OUTPUT_PROBE frame=42 entity=178v0 current_surface_raw=3 has_camera=true has_view=true msaa=Some(Off) physical_target=Some(UVec2(2340, 1080)) output=Some("TextureView { inner: Renderbuffer { raw: NativeRenderbuffer(3) }, aspects: FormatAspects(COLOR), mip_levels: 0..1, array_layers: 0..1, format: Rgba8Unorm }")
10-02 16:25:03.292 17096 17119 I event /Users/henryliu/obelisk/numeron-worktrees/android-shared-sync/mir2-web3/third_party/bevyMIR2_ANDROID_SURFACE_ATTACHMENT_PROBE frame=42 raw=3 live=true internal=0x8058 size=2340x1080 samples=0 expected=Rgba8Unorm
10-02 16:25:03.293 17096 17118 I RustStdoutStderr: [2m2026-10-02T08:25:03.292902Z[0m [32m INFO[0m [2mbevy_render::view::window[0m[2m:[0m MIR2_ANDROID_SURFACE_ATTACHMENT_PROBE frame=42 raw=3 live=true internal=0x8058 size=2340x1080 samples=0 expected=Rgba8Unorm
10-02 16:25:03.293 17096 17119 I event /Users/henryliu/obelisk/numeron-worktrees/android-shared-sync/mir2-web3/third_party/bevyMIR2_ANDROID_VIEW_OUTPUT_PROBE frame=43 entity=178v0 current_surface_raw=3 has_camera=true has_view=true msaa=Some(Off) physical_target=Some(UVec2(2340, 1080)) output=Some("TextureView { inner: Renderbuffer { raw: NativeRenderbuffer(3) }, aspects: FormatAspects(COLOR), mip_levels: 0..1, array_layers: 0..1, format: Rgba8Unorm }")
10-02 16:25:03.293 17096 17118 I RustStdoutStderr: [2m2026-10-02T08:25:03.293606Z[0m [32m INFO[0m [2mbevy_render::view::window[0m[2m:[0m MIR2_ANDROID_VIEW_OUTPUT_PROBE frame=43 entity=178v0 current_surface_raw=3 has_camera=true has_view=true msaa=Some(Off) physical_target=Some(UVec2(2340, 1080)) output=Some("TextureView { inner: Renderbuffer { raw: NativeRenderbuffer(3) }, aspects: FormatAspects(COLOR), mip_levels: 0..1, array_layers: 0..1, format: Rgba8Unorm }")
10-02 16:25:03.310 17096 17119 I event /Users/henryliu/obelisk/numeron-worktrees/android-shared-sync/mir2-web3/third_party/bevyMIR2_ANDROID_SURFACE_ATTACHMENT_PROBE frame=43 raw=3 live=true internal=0x8058 size=2340x1080 samples=0 expected=Rgba8Unorm
10-02 16:25:03.310 17096 17118 I RustStdoutStderr: [2m2026-10-02T08:25:03.310456Z[0m [32m INFO[0m [2mbevy_render::view::window[0m[2m:[0m MIR2_ANDROID_SURFACE_ATTACHMENT_PROBE frame=43 raw=3 live=true internal=0x8058 size=2340x1080 samples=0 expected=Rgba8Unorm
10-02 16:25:03.310 17096 17119 I event /Users/henryliu/obelisk/numeron-worktrees/android-shared-sync/mir2-web3/third_party/bevyMIR2_ANDROID_VIEW_OUTPUT_PROBE frame=44 entity=178v0 current_surface_raw=3 has_camera=true has_view=true msaa=Some(Off) physical_target=Some(UVec2(2340, 1080)) output=Some("TextureView { inner: Renderbuffer { raw: NativeRenderbuffer(3) }, aspects: FormatAspects(COLOR), mip_levels: 0..1, array_layers: 0..1, format: Rgba8Unorm }")
10-02 16:25:03.311 17096 17118 I RustStdoutStderr: [2m2026-10-02T08:25:03.310836Z[0m [32m INFO[0m [2mbevy_render::view::window[0m[2m:[0m MIR2_ANDROID_VIEW_OUTPUT_PROBE frame=44 entity=178v0 current_surface_raw=3 has_camera=true has_view=true msaa=Some(Off) physical_target=Some(UVec2(2340, 1080)) output=Some("TextureView { inner: Renderbuffer { raw: NativeRenderbuffer(3) }, aspects: FormatAspects(COLOR), mip_levels: 0..1, array_layers: 0..1, format: Rgba8Unorm }")
10-02 16:25:03.325 17096 17119 I event /Users/henryliu/obelisk/numeron-worktrees/android-shared-sync/mir2-web3/third_party/bevyMIR2_ANDROID_SURFACE_ATTACHMENT_PROBE frame=44 raw=3 live=true internal=0x8058 size=2340x1080 samples=0 expected=Rgba8Unorm
10-02 16:25:03.325 17096 17118 I RustStdoutStderr: [2m2026-10-02T08:25:03.325434Z[0m [32m INFO[0m [2mbevy_render::view::window[0m[2m:[0m MIR2_ANDROID_SURFACE_ATTACHMENT_PROBE frame=44 raw=3 live=true internal=0x8058 size=2340x1080 samples=0 expected=Rgba8Unorm
10-02 16:25:03.325 17096 17119 I event /Users/henryliu/obelisk/numeron-worktrees/android-shared-sync/mir2-web3/third_party/bevyMIR2_ANDROID_VIEW_OUTPUT_PROBE frame=45 entity=178v0 current_surface_raw=3 has_camera=true has_view=true msaa=Some(Off) physical_target=Some(UVec2(2340, 1080)) output=Some("TextureView { inner: Renderbuffer { raw: NativeRenderbuffer(3) }, aspects: FormatAspects(COLOR), mip_levels: 0..1, array_layers: 0..1, format: Rgba8Unorm }")
10-02 16:25:03.326 17096 17118 I RustStdoutStderr: [2m2026-10-02T08:25:03.325844Z[0m [32m INFO[0m [2mbevy_render::view::window[0m[2m:[0m MIR2_ANDROID_VIEW_OUTPUT_PROBE frame=45 entity=178v0 current_surface_raw=3 has_camera=true has_view=true msaa=Some(Off) physical_target=Some(UVec2(2340, 1080)) output=Some("TextureView { inner: Renderbuffer { raw: NativeRenderbuffer(3) }, aspects: FormatAspects(COLOR), mip_levels: 0..1, array_layers: 0..1, format: Rgba8Unorm }")
10-02 16:25:03.342 17096 17119 I event /Users/henryliu/obelisk/numeron-worktrees/android-shared-sync/mir2-web3/third_party/bevyMIR2_ANDROID_SURFACE_ATTACHMENT_PROBE frame=45 raw=3 live=true internal=0x8058 size=2340x1080 samples=0 expected=Rgba8Unorm
10-02 16:25:03.342 17096 17118 I RustStdoutStderr: [2m2026-10-02T08:25:03.342308Z[0m [32m INFO[0m [2mbevy_render::view::window[0m[2m:[0m MIR2_ANDROID_SURFACE_ATTACHMENT_PROBE frame=45 raw=3 live=true internal=0x8058 size=2340x1080 samples=0 expected=Rgba8Unorm
10-02 16:25:03.342 17096 17119 I event /Users/henryliu/obelisk/numeron-worktrees/android-shared-sync/mir2-web3/third_party/bevyMIR2_ANDROID_VIEW_OUTPUT_PROBE frame=46 entity=178v0 current_surface_raw=3 has_camera=true has_view=true msaa=Some(Off) physical_target=Some(UVec2(2340, 1080)) output=Some("TextureView { inner: Renderbuffer { raw: NativeRenderbuffer(3) }, aspects: FormatAspects(COLOR), mip_levels: 0..1, array_layers: 0..1, format: Rgba8Unorm }")
10-02 16:25:03.342 17096 17118 I RustStdoutStderr: [2m2026-10-02T08:25:03.342695Z[0m [32m INFO[0m [2mbevy_render::view::window[0m[2m:[0m MIR2_ANDROID_VIEW_OUTPUT_PROBE frame=46 entity=178v0 current_surface_raw=3 has_camera=true has_view=true msaa=Some(Off) physical_target=Some(UVec2(2340, 1080)) output=Some("TextureView { inner: Renderbuffer { raw: NativeRenderbuffer(3) }, aspects: FormatAspects(COLOR), mip_levels: 0..1, array_layers: 0..1, format: Rgba8Unorm }")
10-02 16:25:03.358 17096 17119 I event /Users/henryliu/obelisk/numeron-worktrees/android-shared-sync/mir2-web3/third_party/bevyMIR2_ANDROID_SURFACE_ATTACHMENT_PROBE frame=46 raw=3 live=true internal=0x8058 size=2340x1080 samples=0 expected=Rgba8Unorm
10-02 16:25:03.358 17096 17118 I RustStdoutStderr: [2m2026-10-02T08:25:03.358519Z[0m [32m INFO[0m [2mbevy_render::view::window[0m[2m:[0m MIR2_ANDROID_SURFACE_ATTACHMENT_PROBE frame=46 raw=3 live=true internal=0x8058 size=2340x1080 samples=0 expected=Rgba8Unorm
10-02 16:25:03.359 17096 17119 I event /Users/henryliu/obelisk/numeron-worktrees/android-shared-sync/mir2-web3/third_party/bevyMIR2_ANDROID_VIEW_OUTPUT_PROBE frame=47 entity=178v0 current_surface_raw=3 has_camera=true has_view=true msaa=Some(Off) physical_target=Some(UVec2(2340, 1080)) output=Some("TextureView { inner: Renderbuffer { raw: NativeRenderbuffer(3) }, aspects: FormatAspects(COLOR), mip_levels: 0..1, array_layers: 0..1, format: Rgba8Unorm }")
10-02 16:25:03.359 17096 17118 I RustStdoutStderr: [2m2026-10-02T08:25:03.358928Z[0m [32m INFO[0m [2mbevy_render::view::window[0m[2m:[0m MIR2_ANDROID_VIEW_OUTPUT_PROBE frame=47 entity=178v0 current_surface_raw=3 has_camera=true has_view=true msaa=Some(Off) physical_target=Some(UVec2(2340, 1080)) output=Some("TextureView { inner: Renderbuffer { raw: NativeRenderbuffer(3) }, aspects: FormatAspects(COLOR), mip_levels: 0..1, array_layers: 0..1, format: Rgba8Unorm }")
10-02 16:25:03.375 17096 17119 I event /Users/henryliu/obelisk/numeron-worktrees/android-shared-sync/mir2-web3/third_party/bevyMIR2_ANDROID_SURFACE_ATTACHMENT_PROBE frame=47 raw=3 live=true internal=0x8058 size=2340x1080 samples=0 expected=Rgba8Unorm
10-02 16:25:03.376 17096 17118 I RustStdoutStderr: [2m2026-10-02T08:25:03.375955Z[0m [32m INFO[0m [2mbevy_render::view::window[0m[2m:[0m MIR2_ANDROID_SURFACE_ATTACHMENT_PROBE frame=47 raw=3 live=true internal=0x8058 size=2340x1080 samples=0 expected=Rgba8Unorm
10-02 16:25:03.376 17096 17119 I event /Users/henryliu/obelisk/numeron-worktrees/android-shared-sync/mir2-web3/third_party/bevyMIR2_ANDROID_VIEW_OUTPUT_PROBE frame=48 entity=178v0 current_surface_raw=3 has_camera=true has_view=true msaa=Some(Off) physical_target=Some(UVec2(2340, 1080)) output=Some("TextureView { inner: Renderbuffer { raw: NativeRenderbuffer(3) }, aspects: FormatAspects(COLOR), mip_levels: 0..1, array_layers: 0..1, format: Rgba8Unorm }")
10-02 16:25:03.376 17096 17118 I RustStdoutStderr: [2m2026-10-02T08:25:03.376388Z[0m [32m INFO[0m [2mbevy_render::view::window[0m[2m:[0m MIR2_ANDROID_VIEW_OUTPUT_PROBE frame=48 entity=178v0 current_surface_raw=3 has_camera=true has_view=true msaa=Some(Off) physical_target=Some(UVec2(2340, 1080)) output=Some("TextureView { inner: Renderbuffer { raw: NativeRenderbuffer(3) }, aspects: FormatAspects(COLOR), mip_levels: 0..1, array_layers: 0..1, format: Rgba8Unorm }")
10-02 16:25:03.391 17096 17119 I event /Users/henryliu/obelisk/numeron-worktrees/android-shared-sync/mir2-web3/third_party/bevyMIR2_ANDROID_SURFACE_ATTACHMENT_PROBE frame=48 raw=3 live=true internal=0x8058 size=2340x1080 samples=0 expected=Rgba8Unorm
10-02 16:25:03.392 17096 17118 I RustStdoutStderr: [2m2026-10-02T08:25:03.391911Z[0m [32m INFO[0m [2mbevy_render::view::window[0m[2m:[0m MIR2_ANDROID_SURFACE_ATTACHMENT_PROBE frame=48 raw=3 live=true internal=0x8058 size=2340x1080 samples=0 expected=Rgba8Unorm
10-02 16:25:03.392 17096 17119 I event /Users/henryliu/obelisk/numeron-worktrees/android-shared-sync/mir2-web3/third_party/bevyMIR2_ANDROID_VIEW_OUTPUT_PROBE frame=49 entity=178v0 current_surface_raw=3 has_camera=true has_view=true msaa=Some(Off) physical_target=Some(UVec2(2340, 1080)) output=Some("TextureView { inner: Renderbuffer { raw: NativeRenderbuffer(3) }, aspects: FormatAspects(COLOR), mip_levels: 0..1, array_layers: 0..1, format: Rgba8Unorm }")
10-02 16:25:03.392 17096 17118 I RustStdoutStderr: [2m2026-10-02T08:25:03.392533Z[0m [32m INFO[0m [2mbevy_render::view::window[0m[2m:[0m MIR2_ANDROID_VIEW_OUTPUT_PROBE frame=49 entity=178v0 current_surface_raw=3 has_camera=true has_view=true msaa=Some(Off) physical_target=Some(UVec2(2340, 1080)) output=Some("TextureView { inner: Renderbuffer { raw: NativeRenderbuffer(3) }, aspects: FormatAspects(COLOR), mip_levels: 0..1, array_layers: 0..1, format: Rgba8Unorm }")
10-02 16:25:03.409 17096 17119 I event /Users/henryliu/obelisk/numeron-worktrees/android-shared-sync/mir2-web3/third_party/bevyMIR2_ANDROID_SURFACE_ATTACHMENT_PROBE frame=49 raw=3 live=true internal=0x8058 size=2340x1080 samples=0 expected=Rgba8Unorm
10-02 16:25:03.409 17096 17118 I RustStdoutStderr: [2m2026-10-02T08:25:03.409693Z[0m [32m INFO[0m [2mbevy_render::view::window[0m[2m:[0m MIR2_ANDROID_SURFACE_ATTACHMENT_PROBE frame=49 raw=3 live=true internal=0x8058 size=2340x1080 samples=0 expected=Rgba8Unorm
10-02 16:25:03.410 17096 17119 I event /Users/henryliu/obelisk/numeron-worktrees/android-shared-sync/mir2-web3/third_party/bevyMIR2_ANDROID_VIEW_OUTPUT_PROBE frame=50 entity=178v0 current_surface_raw=3 has_camera=true has_view=true msaa=Some(Off) physical_target=Some(UVec2(2340, 1080)) output=Some("TextureView { inner: Renderbuffer { raw: NativeRenderbuffer(3) }, aspects: FormatAspects(COLOR), mip_levels: 0..1, array_layers: 0..1, format: Rgba8Unorm }")
10-02 16:25:03.410 17096 17118 I RustStdoutStderr: [2m2026-10-02T08:25:03.410215Z[0m [32m INFO[0m [2mbevy_render::view::window[0m[2m:[0m MIR2_ANDROID_VIEW_OUTPUT_PROBE frame=50 entity=178v0 current_surface_raw=3 has_camera=true has_view=true msaa=Some(Off) physical_target=Some(UVec2(2340, 1080)) output=Some("TextureView { inner: Renderbuffer { raw: NativeRenderbuffer(3) }, aspects: FormatAspects(COLOR), mip_levels: 0..1, array_layers: 0..1, format: Rgba8Unorm }")
10-02 16:25:03.425 17096 17119 I event /Users/henryliu/obelisk/numeron-worktrees/android-shared-sync/mir2-web3/third_party/bevyMIR2_ANDROID_SURFACE_ATTACHMENT_PROBE frame=50 raw=3 live=true internal=0x8058 size=2340x1080 samples=0 expected=Rgba8Unorm
10-02 16:25:03.425 17096 17118 I RustStdoutStderr: [2m2026-10-02T08:25:03.425440Z[0m [32m INFO[0m [2mbevy_render::view::window[0m[2m:[0m MIR2_ANDROID_SURFACE_ATTACHMENT_PROBE frame=50 raw=3 live=true internal=0x8058 size=2340x1080 samples=0 expected=Rgba8Unorm
10-02 16:25:03.425 17096 17119 I event /Users/henryliu/obelisk/numeron-worktrees/android-shared-sync/mir2-web3/third_party/bevyMIR2_ANDROID_VIEW_OUTPUT_PROBE frame=51 entity=178v0 current_surface_raw=3 has_camera=true has_view=true msaa=Some(Off) physical_target=Some(UVec2(2340, 1080)) output=Some("TextureView { inner: Renderbuffer { raw: NativeRenderbuffer(3) }, aspects: FormatAspects(COLOR), mip_levels: 0..1, array_layers: 0..1, format: Rgba8Unorm }")
10-02 16:25:03.425 17096 17118 I RustStdoutStderr: [2m2026-10-02T08:25:03.425870Z[0m [32m INFO[0m [2mbevy_render::view::window[0m[2m:[0m MIR2_ANDROID_VIEW_OUTPUT_PROBE frame=51 entity=178v0 current_surface_raw=3 has_camera=true has_view=true msaa=Some(Off) physical_target=Some(UVec2(2340, 1080)) output=Some("TextureView { inner: Renderbuffer { raw: NativeRenderbuffer(3) }, aspects: FormatAspects(COLOR), mip_levels: 0..1, array_layers: 0..1, format: Rgba8Unorm }")
10-02 16:25:03.441 17096 17119 I event /Users/henryliu/obelisk/numeron-worktrees/android-shared-sync/mir2-web3/third_party/bevyMIR2_ANDROID_SURFACE_ATTACHMENT_PROBE frame=51 raw=3 live=true internal=0x8058 size=2340x1080 samples=0 expected=Rgba8Unorm
10-02 16:25:03.441 17096 17118 I RustStdoutStderr: [2m2026-10-02T08:25:03.441729Z[0m [32m INFO[0m [2mbevy_render::view::window[0m[2m:[0m MIR2_ANDROID_SURFACE_ATTACHMENT_PROBE frame=51 raw=3 live=true internal=0x8058 size=2340x1080 samples=0 expected=Rgba8Unorm
10-02 16:25:03.442 17096 17119 I event /Users/henryliu/obelisk/numeron-worktrees/android-shared-sync/mir2-web3/third_party/bevyMIR2_ANDROID_VIEW_OUTPUT_PROBE frame=52 entity=178v0 current_surface_raw=3 has_camera=true has_view=true msaa=Some(Off) physical_target=Some(UVec2(2340, 1080)) output=Some("TextureView { inner: Renderbuffer { raw: NativeRenderbuffer(3) }, aspects: FormatAspects(COLOR), mip_levels: 0..1, array_layers: 0..1, format: Rgba8Unorm }")
10-02 16:25:03.442 17096 17118 I RustStdoutStderr: [2m2026-10-02T08:25:03.442096Z[0m [32m INFO[0m [2mbevy_render::view::window[0m[2m:[0m MIR2_ANDROID_VIEW_OUTPUT_PROBE frame=52 entity=178v0 current_surface_raw=3 has_camera=true has_view=true msaa=Some(Off) physical_target=Some(UVec2(2340, 1080)) output=Some("TextureView { inner: Renderbuffer { raw: NativeRenderbuffer(3) }, aspects: FormatAspects(COLOR), mip_levels: 0..1, array_layers: 0..1, format: Rgba8Unorm }")
10-02 16:25:03.458 17096 17119 I event /Users/henryliu/obelisk/numeron-worktrees/android-shared-sync/mir2-web3/third_party/bevyMIR2_ANDROID_SURFACE_ATTACHMENT_PROBE frame=52 raw=3 live=true internal=0x8058 size=2340x1080 samples=0 expected=Rgba8Unorm
10-02 16:25:03.458 17096 17118 I RustStdoutStderr: [2m2026-10-02T08:25:03.458392Z[0m [32m INFO[0m [2mbevy_render::view::window[0m[2m:[0m MIR2_ANDROID_SURFACE_ATTACHMENT_PROBE frame=52 raw=3 live=true internal=0x8058 size=2340x1080 samples=0 expected=Rgba8Unorm
10-02 16:25:03.458 17096 17119 I event /Users/henryliu/obelisk/numeron-worktrees/android-shared-sync/mir2-web3/third_party/bevyMIR2_ANDROID_VIEW_OUTPUT_PROBE frame=53 entity=178v0 current_surface_raw=3 has_camera=true has_view=true msaa=Some(Off) physical_target=Some(UVec2(2340, 1080)) output=Some("TextureView { inner: Renderbuffer { raw: NativeRenderbuffer(3) }, aspects: FormatAspects(COLOR), mip_levels: 0..1, array_layers: 0..1, format: Rgba8Unorm }")
10-02 16:25:03.458 17096 17118 I RustStdoutStderr: [2m2026-10-02T08:25:03.458840Z[0m [32m INFO[0m [2mbevy_render::view::window[0m[2m:[0m MIR2_ANDROID_VIEW_OUTPUT_PROBE frame=53 entity=178v0 current_surface_raw=3 has_camera=true has_view=true msaa=Some(Off) physical_target=Some(UVec2(2340, 1080)) output=Some("TextureView { inner: Renderbuffer { raw: NativeRenderbuffer(3) }, aspects: FormatAspects(COLOR), mip_levels: 0..1, array_layers: 0..1, format: Rgba8Unorm }")
10-02 16:25:03.477 17096 17119 I event /Users/henryliu/obelisk/numeron-worktrees/android-shared-sync/mir2-web3/third_party/bevyMIR2_ANDROID_SURFACE_ATTACHMENT_PROBE frame=53 raw=3 live=true internal=0x8058 size=2340x1080 samples=0 expected=Rgba8Unorm
10-02 16:25:03.477 17096 17118 I RustStdoutStderr: [2m2026-10-02T08:25:03.477018Z[0m [32m INFO[0m [2mbevy_render::view::window[0m[2m:[0m MIR2_ANDROID_SURFACE_ATTACHMENT_PROBE frame=53 raw=3 live=true internal=0x8058 size=2340x1080 samples=0 expected=Rgba8Unorm
10-02 16:25:03.477 17096 17119 I event /Users/henryliu/obelisk/numeron-worktrees/android-shared-sync/mir2-web3/third_party/bevyMIR2_ANDROID_VIEW_OUTPUT_PROBE frame=54 entity=178v0 current_surface_raw=3 has_camera=true has_view=true msaa=Some(Off) physical_target=Some(UVec2(2340, 1080)) output=Some("TextureView { inner: Renderbuffer { raw: NativeRenderbuffer(3) }, aspects: FormatAspects(COLOR), mip_levels: 0..1, array_layers: 0..1, format: Rgba8Unorm }")
10-02 16:25:03.477 17096 17118 I RustStdoutStderr: [2m2026-10-02T08:25:03.477690Z[0m [32m INFO[0m [2mbevy_render::view::window[0m[2m:[0m MIR2_ANDROID_VIEW_OUTPUT_PROBE frame=54 entity=178v0 current_surface_raw=3 has_camera=true has_view=true msaa=Some(Off) physical_target=Some(UVec2(2340, 1080)) output=Some("TextureView { inner: Renderbuffer { raw: NativeRenderbuffer(3) }, aspects: FormatAspects(COLOR), mip_levels: 0..1, array_layers: 0..1, format: Rgba8Unorm }")
10-02 16:25:03.495 17096 17119 I event /Users/henryliu/obelisk/numeron-worktrees/android-shared-sync/mir2-web3/third_party/bevyMIR2_ANDROID_SURFACE_ATTACHMENT_PROBE frame=54 raw=3 live=true internal=0x8058 size=2340x1080 samples=0 expected=Rgba8Unorm
10-02 16:25:03.495 17096 17118 I RustStdoutStderr: [2m2026-10-02T08:25:03.495196Z[0m [32m INFO[0m [2mbevy_render::view::window[0m[2m:[0m MIR2_ANDROID_SURFACE_ATTACHMENT_PROBE frame=54 raw=3 live=true internal=0x8058 size=2340x1080 samples=0 expected=Rgba8Unorm
10-02 16:25:03.495 17096 17119 I event /Users/henryliu/obelisk/numeron-worktrees/android-shared-sync/mir2-web3/third_party/bevyMIR2_ANDROID_VIEW_OUTPUT_PROBE frame=55 entity=178v0 current_surface_raw=3 has_camera=true has_view=true msaa=Some(Off) physical_target=Some(UVec2(2340, 1080)) output=Some("TextureView { inner: Renderbuffer { raw: NativeRenderbuffer(3) }, aspects: FormatAspects(COLOR), mip_levels: 0..1, array_layers: 0..1, format: Rgba8Unorm }")
10-02 16:25:03.495 17096 17118 I RustStdoutStderr: [2m2026-10-02T08:25:03.495808Z[0m [32m INFO[0m [2mbevy_render::view::window[0m[2m:[0m MIR2_ANDROID_VIEW_OUTPUT_PROBE frame=55 entity=178v0 current_surface_raw=3 has_camera=true has_view=true msaa=Some(Off) physical_target=Some(UVec2(2340, 1080)) output=Some("TextureView { inner: Renderbuffer { raw: NativeRenderbuffer(3) }, aspects: FormatAspects(COLOR), mip_levels: 0..1, array_layers: 0..1, format: Rgba8Unorm }")
10-02 16:25:03.510 17096 17119 I event /Users/henryliu/obelisk/numeron-worktrees/android-shared-sync/mir2-web3/third_party/bevyMIR2_ANDROID_SURFACE_ATTACHMENT_PROBE frame=55 raw=3 live=true internal=0x8058 size=2340x1080 samples=0 expected=Rgba8Unorm
10-02 16:25:03.510 17096 17118 I RustStdoutStderr: [2m2026-10-02T08:25:03.510165Z[0m [32m INFO[0m [2mbevy_render::view::window[0m[2m:[0m MIR2_ANDROID_SURFACE_ATTACHMENT_PROBE frame=55 raw=3 live=true internal=0x8058 size=2340x1080 samples=0 expected=Rgba8Unorm
10-02 16:25:03.510 17096 17119 I event /Users/henryliu/obelisk/numeron-worktrees/android-shared-sync/mir2-web3/third_party/bevyMIR2_ANDROID_VIEW_OUTPUT_PROBE frame=56 entity=178v0 current_surface_raw=3 has_camera=true has_view=true msaa=Some(Off) physical_target=Some(UVec2(2340, 1080)) output=Some("TextureView { inner: Renderbuffer { raw: NativeRenderbuffer(3) }, aspects: FormatAspects(COLOR), mip_levels: 0..1, array_layers: 0..1, format: Rgba8Unorm }")
10-02 16:25:03.510 17096 17118 I RustStdoutStderr: [2m2026-10-02T08:25:03.510625Z[0m [32m INFO[0m [2mbevy_render::view::window[0m[2m:[0m MIR2_ANDROID_VIEW_OUTPUT_PROBE frame=56 entity=178v0 current_surface_raw=3 has_camera=true has_view=true msaa=Some(Off) physical_target=Some(UVec2(2340, 1080)) output=Some("TextureView { inner: Renderbuffer { raw: NativeRenderbuffer(3) }, aspects: FormatAspects(COLOR), mip_levels: 0..1, array_layers: 0..1, format: Rgba8Unorm }")
10-02 16:25:03.525 17096 17119 I event /Users/henryliu/obelisk/numeron-worktrees/android-shared-sync/mir2-web3/third_party/bevyMIR2_ANDROID_SURFACE_ATTACHMENT_PROBE frame=56 raw=3 live=true internal=0x8058 size=2340x1080 samples=0 expected=Rgba8Unorm
10-02 16:25:03.526 17096 17118 I RustStdoutStderr: [2m2026-10-02T08:25:03.525766Z[0m [32m INFO[0m [2mbevy_render::view::window[0m[2m:[0m MIR2_ANDROID_SURFACE_ATTACHMENT_PROBE frame=56 raw=3 live=true internal=0x8058 size=2340x1080 samples=0 expected=Rgba8Unorm
10-02 16:25:03.526 17096 17119 I event /Users/henryliu/obelisk/numeron-worktrees/android-shared-sync/mir2-web3/third_party/bevyMIR2_ANDROID_VIEW_OUTPUT_PROBE frame=57 entity=178v0 current_surface_raw=3 has_camera=true has_view=true msaa=Some(Off) physical_target=Some(UVec2(2340, 1080)) output=Some("TextureView { inner: Renderbuffer { raw: NativeRenderbuffer(3) }, aspects: FormatAspects(COLOR), mip_levels: 0..1, array_layers: 0..1, format: Rgba8Unorm }")
10-02 16:25:03.526 17096 17118 I RustStdoutStderr: [2m2026-10-02T08:25:03.526201Z[0m [32m INFO[0m [2mbevy_render::view::window[0m[2m:[0m MIR2_ANDROID_VIEW_OUTPUT_PROBE frame=57 entity=178v0 current_surface_raw=3 has_camera=true has_view=true msaa=Some(Off) physical_target=Some(UVec2(2340, 1080)) output=Some("TextureView { inner: Renderbuffer { raw: NativeRenderbuffer(3) }, aspects: FormatAspects(COLOR), mip_levels: 0..1, array_layers: 0..1, format: Rgba8Unorm }")
10-02 16:25:03.544 17096 17119 I event /Users/henryliu/obelisk/numeron-worktrees/android-shared-sync/mir2-web3/third_party/bevyMIR2_ANDROID_SURFACE_ATTACHMENT_PROBE frame=57 raw=3 live=true internal=0x8058 size=2340x1080 samples=0 expected=Rgba8Unorm
10-02 16:25:03.545 17096 17118 I RustStdoutStderr: [2m2026-10-02T08:25:03.544909Z[0m [32m INFO[0m [2mbevy_render::view::window[0m[2m:[0m MIR2_ANDROID_SURFACE_ATTACHMENT_PROBE frame=57 raw=3 live=true internal=0x8058 size=2340x1080 samples=0 expected=Rgba8Unorm
10-02 16:25:03.545 17096 17119 I event /Users/henryliu/obelisk/numeron-worktrees/android-shared-sync/mir2-web3/third_party/bevyMIR2_ANDROID_VIEW_OUTPUT_PROBE frame=58 entity=178v0 current_surface_raw=3 has_camera=true has_view=true msaa=Some(Off) physical_target=Some(UVec2(2340, 1080)) output=Some("TextureView { inner: Renderbuffer { raw: NativeRenderbuffer(3) }, aspects: FormatAspects(COLOR), mip_levels: 0..1, array_layers: 0..1, format: Rgba8Unorm }")
10-02 16:25:03.545 17096 17118 I RustStdoutStderr: [2m2026-10-02T08:25:03.545306Z[0m [32m INFO[0m [2mbevy_render::view::window[0m[2m:[0m MIR2_ANDROID_VIEW_OUTPUT_PROBE frame=58 entity=178v0 current_surface_raw=3 has_camera=true has_view=true msaa=Some(Off) physical_target=Some(UVec2(2340, 1080)) output=Some("TextureView { inner: Renderbuffer { raw: NativeRenderbuffer(3) }, aspects: FormatAspects(COLOR), mip_levels: 0..1, array_layers: 0..1, format: Rgba8Unorm }")
10-02 16:25:03.562 17096 17119 I event /Users/henryliu/obelisk/numeron-worktrees/android-shared-sync/mir2-web3/third_party/bevyMIR2_ANDROID_SURFACE_ATTACHMENT_PROBE frame=58 raw=3 live=true internal=0x8058 size=2340x1080 samples=0 expected=Rgba8Unorm
10-02 16:25:03.562 17096 17118 I RustStdoutStderr: [2m2026-10-02T08:25:03.562157Z[0m [32m INFO[0m [2mbevy_render::view::window[0m[2m:[0m MIR2_ANDROID_SURFACE_ATTACHMENT_PROBE frame=58 raw=3 live=true internal=0x8058 size=2340x1080 samples=0 expected=Rgba8Unorm
10-02 16:25:03.562 17096 17119 I event /Users/henryliu/obelisk/numeron-worktrees/android-shared-sync/mir2-web3/third_party/bevyMIR2_ANDROID_VIEW_OUTPUT_PROBE frame=59 entity=178v0 current_surface_raw=3 has_camera=true has_view=true msaa=Some(Off) physical_target=Some(UVec2(2340, 1080)) output=Some("TextureView { inner: Renderbuffer { raw: NativeRenderbuffer(3) }, aspects: FormatAspects(COLOR), mip_levels: 0..1, array_layers: 0..1, format: Rgba8Unorm }")
10-02 16:25:03.565 17096 17118 I RustStdoutStderr: [2m2026-10-02T08:25:03.562529Z[0m [32m INFO[0m [2mbevy_render::view::window[0m[2m:[0m MIR2_ANDROID_VIEW_OUTPUT_PROBE frame=59 entity=178v0 current_surface_raw=3 has_camera=true has_view=true msaa=Some(Off) physical_target=Some(UVec2(2340, 1080)) output=Some("TextureView { inner: Renderbuffer { raw: NativeRenderbuffer(3) }, aspects: FormatAspects(COLOR), mip_levels: 0..1, array_layers: 0..1, format: Rgba8Unorm }")
10-02 16:25:03.577 17096 17119 I event /Users/henryliu/obelisk/numeron-worktrees/android-shared-sync/mir2-web3/third_party/bevyMIR2_ANDROID_SURFACE_ATTACHMENT_PROBE frame=59 raw=3 live=true internal=0x8058 size=2340x1080 samples=0 expected=Rgba8Unorm
10-02 16:25:03.577 17096 17118 I RustStdoutStderr: [2m2026-10-02T08:25:03.577464Z[0m [32m INFO[0m [2mbevy_render::view::window[0m[2m:[0m MIR2_ANDROID_SURFACE_ATTACHMENT_PROBE frame=59 raw=3 live=true internal=0x8058 size=2340x1080 samples=0 expected=Rgba8Unorm
10-02 16:25:03.577 17096 17119 I event /Users/henryliu/obelisk/numeron-worktrees/android-shared-sync/mir2-web3/third_party/bevyMIR2_ANDROID_VIEW_OUTPUT_PROBE frame=60 entity=178v0 current_surface_raw=3 has_camera=true has_view=true msaa=Some(Off) physical_target=Some(UVec2(2340, 1080)) output=Some("TextureView { inner: Renderbuffer { raw: NativeRenderbuffer(3) }, aspects: FormatAspects(COLOR), mip_levels: 0..1, array_layers: 0..1, format: Rgba8Unorm }")
10-02 16:25:03.578 17096 17118 I RustStdoutStderr: [2m2026-10-02T08:25:03.577939Z[0m [32m INFO[0m [2mbevy_render::view::window[0m[2m:[0m MIR2_ANDROID_VIEW_OUTPUT_PROBE frame=60 entity=178v0 current_surface_raw=3 has_camera=true has_view=true msaa=Some(Off) physical_target=Some(UVec2(2340, 1080)) output=Some("TextureView { inner: Renderbuffer { raw: NativeRenderbuffer(3) }, aspects: FormatAspects(COLOR), mip_levels: 0..1, array_layers: 0..1, format: Rgba8Unorm }")
10-02 16:25:03.592 17096 17119 I event /Users/henryliu/obelisk/numeron-worktrees/android-shared-sync/mir2-web3/third_party/bevyMIR2_ANDROID_SURFACE_ATTACHMENT_PROBE frame=60 raw=3 live=true internal=0x8058 size=2340x1080 samples=0 expected=Rgba8Unorm
10-02 16:25:03.592 17096 17118 I RustStdoutStderr: [2m2026-10-02T08:25:03.592752Z[0m [32m INFO[0m [2mbevy_render::view::window[0m[2m:[0m MIR2_ANDROID_SURFACE_ATTACHMENT_PROBE frame=60 raw=3 live=true internal=0x8058 size=2340x1080 samples=0 expected=Rgba8Unorm
10-02 16:25:03.593 17096 17119 I event /Users/henryliu/obelisk/numeron-worktrees/android-shared-sync/mir2-web3/third_party/bevyMIR2_ANDROID_VIEW_OUTPUT_PROBE frame=61 entity=178v0 current_surface_raw=3 has_camera=true has_view=true msaa=Some(Off) physical_target=Some(UVec2(2340, 1080)) output=Some("TextureView { inner: Renderbuffer { raw: NativeRenderbuffer(3) }, aspects: FormatAspects(COLOR), mip_levels: 0..1, array_layers: 0..1, format: Rgba8Unorm }")
10-02 16:25:03.593 17096 17118 I RustStdoutStderr: [2m2026-10-02T08:25:03.593181Z[0m [32m INFO[0m [2mbevy_render::view::window[0m[2m:[0m MIR2_ANDROID_VIEW_OUTPUT_PROBE frame=61 entity=178v0 current_surface_raw=3 has_camera=true has_view=true msaa=Some(Off) physical_target=Some(UVec2(2340, 1080)) output=Some("TextureView { inner: Renderbuffer { raw: NativeRenderbuffer(3) }, aspects: FormatAspects(COLOR), mip_levels: 0..1, array_layers: 0..1, format: Rgba8Unorm }")
10-02 16:25:03.609 17096 17119 I event /Users/henryliu/obelisk/numeron-worktrees/android-shared-sync/mir2-web3/third_party/bevyMIR2_ANDROID_SURFACE_ATTACHMENT_PROBE frame=61 raw=3 live=true internal=0x8058 size=2340x1080 samples=0 expected=Rgba8Unorm
10-02 16:25:03.609 17096 17118 I RustStdoutStderr: [2m2026-10-02T08:25:03.609663Z[0m [32m INFO[0m [2mbevy_render::view::window[0m[2m:[0m MIR2_ANDROID_SURFACE_ATTACHMENT_PROBE frame=61 raw=3 live=true internal=0x8058 size=2340x1080 samples=0 expected=Rgba8Unorm
10-02 16:25:03.610 17096 17119 I event /Users/henryliu/obelisk/numeron-worktrees/android-shared-sync/mir2-web3/third_party/bevyMIR2_ANDROID_VIEW_OUTPUT_PROBE frame=62 entity=178v0 current_surface_raw=3 has_camera=true has_view=true msaa=Some(Off) physical_target=Some(UVec2(2340, 1080)) output=Some("TextureView { inner: Renderbuffer { raw: NativeRenderbuffer(3) }, aspects: FormatAspects(COLOR), mip_levels: 0..1, array_layers: 0..1, format: Rgba8Unorm }")
10-02 16:25:03.610 17096 17118 I RustStdoutStderr: [2m2026-10-02T08:25:03.610156Z[0m [32m INFO[0m [2mbevy_render::view::window[0m[2m:[0m MIR2_ANDROID_VIEW_OUTPUT_PROBE frame=62 entity=178v0 current_surface_raw=3 has_camera=true has_view=true msaa=Some(Off) physical_target=Some(UVec2(2340, 1080)) output=Some("TextureView { inner: Renderbuffer { raw: NativeRenderbuffer(3) }, aspects: FormatAspects(COLOR), mip_levels: 0..1, array_layers: 0..1, format: Rgba8Unorm }")
10-02 16:25:03.626 17096 17119 I event /Users/henryliu/obelisk/numeron-worktrees/android-shared-sync/mir2-web3/third_party/bevyMIR2_ANDROID_SURFACE_ATTACHMENT_PROBE frame=62 raw=3 live=true internal=0x8058 size=2340x1080 samples=0 expected=Rgba8Unorm
10-02 16:25:03.626 17096 17118 I RustStdoutStderr: [2m2026-10-02T08:25:03.626585Z[0m [32m INFO[0m [2mbevy_render::view::window[0m[2m:[0m MIR2_ANDROID_SURFACE_ATTACHMENT_PROBE frame=62 raw=3 live=true internal=0x8058 size=2340x1080 samples=0 expected=Rgba8Unorm
10-02 16:25:03.627 17096 17119 I event /Users/henryliu/obelisk/numeron-worktrees/android-shared-sync/mir2-web3/third_party/bevyMIR2_ANDROID_VIEW_OUTPUT_PROBE frame=63 entity=178v0 current_surface_raw=3 has_camera=true has_view=true msaa=Some(Off) physical_target=Some(UVec2(2340, 1080)) output=Some("TextureView { inner: Renderbuffer { raw: NativeRenderbuffer(3) }, aspects: FormatAspects(COLOR), mip_levels: 0..1, array_layers: 0..1, format: Rgba8Unorm }")
10-02 16:25:03.627 17096 17118 I RustStdoutStderr: [2m2026-10-02T08:25:03.627016Z[0m [32m INFO[0m [2mbevy_render::view::window[0m[2m:[0m MIR2_ANDROID_VIEW_OUTPUT_PROBE frame=63 entity=178v0 current_surface_raw=3 has_camera=true has_view=true msaa=Some(Off) physical_target=Some(UVec2(2340, 1080)) output=Some("TextureView { inner: Renderbuffer { raw: NativeRenderbuffer(3) }, aspects: FormatAspects(COLOR), mip_levels: 0..1, array_layers: 0..1, format: Rgba8Unorm }")
10-02 16:25:03.643 17096 17119 I event /Users/henryliu/obelisk/numeron-worktrees/android-shared-sync/mir2-web3/third_party/bevyMIR2_ANDROID_SURFACE_ATTACHMENT_PROBE frame=63 raw=3 live=true internal=0x8058 size=2340x1080 samples=0 expected=Rgba8Unorm
10-02 16:25:03.643 17096 17118 I RustStdoutStderr: [2m2026-10-02T08:25:03.643687Z[0m [32m INFO[0m [2mbevy_render::view::window[0m[2m:[0m MIR2_ANDROID_SURFACE_ATTACHMENT_PROBE frame=63 raw=3 live=true internal=0x8058 size=2340x1080 samples=0 expected=Rgba8Unorm
10-02 16:25:03.644 17096 17119 I event /Users/henryliu/obelisk/numeron-worktrees/android-shared-sync/mir2-web3/third_party/bevyMIR2_ANDROID_VIEW_OUTPUT_PROBE frame=64 entity=178v0 current_surface_raw=3 has_camera=true has_view=true msaa=Some(Off) physical_target=Some(UVec2(2340, 1080)) output=Some("TextureView { inner: Renderbuffer { raw: NativeRenderbuffer(3) }, aspects: FormatAspects(COLOR), mip_levels: 0..1, array_layers: 0..1, format: Rgba8Unorm }")
10-02 16:25:03.644 17096 17118 I RustStdoutStderr: [2m2026-10-02T08:25:03.644068Z[0m [32m INFO[0m [2mbevy_render::view::window[0m[2m:[0m MIR2_ANDROID_VIEW_OUTPUT_PROBE frame=64 entity=178v0 current_surface_raw=3 has_camera=true has_view=true msaa=Some(Off) physical_target=Some(UVec2(2340, 1080)) output=Some("TextureView { inner: Renderbuffer { raw: NativeRenderbuffer(3) }, aspects: FormatAspects(COLOR), mip_levels: 0..1, array_layers: 0..1, format: Rgba8Unorm }")
10-02 16:25:03.945 17096 17119 D EGL_emulation: app_time_stats: avg=14.43ms min=12.22ms max=21.44ms count=60
10-02 16:25:04.024 17096 17123 I event src/phone_hud.rs:173: ANDROID_PHONE_TEXT_LAYOUTfont = TextFont { font: SystemUi, font_size: Px(23.466667), weight: FontWeight(400), width: FontWidth(1.0), style: Normal, font_smoothing: AntiAliased, font_features: FontFeatures { features: [] }, font_variations: FontVariations { variations: [] } }; color = TextColor(Srgba(Srgba { red: 0.98, green: 0.91, blue: 0.76, alpha: 1.0 })); glyph_masks = [true, true, true, true, true, true, true, true, true, true, true, true, true];
10-02 16:25:04.024 17096 17123 I event src/phone_hud.rs:173: ANDROID_PHONE_TEXT_LAYOUTfont = TextFont { font: SystemUi, font_size: Px(23.466667), weight: FontWeight(400), width: FontWidth(1.0), style: Normal, font_smoothing: AntiAliased, font_features: FontFeatures { features: [] }, font_variations: FontVariations { variations: [] } }; color = TextColor(Srgba(Srgba { red: 0.96, green: 0.85, blue: 0.61, alpha: 1.0 })); glyph_masks = [true, true, true];
10-02 16:25:04.024 17096 17123 I event src/phone_hud.rs:173: ANDROID_PHONE_TEXT_LAYOUTfont = TextFont { font: SystemUi, font_size: Px(23.466667), weight: FontWeight(400), width: FontWidth(1.0), style: Normal, font_smoothing: AntiAliased, font_features: FontFeatures { features: [] }, font_variations: FontVariations { variations: [] } }; color = TextColor(Srgba(Srgba { red: 0.96, green: 0.85, blue: 0.61, alpha: 1.0 })); glyph_masks = [true, true, true];
10-02 16:25:04.024 17096 17123 I event src/phone_hud.rs:173: ANDROID_PHONE_TEXT_LAYOUTfont = TextFont { font: SystemUi, font_size: Px(23.466667), weight: FontWeight(400), width: FontWidth(1.0), style: Normal, font_smoothing: AntiAliased, font_features: FontFeatures { features: [] }, font_variations: FontVariations { variations: [] } }; color = TextColor(Srgba(Srgba { red: 0.96, green: 0.85, blue: 0.61, alpha: 1.0 })); glyph_masks = [true, true, true, true, true];
10-02 16:25:04.024 17096 17123 I event src/phone_hud.rs:173: ANDROID_PHONE_TEXT_LAYOUTfont = TextFont { font: SystemUi, font_size: Px(23.466667), weight: FontWeight(400), width: FontWidth(1.0), style: Normal, font_smoothing: AntiAliased, font_features: FontFeatures { features: [] }, font_variations: FontVariations { variations: [] } }; color = TextColor(Srgba(Srgba { red: 0.96, green: 0.85, blue: 0.61, alpha: 1.0 })); glyph_masks = [true, true, true, true, true, true, true];
10-02 16:25:04.024 17096 17123 I event src/phone_hud.rs:173: ANDROID_PHONE_TEXT_LAYOUTfont = TextFont { font: SystemUi, font_size: Px(23.466667), weight: FontWeight(400), width: FontWidth(1.0), style: Normal, font_smoothing: AntiAliased, font_features: FontFeatures { features: [] }, font_variations: FontVariations { variations: [] } }; color = TextColor(Srgba(Srgba { red: 0.96, green: 0.85, blue: 0.61, alpha: 1.0 })); glyph_masks = [true, true, true, true, true];
10-02 16:25:04.024 17096 17123 I event src/phone_hud.rs:173: ANDROID_PHONE_TEXT_LAYOUTfont = TextFont { font: SystemUi, font_size: Px(23.466667), weight: FontWeight(400), width: FontWidth(1.0), style: Normal, font_smoothing: AntiAliased, font_features: FontFeatures { features: [] }, font_variations: FontVariations { variations: [] } }; color = TextColor(Srgba(Srgba { red: 0.96, green: 0.85, blue: 0.61, alpha: 1.0 })); glyph_masks = [true, true, true, true, true, true];
10-02 16:25:04.024 17096 17123 I event src/phone_hud.rs:173: ANDROID_PHONE_TEXT_LAYOUTfont = TextFont { font: SystemUi, font_size: Px(23.466667), weight: FontWeight(400), width: FontWidth(1.0), style: Normal, font_smoothing: AntiAliased, font_features: FontFeatures { features: [] }, font_variations: FontVariations { variations: [] } }; color = TextColor(Srgba(Srgba { red: 0.96, green: 0.85, blue: 0.61, alpha: 1.0 })); glyph_masks = [true, true, true, true, true];
10-02 16:25:04.024 17096 17123 I event src/phone_hud.rs:173: ANDROID_PHONE_TEXT_LAYOUTfont = TextFont { font: SystemUi, font_size: Px(23.466667), weight: FontWeight(400), width: FontWidth(1.0), style: Normal, font_smoothing: AntiAliased, font_features: FontFeatures { features: [] }, font_variations: FontVariations { variations: [] } }; color = TextColor(Srgba(Srgba { red: 0.96, green: 0.85, blue: 0.61, alpha: 1.0 })); glyph_masks = [true, true, true, true, true];
10-02 16:25:04.024 17096 17123 I event src/phone_hud.rs:173: ANDROID_PHONE_TEXT_LAYOUTfont = TextFont { font: SystemUi, font_size: Px(23.466667), weight: FontWeight(400), width: FontWidth(1.0), style: Normal, font_smoothing: AntiAliased, font_features: FontFeatures { features: [] }, font_variations: FontVariations { variations: [] } }; color = TextColor(Srgba(Srgba { red: 0.96, green: 0.85, blue: 0.61, alpha: 1.0 })); glyph_masks = [true, true, true, true, true];
10-02 16:25:04.024 17096 17123 I event src/phone_hud.rs:173: ANDROID_PHONE_TEXT_LAYOUTfont = TextFont { font: SystemUi, font_size: Px(23.466667), weight: FontWeight(400), width: FontWidth(1.0), style: Normal, font_smoothing: AntiAliased, font_features: FontFeatures { features: [] }, font_variations: FontVariations { variations: [] } }; color = TextColor(Srgba(Srgba { red: 0.96, green: 0.85, blue: 0.61, alpha: 1.0 })); glyph_masks = [true, true, true, true];
10-02 16:25:04.024 17096 17123 I event src/phone_hud.rs:173: ANDROID_PHONE_TEXT_LAYOUTfont = TextFont { font: SystemUi, font_size: Px(23.466667), weight: FontWeight(400), width: FontWidth(1.0), style: Normal, font_smoothing: AntiAliased, font_features: FontFeatures { features: [] }, font_variations: FontVariations { variations: [] } }; color = TextColor(Srgba(Srgba { red: 0.96, green: 0.85, blue: 0.61, alpha: 1.0 })); glyph_masks = [true, true];
10-02 16:25:04.024 17096 17123 I event src/phone_hud.rs:173: ANDROID_PHONE_TEXT_LAYOUTfont = TextFont { font: SystemUi, font_size: Px(23.466667), weight: FontWeight(400), width: FontWidth(1.0), style: Normal, font_smoothing: AntiAliased, font_features: FontFeatures { features: [] }, font_variations: FontVariations { variations: [] } }; color = TextColor(Srgba(Srgba { red: 0.96, green: 0.85, blue: 0.61, alpha: 1.0 })); glyph_masks = [true, true, true, true];
10-02 16:25:04.024 17096 17118 I RustStdoutStderr: [2m2026-10-02T08:25:04.024435Z[0m [32m INFO[0m [2mmir2_platform_android::phone_hud[0m[2m:[0m ANDROID_PHONE_TEXT_LAYOUT [3mfont[0m[2m=[0mTextFont { font: SystemUi, font_size: Px(23.466667), weight: FontWeight(400), width: FontWidth(1.0), style: Normal, font_smoothing: AntiAliased, font_features: FontFeatures { features: [] }, font_variations: FontVariations { variations: [] } } [3mcolor[0m[2m=[0mTextColor(Srgba(Srgba { red: 0.98, green: 0.91, blue: 0.76, alpha: 1.0 })) [3mglyph_masks[0m[2m=[0m[true, true, true, true, true, true, true, true, true, true, true, true, true]
10-02 16:25:04.024 17096 17118 I RustStdoutStderr: [2m2026-10-02T08:25:04.024562Z[0m [32m INFO[0m [2mmir2_platform_android::phone_hud[0m[2m:[0m ANDROID_PHONE_TEXT_LAYOUT [3mfont[0m[2m=[0mTextFont { font: SystemUi, font_size: Px(23.466667), weight: FontWeight(400), width: FontWidth(1.0), style: Normal, font_smoothing: AntiAliased, font_features: FontFeatures { features: [] }, font_variations: FontVariations { variations: [] } } [3mcolor[0m[2m=[0mTextColor(Srgba(Srgba { red: 0.96, green: 0.85, blue: 0.61, alpha: 1.0 })) [3mglyph_masks[0m[2m=[0m[true, true, true]
10-02 16:25:04.024 17096 17118 I RustStdoutStderr: [2m2026-10-02T08:25:04.024573Z[0m [32m INFO[0m [2mmir2_platform_android::phone_hud[0m[2m:[0m ANDROID_PHONE_TEXT_LAYOUT [3mfont[0m[2m=[0mTextFont { font: SystemUi, font_size: Px(23.466667), weight: FontWeight(400), width: FontWidth(1.0), style: Normal, font_smoothing: AntiAliased, font_features: FontFeatures { features: [] }, font_variations: FontVariations { variations: [] } } [3mcolor[0m[2m=[0mTextColor(Srgba(Srgba { red: 0.96, green: 0.85, blue: 0.61, alpha: 1.0 })) [3mglyph_masks[0m[2m=[0m[true, true, true]
10-02 16:25:04.024 17096 17118 I RustStdoutStderr: [2m2026-10-02T08:25:04.024578Z[0m [32m INFO[0m [2mmir2_platform_android::phone_hud[0m[2m:[0m ANDROID_PHONE_TEXT_LAYOUT [3mfont[0m[2m=[0mTextFont { font: SystemUi, font_size: Px(23.466667), weight: FontWeight(400), width: FontWidth(1.0), style: Normal, font_smoothing: AntiAliased, font_features: FontFeatures { features: [] }, font_variations: FontVariations { variations: [] } } [3mcolor[0m[2m=[0mTextColor(Srgba(Srgba { red: 0.96, green: 0.85, blue: 0.61, alpha: 1.0 })) [3mglyph_masks[0m[2m=[0m[true, true, true, true, true]
10-02 16:25:04.024 17096 17118 I RustStdoutStderr: [2m2026-10-02T08:25:04.024583Z[0m [32m INFO[0m [2mmir2_platform_android::phone_hud[0m[2m:[0m ANDROID_PHONE_TEXT_LAYOUT [3mfont[0m[2m=[0mTextFont { font: SystemUi, font_size: Px(23.466667), weight: FontWeight(400), width: FontWidth(1.0), style: Normal, font_smoothing: AntiAliased, font_features: FontFeatures { features: [] }, font_variations: FontVariations { variations: [] } } [3mcolor[0m[2m=[0mTextColor(Srgba(Srgba { red: 0.96, green: 0.85, blue: 0.61, alpha: 1.0 })) [3mglyph_masks[0m[2m=[0m[true, true, true, true, true, true, true]
10-02 16:25:04.024 17096 17118 I RustStdoutStderr: [2m2026-10-02T08:25:04.024587Z[0m [32m INFO[0m [2mmir2_platform_android::phone_hud[0m[2m:[0m ANDROID_PHONE_TEXT_LAYOUT [3mfont[0m[2m=[0mTextFont { font: SystemUi, font_size: Px(23.466667), weight: FontWeight(400), width: FontWidth(1.0), style: Normal, font_smoothing: AntiAliased, font_features: FontFeatures { features: [] }, font_variations: FontVariations { variations: [] } } [3mcolor[0m[2m=[0mTextColor(Srgba(Srgba { red: 0.96, green: 0.85, blue: 0.61, alpha: 1.0 })) [3mglyph_masks[0m[2m=[0m[true, true, true, true, true]
10-02 16:25:04.024 17096 17118 I RustStdoutStderr: [2m2026-10-02T08:25:04.024592Z[0m [32m INFO[0m [2mmir2_platform_android::phone_hud[0m[2m:[0m ANDROID_PHONE_TEXT_LAYOUT [3mfont[0m[2m=[0mTextFont { font: SystemUi, font_size: Px(23.466667), weight: FontWeight(400), width: FontWidth(1.0), style: Normal, font_smoothing: AntiAliased, font_features: FontFeatures { features: [] }, font_variations: FontVariations { variations: [] } } [3mcolor[0m[2m=[0mTextColor(Srgba(Srgba { red: 0.96, green: 0.85, blue: 0.61, alpha: 1.0 })) [3mglyph_masks[0m[2m=[0m[true, true, true, true, true, true]
10-02 16:25:04.024 17096 17118 I RustStdoutStderr: [2m2026-10-02T08:25:04.024597Z[0m [32m INFO[0m [2mmir2_platform_android::phone_hud[0m[2m:[0m ANDROID_PHONE_TEXT_LAYOUT [3mfont[0m[2m=[0mTextFont { font: SystemUi, font_size: Px(23.466667), weight: FontWeight(400), width: FontWidth(1.0), style: Normal, font_smoothing: AntiAliased, font_features: FontFeatures { features: [] }, font_variations: FontVariations { variations: [] } } [3mcolor[0m[2m=[0mTextColor(Srgba(Srgba { red: 0.96, green: 0.85, blue: 0.61, alpha: 1.0 })) [3mglyph_masks[0m[2m=[0m[true, true, true, true, true]
10-02 16:25:04.024 17096 17118 I RustStdoutStderr: [2m2026-10-02T08:25:04.024601Z[0m [32m INFO[0m [2mmir2_platform_android::phone_hud[0m[2m:[0m ANDROID_PHONE_TEXT_LAYOUT [3mfont[0m[2m=[0mTextFont { font: SystemUi, font_size: Px(23.466667), weight: FontWeight(400), width: FontWidth(1.0), style: Normal, font_smoothing: AntiAliased, font_features: FontFeatures { features: [] }, font_variations: FontVariations { variations: [] } } [3mcolor[0m[2m=[0mTextColor(Srgba(Srgba { red: 0.96, green: 0.85, blue: 0.61, alpha: 1.0 })) [3mglyph_masks[0m[2m=[0m[true, true, true, true, true]
10-02 16:25:04.024 17096 17118 I RustStdoutStderr: [2m2026-10-02T08:25:04.024607Z[0m [32m INFO[0m [2mmir2_platform_android::phone_hud[0m[2m:[0m ANDROID_PHONE_TEXT_LAYOUT [3mfont[0m[2m=[0mTextFont { font: SystemUi, font_size: Px(23.466667), weight: FontWeight(400), width: FontWidth(1.0), style: Normal, font_smoothing: AntiAliased, font_features: FontFeatures { features: [] }, font_variations: FontVariations { variations: [] } } [3mcolor[0m[2m=[0mTextColor(Srgba(Srgba { red: 0.96, green: 0.85, blue: 0.61, alpha: 1.0 })) [3mglyph_masks[0m[2m=[0m[true, true, true, true, true]
10-02 16:25:04.024 17096 17118 I RustStdoutStderr: [2m2026-10-02T08:25:04.024612Z[0m [32m INFO[0m [2mmir2_platform_android::phone_hud[0m[2m:[0m ANDROID_PHONE_TEXT_LAYOUT [3mfont[0m[2m=[0mTextFont { font: SystemUi, font_size: Px(23.466667), weight: FontWeight(400), width: FontWidth(1.0), style: Normal, font_smoothing: AntiAliased, font_features: FontFeatures { features: [] }, font_variations: FontVariations { variations: [] } } [3mcolor[0m[2m=[0mTextColor(Srgba(Srgba { red: 0.96, green: 0.85, blue: 0.61, alpha: 1.0 })) [3mglyph_masks[0m[2m=[0m[true, true, true, true]
10-02 16:25:04.024 17096 17118 I RustStdoutStderr: [2m2026-10-02T08:25:04.024617Z[0m [32m INFO[0m [2mmir2_platform_android::phone_hud[0m[2m:[0m ANDROID_PHONE_TEXT_LAYOUT [3mfont[0m[2m=[0mTextFont { font: SystemUi, font_size: Px(23.466667), weight: FontWeight(400), width: FontWidth(1.0), style: Normal, font_smoothing: AntiAliased, font_features: FontFeatures { features: [] }, font_variations: FontVariations { variations: [] } } [3mcolor[0m[2m=[0mTextColor(Srgba(Srgba { red: 0.96, green: 0.85, blue: 0.61, alpha: 1.0 })) [3mglyph_masks[0m[2m=[0m[true, true]
10-02 16:25:04.024 17096 17118 I RustStdoutStderr: [2m2026-10-02T08:25:04.024621Z[0m [32m INFO[0m [2mmir2_platform_android::phone_hud[0m[2m:[0m ANDROID_PHONE_TEXT_LAYOUT [3mfont[0m[2m=[0mTextFont { font: SystemUi, font_size: Px(23.466667), weight: FontWeight(400), width: FontWidth(1.0), style: Normal, font_smoothing: AntiAliased, font_features: FontFeatures { features: [] }, font_variations: FontVariations { variations: [] } } [3mcolor[0m[2m=[0mTextColor(Srgba(Srgba { red: 0.96, green: 0.85, blue: 0.61, alpha: 1.0 })) [3mglyph_masks[0m[2m=[0m[true, true, true, true]
10-02 16:25:04.167 17096 17122 I event src/ui_preview.rs:160: ANDROID_REMOTE_BACKSTEP_PRESENTATION_STARTED
10-02 16:25:04.167 17096 17118 I RustStdoutStderr: [2m2026-10-02T08:25:04.167521Z[0m [32m INFO[0m [2mmir2_platform_android::ui_preview[0m[2m:[0m ANDROID_REMOTE_BACKSTEP_PRESENTATION_STARTED
10-02 16:25:04.169 17096 17122 I event src/ui_preview.rs:168: ANDROID_ASSASSIN_ATTACK_PRESENTATION_STARTED
10-02 16:25:04.169 17096 17118 I RustStdoutStderr: [2m2026-10-02T08:25:04.169818Z[0m [32m INFO[0m [2mmir2_platform_android::ui_preview[0m[2m:[0m ANDROID_ASSASSIN_ATTACK_PRESENTATION_STARTED
10-02 16:25:04.171 17096 17122 I event src/ui_preview.rs:179: ANDROID_USER_DASH_PRESENTATION_APPLIED
10-02 16:25:04.171 17096 17118 I RustStdoutStderr: [2m2026-10-02T08:25:04.171558Z[0m [32m INFO[0m [2mmir2_platform_android::ui_preview[0m[2m:[0m ANDROID_USER_DASH_PRESENTATION_APPLIED
10-02 16:25:04.173 17096 17122 I event src/ui_preview.rs:222: ANDROID_LOCAL_PUSHED_PRESENTATION_APPLIED
10-02 16:25:04.173 17096 17118 I RustStdoutStderr: [2m2026-10-02T08:25:04.173126Z[0m [32m INFO[0m [2mmir2_platform_android::ui_preview[0m[2m:[0m ANDROID_LOCAL_PUSHED_PRESENTATION_APPLIED
10-02 16:25:04.175 17096 17122 I event src/ui_preview.rs:222: ANDROID_LOCAL_BACKSTEP_PRESENTATION_APPLIED
10-02 16:25:04.175 17096 17118 I RustStdoutStderr: [2m2026-10-02T08:25:04.175083Z[0m [32m INFO[0m [2mmir2_platform_android::ui_preview[0m[2m:[0m ANDROID_LOCAL_BACKSTEP_PRESENTATION_APPLIED
10-02 16:25:04.177 17096 17122 I event src/ui_preview.rs:222: ANDROID_LOCAL_ATTACK_MOVE_PRESENTATION_APPLIED
10-02 16:25:04.177 17096 17118 I RustStdoutStderr: [2m2026-10-02T08:25:04.177012Z[0m [32m INFO[0m [2mmir2_platform_android::ui_preview[0m[2m:[0m ANDROID_LOCAL_ATTACK_MOVE_PRESENTATION_APPLIED
10-02 16:25:04.178 17096 17122 I event src/ui_preview.rs:222: ANDROID_LOCAL_DASH_ATTACK_PRESENTATION_APPLIED
10-02 16:25:04.178 17096 17118 I RustStdoutStderr: [2m2026-10-02T08:25:04.178684Z[0m [32m INFO[0m [2mmir2_platform_android::ui_preview[0m[2m:[0m ANDROID_LOCAL_DASH_ATTACK_PRESENTATION_APPLIED
10-02 16:25:04.184 17096 17122 I event src/ui_preview.rs:234: ANDROID_ARCHER_RANGE_PRESENTATION_STARTED
10-02 16:25:04.184 17096 17118 I RustStdoutStderr: [2m2026-10-02T08:25:04.184438Z[0m [32m INFO[0m [2mmir2_platform_android::ui_preview[0m[2m:[0m ANDROID_ARCHER_RANGE_PRESENTATION_STARTED
10-02 16:25:04.185 17096 17122 I event src/ui_preview.rs:245: ANDROID_OBJECT_DASH_PRESENTATION_APPLIED
10-02 16:25:04.186 17096 17118 I RustStdoutStderr: [2m2026-10-02T08:25:04.185932Z[0m [32m INFO[0m [2mmir2_platform_android::ui_preview[0m[2m:[0m ANDROID_OBJECT_DASH_PRESENTATION_APPLIED
10-02 16:25:04.187 17096 17122 I event src/ui_preview.rs:256: ANDROID_MOUNTED_ATTACK_PRESENTATION_STARTED
10-02 16:25:04.187 17096 17118 I RustStdoutStderr: [2m2026-10-02T08:25:04.187245Z[0m [32m INFO[0m [2mmir2_platform_android::ui_preview[0m[2m:[0m ANDROID_MOUNTED_ATTACK_PRESENTATION_STARTED
10-02 16:25:04.188 17096 17122 I event src/ui_preview.rs:267: ANDROID_OBJECT_PUSHED_PRESENTATION_APPLIED
10-02 16:25:04.188 17096 17118 I RustStdoutStderr: [2m2026-10-02T08:25:04.188387Z[0m [32m INFO[0m [2mmir2_platform_android::ui_preview[0m[2m:[0m ANDROID_OBJECT_PUSHED_PRESENTATION_APPLIED
10-02 16:25:04.203 17096 17119 I event src/ui_preview.rs:534: ANDROID_LOCAL_MOVEMENT_SKILL_ACTION_ACTIVE
10-02 16:25:04.203 17096 17118 I RustStdoutStderr: [2m2026-10-02T08:25:04.203622Z[0m [32m INFO[0m [2mmir2_platform_android::ui_preview[0m[2m:[0m ANDROID_LOCAL_MOVEMENT_SKILL_ACTION_ACTIVE
10-02 16:25:04.217 17096 17119 I event src/ui_preview.rs:485: ANDROID_REMOTE_BACKSTEP_POSE_ACTIVEoffset_x = 84.0; offset_y = 0.0;
10-02 16:25:04.218 17096 17119 I event src/ui_preview.rs:499: ANDROID_OBJECT_PUSHED_POSE_ACTIVEoffset_x = 32.0; offset_y = 0.0;
10-02 16:25:04.218 17096 17119 I event src/ui_preview.rs:516: ANDROID_OBJECT_DASH_POSE_ACTIVEoffset_x = -32.0; offset_y = 0.0;
10-02 16:25:04.218 17096 17118 I RustStdoutStderr: [2m2026-10-02T08:25:04.217895Z[0m [32m INFO[0m [2mmir2_platform_android::ui_preview[0m[2m:[0m ANDROID_REMOTE_BACKSTEP_POSE_ACTIVE [3moffset_x[0m[2m=[0m84.0 [3moffset_y[0m[2m=[0m0.0
10-02 16:25:04.218 17096 17118 I RustStdoutStderr: [2m2026-10-02T08:25:04.217996Z[0m [32m INFO[0m [2mmir2_platform_android::ui_preview[0m[2m:[0m ANDROID_OBJECT_PUSHED_POSE_ACTIVE [3moffset_x[0m[2m=[0m32.0 [3moffset_y[0m[2m=[0m0.0
10-02 16:25:04.218 17096 17118 I RustStdoutStderr: [2m2026-10-02T08:25:04.218008Z[0m [32m INFO[0m [2mmir2_platform_android::ui_preview[0m[2m:[0m ANDROID_OBJECT_DASH_POSE_ACTIVE [3moffset_x[0m[2m=[0m-32.0 [3moffset_y[0m[2m=[0m0.0
10-02 16:25:04.402 17096 17119 I event src/ui_preview.rs:510: ANDROID_OBJECT_PUSHED_POSE_SETTLED
10-02 16:25:04.402 17096 17119 I event src/ui_preview.rs:527: ANDROID_OBJECT_DASH_POSE_SETTLED
10-02 16:25:04.402 17096 17118 I RustStdoutStderr: [2m2026-10-02T08:25:04.402714Z[0m [32m INFO[0m [2mmir2_platform_android::ui_preview[0m[2m:[0m ANDROID_OBJECT_PUSHED_POSE_SETTLED
10-02 16:25:04.402 17096 17118 I RustStdoutStderr: [2m2026-10-02T08:25:04.402791Z[0m [32m INFO[0m [2mmir2_platform_android::ui_preview[0m[2m:[0m ANDROID_OBJECT_DASH_POSE_SETTLED
10-02 16:25:04.484 17096 17119 I event src/ui_preview.rs:537: ANDROID_LOCAL_MOVEMENT_SKILL_ACTION_SETTLED
10-02 16:25:04.484 17096 17118 I RustStdoutStderr: [2m2026-10-02T08:25:04.484411Z[0m [32m INFO[0m [2mmir2_platform_android::ui_preview[0m[2m:[0m ANDROID_LOCAL_MOVEMENT_SKILL_ACTION_SETTLED
10-02 16:25:04.960 17096 17119 D EGL_emulation: app_time_stats: avg=14.18ms min=11.87ms max=35.78ms count=60
10-02 16:25:04.966 17096 17119 I event src/ui_preview.rs:493: ANDROID_REMOTE_BACKSTEP_POSE_SETTLED
10-02 16:25:04.967 17096 17118 I RustStdoutStderr: [2m2026-10-02T08:25:04.966958Z[0m [32m INFO[0m [2mmir2_platform_android::ui_preview[0m[2m:[0m ANDROID_REMOTE_BACKSTEP_POSE_SETTLED
