   Compiling proc-macro2 v1.0.107
   Compiling unicode-ident v1.0.24
   Compiling quote v1.0.47
   Compiling windows-link v0.2.1
   Compiling serde_core v1.0.229
   Compiling libm v0.2.16
   Compiling equivalent v1.0.2
   Compiling cfg-if v1.0.4
   Compiling pin-project-lite v0.2.17
   Compiling foldhash v0.2.0
   Compiling serde v1.0.229
   Compiling allocator-api2 v0.2.21
   Compiling autocfg v1.5.1
   Compiling thiserror v2.0.20
   Compiling log v0.4.33
   Compiling parking v2.2.1
   Compiling hashbrown v0.17.1
   Compiling crossbeam-utils v0.8.22
   Compiling winnow v1.0.4
   Compiling smallvec v1.15.2
   Compiling toml_datetime v1.1.1+spec-1.1.0
   Compiling futures-core v0.3.33
   Compiling fastrand v2.5.0
   Compiling arrayvec v0.7.8
   Compiling futures-io v0.3.33
   Compiling raw-window-handle v0.6.2
   Compiling getrandom v0.4.3
   Compiling unicode-segmentation v1.13.3
   Compiling once_cell v1.21.4
   Compiling typewit v1.15.2
   Compiling rand_core v0.10.1
   Compiling typeid v1.0.3
   Compiling windows-sys v0.61.2
   Compiling spin v0.10.1
   Compiling unicode-xid v0.2.6
   Compiling thread_local v1.1.10
   Compiling erased-serde v0.4.10
   Compiling event-listener v5.4.2
   Compiling rand v0.10.2
   Compiling atomic-waker v1.1.2
   Compiling version_check v0.9.5
   Compiling futures-lite v2.6.1
   Compiling disqualified v1.0.0
   Compiling async-task v4.7.1
   Compiling downcast-rs v2.0.2
   Compiling const_panic v0.2.15
   Compiling bevy_ptr v0.19.0
   Compiling slab v0.4.12
   Compiling inventory v0.3.24
   Compiling event-listener-strategy v0.5.4
   Compiling nonmax v0.5.5
   Compiling bumpalo v3.20.3
   Compiling fixedbitset v0.5.7
   Compiling cfg_aliases v0.2.2
   Compiling tracing-core v0.1.36
   Compiling windows-strings v0.5.1
   Compiling windows-result v0.4.1
   Compiling either v1.17.0
   Compiling convert_case v0.10.0
   Compiling zerocopy v0.8.56
   Compiling num-traits v0.2.19
   Compiling windows-threading v0.2.1
   Compiling memchr v2.8.3
   Compiling find-msvc-tools v0.1.10
   Compiling stable_deref_trait v1.2.1
   Compiling shlex v2.0.1
   Compiling indexmap v2.14.0
   Compiling regex-syntax v0.8.11
   Compiling piper v0.2.5
   Compiling async-lock v3.4.2
   Compiling slotmap v1.1.1
   Compiling arrayref v0.3.9
   Compiling futures-task v0.3.33
   Compiling itertools v0.14.0
   Compiling const-fnv1a-hash v1.1.0
   Compiling cpufeatures v0.3.0
   Compiling constant_time_eq v0.4.2
   Compiling stackfuture v0.3.1
   Compiling async-broadcast v0.7.2
   Compiling atomicow v1.2.0
   Compiling unicode-width v0.2.2
   Compiling crc32fast v1.5.0
   Compiling simd-adler32 v0.3.10
   Compiling concurrent-queue v2.5.0
   Compiling crossbeam-queue v0.3.13
   Compiling crossbeam-channel v0.5.16
   Compiling writeable v0.6.3
   Compiling naga v29.0.4
   Compiling bit-vec v0.9.1
   Compiling adler2 v2.0.1
   Compiling litemap v0.8.2
   Compiling hexf-parse v0.2.1
   Compiling cc v1.4.2
   Compiling aho-corasick v1.1.5
   Compiling async-channel v2.5.0
   Compiling miniz_oxide v0.8.9
   Compiling rustc-hash v1.1.0
   Compiling lazy_static v1.5.0
   Compiling fdeflate v0.3.7
   Compiling tracing-log v0.2.0
   Compiling toml_parser v1.1.3+spec-1.1.0
   Compiling async-executor v1.14.0
   Compiling bit-set v0.9.1
   Compiling sharded-slab v0.1.7
   Compiling pxfm v0.1.30
   Compiling blocking v1.6.2
   Compiling utf8_iter v1.0.4
   Compiling const_soft_float v0.1.4
   Compiling svg_fmt v0.4.5
   Compiling byteorder-lite v0.1.0
   Compiling ash v0.38.0+1.3.281
   Compiling syn v2.0.119
   Compiling syn v3.0.3
   Compiling parking_lot_core v0.9.12
   Compiling libloading v0.8.9
   Compiling async-fs v2.2.0
   Compiling icu_properties_data v2.2.0
   Compiling scopeguard v1.2.0
   Compiling icu_locale_data v2.2.0
   Compiling flate2 v1.1.9
   Compiling constgebra v0.1.4
   Compiling toml_edit v0.25.13+spec-1.1.0
   Compiling foldhash v0.1.5
   Compiling rectangle-pack v0.4.2
   Compiling lock_api v0.4.14
   Compiling wgpu-hal v29.0.4
   Compiling presser v0.3.1
   Compiling icu_segmenter_data v2.2.0
   Compiling icu_normalizer_data v2.2.0
   Compiling renderdoc-sys v1.1.0
   Compiling range-alloc v0.1.5
   Compiling profiling v1.0.18
   Compiling static_assertions v1.1.0
   Compiling hashbrown v0.15.5
   Compiling core_maths v0.1.1
   Compiling wgpu-core v29.0.4
   Compiling data-encoding v2.11.1
   Compiling parlance v0.1.0
   Compiling linebender_resource_handle v0.1.1
   Compiling windows_x86_64_msvc v0.52.6
   Compiling memmap2 v0.9.11
   Compiling litrs v1.0.0
   Compiling wgpu v29.0.4
   Compiling zeno v0.3.3
   Compiling yazi v0.2.1
   Compiling sys-locale v0.3.2
   Compiling rand_distr v0.6.0
   Compiling euclid v0.22.14
   Compiling parking_lot v0.12.5
   Compiling ordered-float v5.3.0
   Compiling num-integer v0.1.47
   Compiling offset-allocator v0.2.0
   Compiling winit v0.30.13
   Compiling cpal v0.17.3
   Compiling weak-table v0.3.2
   Compiling radsort v0.1.1
   Compiling tinyvec_macros v0.1.1
   Compiling byteorder v1.5.0
   Compiling ctrlc v3.5.2
   Compiling regex-automata v0.4.18
   Compiling winapi-util v0.1.11
   Compiling nu-ansi-term v0.50.3
   Compiling windows-targets v0.52.6
   Compiling num-bigint v0.4.8
   Compiling tinyvec v1.12.0
   Compiling grid v1.0.1
   Compiling blake3 v1.8.6
   Compiling bitflags v2.13.1
   Compiling hashbrown v0.16.1
   Compiling uuid v1.24.0
   Compiling termcolor v1.4.1
   Compiling document-features v0.2.12
   Compiling ogg v0.8.0
   Compiling windows-sys v0.52.0
   Compiling dasp_sample v0.11.0
   Compiling cursor-icon v1.2.0
   Compiling spirv v0.4.0+sdk-1.4.341.0
   Compiling png v0.18.1
   Compiling gpu-descriptor-types v0.2.0
   Compiling dpi v0.1.2
   Compiling taffy v0.10.1
   Compiling hound v3.5.1
   Compiling approx v0.5.1
   Compiling zmij v1.0.23
   Compiling codespan-reporting v0.13.1
   Compiling guillotiere v0.6.2
   Compiling codespan-reporting v0.12.0
   Compiling serde_json v1.0.151
   Compiling gpu-descriptor v0.3.2
   Compiling accesskit v0.24.1
   Compiling lewton v0.10.2
   Compiling itoa v1.0.18
   Compiling chrono v0.4.45
   Compiling mir2-client-core v0.1.0 (E:\mir2-player-journey\mir2-web3\apps\game-client\client-core)
   Compiling accesskit_consumer v0.35.0
   Compiling bytemuck_derive v1.12.0
   Compiling serde_derive v1.0.229
   Compiling thiserror-impl v2.0.20
   Compiling displaydoc v0.2.7
   Compiling moxcms v0.8.1
   Compiling num-rational v0.4.2
   Compiling bytemuck v1.25.2
   Compiling font-types v0.11.3
   Compiling font-types v0.12.2
   Compiling read-fonts v0.41.0
   Compiling read-fonts v0.39.2
   Compiling bevy_macro_utils v0.19.0
   Compiling encase_derive_impl v0.12.0
   Compiling synstructure v0.13.2
   Compiling matchers v0.2.0
   Compiling regex v1.13.1
   Compiling bevy_ecs_macro_logic v0.19.0
   Compiling encase_derive v0.12.0
   Compiling derive_more-impl v2.1.1
   Compiling bevy_reflect_derive v0.19.0
   Compiling assert_type_match v0.1.1
   Compiling variadics_please v1.1.0
   Compiling bevy_derive v0.19.0
   Compiling windows-interface v0.59.3
   Compiling windows-implement v0.60.2
   Compiling tracing-attributes v0.1.31
   Compiling zerocopy-derive v0.8.56
   Compiling zerofrom-derive v0.1.7
   Compiling yoke-derive v0.8.2
   Compiling zerovec-derive v0.11.3
   Compiling futures-macro v0.3.33
   Compiling bevy_asset_macros v0.19.0
   Compiling bevy_encase_derive v0.19.0
   Compiling bevy_material_macros v0.19.0
   Compiling bevy_render_macros v0.19.0
   Compiling bevy_ecs_macros v0.19.0
   Compiling encase v0.12.0
   Compiling glam v0.32.1
   Compiling windows-core v0.62.2
   Compiling wgpu-types v29.0.4
   Compiling bevy_platform v0.19.0
   Compiling smol_str v0.2.2
   Compiling ron v0.12.2
   Compiling mir2-protocol v0.1.0 (E:\mir2-player-journey\mir2-web3\packages\protocol)
   Compiling futures-util v0.3.33
   Compiling zerofrom v0.1.8
   Compiling tracing v0.1.44
   Compiling bevy_utils v0.19.0
   Compiling yoke v0.8.3
   Compiling image v0.25.10
   Compiling windows-future v0.3.2
   Compiling windows-numerics v0.3.1
   Compiling windows-collections v0.3.2
   Compiling tracing-subscriber v0.3.23
   Compiling zerovec v0.11.6
   Compiling zerotrie v0.2.4
   Compiling windows v0.62.2
   Compiling derive_more v2.1.1
   Compiling bevy_tasks v0.19.0
   Compiling tinystr v0.8.3
   Compiling potential_utf v0.1.5
   Compiling icu_collections v2.2.0
   Compiling icu_locale_core v2.2.0
   Compiling icu_provider v2.2.0
   Compiling icu_locale v2.2.0
   Compiling icu_properties v2.2.0
   Compiling icu_normalizer v2.2.0
   Compiling icu_segmenter v2.2.0
   Compiling parley_data v0.9.0
   Compiling half v2.7.1
   Compiling skrifa v0.42.1
   Compiling harfrust v0.6.2
   Compiling skrifa v0.44.0
   Compiling swash v0.2.10
   Compiling bevy_reflect v0.19.0
   Compiling hexasphere v18.0.0
   Compiling wgpu-naga-bridge v29.0.4
   Compiling naga_oil v0.22.0
   Compiling bevy_ecs v0.19.0
   Compiling bevy_math v0.19.0
   Compiling bevy_color v0.19.0
   Compiling bevy_app v0.19.0
   Compiling bevy_time v0.19.0
   Compiling bevy_transform v0.19.0
   Compiling bevy_input v0.19.0
   Compiling bevy_log v0.19.0
   Compiling bevy_a11y v0.19.0
   Compiling bevy_clipboard v0.19.0
   Compiling bevy_diagnostic v0.19.0
   Compiling bevy_asset v0.19.0
   Compiling bevy_window v0.19.0
   Compiling bevy_input_focus v0.19.0
   Compiling bevy_image v0.19.0
   Compiling bevy_mesh v0.19.0
   Compiling bevy_shader v0.19.0
   Compiling bevy_camera v0.19.0
   Compiling bevy_material v0.19.0
   Compiling gpu-allocator v0.28.0
   Compiling fontique v0.9.0
   Compiling accesskit_windows v0.32.1
   Compiling bevy_light v0.19.0
   Compiling rodio v0.22.2
   Compiling accesskit_winit v0.32.2
   Compiling parley v0.9.0
   Compiling bevy_winit v0.19.0
   Compiling bevy_audio v0.19.0
   Compiling bevy_text v0.19.0
   Compiling wgpu-core-deps-windows-linux-android v29.0.4
   Compiling bevy_sprite v0.19.0
   Compiling bevy_ui v0.19.0
   Compiling bevy_render v0.19.0
   Compiling bevy_core_pipeline v0.19.0
   Compiling bevy_sprite_render v0.19.0
   Compiling bevy_ui_render v0.19.0
   Compiling bevy_internal v0.19.0
   Compiling bevy v0.19.0
   Compiling mir2-ui-core v0.1.0 (E:\mir2-player-journey\mir2-web3\apps\game-client\ui-core)
   Compiling mir2-client-bevy v0.1.0 (E:\mir2-player-journey\mir2-web3\apps\game-client\client-bevy)
warning: unnecessary parentheses around function argument
   --> src\crystal_ui\hero_dialog_render.rs:187:21
    |
187 |                     (32. / 3.),
    |                     ^        ^
    |
    = note: `#[warn(unused_parens)]` (part of `#[warn(unused)]`) on by default
help: remove these parentheses
    |
187 -                     (32. / 3.),
187 +                     32. / 3. ,
    |

warning: unnecessary parentheses around function argument
   --> src\crystal_ui\hero_dialog_render.rs:391:29
    |
391 | ...                   (32. / 3.),
    |                       ^        ^
    |
help: remove these parentheses
    |
391 -                             (32. / 3.),
391 +                             32. / 3. ,
    |

warning: unnecessary parentheses around function argument
   --> src\crystal_ui\hero_dialog_render.rs:398:29
    |
398 | ...                   (32. / 3.),
    |                       ^        ^
    |
help: remove these parentheses
    |
398 -                             (32. / 3.),
398 +                             32. / 3. ,
    |

warning: unnecessary parentheses around function argument
   --> src\crystal_ui\hero_dialog_render.rs:453:25
    |
453 |                         (32. / 3.),
    |                         ^        ^
    |
help: remove these parentheses
    |
453 -                         (32. / 3.),
453 +                         32. / 3. ,
    |

warning: unnecessary parentheses around function argument
   --> src\crystal_ui\hero_dialog_render.rs:616:33
    |
616 | ...                   (32. / 3.),
    |                       ^        ^
    |
help: remove these parentheses
    |
616 -                                 (32. / 3.),
616 +                                 32. / 3. ,
    |

warning: unnecessary parentheses around function argument
   --> src\crystal_ui\hero_dialog_render.rs:623:33
    |
623 | ...                   (32. / 3.),
    |                       ^        ^
    |
help: remove these parentheses
    |
623 -                                 (32. / 3.),
623 +                                 32. / 3. ,
    |

warning: unnecessary parentheses around function argument
   --> src\crystal_ui\hero_dialog_render.rs:636:33
    |
636 | ...                   (32. / 3.),
    |                       ^        ^
    |
help: remove these parentheses
    |
636 -                                 (32. / 3.),
636 +                                 32. / 3. ,
    |

warning: unnecessary parentheses around function argument
   --> src\crystal_ui\hero_dialog_render.rs:648:33
    |
648 | ...                   (32. / 3.),
    |                       ^        ^
    |
help: remove these parentheses
    |
648 -                                 (32. / 3.),
648 +                                 32. / 3. ,
    |

warning: unnecessary parentheses around function argument
   --> src\crystal_ui\hero_dialog_render.rs:752:29
    |
752 | ...                   (32. / 3.),
    |                       ^        ^
    |
help: remove these parentheses
    |
752 -                             (32. / 3.),
752 +                             32. / 3. ,
    |

warning: unused imports: `GAME_SHOP_QUANTITY_MAX` and `GAME_SHOP_QUANTITY_MIN`
  --> src\crystal_ui\overlays.rs:40:58
   |
40 |     GameShopModel, GameShopPaymentType, GameShopRequest, GAME_SHOP_QUANTITY_MAX,
   |                                                          ^^^^^^^^^^^^^^^^^^^^^^
41 |     GAME_SHOP_QUANTITY_MIN,
   |     ^^^^^^^^^^^^^^^^^^^^^^
   |
   = note: `#[warn(unused_imports)]` (part of `#[warn(unused)]`) on by default

warning: unused import: `item_icon_path`
  --> src\crystal_ui\overlays.rs:43:51
   |
43 | use crate::inventory::{concrete_item_image_index, item_icon_path, InventoryModel, ItemModel};
   |                                                   ^^^^^^^^^^^^^^

warning: unused import: `persist_skill_bindings_if_changed`
  --> src\crystal_ui\overlays.rs:65:5
   |
65 |     persist_skill_bindings_if_changed, SkillBindingPersistenceRuntime,
   |     ^^^^^^^^^^^^^^^^^^^^^^^^^^^^^^^^^

warning: unused imports: `GAME_SHOP_CELL_SIZE`, `GAME_SHOP_COLUMN_STEP`, `GAME_SHOP_GRID_ORIGIN`, `GAME_SHOP_PAGE_COLUMNS`, `GAME_SHOP_ROW_STEP`, and `SKILL_ROW_SIZE`
  --> src\crystal_ui\overlays.rs:91:5
   |
91 |     GAME_SHOP_CELL_SIZE, GAME_SHOP_COLUMN_STEP, GAME_SHOP_GRID_ORIGIN, GAME_SHOP_PAGE_COLUMNS,
   |     ^^^^^^^^^^^^^^^^^^^  ^^^^^^^^^^^^^^^^^^^^^  ^^^^^^^^^^^^^^^^^^^^^  ^^^^^^^^^^^^^^^^^^^^^^
92 |     GAME_SHOP_PAGE_SIZE as CRYSTAL_GAME_SHOP_PAGE_SIZE, GAME_SHOP_PANEL_SIZE, GAME_SHOP_ROW_STEP,
   |                                                                               ^^^^^^^^^^^^^^^^^^
...
97 |     INVENTORY_WEIGHT_BAR_SIZE, SKILL_PAGE_SIZE, SKILL_PANEL_SIZE, SKILL_ROW_ORIGIN, SKILL_ROW_SIZE,
   |                                                                                     ^^^^^^^^^^^^^^

warning: unnecessary parentheses around method argument
   --> src\crystal_ui\social_bond_dialog_render.rs:191:21
    |
191 |                     (Node {
    |                     ^
...
200 |                     }),
    |                      ^
    |
help: remove these parentheses
    |
191 ~                     Node {
192 |                         position_type: PositionType::Absolute,
...
199 |                         ..default()
200 ~                     } ,
    |

warning: unnecessary parentheses around `if` condition
    --> src\crystal_ui\overlays.rs:4876:8
     |
4876 |     if (keyboard_dialog::host::triggered(&state.keyboard, &keys, "Inventory")
     |        ^
4877 |         || keyboard_dialog::host::triggered(&state.keyboard, &keys, "Inventory2"))
     |                                                                                  ^
     |
help: remove these parentheses
     |
4876 ~     if keyboard_dialog::host::triggered(&state.keyboard, &keys, "Inventory")
4877 ~         || keyboard_dialog::host::triggered(&state.keyboard, &keys, "Inventory2")
     |

warning: variable does not need to be mutable
    --> src\crystal_ui\overlays.rs:4240:17
     |
4240 |         skills: mut skills,
     |                 ----^^^^^^
     |                 |
     |                 help: remove this `mut`
     |
     = note: `#[warn(unused_mut)]` (part of `#[warn(unused)]`) on by default

warning: variable does not need to be mutable
    --> src\crystal_ui\overlays.rs:4241:28
     |
4241 |         skill_persistence: mut skill_persistence,
     |                            ----^^^^^^^^^^^^^^^^^
     |                            |
     |                            help: remove this `mut`

warning: unused variable: `skill_persistence`
    --> src\crystal_ui\overlays.rs:4241:28
     |
4241 |         skill_persistence: mut skill_persistence,
     |                            ^^^^^^^^^^^^^^^^^^^^^ help: if this is intentional, prefix it with an underscore: `_skill_persistence`
     |
     = note: `#[warn(unused_variables)]` (part of `#[warn(unused)]`) on by default

warning: unused variable: `social`
    --> src\crystal_ui\overlays.rs:4535:18
     |
4535 |         let Some(social) = social.as_deref_mut() else {
     |                  ^^^^^^ help: if this is intentional, prefix it with an underscore: `_social`

warning: variable does not need to be mutable
    --> src\crystal_ui\overlays.rs:5122:25
     |
5122 |                 skills: mut skills,
     |                         ----^^^^^^
     |                         |
     |                         help: remove this `mut`

warning: variable does not need to be mutable
    --> src\crystal_ui\overlays.rs:5123:36
     |
5123 |                 skill_persistence: mut skill_persistence,
     |                                    ----^^^^^^^^^^^^^^^^^
     |                                    |
     |                                    help: remove this `mut`

warning: unused variable: `combat_target`
    --> src\crystal_ui\overlays.rs:5107:5
     |
5107 |     combat_target: Option<Res<crate::quest_model::CombatTargetModel>>,
     |     ^^^^^^^^^^^^^ help: if this is intentional, prefix it with an underscore: `_combat_target`

warning: unused variable: `skill_persistence`
    --> src\crystal_ui\overlays.rs:5123:36
     |
5123 |                 skill_persistence: mut skill_persistence,
     |                                    ^^^^^^^^^^^^^^^^^^^^^ help: if this is intentional, prefix it with an underscore: `_skill_persistence`

warning: unused variable: `skill_binding`
    --> src\crystal_ui\overlays.rs:7711:9
     |
7711 |         skill_binding,
     |         ^^^^^^^^^^^^^ help: try ignoring the field: `skill_binding: _`

warning: unused variable: `skill_persistence`
    --> src\crystal_ui\overlays.rs:7712:9
     |
7712 |         skill_persistence,
     |         ^^^^^^^^^^^^^^^^^ help: try ignoring the field: `skill_persistence: _`

warning: unused variable: `nearby`
    --> src\quest_ui.rs:1585:5
     |
1585 |     nearby: Option<Res<NearbyNpcModel>>,
     |     ^^^^^^ help: if this is intentional, prefix it with an underscore: `_nearby`

warning: type `overlays::OverlayInventory` is more private than the item `render_order`
    --> src\crystal_ui\hero_cross_inventory.rs:290:1
     |
 290 | / pub fn render_order(
 291 | |     mut commands: Commands,
 292 | |     state: Res<NativePlayerUiState>,
 293 | |     panels: Query<Entity, With<OverlayInventory>>,
 294 | | ) {
     | |_^ function `render_order` is reachable at visibility `pub`
     |
note: but type `overlays::OverlayInventory` is only usable at visibility `pub(self)`
    --> src\crystal_ui\overlays.rs:2293:1
     |
2293 | struct OverlayInventory;
     | ^^^^^^^^^^^^^^^^^^^^^^^
     = note: `#[warn(private_interfaces)]` on by default

warning: type `overlays::OverlayRoot` is more private than the item `hero_dialog::render::render`
    --> src\crystal_ui\hero_dialog_render.rs:211:1
     |
 211 | / pub fn render(
 212 | |     mut commands: Commands,
 213 | |     roots: Query<Entity, With<OverlayRoot>>,
 214 | |     old: Query<Entity, With<HeroRoot>>,
...    |
 219 | |     wings: Option<Res<CrystalCharacterWingMaterials>>,
 220 | | ) {
     | |_^ function `hero_dialog::render::render` is reachable at visibility `pub`
     |
note: but type `overlays::OverlayRoot` is only usable at visibility `pub(self)`
    --> src\crystal_ui\overlays.rs:2290:1
     |
2290 | struct OverlayRoot;
     | ^^^^^^^^^^^^^^^^^^

warning: type `overlays::CrystalCharacterWingMaterials` is more private than the item `hero_dialog::render::render`
   --> src\crystal_ui\hero_dialog_render.rs:211:1
    |
211 | / pub fn render(
212 | |     mut commands: Commands,
213 | |     roots: Query<Entity, With<OverlayRoot>>,
214 | |     old: Query<Entity, With<HeroRoot>>,
...   |
219 | |     wings: Option<Res<CrystalCharacterWingMaterials>>,
220 | | ) {
    | |_^ function `hero_dialog::render::render` is reachable at visibility `pub`
    |
note: but type `overlays::CrystalCharacterWingMaterials` is only usable at visibility `pub(self)`
   --> src\crystal_ui\overlays.rs:169:1
    |
169 | struct CrystalCharacterWingMaterials([Handle<CrystalAdditiveUiMaterial>; 4]);
    | ^^^^^^^^^^^^^^^^^^^^^^^^^^^^^^^^^^^^

warning: type `overlays::OverlayRoot` is more private than the item `skill_bars::host::render`
    --> src\crystal_ui\skill_bars_host.rs:131:1
     |
 131 | / pub fn render(
 132 | |     mut commands: Commands,
 133 | |     roots: Query<Entity, With<OverlayRoot>>,
 134 | |     old: Query<Entity, With<SkillBarRoot>>,
...    |
 138 | |     assets: Option<Res<AssetServer>>,
 139 | | ) {
     | |_^ function `skill_bars::host::render` is reachable at visibility `pub`
     |
note: but type `overlays::OverlayRoot` is only usable at visibility `pub(self)`
    --> src\crystal_ui\overlays.rs:2290:1
     |
2290 | struct OverlayRoot;
     | ^^^^^^^^^^^^^^^^^^

warning: type `overlays::OverlayRoot` is more private than the item `hero_buff_hud::render`
    --> src\crystal_ui\hero_buff_hud.rs:121:1
     |
 121 | / pub fn render(
 122 | |     mut commands: Commands,
 123 | |     roots: Query<Entity, With<OverlayRoot>>,
 124 | |     old: Query<Entity, With<HeroBuffRoot>>,
...    |
 127 | |     assets: Option<Res<AssetServer>>,
 128 | | ) {
     | |_^ function `hero_buff_hud::render` is reachable at visibility `pub`
     |
note: but type `overlays::OverlayRoot` is only usable at visibility `pub(self)`
    --> src\crystal_ui\overlays.rs:2290:1
     |
2290 | struct OverlayRoot;
     | ^^^^^^^^^^^^^^^^^^

warning: type `overlays::OverlayRoot` is more private than the item `hero_buff_hud::hint`
    --> src\crystal_ui\hero_buff_hud.rs:213:1
     |
 213 | / pub fn hint(
 214 | |     mut commands: Commands,
 215 | |     roots: Query<Entity, With<OverlayRoot>>,
 216 | |     old: Query<(Entity, &ComputedNode), With<HeroBuffHint>>,
...    |
 219 | |     shell: Res<NativeShellModel>,
 220 | | ) {
     | |_^ function `hero_buff_hud::hint` is reachable at visibility `pub`
     |
note: but type `overlays::OverlayRoot` is only usable at visibility `pub(self)`
    --> src\crystal_ui\overlays.rs:2290:1
     |
2290 | struct OverlayRoot;
     | ^^^^^^^^^^^^^^^^^^

warning: type `overlays::OverlayRoot` is more private than the item `overlays::status_hud::render`
    --> src\crystal_ui\status_hud.rs:407:1
     |
 407 | / pub fn render(
 408 | |     mut commands: Commands,
 409 | |     roots: Query<Entity, With<OverlayRoot>>,
 410 | |     old: Query<Entity, With<StatusRoot>>,
...    |
 414 | |     assets: Option<Res<AssetServer>>,
 415 | | ) {
     | |_^ function `overlays::status_hud::render` is reachable at visibility `pub`
     |
note: but type `overlays::OverlayRoot` is only usable at visibility `pub(self)`
    --> src\crystal_ui\overlays.rs:2290:1
     |
2290 | struct OverlayRoot;
     | ^^^^^^^^^^^^^^^^^^

warning: type `overlays::OverlayRoot` is more private than the item `render_hint`
    --> src\crystal_ui\status_hud.rs:685:1
     |
 685 | / pub fn render_hint(
 686 | |     mut commands: Commands,
 687 | |     roots: Query<Entity, With<OverlayRoot>>,
 688 | |     old: Query<(Entity, &ComputedNode), With<StatusHint>>,
...    |
 691 | |     shell: Res<NativeShellModel>,
 692 | | ) {
     | |_^ function `render_hint` is reachable at visibility `pub`
     |
note: but type `overlays::OverlayRoot` is only usable at visibility `pub(self)`
    --> src\crystal_ui\overlays.rs:2290:1
     |
2290 | struct OverlayRoot;
     | ^^^^^^^^^^^^^^^^^^

warning: multiple variants are never constructed
    --> src\crystal_ui\overlays.rs:2469:5
     |
2435 | enum OverlayButton {
     |      ------------- variants in this enum
...
2469 |     ToggleEquipment,
     |     ^^^^^^^^^^^^^^^
2470 |     ToggleShop,
     |     ^^^^^^^^^^
2471 |     ToggleNpcShop,
     |     ^^^^^^^^^^^^^
2472 |     ToggleStorage,
     |     ^^^^^^^^^^^^^
...
2475 |     ToggleTrade,
     |     ^^^^^^^^^^^
...
2480 |     GroupLeave,
     |     ^^^^^^^^^^
...
2499 |     GroupInviteNameFocus,
     |     ^^^^^^^^^^^^^^^^^^^^
2500 |     GroupInviteNameSubmit,
     |     ^^^^^^^^^^^^^^^^^^^^^
...
2503 |     GuildRequestInfo,
     |     ^^^^^^^^^^^^^^^^
...
2507 |     GuildRecruitNameFocus,
     |     ^^^^^^^^^^^^^^^^^^^^^
...
2511 |     GuildCancelNoticeEdit,
     |     ^^^^^^^^^^^^^^^^^^^^^
2512 |     SelectGuildMember(u8),
     |     ^^^^^^^^^^^^^^^^^
2513 |     GuildKickMember(u8),
2514 |     GuildKickSelected,
     |     ^^^^^^^^^^^^^^^^^
...
2517 |     GuildAssignNextRank,
     |     ^^^^^^^^^^^^^^^^^^^
...
2526 |     GuildRankNameFocus,
     |     ^^^^^^^^^^^^^^^^^^
...
2612 |     GameShopQuantityInc,
     |     ^^^^^^^^^^^^^^^^^^^
2613 |     GameShopQuantityDec,
     |     ^^^^^^^^^^^^^^^^^^^
     |
     = note: `OverlayButton` has derived impls for the traits `Debug` and `Clone`, but these are intentionally ignored during dead code analysis
     = note: `#[warn(dead_code)]` (part of `#[warn(unused)]`) on by default

warning: function `overlay_clickable_text_at` is never used
     --> src\crystal_ui\overlays.rs:11005:4
      |
11005 | fn overlay_clickable_text_at(
      |    ^^^^^^^^^^^^^^^^^^^^^^^^^

warning: function `render_chat_draft` is never used
     --> src\crystal_ui\overlays.rs:11208:4
      |
11208 | fn render_chat_draft(parent: &mut ChildSpawnerCommands, draft: &str) {
      |    ^^^^^^^^^^^^^^^^^

warning: constant `BUTTON_BG` is never used
  --> src\native_shell_ui.rs:36:7
   |
36 | const BUTTON_BG: Color = Color::srgba(0.29, 0.19, 0.11, 1.0);
   |       ^^^^^^^^^

warning: constant `BUTTON_DISABLED` is never used
  --> src\native_shell_ui.rs:38:7
   |
38 | const BUTTON_DISABLED: Color = Color::srgba(0.19, 0.14, 0.10, 0.50);
   |       ^^^^^^^^^^^^^^^

warning: variants `CycleClass`, `CycleGender`, `SafeKeyFocusAccount`, and `SafeKeyFocusPassword` are never constructed
   --> src\native_shell_ui.rs:292:5
    |
286 | enum NativeShellButton {
    |      ----------------- variants in this enum
...
292 |     CycleClass,
    |     ^^^^^^^^^^
293 |     CycleGender,
    |     ^^^^^^^^^^^
...
299 |     SafeKeyFocusAccount,
    |     ^^^^^^^^^^^^^^^^^^^
300 |     SafeKeyFocusPassword,
    |     ^^^^^^^^^^^^^^^^^^^^

warning: function `spawn_aux_text_button` is never used
    --> src\native_shell_ui.rs:1840:4
     |
1840 | fn spawn_aux_text_button(
     |    ^^^^^^^^^^^^^^^^^^^^^

warning: function `input_line` is never used
    --> src\native_shell_ui.rs:1893:4
     |
1893 | fn input_line(parent: &mut ChildSpawnerCommands, label: &str, value: &str, focused: bool) {
     |    ^^^^^^^^^^

warning: function `action_button` is never used
    --> src\native_shell_ui.rs:1929:4
     |
1929 | fn action_button(
     |    ^^^^^^^^^^^^^

warning: function `safe_key_button` is never used
    --> src\native_shell_ui.rs:1966:4
     |
1966 | fn safe_key_button(parent: &mut ChildSpawnerCommands, label: &str, action: NativeShellButton) {
     |    ^^^^^^^^^^^^^^^

warning: constant `QUEST_LOG_BG` is never used
  --> src\quest_ui.rs:51:7
   |
51 | const QUEST_LOG_BG: Color = Color::srgba(0.08, 0.06, 0.04, 0.96);
   |       ^^^^^^^^^^^^

warning: variants `SelectQuestFilter`, `QuestHelp`, `QuestPagePrevious`, and `QuestPageNext` are never constructed
   --> src\quest_ui.rs:864:5
    |
833 | enum QuestUiButton {
    |      ------------- variants in this enum
...
864 |     SelectQuestFilter {
    |     ^^^^^^^^^^^^^^^^^
...
867 |     QuestHelp,
    |     ^^^^^^^^^
868 |     QuestPagePrevious,
    |     ^^^^^^^^^^^^^^^^^
869 |     QuestPageNext,
    |     ^^^^^^^^^^^^^
    |
    = note: `QuestUiButton` has derived impls for the traits `Debug` and `Clone`, but these are intentionally ignored during dead code analysis

warning: function `tracker_quest_block` is never used
    --> src\quest_ui.rs:5164:4
     |
5164 | fn tracker_quest_block(parent: &mut ChildSpawnerCommands, quest: &Quest) {
     |    ^^^^^^^^^^^^^^^^^^^

warning: function `tracker_title_line` is never used
    --> src\quest_ui.rs:5354:4
     |
5354 | fn tracker_title_line(parent: &mut ChildSpawnerCommands, text: &str) {
     |    ^^^^^^^^^^^^^^^^^^

warning: method `normalize_bindings` is never used
   --> src\skill_binding_ui.rs:331:8
    |
133 | impl SkillBindingUi {
    | ------------------- method in this implementation
...
331 |     fn normalize_bindings(&mut self) {
    |        ^^^^^^^^^^^^^^^^^^

warning: the `skill_binding:` in this pattern is redundant
    --> src\crystal_ui\overlays.rs:4239:9
     |
4239 |         skill_binding: mut skill_binding,
     |         ^^^^^^^^^^^^^^^^^^^^^^^^^^^^^^^^ help: use shorthand field pattern: `mut skill_binding`
     |
     = note: `#[warn(non_shorthand_field_patterns)]` on by default

warning: the `skills:` in this pattern is redundant
    --> src\crystal_ui\overlays.rs:4240:9
     |
4240 |         skills: mut skills,
     |         ^^^^^^^^^^^^^^^^^^ help: use shorthand field pattern: `mut skills`

warning: the `skill_persistence:` in this pattern is redundant
    --> src\crystal_ui\overlays.rs:4241:9
     |
4241 |         skill_persistence: mut skill_persistence,
     |         ^^^^^^^^^^^^^^^^^^^^^^^^^^^^^^^^^^^^^^^^ help: use shorthand field pattern: `mut skill_persistence`

warning: the `skill_binding:` in this pattern is redundant
    --> src\crystal_ui\overlays.rs:5121:17
     |
5121 |                 skill_binding: mut skill_binding,
     |                 ^^^^^^^^^^^^^^^^^^^^^^^^^^^^^^^^ help: use shorthand field pattern: `mut skill_binding`

warning: the `skills:` in this pattern is redundant
    --> src\crystal_ui\overlays.rs:5122:17
     |
5122 |                 skills: mut skills,
     |                 ^^^^^^^^^^^^^^^^^^ help: use shorthand field pattern: `mut skills`

warning: the `skill_persistence:` in this pattern is redundant
    --> src\crystal_ui\overlays.rs:5123:17
     |
5123 |                 skill_persistence: mut skill_persistence,
     |                 ^^^^^^^^^^^^^^^^^^^^^^^^^^^^^^^^^^^^^^^^ help: use shorthand field pattern: `mut skill_persistence`

warning: `mir2-client-bevy` (lib test) generated 55 warnings (run `cargo fix --lib -p mir2-client-bevy --tests` to apply 32 suggestions)
    Finished `test` profile [unoptimized + debuginfo] target(s) in 2m 18s
     Running unittests src\lib.rs (C:/mir2-build/platform-windows-r30-tests\debug\deps\mir2_client_bevy-8ddc6ec7d22328ee.exe)

running 849 tests
test audio::tests::blessed_armour_uses_registered_sound_without_invented_filename ... ok
test audio::tests::development_music_policy_removes_looping_entities_even_if_option_is_enabled ... ok
test audio::tests::disabling_sound_or_setting_zero_volume_despawns_queued_effects_immediately ... ok
test audio::tests::existing_crystal_source_is_never_replaced_by_a_generated_clip ... ok
test audio::tests::gameplay_sound_queue_is_allowlisted_bounded_and_generation_scoped ... ok
test audio::tests::gameplay_sound_uses_real_loaded_handle_once_and_disabled_audio_drops_pending ... ok
test audio::tests::invalid_main_wav_falls_back_to_valid_login_wav ... ok
test audio::tests::login_door_does_not_replay_after_muting_or_a_missing_source ... ok
test audio::tests::login_door_is_once_per_opening_survives_selection_and_stops_on_disconnect ... ok
test audio::tests::missing_and_non_wav_sources_are_ignored_without_fallback_audio ... ok
test audio::tests::one_hundred_applies_keep_sound_entities_bounded ... ok
test audio::tests::repeated_initialization_is_idempotent_before_and_after_command_flush ... ok
test audio::tests::same_frame_ui_and_gameplay_sounds_keep_independent_players ... ok
test audio::tests::settings_apply_spawns_no_fake_audio_without_sources_and_preserves_other_effects ... ok
test audio::tests::sound_effects_use_bevy_despawn_mode_after_playback ... ok
test audio::tests::startup_loads_real_music_but_development_policy_does_not_play_it ... ok
test audio::tests::ui_button_a_queue_is_typed_bounded_and_not_gameplay_audio ... ok
test audio::tests::ui_button_a_uses_only_its_loaded_handle_and_disabled_audio_drops_pending ... ok
test audio::tests::ui_button_b_uses_crystal_104_wav_mapping ... ok
test audio::tests::ui_button_c_uses_its_own_exact_file_mapping ... ok
test audio::tests::volume_values_are_clamped_to_zero_through_one ... ok
test audio::tests::wav_format_rejects_zero_or_inconsistent_playback_parameters ... ok
test audio::tests::wav_header_is_required_for_real_sources ... ok
test big_map::tests::authoritative_render_snapshot_exposes_map_image_player_and_npc_rows ... ok
test big_map::tests::cached_non_current_search_result_cannot_enable_teleport ... ok
test big_map::tests::full_queue_rolls_back_local_search_submission ... ok
test big_map::tests::gateway_intents_are_bounded_deduplicated_and_never_mutate_player_map ... ok
test big_map::tests::map_or_session_reset_invalidates_pending_gateway_intents ... ok
test big_map::tests::npc_selection_and_eighteen_row_paging_are_stable ... ok
test big_map::tests::oversized_payloads_are_bounded_and_text_is_truncated ... ok
test big_map::tests::render_snapshot_never_invents_missing_map_or_npc_data ... ok
test big_map::tests::search_normalizes_draft_and_enforces_cooldown ... ok
test big_map::tests::search_result_is_authoritative_and_selects_only_a_known_npc ... ok
test big_map::tests::serde_is_backward_compatible_with_missing_optional_fields ... ok
test big_map::tests::session_and_map_resets_drop_stale_npcs_without_losing_connection_setup ... ok
test big_map::tests::teleport_intent_is_server_gated_and_never_changes_map ... ok
test character::tests::character_panel_shows_stats ... ok
test chat::tests::chat_model_trims_oldest_past_cap ... ok
test chat::tests::recent_text_returns_last_n ... ok
test chat::tests::settings_filter_channel_keeps_presentation_aliases_separate ... ok
test chat_settings_effects::tests::apply_and_persist_share_one_payload_without_swallowing_gateway_effects ... ok
test chat_settings_effects::tests::corrupt_primary_uses_backup_then_defaults ... ok
test chat_settings_effects::tests::persisted_file_is_an_explicit_non_secret_allow_list ... ok
test crystal_ui::assets::tests::login_asset_paths_follow_crystal_spec_indexes ... ok
test crystal_ui::assets::tests::safe_key_asset_paths_cover_panel_and_all_button_states ... ok
test crystal_ui::chat::pointer_scroll_tests::original_track_reaches_last_history_index ... ok
test crystal_ui::chat::tests::canonical_chat_channel_fixture_matrix_is_case_insensitive_and_alias_safe ... ok
test crystal_ui::chat::tests::channel_colors_follow_main_dialogs_special_cases ... ok
test crystal_ui::chat::tests::chat_action_queue_is_consumed_and_mutates_state ... ok
test crystal_ui::chat::tests::chat_and_object_chat_fixtures_preserve_packet_text_and_canonical_channel ... ok
test crystal_ui::chat::tests::chat_frame_uses_exact_crystal_four_line_geometry ... ok
test crystal_ui::chat::tests::chat_input_entity_exists_only_while_the_authoritative_ui_state_is_focused ... ok
test crystal_ui::chat::tests::child_coordinates_are_added_to_chat_panel_origin ... ok
test crystal_ui::chat::tests::combined_hidden_and_filter_display ... ok
test crystal_ui::chat::tests::control_filters_and_settings_hide_the_same_canonical_channel_families ... ok
test crystal_ui::chat::tests::every_chat_size_moves_its_frame_text_and_control_bar_together ... ok
test crystal_ui::chat::tests::filtered_lines_by_filter_state_and_display_content ... ok
test crystal_ui::chat::tests::focused_chat_input_stays_at_crystal_bottom_for_all_window_sizes ... ok
test crystal_ui::chat::tests::recent_four_selection_preserves_newest_source_order ... ok
test crystal_ui::chat::tests::resize_cycles_through_crystal_line_counts_and_frame_indices ... ok
test crystal_ui::chat::tests::scroll_button_frames_match_crystal_source_triples ... ok
test crystal_ui::chat::tests::scroll_home_up_down_end_truly_change_position ... ok
test crystal_ui::chat::tests::settings_channel_matrix_preserves_trade_without_rendering_a_ninth_checkbox ... ok
test crystal_ui::chat::tests::settings_controls_are_staged_and_cancel_restores_committed_values ... ok
test crystal_ui::chat::tests::settings_filter_alias_matrix_keeps_shout_and_system_variants_only ... ok
test crystal_ui::chat::tests::source_chat_hint_matrix_excludes_scroll_and_settings_panel_controls ... ok
test crystal_ui::chat::tests::source_scroll_can_start_at_last_line_even_when_window_is_taller ... ok
test crystal_ui::chat::tests::source_trade_button_queues_trade_request_without_changing_chat_filter ... ok
test crystal_ui::chat::tests::trade_message_blocks_chat_scroll_buttons_and_queued_actions ... ok
test crystal_ui::chat::tests::transparent_chat_tint_matches_crystal_binary_opacity ... ok
test crystal_ui::chat::tests::trimmed_message_and_format_for_filter ... ok
test crystal_ui::chat::tests::visible_slice_respects_scroll_and_filter ... ok
test crystal_ui::chat::tests::web_filtered_by_crystal_settings_complete_type_matrix ... ok
test crystal_ui::chat::tests::window_size_spec_matches_crystal_frames ... ok
test crystal_ui::chat::tests::z_order_is_hud_below_chat_below_dialog_below_death_below_menu ... ok
test crystal_ui::guild_storage::tests::amount_box_starts_with_maximum_selected_and_clamps_numeric_input_without_overflow ... ok
test crystal_ui::guild_storage::tests::constructor_keeps_source_index_one_but_initial_slots_zero_through_sixty_three ... ok
test crystal_ui::guild_storage::tests::drag_matches_every_source_integer_y_including_nonreciprocal_snap_steps ... ok
test crystal_ui::guild_storage::tests::every_visible_row_preserves_all_eight_columns_and_authoritative_slot_ids ... ok
test crystal_ui::guild_storage::tests::storage_geometry_and_button_art_do_not_confuse_draw_size_with_hit_size ... ok
test crystal_ui::guild_storage::tests::wheel_uses_truncated_notches_clamps_and_retains_the_source_zero_delta_update ... ok
test crystal_ui::hud::hud_item_image_tests::primary_belt_integer_alpha_offsets_and_clipping_match_32_by_32_source_cell ... ok
test crystal_ui::hud::hud_item_image_tests::primary_belt_selects_current_image_before_layout_and_never_reuses_an_empty_white_texture ... ok
test crystal_ui::hud::tests::belt_controls_mutate_only_local_presentation_state ... ok
test crystal_ui::hud::tests::belt_count_matches_crystal_without_native_prefix_or_durability_text ... ok
test crystal_ui::hud::tests::belt_hit_target_tracks_late_population_and_clear ... ok
test crystal_ui::hud::tests::belt_labels_are_bounded_without_splitting_unicode ... ok
test crystal_ui::hud::tests::belt_mapping_uses_container_one_and_exact_slot ... ok
test crystal_ui::hud::tests::belt_rotate_and_close_controls_follow_source_frames_and_geometry ... ok
test crystal_ui::hud::tests::camera_mode_hides_actual_hud_root_and_restores_it ... ok
test crystal_ui::hud::tests::centered_hud_text_uses_flex_alignment_for_unwrapped_single_lines ... ok
test crystal_ui::hud::tests::character_button_uses_exact_crystal_three_state_assets_and_geometry ... ok
test crystal_ui::hud::tests::crystal_z_toggles_belt_and_ctrl_z_rotates_without_reopening ... ok
test crystal_ui::hud::tests::free_inventory_slots_follow_crystal_inventory_array_capacity ... ok
test crystal_ui::hud::tests::hp_view_alternate_labels_keep_authoritative_current_and_max_values ... ok
test crystal_ui::hud::tests::hp_view_ecs_gate_swaps_presentation_without_mutating_options ... ok
test crystal_ui::hud::tests::hud_session_reset_restores_new_scene_belt_and_mail_defaults ... ok
test crystal_ui::hud::tests::hud_session_reset_wins_over_stale_belt_press_outside_gameplay ... ok
test crystal_ui::hud::tests::inventory_button_uses_exact_crystal_three_state_assets_and_geometry ... ok
test crystal_ui::hud::tests::legacy_item_hint_is_explicitly_partial_and_preserves_supported_fields ... ok
test crystal_ui::hud::tests::level_label_matches_crystal_autosize_extraction_bounds ... ok
test crystal_ui::hud::tests::low_level_warrior_hides_mp_and_uses_hp_only_labels ... ok
test crystal_ui::hud::tests::low_level_warrior_uses_crystal_full_width_hp_orb ... ok
test crystal_ui::hud::tests::main_hud_button_matrix_uses_exact_crystal_assets_and_geometry ... ok
test crystal_ui::hud::tests::main_hud_hint_matrix_covers_only_source_hint_controls ... ok
test crystal_ui::hud::tests::main_hud_text_uses_crystal_point_size_and_source_anchors ... ok
test crystal_ui::hud::tests::minimap_light_indicator_uses_crystal_time_of_day_frames ... ok
test crystal_ui::hud::tests::minimap_toggle_uses_crystal_collapsed_frame_and_footer_positions ... ok
test crystal_ui::hud::tests::minimap_visibility_system_initializes_with_overlapping_node_markers ... ok
test crystal_ui::hud::tests::missing_minimap_profile_forces_small_frame_without_losing_preference ... ok
test crystal_ui::hud::tests::new_mail_indicator_uses_source_geometry_and_blink_contract ... ok
test crystal_ui::hud::tests::orb_clip_is_bottom_anchored_and_ratio_clamped ... ok
test crystal_ui::hud::tests::orb_source_rects_match_crystal_prguse_four_halves ... ok
test crystal_ui::hud::tests::progress_bars_follow_crystal_source_width_insets ... ok
test crystal_ui::hud::tests::source_positions_match_crystal_main_dialog ... ok
test crystal_ui::hud::tests::trade_message_answer_frame_blocks_belt_controls ... ok
test crystal_ui::item_image::tests::transparent_frame_falls_back_to_full_size_but_invalid_rgba_is_not_guessed ... ok
test crystal_ui::item_image::tests::true_size_uses_any_nonzero_alpha_not_rgb_and_does_not_return_trim_origin ... ok
test crystal_ui::item_tooltip::tests::bind_section_uses_crystal_expiry_seal_and_rental_clock_text ... ok
test crystal_ui::item_tooltip::tests::broken_socket_does_not_contribute_to_parent_added_stats ... ok
test crystal_ui::item_tooltip::tests::common_potion_follows_crystal_section_order_and_instance_count_weight ... ok
test crystal_ui::item_tooltip::tests::legacy_snapshot_is_explicitly_partial_and_never_guesses_item_type ... ok
test crystal_ui::item_tooltip::tests::npc_shop_hide_added_stats_preserves_base_and_bind_text_but_hides_curse ... ok
test crystal_ui::item_tooltip::tests::unidentified_item_hides_instance_and_socket_added_stats ... ok
test crystal_ui::item_tooltip::tests::viewer_resolved_item_drives_stats_and_authoritative_requirement_colour ... ok
test crystal_ui::item_tooltip::tests::viewer_resolved_socket_contributes_stats_but_original_socket_names_identity ... ok
test crystal_ui::item_tooltip::tests::weapon_uses_crystal_durability_scale_requirement_colour_and_added_stats ... ok
test crystal_ui::login::tests::login_button_specs_use_exact_crystal_hit_rects ... ok
test crystal_ui::login::tests::login_caret_uses_crystal_style_half_second_blink ... ok
test crystal_ui::login::tests::login_element_set_covers_expected_crystal_scene_members ... ok
test crystal_ui::metrics::tests::dpi_profiles_preserve_logical_stage_and_control_hits ... ok
test crystal_ui::metrics::tests::dpi_scaled_stage_preserves_logical_coordinates ... ok
test crystal_ui::metrics::tests::hud_and_minimap_stay_inside_the_logical_stage ... ok
test crystal_ui::metrics::tests::invalid_rects_and_viewports_never_produce_nan_or_zero_hits ... ok
test crystal_ui::metrics::tests::letterbox_is_not_an_interactive_stage_region ... ok
test crystal_ui::metrics::tests::native_baseline_is_identity ... ok
test crystal_ui::metrics::tests::resized_window_letterbox_keeps_logical_stage ... ok
test crystal_ui::metrics::tests::wide_viewport_letterboxes_horizontally ... ok
test crystal_ui::metrics::tests::world_and_ui_hits_use_a_single_stage_transform ... ok
test crystal_ui::minimap::tests::bichon_profile_matches_source_map_and_exported_minimap ... ok
test crystal_ui::minimap::tests::marker_positions_share_the_same_source_crop_transform ... ok
test crystal_ui::minimap::tests::minimap_content_stays_above_the_hud_skin_during_night_lighting ... ok
test crystal_ui::minimap::tests::quest_target_marker_is_larger_and_gold ... ok
test crystal_ui::minimap::tests::source_crop_centres_the_bichon_player_and_clamps_edges ... ok
test crystal_ui::notice::tests::empty_notice_is_consumed_without_opening_blank_modal ... ok
test crystal_ui::notice::tests::exact_notice_geometry_matches_crystal_source ... ok
test crystal_ui::notice::tests::newer_notice_opens_once_and_close_does_not_reopen_from_same_snapshot ... ok
test crystal_ui::notice::tests::notice_body_is_clipped_before_crystal_scrollbar_gutter ... ok
test crystal_ui::notice::tests::notice_long_lines_wrap_before_the_scrollbar_gutter ... ok
test crystal_ui::notice::tests::notice_wrap_preserves_blank_lines_and_breaks_oversized_tokens ... ok
test crystal_ui::notice::tests::scroll_clamps_to_the_crystal_nineteen_line_window ... ok
test crystal_ui::notice::tests::session_reset_allows_same_content_from_a_new_authoritative_delivery ... ok
test crystal_ui::notice::tests::source_colour_and_http_link_markup_preserve_visible_text ... ok
test crystal_ui::overlays::character_stats::tests::source_status_rows_use_authoritative_ids_and_do_not_put_weight_in_ac_row ... ok
test crystal_ui::overlays::character_stats::tests::state_weight_rows_keep_full_values_and_original_capacity_ids ... ok
test crystal_ui::overlays::character_stats::tests::state_weights_missing_values_stay_unknown_and_experience_matches_source_percent ... ok
test crystal_ui::overlays::combat_mode_keys::tests::cycles_wait_for_server_modes_and_use_independent_source_delays ... ok
test crystal_ui::overlays::combat_mode_keys::tests::direct_modes_are_unthrottled_and_invalid_packets_never_change_state ... ok
test crystal_ui::overlays::creature_dialog::tests::animation_uses_source_strips_and_switches_after_completed_idle_loop ... ok
test crystal_ui::overlays::creature_dialog::tests::filters_are_draft_until_save_and_mode_respects_rules ... ok
test crystal_ui::overlays::creature_dialog::tests::open_subscribes_and_selects_authoritative_summoned_slot ... ok
test crystal_ui::overlays::creature_dialog::tests::original_baby_pig_zero_is_summoned_and_none_ninety_nine_is_not ... ok
test crystal_ui::overlays::creature_dialog::tests::release_verification_is_case_insensitive_and_bound_to_opened_pet ... ok
test crystal_ui::overlays::creature_dialog::tests::rename_requires_server_token_and_original_ascii_name_rules ... ok
test crystal_ui::overlays::creature_dialog::tests::summon_dismiss_release_are_gated_by_authoritative_state ... ok
test crystal_ui::overlays::equipment_creature_host::tests::equipped_windows_capture_their_rectangles_not_the_whole_world ... ok
test crystal_ui::overlays::equipment_creature_host::tests::escape_status_cancel_keeps_server_fishing_state_until_ack ... ok
test crystal_ui::overlays::equipment_creature_host::tests::pending_bootstrap_does_not_misreport_no_creatures ... ok
test crystal_ui::overlays::equipment_creature_host::tests::source_animation_offsets_are_loaded_from_export_metadata ... ok
test crystal_ui::overlays::friend_dialog::host::tests::ctrl_a_replaces_graphemes_and_shortcut_letters_are_not_inserted ... ok
test crystal_ui::overlays::friend_dialog::host::tests::unfocused_editor_does_not_append_and_full_queue_retains_draft ... ok
test crystal_ui::overlays::friend_dialog::tests::editor_identity_changes_on_new_modal_and_session_but_not_edits ... ok
test crystal_ui::overlays::friend_dialog::tests::empty_or_oversize_memo_is_never_submitted_to_silent_server_rejection ... ok
test crystal_ui::overlays::friend_dialog::tests::failed_send_restores_exact_target_and_draft_without_overwriting_new_modal ... ok
test crystal_ui::overlays::friend_dialog::tests::friend_original_twelve_row_paging_is_preserved ... ok
test crystal_ui::overlays::friend_dialog::tests::friend_removed_target_invalidates_modal ... ok
test crystal_ui::overlays::friend_dialog::tests::friend_selection_uses_identity_and_update_clears_it ... ok
test crystal_ui::overlays::friend_dialog::tests::friend_tab_and_online_whisper_match_original ... ok
test crystal_ui::overlays::friend_dialog::tests::memo_accepts_over_server_limit_and_preserves_draft_for_correction ... ok
test crystal_ui::overlays::friend_dialog::text_editor::tests::deletion_and_arrows_preserve_unicode_graphemes ... ok
test crystal_ui::overlays::friend_dialog::text_editor::tests::existing_overlong_draft_can_be_repaired_without_truncation ... ok
test crystal_ui::overlays::friend_dialog::text_editor::tests::home_end_and_selection_collapse_follow_line_boundaries ... ok
test crystal_ui::overlays::friend_dialog::text_editor::tests::mir_input_box_prefix_policy_preserves_fitting_utf16_text_and_selection ... ok
test crystal_ui::overlays::friend_dialog::text_editor::tests::newline_and_paste_share_budget_and_normalization ... ok
test crystal_ui::overlays::friend_dialog::text_editor::tests::renderer_layout_supports_wrapping_hit_selection_and_vertical_navigation ... ok
test crystal_ui::overlays::friend_dialog::text_editor::tests::selection_replacement_uses_utf16_budget_atomically ... ok
test crystal_ui::overlays::friend_dialog::text_editor::tests::unsafe_offsets_snap_and_inserted_combining_text_keeps_valid_caret ... ok
test crystal_ui::overlays::game_shop_dialog::tests::categories_keep_server_order_and_class_section_search_filter_real_flags ... ok
test crystal_ui::overlays::game_shop_dialog::tests::confirmation_revalidates_price_stock_and_wallet_then_queues_once ... ok
test crystal_ui::overlays::game_shop_dialog::tests::consumed_clipboard_shortcut_never_inserts_its_v_literal ... ok
test crystal_ui::overlays::game_shop_dialog::tests::ctrl_a_selects_the_search_draft_without_appending_its_literal ... ok
test crystal_ui::overlays::game_shop_dialog::tests::preview_keeps_crystal_direction_gender_clock_and_weapon_depth ... ok
test crystal_ui::overlays::game_shop_dialog::tests::quantities_are_per_product_and_respect_five_stacks_stock_and_flags ... ok
test crystal_ui::overlays::game_shop_dialog::tests::recent_filter_excludes_zero_old_and_exact_seven_day_boundary ... ok
test crystal_ui::overlays::game_shop_dialog::tests::search_editor_caps_edits_and_resets_filter_page_state ... ok
test crystal_ui::overlays::group_dialog::tests::original_name_prompt_sends_only_add_without_permission_toggle ... ok
test crystal_ui::overlays::group_dialog::tests::same_inviter_can_invite_again_after_decline_but_snapshot_is_idempotent ... ok
test crystal_ui::overlays::group_dialog::tests::source_invitation_accept_shows_group_and_rejects_stale_epoch ... ok
test crystal_ui::overlays::group_dialog::tests::source_member_map_arrives_before_member_and_is_removed_on_leave ... ok
test crystal_ui::overlays::group_dialog::tests::source_membership_order_gates_leader_and_full_group ... ok
test crystal_ui::overlays::group_dialog::tests::stale_send_failure_does_not_replace_new_input ... ok
test crystal_ui::overlays::guild_buff_dialog::tests::acquisition_activation_and_permissions_use_authority_without_optimism ... ok
test crystal_ui::overlays::guild_buff_dialog::tests::list_request_failure_retries_and_character_change_clears_authority ... ok
test crystal_ui::overlays::guild_buff_dialog::tests::ordinary_deltas_preserve_catalog_and_other_buffs ... ok
test crystal_ui::overlays::guild_buff_dialog::tests::scroll_drag_and_catalog_shrink_are_bounded_with_stable_ids ... ok
test crystal_ui::overlays::guild_buff_dialog::tests::source_row_states_use_guildskill_icon_triplets ... ok
test crystal_ui::overlays::guild_panel::tests::guild_buff_queue_failure_releases_list_retry_without_optimistic_unlock ... ok
test crystal_ui::overlays::guild_panel::tests::guild_invitation_response_is_bound_to_exact_inviter_epoch ... ok
test crystal_ui::overlays::guild_panel::tests::member_rank_change_is_only_sent_after_confirmation_with_original_fields ... ok
test crystal_ui::overlays::guild_panel::tests::rank_rename_uses_type_three_and_cannot_edit_a_senior_rank ... ok
test crystal_ui::overlays::guild_panel::tests::source_member_pages_advance_twenty_five_and_clamp_to_eighteen_visible_rows ... ok
test crystal_ui::overlays::guild_panel::tests::source_notice_edit_and_submission_have_separate_limits ... ok
test crystal_ui::overlays::guild_panel::tests::source_rank_edit_budget_is_twenty_utf16_and_selection_survives_sync ... ok
test crystal_ui::overlays::guild_storage_tests::guild_gold_coalesced_control_a_release_then_digits_keeps_modifier_event_order ... ok
test crystal_ui::overlays::guild_storage_tests::guild_gold_coalesced_digits_backspace_and_enter_submit_the_edited_not_old_amount ... ok
test crystal_ui::overlays::guild_storage_tests::guild_gold_enter_on_invalid_uint_closes_silently_like_source_invoke_click ... ok
test crystal_ui::overlays::guild_storage_tests::guild_gold_escape_drains_its_keyboard_batch_without_leaking_to_the_next_modal ... ok
test crystal_ui::overlays::guild_storage_tests::guild_gold_modal_blocks_underlying_buttons_even_in_the_frame_it_closes ... ok
test crystal_ui::overlays::guild_storage_tests::guild_gold_modal_submission_is_exact_nonoptimistic_deduplicated_and_throttled ... ok
test crystal_ui::overlays::guild_storage_tests::guild_gold_mouse_buttons_keep_default_button_b_and_explicit_close_button_a ... ok
test crystal_ui::overlays::guild_storage_tests::guild_gold_prompt_sync_cancels_changed_identity_revoked_rank_and_session_exit ... ok
test crystal_ui::overlays::guild_storage_tests::guild_gold_real_keyboard_route_consumes_modal_keys_and_submits_only_on_enter ... ok
test crystal_ui::overlays::guild_storage_tests::guild_gold_source_modal_has_exact_coin_input_button_geometry_and_invalid_ok_visibility ... ok
test crystal_ui::overlays::guild_storage_tests::guild_gold_zero_and_stale_guild_rank_or_balance_do_not_send_mutations ... ok
test crystal_ui::overlays::guild_storage_tests::guild_storage_alpha_true_size_centres_without_cropping_and_refreshes_same_handle ... ok
test crystal_ui::overlays::guild_storage_tests::guild_storage_compressed_press_move_release_keeps_the_real_motion_before_ending_drag ... ok
test crystal_ui::overlays::guild_storage_tests::guild_storage_current_stack_image_and_count_do_not_use_stale_tooltip_count_or_real_info ... ok
test crystal_ui::overlays::guild_storage_tests::guild_storage_ecs_has_source_grid_background_hit_rects_and_separate_arrow_art ... ok
test crystal_ui::overlays::guild_storage_tests::guild_storage_known_source_frame_zero_is_drawn_but_missing_source_is_not_guessed ... ok
test crystal_ui::overlays::guild_storage_tests::guild_storage_original_images_keep_negative_odd_offsets_and_refresh_loaded_dimensions ... ok
test crystal_ui::overlays::guild_storage_tests::guild_storage_real_original_pngs_follow_get_true_size_and_keep_full_draw_dimensions ... ok
test crystal_ui::overlays::guild_storage_tests::guild_storage_scroll_persists_on_hide_but_session_reset_clears_pointer_and_gold_modal ... ok
test crystal_ui::overlays::guild_storage_tests::guild_storage_source_tab_visibility_and_gold_withdraw_are_independent_rank_rules ... ok
test crystal_ui::overlays::guild_storage_tests::guild_storage_thumb_drag_uses_source_grab_offset_scale_clamp_and_focus_release ... ok
test crystal_ui::overlays::guild_storage_tests::guild_storage_wheel_is_window_cursor_modal_and_unit_scoped ... ok
test crystal_ui::overlays::help_shortcut_keys_follow_loaded_binding_and_clear_unbound ... ok
test crystal_ui::overlays::hero_buff_hud::tests::exact_hero_identity_filters_player_old_hero_and_refresh_retains_buffs ... ok
test crystal_ui::overlays::hero_buff_hud::tests::hero_buff_render_is_separate_and_survives_source_camera_mode ... ok
test crystal_ui::overlays::hero_buff_hud::tests::ordinary_hero_spawn_state_updates_host_and_rejects_invalid_state ... ok
test crystal_ui::overlays::hero_buff_hud::tests::ordinary_recall_disposes_buffs_and_dead_state_keeps_page ... ok
test crystal_ui::overlays::hero_dialog::assign::tests::hero_draft_survives_send_failure_and_does_not_accept_player_keys ... ok
test crystal_ui::overlays::hero_dialog::assign::tests::hero_none_to_none_never_dispatches_the_player_unbind_branch ... ok
test crystal_ui::overlays::hero_dialog::assign::tests::hero_optimistic_key_waits_for_transport_then_exact_receipt ... ok
test crystal_ui::overlays::hero_dialog::cross::tests::exact_failed_transfer_then_other_success_does_not_clear_player_selection ... ok
test crystal_ui::overlays::hero_dialog::cross::tests::hit_order_matches_player_front_and_hero_window_z ... ok
test crystal_ui::overlays::hero_dialog::cross::tests::ordered_batched_drag_keeps_player_origin_and_hero_raw_destination ... ok
test crystal_ui::overlays::hero_dialog::cross::tests::right_cancel_and_closing_player_bag_clear_cross_selection ... ok
test crystal_ui::overlays::hero_dialog::cross::tests::right_cancel_does_not_also_use_the_covered_hero_potion ... ok
test crystal_ui::overlays::hero_dialog::geometry::tests::own_modal_regions_never_click_a_covered_belt_or_character_tab ... ok
test crystal_ui::overlays::hero_dialog::host::tests::auto_pot_amount_uses_hp_stat_twelve_and_restores_draft_on_transport_failure ... ok
test crystal_ui::overlays::hero_dialog::host::tests::confirmation_revalidates_uid_and_retains_draft_when_shared_gate_is_busy ... ok
test crystal_ui::overlays::hero_dialog::host::tests::hero_assign_blocks_world_and_covered_controls_but_allows_own_modal_host ... ok
test crystal_ui::overlays::hero_dialog::host::tests::hero_merge_preserves_uids_and_rejects_full_or_identical_stacks ... ok
test crystal_ui::overlays::hero_dialog::host::tests::only_exact_unsent_request_releases_wait_without_dropping_draft ... ok
test crystal_ui::overlays::hero_dialog::host::tests::ordered_item_receipt_releases_lock_before_later_configuration_echo ... ok
test crystal_ui::overlays::hero_dialog::item_use::tests::auto_equip_and_potion_plans_keep_exact_hero_grid_and_uid ... ok
test crystal_ui::overlays::hero_dialog::item_use::tests::player_hero_transfers_reject_occupied_incompatible_and_preserve_stack_uids ... ok
test crystal_ui::overlays::hero_dialog::item_use::tests::remove_uses_raw_belt_fallback_without_negative_index ... ok
test crystal_ui::overlays::hero_dialog::item_use::tests::restock_waits_for_empty_belt_and_revalidates_source_uid ... ok
test crystal_ui::overlays::hero_dialog::tests::absent_hero_never_uses_player_inventory_or_opens_pages ... ok
test crystal_ui::overlays::hero_dialog::tests::item_result_matches_exact_slots_and_failed_operations_keep_selection ... ok
test crystal_ui::overlays::hero_dialog::tests::original_capacity_keeps_two_belt_cells_and_unlocks_rows_without_inventing_items ... ok
test crystal_ui::overlays::hero_dialog::tests::page_toggle_health_and_session_are_actor_scoped ... ok
test crystal_ui::overlays::keyboard_dialog::host::tests::capture_escape_is_consumed_and_unfocused_capture_is_ignored ... ok
test crystal_ui::overlays::keyboard_dialog::host::tests::chord_capture_consumes_gameplay_and_unfocused_edges_are_discarded ... ok
test crystal_ui::overlays::keyboard_dialog::host::tests::disk_save_replaces_previous_file_and_loads_application_scoped_binding ... ok
test crystal_ui::overlays::keyboard_dialog::host::tests::held_and_two_sided_control_releases_preserve_event_time_bank ... ok
test crystal_ui::overlays::keyboard_dialog::host::tests::logical_keyboard_layout_and_numpad_remain_distinct ... ok
test crystal_ui::overlays::keyboard_dialog::host::tests::quick_control_chord_uses_keydown_modifiers_in_real_input_pipeline ... ok
test crystal_ui::overlays::keyboard_dialog::host::tests::remapped_binding_suppresses_original_key_and_obeys_modifiers ... ok
test crystal_ui::overlays::keyboard_dialog::tests::crystal_defaults_preserve_all_96_real_entries_and_overlapping_tab_actions ... ok
test crystal_ui::overlays::keyboard_dialog::tests::delete_unbinds_duplicates_are_allowed_and_second_click_cancels_capture ... ok
test crystal_ui::overlays::keyboard_dialog::tests::original_target_lock_uses_current_event_even_on_key_up ... ok
test crystal_ui::overlays::keyboard_dialog::tests::persistence_round_trip_and_invalid_load_are_atomic ... ok
test crystal_ui::overlays::keyboard_dialog::tests::same_frame_skill_events_keep_each_own_target_lock_flag ... ok
test crystal_ui::overlays::keyboard_dialog::tests::source_group_geometry_and_scroll_clamps ... ok
test crystal_ui::overlays::keyboard_dialog::tests::strict_and_relaxed_capture_restore_all_modifiers_on_reset ... ok
test crystal_ui::overlays::leave_game_dialog::tests::confirmation_uses_original_single_request_gate ... ok
test crystal_ui::overlays::leave_game_dialog::tests::decline_closes_and_consumes_frame_without_emitting_leave ... ok
test crystal_ui::overlays::leave_game_dialog::tests::source_delay_counts_down_then_opens_confirmation ... ok
test crystal_ui::overlays::local_keyboard_ui::tests::autorun_hint_only_on_real_state_change ... ok
test crystal_ui::overlays::local_keyboard_ui::tests::source_drop_view_has_five_seconds_and_repeated_key_does_not_extend_it ... ok
test crystal_ui::overlays::mount_fishing_dialog::tests::attachment_intent_preserves_host_identity_and_waits_for_exact_ack ... ok
test crystal_ui::overlays::mount_fishing_dialog::tests::equipment_gate_uses_actual_type_shape_slot_and_identity ... ok
test crystal_ui::overlays::mount_fishing_dialog::tests::fishing_cast_requires_rod_water_facing_standing_transform_and_cooldown ... ok
test crystal_ui::overlays::mount_fishing_dialog::tests::mount_cooldown_and_animation_match_original_variants ... ok
test crystal_ui::overlays::mount_fishing_dialog::tests::removal_uses_raw_uid_even_when_catalog_label_is_missing ... ok
test crystal_ui::overlays::mount_fishing_dialog::tests::status_is_owner_authoritative_and_reel_removal_disables_auto ... ok
test crystal_ui::overlays::primary_item_image_tests::primary_all_1003_source_pngs_use_alpha_size_for_every_native_cell_family ... ok
test crystal_ui::overlays::primary_item_image_tests::primary_default_white_texture_is_not_an_item_and_missing_assets_hide_previous_images ... ok
test crystal_ui::overlays::primary_item_image_tests::primary_equipment_and_storage_use_default_mir_item_cell_size_without_clipping ... ok
test crystal_ui::overlays::primary_item_image_tests::primary_inventory_outer_rows_allow_original_oversized_draws_without_widening_hit_targets ... ok
test crystal_ui::overlays::primary_item_image_tests::primary_npc_source_zero_and_oversized_icons_use_40_by_32_area_not_frame_metadata ... ok
test crystal_ui::overlays::primary_item_image_tests::primary_source_count_changes_reselect_and_remeasure_without_mutating_item_metadata ... ok
test crystal_ui::overlays::primary_item_image_tests::primary_trade_rows_use_current_user_item_image_and_unstretched_original_pixels ... ok
test crystal_ui::overlays::ranking_dialog::player_inspect::tests::failed_dispatch_releases_only_pending_inspect_without_fabricating_equipment ... ok
test crystal_ui::overlays::ranking_dialog::player_inspect::tests::inspect_equipment_press_is_read_only_and_does_not_drag_parent ... ok
test crystal_ui::overlays::ranking_dialog::player_inspect::tests::late_or_unsolicited_inspect_cannot_reopen_closed_or_different_player ... ok
test crystal_ui::overlays::ranking_dialog::tests::empty_short_and_malformed_rankings_do_not_create_invalid_rows_or_scroll_nan ... ok
test crystal_ui::overlays::ranking_dialog::tests::filter_change_waits_for_old_untagged_reply_without_showing_old_rows ... ok
test crystal_ui::overlays::ranking_dialog::tests::hide_cancels_debounce_but_preserves_inflight_context_until_response ... ok
test crystal_ui::overlays::ranking_dialog::tests::ordinary_queue_pressure_cannot_evict_a_correlated_ranking_request ... ok
test crystal_ui::overlays::ranking_dialog::tests::rapid_scroll_debounces_to_latest_page_and_inspect_waits_for_page_reply ... ok
test crystal_ui::overlays::ranking_dialog::tests::thumb_endpoints_and_short_last_page_obey_authoritative_count ... ok
test crystal_ui::overlays::ranking_dialog::tests::unsent_release_matches_exact_request_and_retries_without_duplicate_inflight ... ok
test crystal_ui::overlays::skill_assign_dialog::tests::assignment_labels_match_original_fixed_two_line_strings ... ok
test crystal_ui::overlays::skill_assign_dialog::tests::assignment_render_uses_original_frame_and_button_dimensions ... ok
test crystal_ui::overlays::skill_assign_dialog::tests::committing_slot16_clears_occupant_without_swapping_and_none_is_explicit_zero ... ok
test crystal_ui::overlays::skill_assign_dialog::tests::only_exact_processed_receipt_retires_overlay_not_any_count_of_snapshots ... ok
test crystal_ui::overlays::skill_assign_dialog::tests::rejected_receipt_restores_exact_draft_and_epoch_change_drops_old_request ... ok
test crystal_ui::overlays::skill_assign_dialog::tests::selection_is_a_draft_save_sends_source_oldkey_and_failed_send_retains_it ... ok
test crystal_ui::overlays::skill_assign_dialog::tests::sixteen_player_bindings_roundtrip_without_hero_slots ... ok
test crystal_ui::overlays::skill_bars::host::tests::exact_source_resources_have_measured_sizes_and_cooldown_duration ... ok
test crystal_ui::overlays::skill_bars::tests::server_cast_sequence_starts_once_and_delay_changes_do_not_restart_clock ... ok
test crystal_ui::overlays::skill_bars::tests::source_show_preserves_inclusive_bar_boundary_and_server_key ... ok
test crystal_ui::overlays::skill_page::tests::learned_skill_renders_real_icon_full_name_and_experience_even_when_passive ... ok
test crystal_ui::overlays::skill_page::tests::source_experience_uses_level_specific_threshold_without_fabricating_data ... ok
test crystal_ui::overlays::skill_page::tests::source_keys_use_two_lines_and_no_unbound_placeholder ... ok
test crystal_ui::overlays::social_bond_dialog::host::tests::full_queue_restores_name_modal_and_session_reset_clears_relationship_owner ... ok
test crystal_ui::overlays::social_bond_dialog::host::tests::invitation_blocks_gameplay_and_decline_uses_authoritative_reply ... ok
test crystal_ui::overlays::social_bond_dialog::tests::invitation_revision_reply_and_session_boundary_are_exact ... ok
test crystal_ui::overlays::social_bond_dialog::tests::marriage_actions_guard_missing_offline_partner_without_optimistic_updates ... ok
test crystal_ui::overlays::social_bond_dialog::tests::mentor_add_cancel_and_allow_do_not_fabricate_server_state ... ok
test crystal_ui::overlays::social_bond_dialog::tests::mentor_editor_preserves_grapheme_selection_and_source_name_packet ... ok
test crystal_ui::overlays::social_bond_dialog::tests::mentor_input_enforces_winforms_utf16_limit_and_rejects_stale_text ... ok
test crystal_ui::overlays::social_bond_dialog::tests::mentor_rows_follow_source_level_order_and_authoritative_online_xp ... ok
test crystal_ui::overlays::social_bond_dialog::tests::rejected_transport_restores_prompt_and_stale_reply_cannot_replace_new_invitation ... ok
test crystal_ui::overlays::social_bond_dialog::tests::relationship_dates_preserve_source_zero_and_divorce_tick_branches ... ok
test crystal_ui::overlays::social_bond_dialog::tests::server_change_invalidates_stale_mentorship_confirmation ... ok
test crystal_ui::overlays::status_hud::tests::camera_mode_hides_and_restores_real_dura_and_buff_images ... ok
test crystal_ui::overlays::status_hud::tests::camera_restore_shows_dura_without_changing_saved_source_preference ... ok
test crystal_ui::overlays::status_hud::tests::collapsed_buff_count_uses_centered_original_bold_font ... ok
test crystal_ui::overlays::status_hud::tests::hints_use_source_special_stats_percent_and_elapsed_time ... ok
test crystal_ui::overlays::status_hud::tests::malformed_buff_does_not_mutate_and_blink_uses_source_rounding ... ok
test crystal_ui::overlays::status_hud::tests::ordinary_numeric_buff_discriminant_resolves_actual_icon ... ok
test crystal_ui::overlays::status_hud::tests::owner_pause_refresh_remove_and_identity_are_authoritative ... ok
test crystal_ui::overlays::status_hud::tests::paused_packet_uses_receipt_time_even_if_ui_drain_is_late ... ok
test crystal_ui::overlays::status_hud::tests::real_source_frames_and_threshold_boundaries ... ok
test crystal_ui::overlays::tests::any_window_blocks_world_click_and_action ... ok
test crystal_ui::overlays::tests::armed_bag_move_uses_crystal_raw_source_when_empty_belt_slot_is_clicked ... ok
test crystal_ui::overlays::tests::assigning_a_skill_key_uses_server_command_without_rewriting_legacy_file ... ok
test crystal_ui::overlays::tests::belt_mouse_intent_requires_the_current_unique_instance ... ok
test crystal_ui::overlays::tests::belt_use_intent_targets_belt_grid ... ok
test crystal_ui::overlays::tests::big_map_disabled_teleport_uses_explicit_crystal_title_823_frame ... ok
test crystal_ui::overlays::tests::big_map_ecs_shows_loading_text_without_authoritative_image ... ok
test crystal_ui::overlays::tests::big_map_ecs_spawns_authoritative_image_player_and_npc_rows ... ok
test crystal_ui::overlays::tests::bigmap_zoom_is_clamped_and_retained ... ok
test crystal_ui::overlays::tests::cash_shop_selection_pages_beyond_first_eight_rows_is_receipt_deduped ... ok
test crystal_ui::overlays::tests::character_c_and_f10_share_source_page_semantics_without_click_audio ... ok
test crystal_ui::overlays::tests::character_hud_activation_restores_every_non_character_page_before_closing ... ok
test crystal_ui::overlays::tests::character_hud_pointer_uses_button_a_and_restores_character_page ... ok
test crystal_ui::overlays::tests::character_slots_and_item_actions_fail_closed_without_a_live_item ... ok
test crystal_ui::overlays::tests::character_unequip_addresses_first_real_free_bag_cell_and_never_mutates_locally ... ok
test crystal_ui::overlays::tests::character_unequip_never_aliases_a_free_belt_slot_to_an_occupied_bag_slot ... ok
test crystal_ui::overlays::tests::chat_focus_blocks_gameplay_keys_not_bag ... ok
test crystal_ui::overlays::tests::compact_labels_use_supported_ascii_and_bag_cells_hide_durability ... ok
test crystal_ui::overlays::tests::crystal_character_gender_class_and_guild_projection_is_exact ... ok
test crystal_ui::overlays::tests::crystal_character_hair_uses_source_index_offsets_and_assassin_adjustment ... ok
test crystal_ui::overlays::tests::crystal_character_inventory_and_skill_page_actions_are_local_and_real ... ok
test crystal_ui::overlays::tests::crystal_character_paper_doll_order_is_wing_armour_weapon_then_helmet_or_hair ... ok
test crystal_ui::overlays::tests::crystal_character_source_geometry_matches_character_dialog ... ok
test crystal_ui::overlays::tests::crystal_character_wing_material_installs_source_additive_pipeline_and_fixed_handles ... ok
test crystal_ui::overlays::tests::crystal_character_wings_use_exact_source_indices_offsets_and_draw_blend ... ok
test crystal_ui::overlays::tests::crystal_menu_options_and_bigmap_use_source_geometry ... ok
test crystal_ui::overlays::tests::crystal_p_shortcut_opens_group_even_while_help_is_visible ... ok
test crystal_ui::overlays::tests::crystal_page_helpers_keep_all_authoritative_rows_reachable ... ok
test crystal_ui::overlays::tests::crystal_social_panels_use_original_geometry_and_bounded_rows ... ok
test crystal_ui::overlays::tests::dragging_window_scrollbar_or_button_captures_pointer_and_blocks_movement ... ok
test crystal_ui::overlays::tests::enter_focuses_escape_cancels_and_empty_not_sent ... ok
test crystal_ui::overlays::tests::exit_application_effect_is_taken_once_without_swallowing_gateway_work ... ok
test crystal_ui::overlays::tests::five_small_main_hud_buttons_emit_button_a_on_real_press_edges ... ok
test crystal_ui::overlays::tests::foreground_close_press_blocks_overlapping_minimap_hud_press ... ok
test crystal_ui::overlays::tests::full_intent_queue_rejects_game_shop_without_any_pending_state ... ok
test crystal_ui::overlays::tests::full_social_intent_queue_rejects_without_pending_or_eviction ... ok
test crystal_ui::overlays::tests::game_shop_hud_pointer_uses_button_c_and_resets_quantity_only_on_close ... ok
test crystal_ui::overlays::tests::group_invite_name_is_bounded_ordered_and_authoritative ... ok
test crystal_ui::overlays::tests::guild_notice_edit_publish_failure_retry_and_receipt_stay_authoritative ... ok
test crystal_ui::overlays::tests::guild_notice_editor_consumes_real_keyboard_messages_before_chat ... ok
test crystal_ui::overlays::tests::guild_notice_preserves_source_lines_and_leaves_200_line_rejection_to_server ... ok
test crystal_ui::overlays::tests::guild_permission_aliases_accept_authoritative_bit_names ... ok
test crystal_ui::overlays::tests::guild_storage_and_rank_intents_register_exact_authoritative_pending_keys ... ok
test crystal_ui::overlays::tests::guild_tabs_request_the_matching_authoritative_page ... ok
test crystal_ui::overlays::tests::help_blocks_world_click_and_has_dialog_priority_without_chat_key_capture ... ok
test crystal_ui::overlays::tests::help_catalog_matches_the_crystal_45_page_contract ... ok
test crystal_ui::overlays::tests::help_drag_preserves_grab_offset_clamps_and_stops_on_release ... ok
test crystal_ui::overlays::tests::help_drag_system_fails_closed_without_headless_input_resources ... ok
test crystal_ui::overlays::tests::help_drag_system_uses_the_shared_stage_transform_and_release_edge ... ok
test crystal_ui::overlays::tests::help_drag_uses_only_blank_header_and_hide_clears_movement ... ok
test crystal_ui::overlays::tests::help_escape_closes_all_without_opening_menu_and_preserves_page ... ok
test crystal_ui::overlays::tests::help_internal_buttons_emit_one_button_a_while_menu_toggle_is_silent ... ok
test crystal_ui::overlays::tests::help_navigation_wraps_clamps_and_hide_preserves_page ... ok
test crystal_ui::overlays::tests::help_renderer_maps_dynamic_and_image_pages_without_fabrication ... ok
test crystal_ui::overlays::tests::help_shortcut_requires_ctrl_and_shift_unpressed_but_ignores_alt ... ok
test crystal_ui::overlays::tests::help_sort_true_raises_on_show_and_drag_below_modal_layers ... ok
test crystal_ui::overlays::tests::hud_controls_remain_above_quest_world_blocker_and_options_switches_panel ... ok
test crystal_ui::overlays::tests::hud_mail_bigmap_minimap_actions_are_exhaustively_handled ... ok
test crystal_ui::overlays::tests::inspect_and_equip_mapping_cover_quest_rewards ... ok
test crystal_ui::overlays::tests::inspected_equip_prefers_authoritative_slot_over_display_name ... ok
test crystal_ui::overlays::tests::inventory_buttons_use_explicit_instance_ids_and_suppress_duplicate_presses ... ok
test crystal_ui::overlays::tests::inventory_capacity_downgrade_closes_the_second_page_fail_closed ... ok
test crystal_ui::overlays::tests::inventory_delete_amount_editing_clamps_and_close_matches_crystal ... ok
test crystal_ui::overlays::tests::inventory_delete_dialog_uses_source_centered_geometry ... ok
test crystal_ui::overlays::tests::inventory_delete_mode_uses_exact_stack_or_single_item_flow ... ok
test crystal_ui::overlays::tests::inventory_drag_keeps_same_frame_press_motion_release ... ok
test crystal_ui::overlays::tests::inventory_drag_matches_mircontrol_child_hit_and_stage_clamp_rules ... ok
test crystal_ui::overlays::tests::inventory_drag_system_uses_shared_stage_transform_and_preserves_location ... ok
test crystal_ui::overlays::tests::inventory_drag_uses_prepress_cursor_when_sendinput_batches_the_destination ... ok
test crystal_ui::overlays::tests::inventory_footer_uses_crystal_gold_and_weight_rules ... ok
test crystal_ui::overlays::tests::inventory_hud_pointer_edges_enqueue_one_crystal_button_a_sound ... ok
test crystal_ui::overlays::tests::inventory_icons_use_true_size_centering_and_fail_closed_without_geometry ... ok
test crystal_ui::overlays::tests::inventory_item_drag_to_empty_belt_emits_one_raw_slot_move ... ok
test crystal_ui::overlays::tests::inventory_item_drag_uses_ordered_cross_frame_press_and_release ... ok
test crystal_ui::overlays::tests::inventory_item_drag_uses_ordered_same_frame_press_motion_release ... ok
test crystal_ui::overlays::tests::inventory_item_motion_without_button_edges_does_not_move ... ok
test crystal_ui::overlays::tests::inventory_second_tab_uses_exact_crystal_locked_and_page_assets ... ok
test crystal_ui::overlays::tests::item_use_time_is_shared_across_player_hero_and_survives_draining ... ok
test crystal_ui::overlays::tests::mail_claim_and_delete_disabled_states ... ok
test crystal_ui::overlays::tests::mail_open_blocks_world_click_and_uses_reducer ... ok
test crystal_ui::overlays::tests::mail_panel_cache_keeps_children_until_mail_inputs_change ... ok
test crystal_ui::overlays::tests::menu_hud_pointer_uses_button_c_and_toggles_menu_without_gameplay_intents ... ok
test crystal_ui::overlays::tests::minimap_toggle_retains_state_and_mail_bigmap_esc_behavior ... ok
test crystal_ui::overlays::tests::native_panel_ecs_bounds_inventory_skill_and_cash_shop_at_1024x768 ... ok
test crystal_ui::overlays::tests::non_ingame_keyboard_defers_session_clear_to_revision_pipeline ... ok
test crystal_ui::overlays::tests::npc_game_shop_guild_and_trade_cells_share_the_crystal_item_hint_lifecycle ... ok
test crystal_ui::overlays::tests::npc_goods_cell_uses_crystal_geometry_labels_selection_and_hidden_added_stats ... ok
test crystal_ui::overlays::tests::npc_goods_geometry_and_new_marker_match_mir_goods_cell_rules ... ok
test crystal_ui::overlays::tests::open_big_map_requests_authoritative_info_when_map_identity_arrives_late ... ok
test crystal_ui::overlays::tests::operation_disabled_inventory_item_remains_a_rich_tooltip_hover_target ... ok
test crystal_ui::overlays::tests::options_adapter_applies_immediately_and_close_does_not_roll_back ... ok
test crystal_ui::overlays::tests::overlay_bigmap_zoom_buttons_clamp ... ok
test crystal_ui::overlays::tests::overlay_buttons_mail_flow_generates_intents ... ok
test crystal_ui::overlays::tests::overlay_buttons_shop_storage_flow_generates_intents ... ok
test crystal_ui::overlays::tests::overlay_keyboard_toggles_inventory_with_i ... ok
test crystal_ui::overlays::tests::overlay_keyboard_toggles_skills_with_f11 ... ok
test crystal_ui::overlays::tests::overlay_mutate_set_runs_before_res_readers ... ok
test crystal_ui::overlays::tests::panel_close_keeps_coexisting_help_while_session_reset_clears_it ... ok
test crystal_ui::overlays::tests::quest_inventory_items_are_inspectable_but_read_only ... ok
test crystal_ui::overlays::tests::queued_game_shop_is_non_evicting_and_drains_exactly_once_after_flood ... ok
test crystal_ui::overlays::tests::send_after_blur_requires_refocus ... ok
test crystal_ui::overlays::tests::shop_blocks_world_click_and_uses_reducer ... ok
test crystal_ui::overlays::tests::shop_quantity_and_buy_sell_disabled_states ... ok
test crystal_ui::overlays::tests::skill_selection_is_local_and_clears_when_windows_close ... ok
test crystal_ui::overlays::tests::skill_shortcut_uses_one_real_character_dialog_with_all_four_tabs ... ok
test crystal_ui::overlays::tests::stale_drop_confirmation_cannot_address_a_replacement_stack ... ok
test crystal_ui::overlays::tests::stale_inventory_delete_prompt_cannot_delete_a_replacement_stack ... ok
test crystal_ui::overlays::tests::storage_blocks_world_click_and_close_retains_minimap ... ok
test crystal_ui::overlays::tests::storage_deposit_withdraw_and_password_disabled_states ... ok
test crystal_ui::overlays::tests::storage_request_ids_survive_queue_clear_for_connection_reset ... ok
test crystal_ui::overlays::tests::warehouse_bag_item_uses_the_same_rich_tooltip_document ... ok
test crystal_ui::overlays::tests::z_order_and_modal_priority_correct ... ok
test crystal_ui::overlays::text_input::tests::changed_editor_identity_drops_old_ime_commit ... ok
test crystal_ui::overlays::text_input::tests::chinese_preedit_is_visible_but_only_commit_updates_the_draft ... ok
test crystal_ui::overlays::text_input::tests::committed_chinese_obeys_real_name_utf16_limit_and_memo_multiline_policy ... ok
test crystal_ui::overlays::text_input::tests::escape_cancels_composition_without_closing_the_modal_or_erasing_draft ... ok
test crystal_ui::overlays::text_input::tests::focus_loss_or_exact_keyboard_capture_disables_ime_and_rejects_commit ... ok
test crystal_ui::overlays::text_input::tests::game_shop_search_has_a_unique_topmost_ime_lease_and_commits_to_filter ... ok
test crystal_ui::overlays::text_input::tests::menu_editor_and_overlay_labels_use_original_arial_family ... ok
test crystal_ui::overlays::text_input::tests::prompt_owner_matches_keyboard_dispatch_above_covered_key_configuration ... ok
test crystal_ui::overlays::trade_dialog::items::tests::trade_items_front_guest_blocks_own_and_bag_and_page_slots_are_normalized ... ok
test crystal_ui::overlays::trade_dialog::items::tests::trade_items_full_cross_grid_stack_rejects_and_partial_snapshot_invalidates_selection ... ok
test crystal_ui::overlays::trade_dialog::items::tests::trade_items_guest_and_both_locks_are_read_only ... ok
test crystal_ui::overlays::trade_dialog::items::tests::trade_items_headless_click_and_held_drag_emit_one_exact_transfer ... ok
test crystal_ui::overlays::trade_dialog::items::tests::trade_items_headless_npc_modal_and_snapshot_replacement_discard_selection ... ok
test crystal_ui::overlays::trade_dialog::items::tests::trade_items_headless_pointer_focus_loss_clears_selection ... ok
test crystal_ui::overlays::trade_dialog::items::tests::trade_items_inventory_button_in_same_frame_does_not_open_inspect_popup ... ok
test crystal_ui::overlays::trade_dialog::items::tests::trade_items_merge_maps_all_three_grid_directions_and_waits_for_exact_ack ... ok
test crystal_ui::overlays::trade_dialog::items::tests::trade_items_merge_pending_blocks_confirm_and_gold_buttons ... ok
test crystal_ui::overlays::trade_dialog::items::tests::trade_items_ordered_bare_release_cannot_place_or_select ... ok
test crystal_ui::overlays::trade_dialog::items::tests::trade_items_ordered_consecutive_drags_after_authoritative_deposit_and_retrieve ... ok
test crystal_ui::overlays::trade_dialog::items::tests::trade_items_ordered_pointer_tracks_while_pending_and_next_press_needs_no_motion ... ok
test crystal_ui::overlays::trade_dialog::items::tests::trade_items_ordered_preselected_source_can_be_dragged_without_deselecting ... ok
test crystal_ui::overlays::trade_dialog::items::tests::trade_items_ordered_previous_frame_source_and_batched_drag_keep_press_origin ... ok
test crystal_ui::overlays::trade_dialog::items::tests::trade_items_ordered_second_stationary_click_still_deselects ... ok
test crystal_ui::overlays::trade_dialog::items::tests::trade_items_reorders_empty_or_incompatible_trade_slots_without_optimistic_swap ... ok
test crystal_ui::overlays::trade_dialog::items::tests::trade_items_retrieve_exact_empty_slot_full_bag_and_reserved_origin ... ok
test crystal_ui::overlays::trade_dialog::items::tests::trade_items_send_exact_slots_and_wait_for_failure_ack_without_editing_assets ... ok
test crystal_ui::overlays::trade_dialog::items::tests::trade_items_stale_uid_quantity_and_exchange_fail_closed ... ok
test crystal_ui::overlays::trade_dialog::items::tests::trade_items_zero_uid_is_concrete_and_only_authoritative_offers_hide_bag_item ... ok
test crystal_ui::overlays::trade_dialog::tests::trade_dialog_accept_shows_inventory_without_switching_back_on_every_snapshot ... ok
test crystal_ui::overlays::trade_dialog::tests::trade_dialog_cancel_hides_pair_sends_one_request_and_keeps_backpack_and_offers ... ok
test crystal_ui::overlays::trade_dialog::tests::trade_dialog_confirm_toggles_source_bool_without_claiming_settlement ... ok
test crystal_ui::overlays::trade_dialog::tests::trade_dialog_drag_owns_pair_overlap_cells_and_clamps_whole_window ... ok
test crystal_ui::overlays::trade_dialog::tests::trade_dialog_ecs_has_original_pair_positions_and_twenty_uncompacted_cells ... ok
test crystal_ui::overlays::trade_dialog::tests::trade_dialog_ecs_uses_original_art_names_gold_and_only_own_confirm_close ... ok
test crystal_ui::overlays::trade_dialog::tests::trade_dialog_locked_confirm_uses_source_521_without_a_partner_button ... ok
test crystal_ui::overlays::trade_dialog::tests::trade_dialog_owner_change_and_terminal_packets_dispose_amount_prompt_not_positions ... ok
test crystal_ui::overlays::trade_dialog::tests::trade_dialog_sparse_cells_keep_hints_current_quantity_and_no_text_rows ... ok
test crystal_ui::overlays::trade_dialog::tests::trade_dialog_sync_leaves_session_without_leaking_positions_or_prompt ... ok
test crystal_ui::overlays::trade_dialog::tests::trade_dialog_unlock_updates_even_when_partner_amount_is_equal ... ok
test crystal_ui::overlays::trade_dialog::tests::trade_dialog_unrelated_social_packet_in_same_frame_cannot_hide_source_unlock ... ok
test crystal_ui::overlays::trade_dialog::tests::trade_gold_buttons_cancel_close_and_modal_edge_never_leak_other_actions ... ok
test crystal_ui::overlays::trade_dialog::tests::trade_gold_escape_only_dismisses_modal_and_general_escape_keeps_trade_pair ... ok
test crystal_ui::overlays::trade_dialog::tests::trade_gold_invalid_zero_owner_change_balance_drop_and_pending_fail_without_packets ... ok
test crystal_ui::overlays::trade_dialog::tests::trade_gold_keyboard_control_a_uses_ordered_modifier_state_and_zero_is_silent ... ok
test crystal_ui::overlays::trade_dialog::tests::trade_gold_keyboard_respects_coalesced_text_backspace_enter_and_drains_remainder ... ok
test crystal_ui::overlays::trade_dialog::tests::trade_gold_modal_ecs_uses_original_amount_box_and_hides_ok_for_invalid_input ... ok
test crystal_ui::overlays::trade_dialog::tests::trade_gold_prompt_submits_edited_amount_once_without_mutating_wallet_or_offer ... ok
test crystal_ui::overlays::trade_dialog::tests::trade_gold_same_partner_new_exchange_rejects_stale_prompt_even_before_ui_sync ... ok
test crystal_ui::overlays::trade_dialog::tests::trade_invitation_button_frame_does_not_activate_covered_inventory_or_duplicate_reply ... ok
test crystal_ui::overlays::trade_dialog::tests::trade_invitation_keyboard_uses_source_yes_no_and_consumes_extra_input ... ok
test crystal_ui::overlays::trade_dialog::tests::trade_invitation_renders_original_modal_assets_and_resets_at_login ... ok
test crystal_ui::overlays::trade_dialog::tests::trade_invitation_replies_once_and_waits_for_server_accept ... ok
test crystal_ui::overlays::trade_dialog::tests::trade_invitation_stale_buttons_and_cancel_unlock_have_distinct_ownership ... ok
test crystal_ui::panel_layouts::tests::big_map_npc_rows_fit_the_declared_list_lane ... ok
test crystal_ui::panel_layouts::tests::grid_quantities_are_bounded_and_consistent ... ok
test crystal_ui::panel_layouts::tests::known_rects_do_not_escape_explicit_mail_panel ... ok
test crystal_ui::panel_layouts::tests::native_inventory_skill_and_shop_viewports_are_bounded ... ok
test crystal_ui::panel_layouts::tests::source_confirmed_fixed_triples_are_complete ... ok
test crystal_ui::panel_layouts::tests::sprite_variant_counts_match_source_state_matrices ... ok
test crystal_ui::panel_layouts::tests::unknown_geometry_is_explicitly_unresolved ... ok
test crystal_ui::preview_data::tests::all_crystal_character_preview_sets_have_sixteen_frames ... ok
test crystal_ui::preview_data::tests::wizard_overlay_uses_source_plus_560_rule ... ok
test crystal_ui::quest_targets::tests::matches_crystal_plural_possessive_and_camel_case_labels ... ok
test crystal_ui::quest_targets::tests::nearest_target_is_selected_for_the_requested_quest ... ok
test crystal_ui::quest_targets::tests::only_incomplete_in_progress_objectives_mark_targets ... ok
test crystal_ui::select::tests::class_and_gender_map_to_crystal_preview_bases ... ok
test crystal_ui::select::tests::crystal_last_access_formats_binary_datetime_and_preserves_never ... ok
test crystal_ui::select::tests::crystal_vertical_centered_text_uses_the_source_control_alignment ... ok
test crystal_ui::select::tests::first_preview_frame_applies_crystal_use_offset_anchor ... ok
test crystal_ui::select::tests::layered_crystal_previews_have_one_shared_clock_driver ... ok
test crystal_ui::select::tests::preview_frame_paths_cover_the_resident_crystal_animation_set ... ok
test crystal_ui::select::tests::slot_frame_maps_class_and_selection_state ... ok
test crystal_ui::spec::tests::character_select_always_exposes_four_slots_and_five_bottom_buttons ... ok
test crystal_ui::spec::tests::character_slot_frames_follow_crystal_class_and_selection_rule ... ok
test crystal_ui::spec::tests::login_panel_and_controls_match_crystal_absolute_coordinates ... ok
test crystal_ui::spec::tests::native_hud_uses_full_width_main_chat_and_minimap_frames ... ok
test crystal_ui::spec::tests::safe_key_panel_and_controls_match_input_key_dialog_source ... ok
test crystal_ui::typography::tests::crystal_default_matches_source_arial_eight_point_at_96_dpi ... ok
test crystal_ui::widget::tests::captured_hint_survives_rebuilt_target_without_rehiding_identical_text ... ok
test crystal_ui::widget::tests::disabled_state_uses_normal_frame_path ... ok
test crystal_ui::widget::tests::explicit_disabled_asset_overrides_normal_frame_path ... ok
test crystal_ui::widget::tests::hint_overlay_shows_only_one_hovered_nonempty_hint_and_preserves_layout_when_hidden ... ok
test crystal_ui::widget::tests::hint_position_matches_crystal_offset_and_clamps_all_edges ... ok
test crystal_ui::widget::tests::hint_position_uses_current_window_logical_bounds ... ok
test crystal_ui::widget::tests::hit_testing_uses_control_rect_not_intrinsic_image_size ... ok
test crystal_ui::widget::tests::oversized_button_art_stays_anchored_to_control_origin ... ok
test crystal_ui::widget::tests::position_system_never_revives_a_hidden_overlay_without_a_hover_target ... ok
test crystal_ui::widget::tests::rebuilt_button_picking_honors_clipped_grandparent_and_override_clip ... ok
test crystal_ui::widget::tests::rich_item_hint_keeps_children_across_renderer_entity_churn ... ok
test crystal_ui::widget::tests::rich_item_hint_remains_active_while_the_item_cell_is_pressed ... ok
test crystal_ui::widget::tests::visual_state_prefers_pressed_then_hover_then_focus ... ok
test entities::tests::accent_color_is_deterministic_per_name ... ok
test entities::tests::body_size_grows_with_level ... ok
test entities::tests::entity_index_keys_by_object_id ... ok
test entities::tests::existing_entity_transform_tracks_later_snapshots ... ok
test entities::tests::kinds_have_distinct_palette ... ok
test game_shop::tests::bounded_pages_keep_products_after_the_first_24_selectable ... ok
test game_shop::tests::disabled_reason_distinguishes_currency_stock_and_selection ... ok
test game_shop::tests::malformed_catalog_and_early_stock_streams_remain_bounded ... ok
test game_shop::tests::one_hundred_five_products_accumulate_in_gindex_order_and_duplicate_upsert ... ok
test game_shop::tests::purchase_guard_checks_payment_stock_class_balance_and_overflow ... ok
test game_shop::tests::quantity_and_stock_follow_crystal_bounds ... ok
test game_shop::tests::receipt_exact_match_releases_pending_and_late_receipt_does_not ... ok
test game_shop::tests::request_sequence_exhaustion_fails_closed_instead_of_repeating ... ok
test game_shop::tests::session_clear_removes_server_catalog_and_transient_selection ... ok
test game_shop::tests::shared_ui_and_model_mirror_the_same_request_exactly ... ok
test game_shop::tests::terminal_session_reset_marks_lost_purchase_unknown_without_replay ... ok
test game_shop::tests::upsert_is_keyed_by_authoritative_game_shop_index ... ok
test hero_model::tests::auto_pot_echo_uses_crystal_stats_and_switching_identity_invalidates_pending_generation ... ok
test hero_model::tests::early_actor_is_applied_only_after_exact_hero_information_and_identity_match ... ok
test hero_model::tests::full_bootstrap_and_live_health_are_independent_of_player_data ... ok
test hero_model::tests::hero_cast_clock_reanchors_negative_elapsed_without_restarting_cooldown ... ok
test hero_model::tests::hero_receipt_uses_exact_actor_epoch_keys_and_preserves_zero_zero_source_routing ... ok
test hero_model::tests::item_result_receipt_marks_each_operation_but_not_later_snapshots_or_health ... ok
test hud::tests::hp_and_mp_fills_use_crystal_bar_colors ... ok
test hud::tests::hud_label_falls_back_when_name_missing ... ok
test hud::tests::hud_label_includes_name_level_gold_and_bars ... ok
test inventory::tests::concrete_item_image_preserves_non_amulets_unknown_shapes_and_zero_stack_size ... ok
test inventory::tests::concrete_item_image_uses_current_count_and_base_info_not_tooltip_or_viewer_variant ... ok
test inventory::tests::concrete_zero_image_requires_source_info_and_ignores_names_or_stale_icons ... ok
test inventory::tests::crystal_stack_label_uses_source_stack_size_including_one_without_inventing_legacy_counts ... ok
test inventory::tests::crystal_tooltip_source_json_preserves_catalogue_instance_and_socket_metadata ... ok
test inventory::tests::inventory_capacity_is_authoritative_and_legacy_json_fails_closed ... ok
test inventory::tests::items_are_grouped_by_container_and_sorted_by_slot ... ok
test inventory::tests::legacy_item_json_and_full_metadata_are_both_compatible ... ok
test inventory::tests::legacy_item_json_without_instance_id_remains_compatible_but_unaddressable ... ok
test inventory::tests::panel_renders_bag_item_names_and_quantities ... ok
test inventory::tests::summary_is_compact_and_deterministic ... ok
test mail::tests::mail_claim_and_delete_rules ... ok
test mail::tests::mail_deserialization_is_backward_compatible_and_bounded ... ok
test mail::tests::mail_pages_are_ten_rows_and_clamp_after_refresh_delete ... ok
test mail::tests::serde_roundtrip ... ok
test mail::tests::stale_mail_selection_fails_closed ... ok
test mail::tests::user_item_metadata_roundtrips_without_string_loss ... ok
test map::tests::colors_are_deterministic_and_bounded ... ok
test map::tests::later_patch_wins_over_later_when_overlapping ... ok
test map::tests::overlapping_patches_render_one_tile_and_later_patch_wins ... ok
test map::tests::terrain_lookup_returns_kind_inside_patch ... ok
test map::tests::tile_world_conversion_flips_y ... ok
test native_shell::tests::account_registration_stays_on_login_and_surfaces_authoritative_result ... ok
test native_shell::tests::change_password_banned_is_not_treated_as_success ... ok
test native_shell::tests::change_password_requires_account_and_matching_valid_fields ... ok
test native_shell::tests::character_create_can_be_cancelled_without_gateway_success ... ok
test native_shell::tests::character_delete_updates_selection ... ok
test native_shell::tests::create_character_success_transitions_back_to_select ... ok
test native_shell::tests::debug_output_never_contains_password_and_login_clears_it ... ok
test native_shell::tests::delete_confirmation_is_local_and_second_confirm_is_rejected ... ok
test native_shell::tests::disconnect_and_retry_returns_to_connecting ... ok
test native_shell::tests::disconnect_does_not_auto_reconnect_without_retry ... ok
test native_shell::tests::disconnect_during_door_cannot_later_reveal_stale_characters ... ok
test native_shell::tests::duplicate_and_late_login_registration_receipts_are_ignored ... ok
test native_shell::tests::empty_roster_is_supported_after_login_success ... ok
test native_shell::tests::in_game_disconnect_clears_password_and_session_payload ... ok
test native_shell::tests::in_game_logout_clears_password_and_does_not_auto_retry ... ok
test native_shell::tests::logged_out_returns_to_login_with_server_roster ... ok
test native_shell::tests::login_door_uses_original_frames_and_blocks_start_until_completion ... ok
test native_shell::tests::login_failure_then_disconnect_retry ... ok
test native_shell::tests::login_flow_transitions_to_character_select_after_success ... ok
test native_shell::tests::missing_fields_are_rejected_for_login ... ok
test native_shell::tests::operation_failure_returns_starting_game_to_character_select ... ok
test native_shell::tests::ordinary_player_bootstrap_requires_accepted_start_game_ack ... ok
test native_shell::tests::registration_and_login_failure_receipts_are_operation_scoped_in_either_order ... ok
test native_shell::tests::registration_and_login_receipts_are_operation_scoped_in_either_order ... ok
test native_shell::tests::safe_key_permutation_is_deterministic_and_complete ... ok
test native_shell::tests::select_and_start_only_allow_valid_indices ... ok
test native_shell::tests::start_game_ack_does_not_enter_game ... ok
test native_shell::tests::start_game_ack_fact_is_reset_for_new_entry_logout_and_disconnect ... ok
test native_shell_ui::tests::auxiliary_fields_reject_invalid_name_and_password_characters ... ok
test native_shell_ui::tests::change_password_submit_intent_contains_authoritative_account_and_all_fields ... ok
test native_shell_ui::tests::composed_text_does_not_turn_control_shortcuts_into_text ... ok
test native_shell_ui::tests::connection_lost_dialog_uses_crystal_message_box_and_ok_button_geometry ... ok
test native_shell_ui::tests::connection_notice_collapses_localized_socket_text_to_a_bounded_summary ... ok
test native_shell_ui::tests::connection_notice_truncation_is_unicode_safe ... ok
test native_shell_ui::tests::delete_click_and_cancel_enqueue_no_gateway_packet ... ok
test native_shell_ui::tests::different_gateway_commands_are_not_swallowed_by_a_nonempty_queue ... ok
test native_shell_ui::tests::door_waits_for_all_frames_then_updates_the_real_background_handle ... ok
test native_shell_ui::tests::draining_does_not_reopen_a_request_before_its_ack ... ok
test native_shell_ui::tests::duplicate_register_click_is_rejected_after_queue_drain_without_logging_password ... ok
test native_shell_ui::tests::empty_composed_text_uses_logical_character_fallback ... ok
test native_shell_ui::tests::focus_cycles_are_consistent ... ok
test native_shell_ui::tests::logical_character_fallback_does_not_turn_control_shortcuts_into_text ... ok
test native_shell_ui::tests::login_system_applies_an_entire_rapid_character_batch_in_one_update ... ok
test native_shell_ui::tests::login_system_honors_backspace_and_delete_repeat_messages ... ok
test native_shell_ui::tests::masks_password_without_plain_chars ... ok
test native_shell_ui::tests::new_character_class_and_gender_choices_are_limited_to_existing_backend_flow ... ok
test native_shell_ui::tests::new_character_uses_crystal_geometry_assets_and_supported_control_bounds ... ok
test native_shell_ui::tests::operation_failure_releases_register_and_login_for_recovery ... ok
test native_shell_ui::tests::printable_chars_filter_control_chars ... ok
test native_shell_ui::tests::rapid_keyboard_batch_consumes_text_and_logical_character_fallbacks_in_order ... ok
test native_shell_ui::tests::repeated_character_create_submission_is_not_queued_twice ... ok
test native_shell_ui::tests::rotates_class_and_gender_choices_and_dedups_gateway_intent_queue ... ok
test native_shell_ui::tests::single_event_can_carry_multiple_composed_characters ... ok
test options_effects::hero_buff_source_preferences::original_save_mirrors_player_expansion_under_hero_key_without_mutating_live_option ... ok
test options_effects::tests::all_crystal_option_and_highlight_fields_round_trip_through_persistence ... ok
test options_effects::tests::apply_consumes_audio_window_and_persistence_effects ... ok
test options_effects::tests::corrupt_primary_falls_back_to_backup_then_defaults ... ok
test options_effects::tests::options_drain_is_bounded_per_update ... ok
test options_effects::tests::persisted_payload_contains_only_non_secret_allow_list ... ok
test options_effects::tests::repeated_identical_effects_are_idempotent_and_non_option_effects_survive ... ok
test options_effects::tests::startup_loads_persisted_options_and_applies_window_mode ... ok
test options_effects::tests::version_one_options_upgrade_with_crystal_defaults ... ok
test options_effects::tests::version_two_options_upgrade_with_highlight_target_enabled ... ok
test pending_operations::native_ui_tests::account_a_to_b_reset_clears_ui_tracking_targets_and_unforwarded_intents ... ok
test pending_operations::native_ui_tests::dangerous_intent_queue_blocks_double_press_and_distinct_mail_ids ... ok
test pending_operations::native_ui_tests::leaving_in_game_requests_session_reset_without_a_timeout ... ok
test pending_operations::native_ui_tests::shell_boundary_does_not_duplicate_an_already_ingested_session_reset ... ok
test pending_operations::tests::cash_game_shop_refresh_is_diagnostic_only_without_request_id ... ok
test pending_operations::tests::decoded_refresh_advances_revisions_but_never_unlocks_any_domain ... ok
test pending_operations::tests::delete_receipt_releases_only_matching_instance_and_count ... ok
test pending_operations::tests::exact_ack_or_nack_releases_only_the_correlated_inventory_key ... ok
test pending_operations::tests::exact_duplicates_are_blocked_but_distinct_resources_are_not_merged ... ok
test pending_operations::tests::inventory_refresh_releases_only_exact_drop_move_merge_split_and_sell_evidence ... ok
test pending_operations::tests::legacy_storage_ack_does_not_release_v2_pending ... ok
test pending_operations::tests::mail_refresh_releases_only_proven_read_claim_and_delete_keys ... ok
test pending_operations::tests::mail_result_releases_success_and_failure_without_refresh_guessing ... ok
test pending_operations::tests::pending_operations_are_bounded_and_fail_closed ... ok
test pending_operations::tests::preserving_reset_keeps_only_exact_game_shop_key_for_receipt_ingest ... ok
test pending_operations::tests::quest_ack_and_nack_release_only_the_exact_submission ... ok
test pending_operations::tests::quest_refresh_releases_abandon_only_after_authoritative_lifecycle_change ... ok
test pending_operations::tests::quest_refresh_releases_only_the_quest_with_a_proven_lifecycle_change ... ok
test pending_operations::tests::sell_nack_releases_only_matching_item_and_count ... ok
test pending_operations::tests::session_reset_clears_pending_without_claiming_success ... ok
test pending_operations::tests::shop_refresh_proves_finite_stock_buy_but_not_unlimited_or_repair ... ok
test pending_operations::tests::storage_ack_and_nack_release_only_the_correlatable_operation ... ok
test pending_operations::tests::storage_ack_never_releases_the_other_transfer_kind ... ok
test pending_operations::tests::storage_ack_releases_at_most_one_legacy_duplicate_slot ... ok
test pending_operations::tests::storage_failed_ack_releases_one_and_repeated_ack_is_noop ... ok
test pending_operations::tests::storage_refresh_requires_exact_transfer_or_metadata_transition ... ok
test pending_operations::tests::storage_request_id_generation_is_monotonic_and_fails_closed_on_overflow ... ok
test pending_operations::tests::storage_transfer_registration_rejects_same_coordinates_with_different_ids ... ok
test pending_operations::tests::storage_transfer_slot_reuse_after_ack_releases_only_the_current_pending ... ok
test pending_operations::tests::storage_v2_ack_releases_exact_request_only_even_for_same_coordinates ... ok
test pending_operations::tests::trade_merge_inventory_deltas_never_substitute_for_matching_ack ... ok
test pending_operations::tests::unchanged_inventory_snapshot_does_not_unlock_move_or_split ... ok
test quest_guidance::tests::configured_order_precedes_unconfigured_server_order ... ok
test quest_guidance::tests::crystal_mode_is_the_default_and_unknown_values_are_ignored ... ok
test quest_guidance::tests::newcomer_profile_loads_unique_classified_entries ... ok
test quest_journey::tests::bundled_profile_has_six_contiguous_chapters_through_level_thirty ... ok
test quest_journey::tests::chapter_progress_uses_only_authoritative_completed_ids ... ok
test quest_journey::tests::class_hint_is_presentation_text_and_never_a_completion_signal ... ok
test quest_journey::tests::completed_full_class_route_is_a_graduated_journey_even_when_overleveled ... ok
test quest_journey::tests::crystal_mode_has_no_journey_projection ... ok
test quest_journey::tests::diary_accept_and_finish_take_priority_over_npc_fallbacks ... ok
test quest_journey::tests::extra_experience_does_not_skip_an_unfinished_earlier_chapter_quest ... ok
test quest_journey::tests::main_step_prefers_turn_in_and_does_not_promote_optional_teaching_quest ... ok
test quest_journey::tests::next_step_objective_collapses_multiline_server_text_to_one_layout_line ... ok
test quest_journey::tests::next_step_omits_fixed_items_with_zero_authoritative_quantity ... ok
test quest_journey::tests::next_step_uses_reviewed_location_when_giver_is_outside_live_entities ... ok
test quest_journey::tests::unknown_history_keeps_an_active_earlier_chapter_visible_when_overleveled ... ok
test quest_model::tests::authoritative_quest_apply_change_complete_and_remove_work ... ok
test quest_model::tests::completed_history_distinguishes_unknown_empty_and_authoritative_ids ... ok
test quest_model::tests::dialog_updates_replace_then_close_cleanly ... ok
test quest_model::tests::no_duplicate_quest_entry_after_apply_or_upsert ... ok
test quest_model::tests::pickup_feedback_keeps_recent_list_and_preserves_label ... ok
test quest_model::tests::progress_and_completion_reward_labels_are_stable ... ok
test quest_model::tests::target_hp_is_clamped_and_displayed ... ok
test quest_model::tests::unknown_quest_status_and_npc_text_are_preserved ... ok
test quest_ui::tests::abandon_button_requires_yes_and_preserves_quest_id ... ok
test quest_ui::tests::abandon_is_allowed_for_both_current_quest_states ... ok
test quest_ui::tests::accept_and_finish_enabled_logic ... ok
test quest_ui::tests::action_to_intent_preserves_payload ... ok
test quest_ui::tests::back_history_removes_stale_quest_operation_links ... ok
test quest_ui::tests::blocks_gameplay_when_modal_open ... ok
test quest_ui::tests::combat_target_panel_uses_compact_crystal_safe_geometry ... ok
test quest_ui::tests::compact_native_labels_are_bounded_and_keep_quantities ... ok
test quest_ui::tests::crystal_quest_diary_assets_are_source_bound_and_non_placeholder ... ok
test quest_ui::tests::diary_right_click_toggles_tracking_without_opening_detail ... ok
test quest_ui::tests::disabled_npc_option_rejects_a_stale_button_event ... ok
test quest_ui::tests::escape_closes_npc_dialog_and_queues_authoritative_exit ... ok
test quest_ui::tests::escape_closes_quest_without_falling_through_to_menu ... ok
test quest_ui::tests::explicit_starter_dialog_links_map_to_exact_quest_actions ... ok
test quest_ui::tests::fixed_and_selectable_quest_rewards_are_both_rich_hover_targets ... ok
test quest_ui::tests::full_queue_reports_pickup_not_queued_instead_of_success ... ok
test quest_ui::tests::helper_queue_keeps_zero_id_payloads ... ok
test quest_ui::tests::input_blocking_prevents_world_shortcuts_when_quest_log_open ... ok
test quest_ui::tests::intent_queue_keeps_oldest_fifo_and_reports_rejected_overflow ... ok
test quest_ui::tests::is_quest_log_open_reads_the_single_source ... ok
test quest_ui::tests::newcomer_detail_wraps_hint_into_scrollable_logical_lines ... ok
test quest_ui::tests::newcomer_diary_accept_and_finish_work_without_an_npc_dialog ... ok
test quest_ui::tests::newcomer_diary_authority_requires_explicit_zero_template_indices ... ok
test quest_ui::tests::newcomer_diary_lists_only_explicitly_authorized_available_quests ... ok
test quest_ui::tests::newcomer_diary_preserves_server_cadence_over_static_category ... ok
test quest_ui::tests::newcomer_hides_only_fixed_zero_rewards_and_keeps_choice_indices ... ok
test quest_ui::tests::newcomer_sorting_is_shared_and_prioritizes_ready_quests ... ok
test quest_ui::tests::newcomer_tracker_hides_behind_open_windows_without_changing_crystal_tracker ... ok
test quest_ui::tests::npc_dialog_click_pushes_history_and_close_clears ... ok
test quest_ui::tests::npc_dialog_nav_push_pop_and_return ... ok
test quest_ui::tests::npc_dialog_pages_keep_all_service_links_inside_the_content_area ... ok
test quest_ui::tests::npc_dialog_wrap_prefers_words_and_hard_breaks_weighted_text ... ok
test quest_ui::tests::npc_list_accept_after_stale_previous_dialog_emits_selected_quest ... ok
test quest_ui::tests::npc_list_accept_is_bound_to_current_npc_and_available_quest ... ok
test quest_ui::tests::npc_list_message_omits_progress_and_uses_finish_copy_at_distinct_npc ... ok
test quest_ui::tests::npc_quest_list_assets_and_geometry_match_crystal_source ... ok
test quest_ui::tests::npc_quest_membership_and_five_row_selection_follow_current_npc ... ok
test quest_ui::tests::npc_quest_operations_accept_crystal_runtime_link_forms ... ok
test quest_ui::tests::pickup_button_requires_a_current_authoritative_ground_object ... ok
test quest_ui::tests::plugin_schedule_supports_repeated_authoritative_panel_refreshes ... ok
test quest_ui::tests::quest_detail_assets_and_geometry_match_crystal_source ... ok
test quest_ui::tests::quest_detail_preserves_source_sections_and_independent_window_state ... ok
test quest_ui::tests::quest_diary_contains_only_current_quests_and_preserves_source_group_order ... ok
test quest_ui::tests::quest_diary_geometry_matches_crystal_source_at_100_125_and_150_percent ... ok
test quest_ui::tests::quest_diary_groups_expand_by_default_and_toggle_locally ... ok
test quest_ui::tests::quest_finish_enabled_requires_reward_selection_when_needed ... ok
test quest_ui::tests::quest_log_accept_without_exact_dialog_is_rejected_locally ... ok
test quest_ui::tests::quest_log_filter_and_page_state_reset_selection_without_touching_authority ... ok
test quest_ui::tests::quest_log_open_close_via_q_and_escape ... ok
test quest_ui::tests::quest_message_box_geometry_and_copy_match_crystal_source ... ok
test quest_ui::tests::quest_operations_deduplicate_until_authoritative_quest_refresh ... ok
test quest_ui::tests::quest_selection_updates_state_and_clears_reward ... ok
test quest_ui::tests::queue_is_empty_after_draining ... ok
test quest_ui::tests::real_click_accept_quest_produces_intent_and_feedback ... ok
test quest_ui::tests::real_click_finish_without_reward_selection_is_blocked ... ok
test quest_ui::tests::retry_saturation_returns_every_dropped_intent_for_pending_release ... ok
test quest_ui::tests::reward_selection_is_required_only_for_selectable_item_rewards ... ok
test quest_ui::tests::select_quest_and_track_flow ... ok
test quest_ui::tests::stale_target_click_cannot_emit_attack_intent ... ok
test quest_ui::tests::tile_pickup_button_requires_an_authoritative_tile_entry ... ok
test quest_ui::tests::tracker_has_no_implicit_fallback_when_nothing_is_tracked ... ok
test quest_ui::tests::tracker_uses_explicit_order_and_ignores_non_current_entries ... ok
test quest_ui::tests::tracking_sets_feedback_and_state ... ok
test quest_ui::tests::tracking_toggle_preserves_order_caps_five_and_removes ... ok
test quest_ui::tests::unknown_combat_target_health_has_no_zero_bar_or_zero_label ... ok
test quest_ui::tests::wrapped_text_and_disabled_action_hitboxes_keep_their_bounds ... ok
test read_model::tests::hp_and_mp_bars_normalize_to_clamped_fractions ... ok
test read_model::tests::overfull_and_negative_values_clamp ... ok
test read_model::tests::wing_effect_round_trips_without_defaulting_missing_authority ... ok
test read_model::tests::zero_or_negative_max_produces_empty_bar ... ok
test shop::pearl_tests::pearl_catalog_uses_pearls_without_spending_gold_for_ui_validation ... ok
test shop::tests::buy_disabled_when_not_enough_gold_or_stock ... ok
test shop::tests::legacy_service_mode_json_keeps_default_capability_fallbacks ... ok
test shop::tests::malformed_repair_signal_fails_closed ... ok
test shop::tests::quantity_clamping ... ok
test shop::tests::sell_requires_bag_item ... ok
test shop::tests::serde_roundtrip ... ok
test shop::tests::service_modes_are_authoritative_and_buy_sell_can_be_combined ... ok
test skill_binding_persistence::tests::corrupt_primary_then_backup_then_defaults ... ok
test skill_binding_persistence::tests::deserialize_keeps_the_existing_bounded_sanitizing_contract ... ok
test skill_binding_persistence::tests::failed_persist_is_observable_and_does_not_commit_cache ... ok
test skill_binding_persistence::tests::roundtrip_uses_primary_and_resets_transient_ui_state ... ok
test skill_binding_persistence::tests::runtime_persist_is_idempotent_and_exposes_success ... ok
test skill_binding_persistence::tests::serialized_payload_is_only_the_bindings_allow_list ... ok
test skill_binding_persistence::tests::startup_system_loads_resource_and_plugin_registers_resources ... ok
test skill_binding_ui::tests::assigning_an_occupied_slot_rebinds_both_sides_uniquely ... ok
test skill_binding_ui::tests::assignment_is_gated_by_assign_key_and_slot_range ... ok
test skill_binding_ui::tests::global_file_cannot_override_same_skill_id_in_another_character ... ok
test skill_binding_ui::tests::merge_changes_only_hotkey_for_known_skill ... ok
test skill_binding_ui::tests::missing_binding_row_is_added_without_touching_known_skill_data ... ok
test skill_binding_ui::tests::refresh_imports_server_keys_and_removes_stale_entries ... ok
test skill_binding_ui::tests::refresh_scans_later_learned_skill_for_explicit_server_hotkey ... ok
test skill_binding_ui::tests::selection_requires_a_learned_skill ... ok
test skill_binding_ui::tests::serde_round_trip_and_invalid_disk_state_are_bounded ... ok
test skill_binding_ui::tests::unknown_binding_fails_closed_during_assignment_and_merge ... ok
test skill_model::tests::cooldown_and_mp_metadata_survive_deserialization ... ok
test skill_model::tests::duplicate_hotkey_uses_first_learned_entry_and_does_not_duplicate_loser ... ok
test skill_model::tests::explicit_experience_sidecar_overrides_only_fields_it_supplies ... ok
test skill_model::tests::invalid_explicit_hotkeys_fail_closed_instead_of_filling_shortcuts ... ok
test skill_model::tests::learned_skills_and_bindings_share_one_deterministic_bound ... ok
test skill_model::tests::missing_hotkeys_remain_unassigned ... ok
test skill_model::tests::name_and_key_only_skill_has_no_authoritative_spell_for_f1 ... ok
test skill_model::tests::only_explicit_server_hotkeys_are_resolved ... ok
test skill_model::tests::original_skill_experience_is_optional_and_round_trips_without_fabrication ... ok
test skill_model::tests::oversized_skill_and_sidecar_payloads_keep_the_same_prefix_and_order ... ok
test skill_model::tests::rich_server_skill_json_is_backward_compatible_and_selectable ... ok
test skill_model::tests::toggle_definition_and_authoritative_enabled_state_remain_independent ... ok
test skill_model::tests::unknown_or_missing_cast_kind_fails_closed ... ok
test social::tests::a_different_inviter_supersedes_only_the_old_acceptance ... ok
test social::tests::empty_guild_status_is_authoritative_leave_and_releases_guild_pending ... ok
test social::tests::every_authoritative_group_and_guild_operation_releases_only_on_matching_state ... ok
test social::tests::failed_or_unrelated_trade_packets_do_not_fake_completion ... ok
test social::tests::group_invite_accept_is_correlated_and_allows_second_invite ... ok
test social::tests::group_roster_is_bounded_and_leader_is_authoritative ... ok
test social::tests::guild_invite_duplicate_and_roster_transition_are_idempotent ... ok
test social::tests::guild_notice_receipt_does_not_optimistically_replace_content ... ok
test social::tests::guild_packets_accept_server_packet_snake_case_and_camel_case_compatibility ... ok
test social::tests::guild_permissions_follow_wire_bits_and_matching_rank_options ... ok
test social::tests::guild_rank_change_with_empty_member_name_releases_exact_pending ... ok
test social::tests::guild_storage_packets_are_bounded_correlated_and_authoritative ... ok
test social::tests::invite_failure_is_exactly_correlated_and_can_retry ... ok
test social::tests::malformed_and_oversized_social_packets_fail_closed ... ok
test social::tests::out_of_order_snapshot_does_not_release_unacknowledged_trade_or_group_work ... ok
test social::tests::pending_is_not_cleared_by_unchanged_snapshot_but_is_cleared_by_matching_event ... ok
test social::tests::reset_clears_models_and_pending ... ok
test social::tests::scene_reset_preserves_social_models_but_session_reset_clears_them ... ok
test social::tests::trade_deposit_and_retrieve_ack_match_packet_and_both_slots ... ok
test social::trade_source_tests::trade_completion_and_terminal_cancel_reset_both_sides_and_only_trade_pending ... ok
test social::trade_source_tests::trade_equal_guest_offer_packets_still_release_local_lock_but_not_own_gold_request ... ok
test social::trade_source_tests::trade_malformed_packets_are_transactional_and_do_not_advance_revision ... ok
test social::trade_source_tests::trade_matching_failure_is_a_cell_unlock_not_an_item_success ... ok
test social::trade_source_tests::trade_new_owner_clears_previous_offer_but_duplicate_accept_retains_current_offer ... ok
test social::trade_source_tests::trade_own_gold_request_requires_exact_same_exchange_snapshot_delta ... ok
test social::trade_source_tests::trade_same_partner_new_exchange_cannot_acknowledge_an_old_own_offer ... ok
test social::trade_source_tests::trade_unlock_is_not_cancel_and_keeps_offers_partner_and_unrelated_pending ... ok
test social::trade_source_tests::trade_wire_sparse_slots_are_not_compacted_and_zero_count_is_not_invented ... ok
test storage::tests::crystal_storage_is_two_real_ten_by_eight_pages ... ok
test storage::tests::deposit_requires_unlocked_and_free_slot ... ok
test storage::tests::serde_roundtrip ... ok
test storage::tests::storage_occupied_and_free ... ok
test storage::tests::storage_selection_requires_exact_slot_and_unique_id ... ok
test storage::tests::storage_serde_defaults_and_bounds_legacy_payloads ... ok

test result: ok. 849 passed; 0 failed; 0 ignored; 0 measured; 0 filtered out; finished in 4.10s

