=== incoming_item_tree_paths_normalize_nested_ids_and_remain_save_load_stable ===
warning: unused import: `super::skills::crystal_magic_damage`
  --> apps\simulation\src\runtime\hero_ai.rs:53:5
   |
53 | use super::skills::crystal_magic_damage;
   |     ^^^^^^^^^^^^^^^^^^^^^^^^^^^^^^^^^^^
   |
   = note: `#[warn(unused_imports)]` (part of `#[warn(unused)]`) on by default

warning: unused import: `hero_registry_scan::validate_shared_hero_physical_custody`
  --> apps\simulation\src\runtime\mod.rs:22:16
   |
22 | pub(crate) use hero_registry_scan::validate_shared_hero_physical_custody;
   |                ^^^^^^^^^^^^^^^^^^^^^^^^^^^^^^^^^^^^^^^^^^^^^^^^^^^^^^^^^

warning: unused import: `HeroInventoryResource`
  --> apps\simulation\src\runtime\items.rs:58:19
   |
58 |     BuffResource, HeroInventoryResource, InventoryResource, PlayerPermissionResource,
   |                   ^^^^^^^^^^^^^^^^^^^^^

warning: unused import: `hero_inventory_crystal_stat_total`
  --> apps\simulation\src\runtime\packets.rs:72:22
   |
72 | use super::hero_ai::{hero_inventory_crystal_stat_total, hero_inventory_equipment_slots};
   |                      ^^^^^^^^^^^^^^^^^^^^^^^^^^^^^^^^^

warning: unused import: `crystal_quest_info_by_id`
   --> apps\simulation\src\runtime\packets.rs:108:5
    |
108 |     crystal_quest_info_by_id, crystal_quest_reward_selection_missing,
    |     ^^^^^^^^^^^^^^^^^^^^^^^^

warning: unused import: `intelligent_creature_default_rules`
   --> apps\simulation\src\runtime\packets.rs:125:5
    |
125 |     intelligent_creature_default_rules, is_in_world, mark_crystal_packet_action,
    |     ^^^^^^^^^^^^^^^^^^^^^^^^^^^^^^^^^^

warning: unused imports: `ZoneExperienceProfile` and `ZoneGuildExperienceMembership`
 --> apps\simulation\src\runtime\zone\mod.rs:6:22
  |
6 | pub use experience::{ZoneExperienceProfile,ZoneExperienceSelection,ZoneGuildExperienceMembership};
  |                      ^^^^^^^^^^^^^^^^^^^^^                         ^^^^^^^^^^^^^^^^^^^^^^^^^^^^^

warning: use of deprecated method `bevy_ecs::world::World::iter_entities`: use world.query::<EntityRef>()` instead
  --> apps\simulation\src\runtime\hero_cast.rs:61:22
   |
61 |     let target=world.iter_entities().find_map(|entry| {
   |                      ^^^^^^^^^^^^^
   |
   = note: `#[warn(deprecated)]` on by default

warning: use of deprecated method `bevy_ecs::world::World::iter_entities`: use world.query::<EntityRef>()` instead
   --> apps\simulation\src\runtime\monster_ai\great_fox_spirit.rs:163:28
    |
163 |     for candidate in world.iter_entities() {
    |                            ^^^^^^^^^^^^^

warning: use of deprecated method `bevy_ecs::world::World::iter_entities`: use world.query::<EntityRef>()` instead
    --> apps\simulation\src\runtime\packets.rs:7786:25
     |
7786 |     for entity in world.iter_entities() {
     |                         ^^^^^^^^^^^^^

warning: use of deprecated method `bevy_ecs::world::World::iter_entities`: use world.query::<EntityRef>()` instead
    --> apps\simulation\src\runtime\skills.rs:5013:10
     |
5013 |         .iter_entities()
     |          ^^^^^^^^^^^^^

warning: use of deprecated method `bevy_ecs::world::World::iter_entities`: use world.query::<EntityRef>()` instead
    --> apps\simulation\src\runtime\skills.rs:5096:10
     |
5096 |         .iter_entities()
     |          ^^^^^^^^^^^^^

warning: type `HeroSourceVersions` is more private than the item `config::AccountStoreRepositorySave::heroes`
   --> apps\simulation\src\config.rs:777:5
    |
777 |     pub(crate) heroes: hero_registry::HeroSourceVersions,
    |     ^^^^^^^^^^^^^^^^^^^^^^^^^^^^^^^^^^^^^^^^^^^^^^^^^^^^ field `config::AccountStoreRepositorySave::heroes` is reachable at visibility `pub(crate)`
    |
note: but type `HeroSourceVersions` is only usable at visibility `pub(in crate::config)`
   --> apps\simulation\src\config_hero_registry.rs:93:1
    |
 93 | pub(super) struct HeroSourceVersions {
    | ^^^^^^^^^^^^^^^^^^^^^^^^^^^^^^^^^^^^
    = note: `#[warn(private_interfaces)]` on by default

warning: type `ZoneCombatEntityRef` is more private than the item `tree_queen_ai::TreeQueenRoot::source_ref`
  --> apps\simulation\src\runtime\zone\runtime\tree_queen_ai.rs:39:5
   |
39 |     pub source_ref: Option<ZoneCombatEntityRef>,
   |     ^^^^^^^^^^^^^^^^^^^^^^^^^^^^^^^^^^^^^^^^^^^ field `tree_queen_ai::TreeQueenRoot::source_ref` is reachable at visibility `pub(in crate::runtime::zone)`
   |
note: but type `ZoneCombatEntityRef` is only usable at visibility `pub(in crate::runtime::zone::runtime)`
  --> apps\simulation\src\runtime\zone\runtime\entity_combat.rs:7:1
   |
 7 | pub(super) enum ZoneCombatEntityRef {
   | ^^^^^^^^^^^^^^^^^^^^^^^^^^^^^^^^^^^

warning: type `ZoneCombatEntityRef` is more private than the item `EvilMirState::target_ref`
  --> apps\simulation\src\runtime\zone\runtime\evil_mir_ai.rs:11:5
   |
11 |     pub target_ref: Option<ZoneCombatEntityRef>,
   |     ^^^^^^^^^^^^^^^^^^^^^^^^^^^^^^^^^^^^^^^^^^^ field `EvilMirState::target_ref` is reachable at visibility `pub(in crate::runtime::zone)`
   |
note: but type `ZoneCombatEntityRef` is only usable at visibility `pub(in crate::runtime::zone::runtime)`
  --> apps\simulation\src\runtime\zone\runtime\entity_combat.rs:7:1
   |
 7 | pub(super) enum ZoneCombatEntityRef {
   | ^^^^^^^^^^^^^^^^^^^^^^^^^^^^^^^^^^^

warning: type `ZoneCombatEntityRef` is more private than the item `EvilMirPendingSource::source`
  --> apps\simulation\src\runtime\zone\runtime\evil_mir_ai.rs:20:5
   |
20 |     pub source: ZoneCombatEntityRef,
   |     ^^^^^^^^^^^^^^^^^^^^^^^^^^^^^^^ field `EvilMirPendingSource::source` is reachable at visibility `pub(in crate::runtime::zone)`
   |
note: but type `ZoneCombatEntityRef` is only usable at visibility `pub(in crate::runtime::zone::runtime)`
  --> apps\simulation\src\runtime\zone\runtime\entity_combat.rs:7:1
   |
 7 | pub(super) enum ZoneCombatEntityRef {
   | ^^^^^^^^^^^^^^^^^^^^^^^^^^^^^^^^^^^

warning: type `ZoneCombatEntityRef` is more private than the item `GreatFoxState::target_ref`
  --> apps\simulation\src\runtime\zone\runtime\great_fox_ai.rs:15:5
   |
15 |     pub target_ref: Option<ZoneCombatEntityRef>,
   |     ^^^^^^^^^^^^^^^^^^^^^^^^^^^^^^^^^^^^^^^^^^^ field `GreatFoxState::target_ref` is reachable at visibility `pub(in crate::runtime::zone)`
   |
note: but type `ZoneCombatEntityRef` is only usable at visibility `pub(in crate::runtime::zone::runtime)`
  --> apps\simulation\src\runtime\zone\runtime\entity_combat.rs:7:1
   |
 7 | pub(super) enum ZoneCombatEntityRef {
   | ^^^^^^^^^^^^^^^^^^^^^^^^^^^^^^^^^^^

warning: type `ZoneCombatEntityRef` is more private than the item `GreatFoxHit::source_ref`
  --> apps\simulation\src\runtime\zone\runtime\great_fox_ai.rs:42:5
   |
42 |     pub source_ref: Option<ZoneCombatEntityRef>,
   |     ^^^^^^^^^^^^^^^^^^^^^^^^^^^^^^^^^^^^^^^^^^^ field `GreatFoxHit::source_ref` is reachable at visibility `pub(in crate::runtime::zone)`
   |
note: but type `ZoneCombatEntityRef` is only usable at visibility `pub(in crate::runtime::zone::runtime)`
  --> apps\simulation\src\runtime\zone\runtime\entity_combat.rs:7:1
   |
 7 | pub(super) enum ZoneCombatEntityRef {
   | ^^^^^^^^^^^^^^^^^^^^^^^^^^^^^^^^^^^

warning: type `ZoneCombatEntityRef` is more private than the item `GreatFoxHit::target_ref`
  --> apps\simulation\src\runtime\zone\runtime\great_fox_ai.rs:44:5
   |
44 |     pub target_ref: Option<ZoneCombatEntityRef>,
   |     ^^^^^^^^^^^^^^^^^^^^^^^^^^^^^^^^^^^^^^^^^^^ field `GreatFoxHit::target_ref` is reachable at visibility `pub(in crate::runtime::zone)`
   |
note: but type `ZoneCombatEntityRef` is only usable at visibility `pub(in crate::runtime::zone::runtime)`
  --> apps\simulation\src\runtime\zone\runtime\entity_combat.rs:7:1
   |
 7 | pub(super) enum ZoneCombatEntityRef {
   | ^^^^^^^^^^^^^^^^^^^^^^^^^^^^^^^^^^^

warning: type `ZoneCombatEntityRef` is more private than the item `HornedEncounterState::target_ref`
  --> apps\simulation\src\runtime\zone\runtime\horned_encounter_ai.rs:12:5
   |
12 |     pub target_ref: Option<ZoneCombatEntityRef>,
   |     ^^^^^^^^^^^^^^^^^^^^^^^^^^^^^^^^^^^^^^^^^^^ field `HornedEncounterState::target_ref` is reachable at visibility `pub(in crate::runtime::zone)`
   |
note: but type `ZoneCombatEntityRef` is only usable at visibility `pub(in crate::runtime::zone::runtime)`
  --> apps\simulation\src\runtime\zone\runtime\entity_combat.rs:7:1
   |
 7 | pub(super) enum ZoneCombatEntityRef {
   | ^^^^^^^^^^^^^^^^^^^^^^^^^^^^^^^^^^^

warning: type `ZoneCombatEntityRef` is more private than the item `HornedEncounterHit::source_ref`
  --> apps\simulation\src\runtime\zone\runtime\horned_encounter_ai.rs:38:5
   |
38 |     pub source_ref: Option<ZoneCombatEntityRef>,
   |     ^^^^^^^^^^^^^^^^^^^^^^^^^^^^^^^^^^^^^^^^^^^ field `HornedEncounterHit::source_ref` is reachable at visibility `pub(in crate::runtime::zone)`
   |
note: but type `ZoneCombatEntityRef` is only usable at visibility `pub(in crate::runtime::zone::runtime)`
  --> apps\simulation\src\runtime\zone\runtime\entity_combat.rs:7:1
   |
 7 | pub(super) enum ZoneCombatEntityRef {
   | ^^^^^^^^^^^^^^^^^^^^^^^^^^^^^^^^^^^

warning: type `ZoneCombatEntityRef` is more private than the item `HornedEncounterHit::target_ref`
  --> apps\simulation\src\runtime\zone\runtime\horned_encounter_ai.rs:41:5
   |
41 |     pub target_ref: Option<ZoneCombatEntityRef>,
   |     ^^^^^^^^^^^^^^^^^^^^^^^^^^^^^^^^^^^^^^^^^^^ field `HornedEncounterHit::target_ref` is reachable at visibility `pub(in crate::runtime::zone)`
   |
note: but type `ZoneCombatEntityRef` is only usable at visibility `pub(in crate::runtime::zone::runtime)`
  --> apps\simulation\src\runtime\zone\runtime\entity_combat.rs:7:1
   |
 7 | pub(super) enum ZoneCombatEntityRef {
   | ^^^^^^^^^^^^^^^^^^^^^^^^^^^^^^^^^^^

warning: type `ZoneCombatEntityRef` is more private than the item `HornedMapSpell::source_ref`
  --> apps\simulation\src\runtime\zone\runtime\horned_encounter_ai.rs:60:5
   |
60 |     pub source_ref: Option<ZoneCombatEntityRef>,
   |     ^^^^^^^^^^^^^^^^^^^^^^^^^^^^^^^^^^^^^^^^^^^ field `HornedMapSpell::source_ref` is reachable at visibility `pub(in crate::runtime::zone)`
   |
note: but type `ZoneCombatEntityRef` is only usable at visibility `pub(in crate::runtime::zone::runtime)`
  --> apps\simulation\src\runtime\zone\runtime\entity_combat.rs:7:1
   |
 7 | pub(super) enum ZoneCombatEntityRef {
   | ^^^^^^^^^^^^^^^^^^^^^^^^^^^^^^^^^^^

warning: type `ZoneCombatEntityRef` is more private than the item `HornedState::target_ref`
  --> apps\simulation\src\runtime\zone\runtime\horned_ai.rs:14:5
   |
14 |     pub target_ref: Option<ZoneCombatEntityRef>,
   |     ^^^^^^^^^^^^^^^^^^^^^^^^^^^^^^^^^^^^^^^^^^^ field `HornedState::target_ref` is reachable at visibility `pub(in crate::runtime::zone)`
   |
note: but type `ZoneCombatEntityRef` is only usable at visibility `pub(in crate::runtime::zone::runtime)`
  --> apps\simulation\src\runtime\zone\runtime\entity_combat.rs:7:1
   |
 7 | pub(super) enum ZoneCombatEntityRef {
   | ^^^^^^^^^^^^^^^^^^^^^^^^^^^^^^^^^^^

warning: type `ZoneCombatEntityRef` is more private than the item `HornedHit::source_ref`
  --> apps\simulation\src\runtime\zone\runtime\horned_ai.rs:28:5
   |
28 |     pub source_ref: Option<ZoneCombatEntityRef>,
   |     ^^^^^^^^^^^^^^^^^^^^^^^^^^^^^^^^^^^^^^^^^^^ field `HornedHit::source_ref` is reachable at visibility `pub(in crate::runtime::zone)`
   |
note: but type `ZoneCombatEntityRef` is only usable at visibility `pub(in crate::runtime::zone::runtime)`
  --> apps\simulation\src\runtime\zone\runtime\entity_combat.rs:7:1
   |
 7 | pub(super) enum ZoneCombatEntityRef {
   | ^^^^^^^^^^^^^^^^^^^^^^^^^^^^^^^^^^^

warning: type `ZoneCombatEntityRef` is more private than the item `HornedHit::target_ref`
  --> apps\simulation\src\runtime\zone\runtime\horned_ai.rs:30:5
   |
30 |     pub target_ref: Option<ZoneCombatEntityRef>,
   |     ^^^^^^^^^^^^^^^^^^^^^^^^^^^^^^^^^^^^^^^^^^^ field `HornedHit::target_ref` is reachable at visibility `pub(in crate::runtime::zone)`
   |
note: but type `ZoneCombatEntityRef` is only usable at visibility `pub(in crate::runtime::zone::runtime)`
  --> apps\simulation\src\runtime\zone\runtime\entity_combat.rs:7:1
   |
 7 | pub(super) enum ZoneCombatEntityRef {
   | ^^^^^^^^^^^^^^^^^^^^^^^^^^^^^^^^^^^

warning: type `ZoneCombatEntityRef` is more private than the item `HellState::explosion_source_ref`
  --> apps\simulation\src\runtime\zone\runtime\hell_ai.rs:14:5
   |
14 |     pub explosion_source_ref: Option<ZoneCombatEntityRef>,
   |     ^^^^^^^^^^^^^^^^^^^^^^^^^^^^^^^^^^^^^^^^^^^^^^^^^^^^^ field `HellState::explosion_source_ref` is reachable at visibility `pub(in crate::runtime::zone)`
   |
note: but type `ZoneCombatEntityRef` is only usable at visibility `pub(in crate::runtime::zone::runtime)`
  --> apps\simulation\src\runtime\zone\runtime\entity_combat.rs:7:1
   |
 7 | pub(super) enum ZoneCombatEntityRef {
   | ^^^^^^^^^^^^^^^^^^^^^^^^^^^^^^^^^^^

warning: type `ZoneCombatEntityRef` is more private than the item `SpiderAiState::parent_ref`
  --> apps\simulation\src\runtime\zone\runtime\spider_ai.rs:40:5
   |
40 |     pub parent_ref: Option<ZoneCombatEntityRef>,
   |     ^^^^^^^^^^^^^^^^^^^^^^^^^^^^^^^^^^^^^^^^^^^ field `SpiderAiState::parent_ref` is reachable at visibility `pub(in crate::runtime::zone)`
   |
note: but type `ZoneCombatEntityRef` is only usable at visibility `pub(in crate::runtime::zone::runtime)`
  --> apps\simulation\src\runtime\zone\runtime\entity_combat.rs:7:1
   |
 7 | pub(super) enum ZoneCombatEntityRef {
   | ^^^^^^^^^^^^^^^^^^^^^^^^^^^^^^^^^^^

warning: type `ZoneCombatEntityRef` is more private than the item `PendingRootSpiderSpawn::source`
  --> apps\simulation\src\runtime\zone\runtime\spider_ai.rs:52:5
   |
52 |     pub source: Option<ZoneCombatEntityRef>,
   |     ^^^^^^^^^^^^^^^^^^^^^^^^^^^^^^^^^^^^^^^ field `PendingRootSpiderSpawn::source` is reachable at visibility `pub(in crate::runtime::zone)`
   |
note: but type `ZoneCombatEntityRef` is only usable at visibility `pub(in crate::runtime::zone::runtime)`
  --> apps\simulation\src\runtime\zone\runtime\entity_combat.rs:7:1
   |
 7 | pub(super) enum ZoneCombatEntityRef {
   | ^^^^^^^^^^^^^^^^^^^^^^^^^^^^^^^^^^^

warning: type `ZoneCombatEntityRef` is more private than the item `PendingRootSpiderSpawn::target`
  --> apps\simulation\src\runtime\zone\runtime\spider_ai.rs:54:5
   |
54 |     pub target: Option<ZoneCombatEntityRef>,
   |     ^^^^^^^^^^^^^^^^^^^^^^^^^^^^^^^^^^^^^^^ field `PendingRootSpiderSpawn::target` is reachable at visibility `pub(in crate::runtime::zone)`
   |
note: but type `ZoneCombatEntityRef` is only usable at visibility `pub(in crate::runtime::zone::runtime)`
  --> apps\simulation\src\runtime\zone\runtime\entity_combat.rs:7:1
   |
 7 | pub(super) enum ZoneCombatEntityRef {
   | ^^^^^^^^^^^^^^^^^^^^^^^^^^^^^^^^^^^

warning: methods `scoped_to_account` and `scoped_to_accounts` are never used
   --> apps\simulation\src\config.rs:292:8
    |
159 | impl AccountStore {
    | ----------------- methods in this implementation
...
292 |     fn scoped_to_account(&self, account_id: &str) -> Self {
    |        ^^^^^^^^^^^^^^^^^
...
296 |     fn scoped_to_accounts(&self, account_ids: &[&str]) -> Self {
    |        ^^^^^^^^^^^^^^^^^^
    |
    = note: `#[warn(dead_code)]` (part of `#[warn(unused)]`) on by default

warning: variant `AccountsWithHeroes` is never constructed
   --> apps\simulation\src\config.rs:373:5
    |
370 | enum AccountStoreMutationScope<'a> {
    |      ------------------------- variant in this enum
...
373 |     AccountsWithHeroes { account_ids: &'a [String], hero_ids: &'a [i32], allocate: bool },
    |     ^^^^^^^^^^^^^^^^^^
    |
    = note: `AccountStoreMutationScope` has derived impls for the traits `Clone` and `Debug`, but these are intentionally ignored during dead code analysis

warning: field `admitted_minutes` is never read
  --> apps\simulation\src\config_guild_clock_transactions.rs:13:9
   |
 6 | pub(in crate::config) struct GuildClockCommitReceipt {
   |                              ----------------------- field in this struct
...
13 |     pub admitted_minutes: u64,
   |         ^^^^^^^^^^^^^^^^
   |
   = note: `GuildClockCommitReceipt` has derived impls for the traits `Clone` and `Debug`, but these are intentionally ignored during dead code analysis

warning: function `commit_postgres_tick` is never used
  --> apps\simulation\src\config_guild_clock_transactions.rs:17:26
   |
17 | pub(in crate::config) fn commit_postgres_tick(
   |                          ^^^^^^^^^^^^^^^^^^^^

warning: function `commit_postgres_tick_checked` is never used
  --> apps\simulation\src\config_guild_clock_transactions.rs:24:26
   |
24 | pub(in crate::config) fn commit_postgres_tick_checked(
   |                          ^^^^^^^^^^^^^^^^^^^^^^^^^^^^

warning: method `item_identity_path` is never used
   --> apps\simulation\src\config_file_authority.rs:102:19
    |
 99 | impl FileAuthority {
    | ------------------ method in this implementation
...
102 |     pub(super) fn item_identity_path(&self, config: &SimulationConfig) -> Result<PathBuf, String> {
    |                   ^^^^^^^^^^^^^^^^^^

warning: method `refresh_shared_hero_authority` is never used
 --> apps\simulation\src\config_hero_authority.rs:8:19
  |
7 | impl SimulationConfig {
  | --------------------- method in this implementation
8 |     pub(crate) fn refresh_shared_hero_authority(&self)->Result<(),String>{
  |                   ^^^^^^^^^^^^^^^^^^^^^^^^^^^^^

warning: method `shared_guild_authority_snapshot` is never used
   --> apps\simulation\src\config_shared_guilds.rs:845:19
    |
844 | impl SimulationConfig {
    | --------------------- method in this implementation
845 |     pub(crate) fn shared_guild_authority_snapshot(
    |                   ^^^^^^^^^^^^^^^^^^^^^^^^^^^^^^^

warning: variant `MacAgility` is never constructed
   --> apps\simulation\src\runtime\combat.rs:776:5
    |
769 | pub(super) enum CrystalDefence {
    |                 -------------- variant in this enum
...
776 |     MacAgility,
    |     ^^^^^^^^^^
    |
    = note: `CrystalDefence` has derived impls for the traits `Debug` and `Clone`, but these are intentionally ignored during dead code analysis

warning: constant `CRYSTAL_BAG_WEIGHT_LIMIT` is never used
  --> apps\simulation\src\runtime\drops.rs:70:18
   |
70 | pub(super) const CRYSTAL_BAG_WEIGHT_LIMIT: u32 = 100;
   |                  ^^^^^^^^^^^^^^^^^^^^^^^^

warning: function `resolved_monster_drop_templates_at_tick` is never used
   --> apps\simulation\src\runtime\drops.rs:464:15
    |
464 | pub(super) fn resolved_monster_drop_templates_at_tick(
    |               ^^^^^^^^^^^^^^^^^^^^^^^^^^^^^^^^^^^^^^^

warning: function `crystal_monster_drop_templates` is never used
   --> apps\simulation\src\runtime\drops.rs:535:15
    |
535 | pub(super) fn crystal_monster_drop_templates(
    |               ^^^^^^^^^^^^^^^^^^^^^^^^^^^^^^

warning: function `crystal_resolve_group_drop` is never used
   --> apps\simulation\src\runtime\drops.rs:610:15
    |
610 | pub(super) fn crystal_resolve_group_drop(
    |               ^^^^^^^^^^^^^^^^^^^^^^^^^^

warning: function `crystal_drop_entry_should_drop` is never used
   --> apps\simulation\src\runtime\drops.rs:665:15
    |
665 | pub(super) fn crystal_drop_entry_should_drop(
    |               ^^^^^^^^^^^^^^^^^^^^^^^^^^^^^^

warning: method `socketed_count` is never used
   --> apps\simulation\src\runtime\equipment.rs:303:19
    |
119 | impl EquipmentState {
    | ------------------- method in this implementation
...
303 |     pub(super) fn socketed_count(&self) -> usize {
    |                   ^^^^^^^^^^^^^^

warning: function `equipment_state_identified` is never used
   --> apps\simulation\src\runtime\equipment.rs:308:15
    |
308 | pub(super) fn equipment_state_identified(item: &EquipmentState) -> bool {
    |               ^^^^^^^^^^^^^^^^^^^^^^^^^^

warning: function `equipment_state_soul_bound_id` is never used
   --> apps\simulation\src\runtime\equipment.rs:313:15
    |
313 | pub(super) fn equipment_state_soul_bound_id(item: &EquipmentState) -> i32 {
    |               ^^^^^^^^^^^^^^^^^^^^^^^^^^^^^

warning: function `hero_inventory_equipment_slot` is never used
   --> apps\simulation\src\runtime\hero_ai.rs:180:4
    |
180 | fn hero_inventory_equipment_slot(item: &ItemState) -> Option<EquipmentSlot> {
    |    ^^^^^^^^^^^^^^^^^^^^^^^^^^^^^

warning: function `hero_inventory_item_is_broken` is never used
   --> apps\simulation\src\runtime\hero_ai.rs:185:4
    |
185 | fn hero_inventory_item_is_broken(item: &ItemState) -> bool {
    |    ^^^^^^^^^^^^^^^^^^^^^^^^^^^^^

warning: function `hero_inventory_item_modeled_base_stat` is never used
   --> apps\simulation\src\runtime\hero_ai.rs:189:4
    |
189 | fn hero_inventory_item_modeled_base_stat(item: &ItemState, stat: u8) -> i32 {
    |    ^^^^^^^^^^^^^^^^^^^^^^^^^^^^^^^^^^^^^

warning: function `hero_inventory_item_crystal_stat` is never used
   --> apps\simulation\src\runtime\hero_ai.rs:197:4
    |
197 | fn hero_inventory_item_crystal_stat(item: &ItemState, stat: u8) -> i32 {
    |    ^^^^^^^^^^^^^^^^^^^^^^^^^^^^^^^^

warning: function `hero_inventory_crystal_stat_total` is never used
   --> apps\simulation\src\runtime\hero_ai.rs:214:15
    |
214 | pub(super) fn hero_inventory_crystal_stat_total(world: &World, stat: u8) -> i32 {
    |               ^^^^^^^^^^^^^^^^^^^^^^^^^^^^^^^^^

warning: enum `CarrierOrigin` is never used
 --> apps\simulation\src\runtime\hero_registry_carriers.rs:8:17
  |
8 | pub(super) enum CarrierOrigin { External, Hero(i32) }
  |                 ^^^^^^^^^^^^^

warning: struct `HeroCarrierCensus` is never constructed
  --> apps\simulation\src\runtime\hero_registry_carriers.rs:10:19
   |
10 | pub(super) struct HeroCarrierCensus {
   |                   ^^^^^^^^^^^^^^^^^

warning: methods `node`, `record`, `record_unresolved_legacy`, and `validate` are never used
  --> apps\simulation\src\runtime\hero_registry_carriers.rs:15:8
   |
14 | impl HeroCarrierCensus {
   | ---------------------- methods in this implementation
15 |     fn node(&mut self,item:&UserItem,origin:CarrierOrigin)->Result<(),String>{
   |        ^^^^
...
27 |     pub fn record(&mut self,item:&UserItem,origin:CarrierOrigin)->Result<(),String>{
   |            ^^^^^^
...
42 |     pub fn record_unresolved_legacy(&mut self,root:&super::items::ItemState)->Result<(),String>{
   |            ^^^^^^^^^^^^^^^^^^^^^^^^
...
70 |     pub fn validate(&self,heroes:&BTreeMap<i32,SharedHeroRecord>,owned_ids:&BTreeSet<u64>)->Result<(),String>{
   |            ^^^^^^^^

warning: function `decode` is never used
 --> apps\simulation\src\runtime\hero_registry_scan.rs:8:4
  |
8 | fn decode<T:DeserializeOwned>(value:&str)->Result<T,String>{serde_json::from_str(value).map_err(|error|format!("invalid Hero custody ...
  |    ^^^^^^

warning: function `add_wire` is never used
 --> apps\simulation\src\runtime\hero_registry_scan.rs:9:4
  |
9 | fn add_wire(census:&mut HeroCarrierCensus,item:&UserItem,origin:CarrierOrigin,forbidden_bind:u16)->Result<(),String>{
  |    ^^^^^^^^

warning: function `add_items` is never used
  --> apps\simulation\src\runtime\hero_registry_scan.rs:21:4
   |
21 | fn add_items(census:&mut HeroCarrierCensus,encoded:&[String],origin:CarrierOrigin,forbidden:u16)->Result<(),String>{
   |    ^^^^^^^^^

warning: function `add_character` is never used
  --> apps\simulation\src\runtime\hero_registry_scan.rs:32:4
   |
32 | fn add_character(census:&mut HeroCarrierCensus,save:&CharacterSaveRecord,mirrored:bool)->Result<(),String>{
   |    ^^^^^^^^^^^^^

warning: function `validate_shared_hero_physical_custody` is never used
  --> apps\simulation\src\runtime\hero_registry_scan.rs:86:15
   |
86 | pub(crate) fn validate_shared_hero_physical_custody(store:&AccountStore)->Result<(),String>{
   |               ^^^^^^^^^^^^^^^^^^^^^^^^^^^^^^^^^^^^^

warning: function `hero_inventory_item_is_broken` is never used
    --> apps\simulation\src\runtime\items.rs:3452:4
     |
3452 | fn hero_inventory_item_is_broken(item: &ItemState) -> bool {
     |    ^^^^^^^^^^^^^^^^^^^^^^^^^^^^^

warning: function `hero_inventory_requirement_stat` is never used
    --> apps\simulation\src\runtime\items.rs:3456:4
     |
3456 | fn hero_inventory_requirement_stat(item: &ItemState, stat: u8) -> i32 {
     |    ^^^^^^^^^^^^^^^^^^^^^^^^^^^^^^^

warning: function `repair_conquest_asset` is never used
    --> apps\simulation\src\runtime\monsters.rs:1878:15
     |
1878 | pub(super) fn repair_conquest_asset(world: &mut World, ai: u8, asset_id: u8) -> bool {
     |               ^^^^^^^^^^^^^^^^^^^^^

warning: function `crystal_npc_visible_to_character` is never used
   --> apps\simulation\src\runtime\npc.rs:245:15
    |
245 | pub(super) fn crystal_npc_visible_to_character(
    |               ^^^^^^^^^^^^^^^^^^^^^^^^^^^^^^^^

warning: function `complete_quest` is never used
    --> apps\simulation\src\runtime\quests.rs:1030:15
     |
1030 | pub(super) fn complete_quest(world: &mut World, quest_id: i32) {
     |               ^^^^^^^^^^^^^^

warning: function `default_save_for_character` is never used
  --> apps\simulation\src\runtime\save.rs:76:15
   |
76 | pub(super) fn default_save_for_character(
   |               ^^^^^^^^^^^^^^^^^^^^^^^^^^

warning: function `persist_character_save` is never used
   --> apps\simulation\src\runtime\save.rs:921:15
    |
921 | pub(super) fn persist_character_save(
    |               ^^^^^^^^^^^^^^^^^^^^^^

warning: function `bank_mentor_gain` is never used
   --> apps\simulation\src\runtime\shared_relationships.rs:321:15
    |
321 | pub(super) fn bank_mentor_gain(
    |               ^^^^^^^^^^^^^^^^

warning: method `game_shop_buy_product` is never used
    --> apps\simulation\src\runtime\stage5.rs:4304:8
     |
3234 | impl SimulationSession {
     | ---------------------- method in this implementation
...
4304 |     fn game_shop_buy_product(
     |        ^^^^^^^^^^^^^^^^^^^^^

warning: struct `ZoneExperienceProfile` is never constructed
  --> apps\simulation\src\runtime\zone\experience.rs:13:12
   |
13 | pub struct ZoneExperienceProfile {
   |            ^^^^^^^^^^^^^^^^^^^^^

warning: method `select` is never used
  --> apps\simulation\src\runtime\zone\experience.rs:41:19
   |
40 | impl ZoneExperienceProfile {
   | -------------------------- method in this implementation
41 |     pub(super) fn select(
   |                   ^^^^^^

warning: function `hell_can_move` is never used
  --> apps\simulation\src\runtime\zone\runtime\hell_ai.rs:68:15
   |
68 | pub(super) fn hell_can_move(m: &ZoneNativeMonster) -> bool {
   |               ^^^^^^^^^^^^^

warning: function `hell_can_regen` is never used
  --> apps\simulation\src\runtime\zone\runtime\hell_ai.rs:74:15
   |
74 | pub(super) fn hell_can_regen(m: &ZoneNativeMonster) -> bool {
   |               ^^^^^^^^^^^^^^

warning: methods `blocking` and `set_replay_seed` are never used
   --> apps\simulation\src\runtime\zone\intelligent_creatures.rs:183:12
    |
112 | impl ZoneIntelligentCreature {
    | ---------------------------- methods in this implementation
...
183 |     pub fn blocking(&self) -> bool {
    |            ^^^^^^^^
...
187 |     pub fn set_replay_seed(&mut self, seed: u64) {
    |            ^^^^^^^^^^^^^^^

   Compiling mir2-simulation v0.1.0 (E:\mir2-player-journey\mir2-web3\apps\simulation)
warning: `mir2-simulation` (lib) generated 74 warnings (run `cargo fix --lib -p mir2-simulation` to apply 7 suggestions)
warning: unused `Result` that must be used
    --> apps\simulation\tests\hero_ai.rs:1010:5
     |
1010 |     session.save_active_character();
     |     ^^^^^^^^^^^^^^^^^^^^^^^^^^^^^^^
     |
     = note: this `Result` may be an `Err` variant, which should be handled
     = note: `#[warn(unused_must_use)]` (part of `#[warn(unused)]`) on by default
help: use `let _ = ...` to ignore the resulting value
     |
1010 |     let _ = session.save_active_character();
     |     +++++++

warning: unused `Result` that must be used
   --> apps\simulation\tests\platinum_176_progression.rs:898:5
    |
898 |     first.save_active_character();
    |     ^^^^^^^^^^^^^^^^^^^^^^^^^^^^^
    |
    = note: this `Result` may be an `Err` variant, which should be handled
    = note: `#[warn(unused_must_use)]` (part of `#[warn(unused)]`) on by default
help: use `let _ = ...` to ignore the resulting value
    |
898 |     let _ = first.save_active_character();
    |     +++++++

warning: `mir2-simulation` (test "hero_ai") generated 1 warning
warning: `mir2-simulation` (test "platinum_176_progression") generated 1 warning
warning: function `fixture` is never used
  --> apps\simulation\tests\shared_monster_pet_special_ai.rs:68:4
   |
68 | fn fixture(id: u32, ai: u8, hp: i32, name: &str) -> ZoneRuntime {
   |    ^^^^^^^
   |
   = note: `#[warn(dead_code)]` (part of `#[warn(unused)]`) on by default

warning: function `join` is never used
  --> apps\simulation\tests\shared_monster_snake_totem_ai.rs:10:4
   |
10 | fn join(z: &mut ZoneRuntime, name: &str, id: u32, pos: Point, dc: i32) {
   |    ^^^^
   |
   = note: `#[warn(dead_code)]` (part of `#[warn(unused)]`) on by default

warning: function `fixture` is never used
  --> apps\simulation\tests\shared_monster_snake_totem_ai.rs:68:4
   |
68 | fn fixture(id: u32, ai: u8, hp: i32, name: &str) -> ZoneRuntime {
   |    ^^^^^^^

warning: `mir2-simulation` (test "shared_monster_pet_special_ai") generated 1 warning
warning: `mir2-simulation` (test "shared_monster_snake_totem_ai") generated 2 warnings
warning: unused import: `ZoneExperienceProfile`
 --> apps\simulation\src\runtime\zone\mod.rs:6:22
  |
6 | pub use experience::{ZoneExperienceProfile,ZoneExperienceSelection,ZoneGuildExperienceMembership};
  |                      ^^^^^^^^^^^^^^^^^^^^^

warning: use of deprecated method `bevy_ecs::world::World::iter_entities`: use world.query::<EntityRef>()` instead
  --> apps\simulation\src\runtime\hero_cast.rs:99:27
   |
99 |         let monster=world.iter_entities().find(|e|e.get::<Monster>().is_some()).unwrap().id();
   |                           ^^^^^^^^^^^^^

warning: type `hero_registry::HeroSourceVersions` is more private than the item `config::AccountStoreRepositorySave::heroes`
   --> apps\simulation\src\config.rs:777:5
    |
777 |     pub(crate) heroes: hero_registry::HeroSourceVersions,
    |     ^^^^^^^^^^^^^^^^^^^^^^^^^^^^^^^^^^^^^^^^^^^^^^^^^^^^ field `config::AccountStoreRepositorySave::heroes` is reachable at visibility `pub(crate)`
    |
note: but type `hero_registry::HeroSourceVersions` is only usable at visibility `pub(in crate::config)`
   --> apps\simulation\src\config_hero_registry.rs:93:1
    |
 93 | pub(super) struct HeroSourceVersions {
    | ^^^^^^^^^^^^^^^^^^^^^^^^^^^^^^^^^^^^
    = note: `#[warn(private_interfaces)]` on by default

warning: type `entity_combat::ZoneCombatEntityRef` is more private than the item `tree_queen_ai::TreeQueenRoot::source_ref`
  --> apps\simulation\src\runtime\zone\runtime\tree_queen_ai.rs:39:5
   |
39 |     pub source_ref: Option<ZoneCombatEntityRef>,
   |     ^^^^^^^^^^^^^^^^^^^^^^^^^^^^^^^^^^^^^^^^^^^ field `tree_queen_ai::TreeQueenRoot::source_ref` is reachable at visibility `pub(in crate::runtime::zone)`
   |
note: but type `entity_combat::ZoneCombatEntityRef` is only usable at visibility `pub(in crate::runtime::zone::runtime)`
  --> apps\simulation\src\runtime\zone\runtime\entity_combat.rs:7:1
   |
 7 | pub(super) enum ZoneCombatEntityRef {
   | ^^^^^^^^^^^^^^^^^^^^^^^^^^^^^^^^^^^

warning: type `entity_combat::ZoneCombatEntityRef` is more private than the item `EvilMirState::target_ref`
  --> apps\simulation\src\runtime\zone\runtime\evil_mir_ai.rs:11:5
   |
11 |     pub target_ref: Option<ZoneCombatEntityRef>,
   |     ^^^^^^^^^^^^^^^^^^^^^^^^^^^^^^^^^^^^^^^^^^^ field `EvilMirState::target_ref` is reachable at visibility `pub(in crate::runtime::zone)`
   |
note: but type `entity_combat::ZoneCombatEntityRef` is only usable at visibility `pub(in crate::runtime::zone::runtime)`
  --> apps\simulation\src\runtime\zone\runtime\entity_combat.rs:7:1
   |
 7 | pub(super) enum ZoneCombatEntityRef {
   | ^^^^^^^^^^^^^^^^^^^^^^^^^^^^^^^^^^^

warning: type `entity_combat::ZoneCombatEntityRef` is more private than the item `EvilMirPendingSource::source`
  --> apps\simulation\src\runtime\zone\runtime\evil_mir_ai.rs:20:5
   |
20 |     pub source: ZoneCombatEntityRef,
   |     ^^^^^^^^^^^^^^^^^^^^^^^^^^^^^^^ field `EvilMirPendingSource::source` is reachable at visibility `pub(in crate::runtime::zone)`
   |
note: but type `entity_combat::ZoneCombatEntityRef` is only usable at visibility `pub(in crate::runtime::zone::runtime)`
  --> apps\simulation\src\runtime\zone\runtime\entity_combat.rs:7:1
   |
 7 | pub(super) enum ZoneCombatEntityRef {
   | ^^^^^^^^^^^^^^^^^^^^^^^^^^^^^^^^^^^

warning: type `entity_combat::ZoneCombatEntityRef` is more private than the item `GreatFoxState::target_ref`
  --> apps\simulation\src\runtime\zone\runtime\great_fox_ai.rs:15:5
   |
15 |     pub target_ref: Option<ZoneCombatEntityRef>,
   |     ^^^^^^^^^^^^^^^^^^^^^^^^^^^^^^^^^^^^^^^^^^^ field `GreatFoxState::target_ref` is reachable at visibility `pub(in crate::runtime::zone)`
   |
note: but type `entity_combat::ZoneCombatEntityRef` is only usable at visibility `pub(in crate::runtime::zone::runtime)`
  --> apps\simulation\src\runtime\zone\runtime\entity_combat.rs:7:1
   |
 7 | pub(super) enum ZoneCombatEntityRef {
   | ^^^^^^^^^^^^^^^^^^^^^^^^^^^^^^^^^^^

warning: type `entity_combat::ZoneCombatEntityRef` is more private than the item `GreatFoxHit::source_ref`
  --> apps\simulation\src\runtime\zone\runtime\great_fox_ai.rs:42:5
   |
42 |     pub source_ref: Option<ZoneCombatEntityRef>,
   |     ^^^^^^^^^^^^^^^^^^^^^^^^^^^^^^^^^^^^^^^^^^^ field `GreatFoxHit::source_ref` is reachable at visibility `pub(in crate::runtime::zone)`
   |
note: but type `entity_combat::ZoneCombatEntityRef` is only usable at visibility `pub(in crate::runtime::zone::runtime)`
  --> apps\simulation\src\runtime\zone\runtime\entity_combat.rs:7:1
   |
 7 | pub(super) enum ZoneCombatEntityRef {
   | ^^^^^^^^^^^^^^^^^^^^^^^^^^^^^^^^^^^

warning: type `entity_combat::ZoneCombatEntityRef` is more private than the item `GreatFoxHit::target_ref`
  --> apps\simulation\src\runtime\zone\runtime\great_fox_ai.rs:44:5
   |
44 |     pub target_ref: Option<ZoneCombatEntityRef>,
   |     ^^^^^^^^^^^^^^^^^^^^^^^^^^^^^^^^^^^^^^^^^^^ field `GreatFoxHit::target_ref` is reachable at visibility `pub(in crate::runtime::zone)`
   |
note: but type `entity_combat::ZoneCombatEntityRef` is only usable at visibility `pub(in crate::runtime::zone::runtime)`
  --> apps\simulation\src\runtime\zone\runtime\entity_combat.rs:7:1
   |
 7 | pub(super) enum ZoneCombatEntityRef {
   | ^^^^^^^^^^^^^^^^^^^^^^^^^^^^^^^^^^^

warning: type `entity_combat::ZoneCombatEntityRef` is more private than the item `HornedEncounterState::target_ref`
  --> apps\simulation\src\runtime\zone\runtime\horned_encounter_ai.rs:12:5
   |
12 |     pub target_ref: Option<ZoneCombatEntityRef>,
   |     ^^^^^^^^^^^^^^^^^^^^^^^^^^^^^^^^^^^^^^^^^^^ field `HornedEncounterState::target_ref` is reachable at visibility `pub(in crate::runtime::zone)`
   |
note: but type `entity_combat::ZoneCombatEntityRef` is only usable at visibility `pub(in crate::runtime::zone::runtime)`
  --> apps\simulation\src\runtime\zone\runtime\entity_combat.rs:7:1
   |
 7 | pub(super) enum ZoneCombatEntityRef {
   | ^^^^^^^^^^^^^^^^^^^^^^^^^^^^^^^^^^^

warning: type `entity_combat::ZoneCombatEntityRef` is more private than the item `HornedEncounterHit::source_ref`
  --> apps\simulation\src\runtime\zone\runtime\horned_encounter_ai.rs:38:5
   |
38 |     pub source_ref: Option<ZoneCombatEntityRef>,
   |     ^^^^^^^^^^^^^^^^^^^^^^^^^^^^^^^^^^^^^^^^^^^ field `HornedEncounterHit::source_ref` is reachable at visibility `pub(in crate::runtime::zone)`
   |
note: but type `entity_combat::ZoneCombatEntityRef` is only usable at visibility `pub(in crate::runtime::zone::runtime)`
  --> apps\simulation\src\runtime\zone\runtime\entity_combat.rs:7:1
   |
 7 | pub(super) enum ZoneCombatEntityRef {
   | ^^^^^^^^^^^^^^^^^^^^^^^^^^^^^^^^^^^

warning: type `entity_combat::ZoneCombatEntityRef` is more private than the item `HornedEncounterHit::target_ref`
  --> apps\simulation\src\runtime\zone\runtime\horned_encounter_ai.rs:41:5
   |
41 |     pub target_ref: Option<ZoneCombatEntityRef>,
   |     ^^^^^^^^^^^^^^^^^^^^^^^^^^^^^^^^^^^^^^^^^^^ field `HornedEncounterHit::target_ref` is reachable at visibility `pub(in crate::runtime::zone)`
   |
note: but type `entity_combat::ZoneCombatEntityRef` is only usable at visibility `pub(in crate::runtime::zone::runtime)`
  --> apps\simulation\src\runtime\zone\runtime\entity_combat.rs:7:1
   |
 7 | pub(super) enum ZoneCombatEntityRef {
   | ^^^^^^^^^^^^^^^^^^^^^^^^^^^^^^^^^^^

warning: type `entity_combat::ZoneCombatEntityRef` is more private than the item `HornedMapSpell::source_ref`
  --> apps\simulation\src\runtime\zone\runtime\horned_encounter_ai.rs:60:5
   |
60 |     pub source_ref: Option<ZoneCombatEntityRef>,
   |     ^^^^^^^^^^^^^^^^^^^^^^^^^^^^^^^^^^^^^^^^^^^ field `HornedMapSpell::source_ref` is reachable at visibility `pub(in crate::runtime::zone)`
   |
note: but type `entity_combat::ZoneCombatEntityRef` is only usable at visibility `pub(in crate::runtime::zone::runtime)`
  --> apps\simulation\src\runtime\zone\runtime\entity_combat.rs:7:1
   |
 7 | pub(super) enum ZoneCombatEntityRef {
   | ^^^^^^^^^^^^^^^^^^^^^^^^^^^^^^^^^^^

warning: type `entity_combat::ZoneCombatEntityRef` is more private than the item `HornedState::target_ref`
  --> apps\simulation\src\runtime\zone\runtime\horned_ai.rs:14:5
   |
14 |     pub target_ref: Option<ZoneCombatEntityRef>,
   |     ^^^^^^^^^^^^^^^^^^^^^^^^^^^^^^^^^^^^^^^^^^^ field `HornedState::target_ref` is reachable at visibility `pub(in crate::runtime::zone)`
   |
note: but type `entity_combat::ZoneCombatEntityRef` is only usable at visibility `pub(in crate::runtime::zone::runtime)`
  --> apps\simulation\src\runtime\zone\runtime\entity_combat.rs:7:1
   |
 7 | pub(super) enum ZoneCombatEntityRef {
   | ^^^^^^^^^^^^^^^^^^^^^^^^^^^^^^^^^^^

warning: type `entity_combat::ZoneCombatEntityRef` is more private than the item `HornedHit::source_ref`
  --> apps\simulation\src\runtime\zone\runtime\horned_ai.rs:28:5
   |
28 |     pub source_ref: Option<ZoneCombatEntityRef>,
   |     ^^^^^^^^^^^^^^^^^^^^^^^^^^^^^^^^^^^^^^^^^^^ field `HornedHit::source_ref` is reachable at visibility `pub(in crate::runtime::zone)`
   |
note: but type `entity_combat::ZoneCombatEntityRef` is only usable at visibility `pub(in crate::runtime::zone::runtime)`
  --> apps\simulation\src\runtime\zone\runtime\entity_combat.rs:7:1
   |
 7 | pub(super) enum ZoneCombatEntityRef {
   | ^^^^^^^^^^^^^^^^^^^^^^^^^^^^^^^^^^^

warning: type `entity_combat::ZoneCombatEntityRef` is more private than the item `HornedHit::target_ref`
  --> apps\simulation\src\runtime\zone\runtime\horned_ai.rs:30:5
   |
30 |     pub target_ref: Option<ZoneCombatEntityRef>,
   |     ^^^^^^^^^^^^^^^^^^^^^^^^^^^^^^^^^^^^^^^^^^^ field `HornedHit::target_ref` is reachable at visibility `pub(in crate::runtime::zone)`
   |
note: but type `entity_combat::ZoneCombatEntityRef` is only usable at visibility `pub(in crate::runtime::zone::runtime)`
  --> apps\simulation\src\runtime\zone\runtime\entity_combat.rs:7:1
   |
 7 | pub(super) enum ZoneCombatEntityRef {
   | ^^^^^^^^^^^^^^^^^^^^^^^^^^^^^^^^^^^

warning: type `entity_combat::ZoneCombatEntityRef` is more private than the item `HellState::explosion_source_ref`
  --> apps\simulation\src\runtime\zone\runtime\hell_ai.rs:14:5
   |
14 |     pub explosion_source_ref: Option<ZoneCombatEntityRef>,
   |     ^^^^^^^^^^^^^^^^^^^^^^^^^^^^^^^^^^^^^^^^^^^^^^^^^^^^^ field `HellState::explosion_source_ref` is reachable at visibility `pub(in crate::runtime::zone)`
   |
note: but type `entity_combat::ZoneCombatEntityRef` is only usable at visibility `pub(in crate::runtime::zone::runtime)`
  --> apps\simulation\src\runtime\zone\runtime\entity_combat.rs:7:1
   |
 7 | pub(super) enum ZoneCombatEntityRef {
   | ^^^^^^^^^^^^^^^^^^^^^^^^^^^^^^^^^^^

warning: type `entity_combat::ZoneCombatEntityRef` is more private than the item `SpiderAiState::parent_ref`
  --> apps\simulation\src\runtime\zone\runtime\spider_ai.rs:40:5
   |
40 |     pub parent_ref: Option<ZoneCombatEntityRef>,
   |     ^^^^^^^^^^^^^^^^^^^^^^^^^^^^^^^^^^^^^^^^^^^ field `SpiderAiState::parent_ref` is reachable at visibility `pub(in crate::runtime::zone)`
   |
note: but type `entity_combat::ZoneCombatEntityRef` is only usable at visibility `pub(in crate::runtime::zone::runtime)`
  --> apps\simulation\src\runtime\zone\runtime\entity_combat.rs:7:1
   |
 7 | pub(super) enum ZoneCombatEntityRef {
   | ^^^^^^^^^^^^^^^^^^^^^^^^^^^^^^^^^^^

warning: type `entity_combat::ZoneCombatEntityRef` is more private than the item `PendingRootSpiderSpawn::source`
  --> apps\simulation\src\runtime\zone\runtime\spider_ai.rs:52:5
   |
52 |     pub source: Option<ZoneCombatEntityRef>,
   |     ^^^^^^^^^^^^^^^^^^^^^^^^^^^^^^^^^^^^^^^ field `PendingRootSpiderSpawn::source` is reachable at visibility `pub(in crate::runtime::zone)`
   |
note: but type `entity_combat::ZoneCombatEntityRef` is only usable at visibility `pub(in crate::runtime::zone::runtime)`
  --> apps\simulation\src\runtime\zone\runtime\entity_combat.rs:7:1
   |
 7 | pub(super) enum ZoneCombatEntityRef {
   | ^^^^^^^^^^^^^^^^^^^^^^^^^^^^^^^^^^^

warning: type `entity_combat::ZoneCombatEntityRef` is more private than the item `PendingRootSpiderSpawn::target`
  --> apps\simulation\src\runtime\zone\runtime\spider_ai.rs:54:5
   |
54 |     pub target: Option<ZoneCombatEntityRef>,
   |     ^^^^^^^^^^^^^^^^^^^^^^^^^^^^^^^^^^^^^^^ field `PendingRootSpiderSpawn::target` is reachable at visibility `pub(in crate::runtime::zone)`
   |
note: but type `entity_combat::ZoneCombatEntityRef` is only usable at visibility `pub(in crate::runtime::zone::runtime)`
  --> apps\simulation\src\runtime\zone\runtime\entity_combat.rs:7:1
   |
 7 | pub(super) enum ZoneCombatEntityRef {
   | ^^^^^^^^^^^^^^^^^^^^^^^^^^^^^^^^^^^

warning: function `bootstrap_mirror` is never used
   --> apps\simulation\src\config_item_identity.rs:143:15
    |
143 | pub(super) fn bootstrap_mirror(
    |               ^^^^^^^^^^^^^^^^
    |
    = note: `#[warn(dead_code)]` (part of `#[warn(unused)]`) on by default

warning: function `mirror_client` is never used
   --> apps\simulation\src\config_item_identity.rs:187:4
    |
187 | fn mirror_client(config: &SimulationConfig) -> Result<postgres::Client, String> {
    |    ^^^^^^^^^^^^^

warning: function `reserve_mirror` is never used
   --> apps\simulation\src\config_item_identity.rs:203:15
    |
203 | pub(super) fn reserve_mirror(
    |               ^^^^^^^^^^^^^^

warning: method `record_unresolved_legacy` is never used
  --> apps\simulation\src\runtime\hero_registry_carriers.rs:42:12
   |
14 | impl HeroCarrierCensus {
   | ---------------------- method in this implementation
...
42 |     pub fn record_unresolved_legacy(&mut self,root:&super::items::ItemState)->Result<(),String>{
   |            ^^^^^^^^^^^^^^^^^^^^^^^^

warning: unused `std::result::Result` that must be used
    --> apps\simulation\src\runtime\tests.rs:1697:5
     |
1697 |     sender.save_active_character();
     |     ^^^^^^^^^^^^^^^^^^^^^^^^^^^^^^
     |
     = note: this `Result` may be an `Err` variant, which should be handled
     = note: `#[warn(unused_must_use)]` (part of `#[warn(unused)]`) on by default
help: use `let _ = ...` to ignore the resulting value
     |
1697 |     let _ = sender.save_active_character();
     |     +++++++

warning: unused `std::result::Result` that must be used
    --> apps\simulation\src\runtime\tests.rs:2990:5
     |
2990 |     session.save_active_character();
     |     ^^^^^^^^^^^^^^^^^^^^^^^^^^^^^^^
     |
     = note: this `Result` may be an `Err` variant, which should be handled
help: use `let _ = ...` to ignore the resulting value
     |
2990 |     let _ = session.save_active_character();
     |     +++++++

warning: unused `std::result::Result` that must be used
    --> apps\simulation\src\runtime\tests.rs:3013:5
     |
3013 |     session.save_active_character();
     |     ^^^^^^^^^^^^^^^^^^^^^^^^^^^^^^^
     |
     = note: this `Result` may be an `Err` variant, which should be handled
help: use `let _ = ...` to ignore the resulting value
     |
3013 |     let _ = session.save_active_character();
     |     +++++++

warning: unused `std::result::Result` that must be used
    --> apps\simulation\src\runtime\tests.rs:3103:5
     |
3103 |     first.save_active_character();
     |     ^^^^^^^^^^^^^^^^^^^^^^^^^^^^^
     |
     = note: this `Result` may be an `Err` variant, which should be handled
help: use `let _ = ...` to ignore the resulting value
     |
3103 |     let _ = first.save_active_character();
     |     +++++++

warning: unused `std::result::Result` that must be used
    --> apps\simulation\src\runtime\tests.rs:3167:5
     |
3167 |     session.save_active_character();
     |     ^^^^^^^^^^^^^^^^^^^^^^^^^^^^^^^
     |
     = note: this `Result` may be an `Err` variant, which should be handled
help: use `let _ = ...` to ignore the resulting value
     |
3167 |     let _ = session.save_active_character();
     |     +++++++

warning: unused `std::result::Result` that must be used
    --> apps\simulation\src\runtime\tests.rs:3234:5
     |
3234 |     first.save_active_character();
     |     ^^^^^^^^^^^^^^^^^^^^^^^^^^^^^
     |
     = note: this `Result` may be an `Err` variant, which should be handled
help: use `let _ = ...` to ignore the resulting value
     |
3234 |     let _ = first.save_active_character();
     |     +++++++

warning: unused `std::result::Result` that must be used
    --> apps\simulation\src\runtime\tests.rs:3457:5
     |
3457 |     alpha.save_active_character();
     |     ^^^^^^^^^^^^^^^^^^^^^^^^^^^^^
     |
     = note: this `Result` may be an `Err` variant, which should be handled
help: use `let _ = ...` to ignore the resulting value
     |
3457 |     let _ = alpha.save_active_character();
     |     +++++++

warning: unused `std::result::Result` that must be used
    --> apps\simulation\src\runtime\tests.rs:3458:5
     |
3458 |     beta.save_active_character();
     |     ^^^^^^^^^^^^^^^^^^^^^^^^^^^^
     |
     = note: this `Result` may be an `Err` variant, which should be handled
help: use `let _ = ...` to ignore the resulting value
     |
3458 |     let _ = beta.save_active_character();
     |     +++++++

warning: unused `std::result::Result` that must be used
    --> apps\simulation\src\runtime\tests.rs:6656:5
     |
6656 |     session.save_active_character();
     |     ^^^^^^^^^^^^^^^^^^^^^^^^^^^^^^^
     |
     = note: this `Result` may be an `Err` variant, which should be handled
help: use `let _ = ...` to ignore the resulting value
     |
6656 |     let _ = session.save_active_character();
     |     +++++++

warning: unused `std::result::Result` that must be used
     --> apps\simulation\src\runtime\tests.rs:28407:5
      |
28407 |     session.save_active_character();
      |     ^^^^^^^^^^^^^^^^^^^^^^^^^^^^^^^
      |
      = note: this `Result` may be an `Err` variant, which should be handled
help: use `let _ = ...` to ignore the resulting value
      |
28407 |     let _ = session.save_active_character();
      |     +++++++

warning: unused `std::result::Result` that must be used
     --> apps\simulation\src\runtime\tests.rs:29395:5
      |
29395 |     first.save_active_character();
      |     ^^^^^^^^^^^^^^^^^^^^^^^^^^^^^
      |
      = note: this `Result` may be an `Err` variant, which should be handled
help: use `let _ = ...` to ignore the resulting value
      |
29395 |     let _ = first.save_active_character();
      |     +++++++

warning: unused `std::result::Result` that must be used
     --> apps\simulation\src\runtime\tests.rs:30423:5
      |
30423 |     first.save_active_character();
      |     ^^^^^^^^^^^^^^^^^^^^^^^^^^^^^
      |
      = note: this `Result` may be an `Err` variant, which should be handled
help: use `let _ = ...` to ignore the resulting value
      |
30423 |     let _ = first.save_active_character();
      |     +++++++

warning: unused `std::result::Result` that must be used
     --> apps\simulation\src\runtime\tests.rs:32315:5
      |
32315 |     first.save_active_character();
      |     ^^^^^^^^^^^^^^^^^^^^^^^^^^^^^
      |
      = note: this `Result` may be an `Err` variant, which should be handled
help: use `let _ = ...` to ignore the resulting value
      |
32315 |     let _ = first.save_active_character();
      |     +++++++

warning: unused `std::result::Result` that must be used
     --> apps\simulation\src\runtime\tests.rs:35470:5
      |
35470 |     session.save_active_character();
      |     ^^^^^^^^^^^^^^^^^^^^^^^^^^^^^^^
      |
      = note: this `Result` may be an `Err` variant, which should be handled
help: use `let _ = ...` to ignore the resulting value
      |
35470 |     let _ = session.save_active_character();
      |     +++++++

warning: unused `std::result::Result` that must be used
     --> apps\simulation\src\runtime\tests.rs:42392:5
      |
42392 |     session.save_active_character();
      |     ^^^^^^^^^^^^^^^^^^^^^^^^^^^^^^^
      |
      = note: this `Result` may be an `Err` variant, which should be handled
help: use `let _ = ...` to ignore the resulting value
      |
42392 |     let _ = session.save_active_character();
      |     +++++++

warning: unused `std::result::Result` that must be used
     --> apps\simulation\src\runtime\tests.rs:42717:5
      |
42717 |     session.save_active_character();
      |     ^^^^^^^^^^^^^^^^^^^^^^^^^^^^^^^
      |
      = note: this `Result` may be an `Err` variant, which should be handled
help: use `let _ = ...` to ignore the resulting value
      |
42717 |     let _ = session.save_active_character();
      |     +++++++

warning: unused `std::result::Result` that must be used
     --> apps\simulation\src\runtime\tests.rs:56439:5
      |
56439 |     session.save_active_character();
      |     ^^^^^^^^^^^^^^^^^^^^^^^^^^^^^^^
      |
      = note: this `Result` may be an `Err` variant, which should be handled
help: use `let _ = ...` to ignore the resulting value
      |
56439 |     let _ = session.save_active_character();
      |     +++++++

warning: unused `std::result::Result` that must be used
     --> apps\simulation\src\runtime\tests.rs:57541:5
      |
57541 |     session.save_active_character();
      |     ^^^^^^^^^^^^^^^^^^^^^^^^^^^^^^^
      |
      = note: this `Result` may be an `Err` variant, which should be handled
help: use `let _ = ...` to ignore the resulting value
      |
57541 |     let _ = session.save_active_character();
      |     +++++++

warning: unused `std::result::Result` that must be used
     --> apps\simulation\src\runtime\tests.rs:59093:5
      |
59093 |     session.save_active_character();
      |     ^^^^^^^^^^^^^^^^^^^^^^^^^^^^^^^
      |
      = note: this `Result` may be an `Err` variant, which should be handled
help: use `let _ = ...` to ignore the resulting value
      |
59093 |     let _ = session.save_active_character();
      |     +++++++

warning: unused `std::result::Result` that must be used
     --> apps\simulation\src\runtime\tests.rs:61018:5
      |
61018 |     first.save_active_character();
      |     ^^^^^^^^^^^^^^^^^^^^^^^^^^^^^
      |
      = note: this `Result` may be an `Err` variant, which should be handled
help: use `let _ = ...` to ignore the resulting value
      |
61018 |     let _ = first.save_active_character();
      |     +++++++

warning: unused `std::result::Result` that must be used
     --> apps\simulation\src\runtime\tests.rs:62680:5
      |
62680 |     session.save_active_character();
      |     ^^^^^^^^^^^^^^^^^^^^^^^^^^^^^^^
      |
      = note: this `Result` may be an `Err` variant, which should be handled
help: use `let _ = ...` to ignore the resulting value
      |
62680 |     let _ = session.save_active_character();
      |     +++++++

warning: unused `std::result::Result` that must be used
     --> apps\simulation\src\runtime\tests.rs:63024:5
      |
63024 |     sender.save_active_character();
      |     ^^^^^^^^^^^^^^^^^^^^^^^^^^^^^^
      |
      = note: this `Result` may be an `Err` variant, which should be handled
help: use `let _ = ...` to ignore the resulting value
      |
63024 |     let _ = sender.save_active_character();
      |     +++++++

warning: unused `std::result::Result` that must be used
     --> apps\simulation\src\runtime\tests.rs:63458:5
      |
63458 |     first.save_active_character();
      |     ^^^^^^^^^^^^^^^^^^^^^^^^^^^^^
      |
      = note: this `Result` may be an `Err` variant, which should be handled
help: use `let _ = ...` to ignore the resulting value
      |
63458 |     let _ = first.save_active_character();
      |     +++++++

warning: unused `std::result::Result` that must be used
     --> apps\simulation\src\runtime\tests.rs:63657:5
      |
63657 |     recipient.save_active_character();
      |     ^^^^^^^^^^^^^^^^^^^^^^^^^^^^^^^^^
      |
      = note: this `Result` may be an `Err` variant, which should be handled
help: use `let _ = ...` to ignore the resulting value
      |
63657 |     let _ = recipient.save_active_character();
      |     +++++++

warning: unused `std::result::Result` that must be used
     --> apps\simulation\src\runtime\tests.rs:63775:5
      |
63775 |     recipient.save_active_character();
      |     ^^^^^^^^^^^^^^^^^^^^^^^^^^^^^^^^^
      |
      = note: this `Result` may be an `Err` variant, which should be handled
help: use `let _ = ...` to ignore the resulting value
      |
63775 |     let _ = recipient.save_active_character();
      |     +++++++

warning: unused `std::result::Result` that must be used
     --> apps\simulation\src\runtime\tests.rs:64176:5
      |
64176 |     recipient.save_active_character();
      |     ^^^^^^^^^^^^^^^^^^^^^^^^^^^^^^^^^
      |
      = note: this `Result` may be an `Err` variant, which should be handled
help: use `let _ = ...` to ignore the resulting value
      |
64176 |     let _ = recipient.save_active_character();
      |     +++++++

warning: unused `std::result::Result` that must be used
     --> apps\simulation\src\runtime\tests.rs:64227:5
      |
64227 |     recipient.save_active_character();
      |     ^^^^^^^^^^^^^^^^^^^^^^^^^^^^^^^^^
      |
      = note: this `Result` may be an `Err` variant, which should be handled
help: use `let _ = ...` to ignore the resulting value
      |
64227 |     let _ = recipient.save_active_character();
      |     +++++++

warning: unused `std::result::Result` that must be used
     --> apps\simulation\src\runtime\tests.rs:64237:5
      |
64237 |     recipient.save_active_character();
      |     ^^^^^^^^^^^^^^^^^^^^^^^^^^^^^^^^^
      |
      = note: this `Result` may be an `Err` variant, which should be handled
help: use `let _ = ...` to ignore the resulting value
      |
64237 |     let _ = recipient.save_active_character();
      |     +++++++

warning: unused `std::result::Result` that must be used
     --> apps\simulation\src\runtime\tests.rs:65435:5
      |
65435 |     first.save_active_character();
      |     ^^^^^^^^^^^^^^^^^^^^^^^^^^^^^
      |
      = note: this `Result` may be an `Err` variant, which should be handled
help: use `let _ = ...` to ignore the resulting value
      |
65435 |     let _ = first.save_active_character();
      |     +++++++

warning: unused `std::result::Result` that must be used
     --> apps\simulation\src\runtime\tests.rs:66559:5
      |
66559 |     session.save_active_character();
      |     ^^^^^^^^^^^^^^^^^^^^^^^^^^^^^^^
      |
      = note: this `Result` may be an `Err` variant, which should be handled
help: use `let _ = ...` to ignore the resulting value
      |
66559 |     let _ = session.save_active_character();
      |     +++++++

warning: unused `std::result::Result` that must be used
     --> apps\simulation\src\runtime\tests.rs:70015:5
      |
70015 |     first.save_active_character();
      |     ^^^^^^^^^^^^^^^^^^^^^^^^^^^^^
      |
      = note: this `Result` may be an `Err` variant, which should be handled
help: use `let _ = ...` to ignore the resulting value
      |
70015 |     let _ = first.save_active_character();
      |     +++++++

warning: unused `std::result::Result` that must be used
    --> apps\simulation\src\runtime\stage5.rs:2694:9
     |
2694 |         session_a.save_active_character();
     |         ^^^^^^^^^^^^^^^^^^^^^^^^^^^^^^^^^
     |
     = note: this `Result` may be an `Err` variant, which should be handled
help: use `let _ = ...` to ignore the resulting value
     |
2694 |         let _ = session_a.save_active_character();
     |         +++++++

warning: `mir2-simulation` (lib test) generated 85 warnings (29 duplicates) (run `cargo fix --lib -p mir2-simulation --tests` to apply 1 suggestion)
    Finished `test` profile [unoptimized + debuginfo] target(s) in 19.85s
     Running unittests src\lib.rs (C:/mir2-build/gateway-r48-tests\debug\deps\mir2_simulation-912d116504732e40.exe)

running 1 test
test runtime::session::tests::incoming_item_tree_paths_normalize_nested_ids_and_remain_save_load_stable ... ok

test result: ok. 1 passed; 0 failed; 0 ignored; 0 measured; 1833 filtered out; finished in 4.85s

     Running unittests src\bin\zone_replay.rs (C:/mir2-build/gateway-r48-tests\debug\deps\zone_replay-af9eec6cb96657d5.exe)

running 0 tests

test result: ok. 0 passed; 0 failed; 0 ignored; 0 measured; 0 filtered out; finished in 0.00s

     Running tests\big_map.rs (C:/mir2-build/gateway-r48-tests\debug\deps\big_map-44997bcbd8c3a6d5.exe)

running 0 tests

test result: ok. 0 passed; 0 failed; 0 ignored; 0 measured; 7 filtered out; finished in 0.00s

     Running tests\character_wings.rs (C:/mir2-build/gateway-r48-tests\debug\deps\character_wings-94cffbef6da60af9.exe)

running 0 tests

test result: ok. 0 passed; 0 failed; 0 ignored; 0 measured; 5 filtered out; finished in 0.00s

     Running tests\crystal_map_events.rs (C:/mir2-build/gateway-r48-tests\debug\deps\crystal_map_events-c7308046ca8367c4.exe)

running 0 tests

test result: ok. 0 passed; 0 failed; 0 ignored; 0 measured; 1 filtered out; finished in 0.00s

     Running tests\crystal_map_hazards.rs (C:/mir2-build/gateway-r48-tests\debug\deps\crystal_map_hazards-837bd36b9a7f77fa.exe)

running 0 tests

test result: ok. 0 passed; 0 failed; 0 ignored; 0 measured; 3 filtered out; finished in 0.00s

     Running tests\crystal_scroll_teleport.rs (C:/mir2-build/gateway-r48-tests\debug\deps\crystal_scroll_teleport-0bea494109d2f129.exe)

running 0 tests

test result: ok. 0 passed; 0 failed; 0 ignored; 0 measured; 2 filtered out; finished in 0.00s

     Running tests\friends_authority.rs (C:/mir2-build/gateway-r48-tests\debug\deps\friends_authority-52da184daa0868ec.exe)

running 0 tests

test result: ok. 0 passed; 0 failed; 0 ignored; 0 measured; 6 filtered out; finished in 0.00s

     Running tests\great_fox_spirit_recall.rs (C:/mir2-build/gateway-r48-tests\debug\deps\great_fox_spirit_recall-b3694e7f981150c8.exe)

running 0 tests

test result: ok. 0 passed; 0 failed; 0 ignored; 0 measured; 2 filtered out; finished in 0.00s

     Running tests\hero_ai.rs (C:/mir2-build/gateway-r48-tests\debug\deps\hero_ai-25eb943f18276244.exe)

running 0 tests

test result: ok. 0 passed; 0 failed; 0 ignored; 0 measured; 28 filtered out; finished in 0.00s

     Running tests\intelligent_creature_authority.rs (C:/mir2-build/gateway-r48-tests\debug\deps\intelligent_creature_authority-17bb8a3e2409487d.exe)

running 0 tests

test result: ok. 0 passed; 0 failed; 0 ignored; 0 measured; 8 filtered out; finished in 0.00s

     Running tests\item_stack_images.rs (C:/mir2-build/gateway-r48-tests\debug\deps\item_stack_images-72c6c602856db963.exe)

running 0 tests

test result: ok. 0 passed; 0 failed; 0 ignored; 0 measured; 4 filtered out; finished in 0.00s

     Running tests\login_notice.rs (C:/mir2-build/gateway-r48-tests\debug\deps\login_notice-765dc4f25ba1754e.exe)

running 0 tests

test result: ok. 0 passed; 0 failed; 0 ignored; 0 measured; 3 filtered out; finished in 0.00s

     Running tests\mail_status_transactions.rs (C:/mir2-build/gateway-r48-tests\debug\deps\mail_status_transactions-06a979999c07c58e.exe)

running 0 tests

test result: ok. 0 passed; 0 failed; 0 ignored; 0 measured; 4 filtered out; finished in 0.00s

     Running tests\map_coordinate_events.rs (C:/mir2-build/gateway-r48-tests\debug\deps\map_coordinate_events-04dca17bbf0f2238.exe)

running 0 tests

test result: ok. 0 passed; 0 failed; 0 ignored; 0 measured; 3 filtered out; finished in 0.00s

     Running tests\map_event_binding_e1.rs (C:/mir2-build/gateway-r48-tests\debug\deps\map_event_binding_e1-4812b5083a8d3de7.exe)

running 0 tests

test result: ok. 0 passed; 0 failed; 0 ignored; 0 measured; 3 filtered out; finished in 0.00s

     Running tests\market_refine_custody.rs (C:/mir2-build/gateway-r48-tests\debug\deps\market_refine_custody-a73463d808a47e9e.exe)

running 0 tests

test result: ok. 0 passed; 0 failed; 0 ignored; 0 measured; 9 filtered out; finished in 0.00s

     Running tests\marriage_authority.rs (C:/mir2-build/gateway-r48-tests\debug\deps\marriage_authority-2dee3cba2cea6b7a.exe)

running 0 tests

test result: ok. 0 passed; 0 failed; 0 ignored; 0 measured; 2 filtered out; finished in 0.00s

     Running tests\mentor_authority.rs (C:/mir2-build/gateway-r48-tests\debug\deps\mentor_authority-1679a6117e629f4e.exe)

running 0 tests

test result: ok. 0 passed; 0 failed; 0 ignored; 0 measured; 5 filtered out; finished in 0.00s

     Running tests\native_startup_contract.rs (C:/mir2-build/gateway-r48-tests\debug\deps\native_startup_contract-b023e49bd193c6b1.exe)

running 0 tests

test result: ok. 0 passed; 0 failed; 0 ignored; 0 measured; 1 filtered out; finished in 0.00s

     Running tests\newcomer_progression_persistence.rs (C:/mir2-build/gateway-r48-tests\debug\deps\newcomer_progression_persistence-1e66095583f2e599.exe)

running 0 tests

test result: ok. 0 passed; 0 failed; 0 ignored; 0 measured; 3 filtered out; finished in 0.00s

     Running tests\ordinary_candidate_loop.rs (C:/mir2-build/gateway-r48-tests\debug\deps\ordinary_candidate_loop-2a78f84d146c03a3.exe)

running 0 tests

test result: ok. 0 passed; 0 failed; 0 ignored; 0 measured; 2 filtered out; finished in 0.00s

     Running tests\platinum_176_combat_milestones.rs (C:/mir2-build/gateway-r48-tests\debug\deps\platinum_176_combat_milestones-abe7526063841e30.exe)

running 0 tests

test result: ok. 0 passed; 0 failed; 0 ignored; 0 measured; 1 filtered out; finished in 0.00s

     Running tests\platinum_176_party_boss.rs (C:/mir2-build/gateway-r48-tests\debug\deps\platinum_176_party_boss-6f47c350f991a3cf.exe)

running 0 tests

test result: ok. 0 passed; 0 failed; 0 ignored; 0 measured; 1 filtered out; finished in 0.00s

     Running tests\platinum_176_progression.rs (C:/mir2-build/gateway-r48-tests\debug\deps\platinum_176_progression-4c56d241d284979d.exe)

running 0 tests

test result: ok. 0 passed; 0 failed; 0 ignored; 0 measured; 10 filtered out; finished in 0.00s

     Running tests\quest_agent_respawns.rs (C:/mir2-build/gateway-r48-tests\debug\deps\quest_agent_respawns-bec7c3af2fe47d09.exe)

running 0 tests

test result: ok. 0 passed; 0 failed; 0 ignored; 0 measured; 3 filtered out; finished in 0.00s

     Running tests\quest_agent_special_scripts.rs (C:/mir2-build/gateway-r48-tests\debug\deps\quest_agent_special_scripts-823db9e6088511e4.exe)

running 0 tests

test result: ok. 0 passed; 0 failed; 0 ignored; 0 measured; 1 filtered out; finished in 0.00s

     Running tests\quest_icons.rs (C:/mir2-build/gateway-r48-tests\debug\deps\quest_icons-facd26b3d2f02c34.exe)

running 0 tests

test result: ok. 0 passed; 0 failed; 0 ignored; 0 measured; 1 filtered out; finished in 0.00s

     Running tests\quest_recurrence_persistence.rs (C:/mir2-build/gateway-r48-tests\debug\deps\quest_recurrence_persistence-75bfcf1ceb7a34f6.exe)

running 0 tests

test result: ok. 0 passed; 0 failed; 0 ignored; 0 measured; 3 filtered out; finished in 0.00s

     Running tests\ranking.rs (C:/mir2-build/gateway-r48-tests\debug\deps\ranking-5f2192fa2f88d8f2.exe)

running 0 tests

test result: ok. 0 passed; 0 failed; 0 ignored; 0 measured; 1 filtered out; finished in 0.00s

     Running tests\ranking_shared_presence.rs (C:/mir2-build/gateway-r48-tests\debug\deps\ranking_shared_presence-f62c53887b20c0a9.exe)

running 0 tests

test result: ok. 0 passed; 0 failed; 0 ignored; 0 measured; 2 filtered out; finished in 0.00s

     Running tests\refine_oven_custody.rs (C:/mir2-build/gateway-r48-tests\debug\deps\refine_oven_custody-cc0417da57589381.exe)

running 0 tests

test result: ok. 0 passed; 0 failed; 0 ignored; 0 measured; 10 filtered out; finished in 0.00s

     Running tests\replica_recovery_config.rs (C:/mir2-build/gateway-r48-tests\debug\deps\replica_recovery_config-2d696fa1c7757f09.exe)

running 0 tests

test result: ok. 0 passed; 0 failed; 0 ignored; 0 measured; 1 filtered out; finished in 0.00s

     Running tests\retained_bootstrap.rs (C:/mir2-build/gateway-r48-tests\debug\deps\retained_bootstrap-f78de17c0fe101fc.exe)

running 0 tests

test result: ok. 0 passed; 0 failed; 0 ignored; 0 measured; 3 filtered out; finished in 0.00s

     Running tests\save_failure_propagation.rs (C:/mir2-build/gateway-r48-tests\debug\deps\save_failure_propagation-c9e0d61eda5a647b.exe)

running 0 tests

test result: ok. 0 passed; 0 failed; 0 ignored; 0 measured; 2 filtered out; finished in 0.00s

     Running tests\security_lifecycle.rs (C:/mir2-build/gateway-r48-tests\debug\deps\security_lifecycle-15e3f959d64720bc.exe)

running 0 tests

test result: ok. 0 passed; 0 failed; 0 ignored; 0 measured; 20 filtered out; finished in 0.00s

     Running tests\shared_entity_combat.rs (C:/mir2-build/gateway-r48-tests\debug\deps\shared_entity_combat-06d9af04401a43b3.exe)

running 0 tests

test result: ok. 0 passed; 0 failed; 0 ignored; 0 measured; 4 filtered out; finished in 0.00s

     Running tests\shared_monster_armadillo_ai.rs (C:/mir2-build/gateway-r48-tests\debug\deps\shared_monster_armadillo_ai-f8cc16605bcf9283.exe)

running 0 tests

test result: ok. 0 passed; 0 failed; 0 ignored; 0 measured; 6 filtered out; finished in 0.00s

     Running tests\shared_monster_evil_mir_ai.rs (C:/mir2-build/gateway-r48-tests\debug\deps\shared_monster_evil_mir_ai-a853c73e27c33325.exe)

running 0 tests

test result: ok. 0 passed; 0 failed; 0 ignored; 0 measured; 9 filtered out; finished in 0.00s

     Running tests\shared_monster_football_ai.rs (C:/mir2-build/gateway-r48-tests\debug\deps\shared_monster_football_ai-c87486580a7ce9a4.exe)

running 0 tests

test result: ok. 0 passed; 0 failed; 0 ignored; 0 measured; 4 filtered out; finished in 0.00s

     Running tests\shared_monster_gate_ai.rs (C:/mir2-build/gateway-r48-tests\debug\deps\shared_monster_gate_ai-393cfbedfc7c21af.exe)

running 0 tests

test result: ok. 0 passed; 0 failed; 0 ignored; 0 measured; 2 filtered out; finished in 0.00s

     Running tests\shared_monster_great_fox_ai.rs (C:/mir2-build/gateway-r48-tests\debug\deps\shared_monster_great_fox_ai-dbcd291900673251.exe)

running 0 tests

test result: ok. 0 passed; 0 failed; 0 ignored; 0 measured; 15 filtered out; finished in 0.00s

     Running tests\shared_monster_hell_ai.rs (C:/mir2-build/gateway-r48-tests\debug\deps\shared_monster_hell_ai-37fb5c5cb0a481ea.exe)

running 0 tests

test result: ok. 0 passed; 0 failed; 0 ignored; 0 measured; 17 filtered out; finished in 0.00s

     Running tests\shared_monster_horned_ai.rs (C:/mir2-build/gateway-r48-tests\debug\deps\shared_monster_horned_ai-ba8424ef38f1ff79.exe)

running 0 tests

test result: ok. 0 passed; 0 failed; 0 ignored; 0 measured; 11 filtered out; finished in 0.00s

     Running tests\shared_monster_horned_encounter_ai.rs (C:/mir2-build/gateway-r48-tests\debug\deps\shared_monster_horned_encounter_ai-6838b02da5392b4e.exe)

running 0 tests

test result: ok. 0 passed; 0 failed; 0 ignored; 0 measured; 11 filtered out; finished in 0.00s

     Running tests\shared_monster_hugger_ai.rs (C:/mir2-build/gateway-r48-tests\debug\deps\shared_monster_hugger_ai-68a41d1f60ffad8d.exe)

running 0 tests

test result: ok. 0 passed; 0 failed; 0 ignored; 0 measured; 11 filtered out; finished in 0.00s

     Running tests\shared_monster_kirin_snow_ai.rs (C:/mir2-build/gateway-r48-tests\debug\deps\shared_monster_kirin_snow_ai-a7c5a614cbf2e5e4.exe)

running 0 tests

test result: ok. 0 passed; 0 failed; 0 ignored; 0 measured; 9 filtered out; finished in 0.00s

     Running tests\shared_monster_meow_ai.rs (C:/mir2-build/gateway-r48-tests\debug\deps\shared_monster_meow_ai-c1e08d47b28c7640.exe)

running 0 tests

test result: ok. 0 passed; 0 failed; 0 ignored; 0 measured; 7 filtered out; finished in 0.00s

     Running tests\shared_monster_mud_boulder_ai.rs (C:/mir2-build/gateway-r48-tests\debug\deps\shared_monster_mud_boulder_ai-be59a5f7c5263618.exe)

running 0 tests

test result: ok. 0 passed; 0 failed; 0 ignored; 0 measured; 16 filtered out; finished in 0.00s

     Running tests\shared_monster_node_ai.rs (C:/mir2-build/gateway-r48-tests\debug\deps\shared_monster_node_ai-eb8fb3d6a87f2629.exe)

running 0 tests

test result: ok. 0 passed; 0 failed; 0 ignored; 0 measured; 2 filtered out; finished in 0.00s

     Running tests\shared_monster_passive_ai.rs (C:/mir2-build/gateway-r48-tests\debug\deps\shared_monster_passive_ai-0cfd49a9cc33879f.exe)

running 0 tests

test result: ok. 0 passed; 0 failed; 0 ignored; 0 measured; 3 filtered out; finished in 0.00s

     Running tests\shared_monster_pet_special_ai.rs (C:/mir2-build/gateway-r48-tests\debug\deps\shared_monster_pet_special_ai-d40e2010e1206c0b.exe)

running 0 tests

test result: ok. 0 passed; 0 failed; 0 ignored; 0 measured; 3 filtered out; finished in 0.00s

     Running tests\shared_monster_reactive_ai.rs (C:/mir2-build/gateway-r48-tests\debug\deps\shared_monster_reactive_ai-0e6ba0829c53196c.exe)

running 0 tests

test result: ok. 0 passed; 0 failed; 0 ignored; 0 measured; 11 filtered out; finished in 0.00s

     Running tests\shared_monster_revival_ai.rs (C:/mir2-build/gateway-r48-tests\debug\deps\shared_monster_revival_ai-aaf8790cec436dc4.exe)

running 0 tests

test result: ok. 0 passed; 0 failed; 0 ignored; 0 measured; 8 filtered out; finished in 0.00s

     Running tests\shared_monster_shinsu_ai.rs (C:/mir2-build/gateway-r48-tests\debug\deps\shared_monster_shinsu_ai-7cee20d9a05da8be.exe)

running 0 tests

test result: ok. 0 passed; 0 failed; 0 ignored; 0 measured; 4 filtered out; finished in 0.00s

     Running tests\shared_monster_sleep_ai.rs (C:/mir2-build/gateway-r48-tests\debug\deps\shared_monster_sleep_ai-5978304c6a4d0c88.exe)

running 0 tests

test result: ok. 0 passed; 0 failed; 0 ignored; 0 measured; 5 filtered out; finished in 0.00s

     Running tests\shared_monster_snake_totem_ai.rs (C:/mir2-build/gateway-r48-tests\debug\deps\shared_monster_snake_totem_ai-21e41c43365115ac.exe)

running 0 tests

test result: ok. 0 passed; 0 failed; 0 ignored; 0 measured; 3 filtered out; finished in 0.00s

     Running tests\shared_monster_special_ai.rs (C:/mir2-build/gateway-r48-tests\debug\deps\shared_monster_special_ai-0c932222817b3624.exe)

running 0 tests

test result: ok. 0 passed; 0 failed; 0 ignored; 0 measured; 4 filtered out; finished in 0.00s

     Running tests\shared_monster_spider_ai.rs (C:/mir2-build/gateway-r48-tests\debug\deps\shared_monster_spider_ai-cbc25cc9da8b2c53.exe)

running 0 tests

test result: ok. 0 passed; 0 failed; 0 ignored; 0 measured; 17 filtered out; finished in 0.00s

     Running tests\shared_monster_stage_summons.rs (C:/mir2-build/gateway-r48-tests\debug\deps\shared_monster_stage_summons-01803d7429cc16fc.exe)

running 0 tests

test result: ok. 0 passed; 0 failed; 0 ignored; 0 measured; 4 filtered out; finished in 0.00s

     Running tests\shared_monster_statue_centipede_ai.rs (C:/mir2-build/gateway-r48-tests\debug\deps\shared_monster_statue_centipede_ai-cb74b253b4f92be6.exe)

running 0 tests

test result: ok. 0 passed; 0 failed; 0 ignored; 0 measured; 4 filtered out; finished in 0.00s

     Running tests\shared_monster_stone_trap_ai.rs (C:/mir2-build/gateway-r48-tests\debug\deps\shared_monster_stone_trap_ai-2e1c0c7758ed95da.exe)

running 0 tests

test result: ok. 0 passed; 0 failed; 0 ignored; 0 measured; 5 filtered out; finished in 0.00s

     Running tests\shared_monster_thunder_ai.rs (C:/mir2-build/gateway-r48-tests\debug\deps\shared_monster_thunder_ai-f968dc53f96dfe95.exe)

running 0 tests

test result: ok. 0 passed; 0 failed; 0 ignored; 0 measured; 5 filtered out; finished in 0.00s

     Running tests\shared_monster_town_archer_ai.rs (C:/mir2-build/gateway-r48-tests\debug\deps\shared_monster_town_archer_ai-ada8f529b4353fc1.exe)

running 0 tests

test result: ok. 0 passed; 0 failed; 0 ignored; 0 measured; 4 filtered out; finished in 0.00s

     Running tests\shared_monster_trap_rock_ai.rs (C:/mir2-build/gateway-r48-tests\debug\deps\shared_monster_trap_rock_ai-5a5a984ef855f3ef.exe)

running 0 tests

test result: ok. 0 passed; 0 failed; 0 ignored; 0 measured; 1 filtered out; finished in 0.00s

     Running tests\shared_monster_tree_queen_ai.rs (C:/mir2-build/gateway-r48-tests\debug\deps\shared_monster_tree_queen_ai-4b7f6d8aa8d0f3ac.exe)

running 0 tests

test result: ok. 0 passed; 0 failed; 0 ignored; 0 measured; 7 filtered out; finished in 0.00s

     Running tests\shared_monster_tucson_ai.rs (C:/mir2-build/gateway-r48-tests\debug\deps\shared_monster_tucson_ai-b985c0df9eb665a4.exe)

running 0 tests

test result: ok. 0 passed; 0 failed; 0 ignored; 0 measured; 7 filtered out; finished in 0.00s

     Running tests\shared_monster_vampire_ai.rs (C:/mir2-build/gateway-r48-tests\debug\deps\shared_monster_vampire_ai-b81e96e9a406405f.exe)

running 0 tests

test result: ok. 0 passed; 0 failed; 0 ignored; 0 measured; 3 filtered out; finished in 0.00s

     Running tests\shared_monster_visibility_ai.rs (C:/mir2-build/gateway-r48-tests\debug\deps\shared_monster_visibility_ai-5cad60e17b9f8872.exe)

running 0 tests

test result: ok. 0 passed; 0 failed; 0 ignored; 0 measured; 8 filtered out; finished in 0.00s

     Running tests\shared_monster_yimoogi_ai.rs (C:/mir2-build/gateway-r48-tests\debug\deps\shared_monster_yimoogi_ai-185d33d272bbc50f.exe)

running 0 tests

test result: ok. 0 passed; 0 failed; 0 ignored; 0 measured; 8 filtered out; finished in 0.00s

     Running tests\shared_player_damage_settlement.rs (C:/mir2-build/gateway-r48-tests\debug\deps\shared_player_damage_settlement-750e40d06ba2cb8e.exe)

running 0 tests

test result: ok. 0 passed; 0 failed; 0 ignored; 0 measured; 11 filtered out; finished in 0.00s

     Running tests\shared_player_death_zone.rs (C:/mir2-build/gateway-r48-tests\debug\deps\shared_player_death_zone-439ab5da84673304.exe)

running 0 tests

test result: ok. 0 passed; 0 failed; 0 ignored; 0 measured; 4 filtered out; finished in 0.00s

     Running tests\shared_player_vital_transfer.rs (C:/mir2-build/gateway-r48-tests\debug\deps\shared_player_vital_transfer-03f2c4776823416b.exe)

running 0 tests

test result: ok. 0 passed; 0 failed; 0 ignored; 0 measured; 4 filtered out; finished in 0.00s

     Running tests\shared_trade_completion.rs (C:/mir2-build/gateway-r48-tests\debug\deps\shared_trade_completion-33659f283203c1cb.exe)

running 0 tests

test result: ok. 0 passed; 0 failed; 0 ignored; 0 measured; 6 filtered out; finished in 0.00s

     Running tests\shared_trade_gold.rs (C:/mir2-build/gateway-r48-tests\debug\deps\shared_trade_gold-c362b53820530c59.exe)

running 0 tests

test result: ok. 0 passed; 0 failed; 0 ignored; 0 measured; 12 filtered out; finished in 0.00s

     Running tests\shared_zone.rs (C:/mir2-build/gateway-r48-tests\debug\deps\shared_zone-434af2e877a68d66.exe)

running 0 tests

test result: ok. 0 passed; 0 failed; 0 ignored; 0 measured; 205 filtered out; finished in 0.00s

     Running tests\shared_zone_melee_mana.rs (C:/mir2-build/gateway-r48-tests\debug\deps\shared_zone_melee_mana-2f4b9ceaf06b2111.exe)

running 0 tests

test result: ok. 0 passed; 0 failed; 0 ignored; 0 measured; 3 filtered out; finished in 0.00s

     Running tests\shared_zone_self_magic.rs (C:/mir2-build/gateway-r48-tests\debug\deps\shared_zone_self_magic-2634db73b1688547.exe)

running 0 tests

test result: ok. 0 passed; 0 failed; 0 ignored; 0 measured; 4 filtered out; finished in 0.00s

     Running tests\social_economy_integration.rs (C:/mir2-build/gateway-r48-tests\debug\deps\social_economy_integration-a478ab8b67255551.exe)

running 0 tests

test result: ok. 0 passed; 0 failed; 0 ignored; 0 measured; 3 filtered out; finished in 0.00s

     Running tests\storage_request_id.rs (C:/mir2-build/gateway-r48-tests\debug\deps\storage_request_id-bc5ee82aadd67725.exe)

running 0 tests

test result: ok. 0 passed; 0 failed; 0 ignored; 0 measured; 2 filtered out; finished in 0.00s

     Running tests\trade_item_destinations.rs (C:/mir2-build/gateway-r48-tests\debug\deps\trade_item_destinations-196d1fc43243d7f0.exe)

running 0 tests

test result: ok. 0 passed; 0 failed; 0 ignored; 0 measured; 8 filtered out; finished in 0.00s

     Running tests\trade_item_merges.rs (C:/mir2-build/gateway-r48-tests\debug\deps\trade_item_merges-a3c6cf804e726c09.exe)

running 0 tests

test result: ok. 0 passed; 0 failed; 0 ignored; 0 measured; 5 filtered out; finished in 0.00s

     Running tests\user_item_uid_file.rs (C:/mir2-build/gateway-r48-tests\debug\deps\user_item_uid_file-13bd93644b3e1d54.exe)

running 0 tests

test result: ok. 0 passed; 0 failed; 0 ignored; 0 measured; 17 filtered out; finished in 0.00s

     Running tests\vertical_slice.rs (C:/mir2-build/gateway-r48-tests\debug\deps\vertical_slice-4f39a9582ce53114.exe)

running 0 tests

test result: ok. 0 passed; 0 failed; 0 ignored; 0 measured; 13 filtered out; finished in 0.00s

     Running tests\yin_devil_node.rs (C:/mir2-build/gateway-r48-tests\debug\deps\yin_devil_node-03a26260cefcd895.exe)

running 0 tests

test result: ok. 0 passed; 0 failed; 0 ignored; 0 measured; 2 filtered out; finished in 0.00s

     Running tests\zone_replay.rs (C:/mir2-build/gateway-r48-tests\debug\deps\zone_replay-850f80e28ee99a8d.exe)

running 0 tests

test result: ok. 0 passed; 0 failed; 0 ignored; 0 measured; 8 filtered out; finished in 0.00s

=== incoming_item_tree_paths_reject_invalid_recursive_carrier_without_mutation ===
warning: unused import: `super::skills::crystal_magic_damage`
  --> apps\simulation\src\runtime\hero_ai.rs:53:5
   |
53 | use super::skills::crystal_magic_damage;
   |     ^^^^^^^^^^^^^^^^^^^^^^^^^^^^^^^^^^^
   |
   = note: `#[warn(unused_imports)]` (part of `#[warn(unused)]`) on by default

warning: unused import: `hero_registry_scan::validate_shared_hero_physical_custody`
  --> apps\simulation\src\runtime\mod.rs:22:16
   |
22 | pub(crate) use hero_registry_scan::validate_shared_hero_physical_custody;
   |                ^^^^^^^^^^^^^^^^^^^^^^^^^^^^^^^^^^^^^^^^^^^^^^^^^^^^^^^^^

warning: unused import: `HeroInventoryResource`
  --> apps\simulation\src\runtime\items.rs:58:19
   |
58 |     BuffResource, HeroInventoryResource, InventoryResource, PlayerPermissionResource,
   |                   ^^^^^^^^^^^^^^^^^^^^^

warning: unused import: `hero_inventory_crystal_stat_total`
  --> apps\simulation\src\runtime\packets.rs:72:22
   |
72 | use super::hero_ai::{hero_inventory_crystal_stat_total, hero_inventory_equipment_slots};
   |                      ^^^^^^^^^^^^^^^^^^^^^^^^^^^^^^^^^

warning: unused import: `crystal_quest_info_by_id`
   --> apps\simulation\src\runtime\packets.rs:108:5
    |
108 |     crystal_quest_info_by_id, crystal_quest_reward_selection_missing,
    |     ^^^^^^^^^^^^^^^^^^^^^^^^

warning: unused import: `intelligent_creature_default_rules`
   --> apps\simulation\src\runtime\packets.rs:125:5
    |
125 |     intelligent_creature_default_rules, is_in_world, mark_crystal_packet_action,
    |     ^^^^^^^^^^^^^^^^^^^^^^^^^^^^^^^^^^

warning: unused imports: `ZoneExperienceProfile` and `ZoneGuildExperienceMembership`
 --> apps\simulation\src\runtime\zone\mod.rs:6:22
  |
6 | pub use experience::{ZoneExperienceProfile,ZoneExperienceSelection,ZoneGuildExperienceMembership};
  |                      ^^^^^^^^^^^^^^^^^^^^^                         ^^^^^^^^^^^^^^^^^^^^^^^^^^^^^

warning: use of deprecated method `bevy_ecs::world::World::iter_entities`: use world.query::<EntityRef>()` instead
  --> apps\simulation\src\runtime\hero_cast.rs:61:22
   |
61 |     let target=world.iter_entities().find_map(|entry| {
   |                      ^^^^^^^^^^^^^
   |
   = note: `#[warn(deprecated)]` on by default

warning: use of deprecated method `bevy_ecs::world::World::iter_entities`: use world.query::<EntityRef>()` instead
   --> apps\simulation\src\runtime\monster_ai\great_fox_spirit.rs:163:28
    |
163 |     for candidate in world.iter_entities() {
    |                            ^^^^^^^^^^^^^

warning: use of deprecated method `bevy_ecs::world::World::iter_entities`: use world.query::<EntityRef>()` instead
    --> apps\simulation\src\runtime\packets.rs:7786:25
     |
7786 |     for entity in world.iter_entities() {
     |                         ^^^^^^^^^^^^^

warning: use of deprecated method `bevy_ecs::world::World::iter_entities`: use world.query::<EntityRef>()` instead
    --> apps\simulation\src\runtime\skills.rs:5013:10
     |
5013 |         .iter_entities()
     |          ^^^^^^^^^^^^^

warning: use of deprecated method `bevy_ecs::world::World::iter_entities`: use world.query::<EntityRef>()` instead
    --> apps\simulation\src\runtime\skills.rs:5096:10
     |
5096 |         .iter_entities()
     |          ^^^^^^^^^^^^^

warning: type `HeroSourceVersions` is more private than the item `config::AccountStoreRepositorySave::heroes`
   --> apps\simulation\src\config.rs:777:5
    |
777 |     pub(crate) heroes: hero_registry::HeroSourceVersions,
    |     ^^^^^^^^^^^^^^^^^^^^^^^^^^^^^^^^^^^^^^^^^^^^^^^^^^^^ field `config::AccountStoreRepositorySave::heroes` is reachable at visibility `pub(crate)`
    |
note: but type `HeroSourceVersions` is only usable at visibility `pub(in crate::config)`
   --> apps\simulation\src\config_hero_registry.rs:93:1
    |
 93 | pub(super) struct HeroSourceVersions {
    | ^^^^^^^^^^^^^^^^^^^^^^^^^^^^^^^^^^^^
    = note: `#[warn(private_interfaces)]` on by default

warning: type `ZoneCombatEntityRef` is more private than the item `tree_queen_ai::TreeQueenRoot::source_ref`
  --> apps\simulation\src\runtime\zone\runtime\tree_queen_ai.rs:39:5
   |
39 |     pub source_ref: Option<ZoneCombatEntityRef>,
   |     ^^^^^^^^^^^^^^^^^^^^^^^^^^^^^^^^^^^^^^^^^^^ field `tree_queen_ai::TreeQueenRoot::source_ref` is reachable at visibility `pub(in crate::runtime::zone)`
   |
note: but type `ZoneCombatEntityRef` is only usable at visibility `pub(in crate::runtime::zone::runtime)`
  --> apps\simulation\src\runtime\zone\runtime\entity_combat.rs:7:1
   |
 7 | pub(super) enum ZoneCombatEntityRef {
   | ^^^^^^^^^^^^^^^^^^^^^^^^^^^^^^^^^^^

warning: type `ZoneCombatEntityRef` is more private than the item `EvilMirState::target_ref`
  --> apps\simulation\src\runtime\zone\runtime\evil_mir_ai.rs:11:5
   |
11 |     pub target_ref: Option<ZoneCombatEntityRef>,
   |     ^^^^^^^^^^^^^^^^^^^^^^^^^^^^^^^^^^^^^^^^^^^ field `EvilMirState::target_ref` is reachable at visibility `pub(in crate::runtime::zone)`
   |
note: but type `ZoneCombatEntityRef` is only usable at visibility `pub(in crate::runtime::zone::runtime)`
  --> apps\simulation\src\runtime\zone\runtime\entity_combat.rs:7:1
   |
 7 | pub(super) enum ZoneCombatEntityRef {
   | ^^^^^^^^^^^^^^^^^^^^^^^^^^^^^^^^^^^

warning: type `ZoneCombatEntityRef` is more private than the item `EvilMirPendingSource::source`
  --> apps\simulation\src\runtime\zone\runtime\evil_mir_ai.rs:20:5
   |
20 |     pub source: ZoneCombatEntityRef,
   |     ^^^^^^^^^^^^^^^^^^^^^^^^^^^^^^^ field `EvilMirPendingSource::source` is reachable at visibility `pub(in crate::runtime::zone)`
   |
note: but type `ZoneCombatEntityRef` is only usable at visibility `pub(in crate::runtime::zone::runtime)`
  --> apps\simulation\src\runtime\zone\runtime\entity_combat.rs:7:1
   |
 7 | pub(super) enum ZoneCombatEntityRef {
   | ^^^^^^^^^^^^^^^^^^^^^^^^^^^^^^^^^^^

warning: type `ZoneCombatEntityRef` is more private than the item `GreatFoxState::target_ref`
  --> apps\simulation\src\runtime\zone\runtime\great_fox_ai.rs:15:5
   |
15 |     pub target_ref: Option<ZoneCombatEntityRef>,
   |     ^^^^^^^^^^^^^^^^^^^^^^^^^^^^^^^^^^^^^^^^^^^ field `GreatFoxState::target_ref` is reachable at visibility `pub(in crate::runtime::zone)`
   |
note: but type `ZoneCombatEntityRef` is only usable at visibility `pub(in crate::runtime::zone::runtime)`
  --> apps\simulation\src\runtime\zone\runtime\entity_combat.rs:7:1
   |
 7 | pub(super) enum ZoneCombatEntityRef {
   | ^^^^^^^^^^^^^^^^^^^^^^^^^^^^^^^^^^^

warning: type `ZoneCombatEntityRef` is more private than the item `GreatFoxHit::source_ref`
  --> apps\simulation\src\runtime\zone\runtime\great_fox_ai.rs:42:5
   |
42 |     pub source_ref: Option<ZoneCombatEntityRef>,
   |     ^^^^^^^^^^^^^^^^^^^^^^^^^^^^^^^^^^^^^^^^^^^ field `GreatFoxHit::source_ref` is reachable at visibility `pub(in crate::runtime::zone)`
   |
note: but type `ZoneCombatEntityRef` is only usable at visibility `pub(in crate::runtime::zone::runtime)`
  --> apps\simulation\src\runtime\zone\runtime\entity_combat.rs:7:1
   |
 7 | pub(super) enum ZoneCombatEntityRef {
   | ^^^^^^^^^^^^^^^^^^^^^^^^^^^^^^^^^^^

warning: type `ZoneCombatEntityRef` is more private than the item `GreatFoxHit::target_ref`
  --> apps\simulation\src\runtime\zone\runtime\great_fox_ai.rs:44:5
   |
44 |     pub target_ref: Option<ZoneCombatEntityRef>,
   |     ^^^^^^^^^^^^^^^^^^^^^^^^^^^^^^^^^^^^^^^^^^^ field `GreatFoxHit::target_ref` is reachable at visibility `pub(in crate::runtime::zone)`
   |
note: but type `ZoneCombatEntityRef` is only usable at visibility `pub(in crate::runtime::zone::runtime)`
  --> apps\simulation\src\runtime\zone\runtime\entity_combat.rs:7:1
   |
 7 | pub(super) enum ZoneCombatEntityRef {
   | ^^^^^^^^^^^^^^^^^^^^^^^^^^^^^^^^^^^

warning: type `ZoneCombatEntityRef` is more private than the item `HornedEncounterState::target_ref`
  --> apps\simulation\src\runtime\zone\runtime\horned_encounter_ai.rs:12:5
   |
12 |     pub target_ref: Option<ZoneCombatEntityRef>,
   |     ^^^^^^^^^^^^^^^^^^^^^^^^^^^^^^^^^^^^^^^^^^^ field `HornedEncounterState::target_ref` is reachable at visibility `pub(in crate::runtime::zone)`
   |
note: but type `ZoneCombatEntityRef` is only usable at visibility `pub(in crate::runtime::zone::runtime)`
  --> apps\simulation\src\runtime\zone\runtime\entity_combat.rs:7:1
   |
 7 | pub(super) enum ZoneCombatEntityRef {
   | ^^^^^^^^^^^^^^^^^^^^^^^^^^^^^^^^^^^

warning: type `ZoneCombatEntityRef` is more private than the item `HornedEncounterHit::source_ref`
  --> apps\simulation\src\runtime\zone\runtime\horned_encounter_ai.rs:38:5
   |
38 |     pub source_ref: Option<ZoneCombatEntityRef>,
   |     ^^^^^^^^^^^^^^^^^^^^^^^^^^^^^^^^^^^^^^^^^^^ field `HornedEncounterHit::source_ref` is reachable at visibility `pub(in crate::runtime::zone)`
   |
note: but type `ZoneCombatEntityRef` is only usable at visibility `pub(in crate::runtime::zone::runtime)`
  --> apps\simulation\src\runtime\zone\runtime\entity_combat.rs:7:1
   |
 7 | pub(super) enum ZoneCombatEntityRef {
   | ^^^^^^^^^^^^^^^^^^^^^^^^^^^^^^^^^^^

warning: type `ZoneCombatEntityRef` is more private than the item `HornedEncounterHit::target_ref`
  --> apps\simulation\src\runtime\zone\runtime\horned_encounter_ai.rs:41:5
   |
41 |     pub target_ref: Option<ZoneCombatEntityRef>,
   |     ^^^^^^^^^^^^^^^^^^^^^^^^^^^^^^^^^^^^^^^^^^^ field `HornedEncounterHit::target_ref` is reachable at visibility `pub(in crate::runtime::zone)`
   |
note: but type `ZoneCombatEntityRef` is only usable at visibility `pub(in crate::runtime::zone::runtime)`
  --> apps\simulation\src\runtime\zone\runtime\entity_combat.rs:7:1
   |
 7 | pub(super) enum ZoneCombatEntityRef {
   | ^^^^^^^^^^^^^^^^^^^^^^^^^^^^^^^^^^^

warning: type `ZoneCombatEntityRef` is more private than the item `HornedMapSpell::source_ref`
  --> apps\simulation\src\runtime\zone\runtime\horned_encounter_ai.rs:60:5
   |
60 |     pub source_ref: Option<ZoneCombatEntityRef>,
   |     ^^^^^^^^^^^^^^^^^^^^^^^^^^^^^^^^^^^^^^^^^^^ field `HornedMapSpell::source_ref` is reachable at visibility `pub(in crate::runtime::zone)`
   |
note: but type `ZoneCombatEntityRef` is only usable at visibility `pub(in crate::runtime::zone::runtime)`
  --> apps\simulation\src\runtime\zone\runtime\entity_combat.rs:7:1
   |
 7 | pub(super) enum ZoneCombatEntityRef {
   | ^^^^^^^^^^^^^^^^^^^^^^^^^^^^^^^^^^^

warning: type `ZoneCombatEntityRef` is more private than the item `HornedState::target_ref`
  --> apps\simulation\src\runtime\zone\runtime\horned_ai.rs:14:5
   |
14 |     pub target_ref: Option<ZoneCombatEntityRef>,
   |     ^^^^^^^^^^^^^^^^^^^^^^^^^^^^^^^^^^^^^^^^^^^ field `HornedState::target_ref` is reachable at visibility `pub(in crate::runtime::zone)`
   |
note: but type `ZoneCombatEntityRef` is only usable at visibility `pub(in crate::runtime::zone::runtime)`
  --> apps\simulation\src\runtime\zone\runtime\entity_combat.rs:7:1
   |
 7 | pub(super) enum ZoneCombatEntityRef {
   | ^^^^^^^^^^^^^^^^^^^^^^^^^^^^^^^^^^^

warning: type `ZoneCombatEntityRef` is more private than the item `HornedHit::source_ref`
  --> apps\simulation\src\runtime\zone\runtime\horned_ai.rs:28:5
   |
28 |     pub source_ref: Option<ZoneCombatEntityRef>,
   |     ^^^^^^^^^^^^^^^^^^^^^^^^^^^^^^^^^^^^^^^^^^^ field `HornedHit::source_ref` is reachable at visibility `pub(in crate::runtime::zone)`
   |
note: but type `ZoneCombatEntityRef` is only usable at visibility `pub(in crate::runtime::zone::runtime)`
  --> apps\simulation\src\runtime\zone\runtime\entity_combat.rs:7:1
   |
 7 | pub(super) enum ZoneCombatEntityRef {
   | ^^^^^^^^^^^^^^^^^^^^^^^^^^^^^^^^^^^

warning: type `ZoneCombatEntityRef` is more private than the item `HornedHit::target_ref`
  --> apps\simulation\src\runtime\zone\runtime\horned_ai.rs:30:5
   |
30 |     pub target_ref: Option<ZoneCombatEntityRef>,
   |     ^^^^^^^^^^^^^^^^^^^^^^^^^^^^^^^^^^^^^^^^^^^ field `HornedHit::target_ref` is reachable at visibility `pub(in crate::runtime::zone)`
   |
note: but type `ZoneCombatEntityRef` is only usable at visibility `pub(in crate::runtime::zone::runtime)`
  --> apps\simulation\src\runtime\zone\runtime\entity_combat.rs:7:1
   |
 7 | pub(super) enum ZoneCombatEntityRef {
   | ^^^^^^^^^^^^^^^^^^^^^^^^^^^^^^^^^^^

warning: type `ZoneCombatEntityRef` is more private than the item `HellState::explosion_source_ref`
  --> apps\simulation\src\runtime\zone\runtime\hell_ai.rs:14:5
   |
14 |     pub explosion_source_ref: Option<ZoneCombatEntityRef>,
   |     ^^^^^^^^^^^^^^^^^^^^^^^^^^^^^^^^^^^^^^^^^^^^^^^^^^^^^ field `HellState::explosion_source_ref` is reachable at visibility `pub(in crate::runtime::zone)`
   |
note: but type `ZoneCombatEntityRef` is only usable at visibility `pub(in crate::runtime::zone::runtime)`
  --> apps\simulation\src\runtime\zone\runtime\entity_combat.rs:7:1
   |
 7 | pub(super) enum ZoneCombatEntityRef {
   | ^^^^^^^^^^^^^^^^^^^^^^^^^^^^^^^^^^^

warning: type `ZoneCombatEntityRef` is more private than the item `SpiderAiState::parent_ref`
  --> apps\simulation\src\runtime\zone\runtime\spider_ai.rs:40:5
   |
40 |     pub parent_ref: Option<ZoneCombatEntityRef>,
   |     ^^^^^^^^^^^^^^^^^^^^^^^^^^^^^^^^^^^^^^^^^^^ field `SpiderAiState::parent_ref` is reachable at visibility `pub(in crate::runtime::zone)`
   |
note: but type `ZoneCombatEntityRef` is only usable at visibility `pub(in crate::runtime::zone::runtime)`
  --> apps\simulation\src\runtime\zone\runtime\entity_combat.rs:7:1
   |
 7 | pub(super) enum ZoneCombatEntityRef {
   | ^^^^^^^^^^^^^^^^^^^^^^^^^^^^^^^^^^^

warning: type `ZoneCombatEntityRef` is more private than the item `PendingRootSpiderSpawn::source`
  --> apps\simulation\src\runtime\zone\runtime\spider_ai.rs:52:5
   |
52 |     pub source: Option<ZoneCombatEntityRef>,
   |     ^^^^^^^^^^^^^^^^^^^^^^^^^^^^^^^^^^^^^^^ field `PendingRootSpiderSpawn::source` is reachable at visibility `pub(in crate::runtime::zone)`
   |
note: but type `ZoneCombatEntityRef` is only usable at visibility `pub(in crate::runtime::zone::runtime)`
  --> apps\simulation\src\runtime\zone\runtime\entity_combat.rs:7:1
   |
 7 | pub(super) enum ZoneCombatEntityRef {
   | ^^^^^^^^^^^^^^^^^^^^^^^^^^^^^^^^^^^

warning: type `ZoneCombatEntityRef` is more private than the item `PendingRootSpiderSpawn::target`
  --> apps\simulation\src\runtime\zone\runtime\spider_ai.rs:54:5
   |
54 |     pub target: Option<ZoneCombatEntityRef>,
   |     ^^^^^^^^^^^^^^^^^^^^^^^^^^^^^^^^^^^^^^^ field `PendingRootSpiderSpawn::target` is reachable at visibility `pub(in crate::runtime::zone)`
   |
note: but type `ZoneCombatEntityRef` is only usable at visibility `pub(in crate::runtime::zone::runtime)`
  --> apps\simulation\src\runtime\zone\runtime\entity_combat.rs:7:1
   |
 7 | pub(super) enum ZoneCombatEntityRef {
   | ^^^^^^^^^^^^^^^^^^^^^^^^^^^^^^^^^^^

warning: methods `scoped_to_account` and `scoped_to_accounts` are never used
   --> apps\simulation\src\config.rs:292:8
    |
159 | impl AccountStore {
    | ----------------- methods in this implementation
...
292 |     fn scoped_to_account(&self, account_id: &str) -> Self {
    |        ^^^^^^^^^^^^^^^^^
...
296 |     fn scoped_to_accounts(&self, account_ids: &[&str]) -> Self {
    |        ^^^^^^^^^^^^^^^^^^
    |
    = note: `#[warn(dead_code)]` (part of `#[warn(unused)]`) on by default

warning: variant `AccountsWithHeroes` is never constructed
   --> apps\simulation\src\config.rs:373:5
    |
370 | enum AccountStoreMutationScope<'a> {
    |      ------------------------- variant in this enum
...
373 |     AccountsWithHeroes { account_ids: &'a [String], hero_ids: &'a [i32], allocate: bool },
    |     ^^^^^^^^^^^^^^^^^^
    |
    = note: `AccountStoreMutationScope` has derived impls for the traits `Clone` and `Debug`, but these are intentionally ignored during dead code analysis

warning: field `admitted_minutes` is never read
  --> apps\simulation\src\config_guild_clock_transactions.rs:13:9
   |
 6 | pub(in crate::config) struct GuildClockCommitReceipt {
   |                              ----------------------- field in this struct
...
13 |     pub admitted_minutes: u64,
   |         ^^^^^^^^^^^^^^^^
   |
   = note: `GuildClockCommitReceipt` has derived impls for the traits `Clone` and `Debug`, but these are intentionally ignored during dead code analysis

warning: function `commit_postgres_tick` is never used
  --> apps\simulation\src\config_guild_clock_transactions.rs:17:26
   |
17 | pub(in crate::config) fn commit_postgres_tick(
   |                          ^^^^^^^^^^^^^^^^^^^^

warning: function `commit_postgres_tick_checked` is never used
  --> apps\simulation\src\config_guild_clock_transactions.rs:24:26
   |
24 | pub(in crate::config) fn commit_postgres_tick_checked(
   |                          ^^^^^^^^^^^^^^^^^^^^^^^^^^^^

warning: method `item_identity_path` is never used
   --> apps\simulation\src\config_file_authority.rs:102:19
    |
 99 | impl FileAuthority {
    | ------------------ method in this implementation
...
102 |     pub(super) fn item_identity_path(&self, config: &SimulationConfig) -> Result<PathBuf, String> {
    |                   ^^^^^^^^^^^^^^^^^^

warning: method `refresh_shared_hero_authority` is never used
 --> apps\simulation\src\config_hero_authority.rs:8:19
  |
7 | impl SimulationConfig {
  | --------------------- method in this implementation
8 |     pub(crate) fn refresh_shared_hero_authority(&self)->Result<(),String>{
  |                   ^^^^^^^^^^^^^^^^^^^^^^^^^^^^^

warning: method `shared_guild_authority_snapshot` is never used
   --> apps\simulation\src\config_shared_guilds.rs:845:19
    |
844 | impl SimulationConfig {
    | --------------------- method in this implementation
845 |     pub(crate) fn shared_guild_authority_snapshot(
    |                   ^^^^^^^^^^^^^^^^^^^^^^^^^^^^^^^

warning: variant `MacAgility` is never constructed
   --> apps\simulation\src\runtime\combat.rs:776:5
    |
769 | pub(super) enum CrystalDefence {
    |                 -------------- variant in this enum
...
776 |     MacAgility,
    |     ^^^^^^^^^^
    |
    = note: `CrystalDefence` has derived impls for the traits `Debug` and `Clone`, but these are intentionally ignored during dead code analysis

warning: constant `CRYSTAL_BAG_WEIGHT_LIMIT` is never used
  --> apps\simulation\src\runtime\drops.rs:70:18
   |
70 | pub(super) const CRYSTAL_BAG_WEIGHT_LIMIT: u32 = 100;
   |                  ^^^^^^^^^^^^^^^^^^^^^^^^

warning: function `resolved_monster_drop_templates_at_tick` is never used
   --> apps\simulation\src\runtime\drops.rs:464:15
    |
464 | pub(super) fn resolved_monster_drop_templates_at_tick(
    |               ^^^^^^^^^^^^^^^^^^^^^^^^^^^^^^^^^^^^^^^

warning: function `crystal_monster_drop_templates` is never used
   --> apps\simulation\src\runtime\drops.rs:535:15
    |
535 | pub(super) fn crystal_monster_drop_templates(
    |               ^^^^^^^^^^^^^^^^^^^^^^^^^^^^^^

warning: function `crystal_resolve_group_drop` is never used
   --> apps\simulation\src\runtime\drops.rs:610:15
    |
610 | pub(super) fn crystal_resolve_group_drop(
    |               ^^^^^^^^^^^^^^^^^^^^^^^^^^

warning: function `crystal_drop_entry_should_drop` is never used
   --> apps\simulation\src\runtime\drops.rs:665:15
    |
665 | pub(super) fn crystal_drop_entry_should_drop(
    |               ^^^^^^^^^^^^^^^^^^^^^^^^^^^^^^

warning: method `socketed_count` is never used
   --> apps\simulation\src\runtime\equipment.rs:303:19
    |
119 | impl EquipmentState {
    | ------------------- method in this implementation
...
303 |     pub(super) fn socketed_count(&self) -> usize {
    |                   ^^^^^^^^^^^^^^

warning: function `equipment_state_identified` is never used
   --> apps\simulation\src\runtime\equipment.rs:308:15
    |
308 | pub(super) fn equipment_state_identified(item: &EquipmentState) -> bool {
    |               ^^^^^^^^^^^^^^^^^^^^^^^^^^

warning: function `equipment_state_soul_bound_id` is never used
   --> apps\simulation\src\runtime\equipment.rs:313:15
    |
313 | pub(super) fn equipment_state_soul_bound_id(item: &EquipmentState) -> i32 {
    |               ^^^^^^^^^^^^^^^^^^^^^^^^^^^^^

warning: function `hero_inventory_equipment_slot` is never used
   --> apps\simulation\src\runtime\hero_ai.rs:180:4
    |
180 | fn hero_inventory_equipment_slot(item: &ItemState) -> Option<EquipmentSlot> {
    |    ^^^^^^^^^^^^^^^^^^^^^^^^^^^^^

warning: function `hero_inventory_item_is_broken` is never used
   --> apps\simulation\src\runtime\hero_ai.rs:185:4
    |
185 | fn hero_inventory_item_is_broken(item: &ItemState) -> bool {
    |    ^^^^^^^^^^^^^^^^^^^^^^^^^^^^^

warning: function `hero_inventory_item_modeled_base_stat` is never used
   --> apps\simulation\src\runtime\hero_ai.rs:189:4
    |
189 | fn hero_inventory_item_modeled_base_stat(item: &ItemState, stat: u8) -> i32 {
    |    ^^^^^^^^^^^^^^^^^^^^^^^^^^^^^^^^^^^^^

warning: function `hero_inventory_item_crystal_stat` is never used
   --> apps\simulation\src\runtime\hero_ai.rs:197:4
    |
197 | fn hero_inventory_item_crystal_stat(item: &ItemState, stat: u8) -> i32 {
    |    ^^^^^^^^^^^^^^^^^^^^^^^^^^^^^^^^

warning: function `hero_inventory_crystal_stat_total` is never used
   --> apps\simulation\src\runtime\hero_ai.rs:214:15
    |
214 | pub(super) fn hero_inventory_crystal_stat_total(world: &World, stat: u8) -> i32 {
    |               ^^^^^^^^^^^^^^^^^^^^^^^^^^^^^^^^^

warning: enum `CarrierOrigin` is never used
 --> apps\simulation\src\runtime\hero_registry_carriers.rs:8:17
  |
8 | pub(super) enum CarrierOrigin { External, Hero(i32) }
  |                 ^^^^^^^^^^^^^

warning: struct `HeroCarrierCensus` is never constructed
  --> apps\simulation\src\runtime\hero_registry_carriers.rs:10:19
   |
10 | pub(super) struct HeroCarrierCensus {
   |                   ^^^^^^^^^^^^^^^^^

warning: methods `node`, `record`, `record_unresolved_legacy`, and `validate` are never used
  --> apps\simulation\src\runtime\hero_registry_carriers.rs:15:8
   |
14 | impl HeroCarrierCensus {
   | ---------------------- methods in this implementation
15 |     fn node(&mut self,item:&UserItem,origin:CarrierOrigin)->Result<(),String>{
   |        ^^^^
...
27 |     pub fn record(&mut self,item:&UserItem,origin:CarrierOrigin)->Result<(),String>{
   |            ^^^^^^
...
42 |     pub fn record_unresolved_legacy(&mut self,root:&super::items::ItemState)->Result<(),String>{
   |            ^^^^^^^^^^^^^^^^^^^^^^^^
...
70 |     pub fn validate(&self,heroes:&BTreeMap<i32,SharedHeroRecord>,owned_ids:&BTreeSet<u64>)->Result<(),String>{
   |            ^^^^^^^^

warning: function `decode` is never used
 --> apps\simulation\src\runtime\hero_registry_scan.rs:8:4
  |
8 | fn decode<T:DeserializeOwned>(value:&str)->Result<T,String>{serde_json::from_str(value).map_err(|error|format!("invalid Hero custody ...
  |    ^^^^^^

warning: function `add_wire` is never used
 --> apps\simulation\src\runtime\hero_registry_scan.rs:9:4
  |
9 | fn add_wire(census:&mut HeroCarrierCensus,item:&UserItem,origin:CarrierOrigin,forbidden_bind:u16)->Result<(),String>{
  |    ^^^^^^^^

warning: function `add_items` is never used
  --> apps\simulation\src\runtime\hero_registry_scan.rs:21:4
   |
21 | fn add_items(census:&mut HeroCarrierCensus,encoded:&[String],origin:CarrierOrigin,forbidden:u16)->Result<(),String>{
   |    ^^^^^^^^^

warning: function `add_character` is never used
  --> apps\simulation\src\runtime\hero_registry_scan.rs:32:4
   |
32 | fn add_character(census:&mut HeroCarrierCensus,save:&CharacterSaveRecord,mirrored:bool)->Result<(),String>{
   |    ^^^^^^^^^^^^^

warning: function `validate_shared_hero_physical_custody` is never used
  --> apps\simulation\src\runtime\hero_registry_scan.rs:86:15
   |
86 | pub(crate) fn validate_shared_hero_physical_custody(store:&AccountStore)->Result<(),String>{
   |               ^^^^^^^^^^^^^^^^^^^^^^^^^^^^^^^^^^^^^

warning: function `hero_inventory_item_is_broken` is never used
    --> apps\simulation\src\runtime\items.rs:3452:4
     |
3452 | fn hero_inventory_item_is_broken(item: &ItemState) -> bool {
     |    ^^^^^^^^^^^^^^^^^^^^^^^^^^^^^

warning: function `hero_inventory_requirement_stat` is never used
    --> apps\simulation\src\runtime\items.rs:3456:4
     |
3456 | fn hero_inventory_requirement_stat(item: &ItemState, stat: u8) -> i32 {
     |    ^^^^^^^^^^^^^^^^^^^^^^^^^^^^^^^

warning: function `repair_conquest_asset` is never used
    --> apps\simulation\src\runtime\monsters.rs:1878:15
     |
1878 | pub(super) fn repair_conquest_asset(world: &mut World, ai: u8, asset_id: u8) -> bool {
     |               ^^^^^^^^^^^^^^^^^^^^^

warning: function `crystal_npc_visible_to_character` is never used
   --> apps\simulation\src\runtime\npc.rs:245:15
    |
245 | pub(super) fn crystal_npc_visible_to_character(
    |               ^^^^^^^^^^^^^^^^^^^^^^^^^^^^^^^^

warning: function `complete_quest` is never used
    --> apps\simulation\src\runtime\quests.rs:1030:15
     |
1030 | pub(super) fn complete_quest(world: &mut World, quest_id: i32) {
     |               ^^^^^^^^^^^^^^

warning: function `default_save_for_character` is never used
  --> apps\simulation\src\runtime\save.rs:76:15
   |
76 | pub(super) fn default_save_for_character(
   |               ^^^^^^^^^^^^^^^^^^^^^^^^^^

warning: function `persist_character_save` is never used
   --> apps\simulation\src\runtime\save.rs:921:15
    |
921 | pub(super) fn persist_character_save(
    |               ^^^^^^^^^^^^^^^^^^^^^^

warning: function `bank_mentor_gain` is never used
   --> apps\simulation\src\runtime\shared_relationships.rs:321:15
    |
321 | pub(super) fn bank_mentor_gain(
    |               ^^^^^^^^^^^^^^^^

warning: method `game_shop_buy_product` is never used
    --> apps\simulation\src\runtime\stage5.rs:4304:8
     |
3234 | impl SimulationSession {
     | ---------------------- method in this implementation
...
4304 |     fn game_shop_buy_product(
     |        ^^^^^^^^^^^^^^^^^^^^^

warning: struct `ZoneExperienceProfile` is never constructed
  --> apps\simulation\src\runtime\zone\experience.rs:13:12
   |
13 | pub struct ZoneExperienceProfile {
   |            ^^^^^^^^^^^^^^^^^^^^^

warning: method `select` is never used
  --> apps\simulation\src\runtime\zone\experience.rs:41:19
   |
40 | impl ZoneExperienceProfile {
   | -------------------------- method in this implementation
41 |     pub(super) fn select(
   |                   ^^^^^^

warning: function `hell_can_move` is never used
  --> apps\simulation\src\runtime\zone\runtime\hell_ai.rs:68:15
   |
68 | pub(super) fn hell_can_move(m: &ZoneNativeMonster) -> bool {
   |               ^^^^^^^^^^^^^

warning: function `hell_can_regen` is never used
  --> apps\simulation\src\runtime\zone\runtime\hell_ai.rs:74:15
   |
74 | pub(super) fn hell_can_regen(m: &ZoneNativeMonster) -> bool {
   |               ^^^^^^^^^^^^^^

warning: methods `blocking` and `set_replay_seed` are never used
   --> apps\simulation\src\runtime\zone\intelligent_creatures.rs:183:12
    |
112 | impl ZoneIntelligentCreature {
    | ---------------------------- methods in this implementation
...
183 |     pub fn blocking(&self) -> bool {
    |            ^^^^^^^^
...
187 |     pub fn set_replay_seed(&mut self, seed: u64) {
    |            ^^^^^^^^^^^^^^^

warning: unused import: `ZoneExperienceProfile`
 --> apps\simulation\src\runtime\zone\mod.rs:6:22
  |
6 | pub use experience::{ZoneExperienceProfile,ZoneExperienceSelection,ZoneGuildExperienceMembership};
  |                      ^^^^^^^^^^^^^^^^^^^^^

warning: use of deprecated method `bevy_ecs::world::World::iter_entities`: use world.query::<EntityRef>()` instead
  --> apps\simulation\src\runtime\hero_cast.rs:99:27
   |
99 |         let monster=world.iter_entities().find(|e|e.get::<Monster>().is_some()).unwrap().id();
   |                           ^^^^^^^^^^^^^

warning: type `hero_registry::HeroSourceVersions` is more private than the item `config::AccountStoreRepositorySave::heroes`
   --> apps\simulation\src\config.rs:777:5
    |
777 |     pub(crate) heroes: hero_registry::HeroSourceVersions,
    |     ^^^^^^^^^^^^^^^^^^^^^^^^^^^^^^^^^^^^^^^^^^^^^^^^^^^^ field `config::AccountStoreRepositorySave::heroes` is reachable at visibility `pub(crate)`
    |
note: but type `hero_registry::HeroSourceVersions` is only usable at visibility `pub(in crate::config)`
   --> apps\simulation\src\config_hero_registry.rs:93:1
    |
 93 | pub(super) struct HeroSourceVersions {
    | ^^^^^^^^^^^^^^^^^^^^^^^^^^^^^^^^^^^^
    = note: `#[warn(private_interfaces)]` on by default

warning: type `entity_combat::ZoneCombatEntityRef` is more private than the item `tree_queen_ai::TreeQueenRoot::source_ref`
  --> apps\simulation\src\runtime\zone\runtime\tree_queen_ai.rs:39:5
   |
39 |     pub source_ref: Option<ZoneCombatEntityRef>,
   |     ^^^^^^^^^^^^^^^^^^^^^^^^^^^^^^^^^^^^^^^^^^^ field `tree_queen_ai::TreeQueenRoot::source_ref` is reachable at visibility `pub(in crate::runtime::zone)`
   |
note: but type `entity_combat::ZoneCombatEntityRef` is only usable at visibility `pub(in crate::runtime::zone::runtime)`
  --> apps\simulation\src\runtime\zone\runtime\entity_combat.rs:7:1
   |
 7 | pub(super) enum ZoneCombatEntityRef {
   | ^^^^^^^^^^^^^^^^^^^^^^^^^^^^^^^^^^^

warning: type `entity_combat::ZoneCombatEntityRef` is more private than the item `EvilMirState::target_ref`
  --> apps\simulation\src\runtime\zone\runtime\evil_mir_ai.rs:11:5
   |
11 |     pub target_ref: Option<ZoneCombatEntityRef>,
   |     ^^^^^^^^^^^^^^^^^^^^^^^^^^^^^^^^^^^^^^^^^^^ field `EvilMirState::target_ref` is reachable at visibility `pub(in crate::runtime::zone)`
   |
note: but type `entity_combat::ZoneCombatEntityRef` is only usable at visibility `pub(in crate::runtime::zone::runtime)`
  --> apps\simulation\src\runtime\zone\runtime\entity_combat.rs:7:1
   |
 7 | pub(super) enum ZoneCombatEntityRef {
   | ^^^^^^^^^^^^^^^^^^^^^^^^^^^^^^^^^^^

warning: type `entity_combat::ZoneCombatEntityRef` is more private than the item `EvilMirPendingSource::source`
  --> apps\simulation\src\runtime\zone\runtime\evil_mir_ai.rs:20:5
   |
20 |     pub source: ZoneCombatEntityRef,
   |     ^^^^^^^^^^^^^^^^^^^^^^^^^^^^^^^ field `EvilMirPendingSource::source` is reachable at visibility `pub(in crate::runtime::zone)`
   |
note: but type `entity_combat::ZoneCombatEntityRef` is only usable at visibility `pub(in crate::runtime::zone::runtime)`
  --> apps\simulation\src\runtime\zone\runtime\entity_combat.rs:7:1
   |
 7 | pub(super) enum ZoneCombatEntityRef {
   | ^^^^^^^^^^^^^^^^^^^^^^^^^^^^^^^^^^^

warning: type `entity_combat::ZoneCombatEntityRef` is more private than the item `GreatFoxState::target_ref`
  --> apps\simulation\src\runtime\zone\runtime\great_fox_ai.rs:15:5
   |
15 |     pub target_ref: Option<ZoneCombatEntityRef>,
   |     ^^^^^^^^^^^^^^^^^^^^^^^^^^^^^^^^^^^^^^^^^^^ field `GreatFoxState::target_ref` is reachable at visibility `pub(in crate::runtime::zone)`
   |
note: but type `entity_combat::ZoneCombatEntityRef` is only usable at visibility `pub(in crate::runtime::zone::runtime)`
  --> apps\simulation\src\runtime\zone\runtime\entity_combat.rs:7:1
   |
 7 | pub(super) enum ZoneCombatEntityRef {
   | ^^^^^^^^^^^^^^^^^^^^^^^^^^^^^^^^^^^

warning: type `entity_combat::ZoneCombatEntityRef` is more private than the item `GreatFoxHit::source_ref`
  --> apps\simulation\src\runtime\zone\runtime\great_fox_ai.rs:42:5
   |
42 |     pub source_ref: Option<ZoneCombatEntityRef>,
   |     ^^^^^^^^^^^^^^^^^^^^^^^^^^^^^^^^^^^^^^^^^^^ field `GreatFoxHit::source_ref` is reachable at visibility `pub(in crate::runtime::zone)`
   |
note: but type `entity_combat::ZoneCombatEntityRef` is only usable at visibility `pub(in crate::runtime::zone::runtime)`
  --> apps\simulation\src\runtime\zone\runtime\entity_combat.rs:7:1
   |
 7 | pub(super) enum ZoneCombatEntityRef {
   | ^^^^^^^^^^^^^^^^^^^^^^^^^^^^^^^^^^^

warning: type `entity_combat::ZoneCombatEntityRef` is more private than the item `GreatFoxHit::target_ref`
  --> apps\simulation\src\runtime\zone\runtime\great_fox_ai.rs:44:5
   |
44 |     pub target_ref: Option<ZoneCombatEntityRef>,
   |     ^^^^^^^^^^^^^^^^^^^^^^^^^^^^^^^^^^^^^^^^^^^ field `GreatFoxHit::target_ref` is reachable at visibility `pub(in crate::runtime::zone)`
   |
note: but type `entity_combat::ZoneCombatEntityRef` is only usable at visibility `pub(in crate::runtime::zone::runtime)`
  --> apps\simulation\src\runtime\zone\runtime\entity_combat.rs:7:1
   |
 7 | pub(super) enum ZoneCombatEntityRef {
   | ^^^^^^^^^^^^^^^^^^^^^^^^^^^^^^^^^^^

warning: type `entity_combat::ZoneCombatEntityRef` is more private than the item `HornedEncounterState::target_ref`
  --> apps\simulation\src\runtime\zone\runtime\horned_encounter_ai.rs:12:5
   |
12 |     pub target_ref: Option<ZoneCombatEntityRef>,
   |     ^^^^^^^^^^^^^^^^^^^^^^^^^^^^^^^^^^^^^^^^^^^ field `HornedEncounterState::target_ref` is reachable at visibility `pub(in crate::runtime::zone)`
   |
note: but type `entity_combat::ZoneCombatEntityRef` is only usable at visibility `pub(in crate::runtime::zone::runtime)`
  --> apps\simulation\src\runtime\zone\runtime\entity_combat.rs:7:1
   |
 7 | pub(super) enum ZoneCombatEntityRef {
   | ^^^^^^^^^^^^^^^^^^^^^^^^^^^^^^^^^^^

warning: type `entity_combat::ZoneCombatEntityRef` is more private than the item `HornedEncounterHit::source_ref`
  --> apps\simulation\src\runtime\zone\runtime\horned_encounter_ai.rs:38:5
   |
38 |     pub source_ref: Option<ZoneCombatEntityRef>,
   |     ^^^^^^^^^^^^^^^^^^^^^^^^^^^^^^^^^^^^^^^^^^^ field `HornedEncounterHit::source_ref` is reachable at visibility `pub(in crate::runtime::zone)`
   |
note: but type `entity_combat::ZoneCombatEntityRef` is only usable at visibility `pub(in crate::runtime::zone::runtime)`
  --> apps\simulation\src\runtime\zone\runtime\entity_combat.rs:7:1
   |
 7 | pub(super) enum ZoneCombatEntityRef {
   | ^^^^^^^^^^^^^^^^^^^^^^^^^^^^^^^^^^^

warning: type `entity_combat::ZoneCombatEntityRef` is more private than the item `HornedEncounterHit::target_ref`
  --> apps\simulation\src\runtime\zone\runtime\horned_encounter_ai.rs:41:5
   |
41 |     pub target_ref: Option<ZoneCombatEntityRef>,
   |     ^^^^^^^^^^^^^^^^^^^^^^^^^^^^^^^^^^^^^^^^^^^ field `HornedEncounterHit::target_ref` is reachable at visibility `pub(in crate::runtime::zone)`
   |
note: but type `entity_combat::ZoneCombatEntityRef` is only usable at visibility `pub(in crate::runtime::zone::runtime)`
  --> apps\simulation\src\runtime\zone\runtime\entity_combat.rs:7:1
   |
 7 | pub(super) enum ZoneCombatEntityRef {
   | ^^^^^^^^^^^^^^^^^^^^^^^^^^^^^^^^^^^

warning: type `entity_combat::ZoneCombatEntityRef` is more private than the item `HornedMapSpell::source_ref`
  --> apps\simulation\src\runtime\zone\runtime\horned_encounter_ai.rs:60:5
   |
60 |     pub source_ref: Option<ZoneCombatEntityRef>,
   |     ^^^^^^^^^^^^^^^^^^^^^^^^^^^^^^^^^^^^^^^^^^^ field `HornedMapSpell::source_ref` is reachable at visibility `pub(in crate::runtime::zone)`
   |
note: but type `entity_combat::ZoneCombatEntityRef` is only usable at visibility `pub(in crate::runtime::zone::runtime)`
  --> apps\simulation\src\runtime\zone\runtime\entity_combat.rs:7:1
   |
 7 | pub(super) enum ZoneCombatEntityRef {
   | ^^^^^^^^^^^^^^^^^^^^^^^^^^^^^^^^^^^

warning: type `entity_combat::ZoneCombatEntityRef` is more private than the item `HornedState::target_ref`
  --> apps\simulation\src\runtime\zone\runtime\horned_ai.rs:14:5
   |
14 |     pub target_ref: Option<ZoneCombatEntityRef>,
   |     ^^^^^^^^^^^^^^^^^^^^^^^^^^^^^^^^^^^^^^^^^^^ field `HornedState::target_ref` is reachable at visibility `pub(in crate::runtime::zone)`
   |
note: but type `entity_combat::ZoneCombatEntityRef` is only usable at visibility `pub(in crate::runtime::zone::runtime)`
  --> apps\simulation\src\runtime\zone\runtime\entity_combat.rs:7:1
   |
 7 | pub(super) enum ZoneCombatEntityRef {
   | ^^^^^^^^^^^^^^^^^^^^^^^^^^^^^^^^^^^

warning: type `entity_combat::ZoneCombatEntityRef` is more private than the item `HornedHit::source_ref`
  --> apps\simulation\src\runtime\zone\runtime\horned_ai.rs:28:5
   |
28 |     pub source_ref: Option<ZoneCombatEntityRef>,
   |     ^^^^^^^^^^^^^^^^^^^^^^^^^^^^^^^^^^^^^^^^^^^ field `HornedHit::source_ref` is reachable at visibility `pub(in crate::runtime::zone)`
   |
note: but type `entity_combat::ZoneCombatEntityRef` is only usable at visibility `pub(in crate::runtime::zone::runtime)`
  --> apps\simulation\src\runtime\zone\runtime\entity_combat.rs:7:1
   |
 7 | pub(super) enum ZoneCombatEntityRef {
   | ^^^^^^^^^^^^^^^^^^^^^^^^^^^^^^^^^^^

warning: type `entity_combat::ZoneCombatEntityRef` is more private than the item `HornedHit::target_ref`
  --> apps\simulation\src\runtime\zone\runtime\horned_ai.rs:30:5
   |
30 |     pub target_ref: Option<ZoneCombatEntityRef>,
   |     ^^^^^^^^^^^^^^^^^^^^^^^^^^^^^^^^^^^^^^^^^^^ field `HornedHit::target_ref` is reachable at visibility `pub(in crate::runtime::zone)`
   |
note: but type `entity_combat::ZoneCombatEntityRef` is only usable at visibility `pub(in crate::runtime::zone::runtime)`
  --> apps\simulation\src\runtime\zone\runtime\entity_combat.rs:7:1
   |
 7 | pub(super) enum ZoneCombatEntityRef {
   | ^^^^^^^^^^^^^^^^^^^^^^^^^^^^^^^^^^^

warning: type `entity_combat::ZoneCombatEntityRef` is more private than the item `HellState::explosion_source_ref`
  --> apps\simulation\src\runtime\zone\runtime\hell_ai.rs:14:5
   |
14 |     pub explosion_source_ref: Option<ZoneCombatEntityRef>,
   |     ^^^^^^^^^^^^^^^^^^^^^^^^^^^^^^^^^^^^^^^^^^^^^^^^^^^^^ field `HellState::explosion_source_ref` is reachable at visibility `pub(in crate::runtime::zone)`
   |
note: but type `entity_combat::ZoneCombatEntityRef` is only usable at visibility `pub(in crate::runtime::zone::runtime)`
  --> apps\simulation\src\runtime\zone\runtime\entity_combat.rs:7:1
   |
 7 | pub(super) enum ZoneCombatEntityRef {
   | ^^^^^^^^^^^^^^^^^^^^^^^^^^^^^^^^^^^

warning: type `entity_combat::ZoneCombatEntityRef` is more private than the item `SpiderAiState::parent_ref`
  --> apps\simulation\src\runtime\zone\runtime\spider_ai.rs:40:5
   |
40 |     pub parent_ref: Option<ZoneCombatEntityRef>,
   |     ^^^^^^^^^^^^^^^^^^^^^^^^^^^^^^^^^^^^^^^^^^^ field `SpiderAiState::parent_ref` is reachable at visibility `pub(in crate::runtime::zone)`
   |
note: but type `entity_combat::ZoneCombatEntityRef` is only usable at visibility `pub(in crate::runtime::zone::runtime)`
  --> apps\simulation\src\runtime\zone\runtime\entity_combat.rs:7:1
   |
 7 | pub(super) enum ZoneCombatEntityRef {
   | ^^^^^^^^^^^^^^^^^^^^^^^^^^^^^^^^^^^

warning: type `entity_combat::ZoneCombatEntityRef` is more private than the item `PendingRootSpiderSpawn::source`
  --> apps\simulation\src\runtime\zone\runtime\spider_ai.rs:52:5
   |
52 |     pub source: Option<ZoneCombatEntityRef>,
   |     ^^^^^^^^^^^^^^^^^^^^^^^^^^^^^^^^^^^^^^^ field `PendingRootSpiderSpawn::source` is reachable at visibility `pub(in crate::runtime::zone)`
   |
note: but type `entity_combat::ZoneCombatEntityRef` is only usable at visibility `pub(in crate::runtime::zone::runtime)`
  --> apps\simulation\src\runtime\zone\runtime\entity_combat.rs:7:1
   |
 7 | pub(super) enum ZoneCombatEntityRef {
   | ^^^^^^^^^^^^^^^^^^^^^^^^^^^^^^^^^^^

warning: type `entity_combat::ZoneCombatEntityRef` is more private than the item `PendingRootSpiderSpawn::target`
  --> apps\simulation\src\runtime\zone\runtime\spider_ai.rs:54:5
   |
54 |     pub target: Option<ZoneCombatEntityRef>,
   |     ^^^^^^^^^^^^^^^^^^^^^^^^^^^^^^^^^^^^^^^ field `PendingRootSpiderSpawn::target` is reachable at visibility `pub(in crate::runtime::zone)`
   |
note: but type `entity_combat::ZoneCombatEntityRef` is only usable at visibility `pub(in crate::runtime::zone::runtime)`
  --> apps\simulation\src\runtime\zone\runtime\entity_combat.rs:7:1
   |
 7 | pub(super) enum ZoneCombatEntityRef {
   | ^^^^^^^^^^^^^^^^^^^^^^^^^^^^^^^^^^^

warning: function `bootstrap_mirror` is never used
   --> apps\simulation\src\config_item_identity.rs:143:15
    |
143 | pub(super) fn bootstrap_mirror(
    |               ^^^^^^^^^^^^^^^^
    |
    = note: `#[warn(dead_code)]` (part of `#[warn(unused)]`) on by default

warning: function `mirror_client` is never used
   --> apps\simulation\src\config_item_identity.rs:187:4
    |
187 | fn mirror_client(config: &SimulationConfig) -> Result<postgres::Client, String> {
    |    ^^^^^^^^^^^^^

warning: function `reserve_mirror` is never used
   --> apps\simulation\src\config_item_identity.rs:203:15
    |
203 | pub(super) fn reserve_mirror(
    |               ^^^^^^^^^^^^^^

warning: method `record_unresolved_legacy` is never used
  --> apps\simulation\src\runtime\hero_registry_carriers.rs:42:12
   |
14 | impl HeroCarrierCensus {
   | ---------------------- method in this implementation
...
42 |     pub fn record_unresolved_legacy(&mut self,root:&super::items::ItemState)->Result<(),String>{
   |            ^^^^^^^^^^^^^^^^^^^^^^^^

warning: unused `std::result::Result` that must be used
    --> apps\simulation\src\runtime\tests.rs:1697:5
     |
1697 |     sender.save_active_character();
     |     ^^^^^^^^^^^^^^^^^^^^^^^^^^^^^^
     |
     = note: this `Result` may be an `Err` variant, which should be handled
     = note: `#[warn(unused_must_use)]` (part of `#[warn(unused)]`) on by default
help: use `let _ = ...` to ignore the resulting value
     |
1697 |     let _ = sender.save_active_character();
     |     +++++++

warning: unused `std::result::Result` that must be used
    --> apps\simulation\src\runtime\tests.rs:2990:5
     |
2990 |     session.save_active_character();
     |     ^^^^^^^^^^^^^^^^^^^^^^^^^^^^^^^
     |
     = note: this `Result` may be an `Err` variant, which should be handled
help: use `let _ = ...` to ignore the resulting value
     |
2990 |     let _ = session.save_active_character();
     |     +++++++

warning: unused `std::result::Result` that must be used
    --> apps\simulation\src\runtime\tests.rs:3013:5
     |
3013 |     session.save_active_character();
     |     ^^^^^^^^^^^^^^^^^^^^^^^^^^^^^^^
     |
     = note: this `Result` may be an `Err` variant, which should be handled
help: use `let _ = ...` to ignore the resulting value
     |
3013 |     let _ = session.save_active_character();
     |     +++++++

warning: unused `std::result::Result` that must be used
    --> apps\simulation\src\runtime\tests.rs:3103:5
     |
3103 |     first.save_active_character();
     |     ^^^^^^^^^^^^^^^^^^^^^^^^^^^^^
     |
     = note: this `Result` may be an `Err` variant, which should be handled
help: use `let _ = ...` to ignore the resulting value
     |
3103 |     let _ = first.save_active_character();
     |     +++++++

warning: unused `std::result::Result` that must be used
    --> apps\simulation\src\runtime\tests.rs:3167:5
     |
3167 |     session.save_active_character();
     |     ^^^^^^^^^^^^^^^^^^^^^^^^^^^^^^^
     |
     = note: this `Result` may be an `Err` variant, which should be handled
help: use `let _ = ...` to ignore the resulting value
     |
3167 |     let _ = session.save_active_character();
     |     +++++++

warning: unused `std::result::Result` that must be used
    --> apps\simulation\src\runtime\tests.rs:3234:5
     |
3234 |     first.save_active_character();
     |     ^^^^^^^^^^^^^^^^^^^^^^^^^^^^^
     |
     = note: this `Result` may be an `Err` variant, which should be handled
help: use `let _ = ...` to ignore the resulting value
     |
3234 |     let _ = first.save_active_character();
     |     +++++++

warning: unused `std::result::Result` that must be used
    --> apps\simulation\src\runtime\tests.rs:3457:5
     |
3457 |     alpha.save_active_character();
     |     ^^^^^^^^^^^^^^^^^^^^^^^^^^^^^
     |
     = note: this `Result` may be an `Err` variant, which should be handled
help: use `let _ = ...` to ignore the resulting value
     |
3457 |     let _ = alpha.save_active_character();
     |     +++++++

warning: unused `std::result::Result` that must be used
    --> apps\simulation\src\runtime\tests.rs:3458:5
     |
3458 |     beta.save_active_character();
     |     ^^^^^^^^^^^^^^^^^^^^^^^^^^^^
     |
     = note: this `Result` may be an `Err` variant, which should be handled
help: use `let _ = ...` to ignore the resulting value
     |
3458 |     let _ = beta.save_active_character();
     |     +++++++

warning: unused `std::result::Result` that must be used
    --> apps\simulation\src\runtime\tests.rs:6656:5
     |
6656 |     session.save_active_character();
     |     ^^^^^^^^^^^^^^^^^^^^^^^^^^^^^^^
     |
     = note: this `Result` may be an `Err` variant, which should be handled
help: use `let _ = ...` to ignore the resulting value
     |
6656 |     let _ = session.save_active_character();
     |     +++++++

warning: unused `std::result::Result` that must be used
     --> apps\simulation\src\runtime\tests.rs:28407:5
      |
28407 |     session.save_active_character();
      |     ^^^^^^^^^^^^^^^^^^^^^^^^^^^^^^^
      |
      = note: this `Result` may be an `Err` variant, which should be handled
help: use `let _ = ...` to ignore the resulting value
      |
28407 |     let _ = session.save_active_character();
      |     +++++++

warning: unused `std::result::Result` that must be used
     --> apps\simulation\src\runtime\tests.rs:29395:5
      |
29395 |     first.save_active_character();
      |     ^^^^^^^^^^^^^^^^^^^^^^^^^^^^^
      |
      = note: this `Result` may be an `Err` variant, which should be handled
help: use `let _ = ...` to ignore the resulting value
      |
29395 |     let _ = first.save_active_character();
      |     +++++++

warning: unused `std::result::Result` that must be used
     --> apps\simulation\src\runtime\tests.rs:30423:5
      |
30423 |     first.save_active_character();
      |     ^^^^^^^^^^^^^^^^^^^^^^^^^^^^^
      |
      = note: this `Result` may be an `Err` variant, which should be handled
help: use `let _ = ...` to ignore the resulting value
      |
30423 |     let _ = first.save_active_character();
      |     +++++++

warning: unused `std::result::Result` that must be used
     --> apps\simulation\src\runtime\tests.rs:32315:5
      |
32315 |     first.save_active_character();
      |     ^^^^^^^^^^^^^^^^^^^^^^^^^^^^^
      |
      = note: this `Result` may be an `Err` variant, which should be handled
help: use `let _ = ...` to ignore the resulting value
      |
32315 |     let _ = first.save_active_character();
      |     +++++++

warning: unused `std::result::Result` that must be used
     --> apps\simulation\src\runtime\tests.rs:35470:5
      |
35470 |     session.save_active_character();
      |     ^^^^^^^^^^^^^^^^^^^^^^^^^^^^^^^
      |
      = note: this `Result` may be an `Err` variant, which should be handled
help: use `let _ = ...` to ignore the resulting value
      |
35470 |     let _ = session.save_active_character();
      |     +++++++

warning: unused `std::result::Result` that must be used
     --> apps\simulation\src\runtime\tests.rs:42392:5
      |
42392 |     session.save_active_character();
      |     ^^^^^^^^^^^^^^^^^^^^^^^^^^^^^^^
      |
      = note: this `Result` may be an `Err` variant, which should be handled
help: use `let _ = ...` to ignore the resulting value
      |
42392 |     let _ = session.save_active_character();
      |     +++++++

warning: unused `std::result::Result` that must be used
     --> apps\simulation\src\runtime\tests.rs:42717:5
      |
42717 |     session.save_active_character();
      |     ^^^^^^^^^^^^^^^^^^^^^^^^^^^^^^^
      |
      = note: this `Result` may be an `Err` variant, which should be handled
help: use `let _ = ...` to ignore the resulting value
      |
42717 |     let _ = session.save_active_character();
      |     +++++++

warning: unused `std::result::Result` that must be used
     --> apps\simulation\src\runtime\tests.rs:56439:5
      |
56439 |     session.save_active_character();
      |     ^^^^^^^^^^^^^^^^^^^^^^^^^^^^^^^
      |
      = note: this `Result` may be an `Err` variant, which should be handled
help: use `let _ = ...` to ignore the resulting value
      |
56439 |     let _ = session.save_active_character();
      |     +++++++

warning: unused `std::result::Result` that must be used
     --> apps\simulation\src\runtime\tests.rs:57541:5
      |
57541 |     session.save_active_character();
      |     ^^^^^^^^^^^^^^^^^^^^^^^^^^^^^^^
      |
      = note: this `Result` may be an `Err` variant, which should be handled
help: use `let _ = ...` to ignore the resulting value
      |
57541 |     let _ = session.save_active_character();
      |     +++++++

warning: unused `std::result::Result` that must be used
     --> apps\simulation\src\runtime\tests.rs:59093:5
      |
59093 |     session.save_active_character();
      |     ^^^^^^^^^^^^^^^^^^^^^^^^^^^^^^^
      |
      = note: this `Result` may be an `Err` variant, which should be handled
help: use `let _ = ...` to ignore the resulting value
      |
59093 |     let _ = session.save_active_character();
      |     +++++++

warning: unused `std::result::Result` that must be used
     --> apps\simulation\src\runtime\tests.rs:61018:5
      |
61018 |     first.save_active_character();
      |     ^^^^^^^^^^^^^^^^^^^^^^^^^^^^^
      |
      = note: this `Result` may be an `Err` variant, which should be handled
help: use `let _ = ...` to ignore the resulting value
      |
61018 |     let _ = first.save_active_character();
      |     +++++++

warning: unused `std::result::Result` that must be used
     --> apps\simulation\src\runtime\tests.rs:62680:5
      |
62680 |     session.save_active_character();
      |     ^^^^^^^^^^^^^^^^^^^^^^^^^^^^^^^
      |
      = note: this `Result` may be an `Err` variant, which should be handled
help: use `let _ = ...` to ignore the resulting value
      |
62680 |     let _ = session.save_active_character();
      |     +++++++

warning: unused `std::result::Result` that must be used
     --> apps\simulation\src\runtime\tests.rs:63024:5
      |
63024 |     sender.save_active_character();
      |     ^^^^^^^^^^^^^^^^^^^^^^^^^^^^^^
      |
      = note: this `Result` may be an `Err` variant, which should be handled
help: use `let _ = ...` to ignore the resulting value
      |
63024 |     let _ = sender.save_active_character();
      |     +++++++

warning: unused `std::result::Result` that must be used
     --> apps\simulation\src\runtime\tests.rs:63458:5
      |
63458 |     first.save_active_character();
      |     ^^^^^^^^^^^^^^^^^^^^^^^^^^^^^
      |
      = note: this `Result` may be an `Err` variant, which should be handled
help: use `let _ = ...` to ignore the resulting value
      |
63458 |     let _ = first.save_active_character();
      |     +++++++

warning: unused `std::result::Result` that must be used
     --> apps\simulation\src\runtime\tests.rs:63657:5
      |
63657 |     recipient.save_active_character();
      |     ^^^^^^^^^^^^^^^^^^^^^^^^^^^^^^^^^
      |
      = note: this `Result` may be an `Err` variant, which should be handled
help: use `let _ = ...` to ignore the resulting value
      |
63657 |     let _ = recipient.save_active_character();
      |     +++++++

warning: unused `std::result::Result` that must be used
     --> apps\simulation\src\runtime\tests.rs:63775:5
      |
63775 |     recipient.save_active_character();
      |     ^^^^^^^^^^^^^^^^^^^^^^^^^^^^^^^^^
      |
      = note: this `Result` may be an `Err` variant, which should be handled
help: use `let _ = ...` to ignore the resulting value
      |
63775 |     let _ = recipient.save_active_character();
      |     +++++++

warning: unused `std::result::Result` that must be used
     --> apps\simulation\src\runtime\tests.rs:64176:5
      |
64176 |     recipient.save_active_character();
      |     ^^^^^^^^^^^^^^^^^^^^^^^^^^^^^^^^^
      |
      = note: this `Result` may be an `Err` variant, which should be handled
help: use `let _ = ...` to ignore the resulting value
      |
64176 |     let _ = recipient.save_active_character();
      |     +++++++

warning: unused `std::result::Result` that must be used
     --> apps\simulation\src\runtime\tests.rs:64227:5
      |
64227 |     recipient.save_active_character();
      |     ^^^^^^^^^^^^^^^^^^^^^^^^^^^^^^^^^
      |
      = note: this `Result` may be an `Err` variant, which should be handled
help: use `let _ = ...` to ignore the resulting value
      |
64227 |     let _ = recipient.save_active_character();
      |     +++++++

warning: unused `std::result::Result` that must be used
     --> apps\simulation\src\runtime\tests.rs:64237:5
      |
64237 |     recipient.save_active_character();
      |     ^^^^^^^^^^^^^^^^^^^^^^^^^^^^^^^^^
      |
      = note: this `Result` may be an `Err` variant, which should be handled
help: use `let _ = ...` to ignore the resulting value
      |
64237 |     let _ = recipient.save_active_character();
      |     +++++++

warning: unused `std::result::Result` that must be used
     --> apps\simulation\src\runtime\tests.rs:65435:5
      |
65435 |     first.save_active_character();
      |     ^^^^^^^^^^^^^^^^^^^^^^^^^^^^^
      |
      = note: this `Result` may be an `Err` variant, which should be handled
help: use `let _ = ...` to ignore the resulting value
      |
65435 |     let _ = first.save_active_character();
      |     +++++++

warning: unused `std::result::Result` that must be used
     --> apps\simulation\src\runtime\tests.rs:66559:5
      |
66559 |     session.save_active_character();
      |     ^^^^^^^^^^^^^^^^^^^^^^^^^^^^^^^
      |
      = note: this `Result` may be an `Err` variant, which should be handled
help: use `let _ = ...` to ignore the resulting value
      |
66559 |     let _ = session.save_active_character();
      |     +++++++

warning: unused `std::result::Result` that must be used
     --> apps\simulation\src\runtime\tests.rs:70015:5
      |
70015 |     first.save_active_character();
      |     ^^^^^^^^^^^^^^^^^^^^^^^^^^^^^
      |
      = note: this `Result` may be an `Err` variant, which should be handled
help: use `let _ = ...` to ignore the resulting value
      |
70015 |     let _ = first.save_active_character();
      |     +++++++

warning: unused `std::result::Result` that must be used
    --> apps\simulation\src\runtime\stage5.rs:2694:9
     |
2694 |         session_a.save_active_character();
     |         ^^^^^^^^^^^^^^^^^^^^^^^^^^^^^^^^^
     |
     = note: this `Result` may be an `Err` variant, which should be handled
help: use `let _ = ...` to ignore the resulting value
     |
2694 |         let _ = session_a.save_active_character();
     |         +++++++

warning: `mir2-simulation` (lib) generated 74 warnings (run `cargo fix --lib -p mir2-simulation` to apply 7 suggestions)
warning: `mir2-simulation` (lib test) generated 85 warnings (29 duplicates) (run `cargo fix --lib -p mir2-simulation --tests` to apply 1 suggestion)
warning: unused `Result` that must be used
    --> apps\simulation\tests\hero_ai.rs:1010:5
     |
1010 |     session.save_active_character();
     |     ^^^^^^^^^^^^^^^^^^^^^^^^^^^^^^^
     |
     = note: this `Result` may be an `Err` variant, which should be handled
     = note: `#[warn(unused_must_use)]` (part of `#[warn(unused)]`) on by default
help: use `let _ = ...` to ignore the resulting value
     |
1010 |     let _ = session.save_active_character();
     |     +++++++

warning: unused `Result` that must be used
   --> apps\simulation\tests\platinum_176_progression.rs:898:5
    |
898 |     first.save_active_character();
    |     ^^^^^^^^^^^^^^^^^^^^^^^^^^^^^
    |
    = note: this `Result` may be an `Err` variant, which should be handled
    = note: `#[warn(unused_must_use)]` (part of `#[warn(unused)]`) on by default
help: use `let _ = ...` to ignore the resulting value
    |
898 |     let _ = first.save_active_character();
    |     +++++++

warning: `mir2-simulation` (test "hero_ai") generated 1 warning
warning: `mir2-simulation` (test "platinum_176_progression") generated 1 warning
warning: function `join` is never used
  --> apps\simulation\tests\shared_monster_snake_totem_ai.rs:10:4
   |
10 | fn join(z: &mut ZoneRuntime, name: &str, id: u32, pos: Point, dc: i32) {
   |    ^^^^
   |
   = note: `#[warn(dead_code)]` (part of `#[warn(unused)]`) on by default

warning: function `fixture` is never used
  --> apps\simulation\tests\shared_monster_snake_totem_ai.rs:68:4
   |
68 | fn fixture(id: u32, ai: u8, hp: i32, name: &str) -> ZoneRuntime {
   |    ^^^^^^^

warning: function `fixture` is never used
  --> apps\simulation\tests\shared_monster_pet_special_ai.rs:68:4
   |
68 | fn fixture(id: u32, ai: u8, hp: i32, name: &str) -> ZoneRuntime {
   |    ^^^^^^^
   |
   = note: `#[warn(dead_code)]` (part of `#[warn(unused)]`) on by default

warning: `mir2-simulation` (test "shared_monster_snake_totem_ai") generated 2 warnings
warning: `mir2-simulation` (test "shared_monster_pet_special_ai") generated 1 warning
    Finished `test` profile [unoptimized + debuginfo] target(s) in 0.31s
     Running unittests src\lib.rs (C:/mir2-build/gateway-r48-tests\debug\deps\mir2_simulation-912d116504732e40.exe)

running 1 test
test runtime::session::tests::incoming_item_tree_paths_reject_invalid_recursive_carrier_without_mutation ... ok

test result: ok. 1 passed; 0 failed; 0 ignored; 0 measured; 1833 filtered out; finished in 2.26s

     Running unittests src\bin\zone_replay.rs (C:/mir2-build/gateway-r48-tests\debug\deps\zone_replay-af9eec6cb96657d5.exe)

running 0 tests

test result: ok. 0 passed; 0 failed; 0 ignored; 0 measured; 0 filtered out; finished in 0.00s

     Running tests\big_map.rs (C:/mir2-build/gateway-r48-tests\debug\deps\big_map-44997bcbd8c3a6d5.exe)

running 0 tests

test result: ok. 0 passed; 0 failed; 0 ignored; 0 measured; 7 filtered out; finished in 0.00s

     Running tests\character_wings.rs (C:/mir2-build/gateway-r48-tests\debug\deps\character_wings-94cffbef6da60af9.exe)

running 0 tests

test result: ok. 0 passed; 0 failed; 0 ignored; 0 measured; 5 filtered out; finished in 0.00s

     Running tests\crystal_map_events.rs (C:/mir2-build/gateway-r48-tests\debug\deps\crystal_map_events-c7308046ca8367c4.exe)

running 0 tests

test result: ok. 0 passed; 0 failed; 0 ignored; 0 measured; 1 filtered out; finished in 0.00s

     Running tests\crystal_map_hazards.rs (C:/mir2-build/gateway-r48-tests\debug\deps\crystal_map_hazards-837bd36b9a7f77fa.exe)

running 0 tests

test result: ok. 0 passed; 0 failed; 0 ignored; 0 measured; 3 filtered out; finished in 0.00s

     Running tests\crystal_scroll_teleport.rs (C:/mir2-build/gateway-r48-tests\debug\deps\crystal_scroll_teleport-0bea494109d2f129.exe)

running 0 tests

test result: ok. 0 passed; 0 failed; 0 ignored; 0 measured; 2 filtered out; finished in 0.00s

     Running tests\friends_authority.rs (C:/mir2-build/gateway-r48-tests\debug\deps\friends_authority-52da184daa0868ec.exe)

running 0 tests

test result: ok. 0 passed; 0 failed; 0 ignored; 0 measured; 6 filtered out; finished in 0.00s

     Running tests\great_fox_spirit_recall.rs (C:/mir2-build/gateway-r48-tests\debug\deps\great_fox_spirit_recall-b3694e7f981150c8.exe)

running 0 tests

test result: ok. 0 passed; 0 failed; 0 ignored; 0 measured; 2 filtered out; finished in 0.00s

     Running tests\hero_ai.rs (C:/mir2-build/gateway-r48-tests\debug\deps\hero_ai-25eb943f18276244.exe)

running 0 tests

test result: ok. 0 passed; 0 failed; 0 ignored; 0 measured; 28 filtered out; finished in 0.00s

     Running tests\intelligent_creature_authority.rs (C:/mir2-build/gateway-r48-tests\debug\deps\intelligent_creature_authority-17bb8a3e2409487d.exe)

running 0 tests

test result: ok. 0 passed; 0 failed; 0 ignored; 0 measured; 8 filtered out; finished in 0.00s

     Running tests\item_stack_images.rs (C:/mir2-build/gateway-r48-tests\debug\deps\item_stack_images-72c6c602856db963.exe)

running 0 tests

test result: ok. 0 passed; 0 failed; 0 ignored; 0 measured; 4 filtered out; finished in 0.00s

     Running tests\login_notice.rs (C:/mir2-build/gateway-r48-tests\debug\deps\login_notice-765dc4f25ba1754e.exe)

running 0 tests

test result: ok. 0 passed; 0 failed; 0 ignored; 0 measured; 3 filtered out; finished in 0.00s

     Running tests\mail_status_transactions.rs (C:/mir2-build/gateway-r48-tests\debug\deps\mail_status_transactions-06a979999c07c58e.exe)

running 0 tests

test result: ok. 0 passed; 0 failed; 0 ignored; 0 measured; 4 filtered out; finished in 0.00s

     Running tests\map_coordinate_events.rs (C:/mir2-build/gateway-r48-tests\debug\deps\map_coordinate_events-04dca17bbf0f2238.exe)

running 0 tests

test result: ok. 0 passed; 0 failed; 0 ignored; 0 measured; 3 filtered out; finished in 0.00s

     Running tests\map_event_binding_e1.rs (C:/mir2-build/gateway-r48-tests\debug\deps\map_event_binding_e1-4812b5083a8d3de7.exe)

running 0 tests

test result: ok. 0 passed; 0 failed; 0 ignored; 0 measured; 3 filtered out; finished in 0.00s

     Running tests\market_refine_custody.rs (C:/mir2-build/gateway-r48-tests\debug\deps\market_refine_custody-a73463d808a47e9e.exe)

running 0 tests

test result: ok. 0 passed; 0 failed; 0 ignored; 0 measured; 9 filtered out; finished in 0.00s

     Running tests\marriage_authority.rs (C:/mir2-build/gateway-r48-tests\debug\deps\marriage_authority-2dee3cba2cea6b7a.exe)

running 0 tests

test result: ok. 0 passed; 0 failed; 0 ignored; 0 measured; 2 filtered out; finished in 0.00s

     Running tests\mentor_authority.rs (C:/mir2-build/gateway-r48-tests\debug\deps\mentor_authority-1679a6117e629f4e.exe)

running 0 tests

test result: ok. 0 passed; 0 failed; 0 ignored; 0 measured; 5 filtered out; finished in 0.00s

     Running tests\native_startup_contract.rs (C:/mir2-build/gateway-r48-tests\debug\deps\native_startup_contract-b023e49bd193c6b1.exe)

running 0 tests

test result: ok. 0 passed; 0 failed; 0 ignored; 0 measured; 1 filtered out; finished in 0.00s

     Running tests\newcomer_progression_persistence.rs (C:/mir2-build/gateway-r48-tests\debug\deps\newcomer_progression_persistence-1e66095583f2e599.exe)

running 0 tests

test result: ok. 0 passed; 0 failed; 0 ignored; 0 measured; 3 filtered out; finished in 0.00s

     Running tests\ordinary_candidate_loop.rs (C:/mir2-build/gateway-r48-tests\debug\deps\ordinary_candidate_loop-2a78f84d146c03a3.exe)

running 0 tests

test result: ok. 0 passed; 0 failed; 0 ignored; 0 measured; 2 filtered out; finished in 0.00s

     Running tests\platinum_176_combat_milestones.rs (C:/mir2-build/gateway-r48-tests\debug\deps\platinum_176_combat_milestones-abe7526063841e30.exe)

running 0 tests

test result: ok. 0 passed; 0 failed; 0 ignored; 0 measured; 1 filtered out; finished in 0.00s

     Running tests\platinum_176_party_boss.rs (C:/mir2-build/gateway-r48-tests\debug\deps\platinum_176_party_boss-6f47c350f991a3cf.exe)

running 0 tests

test result: ok. 0 passed; 0 failed; 0 ignored; 0 measured; 1 filtered out; finished in 0.00s

     Running tests\platinum_176_progression.rs (C:/mir2-build/gateway-r48-tests\debug\deps\platinum_176_progression-4c56d241d284979d.exe)

running 0 tests

test result: ok. 0 passed; 0 failed; 0 ignored; 0 measured; 10 filtered out; finished in 0.00s

     Running tests\quest_agent_respawns.rs (C:/mir2-build/gateway-r48-tests\debug\deps\quest_agent_respawns-bec7c3af2fe47d09.exe)

running 0 tests

test result: ok. 0 passed; 0 failed; 0 ignored; 0 measured; 3 filtered out; finished in 0.00s

     Running tests\quest_agent_special_scripts.rs (C:/mir2-build/gateway-r48-tests\debug\deps\quest_agent_special_scripts-823db9e6088511e4.exe)

running 0 tests

test result: ok. 0 passed; 0 failed; 0 ignored; 0 measured; 1 filtered out; finished in 0.00s

     Running tests\quest_icons.rs (C:/mir2-build/gateway-r48-tests\debug\deps\quest_icons-facd26b3d2f02c34.exe)

running 0 tests

test result: ok. 0 passed; 0 failed; 0 ignored; 0 measured; 1 filtered out; finished in 0.00s

     Running tests\quest_recurrence_persistence.rs (C:/mir2-build/gateway-r48-tests\debug\deps\quest_recurrence_persistence-75bfcf1ceb7a34f6.exe)

running 0 tests

test result: ok. 0 passed; 0 failed; 0 ignored; 0 measured; 3 filtered out; finished in 0.00s

     Running tests\ranking.rs (C:/mir2-build/gateway-r48-tests\debug\deps\ranking-5f2192fa2f88d8f2.exe)

running 0 tests

test result: ok. 0 passed; 0 failed; 0 ignored; 0 measured; 1 filtered out; finished in 0.00s

     Running tests\ranking_shared_presence.rs (C:/mir2-build/gateway-r48-tests\debug\deps\ranking_shared_presence-f62c53887b20c0a9.exe)

running 0 tests

test result: ok. 0 passed; 0 failed; 0 ignored; 0 measured; 2 filtered out; finished in 0.00s

     Running tests\refine_oven_custody.rs (C:/mir2-build/gateway-r48-tests\debug\deps\refine_oven_custody-cc0417da57589381.exe)

running 0 tests

test result: ok. 0 passed; 0 failed; 0 ignored; 0 measured; 10 filtered out; finished in 0.00s

     Running tests\replica_recovery_config.rs (C:/mir2-build/gateway-r48-tests\debug\deps\replica_recovery_config-2d696fa1c7757f09.exe)

running 0 tests

test result: ok. 0 passed; 0 failed; 0 ignored; 0 measured; 1 filtered out; finished in 0.00s

     Running tests\retained_bootstrap.rs (C:/mir2-build/gateway-r48-tests\debug\deps\retained_bootstrap-f78de17c0fe101fc.exe)

running 0 tests

test result: ok. 0 passed; 0 failed; 0 ignored; 0 measured; 3 filtered out; finished in 0.00s

     Running tests\save_failure_propagation.rs (C:/mir2-build/gateway-r48-tests\debug\deps\save_failure_propagation-c9e0d61eda5a647b.exe)

running 0 tests

test result: ok. 0 passed; 0 failed; 0 ignored; 0 measured; 2 filtered out; finished in 0.00s

     Running tests\security_lifecycle.rs (C:/mir2-build/gateway-r48-tests\debug\deps\security_lifecycle-15e3f959d64720bc.exe)

running 0 tests

test result: ok. 0 passed; 0 failed; 0 ignored; 0 measured; 20 filtered out; finished in 0.00s

     Running tests\shared_entity_combat.rs (C:/mir2-build/gateway-r48-tests\debug\deps\shared_entity_combat-06d9af04401a43b3.exe)

running 0 tests

test result: ok. 0 passed; 0 failed; 0 ignored; 0 measured; 4 filtered out; finished in 0.00s

     Running tests\shared_monster_armadillo_ai.rs (C:/mir2-build/gateway-r48-tests\debug\deps\shared_monster_armadillo_ai-f8cc16605bcf9283.exe)

running 0 tests

test result: ok. 0 passed; 0 failed; 0 ignored; 0 measured; 6 filtered out; finished in 0.00s

     Running tests\shared_monster_evil_mir_ai.rs (C:/mir2-build/gateway-r48-tests\debug\deps\shared_monster_evil_mir_ai-a853c73e27c33325.exe)

running 0 tests

test result: ok. 0 passed; 0 failed; 0 ignored; 0 measured; 9 filtered out; finished in 0.00s

     Running tests\shared_monster_football_ai.rs (C:/mir2-build/gateway-r48-tests\debug\deps\shared_monster_football_ai-c87486580a7ce9a4.exe)

running 0 tests

test result: ok. 0 passed; 0 failed; 0 ignored; 0 measured; 4 filtered out; finished in 0.00s

     Running tests\shared_monster_gate_ai.rs (C:/mir2-build/gateway-r48-tests\debug\deps\shared_monster_gate_ai-393cfbedfc7c21af.exe)

running 0 tests

test result: ok. 0 passed; 0 failed; 0 ignored; 0 measured; 2 filtered out; finished in 0.00s

     Running tests\shared_monster_great_fox_ai.rs (C:/mir2-build/gateway-r48-tests\debug\deps\shared_monster_great_fox_ai-dbcd291900673251.exe)

running 0 tests

test result: ok. 0 passed; 0 failed; 0 ignored; 0 measured; 15 filtered out; finished in 0.00s

     Running tests\shared_monster_hell_ai.rs (C:/mir2-build/gateway-r48-tests\debug\deps\shared_monster_hell_ai-37fb5c5cb0a481ea.exe)

running 0 tests

test result: ok. 0 passed; 0 failed; 0 ignored; 0 measured; 17 filtered out; finished in 0.00s

     Running tests\shared_monster_horned_ai.rs (C:/mir2-build/gateway-r48-tests\debug\deps\shared_monster_horned_ai-ba8424ef38f1ff79.exe)

running 0 tests

test result: ok. 0 passed; 0 failed; 0 ignored; 0 measured; 11 filtered out; finished in 0.00s

     Running tests\shared_monster_horned_encounter_ai.rs (C:/mir2-build/gateway-r48-tests\debug\deps\shared_monster_horned_encounter_ai-6838b02da5392b4e.exe)

running 0 tests

test result: ok. 0 passed; 0 failed; 0 ignored; 0 measured; 11 filtered out; finished in 0.00s

     Running tests\shared_monster_hugger_ai.rs (C:/mir2-build/gateway-r48-tests\debug\deps\shared_monster_hugger_ai-68a41d1f60ffad8d.exe)

running 0 tests

test result: ok. 0 passed; 0 failed; 0 ignored; 0 measured; 11 filtered out; finished in 0.00s

     Running tests\shared_monster_kirin_snow_ai.rs (C:/mir2-build/gateway-r48-tests\debug\deps\shared_monster_kirin_snow_ai-a7c5a614cbf2e5e4.exe)

running 0 tests

test result: ok. 0 passed; 0 failed; 0 ignored; 0 measured; 9 filtered out; finished in 0.00s

     Running tests\shared_monster_meow_ai.rs (C:/mir2-build/gateway-r48-tests\debug\deps\shared_monster_meow_ai-c1e08d47b28c7640.exe)

running 0 tests

test result: ok. 0 passed; 0 failed; 0 ignored; 0 measured; 7 filtered out; finished in 0.00s

     Running tests\shared_monster_mud_boulder_ai.rs (C:/mir2-build/gateway-r48-tests\debug\deps\shared_monster_mud_boulder_ai-be59a5f7c5263618.exe)

running 0 tests

test result: ok. 0 passed; 0 failed; 0 ignored; 0 measured; 16 filtered out; finished in 0.00s

     Running tests\shared_monster_node_ai.rs (C:/mir2-build/gateway-r48-tests\debug\deps\shared_monster_node_ai-eb8fb3d6a87f2629.exe)

running 0 tests

test result: ok. 0 passed; 0 failed; 0 ignored; 0 measured; 2 filtered out; finished in 0.00s

     Running tests\shared_monster_passive_ai.rs (C:/mir2-build/gateway-r48-tests\debug\deps\shared_monster_passive_ai-0cfd49a9cc33879f.exe)

running 0 tests

test result: ok. 0 passed; 0 failed; 0 ignored; 0 measured; 3 filtered out; finished in 0.00s

     Running tests\shared_monster_pet_special_ai.rs (C:/mir2-build/gateway-r48-tests\debug\deps\shared_monster_pet_special_ai-d40e2010e1206c0b.exe)

running 0 tests

test result: ok. 0 passed; 0 failed; 0 ignored; 0 measured; 3 filtered out; finished in 0.00s

     Running tests\shared_monster_reactive_ai.rs (C:/mir2-build/gateway-r48-tests\debug\deps\shared_monster_reactive_ai-0e6ba0829c53196c.exe)

running 0 tests

test result: ok. 0 passed; 0 failed; 0 ignored; 0 measured; 11 filtered out; finished in 0.00s

     Running tests\shared_monster_revival_ai.rs (C:/mir2-build/gateway-r48-tests\debug\deps\shared_monster_revival_ai-aaf8790cec436dc4.exe)

running 0 tests

test result: ok. 0 passed; 0 failed; 0 ignored; 0 measured; 8 filtered out; finished in 0.00s

     Running tests\shared_monster_shinsu_ai.rs (C:/mir2-build/gateway-r48-tests\debug\deps\shared_monster_shinsu_ai-7cee20d9a05da8be.exe)

running 0 tests

test result: ok. 0 passed; 0 failed; 0 ignored; 0 measured; 4 filtered out; finished in 0.00s

     Running tests\shared_monster_sleep_ai.rs (C:/mir2-build/gateway-r48-tests\debug\deps\shared_monster_sleep_ai-5978304c6a4d0c88.exe)

running 0 tests

test result: ok. 0 passed; 0 failed; 0 ignored; 0 measured; 5 filtered out; finished in 0.00s

     Running tests\shared_monster_snake_totem_ai.rs (C:/mir2-build/gateway-r48-tests\debug\deps\shared_monster_snake_totem_ai-21e41c43365115ac.exe)

running 0 tests

test result: ok. 0 passed; 0 failed; 0 ignored; 0 measured; 3 filtered out; finished in 0.00s

     Running tests\shared_monster_special_ai.rs (C:/mir2-build/gateway-r48-tests\debug\deps\shared_monster_special_ai-0c932222817b3624.exe)

running 0 tests

test result: ok. 0 passed; 0 failed; 0 ignored; 0 measured; 4 filtered out; finished in 0.00s

     Running tests\shared_monster_spider_ai.rs (C:/mir2-build/gateway-r48-tests\debug\deps\shared_monster_spider_ai-cbc25cc9da8b2c53.exe)

running 0 tests

test result: ok. 0 passed; 0 failed; 0 ignored; 0 measured; 17 filtered out; finished in 0.00s

     Running tests\shared_monster_stage_summons.rs (C:/mir2-build/gateway-r48-tests\debug\deps\shared_monster_stage_summons-01803d7429cc16fc.exe)

running 0 tests

test result: ok. 0 passed; 0 failed; 0 ignored; 0 measured; 4 filtered out; finished in 0.00s

     Running tests\shared_monster_statue_centipede_ai.rs (C:/mir2-build/gateway-r48-tests\debug\deps\shared_monster_statue_centipede_ai-cb74b253b4f92be6.exe)

running 0 tests

test result: ok. 0 passed; 0 failed; 0 ignored; 0 measured; 4 filtered out; finished in 0.00s

     Running tests\shared_monster_stone_trap_ai.rs (C:/mir2-build/gateway-r48-tests\debug\deps\shared_monster_stone_trap_ai-2e1c0c7758ed95da.exe)

running 0 tests

test result: ok. 0 passed; 0 failed; 0 ignored; 0 measured; 5 filtered out; finished in 0.00s

     Running tests\shared_monster_thunder_ai.rs (C:/mir2-build/gateway-r48-tests\debug\deps\shared_monster_thunder_ai-f968dc53f96dfe95.exe)

running 0 tests

test result: ok. 0 passed; 0 failed; 0 ignored; 0 measured; 5 filtered out; finished in 0.00s

     Running tests\shared_monster_town_archer_ai.rs (C:/mir2-build/gateway-r48-tests\debug\deps\shared_monster_town_archer_ai-ada8f529b4353fc1.exe)

running 0 tests

test result: ok. 0 passed; 0 failed; 0 ignored; 0 measured; 4 filtered out; finished in 0.00s

     Running tests\shared_monster_trap_rock_ai.rs (C:/mir2-build/gateway-r48-tests\debug\deps\shared_monster_trap_rock_ai-5a5a984ef855f3ef.exe)

running 0 tests

test result: ok. 0 passed; 0 failed; 0 ignored; 0 measured; 1 filtered out; finished in 0.00s

     Running tests\shared_monster_tree_queen_ai.rs (C:/mir2-build/gateway-r48-tests\debug\deps\shared_monster_tree_queen_ai-4b7f6d8aa8d0f3ac.exe)

running 0 tests

test result: ok. 0 passed; 0 failed; 0 ignored; 0 measured; 7 filtered out; finished in 0.00s

     Running tests\shared_monster_tucson_ai.rs (C:/mir2-build/gateway-r48-tests\debug\deps\shared_monster_tucson_ai-b985c0df9eb665a4.exe)

running 0 tests

test result: ok. 0 passed; 0 failed; 0 ignored; 0 measured; 7 filtered out; finished in 0.00s

     Running tests\shared_monster_vampire_ai.rs (C:/mir2-build/gateway-r48-tests\debug\deps\shared_monster_vampire_ai-b81e96e9a406405f.exe)

running 0 tests

test result: ok. 0 passed; 0 failed; 0 ignored; 0 measured; 3 filtered out; finished in 0.00s

     Running tests\shared_monster_visibility_ai.rs (C:/mir2-build/gateway-r48-tests\debug\deps\shared_monster_visibility_ai-5cad60e17b9f8872.exe)

running 0 tests

test result: ok. 0 passed; 0 failed; 0 ignored; 0 measured; 8 filtered out; finished in 0.00s

     Running tests\shared_monster_yimoogi_ai.rs (C:/mir2-build/gateway-r48-tests\debug\deps\shared_monster_yimoogi_ai-185d33d272bbc50f.exe)

running 0 tests

test result: ok. 0 passed; 0 failed; 0 ignored; 0 measured; 8 filtered out; finished in 0.00s

     Running tests\shared_player_damage_settlement.rs (C:/mir2-build/gateway-r48-tests\debug\deps\shared_player_damage_settlement-750e40d06ba2cb8e.exe)

running 0 tests

test result: ok. 0 passed; 0 failed; 0 ignored; 0 measured; 11 filtered out; finished in 0.00s

     Running tests\shared_player_death_zone.rs (C:/mir2-build/gateway-r48-tests\debug\deps\shared_player_death_zone-439ab5da84673304.exe)

running 0 tests

test result: ok. 0 passed; 0 failed; 0 ignored; 0 measured; 4 filtered out; finished in 0.00s

     Running tests\shared_player_vital_transfer.rs (C:/mir2-build/gateway-r48-tests\debug\deps\shared_player_vital_transfer-03f2c4776823416b.exe)

running 0 tests

test result: ok. 0 passed; 0 failed; 0 ignored; 0 measured; 4 filtered out; finished in 0.00s

     Running tests\shared_trade_completion.rs (C:/mir2-build/gateway-r48-tests\debug\deps\shared_trade_completion-33659f283203c1cb.exe)

running 0 tests

test result: ok. 0 passed; 0 failed; 0 ignored; 0 measured; 6 filtered out; finished in 0.00s

     Running tests\shared_trade_gold.rs (C:/mir2-build/gateway-r48-tests\debug\deps\shared_trade_gold-c362b53820530c59.exe)

running 0 tests

test result: ok. 0 passed; 0 failed; 0 ignored; 0 measured; 12 filtered out; finished in 0.00s

     Running tests\shared_zone.rs (C:/mir2-build/gateway-r48-tests\debug\deps\shared_zone-434af2e877a68d66.exe)

running 0 tests

test result: ok. 0 passed; 0 failed; 0 ignored; 0 measured; 205 filtered out; finished in 0.00s

     Running tests\shared_zone_melee_mana.rs (C:/mir2-build/gateway-r48-tests\debug\deps\shared_zone_melee_mana-2f4b9ceaf06b2111.exe)

running 0 tests

test result: ok. 0 passed; 0 failed; 0 ignored; 0 measured; 3 filtered out; finished in 0.00s

     Running tests\shared_zone_self_magic.rs (C:/mir2-build/gateway-r48-tests\debug\deps\shared_zone_self_magic-2634db73b1688547.exe)

running 0 tests

test result: ok. 0 passed; 0 failed; 0 ignored; 0 measured; 4 filtered out; finished in 0.00s

     Running tests\social_economy_integration.rs (C:/mir2-build/gateway-r48-tests\debug\deps\social_economy_integration-a478ab8b67255551.exe)

running 0 tests

test result: ok. 0 passed; 0 failed; 0 ignored; 0 measured; 3 filtered out; finished in 0.00s

     Running tests\storage_request_id.rs (C:/mir2-build/gateway-r48-tests\debug\deps\storage_request_id-bc5ee82aadd67725.exe)

running 0 tests

test result: ok. 0 passed; 0 failed; 0 ignored; 0 measured; 2 filtered out; finished in 0.00s

     Running tests\trade_item_destinations.rs (C:/mir2-build/gateway-r48-tests\debug\deps\trade_item_destinations-196d1fc43243d7f0.exe)

running 0 tests

test result: ok. 0 passed; 0 failed; 0 ignored; 0 measured; 8 filtered out; finished in 0.00s

     Running tests\trade_item_merges.rs (C:/mir2-build/gateway-r48-tests\debug\deps\trade_item_merges-a3c6cf804e726c09.exe)

running 0 tests

test result: ok. 0 passed; 0 failed; 0 ignored; 0 measured; 5 filtered out; finished in 0.00s

     Running tests\user_item_uid_file.rs (C:/mir2-build/gateway-r48-tests\debug\deps\user_item_uid_file-13bd93644b3e1d54.exe)

running 0 tests

test result: ok. 0 passed; 0 failed; 0 ignored; 0 measured; 17 filtered out; finished in 0.00s

     Running tests\vertical_slice.rs (C:/mir2-build/gateway-r48-tests\debug\deps\vertical_slice-4f39a9582ce53114.exe)

running 0 tests

test result: ok. 0 passed; 0 failed; 0 ignored; 0 measured; 13 filtered out; finished in 0.00s

     Running tests\yin_devil_node.rs (C:/mir2-build/gateway-r48-tests\debug\deps\yin_devil_node-03a26260cefcd895.exe)

running 0 tests

test result: ok. 0 passed; 0 failed; 0 ignored; 0 measured; 2 filtered out; finished in 0.00s

     Running tests\zone_replay.rs (C:/mir2-build/gateway-r48-tests\debug\deps\zone_replay-850f80e28ee99a8d.exe)

running 0 tests

test result: ok. 0 passed; 0 failed; 0 ignored; 0 measured; 8 filtered out; finished in 0.00s

=== valid_hero_transfer_takeback_roundtrip_preserves_uid_across_save_load ===
warning: unused import: `super::skills::crystal_magic_damage`
  --> apps\simulation\src\runtime\hero_ai.rs:53:5
   |
53 | use super::skills::crystal_magic_damage;
   |     ^^^^^^^^^^^^^^^^^^^^^^^^^^^^^^^^^^^
   |
   = note: `#[warn(unused_imports)]` (part of `#[warn(unused)]`) on by default

warning: unused import: `hero_registry_scan::validate_shared_hero_physical_custody`
  --> apps\simulation\src\runtime\mod.rs:22:16
   |
22 | pub(crate) use hero_registry_scan::validate_shared_hero_physical_custody;
   |                ^^^^^^^^^^^^^^^^^^^^^^^^^^^^^^^^^^^^^^^^^^^^^^^^^^^^^^^^^

warning: unused import: `HeroInventoryResource`
  --> apps\simulation\src\runtime\items.rs:58:19
   |
58 |     BuffResource, HeroInventoryResource, InventoryResource, PlayerPermissionResource,
   |                   ^^^^^^^^^^^^^^^^^^^^^

warning: unused import: `hero_inventory_crystal_stat_total`
  --> apps\simulation\src\runtime\packets.rs:72:22
   |
72 | use super::hero_ai::{hero_inventory_crystal_stat_total, hero_inventory_equipment_slots};
   |                      ^^^^^^^^^^^^^^^^^^^^^^^^^^^^^^^^^

warning: unused import: `crystal_quest_info_by_id`
   --> apps\simulation\src\runtime\packets.rs:108:5
    |
108 |     crystal_quest_info_by_id, crystal_quest_reward_selection_missing,
    |     ^^^^^^^^^^^^^^^^^^^^^^^^

warning: unused import: `intelligent_creature_default_rules`
   --> apps\simulation\src\runtime\packets.rs:125:5
    |
125 |     intelligent_creature_default_rules, is_in_world, mark_crystal_packet_action,
    |     ^^^^^^^^^^^^^^^^^^^^^^^^^^^^^^^^^^

warning: unused imports: `ZoneExperienceProfile` and `ZoneGuildExperienceMembership`
 --> apps\simulation\src\runtime\zone\mod.rs:6:22
  |
6 | pub use experience::{ZoneExperienceProfile,ZoneExperienceSelection,ZoneGuildExperienceMembership};
  |                      ^^^^^^^^^^^^^^^^^^^^^                         ^^^^^^^^^^^^^^^^^^^^^^^^^^^^^

warning: use of deprecated method `bevy_ecs::world::World::iter_entities`: use world.query::<EntityRef>()` instead
  --> apps\simulation\src\runtime\hero_cast.rs:61:22
   |
61 |     let target=world.iter_entities().find_map(|entry| {
   |                      ^^^^^^^^^^^^^
   |
   = note: `#[warn(deprecated)]` on by default

warning: use of deprecated method `bevy_ecs::world::World::iter_entities`: use world.query::<EntityRef>()` instead
   --> apps\simulation\src\runtime\monster_ai\great_fox_spirit.rs:163:28
    |
163 |     for candidate in world.iter_entities() {
    |                            ^^^^^^^^^^^^^

warning: use of deprecated method `bevy_ecs::world::World::iter_entities`: use world.query::<EntityRef>()` instead
    --> apps\simulation\src\runtime\packets.rs:7786:25
     |
7786 |     for entity in world.iter_entities() {
     |                         ^^^^^^^^^^^^^

warning: use of deprecated method `bevy_ecs::world::World::iter_entities`: use world.query::<EntityRef>()` instead
    --> apps\simulation\src\runtime\skills.rs:5013:10
     |
5013 |         .iter_entities()
     |          ^^^^^^^^^^^^^

warning: use of deprecated method `bevy_ecs::world::World::iter_entities`: use world.query::<EntityRef>()` instead
    --> apps\simulation\src\runtime\skills.rs:5096:10
     |
5096 |         .iter_entities()
     |          ^^^^^^^^^^^^^

warning: type `HeroSourceVersions` is more private than the item `config::AccountStoreRepositorySave::heroes`
   --> apps\simulation\src\config.rs:777:5
    |
777 |     pub(crate) heroes: hero_registry::HeroSourceVersions,
    |     ^^^^^^^^^^^^^^^^^^^^^^^^^^^^^^^^^^^^^^^^^^^^^^^^^^^^ field `config::AccountStoreRepositorySave::heroes` is reachable at visibility `pub(crate)`
    |
note: but type `HeroSourceVersions` is only usable at visibility `pub(in crate::config)`
   --> apps\simulation\src\config_hero_registry.rs:93:1
    |
 93 | pub(super) struct HeroSourceVersions {
    | ^^^^^^^^^^^^^^^^^^^^^^^^^^^^^^^^^^^^
    = note: `#[warn(private_interfaces)]` on by default

warning: type `ZoneCombatEntityRef` is more private than the item `tree_queen_ai::TreeQueenRoot::source_ref`
  --> apps\simulation\src\runtime\zone\runtime\tree_queen_ai.rs:39:5
   |
39 |     pub source_ref: Option<ZoneCombatEntityRef>,
   |     ^^^^^^^^^^^^^^^^^^^^^^^^^^^^^^^^^^^^^^^^^^^ field `tree_queen_ai::TreeQueenRoot::source_ref` is reachable at visibility `pub(in crate::runtime::zone)`
   |
note: but type `ZoneCombatEntityRef` is only usable at visibility `pub(in crate::runtime::zone::runtime)`
  --> apps\simulation\src\runtime\zone\runtime\entity_combat.rs:7:1
   |
 7 | pub(super) enum ZoneCombatEntityRef {
   | ^^^^^^^^^^^^^^^^^^^^^^^^^^^^^^^^^^^

warning: type `ZoneCombatEntityRef` is more private than the item `EvilMirState::target_ref`
  --> apps\simulation\src\runtime\zone\runtime\evil_mir_ai.rs:11:5
   |
11 |     pub target_ref: Option<ZoneCombatEntityRef>,
   |     ^^^^^^^^^^^^^^^^^^^^^^^^^^^^^^^^^^^^^^^^^^^ field `EvilMirState::target_ref` is reachable at visibility `pub(in crate::runtime::zone)`
   |
note: but type `ZoneCombatEntityRef` is only usable at visibility `pub(in crate::runtime::zone::runtime)`
  --> apps\simulation\src\runtime\zone\runtime\entity_combat.rs:7:1
   |
 7 | pub(super) enum ZoneCombatEntityRef {
   | ^^^^^^^^^^^^^^^^^^^^^^^^^^^^^^^^^^^

warning: type `ZoneCombatEntityRef` is more private than the item `EvilMirPendingSource::source`
  --> apps\simulation\src\runtime\zone\runtime\evil_mir_ai.rs:20:5
   |
20 |     pub source: ZoneCombatEntityRef,
   |     ^^^^^^^^^^^^^^^^^^^^^^^^^^^^^^^ field `EvilMirPendingSource::source` is reachable at visibility `pub(in crate::runtime::zone)`
   |
note: but type `ZoneCombatEntityRef` is only usable at visibility `pub(in crate::runtime::zone::runtime)`
  --> apps\simulation\src\runtime\zone\runtime\entity_combat.rs:7:1
   |
 7 | pub(super) enum ZoneCombatEntityRef {
   | ^^^^^^^^^^^^^^^^^^^^^^^^^^^^^^^^^^^

warning: type `ZoneCombatEntityRef` is more private than the item `GreatFoxState::target_ref`
  --> apps\simulation\src\runtime\zone\runtime\great_fox_ai.rs:15:5
   |
15 |     pub target_ref: Option<ZoneCombatEntityRef>,
   |     ^^^^^^^^^^^^^^^^^^^^^^^^^^^^^^^^^^^^^^^^^^^ field `GreatFoxState::target_ref` is reachable at visibility `pub(in crate::runtime::zone)`
   |
note: but type `ZoneCombatEntityRef` is only usable at visibility `pub(in crate::runtime::zone::runtime)`
  --> apps\simulation\src\runtime\zone\runtime\entity_combat.rs:7:1
   |
 7 | pub(super) enum ZoneCombatEntityRef {
   | ^^^^^^^^^^^^^^^^^^^^^^^^^^^^^^^^^^^

warning: type `ZoneCombatEntityRef` is more private than the item `GreatFoxHit::source_ref`
  --> apps\simulation\src\runtime\zone\runtime\great_fox_ai.rs:42:5
   |
42 |     pub source_ref: Option<ZoneCombatEntityRef>,
   |     ^^^^^^^^^^^^^^^^^^^^^^^^^^^^^^^^^^^^^^^^^^^ field `GreatFoxHit::source_ref` is reachable at visibility `pub(in crate::runtime::zone)`
   |
note: but type `ZoneCombatEntityRef` is only usable at visibility `pub(in crate::runtime::zone::runtime)`
  --> apps\simulation\src\runtime\zone\runtime\entity_combat.rs:7:1
   |
 7 | pub(super) enum ZoneCombatEntityRef {
   | ^^^^^^^^^^^^^^^^^^^^^^^^^^^^^^^^^^^

warning: type `ZoneCombatEntityRef` is more private than the item `GreatFoxHit::target_ref`
  --> apps\simulation\src\runtime\zone\runtime\great_fox_ai.rs:44:5
   |
44 |     pub target_ref: Option<ZoneCombatEntityRef>,
   |     ^^^^^^^^^^^^^^^^^^^^^^^^^^^^^^^^^^^^^^^^^^^ field `GreatFoxHit::target_ref` is reachable at visibility `pub(in crate::runtime::zone)`
   |
note: but type `ZoneCombatEntityRef` is only usable at visibility `pub(in crate::runtime::zone::runtime)`
  --> apps\simulation\src\runtime\zone\runtime\entity_combat.rs:7:1
   |
 7 | pub(super) enum ZoneCombatEntityRef {
   | ^^^^^^^^^^^^^^^^^^^^^^^^^^^^^^^^^^^

warning: type `ZoneCombatEntityRef` is more private than the item `HornedEncounterState::target_ref`
  --> apps\simulation\src\runtime\zone\runtime\horned_encounter_ai.rs:12:5
   |
12 |     pub target_ref: Option<ZoneCombatEntityRef>,
   |     ^^^^^^^^^^^^^^^^^^^^^^^^^^^^^^^^^^^^^^^^^^^ field `HornedEncounterState::target_ref` is reachable at visibility `pub(in crate::runtime::zone)`
   |
note: but type `ZoneCombatEntityRef` is only usable at visibility `pub(in crate::runtime::zone::runtime)`
  --> apps\simulation\src\runtime\zone\runtime\entity_combat.rs:7:1
   |
 7 | pub(super) enum ZoneCombatEntityRef {
   | ^^^^^^^^^^^^^^^^^^^^^^^^^^^^^^^^^^^

warning: type `ZoneCombatEntityRef` is more private than the item `HornedEncounterHit::source_ref`
  --> apps\simulation\src\runtime\zone\runtime\horned_encounter_ai.rs:38:5
   |
38 |     pub source_ref: Option<ZoneCombatEntityRef>,
   |     ^^^^^^^^^^^^^^^^^^^^^^^^^^^^^^^^^^^^^^^^^^^ field `HornedEncounterHit::source_ref` is reachable at visibility `pub(in crate::runtime::zone)`
   |
note: but type `ZoneCombatEntityRef` is only usable at visibility `pub(in crate::runtime::zone::runtime)`
  --> apps\simulation\src\runtime\zone\runtime\entity_combat.rs:7:1
   |
 7 | pub(super) enum ZoneCombatEntityRef {
   | ^^^^^^^^^^^^^^^^^^^^^^^^^^^^^^^^^^^

warning: type `ZoneCombatEntityRef` is more private than the item `HornedEncounterHit::target_ref`
  --> apps\simulation\src\runtime\zone\runtime\horned_encounter_ai.rs:41:5
   |
41 |     pub target_ref: Option<ZoneCombatEntityRef>,
   |     ^^^^^^^^^^^^^^^^^^^^^^^^^^^^^^^^^^^^^^^^^^^ field `HornedEncounterHit::target_ref` is reachable at visibility `pub(in crate::runtime::zone)`
   |
note: but type `ZoneCombatEntityRef` is only usable at visibility `pub(in crate::runtime::zone::runtime)`
  --> apps\simulation\src\runtime\zone\runtime\entity_combat.rs:7:1
   |
 7 | pub(super) enum ZoneCombatEntityRef {
   | ^^^^^^^^^^^^^^^^^^^^^^^^^^^^^^^^^^^

warning: type `ZoneCombatEntityRef` is more private than the item `HornedMapSpell::source_ref`
  --> apps\simulation\src\runtime\zone\runtime\horned_encounter_ai.rs:60:5
   |
60 |     pub source_ref: Option<ZoneCombatEntityRef>,
   |     ^^^^^^^^^^^^^^^^^^^^^^^^^^^^^^^^^^^^^^^^^^^ field `HornedMapSpell::source_ref` is reachable at visibility `pub(in crate::runtime::zone)`
   |
note: but type `ZoneCombatEntityRef` is only usable at visibility `pub(in crate::runtime::zone::runtime)`
  --> apps\simulation\src\runtime\zone\runtime\entity_combat.rs:7:1
   |
 7 | pub(super) enum ZoneCombatEntityRef {
   | ^^^^^^^^^^^^^^^^^^^^^^^^^^^^^^^^^^^

warning: type `ZoneCombatEntityRef` is more private than the item `HornedState::target_ref`
  --> apps\simulation\src\runtime\zone\runtime\horned_ai.rs:14:5
   |
14 |     pub target_ref: Option<ZoneCombatEntityRef>,
   |     ^^^^^^^^^^^^^^^^^^^^^^^^^^^^^^^^^^^^^^^^^^^ field `HornedState::target_ref` is reachable at visibility `pub(in crate::runtime::zone)`
   |
note: but type `ZoneCombatEntityRef` is only usable at visibility `pub(in crate::runtime::zone::runtime)`
  --> apps\simulation\src\runtime\zone\runtime\entity_combat.rs:7:1
   |
 7 | pub(super) enum ZoneCombatEntityRef {
   | ^^^^^^^^^^^^^^^^^^^^^^^^^^^^^^^^^^^

warning: type `ZoneCombatEntityRef` is more private than the item `HornedHit::source_ref`
  --> apps\simulation\src\runtime\zone\runtime\horned_ai.rs:28:5
   |
28 |     pub source_ref: Option<ZoneCombatEntityRef>,
   |     ^^^^^^^^^^^^^^^^^^^^^^^^^^^^^^^^^^^^^^^^^^^ field `HornedHit::source_ref` is reachable at visibility `pub(in crate::runtime::zone)`
   |
note: but type `ZoneCombatEntityRef` is only usable at visibility `pub(in crate::runtime::zone::runtime)`
  --> apps\simulation\src\runtime\zone\runtime\entity_combat.rs:7:1
   |
 7 | pub(super) enum ZoneCombatEntityRef {
   | ^^^^^^^^^^^^^^^^^^^^^^^^^^^^^^^^^^^

warning: type `ZoneCombatEntityRef` is more private than the item `HornedHit::target_ref`
  --> apps\simulation\src\runtime\zone\runtime\horned_ai.rs:30:5
   |
30 |     pub target_ref: Option<ZoneCombatEntityRef>,
   |     ^^^^^^^^^^^^^^^^^^^^^^^^^^^^^^^^^^^^^^^^^^^ field `HornedHit::target_ref` is reachable at visibility `pub(in crate::runtime::zone)`
   |
note: but type `ZoneCombatEntityRef` is only usable at visibility `pub(in crate::runtime::zone::runtime)`
  --> apps\simulation\src\runtime\zone\runtime\entity_combat.rs:7:1
   |
 7 | pub(super) enum ZoneCombatEntityRef {
   | ^^^^^^^^^^^^^^^^^^^^^^^^^^^^^^^^^^^

warning: type `ZoneCombatEntityRef` is more private than the item `HellState::explosion_source_ref`
  --> apps\simulation\src\runtime\zone\runtime\hell_ai.rs:14:5
   |
14 |     pub explosion_source_ref: Option<ZoneCombatEntityRef>,
   |     ^^^^^^^^^^^^^^^^^^^^^^^^^^^^^^^^^^^^^^^^^^^^^^^^^^^^^ field `HellState::explosion_source_ref` is reachable at visibility `pub(in crate::runtime::zone)`
   |
note: but type `ZoneCombatEntityRef` is only usable at visibility `pub(in crate::runtime::zone::runtime)`
  --> apps\simulation\src\runtime\zone\runtime\entity_combat.rs:7:1
   |
 7 | pub(super) enum ZoneCombatEntityRef {
   | ^^^^^^^^^^^^^^^^^^^^^^^^^^^^^^^^^^^

warning: type `ZoneCombatEntityRef` is more private than the item `SpiderAiState::parent_ref`
  --> apps\simulation\src\runtime\zone\runtime\spider_ai.rs:40:5
   |
40 |     pub parent_ref: Option<ZoneCombatEntityRef>,
   |     ^^^^^^^^^^^^^^^^^^^^^^^^^^^^^^^^^^^^^^^^^^^ field `SpiderAiState::parent_ref` is reachable at visibility `pub(in crate::runtime::zone)`
   |
note: but type `ZoneCombatEntityRef` is only usable at visibility `pub(in crate::runtime::zone::runtime)`
  --> apps\simulation\src\runtime\zone\runtime\entity_combat.rs:7:1
   |
 7 | pub(super) enum ZoneCombatEntityRef {
   | ^^^^^^^^^^^^^^^^^^^^^^^^^^^^^^^^^^^

warning: type `ZoneCombatEntityRef` is more private than the item `PendingRootSpiderSpawn::source`
  --> apps\simulation\src\runtime\zone\runtime\spider_ai.rs:52:5
   |
52 |     pub source: Option<ZoneCombatEntityRef>,
   |     ^^^^^^^^^^^^^^^^^^^^^^^^^^^^^^^^^^^^^^^ field `PendingRootSpiderSpawn::source` is reachable at visibility `pub(in crate::runtime::zone)`
   |
note: but type `ZoneCombatEntityRef` is only usable at visibility `pub(in crate::runtime::zone::runtime)`
  --> apps\simulation\src\runtime\zone\runtime\entity_combat.rs:7:1
   |
 7 | pub(super) enum ZoneCombatEntityRef {
   | ^^^^^^^^^^^^^^^^^^^^^^^^^^^^^^^^^^^

warning: type `ZoneCombatEntityRef` is more private than the item `PendingRootSpiderSpawn::target`
  --> apps\simulation\src\runtime\zone\runtime\spider_ai.rs:54:5
   |
54 |     pub target: Option<ZoneCombatEntityRef>,
   |     ^^^^^^^^^^^^^^^^^^^^^^^^^^^^^^^^^^^^^^^ field `PendingRootSpiderSpawn::target` is reachable at visibility `pub(in crate::runtime::zone)`
   |
note: but type `ZoneCombatEntityRef` is only usable at visibility `pub(in crate::runtime::zone::runtime)`
  --> apps\simulation\src\runtime\zone\runtime\entity_combat.rs:7:1
   |
 7 | pub(super) enum ZoneCombatEntityRef {
   | ^^^^^^^^^^^^^^^^^^^^^^^^^^^^^^^^^^^

warning: methods `scoped_to_account` and `scoped_to_accounts` are never used
   --> apps\simulation\src\config.rs:292:8
    |
159 | impl AccountStore {
    | ----------------- methods in this implementation
...
292 |     fn scoped_to_account(&self, account_id: &str) -> Self {
    |        ^^^^^^^^^^^^^^^^^
...
296 |     fn scoped_to_accounts(&self, account_ids: &[&str]) -> Self {
    |        ^^^^^^^^^^^^^^^^^^
    |
    = note: `#[warn(dead_code)]` (part of `#[warn(unused)]`) on by default

warning: variant `AccountsWithHeroes` is never constructed
   --> apps\simulation\src\config.rs:373:5
    |
370 | enum AccountStoreMutationScope<'a> {
    |      ------------------------- variant in this enum
...
373 |     AccountsWithHeroes { account_ids: &'a [String], hero_ids: &'a [i32], allocate: bool },
    |     ^^^^^^^^^^^^^^^^^^
    |
    = note: `AccountStoreMutationScope` has derived impls for the traits `Clone` and `Debug`, but these are intentionally ignored during dead code analysis

warning: field `admitted_minutes` is never read
  --> apps\simulation\src\config_guild_clock_transactions.rs:13:9
   |
 6 | pub(in crate::config) struct GuildClockCommitReceipt {
   |                              ----------------------- field in this struct
...
13 |     pub admitted_minutes: u64,
   |         ^^^^^^^^^^^^^^^^
   |
   = note: `GuildClockCommitReceipt` has derived impls for the traits `Clone` and `Debug`, but these are intentionally ignored during dead code analysis

warning: function `commit_postgres_tick` is never used
  --> apps\simulation\src\config_guild_clock_transactions.rs:17:26
   |
17 | pub(in crate::config) fn commit_postgres_tick(
   |                          ^^^^^^^^^^^^^^^^^^^^

warning: function `commit_postgres_tick_checked` is never used
  --> apps\simulation\src\config_guild_clock_transactions.rs:24:26
   |
24 | pub(in crate::config) fn commit_postgres_tick_checked(
   |                          ^^^^^^^^^^^^^^^^^^^^^^^^^^^^

warning: method `item_identity_path` is never used
   --> apps\simulation\src\config_file_authority.rs:102:19
    |
 99 | impl FileAuthority {
    | ------------------ method in this implementation
...
102 |     pub(super) fn item_identity_path(&self, config: &SimulationConfig) -> Result<PathBuf, String> {
    |                   ^^^^^^^^^^^^^^^^^^

warning: method `refresh_shared_hero_authority` is never used
 --> apps\simulation\src\config_hero_authority.rs:8:19
  |
7 | impl SimulationConfig {
  | --------------------- method in this implementation
8 |     pub(crate) fn refresh_shared_hero_authority(&self)->Result<(),String>{
  |                   ^^^^^^^^^^^^^^^^^^^^^^^^^^^^^

warning: method `shared_guild_authority_snapshot` is never used
   --> apps\simulation\src\config_shared_guilds.rs:845:19
    |
844 | impl SimulationConfig {
    | --------------------- method in this implementation
845 |     pub(crate) fn shared_guild_authority_snapshot(
    |                   ^^^^^^^^^^^^^^^^^^^^^^^^^^^^^^^

warning: variant `MacAgility` is never constructed
   --> apps\simulation\src\runtime\combat.rs:776:5
    |
769 | pub(super) enum CrystalDefence {
    |                 -------------- variant in this enum
...
776 |     MacAgility,
    |     ^^^^^^^^^^
    |
    = note: `CrystalDefence` has derived impls for the traits `Debug` and `Clone`, but these are intentionally ignored during dead code analysis

warning: constant `CRYSTAL_BAG_WEIGHT_LIMIT` is never used
  --> apps\simulation\src\runtime\drops.rs:70:18
   |
70 | pub(super) const CRYSTAL_BAG_WEIGHT_LIMIT: u32 = 100;
   |                  ^^^^^^^^^^^^^^^^^^^^^^^^

warning: function `resolved_monster_drop_templates_at_tick` is never used
   --> apps\simulation\src\runtime\drops.rs:464:15
    |
464 | pub(super) fn resolved_monster_drop_templates_at_tick(
    |               ^^^^^^^^^^^^^^^^^^^^^^^^^^^^^^^^^^^^^^^

warning: function `crystal_monster_drop_templates` is never used
   --> apps\simulation\src\runtime\drops.rs:535:15
    |
535 | pub(super) fn crystal_monster_drop_templates(
    |               ^^^^^^^^^^^^^^^^^^^^^^^^^^^^^^

warning: function `crystal_resolve_group_drop` is never used
   --> apps\simulation\src\runtime\drops.rs:610:15
    |
610 | pub(super) fn crystal_resolve_group_drop(
    |               ^^^^^^^^^^^^^^^^^^^^^^^^^^

warning: function `crystal_drop_entry_should_drop` is never used
   --> apps\simulation\src\runtime\drops.rs:665:15
    |
665 | pub(super) fn crystal_drop_entry_should_drop(
    |               ^^^^^^^^^^^^^^^^^^^^^^^^^^^^^^

warning: method `socketed_count` is never used
   --> apps\simulation\src\runtime\equipment.rs:303:19
    |
119 | impl EquipmentState {
    | ------------------- method in this implementation
...
303 |     pub(super) fn socketed_count(&self) -> usize {
    |                   ^^^^^^^^^^^^^^

warning: function `equipment_state_identified` is never used
   --> apps\simulation\src\runtime\equipment.rs:308:15
    |
308 | pub(super) fn equipment_state_identified(item: &EquipmentState) -> bool {
    |               ^^^^^^^^^^^^^^^^^^^^^^^^^^

warning: function `equipment_state_soul_bound_id` is never used
   --> apps\simulation\src\runtime\equipment.rs:313:15
    |
313 | pub(super) fn equipment_state_soul_bound_id(item: &EquipmentState) -> i32 {
    |               ^^^^^^^^^^^^^^^^^^^^^^^^^^^^^

warning: function `hero_inventory_equipment_slot` is never used
   --> apps\simulation\src\runtime\hero_ai.rs:180:4
    |
180 | fn hero_inventory_equipment_slot(item: &ItemState) -> Option<EquipmentSlot> {
    |    ^^^^^^^^^^^^^^^^^^^^^^^^^^^^^

warning: function `hero_inventory_item_is_broken` is never used
   --> apps\simulation\src\runtime\hero_ai.rs:185:4
    |
185 | fn hero_inventory_item_is_broken(item: &ItemState) -> bool {
    |    ^^^^^^^^^^^^^^^^^^^^^^^^^^^^^

warning: function `hero_inventory_item_modeled_base_stat` is never used
   --> apps\simulation\src\runtime\hero_ai.rs:189:4
    |
189 | fn hero_inventory_item_modeled_base_stat(item: &ItemState, stat: u8) -> i32 {
    |    ^^^^^^^^^^^^^^^^^^^^^^^^^^^^^^^^^^^^^

warning: function `hero_inventory_item_crystal_stat` is never used
   --> apps\simulation\src\runtime\hero_ai.rs:197:4
    |
197 | fn hero_inventory_item_crystal_stat(item: &ItemState, stat: u8) -> i32 {
    |    ^^^^^^^^^^^^^^^^^^^^^^^^^^^^^^^^

warning: function `hero_inventory_crystal_stat_total` is never used
   --> apps\simulation\src\runtime\hero_ai.rs:214:15
    |
214 | pub(super) fn hero_inventory_crystal_stat_total(world: &World, stat: u8) -> i32 {
    |               ^^^^^^^^^^^^^^^^^^^^^^^^^^^^^^^^^

warning: enum `CarrierOrigin` is never used
 --> apps\simulation\src\runtime\hero_registry_carriers.rs:8:17
  |
8 | pub(super) enum CarrierOrigin { External, Hero(i32) }
  |                 ^^^^^^^^^^^^^

warning: struct `HeroCarrierCensus` is never constructed
  --> apps\simulation\src\runtime\hero_registry_carriers.rs:10:19
   |
10 | pub(super) struct HeroCarrierCensus {
   |                   ^^^^^^^^^^^^^^^^^

warning: methods `node`, `record`, `record_unresolved_legacy`, and `validate` are never used
  --> apps\simulation\src\runtime\hero_registry_carriers.rs:15:8
   |
14 | impl HeroCarrierCensus {
   | ---------------------- methods in this implementation
15 |     fn node(&mut self,item:&UserItem,origin:CarrierOrigin)->Result<(),String>{
   |        ^^^^
...
27 |     pub fn record(&mut self,item:&UserItem,origin:CarrierOrigin)->Result<(),String>{
   |            ^^^^^^
...
42 |     pub fn record_unresolved_legacy(&mut self,root:&super::items::ItemState)->Result<(),String>{
   |            ^^^^^^^^^^^^^^^^^^^^^^^^
...
70 |     pub fn validate(&self,heroes:&BTreeMap<i32,SharedHeroRecord>,owned_ids:&BTreeSet<u64>)->Result<(),String>{
   |            ^^^^^^^^

warning: function `decode` is never used
 --> apps\simulation\src\runtime\hero_registry_scan.rs:8:4
  |
8 | fn decode<T:DeserializeOwned>(value:&str)->Result<T,String>{serde_json::from_str(value).map_err(|error|format!("invalid Hero custody ...
  |    ^^^^^^

warning: function `add_wire` is never used
 --> apps\simulation\src\runtime\hero_registry_scan.rs:9:4
  |
9 | fn add_wire(census:&mut HeroCarrierCensus,item:&UserItem,origin:CarrierOrigin,forbidden_bind:u16)->Result<(),String>{
  |    ^^^^^^^^

warning: function `add_items` is never used
  --> apps\simulation\src\runtime\hero_registry_scan.rs:21:4
   |
21 | fn add_items(census:&mut HeroCarrierCensus,encoded:&[String],origin:CarrierOrigin,forbidden:u16)->Result<(),String>{
   |    ^^^^^^^^^

warning: function `add_character` is never used
  --> apps\simulation\src\runtime\hero_registry_scan.rs:32:4
   |
32 | fn add_character(census:&mut HeroCarrierCensus,save:&CharacterSaveRecord,mirrored:bool)->Result<(),String>{
   |    ^^^^^^^^^^^^^

warning: function `validate_shared_hero_physical_custody` is never used
  --> apps\simulation\src\runtime\hero_registry_scan.rs:86:15
   |
86 | pub(crate) fn validate_shared_hero_physical_custody(store:&AccountStore)->Result<(),String>{
   |               ^^^^^^^^^^^^^^^^^^^^^^^^^^^^^^^^^^^^^

warning: function `hero_inventory_item_is_broken` is never used
    --> apps\simulation\src\runtime\items.rs:3452:4
     |
3452 | fn hero_inventory_item_is_broken(item: &ItemState) -> bool {
     |    ^^^^^^^^^^^^^^^^^^^^^^^^^^^^^

warning: function `hero_inventory_requirement_stat` is never used
    --> apps\simulation\src\runtime\items.rs:3456:4
     |
3456 | fn hero_inventory_requirement_stat(item: &ItemState, stat: u8) -> i32 {
     |    ^^^^^^^^^^^^^^^^^^^^^^^^^^^^^^^

warning: function `repair_conquest_asset` is never used
    --> apps\simulation\src\runtime\monsters.rs:1878:15
     |
1878 | pub(super) fn repair_conquest_asset(world: &mut World, ai: u8, asset_id: u8) -> bool {
     |               ^^^^^^^^^^^^^^^^^^^^^

warning: function `crystal_npc_visible_to_character` is never used
   --> apps\simulation\src\runtime\npc.rs:245:15
    |
245 | pub(super) fn crystal_npc_visible_to_character(
    |               ^^^^^^^^^^^^^^^^^^^^^^^^^^^^^^^^

warning: function `complete_quest` is never used
    --> apps\simulation\src\runtime\quests.rs:1030:15
     |
1030 | pub(super) fn complete_quest(world: &mut World, quest_id: i32) {
     |               ^^^^^^^^^^^^^^

warning: function `default_save_for_character` is never used
  --> apps\simulation\src\runtime\save.rs:76:15
   |
76 | pub(super) fn default_save_for_character(
   |               ^^^^^^^^^^^^^^^^^^^^^^^^^^

warning: function `persist_character_save` is never used
   --> apps\simulation\src\runtime\save.rs:921:15
    |
921 | pub(super) fn persist_character_save(
    |               ^^^^^^^^^^^^^^^^^^^^^^

warning: function `bank_mentor_gain` is never used
   --> apps\simulation\src\runtime\shared_relationships.rs:321:15
    |
321 | pub(super) fn bank_mentor_gain(
    |               ^^^^^^^^^^^^^^^^

warning: method `game_shop_buy_product` is never used
    --> apps\simulation\src\runtime\stage5.rs:4304:8
     |
3234 | impl SimulationSession {
     | ---------------------- method in this implementation
...
4304 |     fn game_shop_buy_product(
     |        ^^^^^^^^^^^^^^^^^^^^^

warning: struct `ZoneExperienceProfile` is never constructed
  --> apps\simulation\src\runtime\zone\experience.rs:13:12
   |
13 | pub struct ZoneExperienceProfile {
   |            ^^^^^^^^^^^^^^^^^^^^^

warning: method `select` is never used
  --> apps\simulation\src\runtime\zone\experience.rs:41:19
   |
40 | impl ZoneExperienceProfile {
   | -------------------------- method in this implementation
41 |     pub(super) fn select(
   |                   ^^^^^^

warning: function `hell_can_move` is never used
  --> apps\simulation\src\runtime\zone\runtime\hell_ai.rs:68:15
   |
68 | pub(super) fn hell_can_move(m: &ZoneNativeMonster) -> bool {
   |               ^^^^^^^^^^^^^

warning: function `hell_can_regen` is never used
  --> apps\simulation\src\runtime\zone\runtime\hell_ai.rs:74:15
   |
74 | pub(super) fn hell_can_regen(m: &ZoneNativeMonster) -> bool {
   |               ^^^^^^^^^^^^^^

warning: methods `blocking` and `set_replay_seed` are never used
   --> apps\simulation\src\runtime\zone\intelligent_creatures.rs:183:12
    |
112 | impl ZoneIntelligentCreature {
    | ---------------------------- methods in this implementation
...
183 |     pub fn blocking(&self) -> bool {
    |            ^^^^^^^^
...
187 |     pub fn set_replay_seed(&mut self, seed: u64) {
    |            ^^^^^^^^^^^^^^^

warning: unused import: `ZoneExperienceProfile`
 --> apps\simulation\src\runtime\zone\mod.rs:6:22
  |
6 | pub use experience::{ZoneExperienceProfile,ZoneExperienceSelection,ZoneGuildExperienceMembership};
  |                      ^^^^^^^^^^^^^^^^^^^^^

warning: use of deprecated method `bevy_ecs::world::World::iter_entities`: use world.query::<EntityRef>()` instead
  --> apps\simulation\src\runtime\hero_cast.rs:99:27
   |
99 |         let monster=world.iter_entities().find(|e|e.get::<Monster>().is_some()).unwrap().id();
   |                           ^^^^^^^^^^^^^

warning: type `hero_registry::HeroSourceVersions` is more private than the item `config::AccountStoreRepositorySave::heroes`
   --> apps\simulation\src\config.rs:777:5
    |
777 |     pub(crate) heroes: hero_registry::HeroSourceVersions,
    |     ^^^^^^^^^^^^^^^^^^^^^^^^^^^^^^^^^^^^^^^^^^^^^^^^^^^^ field `config::AccountStoreRepositorySave::heroes` is reachable at visibility `pub(crate)`
    |
note: but type `hero_registry::HeroSourceVersions` is only usable at visibility `pub(in crate::config)`
   --> apps\simulation\src\config_hero_registry.rs:93:1
    |
 93 | pub(super) struct HeroSourceVersions {
    | ^^^^^^^^^^^^^^^^^^^^^^^^^^^^^^^^^^^^
    = note: `#[warn(private_interfaces)]` on by default

warning: type `entity_combat::ZoneCombatEntityRef` is more private than the item `tree_queen_ai::TreeQueenRoot::source_ref`
  --> apps\simulation\src\runtime\zone\runtime\tree_queen_ai.rs:39:5
   |
39 |     pub source_ref: Option<ZoneCombatEntityRef>,
   |     ^^^^^^^^^^^^^^^^^^^^^^^^^^^^^^^^^^^^^^^^^^^ field `tree_queen_ai::TreeQueenRoot::source_ref` is reachable at visibility `pub(in crate::runtime::zone)`
   |
note: but type `entity_combat::ZoneCombatEntityRef` is only usable at visibility `pub(in crate::runtime::zone::runtime)`
  --> apps\simulation\src\runtime\zone\runtime\entity_combat.rs:7:1
   |
 7 | pub(super) enum ZoneCombatEntityRef {
   | ^^^^^^^^^^^^^^^^^^^^^^^^^^^^^^^^^^^

warning: type `entity_combat::ZoneCombatEntityRef` is more private than the item `EvilMirState::target_ref`
  --> apps\simulation\src\runtime\zone\runtime\evil_mir_ai.rs:11:5
   |
11 |     pub target_ref: Option<ZoneCombatEntityRef>,
   |     ^^^^^^^^^^^^^^^^^^^^^^^^^^^^^^^^^^^^^^^^^^^ field `EvilMirState::target_ref` is reachable at visibility `pub(in crate::runtime::zone)`
   |
note: but type `entity_combat::ZoneCombatEntityRef` is only usable at visibility `pub(in crate::runtime::zone::runtime)`
  --> apps\simulation\src\runtime\zone\runtime\entity_combat.rs:7:1
   |
 7 | pub(super) enum ZoneCombatEntityRef {
   | ^^^^^^^^^^^^^^^^^^^^^^^^^^^^^^^^^^^

warning: type `entity_combat::ZoneCombatEntityRef` is more private than the item `EvilMirPendingSource::source`
  --> apps\simulation\src\runtime\zone\runtime\evil_mir_ai.rs:20:5
   |
20 |     pub source: ZoneCombatEntityRef,
   |     ^^^^^^^^^^^^^^^^^^^^^^^^^^^^^^^ field `EvilMirPendingSource::source` is reachable at visibility `pub(in crate::runtime::zone)`
   |
note: but type `entity_combat::ZoneCombatEntityRef` is only usable at visibility `pub(in crate::runtime::zone::runtime)`
  --> apps\simulation\src\runtime\zone\runtime\entity_combat.rs:7:1
   |
 7 | pub(super) enum ZoneCombatEntityRef {
   | ^^^^^^^^^^^^^^^^^^^^^^^^^^^^^^^^^^^

warning: type `entity_combat::ZoneCombatEntityRef` is more private than the item `GreatFoxState::target_ref`
  --> apps\simulation\src\runtime\zone\runtime\great_fox_ai.rs:15:5
   |
15 |     pub target_ref: Option<ZoneCombatEntityRef>,
   |     ^^^^^^^^^^^^^^^^^^^^^^^^^^^^^^^^^^^^^^^^^^^ field `GreatFoxState::target_ref` is reachable at visibility `pub(in crate::runtime::zone)`
   |
note: but type `entity_combat::ZoneCombatEntityRef` is only usable at visibility `pub(in crate::runtime::zone::runtime)`
  --> apps\simulation\src\runtime\zone\runtime\entity_combat.rs:7:1
   |
 7 | pub(super) enum ZoneCombatEntityRef {
   | ^^^^^^^^^^^^^^^^^^^^^^^^^^^^^^^^^^^

warning: type `entity_combat::ZoneCombatEntityRef` is more private than the item `GreatFoxHit::source_ref`
  --> apps\simulation\src\runtime\zone\runtime\great_fox_ai.rs:42:5
   |
42 |     pub source_ref: Option<ZoneCombatEntityRef>,
   |     ^^^^^^^^^^^^^^^^^^^^^^^^^^^^^^^^^^^^^^^^^^^ field `GreatFoxHit::source_ref` is reachable at visibility `pub(in crate::runtime::zone)`
   |
note: but type `entity_combat::ZoneCombatEntityRef` is only usable at visibility `pub(in crate::runtime::zone::runtime)`
  --> apps\simulation\src\runtime\zone\runtime\entity_combat.rs:7:1
   |
 7 | pub(super) enum ZoneCombatEntityRef {
   | ^^^^^^^^^^^^^^^^^^^^^^^^^^^^^^^^^^^

warning: type `entity_combat::ZoneCombatEntityRef` is more private than the item `GreatFoxHit::target_ref`
  --> apps\simulation\src\runtime\zone\runtime\great_fox_ai.rs:44:5
   |
44 |     pub target_ref: Option<ZoneCombatEntityRef>,
   |     ^^^^^^^^^^^^^^^^^^^^^^^^^^^^^^^^^^^^^^^^^^^ field `GreatFoxHit::target_ref` is reachable at visibility `pub(in crate::runtime::zone)`
   |
note: but type `entity_combat::ZoneCombatEntityRef` is only usable at visibility `pub(in crate::runtime::zone::runtime)`
  --> apps\simulation\src\runtime\zone\runtime\entity_combat.rs:7:1
   |
 7 | pub(super) enum ZoneCombatEntityRef {
   | ^^^^^^^^^^^^^^^^^^^^^^^^^^^^^^^^^^^

warning: type `entity_combat::ZoneCombatEntityRef` is more private than the item `HornedEncounterState::target_ref`
  --> apps\simulation\src\runtime\zone\runtime\horned_encounter_ai.rs:12:5
   |
12 |     pub target_ref: Option<ZoneCombatEntityRef>,
   |     ^^^^^^^^^^^^^^^^^^^^^^^^^^^^^^^^^^^^^^^^^^^ field `HornedEncounterState::target_ref` is reachable at visibility `pub(in crate::runtime::zone)`
   |
note: but type `entity_combat::ZoneCombatEntityRef` is only usable at visibility `pub(in crate::runtime::zone::runtime)`
  --> apps\simulation\src\runtime\zone\runtime\entity_combat.rs:7:1
   |
 7 | pub(super) enum ZoneCombatEntityRef {
   | ^^^^^^^^^^^^^^^^^^^^^^^^^^^^^^^^^^^

warning: type `entity_combat::ZoneCombatEntityRef` is more private than the item `HornedEncounterHit::source_ref`
  --> apps\simulation\src\runtime\zone\runtime\horned_encounter_ai.rs:38:5
   |
38 |     pub source_ref: Option<ZoneCombatEntityRef>,
   |     ^^^^^^^^^^^^^^^^^^^^^^^^^^^^^^^^^^^^^^^^^^^ field `HornedEncounterHit::source_ref` is reachable at visibility `pub(in crate::runtime::zone)`
   |
note: but type `entity_combat::ZoneCombatEntityRef` is only usable at visibility `pub(in crate::runtime::zone::runtime)`
  --> apps\simulation\src\runtime\zone\runtime\entity_combat.rs:7:1
   |
 7 | pub(super) enum ZoneCombatEntityRef {
   | ^^^^^^^^^^^^^^^^^^^^^^^^^^^^^^^^^^^

warning: type `entity_combat::ZoneCombatEntityRef` is more private than the item `HornedEncounterHit::target_ref`
  --> apps\simulation\src\runtime\zone\runtime\horned_encounter_ai.rs:41:5
   |
41 |     pub target_ref: Option<ZoneCombatEntityRef>,
   |     ^^^^^^^^^^^^^^^^^^^^^^^^^^^^^^^^^^^^^^^^^^^ field `HornedEncounterHit::target_ref` is reachable at visibility `pub(in crate::runtime::zone)`
   |
note: but type `entity_combat::ZoneCombatEntityRef` is only usable at visibility `pub(in crate::runtime::zone::runtime)`
  --> apps\simulation\src\runtime\zone\runtime\entity_combat.rs:7:1
   |
 7 | pub(super) enum ZoneCombatEntityRef {
   | ^^^^^^^^^^^^^^^^^^^^^^^^^^^^^^^^^^^

warning: type `entity_combat::ZoneCombatEntityRef` is more private than the item `HornedMapSpell::source_ref`
  --> apps\simulation\src\runtime\zone\runtime\horned_encounter_ai.rs:60:5
   |
60 |     pub source_ref: Option<ZoneCombatEntityRef>,
   |     ^^^^^^^^^^^^^^^^^^^^^^^^^^^^^^^^^^^^^^^^^^^ field `HornedMapSpell::source_ref` is reachable at visibility `pub(in crate::runtime::zone)`
   |
note: but type `entity_combat::ZoneCombatEntityRef` is only usable at visibility `pub(in crate::runtime::zone::runtime)`
  --> apps\simulation\src\runtime\zone\runtime\entity_combat.rs:7:1
   |
 7 | pub(super) enum ZoneCombatEntityRef {
   | ^^^^^^^^^^^^^^^^^^^^^^^^^^^^^^^^^^^

warning: type `entity_combat::ZoneCombatEntityRef` is more private than the item `HornedState::target_ref`
  --> apps\simulation\src\runtime\zone\runtime\horned_ai.rs:14:5
   |
14 |     pub target_ref: Option<ZoneCombatEntityRef>,
   |     ^^^^^^^^^^^^^^^^^^^^^^^^^^^^^^^^^^^^^^^^^^^ field `HornedState::target_ref` is reachable at visibility `pub(in crate::runtime::zone)`
   |
note: but type `entity_combat::ZoneCombatEntityRef` is only usable at visibility `pub(in crate::runtime::zone::runtime)`
  --> apps\simulation\src\runtime\zone\runtime\entity_combat.rs:7:1
   |
 7 | pub(super) enum ZoneCombatEntityRef {
   | ^^^^^^^^^^^^^^^^^^^^^^^^^^^^^^^^^^^

warning: type `entity_combat::ZoneCombatEntityRef` is more private than the item `HornedHit::source_ref`
  --> apps\simulation\src\runtime\zone\runtime\horned_ai.rs:28:5
   |
28 |     pub source_ref: Option<ZoneCombatEntityRef>,
   |     ^^^^^^^^^^^^^^^^^^^^^^^^^^^^^^^^^^^^^^^^^^^ field `HornedHit::source_ref` is reachable at visibility `pub(in crate::runtime::zone)`
   |
note: but type `entity_combat::ZoneCombatEntityRef` is only usable at visibility `pub(in crate::runtime::zone::runtime)`
  --> apps\simulation\src\runtime\zone\runtime\entity_combat.rs:7:1
   |
 7 | pub(super) enum ZoneCombatEntityRef {
   | ^^^^^^^^^^^^^^^^^^^^^^^^^^^^^^^^^^^

warning: type `entity_combat::ZoneCombatEntityRef` is more private than the item `HornedHit::target_ref`
  --> apps\simulation\src\runtime\zone\runtime\horned_ai.rs:30:5
   |
30 |     pub target_ref: Option<ZoneCombatEntityRef>,
   |     ^^^^^^^^^^^^^^^^^^^^^^^^^^^^^^^^^^^^^^^^^^^ field `HornedHit::target_ref` is reachable at visibility `pub(in crate::runtime::zone)`
   |
note: but type `entity_combat::ZoneCombatEntityRef` is only usable at visibility `pub(in crate::runtime::zone::runtime)`
  --> apps\simulation\src\runtime\zone\runtime\entity_combat.rs:7:1
   |
 7 | pub(super) enum ZoneCombatEntityRef {
   | ^^^^^^^^^^^^^^^^^^^^^^^^^^^^^^^^^^^

warning: type `entity_combat::ZoneCombatEntityRef` is more private than the item `HellState::explosion_source_ref`
  --> apps\simulation\src\runtime\zone\runtime\hell_ai.rs:14:5
   |
14 |     pub explosion_source_ref: Option<ZoneCombatEntityRef>,
   |     ^^^^^^^^^^^^^^^^^^^^^^^^^^^^^^^^^^^^^^^^^^^^^^^^^^^^^ field `HellState::explosion_source_ref` is reachable at visibility `pub(in crate::runtime::zone)`
   |
note: but type `entity_combat::ZoneCombatEntityRef` is only usable at visibility `pub(in crate::runtime::zone::runtime)`
  --> apps\simulation\src\runtime\zone\runtime\entity_combat.rs:7:1
   |
 7 | pub(super) enum ZoneCombatEntityRef {
   | ^^^^^^^^^^^^^^^^^^^^^^^^^^^^^^^^^^^

warning: type `entity_combat::ZoneCombatEntityRef` is more private than the item `SpiderAiState::parent_ref`
  --> apps\simulation\src\runtime\zone\runtime\spider_ai.rs:40:5
   |
40 |     pub parent_ref: Option<ZoneCombatEntityRef>,
   |     ^^^^^^^^^^^^^^^^^^^^^^^^^^^^^^^^^^^^^^^^^^^ field `SpiderAiState::parent_ref` is reachable at visibility `pub(in crate::runtime::zone)`
   |
note: but type `entity_combat::ZoneCombatEntityRef` is only usable at visibility `pub(in crate::runtime::zone::runtime)`
  --> apps\simulation\src\runtime\zone\runtime\entity_combat.rs:7:1
   |
 7 | pub(super) enum ZoneCombatEntityRef {
   | ^^^^^^^^^^^^^^^^^^^^^^^^^^^^^^^^^^^

warning: type `entity_combat::ZoneCombatEntityRef` is more private than the item `PendingRootSpiderSpawn::source`
  --> apps\simulation\src\runtime\zone\runtime\spider_ai.rs:52:5
   |
52 |     pub source: Option<ZoneCombatEntityRef>,
   |     ^^^^^^^^^^^^^^^^^^^^^^^^^^^^^^^^^^^^^^^ field `PendingRootSpiderSpawn::source` is reachable at visibility `pub(in crate::runtime::zone)`
   |
note: but type `entity_combat::ZoneCombatEntityRef` is only usable at visibility `pub(in crate::runtime::zone::runtime)`
  --> apps\simulation\src\runtime\zone\runtime\entity_combat.rs:7:1
   |
 7 | pub(super) enum ZoneCombatEntityRef {
   | ^^^^^^^^^^^^^^^^^^^^^^^^^^^^^^^^^^^

warning: type `entity_combat::ZoneCombatEntityRef` is more private than the item `PendingRootSpiderSpawn::target`
  --> apps\simulation\src\runtime\zone\runtime\spider_ai.rs:54:5
   |
54 |     pub target: Option<ZoneCombatEntityRef>,
   |     ^^^^^^^^^^^^^^^^^^^^^^^^^^^^^^^^^^^^^^^ field `PendingRootSpiderSpawn::target` is reachable at visibility `pub(in crate::runtime::zone)`
   |
note: but type `entity_combat::ZoneCombatEntityRef` is only usable at visibility `pub(in crate::runtime::zone::runtime)`
  --> apps\simulation\src\runtime\zone\runtime\entity_combat.rs:7:1
   |
 7 | pub(super) enum ZoneCombatEntityRef {
   | ^^^^^^^^^^^^^^^^^^^^^^^^^^^^^^^^^^^

warning: function `bootstrap_mirror` is never used
   --> apps\simulation\src\config_item_identity.rs:143:15
    |
143 | pub(super) fn bootstrap_mirror(
    |               ^^^^^^^^^^^^^^^^
    |
    = note: `#[warn(dead_code)]` (part of `#[warn(unused)]`) on by default

warning: function `mirror_client` is never used
   --> apps\simulation\src\config_item_identity.rs:187:4
    |
187 | fn mirror_client(config: &SimulationConfig) -> Result<postgres::Client, String> {
    |    ^^^^^^^^^^^^^

warning: function `reserve_mirror` is never used
   --> apps\simulation\src\config_item_identity.rs:203:15
    |
203 | pub(super) fn reserve_mirror(
    |               ^^^^^^^^^^^^^^

warning: method `record_unresolved_legacy` is never used
  --> apps\simulation\src\runtime\hero_registry_carriers.rs:42:12
   |
14 | impl HeroCarrierCensus {
   | ---------------------- method in this implementation
...
42 |     pub fn record_unresolved_legacy(&mut self,root:&super::items::ItemState)->Result<(),String>{
   |            ^^^^^^^^^^^^^^^^^^^^^^^^

warning: unused `std::result::Result` that must be used
    --> apps\simulation\src\runtime\tests.rs:1697:5
     |
1697 |     sender.save_active_character();
     |     ^^^^^^^^^^^^^^^^^^^^^^^^^^^^^^
     |
     = note: this `Result` may be an `Err` variant, which should be handled
     = note: `#[warn(unused_must_use)]` (part of `#[warn(unused)]`) on by default
help: use `let _ = ...` to ignore the resulting value
     |
1697 |     let _ = sender.save_active_character();
     |     +++++++

warning: unused `std::result::Result` that must be used
    --> apps\simulation\src\runtime\tests.rs:2990:5
     |
2990 |     session.save_active_character();
     |     ^^^^^^^^^^^^^^^^^^^^^^^^^^^^^^^
     |
     = note: this `Result` may be an `Err` variant, which should be handled
help: use `let _ = ...` to ignore the resulting value
     |
2990 |     let _ = session.save_active_character();
     |     +++++++

warning: unused `std::result::Result` that must be used
    --> apps\simulation\src\runtime\tests.rs:3013:5
     |
3013 |     session.save_active_character();
     |     ^^^^^^^^^^^^^^^^^^^^^^^^^^^^^^^
     |
     = note: this `Result` may be an `Err` variant, which should be handled
help: use `let _ = ...` to ignore the resulting value
     |
3013 |     let _ = session.save_active_character();
     |     +++++++

warning: unused `std::result::Result` that must be used
    --> apps\simulation\src\runtime\tests.rs:3103:5
     |
3103 |     first.save_active_character();
     |     ^^^^^^^^^^^^^^^^^^^^^^^^^^^^^
     |
     = note: this `Result` may be an `Err` variant, which should be handled
help: use `let _ = ...` to ignore the resulting value
     |
3103 |     let _ = first.save_active_character();
     |     +++++++

warning: unused `std::result::Result` that must be used
    --> apps\simulation\src\runtime\tests.rs:3167:5
     |
3167 |     session.save_active_character();
     |     ^^^^^^^^^^^^^^^^^^^^^^^^^^^^^^^
     |
     = note: this `Result` may be an `Err` variant, which should be handled
help: use `let _ = ...` to ignore the resulting value
     |
3167 |     let _ = session.save_active_character();
     |     +++++++

warning: unused `std::result::Result` that must be used
    --> apps\simulation\src\runtime\tests.rs:3234:5
     |
3234 |     first.save_active_character();
     |     ^^^^^^^^^^^^^^^^^^^^^^^^^^^^^
     |
     = note: this `Result` may be an `Err` variant, which should be handled
help: use `let _ = ...` to ignore the resulting value
     |
3234 |     let _ = first.save_active_character();
     |     +++++++

warning: unused `std::result::Result` that must be used
    --> apps\simulation\src\runtime\tests.rs:3457:5
     |
3457 |     alpha.save_active_character();
     |     ^^^^^^^^^^^^^^^^^^^^^^^^^^^^^
     |
     = note: this `Result` may be an `Err` variant, which should be handled
help: use `let _ = ...` to ignore the resulting value
     |
3457 |     let _ = alpha.save_active_character();
     |     +++++++

warning: unused `std::result::Result` that must be used
    --> apps\simulation\src\runtime\tests.rs:3458:5
     |
3458 |     beta.save_active_character();
     |     ^^^^^^^^^^^^^^^^^^^^^^^^^^^^
     |
     = note: this `Result` may be an `Err` variant, which should be handled
help: use `let _ = ...` to ignore the resulting value
     |
3458 |     let _ = beta.save_active_character();
     |     +++++++

warning: unused `std::result::Result` that must be used
    --> apps\simulation\src\runtime\tests.rs:6656:5
     |
6656 |     session.save_active_character();
     |     ^^^^^^^^^^^^^^^^^^^^^^^^^^^^^^^
     |
     = note: this `Result` may be an `Err` variant, which should be handled
help: use `let _ = ...` to ignore the resulting value
     |
6656 |     let _ = session.save_active_character();
     |     +++++++

warning: unused `std::result::Result` that must be used
     --> apps\simulation\src\runtime\tests.rs:28407:5
      |
28407 |     session.save_active_character();
      |     ^^^^^^^^^^^^^^^^^^^^^^^^^^^^^^^
      |
      = note: this `Result` may be an `Err` variant, which should be handled
help: use `let _ = ...` to ignore the resulting value
      |
28407 |     let _ = session.save_active_character();
      |     +++++++

warning: unused `std::result::Result` that must be used
     --> apps\simulation\src\runtime\tests.rs:29395:5
      |
29395 |     first.save_active_character();
      |     ^^^^^^^^^^^^^^^^^^^^^^^^^^^^^
      |
      = note: this `Result` may be an `Err` variant, which should be handled
help: use `let _ = ...` to ignore the resulting value
      |
29395 |     let _ = first.save_active_character();
      |     +++++++

warning: unused `std::result::Result` that must be used
     --> apps\simulation\src\runtime\tests.rs:30423:5
      |
30423 |     first.save_active_character();
      |     ^^^^^^^^^^^^^^^^^^^^^^^^^^^^^
      |
      = note: this `Result` may be an `Err` variant, which should be handled
help: use `let _ = ...` to ignore the resulting value
      |
30423 |     let _ = first.save_active_character();
      |     +++++++

warning: unused `std::result::Result` that must be used
     --> apps\simulation\src\runtime\tests.rs:32315:5
      |
32315 |     first.save_active_character();
      |     ^^^^^^^^^^^^^^^^^^^^^^^^^^^^^
      |
      = note: this `Result` may be an `Err` variant, which should be handled
help: use `let _ = ...` to ignore the resulting value
      |
32315 |     let _ = first.save_active_character();
      |     +++++++

warning: unused `std::result::Result` that must be used
     --> apps\simulation\src\runtime\tests.rs:35470:5
      |
35470 |     session.save_active_character();
      |     ^^^^^^^^^^^^^^^^^^^^^^^^^^^^^^^
      |
      = note: this `Result` may be an `Err` variant, which should be handled
help: use `let _ = ...` to ignore the resulting value
      |
35470 |     let _ = session.save_active_character();
      |     +++++++

warning: unused `std::result::Result` that must be used
     --> apps\simulation\src\runtime\tests.rs:42392:5
      |
42392 |     session.save_active_character();
      |     ^^^^^^^^^^^^^^^^^^^^^^^^^^^^^^^
      |
      = note: this `Result` may be an `Err` variant, which should be handled
help: use `let _ = ...` to ignore the resulting value
      |
42392 |     let _ = session.save_active_character();
      |     +++++++

warning: unused `std::result::Result` that must be used
     --> apps\simulation\src\runtime\tests.rs:42717:5
      |
42717 |     session.save_active_character();
      |     ^^^^^^^^^^^^^^^^^^^^^^^^^^^^^^^
      |
      = note: this `Result` may be an `Err` variant, which should be handled
help: use `let _ = ...` to ignore the resulting value
      |
42717 |     let _ = session.save_active_character();
      |     +++++++

warning: unused `std::result::Result` that must be used
     --> apps\simulation\src\runtime\tests.rs:56439:5
      |
56439 |     session.save_active_character();
      |     ^^^^^^^^^^^^^^^^^^^^^^^^^^^^^^^
      |
      = note: this `Result` may be an `Err` variant, which should be handled
help: use `let _ = ...` to ignore the resulting value
      |
56439 |     let _ = session.save_active_character();
      |     +++++++

warning: unused `std::result::Result` that must be used
     --> apps\simulation\src\runtime\tests.rs:57541:5
      |
57541 |     session.save_active_character();
      |     ^^^^^^^^^^^^^^^^^^^^^^^^^^^^^^^
      |
      = note: this `Result` may be an `Err` variant, which should be handled
help: use `let _ = ...` to ignore the resulting value
      |
57541 |     let _ = session.save_active_character();
      |     +++++++

warning: unused `std::result::Result` that must be used
     --> apps\simulation\src\runtime\tests.rs:59093:5
      |
59093 |     session.save_active_character();
      |     ^^^^^^^^^^^^^^^^^^^^^^^^^^^^^^^
      |
      = note: this `Result` may be an `Err` variant, which should be handled
help: use `let _ = ...` to ignore the resulting value
      |
59093 |     let _ = session.save_active_character();
      |     +++++++

warning: unused `std::result::Result` that must be used
     --> apps\simulation\src\runtime\tests.rs:61018:5
      |
61018 |     first.save_active_character();
      |     ^^^^^^^^^^^^^^^^^^^^^^^^^^^^^
      |
      = note: this `Result` may be an `Err` variant, which should be handled
help: use `let _ = ...` to ignore the resulting value
      |
61018 |     let _ = first.save_active_character();
      |     +++++++

warning: unused `std::result::Result` that must be used
     --> apps\simulation\src\runtime\tests.rs:62680:5
      |
62680 |     session.save_active_character();
      |     ^^^^^^^^^^^^^^^^^^^^^^^^^^^^^^^
      |
      = note: this `Result` may be an `Err` variant, which should be handled
help: use `let _ = ...` to ignore the resulting value
      |
62680 |     let _ = session.save_active_character();
      |     +++++++

warning: unused `std::result::Result` that must be used
     --> apps\simulation\src\runtime\tests.rs:63024:5
      |
63024 |     sender.save_active_character();
      |     ^^^^^^^^^^^^^^^^^^^^^^^^^^^^^^
      |
      = note: this `Result` may be an `Err` variant, which should be handled
help: use `let _ = ...` to ignore the resulting value
      |
63024 |     let _ = sender.save_active_character();
      |     +++++++

warning: unused `std::result::Result` that must be used
     --> apps\simulation\src\runtime\tests.rs:63458:5
      |
63458 |     first.save_active_character();
      |     ^^^^^^^^^^^^^^^^^^^^^^^^^^^^^
      |
      = note: this `Result` may be an `Err` variant, which should be handled
help: use `let _ = ...` to ignore the resulting value
      |
63458 |     let _ = first.save_active_character();
      |     +++++++

warning: unused `std::result::Result` that must be used
     --> apps\simulation\src\runtime\tests.rs:63657:5
      |
63657 |     recipient.save_active_character();
      |     ^^^^^^^^^^^^^^^^^^^^^^^^^^^^^^^^^
      |
      = note: this `Result` may be an `Err` variant, which should be handled
help: use `let _ = ...` to ignore the resulting value
      |
63657 |     let _ = recipient.save_active_character();
      |     +++++++

warning: unused `std::result::Result` that must be used
     --> apps\simulation\src\runtime\tests.rs:63775:5
      |
63775 |     recipient.save_active_character();
      |     ^^^^^^^^^^^^^^^^^^^^^^^^^^^^^^^^^
      |
      = note: this `Result` may be an `Err` variant, which should be handled
help: use `let _ = ...` to ignore the resulting value
      |
63775 |     let _ = recipient.save_active_character();
      |     +++++++

warning: unused `std::result::Result` that must be used
     --> apps\simulation\src\runtime\tests.rs:64176:5
      |
64176 |     recipient.save_active_character();
      |     ^^^^^^^^^^^^^^^^^^^^^^^^^^^^^^^^^
      |
      = note: this `Result` may be an `Err` variant, which should be handled
help: use `let _ = ...` to ignore the resulting value
      |
64176 |     let _ = recipient.save_active_character();
      |     +++++++

warning: unused `std::result::Result` that must be used
     --> apps\simulation\src\runtime\tests.rs:64227:5
      |
64227 |     recipient.save_active_character();
      |     ^^^^^^^^^^^^^^^^^^^^^^^^^^^^^^^^^
      |
      = note: this `Result` may be an `Err` variant, which should be handled
help: use `let _ = ...` to ignore the resulting value
      |
64227 |     let _ = recipient.save_active_character();
      |     +++++++

warning: unused `std::result::Result` that must be used
     --> apps\simulation\src\runtime\tests.rs:64237:5
      |
64237 |     recipient.save_active_character();
      |     ^^^^^^^^^^^^^^^^^^^^^^^^^^^^^^^^^
      |
      = note: this `Result` may be an `Err` variant, which should be handled
help: use `let _ = ...` to ignore the resulting value
      |
64237 |     let _ = recipient.save_active_character();
      |     +++++++

warning: unused `std::result::Result` that must be used
     --> apps\simulation\src\runtime\tests.rs:65435:5
      |
65435 |     first.save_active_character();
      |     ^^^^^^^^^^^^^^^^^^^^^^^^^^^^^
      |
      = note: this `Result` may be an `Err` variant, which should be handled
help: use `let _ = ...` to ignore the resulting value
      |
65435 |     let _ = first.save_active_character();
      |     +++++++

warning: unused `std::result::Result` that must be used
     --> apps\simulation\src\runtime\tests.rs:66559:5
      |
66559 |     session.save_active_character();
      |     ^^^^^^^^^^^^^^^^^^^^^^^^^^^^^^^
      |
      = note: this `Result` may be an `Err` variant, which should be handled
help: use `let _ = ...` to ignore the resulting value
      |
66559 |     let _ = session.save_active_character();
      |     +++++++

warning: unused `std::result::Result` that must be used
     --> apps\simulation\src\runtime\tests.rs:70015:5
      |
70015 |     first.save_active_character();
      |     ^^^^^^^^^^^^^^^^^^^^^^^^^^^^^
      |
      = note: this `Result` may be an `Err` variant, which should be handled
help: use `let _ = ...` to ignore the resulting value
      |
70015 |     let _ = first.save_active_character();
      |     +++++++

warning: unused `std::result::Result` that must be used
    --> apps\simulation\src\runtime\stage5.rs:2694:9
     |
2694 |         session_a.save_active_character();
     |         ^^^^^^^^^^^^^^^^^^^^^^^^^^^^^^^^^
     |
     = note: this `Result` may be an `Err` variant, which should be handled
help: use `let _ = ...` to ignore the resulting value
     |
2694 |         let _ = session_a.save_active_character();
     |         +++++++

warning: `mir2-simulation` (lib) generated 74 warnings (run `cargo fix --lib -p mir2-simulation` to apply 7 suggestions)
warning: `mir2-simulation` (lib test) generated 85 warnings (29 duplicates) (run `cargo fix --lib -p mir2-simulation --tests` to apply 1 suggestion)
warning: unused `Result` that must be used
   --> apps\simulation\tests\platinum_176_progression.rs:898:5
    |
898 |     first.save_active_character();
    |     ^^^^^^^^^^^^^^^^^^^^^^^^^^^^^
    |
    = note: this `Result` may be an `Err` variant, which should be handled
    = note: `#[warn(unused_must_use)]` (part of `#[warn(unused)]`) on by default
help: use `let _ = ...` to ignore the resulting value
    |
898 |     let _ = first.save_active_character();
    |     +++++++

warning: `mir2-simulation` (test "platinum_176_progression") generated 1 warning
warning: unused `Result` that must be used
    --> apps\simulation\tests\hero_ai.rs:1010:5
     |
1010 |     session.save_active_character();
     |     ^^^^^^^^^^^^^^^^^^^^^^^^^^^^^^^
     |
     = note: this `Result` may be an `Err` variant, which should be handled
     = note: `#[warn(unused_must_use)]` (part of `#[warn(unused)]`) on by default
help: use `let _ = ...` to ignore the resulting value
     |
1010 |     let _ = session.save_active_character();
     |     +++++++

warning: function `join` is never used
  --> apps\simulation\tests\shared_monster_snake_totem_ai.rs:10:4
   |
10 | fn join(z: &mut ZoneRuntime, name: &str, id: u32, pos: Point, dc: i32) {
   |    ^^^^
   |
   = note: `#[warn(dead_code)]` (part of `#[warn(unused)]`) on by default

warning: function `fixture` is never used
  --> apps\simulation\tests\shared_monster_snake_totem_ai.rs:68:4
   |
68 | fn fixture(id: u32, ai: u8, hp: i32, name: &str) -> ZoneRuntime {
   |    ^^^^^^^

warning: `mir2-simulation` (test "hero_ai") generated 1 warning
warning: `mir2-simulation` (test "shared_monster_snake_totem_ai") generated 2 warnings
warning: function `fixture` is never used
  --> apps\simulation\tests\shared_monster_pet_special_ai.rs:68:4
   |
68 | fn fixture(id: u32, ai: u8, hp: i32, name: &str) -> ZoneRuntime {
   |    ^^^^^^^
   |
   = note: `#[warn(dead_code)]` (part of `#[warn(unused)]`) on by default

warning: `mir2-simulation` (test "shared_monster_pet_special_ai") generated 1 warning
    Finished `test` profile [unoptimized + debuginfo] target(s) in 0.32s
     Running unittests src\lib.rs (C:/mir2-build/gateway-r48-tests\debug\deps\mir2_simulation-912d116504732e40.exe)

running 1 test
test runtime::session::tests::valid_hero_transfer_takeback_roundtrip_preserves_uid_across_save_load ... ok

test result: ok. 1 passed; 0 failed; 0 ignored; 0 measured; 1833 filtered out; finished in 1.65s

     Running unittests src\bin\zone_replay.rs (C:/mir2-build/gateway-r48-tests\debug\deps\zone_replay-af9eec6cb96657d5.exe)

running 0 tests

test result: ok. 0 passed; 0 failed; 0 ignored; 0 measured; 0 filtered out; finished in 0.00s

     Running tests\big_map.rs (C:/mir2-build/gateway-r48-tests\debug\deps\big_map-44997bcbd8c3a6d5.exe)

running 0 tests

test result: ok. 0 passed; 0 failed; 0 ignored; 0 measured; 7 filtered out; finished in 0.00s

     Running tests\character_wings.rs (C:/mir2-build/gateway-r48-tests\debug\deps\character_wings-94cffbef6da60af9.exe)

running 0 tests

test result: ok. 0 passed; 0 failed; 0 ignored; 0 measured; 5 filtered out; finished in 0.00s

     Running tests\crystal_map_events.rs (C:/mir2-build/gateway-r48-tests\debug\deps\crystal_map_events-c7308046ca8367c4.exe)

running 0 tests

test result: ok. 0 passed; 0 failed; 0 ignored; 0 measured; 1 filtered out; finished in 0.00s

     Running tests\crystal_map_hazards.rs (C:/mir2-build/gateway-r48-tests\debug\deps\crystal_map_hazards-837bd36b9a7f77fa.exe)

running 0 tests

test result: ok. 0 passed; 0 failed; 0 ignored; 0 measured; 3 filtered out; finished in 0.00s

     Running tests\crystal_scroll_teleport.rs (C:/mir2-build/gateway-r48-tests\debug\deps\crystal_scroll_teleport-0bea494109d2f129.exe)

running 0 tests

test result: ok. 0 passed; 0 failed; 0 ignored; 0 measured; 2 filtered out; finished in 0.00s

     Running tests\friends_authority.rs (C:/mir2-build/gateway-r48-tests\debug\deps\friends_authority-52da184daa0868ec.exe)

running 0 tests

test result: ok. 0 passed; 0 failed; 0 ignored; 0 measured; 6 filtered out; finished in 0.00s

     Running tests\great_fox_spirit_recall.rs (C:/mir2-build/gateway-r48-tests\debug\deps\great_fox_spirit_recall-b3694e7f981150c8.exe)

running 0 tests

test result: ok. 0 passed; 0 failed; 0 ignored; 0 measured; 2 filtered out; finished in 0.00s

     Running tests\hero_ai.rs (C:/mir2-build/gateway-r48-tests\debug\deps\hero_ai-25eb943f18276244.exe)

running 0 tests

test result: ok. 0 passed; 0 failed; 0 ignored; 0 measured; 28 filtered out; finished in 0.00s

     Running tests\intelligent_creature_authority.rs (C:/mir2-build/gateway-r48-tests\debug\deps\intelligent_creature_authority-17bb8a3e2409487d.exe)

running 0 tests

test result: ok. 0 passed; 0 failed; 0 ignored; 0 measured; 8 filtered out; finished in 0.00s

     Running tests\item_stack_images.rs (C:/mir2-build/gateway-r48-tests\debug\deps\item_stack_images-72c6c602856db963.exe)

running 0 tests

test result: ok. 0 passed; 0 failed; 0 ignored; 0 measured; 4 filtered out; finished in 0.00s

     Running tests\login_notice.rs (C:/mir2-build/gateway-r48-tests\debug\deps\login_notice-765dc4f25ba1754e.exe)

running 0 tests

test result: ok. 0 passed; 0 failed; 0 ignored; 0 measured; 3 filtered out; finished in 0.00s

     Running tests\mail_status_transactions.rs (C:/mir2-build/gateway-r48-tests\debug\deps\mail_status_transactions-06a979999c07c58e.exe)

running 0 tests

test result: ok. 0 passed; 0 failed; 0 ignored; 0 measured; 4 filtered out; finished in 0.00s

     Running tests\map_coordinate_events.rs (C:/mir2-build/gateway-r48-tests\debug\deps\map_coordinate_events-04dca17bbf0f2238.exe)

running 0 tests

test result: ok. 0 passed; 0 failed; 0 ignored; 0 measured; 3 filtered out; finished in 0.00s

     Running tests\map_event_binding_e1.rs (C:/mir2-build/gateway-r48-tests\debug\deps\map_event_binding_e1-4812b5083a8d3de7.exe)

running 0 tests

test result: ok. 0 passed; 0 failed; 0 ignored; 0 measured; 3 filtered out; finished in 0.00s

     Running tests\market_refine_custody.rs (C:/mir2-build/gateway-r48-tests\debug\deps\market_refine_custody-a73463d808a47e9e.exe)

running 0 tests

test result: ok. 0 passed; 0 failed; 0 ignored; 0 measured; 9 filtered out; finished in 0.00s

     Running tests\marriage_authority.rs (C:/mir2-build/gateway-r48-tests\debug\deps\marriage_authority-2dee3cba2cea6b7a.exe)

running 0 tests

test result: ok. 0 passed; 0 failed; 0 ignored; 0 measured; 2 filtered out; finished in 0.00s

     Running tests\mentor_authority.rs (C:/mir2-build/gateway-r48-tests\debug\deps\mentor_authority-1679a6117e629f4e.exe)

running 0 tests

test result: ok. 0 passed; 0 failed; 0 ignored; 0 measured; 5 filtered out; finished in 0.00s

     Running tests\native_startup_contract.rs (C:/mir2-build/gateway-r48-tests\debug\deps\native_startup_contract-b023e49bd193c6b1.exe)

running 0 tests

test result: ok. 0 passed; 0 failed; 0 ignored; 0 measured; 1 filtered out; finished in 0.00s

     Running tests\newcomer_progression_persistence.rs (C:/mir2-build/gateway-r48-tests\debug\deps\newcomer_progression_persistence-1e66095583f2e599.exe)

running 0 tests

test result: ok. 0 passed; 0 failed; 0 ignored; 0 measured; 3 filtered out; finished in 0.00s

     Running tests\ordinary_candidate_loop.rs (C:/mir2-build/gateway-r48-tests\debug\deps\ordinary_candidate_loop-2a78f84d146c03a3.exe)

running 0 tests

test result: ok. 0 passed; 0 failed; 0 ignored; 0 measured; 2 filtered out; finished in 0.00s

     Running tests\platinum_176_combat_milestones.rs (C:/mir2-build/gateway-r48-tests\debug\deps\platinum_176_combat_milestones-abe7526063841e30.exe)

running 0 tests

test result: ok. 0 passed; 0 failed; 0 ignored; 0 measured; 1 filtered out; finished in 0.00s

     Running tests\platinum_176_party_boss.rs (C:/mir2-build/gateway-r48-tests\debug\deps\platinum_176_party_boss-6f47c350f991a3cf.exe)

running 0 tests

test result: ok. 0 passed; 0 failed; 0 ignored; 0 measured; 1 filtered out; finished in 0.00s

     Running tests\platinum_176_progression.rs (C:/mir2-build/gateway-r48-tests\debug\deps\platinum_176_progression-4c56d241d284979d.exe)

running 0 tests

test result: ok. 0 passed; 0 failed; 0 ignored; 0 measured; 10 filtered out; finished in 0.00s

     Running tests\quest_agent_respawns.rs (C:/mir2-build/gateway-r48-tests\debug\deps\quest_agent_respawns-bec7c3af2fe47d09.exe)

running 0 tests

test result: ok. 0 passed; 0 failed; 0 ignored; 0 measured; 3 filtered out; finished in 0.00s

     Running tests\quest_agent_special_scripts.rs (C:/mir2-build/gateway-r48-tests\debug\deps\quest_agent_special_scripts-823db9e6088511e4.exe)

running 0 tests

test result: ok. 0 passed; 0 failed; 0 ignored; 0 measured; 1 filtered out; finished in 0.00s

     Running tests\quest_icons.rs (C:/mir2-build/gateway-r48-tests\debug\deps\quest_icons-facd26b3d2f02c34.exe)

running 0 tests

test result: ok. 0 passed; 0 failed; 0 ignored; 0 measured; 1 filtered out; finished in 0.00s

     Running tests\quest_recurrence_persistence.rs (C:/mir2-build/gateway-r48-tests\debug\deps\quest_recurrence_persistence-75bfcf1ceb7a34f6.exe)

running 0 tests

test result: ok. 0 passed; 0 failed; 0 ignored; 0 measured; 3 filtered out; finished in 0.00s

     Running tests\ranking.rs (C:/mir2-build/gateway-r48-tests\debug\deps\ranking-5f2192fa2f88d8f2.exe)

running 0 tests

test result: ok. 0 passed; 0 failed; 0 ignored; 0 measured; 1 filtered out; finished in 0.00s

     Running tests\ranking_shared_presence.rs (C:/mir2-build/gateway-r48-tests\debug\deps\ranking_shared_presence-f62c53887b20c0a9.exe)

running 0 tests

test result: ok. 0 passed; 0 failed; 0 ignored; 0 measured; 2 filtered out; finished in 0.00s

     Running tests\refine_oven_custody.rs (C:/mir2-build/gateway-r48-tests\debug\deps\refine_oven_custody-cc0417da57589381.exe)

running 0 tests

test result: ok. 0 passed; 0 failed; 0 ignored; 0 measured; 10 filtered out; finished in 0.00s

     Running tests\replica_recovery_config.rs (C:/mir2-build/gateway-r48-tests\debug\deps\replica_recovery_config-2d696fa1c7757f09.exe)

running 0 tests

test result: ok. 0 passed; 0 failed; 0 ignored; 0 measured; 1 filtered out; finished in 0.00s

     Running tests\retained_bootstrap.rs (C:/mir2-build/gateway-r48-tests\debug\deps\retained_bootstrap-f78de17c0fe101fc.exe)

running 0 tests

test result: ok. 0 passed; 0 failed; 0 ignored; 0 measured; 3 filtered out; finished in 0.00s

     Running tests\save_failure_propagation.rs (C:/mir2-build/gateway-r48-tests\debug\deps\save_failure_propagation-c9e0d61eda5a647b.exe)

running 0 tests

test result: ok. 0 passed; 0 failed; 0 ignored; 0 measured; 2 filtered out; finished in 0.00s

     Running tests\security_lifecycle.rs (C:/mir2-build/gateway-r48-tests\debug\deps\security_lifecycle-15e3f959d64720bc.exe)

running 0 tests

test result: ok. 0 passed; 0 failed; 0 ignored; 0 measured; 20 filtered out; finished in 0.00s

     Running tests\shared_entity_combat.rs (C:/mir2-build/gateway-r48-tests\debug\deps\shared_entity_combat-06d9af04401a43b3.exe)

running 0 tests

test result: ok. 0 passed; 0 failed; 0 ignored; 0 measured; 4 filtered out; finished in 0.00s

     Running tests\shared_monster_armadillo_ai.rs (C:/mir2-build/gateway-r48-tests\debug\deps\shared_monster_armadillo_ai-f8cc16605bcf9283.exe)

running 0 tests

test result: ok. 0 passed; 0 failed; 0 ignored; 0 measured; 6 filtered out; finished in 0.00s

     Running tests\shared_monster_evil_mir_ai.rs (C:/mir2-build/gateway-r48-tests\debug\deps\shared_monster_evil_mir_ai-a853c73e27c33325.exe)

running 0 tests

test result: ok. 0 passed; 0 failed; 0 ignored; 0 measured; 9 filtered out; finished in 0.00s

     Running tests\shared_monster_football_ai.rs (C:/mir2-build/gateway-r48-tests\debug\deps\shared_monster_football_ai-c87486580a7ce9a4.exe)

running 0 tests

test result: ok. 0 passed; 0 failed; 0 ignored; 0 measured; 4 filtered out; finished in 0.00s

     Running tests\shared_monster_gate_ai.rs (C:/mir2-build/gateway-r48-tests\debug\deps\shared_monster_gate_ai-393cfbedfc7c21af.exe)

running 0 tests

test result: ok. 0 passed; 0 failed; 0 ignored; 0 measured; 2 filtered out; finished in 0.00s

     Running tests\shared_monster_great_fox_ai.rs (C:/mir2-build/gateway-r48-tests\debug\deps\shared_monster_great_fox_ai-dbcd291900673251.exe)

running 0 tests

test result: ok. 0 passed; 0 failed; 0 ignored; 0 measured; 15 filtered out; finished in 0.00s

     Running tests\shared_monster_hell_ai.rs (C:/mir2-build/gateway-r48-tests\debug\deps\shared_monster_hell_ai-37fb5c5cb0a481ea.exe)

running 0 tests

test result: ok. 0 passed; 0 failed; 0 ignored; 0 measured; 17 filtered out; finished in 0.00s

     Running tests\shared_monster_horned_ai.rs (C:/mir2-build/gateway-r48-tests\debug\deps\shared_monster_horned_ai-ba8424ef38f1ff79.exe)

running 0 tests

test result: ok. 0 passed; 0 failed; 0 ignored; 0 measured; 11 filtered out; finished in 0.00s

     Running tests\shared_monster_horned_encounter_ai.rs (C:/mir2-build/gateway-r48-tests\debug\deps\shared_monster_horned_encounter_ai-6838b02da5392b4e.exe)

running 0 tests

test result: ok. 0 passed; 0 failed; 0 ignored; 0 measured; 11 filtered out; finished in 0.00s

     Running tests\shared_monster_hugger_ai.rs (C:/mir2-build/gateway-r48-tests\debug\deps\shared_monster_hugger_ai-68a41d1f60ffad8d.exe)

running 0 tests

test result: ok. 0 passed; 0 failed; 0 ignored; 0 measured; 11 filtered out; finished in 0.00s

     Running tests\shared_monster_kirin_snow_ai.rs (C:/mir2-build/gateway-r48-tests\debug\deps\shared_monster_kirin_snow_ai-a7c5a614cbf2e5e4.exe)

running 0 tests

test result: ok. 0 passed; 0 failed; 0 ignored; 0 measured; 9 filtered out; finished in 0.00s

     Running tests\shared_monster_meow_ai.rs (C:/mir2-build/gateway-r48-tests\debug\deps\shared_monster_meow_ai-c1e08d47b28c7640.exe)

running 0 tests

test result: ok. 0 passed; 0 failed; 0 ignored; 0 measured; 7 filtered out; finished in 0.00s

     Running tests\shared_monster_mud_boulder_ai.rs (C:/mir2-build/gateway-r48-tests\debug\deps\shared_monster_mud_boulder_ai-be59a5f7c5263618.exe)

running 0 tests

test result: ok. 0 passed; 0 failed; 0 ignored; 0 measured; 16 filtered out; finished in 0.00s

     Running tests\shared_monster_node_ai.rs (C:/mir2-build/gateway-r48-tests\debug\deps\shared_monster_node_ai-eb8fb3d6a87f2629.exe)

running 0 tests

test result: ok. 0 passed; 0 failed; 0 ignored; 0 measured; 2 filtered out; finished in 0.00s

     Running tests\shared_monster_passive_ai.rs (C:/mir2-build/gateway-r48-tests\debug\deps\shared_monster_passive_ai-0cfd49a9cc33879f.exe)

running 0 tests

test result: ok. 0 passed; 0 failed; 0 ignored; 0 measured; 3 filtered out; finished in 0.00s

     Running tests\shared_monster_pet_special_ai.rs (C:/mir2-build/gateway-r48-tests\debug\deps\shared_monster_pet_special_ai-d40e2010e1206c0b.exe)

running 0 tests

test result: ok. 0 passed; 0 failed; 0 ignored; 0 measured; 3 filtered out; finished in 0.00s

     Running tests\shared_monster_reactive_ai.rs (C:/mir2-build/gateway-r48-tests\debug\deps\shared_monster_reactive_ai-0e6ba0829c53196c.exe)

running 0 tests

test result: ok. 0 passed; 0 failed; 0 ignored; 0 measured; 11 filtered out; finished in 0.00s

     Running tests\shared_monster_revival_ai.rs (C:/mir2-build/gateway-r48-tests\debug\deps\shared_monster_revival_ai-aaf8790cec436dc4.exe)

running 0 tests

test result: ok. 0 passed; 0 failed; 0 ignored; 0 measured; 8 filtered out; finished in 0.00s

     Running tests\shared_monster_shinsu_ai.rs (C:/mir2-build/gateway-r48-tests\debug\deps\shared_monster_shinsu_ai-7cee20d9a05da8be.exe)

running 0 tests

test result: ok. 0 passed; 0 failed; 0 ignored; 0 measured; 4 filtered out; finished in 0.00s

     Running tests\shared_monster_sleep_ai.rs (C:/mir2-build/gateway-r48-tests\debug\deps\shared_monster_sleep_ai-5978304c6a4d0c88.exe)

running 0 tests

test result: ok. 0 passed; 0 failed; 0 ignored; 0 measured; 5 filtered out; finished in 0.00s

     Running tests\shared_monster_snake_totem_ai.rs (C:/mir2-build/gateway-r48-tests\debug\deps\shared_monster_snake_totem_ai-21e41c43365115ac.exe)

running 0 tests

test result: ok. 0 passed; 0 failed; 0 ignored; 0 measured; 3 filtered out; finished in 0.00s

     Running tests\shared_monster_special_ai.rs (C:/mir2-build/gateway-r48-tests\debug\deps\shared_monster_special_ai-0c932222817b3624.exe)

running 0 tests

test result: ok. 0 passed; 0 failed; 0 ignored; 0 measured; 4 filtered out; finished in 0.00s

     Running tests\shared_monster_spider_ai.rs (C:/mir2-build/gateway-r48-tests\debug\deps\shared_monster_spider_ai-cbc25cc9da8b2c53.exe)

running 0 tests

test result: ok. 0 passed; 0 failed; 0 ignored; 0 measured; 17 filtered out; finished in 0.00s

     Running tests\shared_monster_stage_summons.rs (C:/mir2-build/gateway-r48-tests\debug\deps\shared_monster_stage_summons-01803d7429cc16fc.exe)

running 0 tests

test result: ok. 0 passed; 0 failed; 0 ignored; 0 measured; 4 filtered out; finished in 0.00s

     Running tests\shared_monster_statue_centipede_ai.rs (C:/mir2-build/gateway-r48-tests\debug\deps\shared_monster_statue_centipede_ai-cb74b253b4f92be6.exe)

running 0 tests

test result: ok. 0 passed; 0 failed; 0 ignored; 0 measured; 4 filtered out; finished in 0.00s

     Running tests\shared_monster_stone_trap_ai.rs (C:/mir2-build/gateway-r48-tests\debug\deps\shared_monster_stone_trap_ai-2e1c0c7758ed95da.exe)

running 0 tests

test result: ok. 0 passed; 0 failed; 0 ignored; 0 measured; 5 filtered out; finished in 0.00s

     Running tests\shared_monster_thunder_ai.rs (C:/mir2-build/gateway-r48-tests\debug\deps\shared_monster_thunder_ai-f968dc53f96dfe95.exe)

running 0 tests

test result: ok. 0 passed; 0 failed; 0 ignored; 0 measured; 5 filtered out; finished in 0.00s

     Running tests\shared_monster_town_archer_ai.rs (C:/mir2-build/gateway-r48-tests\debug\deps\shared_monster_town_archer_ai-ada8f529b4353fc1.exe)

running 0 tests

test result: ok. 0 passed; 0 failed; 0 ignored; 0 measured; 4 filtered out; finished in 0.00s

     Running tests\shared_monster_trap_rock_ai.rs (C:/mir2-build/gateway-r48-tests\debug\deps\shared_monster_trap_rock_ai-5a5a984ef855f3ef.exe)

running 0 tests

test result: ok. 0 passed; 0 failed; 0 ignored; 0 measured; 1 filtered out; finished in 0.00s

     Running tests\shared_monster_tree_queen_ai.rs (C:/mir2-build/gateway-r48-tests\debug\deps\shared_monster_tree_queen_ai-4b7f6d8aa8d0f3ac.exe)

running 0 tests

test result: ok. 0 passed; 0 failed; 0 ignored; 0 measured; 7 filtered out; finished in 0.00s

     Running tests\shared_monster_tucson_ai.rs (C:/mir2-build/gateway-r48-tests\debug\deps\shared_monster_tucson_ai-b985c0df9eb665a4.exe)

running 0 tests

test result: ok. 0 passed; 0 failed; 0 ignored; 0 measured; 7 filtered out; finished in 0.00s

     Running tests\shared_monster_vampire_ai.rs (C:/mir2-build/gateway-r48-tests\debug\deps\shared_monster_vampire_ai-b81e96e9a406405f.exe)

running 0 tests

test result: ok. 0 passed; 0 failed; 0 ignored; 0 measured; 3 filtered out; finished in 0.00s

     Running tests\shared_monster_visibility_ai.rs (C:/mir2-build/gateway-r48-tests\debug\deps\shared_monster_visibility_ai-5cad60e17b9f8872.exe)

running 0 tests

test result: ok. 0 passed; 0 failed; 0 ignored; 0 measured; 8 filtered out; finished in 0.00s

     Running tests\shared_monster_yimoogi_ai.rs (C:/mir2-build/gateway-r48-tests\debug\deps\shared_monster_yimoogi_ai-185d33d272bbc50f.exe)

running 0 tests

test result: ok. 0 passed; 0 failed; 0 ignored; 0 measured; 8 filtered out; finished in 0.00s

     Running tests\shared_player_damage_settlement.rs (C:/mir2-build/gateway-r48-tests\debug\deps\shared_player_damage_settlement-750e40d06ba2cb8e.exe)

running 0 tests

test result: ok. 0 passed; 0 failed; 0 ignored; 0 measured; 11 filtered out; finished in 0.00s

     Running tests\shared_player_death_zone.rs (C:/mir2-build/gateway-r48-tests\debug\deps\shared_player_death_zone-439ab5da84673304.exe)

running 0 tests

test result: ok. 0 passed; 0 failed; 0 ignored; 0 measured; 4 filtered out; finished in 0.00s

     Running tests\shared_player_vital_transfer.rs (C:/mir2-build/gateway-r48-tests\debug\deps\shared_player_vital_transfer-03f2c4776823416b.exe)

running 0 tests

test result: ok. 0 passed; 0 failed; 0 ignored; 0 measured; 4 filtered out; finished in 0.00s

     Running tests\shared_trade_completion.rs (C:/mir2-build/gateway-r48-tests\debug\deps\shared_trade_completion-33659f283203c1cb.exe)

running 0 tests

test result: ok. 0 passed; 0 failed; 0 ignored; 0 measured; 6 filtered out; finished in 0.00s

     Running tests\shared_trade_gold.rs (C:/mir2-build/gateway-r48-tests\debug\deps\shared_trade_gold-c362b53820530c59.exe)

running 0 tests

test result: ok. 0 passed; 0 failed; 0 ignored; 0 measured; 12 filtered out; finished in 0.00s

     Running tests\shared_zone.rs (C:/mir2-build/gateway-r48-tests\debug\deps\shared_zone-434af2e877a68d66.exe)

running 0 tests

test result: ok. 0 passed; 0 failed; 0 ignored; 0 measured; 205 filtered out; finished in 0.00s

     Running tests\shared_zone_melee_mana.rs (C:/mir2-build/gateway-r48-tests\debug\deps\shared_zone_melee_mana-2f4b9ceaf06b2111.exe)

running 0 tests

test result: ok. 0 passed; 0 failed; 0 ignored; 0 measured; 3 filtered out; finished in 0.00s

     Running tests\shared_zone_self_magic.rs (C:/mir2-build/gateway-r48-tests\debug\deps\shared_zone_self_magic-2634db73b1688547.exe)

running 0 tests

test result: ok. 0 passed; 0 failed; 0 ignored; 0 measured; 4 filtered out; finished in 0.00s

     Running tests\social_economy_integration.rs (C:/mir2-build/gateway-r48-tests\debug\deps\social_economy_integration-a478ab8b67255551.exe)

running 0 tests

test result: ok. 0 passed; 0 failed; 0 ignored; 0 measured; 3 filtered out; finished in 0.00s

     Running tests\storage_request_id.rs (C:/mir2-build/gateway-r48-tests\debug\deps\storage_request_id-bc5ee82aadd67725.exe)

running 0 tests

test result: ok. 0 passed; 0 failed; 0 ignored; 0 measured; 2 filtered out; finished in 0.00s

     Running tests\trade_item_destinations.rs (C:/mir2-build/gateway-r48-tests\debug\deps\trade_item_destinations-196d1fc43243d7f0.exe)

running 0 tests

test result: ok. 0 passed; 0 failed; 0 ignored; 0 measured; 8 filtered out; finished in 0.00s

     Running tests\trade_item_merges.rs (C:/mir2-build/gateway-r48-tests\debug\deps\trade_item_merges-a3c6cf804e726c09.exe)

running 0 tests

test result: ok. 0 passed; 0 failed; 0 ignored; 0 measured; 5 filtered out; finished in 0.00s

     Running tests\user_item_uid_file.rs (C:/mir2-build/gateway-r48-tests\debug\deps\user_item_uid_file-13bd93644b3e1d54.exe)

running 0 tests

test result: ok. 0 passed; 0 failed; 0 ignored; 0 measured; 17 filtered out; finished in 0.00s

     Running tests\vertical_slice.rs (C:/mir2-build/gateway-r48-tests\debug\deps\vertical_slice-4f39a9582ce53114.exe)

running 0 tests

test result: ok. 0 passed; 0 failed; 0 ignored; 0 measured; 13 filtered out; finished in 0.00s

     Running tests\yin_devil_node.rs (C:/mir2-build/gateway-r48-tests\debug\deps\yin_devil_node-03a26260cefcd895.exe)

running 0 tests

test result: ok. 0 passed; 0 failed; 0 ignored; 0 measured; 2 filtered out; finished in 0.00s

     Running tests\zone_replay.rs (C:/mir2-build/gateway-r48-tests\debug\deps\zone_replay-850f80e28ee99a8d.exe)

running 0 tests

test result: ok. 0 passed; 0 failed; 0 ignored; 0 measured; 8 filtered out; finished in 0.00s

=== transfer_hero_item_moves_player_bag_item_to_hero_inventory ===
warning: unused import: `super::skills::crystal_magic_damage`
  --> apps\simulation\src\runtime\hero_ai.rs:53:5
   |
53 | use super::skills::crystal_magic_damage;
   |     ^^^^^^^^^^^^^^^^^^^^^^^^^^^^^^^^^^^
   |
   = note: `#[warn(unused_imports)]` (part of `#[warn(unused)]`) on by default

warning: unused import: `hero_registry_scan::validate_shared_hero_physical_custody`
  --> apps\simulation\src\runtime\mod.rs:22:16
   |
22 | pub(crate) use hero_registry_scan::validate_shared_hero_physical_custody;
   |                ^^^^^^^^^^^^^^^^^^^^^^^^^^^^^^^^^^^^^^^^^^^^^^^^^^^^^^^^^

warning: unused import: `HeroInventoryResource`
  --> apps\simulation\src\runtime\items.rs:58:19
   |
58 |     BuffResource, HeroInventoryResource, InventoryResource, PlayerPermissionResource,
   |                   ^^^^^^^^^^^^^^^^^^^^^

warning: unused import: `hero_inventory_crystal_stat_total`
  --> apps\simulation\src\runtime\packets.rs:72:22
   |
72 | use super::hero_ai::{hero_inventory_crystal_stat_total, hero_inventory_equipment_slots};
   |                      ^^^^^^^^^^^^^^^^^^^^^^^^^^^^^^^^^

warning: unused import: `crystal_quest_info_by_id`
   --> apps\simulation\src\runtime\packets.rs:108:5
    |
108 |     crystal_quest_info_by_id, crystal_quest_reward_selection_missing,
    |     ^^^^^^^^^^^^^^^^^^^^^^^^

warning: unused import: `intelligent_creature_default_rules`
   --> apps\simulation\src\runtime\packets.rs:125:5
    |
125 |     intelligent_creature_default_rules, is_in_world, mark_crystal_packet_action,
    |     ^^^^^^^^^^^^^^^^^^^^^^^^^^^^^^^^^^

warning: unused imports: `ZoneExperienceProfile` and `ZoneGuildExperienceMembership`
 --> apps\simulation\src\runtime\zone\mod.rs:6:22
  |
6 | pub use experience::{ZoneExperienceProfile,ZoneExperienceSelection,ZoneGuildExperienceMembership};
  |                      ^^^^^^^^^^^^^^^^^^^^^                         ^^^^^^^^^^^^^^^^^^^^^^^^^^^^^

warning: use of deprecated method `bevy_ecs::world::World::iter_entities`: use world.query::<EntityRef>()` instead
  --> apps\simulation\src\runtime\hero_cast.rs:61:22
   |
61 |     let target=world.iter_entities().find_map(|entry| {
   |                      ^^^^^^^^^^^^^
   |
   = note: `#[warn(deprecated)]` on by default

warning: use of deprecated method `bevy_ecs::world::World::iter_entities`: use world.query::<EntityRef>()` instead
   --> apps\simulation\src\runtime\monster_ai\great_fox_spirit.rs:163:28
    |
163 |     for candidate in world.iter_entities() {
    |                            ^^^^^^^^^^^^^

warning: use of deprecated method `bevy_ecs::world::World::iter_entities`: use world.query::<EntityRef>()` instead
    --> apps\simulation\src\runtime\packets.rs:7786:25
     |
7786 |     for entity in world.iter_entities() {
     |                         ^^^^^^^^^^^^^

warning: use of deprecated method `bevy_ecs::world::World::iter_entities`: use world.query::<EntityRef>()` instead
    --> apps\simulation\src\runtime\skills.rs:5013:10
     |
5013 |         .iter_entities()
     |          ^^^^^^^^^^^^^

warning: use of deprecated method `bevy_ecs::world::World::iter_entities`: use world.query::<EntityRef>()` instead
    --> apps\simulation\src\runtime\skills.rs:5096:10
     |
5096 |         .iter_entities()
     |          ^^^^^^^^^^^^^

warning: type `HeroSourceVersions` is more private than the item `config::AccountStoreRepositorySave::heroes`
   --> apps\simulation\src\config.rs:777:5
    |
777 |     pub(crate) heroes: hero_registry::HeroSourceVersions,
    |     ^^^^^^^^^^^^^^^^^^^^^^^^^^^^^^^^^^^^^^^^^^^^^^^^^^^^ field `config::AccountStoreRepositorySave::heroes` is reachable at visibility `pub(crate)`
    |
note: but type `HeroSourceVersions` is only usable at visibility `pub(in crate::config)`
   --> apps\simulation\src\config_hero_registry.rs:93:1
    |
 93 | pub(super) struct HeroSourceVersions {
    | ^^^^^^^^^^^^^^^^^^^^^^^^^^^^^^^^^^^^
    = note: `#[warn(private_interfaces)]` on by default

warning: type `ZoneCombatEntityRef` is more private than the item `tree_queen_ai::TreeQueenRoot::source_ref`
  --> apps\simulation\src\runtime\zone\runtime\tree_queen_ai.rs:39:5
   |
39 |     pub source_ref: Option<ZoneCombatEntityRef>,
   |     ^^^^^^^^^^^^^^^^^^^^^^^^^^^^^^^^^^^^^^^^^^^ field `tree_queen_ai::TreeQueenRoot::source_ref` is reachable at visibility `pub(in crate::runtime::zone)`
   |
note: but type `ZoneCombatEntityRef` is only usable at visibility `pub(in crate::runtime::zone::runtime)`
  --> apps\simulation\src\runtime\zone\runtime\entity_combat.rs:7:1
   |
 7 | pub(super) enum ZoneCombatEntityRef {
   | ^^^^^^^^^^^^^^^^^^^^^^^^^^^^^^^^^^^

warning: type `ZoneCombatEntityRef` is more private than the item `EvilMirState::target_ref`
  --> apps\simulation\src\runtime\zone\runtime\evil_mir_ai.rs:11:5
   |
11 |     pub target_ref: Option<ZoneCombatEntityRef>,
   |     ^^^^^^^^^^^^^^^^^^^^^^^^^^^^^^^^^^^^^^^^^^^ field `EvilMirState::target_ref` is reachable at visibility `pub(in crate::runtime::zone)`
   |
note: but type `ZoneCombatEntityRef` is only usable at visibility `pub(in crate::runtime::zone::runtime)`
  --> apps\simulation\src\runtime\zone\runtime\entity_combat.rs:7:1
   |
 7 | pub(super) enum ZoneCombatEntityRef {
   | ^^^^^^^^^^^^^^^^^^^^^^^^^^^^^^^^^^^

warning: type `ZoneCombatEntityRef` is more private than the item `EvilMirPendingSource::source`
  --> apps\simulation\src\runtime\zone\runtime\evil_mir_ai.rs:20:5
   |
20 |     pub source: ZoneCombatEntityRef,
   |     ^^^^^^^^^^^^^^^^^^^^^^^^^^^^^^^ field `EvilMirPendingSource::source` is reachable at visibility `pub(in crate::runtime::zone)`
   |
note: but type `ZoneCombatEntityRef` is only usable at visibility `pub(in crate::runtime::zone::runtime)`
  --> apps\simulation\src\runtime\zone\runtime\entity_combat.rs:7:1
   |
 7 | pub(super) enum ZoneCombatEntityRef {
   | ^^^^^^^^^^^^^^^^^^^^^^^^^^^^^^^^^^^

warning: type `ZoneCombatEntityRef` is more private than the item `GreatFoxState::target_ref`
  --> apps\simulation\src\runtime\zone\runtime\great_fox_ai.rs:15:5
   |
15 |     pub target_ref: Option<ZoneCombatEntityRef>,
   |     ^^^^^^^^^^^^^^^^^^^^^^^^^^^^^^^^^^^^^^^^^^^ field `GreatFoxState::target_ref` is reachable at visibility `pub(in crate::runtime::zone)`
   |
note: but type `ZoneCombatEntityRef` is only usable at visibility `pub(in crate::runtime::zone::runtime)`
  --> apps\simulation\src\runtime\zone\runtime\entity_combat.rs:7:1
   |
 7 | pub(super) enum ZoneCombatEntityRef {
   | ^^^^^^^^^^^^^^^^^^^^^^^^^^^^^^^^^^^

warning: type `ZoneCombatEntityRef` is more private than the item `GreatFoxHit::source_ref`
  --> apps\simulation\src\runtime\zone\runtime\great_fox_ai.rs:42:5
   |
42 |     pub source_ref: Option<ZoneCombatEntityRef>,
   |     ^^^^^^^^^^^^^^^^^^^^^^^^^^^^^^^^^^^^^^^^^^^ field `GreatFoxHit::source_ref` is reachable at visibility `pub(in crate::runtime::zone)`
   |
note: but type `ZoneCombatEntityRef` is only usable at visibility `pub(in crate::runtime::zone::runtime)`
  --> apps\simulation\src\runtime\zone\runtime\entity_combat.rs:7:1
   |
 7 | pub(super) enum ZoneCombatEntityRef {
   | ^^^^^^^^^^^^^^^^^^^^^^^^^^^^^^^^^^^

warning: type `ZoneCombatEntityRef` is more private than the item `GreatFoxHit::target_ref`
  --> apps\simulation\src\runtime\zone\runtime\great_fox_ai.rs:44:5
   |
44 |     pub target_ref: Option<ZoneCombatEntityRef>,
   |     ^^^^^^^^^^^^^^^^^^^^^^^^^^^^^^^^^^^^^^^^^^^ field `GreatFoxHit::target_ref` is reachable at visibility `pub(in crate::runtime::zone)`
   |
note: but type `ZoneCombatEntityRef` is only usable at visibility `pub(in crate::runtime::zone::runtime)`
  --> apps\simulation\src\runtime\zone\runtime\entity_combat.rs:7:1
   |
 7 | pub(super) enum ZoneCombatEntityRef {
   | ^^^^^^^^^^^^^^^^^^^^^^^^^^^^^^^^^^^

warning: type `ZoneCombatEntityRef` is more private than the item `HornedEncounterState::target_ref`
  --> apps\simulation\src\runtime\zone\runtime\horned_encounter_ai.rs:12:5
   |
12 |     pub target_ref: Option<ZoneCombatEntityRef>,
   |     ^^^^^^^^^^^^^^^^^^^^^^^^^^^^^^^^^^^^^^^^^^^ field `HornedEncounterState::target_ref` is reachable at visibility `pub(in crate::runtime::zone)`
   |
note: but type `ZoneCombatEntityRef` is only usable at visibility `pub(in crate::runtime::zone::runtime)`
  --> apps\simulation\src\runtime\zone\runtime\entity_combat.rs:7:1
   |
 7 | pub(super) enum ZoneCombatEntityRef {
   | ^^^^^^^^^^^^^^^^^^^^^^^^^^^^^^^^^^^

warning: type `ZoneCombatEntityRef` is more private than the item `HornedEncounterHit::source_ref`
  --> apps\simulation\src\runtime\zone\runtime\horned_encounter_ai.rs:38:5
   |
38 |     pub source_ref: Option<ZoneCombatEntityRef>,
   |     ^^^^^^^^^^^^^^^^^^^^^^^^^^^^^^^^^^^^^^^^^^^ field `HornedEncounterHit::source_ref` is reachable at visibility `pub(in crate::runtime::zone)`
   |
note: but type `ZoneCombatEntityRef` is only usable at visibility `pub(in crate::runtime::zone::runtime)`
  --> apps\simulation\src\runtime\zone\runtime\entity_combat.rs:7:1
   |
 7 | pub(super) enum ZoneCombatEntityRef {
   | ^^^^^^^^^^^^^^^^^^^^^^^^^^^^^^^^^^^

warning: type `ZoneCombatEntityRef` is more private than the item `HornedEncounterHit::target_ref`
  --> apps\simulation\src\runtime\zone\runtime\horned_encounter_ai.rs:41:5
   |
41 |     pub target_ref: Option<ZoneCombatEntityRef>,
   |     ^^^^^^^^^^^^^^^^^^^^^^^^^^^^^^^^^^^^^^^^^^^ field `HornedEncounterHit::target_ref` is reachable at visibility `pub(in crate::runtime::zone)`
   |
note: but type `ZoneCombatEntityRef` is only usable at visibility `pub(in crate::runtime::zone::runtime)`
  --> apps\simulation\src\runtime\zone\runtime\entity_combat.rs:7:1
   |
 7 | pub(super) enum ZoneCombatEntityRef {
   | ^^^^^^^^^^^^^^^^^^^^^^^^^^^^^^^^^^^

warning: type `ZoneCombatEntityRef` is more private than the item `HornedMapSpell::source_ref`
  --> apps\simulation\src\runtime\zone\runtime\horned_encounter_ai.rs:60:5
   |
60 |     pub source_ref: Option<ZoneCombatEntityRef>,
   |     ^^^^^^^^^^^^^^^^^^^^^^^^^^^^^^^^^^^^^^^^^^^ field `HornedMapSpell::source_ref` is reachable at visibility `pub(in crate::runtime::zone)`
   |
note: but type `ZoneCombatEntityRef` is only usable at visibility `pub(in crate::runtime::zone::runtime)`
  --> apps\simulation\src\runtime\zone\runtime\entity_combat.rs:7:1
   |
 7 | pub(super) enum ZoneCombatEntityRef {
   | ^^^^^^^^^^^^^^^^^^^^^^^^^^^^^^^^^^^

warning: type `ZoneCombatEntityRef` is more private than the item `HornedState::target_ref`
  --> apps\simulation\src\runtime\zone\runtime\horned_ai.rs:14:5
   |
14 |     pub target_ref: Option<ZoneCombatEntityRef>,
   |     ^^^^^^^^^^^^^^^^^^^^^^^^^^^^^^^^^^^^^^^^^^^ field `HornedState::target_ref` is reachable at visibility `pub(in crate::runtime::zone)`
   |
note: but type `ZoneCombatEntityRef` is only usable at visibility `pub(in crate::runtime::zone::runtime)`
  --> apps\simulation\src\runtime\zone\runtime\entity_combat.rs:7:1
   |
 7 | pub(super) enum ZoneCombatEntityRef {
   | ^^^^^^^^^^^^^^^^^^^^^^^^^^^^^^^^^^^

warning: type `ZoneCombatEntityRef` is more private than the item `HornedHit::source_ref`
  --> apps\simulation\src\runtime\zone\runtime\horned_ai.rs:28:5
   |
28 |     pub source_ref: Option<ZoneCombatEntityRef>,
   |     ^^^^^^^^^^^^^^^^^^^^^^^^^^^^^^^^^^^^^^^^^^^ field `HornedHit::source_ref` is reachable at visibility `pub(in crate::runtime::zone)`
   |
note: but type `ZoneCombatEntityRef` is only usable at visibility `pub(in crate::runtime::zone::runtime)`
  --> apps\simulation\src\runtime\zone\runtime\entity_combat.rs:7:1
   |
 7 | pub(super) enum ZoneCombatEntityRef {
   | ^^^^^^^^^^^^^^^^^^^^^^^^^^^^^^^^^^^

warning: type `ZoneCombatEntityRef` is more private than the item `HornedHit::target_ref`
  --> apps\simulation\src\runtime\zone\runtime\horned_ai.rs:30:5
   |
30 |     pub target_ref: Option<ZoneCombatEntityRef>,
   |     ^^^^^^^^^^^^^^^^^^^^^^^^^^^^^^^^^^^^^^^^^^^ field `HornedHit::target_ref` is reachable at visibility `pub(in crate::runtime::zone)`
   |
note: but type `ZoneCombatEntityRef` is only usable at visibility `pub(in crate::runtime::zone::runtime)`
  --> apps\simulation\src\runtime\zone\runtime\entity_combat.rs:7:1
   |
 7 | pub(super) enum ZoneCombatEntityRef {
   | ^^^^^^^^^^^^^^^^^^^^^^^^^^^^^^^^^^^

warning: type `ZoneCombatEntityRef` is more private than the item `HellState::explosion_source_ref`
  --> apps\simulation\src\runtime\zone\runtime\hell_ai.rs:14:5
   |
14 |     pub explosion_source_ref: Option<ZoneCombatEntityRef>,
   |     ^^^^^^^^^^^^^^^^^^^^^^^^^^^^^^^^^^^^^^^^^^^^^^^^^^^^^ field `HellState::explosion_source_ref` is reachable at visibility `pub(in crate::runtime::zone)`
   |
note: but type `ZoneCombatEntityRef` is only usable at visibility `pub(in crate::runtime::zone::runtime)`
  --> apps\simulation\src\runtime\zone\runtime\entity_combat.rs:7:1
   |
 7 | pub(super) enum ZoneCombatEntityRef {
   | ^^^^^^^^^^^^^^^^^^^^^^^^^^^^^^^^^^^

warning: type `ZoneCombatEntityRef` is more private than the item `SpiderAiState::parent_ref`
  --> apps\simulation\src\runtime\zone\runtime\spider_ai.rs:40:5
   |
40 |     pub parent_ref: Option<ZoneCombatEntityRef>,
   |     ^^^^^^^^^^^^^^^^^^^^^^^^^^^^^^^^^^^^^^^^^^^ field `SpiderAiState::parent_ref` is reachable at visibility `pub(in crate::runtime::zone)`
   |
note: but type `ZoneCombatEntityRef` is only usable at visibility `pub(in crate::runtime::zone::runtime)`
  --> apps\simulation\src\runtime\zone\runtime\entity_combat.rs:7:1
   |
 7 | pub(super) enum ZoneCombatEntityRef {
   | ^^^^^^^^^^^^^^^^^^^^^^^^^^^^^^^^^^^

warning: type `ZoneCombatEntityRef` is more private than the item `PendingRootSpiderSpawn::source`
  --> apps\simulation\src\runtime\zone\runtime\spider_ai.rs:52:5
   |
52 |     pub source: Option<ZoneCombatEntityRef>,
   |     ^^^^^^^^^^^^^^^^^^^^^^^^^^^^^^^^^^^^^^^ field `PendingRootSpiderSpawn::source` is reachable at visibility `pub(in crate::runtime::zone)`
   |
note: but type `ZoneCombatEntityRef` is only usable at visibility `pub(in crate::runtime::zone::runtime)`
  --> apps\simulation\src\runtime\zone\runtime\entity_combat.rs:7:1
   |
 7 | pub(super) enum ZoneCombatEntityRef {
   | ^^^^^^^^^^^^^^^^^^^^^^^^^^^^^^^^^^^

warning: type `ZoneCombatEntityRef` is more private than the item `PendingRootSpiderSpawn::target`
  --> apps\simulation\src\runtime\zone\runtime\spider_ai.rs:54:5
   |
54 |     pub target: Option<ZoneCombatEntityRef>,
   |     ^^^^^^^^^^^^^^^^^^^^^^^^^^^^^^^^^^^^^^^ field `PendingRootSpiderSpawn::target` is reachable at visibility `pub(in crate::runtime::zone)`
   |
note: but type `ZoneCombatEntityRef` is only usable at visibility `pub(in crate::runtime::zone::runtime)`
  --> apps\simulation\src\runtime\zone\runtime\entity_combat.rs:7:1
   |
 7 | pub(super) enum ZoneCombatEntityRef {
   | ^^^^^^^^^^^^^^^^^^^^^^^^^^^^^^^^^^^

warning: methods `scoped_to_account` and `scoped_to_accounts` are never used
   --> apps\simulation\src\config.rs:292:8
    |
159 | impl AccountStore {
    | ----------------- methods in this implementation
...
292 |     fn scoped_to_account(&self, account_id: &str) -> Self {
    |        ^^^^^^^^^^^^^^^^^
...
296 |     fn scoped_to_accounts(&self, account_ids: &[&str]) -> Self {
    |        ^^^^^^^^^^^^^^^^^^
    |
    = note: `#[warn(dead_code)]` (part of `#[warn(unused)]`) on by default

warning: variant `AccountsWithHeroes` is never constructed
   --> apps\simulation\src\config.rs:373:5
    |
370 | enum AccountStoreMutationScope<'a> {
    |      ------------------------- variant in this enum
...
373 |     AccountsWithHeroes { account_ids: &'a [String], hero_ids: &'a [i32], allocate: bool },
    |     ^^^^^^^^^^^^^^^^^^
    |
    = note: `AccountStoreMutationScope` has derived impls for the traits `Clone` and `Debug`, but these are intentionally ignored during dead code analysis

warning: field `admitted_minutes` is never read
  --> apps\simulation\src\config_guild_clock_transactions.rs:13:9
   |
 6 | pub(in crate::config) struct GuildClockCommitReceipt {
   |                              ----------------------- field in this struct
...
13 |     pub admitted_minutes: u64,
   |         ^^^^^^^^^^^^^^^^
   |
   = note: `GuildClockCommitReceipt` has derived impls for the traits `Clone` and `Debug`, but these are intentionally ignored during dead code analysis

warning: function `commit_postgres_tick` is never used
  --> apps\simulation\src\config_guild_clock_transactions.rs:17:26
   |
17 | pub(in crate::config) fn commit_postgres_tick(
   |                          ^^^^^^^^^^^^^^^^^^^^

warning: function `commit_postgres_tick_checked` is never used
  --> apps\simulation\src\config_guild_clock_transactions.rs:24:26
   |
24 | pub(in crate::config) fn commit_postgres_tick_checked(
   |                          ^^^^^^^^^^^^^^^^^^^^^^^^^^^^

warning: method `item_identity_path` is never used
   --> apps\simulation\src\config_file_authority.rs:102:19
    |
 99 | impl FileAuthority {
    | ------------------ method in this implementation
...
102 |     pub(super) fn item_identity_path(&self, config: &SimulationConfig) -> Result<PathBuf, String> {
    |                   ^^^^^^^^^^^^^^^^^^

warning: method `refresh_shared_hero_authority` is never used
 --> apps\simulation\src\config_hero_authority.rs:8:19
  |
7 | impl SimulationConfig {
  | --------------------- method in this implementation
8 |     pub(crate) fn refresh_shared_hero_authority(&self)->Result<(),String>{
  |                   ^^^^^^^^^^^^^^^^^^^^^^^^^^^^^

warning: method `shared_guild_authority_snapshot` is never used
   --> apps\simulation\src\config_shared_guilds.rs:845:19
    |
844 | impl SimulationConfig {
    | --------------------- method in this implementation
845 |     pub(crate) fn shared_guild_authority_snapshot(
    |                   ^^^^^^^^^^^^^^^^^^^^^^^^^^^^^^^

warning: variant `MacAgility` is never constructed
   --> apps\simulation\src\runtime\combat.rs:776:5
    |
769 | pub(super) enum CrystalDefence {
    |                 -------------- variant in this enum
...
776 |     MacAgility,
    |     ^^^^^^^^^^
    |
    = note: `CrystalDefence` has derived impls for the traits `Debug` and `Clone`, but these are intentionally ignored during dead code analysis

warning: constant `CRYSTAL_BAG_WEIGHT_LIMIT` is never used
  --> apps\simulation\src\runtime\drops.rs:70:18
   |
70 | pub(super) const CRYSTAL_BAG_WEIGHT_LIMIT: u32 = 100;
   |                  ^^^^^^^^^^^^^^^^^^^^^^^^

warning: function `resolved_monster_drop_templates_at_tick` is never used
   --> apps\simulation\src\runtime\drops.rs:464:15
    |
464 | pub(super) fn resolved_monster_drop_templates_at_tick(
    |               ^^^^^^^^^^^^^^^^^^^^^^^^^^^^^^^^^^^^^^^

warning: function `crystal_monster_drop_templates` is never used
   --> apps\simulation\src\runtime\drops.rs:535:15
    |
535 | pub(super) fn crystal_monster_drop_templates(
    |               ^^^^^^^^^^^^^^^^^^^^^^^^^^^^^^

warning: function `crystal_resolve_group_drop` is never used
   --> apps\simulation\src\runtime\drops.rs:610:15
    |
610 | pub(super) fn crystal_resolve_group_drop(
    |               ^^^^^^^^^^^^^^^^^^^^^^^^^^

warning: function `crystal_drop_entry_should_drop` is never used
   --> apps\simulation\src\runtime\drops.rs:665:15
    |
665 | pub(super) fn crystal_drop_entry_should_drop(
    |               ^^^^^^^^^^^^^^^^^^^^^^^^^^^^^^

warning: method `socketed_count` is never used
   --> apps\simulation\src\runtime\equipment.rs:303:19
    |
119 | impl EquipmentState {
    | ------------------- method in this implementation
...
303 |     pub(super) fn socketed_count(&self) -> usize {
    |                   ^^^^^^^^^^^^^^

warning: function `equipment_state_identified` is never used
   --> apps\simulation\src\runtime\equipment.rs:308:15
    |
308 | pub(super) fn equipment_state_identified(item: &EquipmentState) -> bool {
    |               ^^^^^^^^^^^^^^^^^^^^^^^^^^

warning: function `equipment_state_soul_bound_id` is never used
   --> apps\simulation\src\runtime\equipment.rs:313:15
    |
313 | pub(super) fn equipment_state_soul_bound_id(item: &EquipmentState) -> i32 {
    |               ^^^^^^^^^^^^^^^^^^^^^^^^^^^^^

warning: function `hero_inventory_equipment_slot` is never used
   --> apps\simulation\src\runtime\hero_ai.rs:180:4
    |
180 | fn hero_inventory_equipment_slot(item: &ItemState) -> Option<EquipmentSlot> {
    |    ^^^^^^^^^^^^^^^^^^^^^^^^^^^^^

warning: function `hero_inventory_item_is_broken` is never used
   --> apps\simulation\src\runtime\hero_ai.rs:185:4
    |
185 | fn hero_inventory_item_is_broken(item: &ItemState) -> bool {
    |    ^^^^^^^^^^^^^^^^^^^^^^^^^^^^^

warning: function `hero_inventory_item_modeled_base_stat` is never used
   --> apps\simulation\src\runtime\hero_ai.rs:189:4
    |
189 | fn hero_inventory_item_modeled_base_stat(item: &ItemState, stat: u8) -> i32 {
    |    ^^^^^^^^^^^^^^^^^^^^^^^^^^^^^^^^^^^^^

warning: function `hero_inventory_item_crystal_stat` is never used
   --> apps\simulation\src\runtime\hero_ai.rs:197:4
    |
197 | fn hero_inventory_item_crystal_stat(item: &ItemState, stat: u8) -> i32 {
    |    ^^^^^^^^^^^^^^^^^^^^^^^^^^^^^^^^

warning: function `hero_inventory_crystal_stat_total` is never used
   --> apps\simulation\src\runtime\hero_ai.rs:214:15
    |
214 | pub(super) fn hero_inventory_crystal_stat_total(world: &World, stat: u8) -> i32 {
    |               ^^^^^^^^^^^^^^^^^^^^^^^^^^^^^^^^^

warning: enum `CarrierOrigin` is never used
 --> apps\simulation\src\runtime\hero_registry_carriers.rs:8:17
  |
8 | pub(super) enum CarrierOrigin { External, Hero(i32) }
  |                 ^^^^^^^^^^^^^

warning: struct `HeroCarrierCensus` is never constructed
  --> apps\simulation\src\runtime\hero_registry_carriers.rs:10:19
   |
10 | pub(super) struct HeroCarrierCensus {
   |                   ^^^^^^^^^^^^^^^^^

warning: methods `node`, `record`, `record_unresolved_legacy`, and `validate` are never used
  --> apps\simulation\src\runtime\hero_registry_carriers.rs:15:8
   |
14 | impl HeroCarrierCensus {
   | ---------------------- methods in this implementation
15 |     fn node(&mut self,item:&UserItem,origin:CarrierOrigin)->Result<(),String>{
   |        ^^^^
...
27 |     pub fn record(&mut self,item:&UserItem,origin:CarrierOrigin)->Result<(),String>{
   |            ^^^^^^
...
42 |     pub fn record_unresolved_legacy(&mut self,root:&super::items::ItemState)->Result<(),String>{
   |            ^^^^^^^^^^^^^^^^^^^^^^^^
...
70 |     pub fn validate(&self,heroes:&BTreeMap<i32,SharedHeroRecord>,owned_ids:&BTreeSet<u64>)->Result<(),String>{
   |            ^^^^^^^^

warning: function `decode` is never used
 --> apps\simulation\src\runtime\hero_registry_scan.rs:8:4
  |
8 | fn decode<T:DeserializeOwned>(value:&str)->Result<T,String>{serde_json::from_str(value).map_err(|error|format!("invalid Hero custody ...
  |    ^^^^^^

warning: function `add_wire` is never used
 --> apps\simulation\src\runtime\hero_registry_scan.rs:9:4
  |
9 | fn add_wire(census:&mut HeroCarrierCensus,item:&UserItem,origin:CarrierOrigin,forbidden_bind:u16)->Result<(),String>{
  |    ^^^^^^^^

warning: function `add_items` is never used
  --> apps\simulation\src\runtime\hero_registry_scan.rs:21:4
   |
21 | fn add_items(census:&mut HeroCarrierCensus,encoded:&[String],origin:CarrierOrigin,forbidden:u16)->Result<(),String>{
   |    ^^^^^^^^^

warning: function `add_character` is never used
  --> apps\simulation\src\runtime\hero_registry_scan.rs:32:4
   |
32 | fn add_character(census:&mut HeroCarrierCensus,save:&CharacterSaveRecord,mirrored:bool)->Result<(),String>{
   |    ^^^^^^^^^^^^^

warning: function `validate_shared_hero_physical_custody` is never used
  --> apps\simulation\src\runtime\hero_registry_scan.rs:86:15
   |
86 | pub(crate) fn validate_shared_hero_physical_custody(store:&AccountStore)->Result<(),String>{
   |               ^^^^^^^^^^^^^^^^^^^^^^^^^^^^^^^^^^^^^

warning: function `hero_inventory_item_is_broken` is never used
    --> apps\simulation\src\runtime\items.rs:3452:4
     |
3452 | fn hero_inventory_item_is_broken(item: &ItemState) -> bool {
     |    ^^^^^^^^^^^^^^^^^^^^^^^^^^^^^

warning: function `hero_inventory_requirement_stat` is never used
    --> apps\simulation\src\runtime\items.rs:3456:4
     |
3456 | fn hero_inventory_requirement_stat(item: &ItemState, stat: u8) -> i32 {
     |    ^^^^^^^^^^^^^^^^^^^^^^^^^^^^^^^

warning: function `repair_conquest_asset` is never used
    --> apps\simulation\src\runtime\monsters.rs:1878:15
     |
1878 | pub(super) fn repair_conquest_asset(world: &mut World, ai: u8, asset_id: u8) -> bool {
     |               ^^^^^^^^^^^^^^^^^^^^^

warning: function `crystal_npc_visible_to_character` is never used
   --> apps\simulation\src\runtime\npc.rs:245:15
    |
245 | pub(super) fn crystal_npc_visible_to_character(
    |               ^^^^^^^^^^^^^^^^^^^^^^^^^^^^^^^^

warning: function `complete_quest` is never used
    --> apps\simulation\src\runtime\quests.rs:1030:15
     |
1030 | pub(super) fn complete_quest(world: &mut World, quest_id: i32) {
     |               ^^^^^^^^^^^^^^

warning: function `default_save_for_character` is never used
  --> apps\simulation\src\runtime\save.rs:76:15
   |
76 | pub(super) fn default_save_for_character(
   |               ^^^^^^^^^^^^^^^^^^^^^^^^^^

warning: function `persist_character_save` is never used
   --> apps\simulation\src\runtime\save.rs:921:15
    |
921 | pub(super) fn persist_character_save(
    |               ^^^^^^^^^^^^^^^^^^^^^^

warning: function `bank_mentor_gain` is never used
   --> apps\simulation\src\runtime\shared_relationships.rs:321:15
    |
321 | pub(super) fn bank_mentor_gain(
    |               ^^^^^^^^^^^^^^^^

warning: method `game_shop_buy_product` is never used
    --> apps\simulation\src\runtime\stage5.rs:4304:8
     |
3234 | impl SimulationSession {
     | ---------------------- method in this implementation
...
4304 |     fn game_shop_buy_product(
     |        ^^^^^^^^^^^^^^^^^^^^^

warning: struct `ZoneExperienceProfile` is never constructed
  --> apps\simulation\src\runtime\zone\experience.rs:13:12
   |
13 | pub struct ZoneExperienceProfile {
   |            ^^^^^^^^^^^^^^^^^^^^^

warning: method `select` is never used
  --> apps\simulation\src\runtime\zone\experience.rs:41:19
   |
40 | impl ZoneExperienceProfile {
   | -------------------------- method in this implementation
41 |     pub(super) fn select(
   |                   ^^^^^^

warning: function `hell_can_move` is never used
  --> apps\simulation\src\runtime\zone\runtime\hell_ai.rs:68:15
   |
68 | pub(super) fn hell_can_move(m: &ZoneNativeMonster) -> bool {
   |               ^^^^^^^^^^^^^

warning: function `hell_can_regen` is never used
  --> apps\simulation\src\runtime\zone\runtime\hell_ai.rs:74:15
   |
74 | pub(super) fn hell_can_regen(m: &ZoneNativeMonster) -> bool {
   |               ^^^^^^^^^^^^^^

warning: methods `blocking` and `set_replay_seed` are never used
   --> apps\simulation\src\runtime\zone\intelligent_creatures.rs:183:12
    |
112 | impl ZoneIntelligentCreature {
    | ---------------------------- methods in this implementation
...
183 |     pub fn blocking(&self) -> bool {
    |            ^^^^^^^^
...
187 |     pub fn set_replay_seed(&mut self, seed: u64) {
    |            ^^^^^^^^^^^^^^^

warning: unused import: `ZoneExperienceProfile`
 --> apps\simulation\src\runtime\zone\mod.rs:6:22
  |
6 | pub use experience::{ZoneExperienceProfile,ZoneExperienceSelection,ZoneGuildExperienceMembership};
  |                      ^^^^^^^^^^^^^^^^^^^^^

warning: use of deprecated method `bevy_ecs::world::World::iter_entities`: use world.query::<EntityRef>()` instead
  --> apps\simulation\src\runtime\hero_cast.rs:99:27
   |
99 |         let monster=world.iter_entities().find(|e|e.get::<Monster>().is_some()).unwrap().id();
   |                           ^^^^^^^^^^^^^

warning: type `hero_registry::HeroSourceVersions` is more private than the item `config::AccountStoreRepositorySave::heroes`
   --> apps\simulation\src\config.rs:777:5
    |
777 |     pub(crate) heroes: hero_registry::HeroSourceVersions,
    |     ^^^^^^^^^^^^^^^^^^^^^^^^^^^^^^^^^^^^^^^^^^^^^^^^^^^^ field `config::AccountStoreRepositorySave::heroes` is reachable at visibility `pub(crate)`
    |
note: but type `hero_registry::HeroSourceVersions` is only usable at visibility `pub(in crate::config)`
   --> apps\simulation\src\config_hero_registry.rs:93:1
    |
 93 | pub(super) struct HeroSourceVersions {
    | ^^^^^^^^^^^^^^^^^^^^^^^^^^^^^^^^^^^^
    = note: `#[warn(private_interfaces)]` on by default

warning: type `entity_combat::ZoneCombatEntityRef` is more private than the item `tree_queen_ai::TreeQueenRoot::source_ref`
  --> apps\simulation\src\runtime\zone\runtime\tree_queen_ai.rs:39:5
   |
39 |     pub source_ref: Option<ZoneCombatEntityRef>,
   |     ^^^^^^^^^^^^^^^^^^^^^^^^^^^^^^^^^^^^^^^^^^^ field `tree_queen_ai::TreeQueenRoot::source_ref` is reachable at visibility `pub(in crate::runtime::zone)`
   |
note: but type `entity_combat::ZoneCombatEntityRef` is only usable at visibility `pub(in crate::runtime::zone::runtime)`
  --> apps\simulation\src\runtime\zone\runtime\entity_combat.rs:7:1
   |
 7 | pub(super) enum ZoneCombatEntityRef {
   | ^^^^^^^^^^^^^^^^^^^^^^^^^^^^^^^^^^^

warning: type `entity_combat::ZoneCombatEntityRef` is more private than the item `EvilMirState::target_ref`
  --> apps\simulation\src\runtime\zone\runtime\evil_mir_ai.rs:11:5
   |
11 |     pub target_ref: Option<ZoneCombatEntityRef>,
   |     ^^^^^^^^^^^^^^^^^^^^^^^^^^^^^^^^^^^^^^^^^^^ field `EvilMirState::target_ref` is reachable at visibility `pub(in crate::runtime::zone)`
   |
note: but type `entity_combat::ZoneCombatEntityRef` is only usable at visibility `pub(in crate::runtime::zone::runtime)`
  --> apps\simulation\src\runtime\zone\runtime\entity_combat.rs:7:1
   |
 7 | pub(super) enum ZoneCombatEntityRef {
   | ^^^^^^^^^^^^^^^^^^^^^^^^^^^^^^^^^^^

warning: type `entity_combat::ZoneCombatEntityRef` is more private than the item `EvilMirPendingSource::source`
  --> apps\simulation\src\runtime\zone\runtime\evil_mir_ai.rs:20:5
   |
20 |     pub source: ZoneCombatEntityRef,
   |     ^^^^^^^^^^^^^^^^^^^^^^^^^^^^^^^ field `EvilMirPendingSource::source` is reachable at visibility `pub(in crate::runtime::zone)`
   |
note: but type `entity_combat::ZoneCombatEntityRef` is only usable at visibility `pub(in crate::runtime::zone::runtime)`
  --> apps\simulation\src\runtime\zone\runtime\entity_combat.rs:7:1
   |
 7 | pub(super) enum ZoneCombatEntityRef {
   | ^^^^^^^^^^^^^^^^^^^^^^^^^^^^^^^^^^^

warning: type `entity_combat::ZoneCombatEntityRef` is more private than the item `GreatFoxState::target_ref`
  --> apps\simulation\src\runtime\zone\runtime\great_fox_ai.rs:15:5
   |
15 |     pub target_ref: Option<ZoneCombatEntityRef>,
   |     ^^^^^^^^^^^^^^^^^^^^^^^^^^^^^^^^^^^^^^^^^^^ field `GreatFoxState::target_ref` is reachable at visibility `pub(in crate::runtime::zone)`
   |
note: but type `entity_combat::ZoneCombatEntityRef` is only usable at visibility `pub(in crate::runtime::zone::runtime)`
  --> apps\simulation\src\runtime\zone\runtime\entity_combat.rs:7:1
   |
 7 | pub(super) enum ZoneCombatEntityRef {
   | ^^^^^^^^^^^^^^^^^^^^^^^^^^^^^^^^^^^

warning: type `entity_combat::ZoneCombatEntityRef` is more private than the item `GreatFoxHit::source_ref`
  --> apps\simulation\src\runtime\zone\runtime\great_fox_ai.rs:42:5
   |
42 |     pub source_ref: Option<ZoneCombatEntityRef>,
   |     ^^^^^^^^^^^^^^^^^^^^^^^^^^^^^^^^^^^^^^^^^^^ field `GreatFoxHit::source_ref` is reachable at visibility `pub(in crate::runtime::zone)`
   |
note: but type `entity_combat::ZoneCombatEntityRef` is only usable at visibility `pub(in crate::runtime::zone::runtime)`
  --> apps\simulation\src\runtime\zone\runtime\entity_combat.rs:7:1
   |
 7 | pub(super) enum ZoneCombatEntityRef {
   | ^^^^^^^^^^^^^^^^^^^^^^^^^^^^^^^^^^^

warning: type `entity_combat::ZoneCombatEntityRef` is more private than the item `GreatFoxHit::target_ref`
  --> apps\simulation\src\runtime\zone\runtime\great_fox_ai.rs:44:5
   |
44 |     pub target_ref: Option<ZoneCombatEntityRef>,
   |     ^^^^^^^^^^^^^^^^^^^^^^^^^^^^^^^^^^^^^^^^^^^ field `GreatFoxHit::target_ref` is reachable at visibility `pub(in crate::runtime::zone)`
   |
note: but type `entity_combat::ZoneCombatEntityRef` is only usable at visibility `pub(in crate::runtime::zone::runtime)`
  --> apps\simulation\src\runtime\zone\runtime\entity_combat.rs:7:1
   |
 7 | pub(super) enum ZoneCombatEntityRef {
   | ^^^^^^^^^^^^^^^^^^^^^^^^^^^^^^^^^^^

warning: type `entity_combat::ZoneCombatEntityRef` is more private than the item `HornedEncounterState::target_ref`
  --> apps\simulation\src\runtime\zone\runtime\horned_encounter_ai.rs:12:5
   |
12 |     pub target_ref: Option<ZoneCombatEntityRef>,
   |     ^^^^^^^^^^^^^^^^^^^^^^^^^^^^^^^^^^^^^^^^^^^ field `HornedEncounterState::target_ref` is reachable at visibility `pub(in crate::runtime::zone)`
   |
note: but type `entity_combat::ZoneCombatEntityRef` is only usable at visibility `pub(in crate::runtime::zone::runtime)`
  --> apps\simulation\src\runtime\zone\runtime\entity_combat.rs:7:1
   |
 7 | pub(super) enum ZoneCombatEntityRef {
   | ^^^^^^^^^^^^^^^^^^^^^^^^^^^^^^^^^^^

warning: type `entity_combat::ZoneCombatEntityRef` is more private than the item `HornedEncounterHit::source_ref`
  --> apps\simulation\src\runtime\zone\runtime\horned_encounter_ai.rs:38:5
   |
38 |     pub source_ref: Option<ZoneCombatEntityRef>,
   |     ^^^^^^^^^^^^^^^^^^^^^^^^^^^^^^^^^^^^^^^^^^^ field `HornedEncounterHit::source_ref` is reachable at visibility `pub(in crate::runtime::zone)`
   |
note: but type `entity_combat::ZoneCombatEntityRef` is only usable at visibility `pub(in crate::runtime::zone::runtime)`
  --> apps\simulation\src\runtime\zone\runtime\entity_combat.rs:7:1
   |
 7 | pub(super) enum ZoneCombatEntityRef {
   | ^^^^^^^^^^^^^^^^^^^^^^^^^^^^^^^^^^^

warning: type `entity_combat::ZoneCombatEntityRef` is more private than the item `HornedEncounterHit::target_ref`
  --> apps\simulation\src\runtime\zone\runtime\horned_encounter_ai.rs:41:5
   |
41 |     pub target_ref: Option<ZoneCombatEntityRef>,
   |     ^^^^^^^^^^^^^^^^^^^^^^^^^^^^^^^^^^^^^^^^^^^ field `HornedEncounterHit::target_ref` is reachable at visibility `pub(in crate::runtime::zone)`
   |
note: but type `entity_combat::ZoneCombatEntityRef` is only usable at visibility `pub(in crate::runtime::zone::runtime)`
  --> apps\simulation\src\runtime\zone\runtime\entity_combat.rs:7:1
   |
 7 | pub(super) enum ZoneCombatEntityRef {
   | ^^^^^^^^^^^^^^^^^^^^^^^^^^^^^^^^^^^

warning: type `entity_combat::ZoneCombatEntityRef` is more private than the item `HornedMapSpell::source_ref`
  --> apps\simulation\src\runtime\zone\runtime\horned_encounter_ai.rs:60:5
   |
60 |     pub source_ref: Option<ZoneCombatEntityRef>,
   |     ^^^^^^^^^^^^^^^^^^^^^^^^^^^^^^^^^^^^^^^^^^^ field `HornedMapSpell::source_ref` is reachable at visibility `pub(in crate::runtime::zone)`
   |
note: but type `entity_combat::ZoneCombatEntityRef` is only usable at visibility `pub(in crate::runtime::zone::runtime)`
  --> apps\simulation\src\runtime\zone\runtime\entity_combat.rs:7:1
   |
 7 | pub(super) enum ZoneCombatEntityRef {
   | ^^^^^^^^^^^^^^^^^^^^^^^^^^^^^^^^^^^

warning: type `entity_combat::ZoneCombatEntityRef` is more private than the item `HornedState::target_ref`
  --> apps\simulation\src\runtime\zone\runtime\horned_ai.rs:14:5
   |
14 |     pub target_ref: Option<ZoneCombatEntityRef>,
   |     ^^^^^^^^^^^^^^^^^^^^^^^^^^^^^^^^^^^^^^^^^^^ field `HornedState::target_ref` is reachable at visibility `pub(in crate::runtime::zone)`
   |
note: but type `entity_combat::ZoneCombatEntityRef` is only usable at visibility `pub(in crate::runtime::zone::runtime)`
  --> apps\simulation\src\runtime\zone\runtime\entity_combat.rs:7:1
   |
 7 | pub(super) enum ZoneCombatEntityRef {
   | ^^^^^^^^^^^^^^^^^^^^^^^^^^^^^^^^^^^

warning: type `entity_combat::ZoneCombatEntityRef` is more private than the item `HornedHit::source_ref`
  --> apps\simulation\src\runtime\zone\runtime\horned_ai.rs:28:5
   |
28 |     pub source_ref: Option<ZoneCombatEntityRef>,
   |     ^^^^^^^^^^^^^^^^^^^^^^^^^^^^^^^^^^^^^^^^^^^ field `HornedHit::source_ref` is reachable at visibility `pub(in crate::runtime::zone)`
   |
note: but type `entity_combat::ZoneCombatEntityRef` is only usable at visibility `pub(in crate::runtime::zone::runtime)`
  --> apps\simulation\src\runtime\zone\runtime\entity_combat.rs:7:1
   |
 7 | pub(super) enum ZoneCombatEntityRef {
   | ^^^^^^^^^^^^^^^^^^^^^^^^^^^^^^^^^^^

warning: type `entity_combat::ZoneCombatEntityRef` is more private than the item `HornedHit::target_ref`
  --> apps\simulation\src\runtime\zone\runtime\horned_ai.rs:30:5
   |
30 |     pub target_ref: Option<ZoneCombatEntityRef>,
   |     ^^^^^^^^^^^^^^^^^^^^^^^^^^^^^^^^^^^^^^^^^^^ field `HornedHit::target_ref` is reachable at visibility `pub(in crate::runtime::zone)`
   |
note: but type `entity_combat::ZoneCombatEntityRef` is only usable at visibility `pub(in crate::runtime::zone::runtime)`
  --> apps\simulation\src\runtime\zone\runtime\entity_combat.rs:7:1
   |
 7 | pub(super) enum ZoneCombatEntityRef {
   | ^^^^^^^^^^^^^^^^^^^^^^^^^^^^^^^^^^^

warning: type `entity_combat::ZoneCombatEntityRef` is more private than the item `HellState::explosion_source_ref`
  --> apps\simulation\src\runtime\zone\runtime\hell_ai.rs:14:5
   |
14 |     pub explosion_source_ref: Option<ZoneCombatEntityRef>,
   |     ^^^^^^^^^^^^^^^^^^^^^^^^^^^^^^^^^^^^^^^^^^^^^^^^^^^^^ field `HellState::explosion_source_ref` is reachable at visibility `pub(in crate::runtime::zone)`
   |
note: but type `entity_combat::ZoneCombatEntityRef` is only usable at visibility `pub(in crate::runtime::zone::runtime)`
  --> apps\simulation\src\runtime\zone\runtime\entity_combat.rs:7:1
   |
 7 | pub(super) enum ZoneCombatEntityRef {
   | ^^^^^^^^^^^^^^^^^^^^^^^^^^^^^^^^^^^

warning: type `entity_combat::ZoneCombatEntityRef` is more private than the item `SpiderAiState::parent_ref`
  --> apps\simulation\src\runtime\zone\runtime\spider_ai.rs:40:5
   |
40 |     pub parent_ref: Option<ZoneCombatEntityRef>,
   |     ^^^^^^^^^^^^^^^^^^^^^^^^^^^^^^^^^^^^^^^^^^^ field `SpiderAiState::parent_ref` is reachable at visibility `pub(in crate::runtime::zone)`
   |
note: but type `entity_combat::ZoneCombatEntityRef` is only usable at visibility `pub(in crate::runtime::zone::runtime)`
  --> apps\simulation\src\runtime\zone\runtime\entity_combat.rs:7:1
   |
 7 | pub(super) enum ZoneCombatEntityRef {
   | ^^^^^^^^^^^^^^^^^^^^^^^^^^^^^^^^^^^

warning: type `entity_combat::ZoneCombatEntityRef` is more private than the item `PendingRootSpiderSpawn::source`
  --> apps\simulation\src\runtime\zone\runtime\spider_ai.rs:52:5
   |
52 |     pub source: Option<ZoneCombatEntityRef>,
   |     ^^^^^^^^^^^^^^^^^^^^^^^^^^^^^^^^^^^^^^^ field `PendingRootSpiderSpawn::source` is reachable at visibility `pub(in crate::runtime::zone)`
   |
note: but type `entity_combat::ZoneCombatEntityRef` is only usable at visibility `pub(in crate::runtime::zone::runtime)`
  --> apps\simulation\src\runtime\zone\runtime\entity_combat.rs:7:1
   |
 7 | pub(super) enum ZoneCombatEntityRef {
   | ^^^^^^^^^^^^^^^^^^^^^^^^^^^^^^^^^^^

warning: type `entity_combat::ZoneCombatEntityRef` is more private than the item `PendingRootSpiderSpawn::target`
  --> apps\simulation\src\runtime\zone\runtime\spider_ai.rs:54:5
   |
54 |     pub target: Option<ZoneCombatEntityRef>,
   |     ^^^^^^^^^^^^^^^^^^^^^^^^^^^^^^^^^^^^^^^ field `PendingRootSpiderSpawn::target` is reachable at visibility `pub(in crate::runtime::zone)`
   |
note: but type `entity_combat::ZoneCombatEntityRef` is only usable at visibility `pub(in crate::runtime::zone::runtime)`
  --> apps\simulation\src\runtime\zone\runtime\entity_combat.rs:7:1
   |
 7 | pub(super) enum ZoneCombatEntityRef {
   | ^^^^^^^^^^^^^^^^^^^^^^^^^^^^^^^^^^^

warning: function `bootstrap_mirror` is never used
   --> apps\simulation\src\config_item_identity.rs:143:15
    |
143 | pub(super) fn bootstrap_mirror(
    |               ^^^^^^^^^^^^^^^^
    |
    = note: `#[warn(dead_code)]` (part of `#[warn(unused)]`) on by default

warning: function `mirror_client` is never used
   --> apps\simulation\src\config_item_identity.rs:187:4
    |
187 | fn mirror_client(config: &SimulationConfig) -> Result<postgres::Client, String> {
    |    ^^^^^^^^^^^^^

warning: function `reserve_mirror` is never used
   --> apps\simulation\src\config_item_identity.rs:203:15
    |
203 | pub(super) fn reserve_mirror(
    |               ^^^^^^^^^^^^^^

warning: method `record_unresolved_legacy` is never used
  --> apps\simulation\src\runtime\hero_registry_carriers.rs:42:12
   |
14 | impl HeroCarrierCensus {
   | ---------------------- method in this implementation
...
42 |     pub fn record_unresolved_legacy(&mut self,root:&super::items::ItemState)->Result<(),String>{
   |            ^^^^^^^^^^^^^^^^^^^^^^^^

warning: unused `std::result::Result` that must be used
    --> apps\simulation\src\runtime\tests.rs:1697:5
     |
1697 |     sender.save_active_character();
     |     ^^^^^^^^^^^^^^^^^^^^^^^^^^^^^^
     |
     = note: this `Result` may be an `Err` variant, which should be handled
     = note: `#[warn(unused_must_use)]` (part of `#[warn(unused)]`) on by default
help: use `let _ = ...` to ignore the resulting value
     |
1697 |     let _ = sender.save_active_character();
     |     +++++++

warning: unused `std::result::Result` that must be used
    --> apps\simulation\src\runtime\tests.rs:2990:5
     |
2990 |     session.save_active_character();
     |     ^^^^^^^^^^^^^^^^^^^^^^^^^^^^^^^
     |
     = note: this `Result` may be an `Err` variant, which should be handled
help: use `let _ = ...` to ignore the resulting value
     |
2990 |     let _ = session.save_active_character();
     |     +++++++

warning: unused `std::result::Result` that must be used
    --> apps\simulation\src\runtime\tests.rs:3013:5
     |
3013 |     session.save_active_character();
     |     ^^^^^^^^^^^^^^^^^^^^^^^^^^^^^^^
     |
     = note: this `Result` may be an `Err` variant, which should be handled
help: use `let _ = ...` to ignore the resulting value
     |
3013 |     let _ = session.save_active_character();
     |     +++++++

warning: unused `std::result::Result` that must be used
    --> apps\simulation\src\runtime\tests.rs:3103:5
     |
3103 |     first.save_active_character();
     |     ^^^^^^^^^^^^^^^^^^^^^^^^^^^^^
     |
     = note: this `Result` may be an `Err` variant, which should be handled
help: use `let _ = ...` to ignore the resulting value
     |
3103 |     let _ = first.save_active_character();
     |     +++++++

warning: unused `std::result::Result` that must be used
    --> apps\simulation\src\runtime\tests.rs:3167:5
     |
3167 |     session.save_active_character();
     |     ^^^^^^^^^^^^^^^^^^^^^^^^^^^^^^^
     |
     = note: this `Result` may be an `Err` variant, which should be handled
help: use `let _ = ...` to ignore the resulting value
     |
3167 |     let _ = session.save_active_character();
     |     +++++++

warning: unused `std::result::Result` that must be used
    --> apps\simulation\src\runtime\tests.rs:3234:5
     |
3234 |     first.save_active_character();
     |     ^^^^^^^^^^^^^^^^^^^^^^^^^^^^^
     |
     = note: this `Result` may be an `Err` variant, which should be handled
help: use `let _ = ...` to ignore the resulting value
     |
3234 |     let _ = first.save_active_character();
     |     +++++++

warning: unused `std::result::Result` that must be used
    --> apps\simulation\src\runtime\tests.rs:3457:5
     |
3457 |     alpha.save_active_character();
     |     ^^^^^^^^^^^^^^^^^^^^^^^^^^^^^
     |
     = note: this `Result` may be an `Err` variant, which should be handled
help: use `let _ = ...` to ignore the resulting value
     |
3457 |     let _ = alpha.save_active_character();
     |     +++++++

warning: unused `std::result::Result` that must be used
    --> apps\simulation\src\runtime\tests.rs:3458:5
     |
3458 |     beta.save_active_character();
     |     ^^^^^^^^^^^^^^^^^^^^^^^^^^^^
     |
     = note: this `Result` may be an `Err` variant, which should be handled
help: use `let _ = ...` to ignore the resulting value
     |
3458 |     let _ = beta.save_active_character();
     |     +++++++

warning: unused `std::result::Result` that must be used
    --> apps\simulation\src\runtime\tests.rs:6656:5
     |
6656 |     session.save_active_character();
     |     ^^^^^^^^^^^^^^^^^^^^^^^^^^^^^^^
     |
     = note: this `Result` may be an `Err` variant, which should be handled
help: use `let _ = ...` to ignore the resulting value
     |
6656 |     let _ = session.save_active_character();
     |     +++++++

warning: unused `std::result::Result` that must be used
     --> apps\simulation\src\runtime\tests.rs:28407:5
      |
28407 |     session.save_active_character();
      |     ^^^^^^^^^^^^^^^^^^^^^^^^^^^^^^^
      |
      = note: this `Result` may be an `Err` variant, which should be handled
help: use `let _ = ...` to ignore the resulting value
      |
28407 |     let _ = session.save_active_character();
      |     +++++++

warning: unused `std::result::Result` that must be used
     --> apps\simulation\src\runtime\tests.rs:29395:5
      |
29395 |     first.save_active_character();
      |     ^^^^^^^^^^^^^^^^^^^^^^^^^^^^^
      |
      = note: this `Result` may be an `Err` variant, which should be handled
help: use `let _ = ...` to ignore the resulting value
      |
29395 |     let _ = first.save_active_character();
      |     +++++++

warning: unused `std::result::Result` that must be used
     --> apps\simulation\src\runtime\tests.rs:30423:5
      |
30423 |     first.save_active_character();
      |     ^^^^^^^^^^^^^^^^^^^^^^^^^^^^^
      |
      = note: this `Result` may be an `Err` variant, which should be handled
help: use `let _ = ...` to ignore the resulting value
      |
30423 |     let _ = first.save_active_character();
      |     +++++++

warning: unused `std::result::Result` that must be used
     --> apps\simulation\src\runtime\tests.rs:32315:5
      |
32315 |     first.save_active_character();
      |     ^^^^^^^^^^^^^^^^^^^^^^^^^^^^^
      |
      = note: this `Result` may be an `Err` variant, which should be handled
help: use `let _ = ...` to ignore the resulting value
      |
32315 |     let _ = first.save_active_character();
      |     +++++++

warning: unused `std::result::Result` that must be used
     --> apps\simulation\src\runtime\tests.rs:35470:5
      |
35470 |     session.save_active_character();
      |     ^^^^^^^^^^^^^^^^^^^^^^^^^^^^^^^
      |
      = note: this `Result` may be an `Err` variant, which should be handled
help: use `let _ = ...` to ignore the resulting value
      |
35470 |     let _ = session.save_active_character();
      |     +++++++

warning: unused `std::result::Result` that must be used
     --> apps\simulation\src\runtime\tests.rs:42392:5
      |
42392 |     session.save_active_character();
      |     ^^^^^^^^^^^^^^^^^^^^^^^^^^^^^^^
      |
      = note: this `Result` may be an `Err` variant, which should be handled
help: use `let _ = ...` to ignore the resulting value
      |
42392 |     let _ = session.save_active_character();
      |     +++++++

warning: unused `std::result::Result` that must be used
     --> apps\simulation\src\runtime\tests.rs:42717:5
      |
42717 |     session.save_active_character();
      |     ^^^^^^^^^^^^^^^^^^^^^^^^^^^^^^^
      |
      = note: this `Result` may be an `Err` variant, which should be handled
help: use `let _ = ...` to ignore the resulting value
      |
42717 |     let _ = session.save_active_character();
      |     +++++++

warning: unused `std::result::Result` that must be used
     --> apps\simulation\src\runtime\tests.rs:56439:5
      |
56439 |     session.save_active_character();
      |     ^^^^^^^^^^^^^^^^^^^^^^^^^^^^^^^
      |
      = note: this `Result` may be an `Err` variant, which should be handled
help: use `let _ = ...` to ignore the resulting value
      |
56439 |     let _ = session.save_active_character();
      |     +++++++

warning: unused `std::result::Result` that must be used
     --> apps\simulation\src\runtime\tests.rs:57541:5
      |
57541 |     session.save_active_character();
      |     ^^^^^^^^^^^^^^^^^^^^^^^^^^^^^^^
      |
      = note: this `Result` may be an `Err` variant, which should be handled
help: use `let _ = ...` to ignore the resulting value
      |
57541 |     let _ = session.save_active_character();
      |     +++++++

warning: unused `std::result::Result` that must be used
     --> apps\simulation\src\runtime\tests.rs:59093:5
      |
59093 |     session.save_active_character();
      |     ^^^^^^^^^^^^^^^^^^^^^^^^^^^^^^^
      |
      = note: this `Result` may be an `Err` variant, which should be handled
help: use `let _ = ...` to ignore the resulting value
      |
59093 |     let _ = session.save_active_character();
      |     +++++++

warning: unused `std::result::Result` that must be used
     --> apps\simulation\src\runtime\tests.rs:61018:5
      |
61018 |     first.save_active_character();
      |     ^^^^^^^^^^^^^^^^^^^^^^^^^^^^^
      |
      = note: this `Result` may be an `Err` variant, which should be handled
help: use `let _ = ...` to ignore the resulting value
      |
61018 |     let _ = first.save_active_character();
      |     +++++++

warning: unused `std::result::Result` that must be used
     --> apps\simulation\src\runtime\tests.rs:62680:5
      |
62680 |     session.save_active_character();
      |     ^^^^^^^^^^^^^^^^^^^^^^^^^^^^^^^
      |
      = note: this `Result` may be an `Err` variant, which should be handled
help: use `let _ = ...` to ignore the resulting value
      |
62680 |     let _ = session.save_active_character();
      |     +++++++

warning: unused `std::result::Result` that must be used
     --> apps\simulation\src\runtime\tests.rs:63024:5
      |
63024 |     sender.save_active_character();
      |     ^^^^^^^^^^^^^^^^^^^^^^^^^^^^^^
      |
      = note: this `Result` may be an `Err` variant, which should be handled
help: use `let _ = ...` to ignore the resulting value
      |
63024 |     let _ = sender.save_active_character();
      |     +++++++

warning: unused `std::result::Result` that must be used
     --> apps\simulation\src\runtime\tests.rs:63458:5
      |
63458 |     first.save_active_character();
      |     ^^^^^^^^^^^^^^^^^^^^^^^^^^^^^
      |
      = note: this `Result` may be an `Err` variant, which should be handled
help: use `let _ = ...` to ignore the resulting value
      |
63458 |     let _ = first.save_active_character();
      |     +++++++

warning: unused `std::result::Result` that must be used
     --> apps\simulation\src\runtime\tests.rs:63657:5
      |
63657 |     recipient.save_active_character();
      |     ^^^^^^^^^^^^^^^^^^^^^^^^^^^^^^^^^
      |
      = note: this `Result` may be an `Err` variant, which should be handled
help: use `let _ = ...` to ignore the resulting value
      |
63657 |     let _ = recipient.save_active_character();
      |     +++++++

warning: unused `std::result::Result` that must be used
     --> apps\simulation\src\runtime\tests.rs:63775:5
      |
63775 |     recipient.save_active_character();
      |     ^^^^^^^^^^^^^^^^^^^^^^^^^^^^^^^^^
      |
      = note: this `Result` may be an `Err` variant, which should be handled
help: use `let _ = ...` to ignore the resulting value
      |
63775 |     let _ = recipient.save_active_character();
      |     +++++++

warning: unused `std::result::Result` that must be used
     --> apps\simulation\src\runtime\tests.rs:64176:5
      |
64176 |     recipient.save_active_character();
      |     ^^^^^^^^^^^^^^^^^^^^^^^^^^^^^^^^^
      |
      = note: this `Result` may be an `Err` variant, which should be handled
help: use `let _ = ...` to ignore the resulting value
      |
64176 |     let _ = recipient.save_active_character();
      |     +++++++

warning: unused `std::result::Result` that must be used
     --> apps\simulation\src\runtime\tests.rs:64227:5
      |
64227 |     recipient.save_active_character();
      |     ^^^^^^^^^^^^^^^^^^^^^^^^^^^^^^^^^
      |
      = note: this `Result` may be an `Err` variant, which should be handled
help: use `let _ = ...` to ignore the resulting value
      |
64227 |     let _ = recipient.save_active_character();
      |     +++++++

warning: unused `std::result::Result` that must be used
     --> apps\simulation\src\runtime\tests.rs:64237:5
      |
64237 |     recipient.save_active_character();
      |     ^^^^^^^^^^^^^^^^^^^^^^^^^^^^^^^^^
      |
      = note: this `Result` may be an `Err` variant, which should be handled
help: use `let _ = ...` to ignore the resulting value
      |
64237 |     let _ = recipient.save_active_character();
      |     +++++++

warning: unused `std::result::Result` that must be used
     --> apps\simulation\src\runtime\tests.rs:65435:5
      |
65435 |     first.save_active_character();
      |     ^^^^^^^^^^^^^^^^^^^^^^^^^^^^^
      |
      = note: this `Result` may be an `Err` variant, which should be handled
help: use `let _ = ...` to ignore the resulting value
      |
65435 |     let _ = first.save_active_character();
      |     +++++++

warning: unused `std::result::Result` that must be used
     --> apps\simulation\src\runtime\tests.rs:66559:5
      |
66559 |     session.save_active_character();
      |     ^^^^^^^^^^^^^^^^^^^^^^^^^^^^^^^
      |
      = note: this `Result` may be an `Err` variant, which should be handled
help: use `let _ = ...` to ignore the resulting value
      |
66559 |     let _ = session.save_active_character();
      |     +++++++

warning: unused `std::result::Result` that must be used
     --> apps\simulation\src\runtime\tests.rs:70015:5
      |
70015 |     first.save_active_character();
      |     ^^^^^^^^^^^^^^^^^^^^^^^^^^^^^
      |
      = note: this `Result` may be an `Err` variant, which should be handled
help: use `let _ = ...` to ignore the resulting value
      |
70015 |     let _ = first.save_active_character();
      |     +++++++

warning: unused `std::result::Result` that must be used
    --> apps\simulation\src\runtime\stage5.rs:2694:9
     |
2694 |         session_a.save_active_character();
     |         ^^^^^^^^^^^^^^^^^^^^^^^^^^^^^^^^^
     |
     = note: this `Result` may be an `Err` variant, which should be handled
help: use `let _ = ...` to ignore the resulting value
     |
2694 |         let _ = session_a.save_active_character();
     |         +++++++

warning: `mir2-simulation` (lib) generated 74 warnings (run `cargo fix --lib -p mir2-simulation` to apply 7 suggestions)
warning: `mir2-simulation` (lib test) generated 85 warnings (29 duplicates) (run `cargo fix --lib -p mir2-simulation --tests` to apply 1 suggestion)
warning: unused `Result` that must be used
   --> apps\simulation\tests\platinum_176_progression.rs:898:5
    |
898 |     first.save_active_character();
    |     ^^^^^^^^^^^^^^^^^^^^^^^^^^^^^
    |
    = note: this `Result` may be an `Err` variant, which should be handled
    = note: `#[warn(unused_must_use)]` (part of `#[warn(unused)]`) on by default
help: use `let _ = ...` to ignore the resulting value
    |
898 |     let _ = first.save_active_character();
    |     +++++++

warning: `mir2-simulation` (test "platinum_176_progression") generated 1 warning
warning: unused `Result` that must be used
    --> apps\simulation\tests\hero_ai.rs:1010:5
     |
1010 |     session.save_active_character();
     |     ^^^^^^^^^^^^^^^^^^^^^^^^^^^^^^^
     |
     = note: this `Result` may be an `Err` variant, which should be handled
     = note: `#[warn(unused_must_use)]` (part of `#[warn(unused)]`) on by default
help: use `let _ = ...` to ignore the resulting value
     |
1010 |     let _ = session.save_active_character();
     |     +++++++

warning: function `fixture` is never used
  --> apps\simulation\tests\shared_monster_pet_special_ai.rs:68:4
   |
68 | fn fixture(id: u32, ai: u8, hp: i32, name: &str) -> ZoneRuntime {
   |    ^^^^^^^
   |
   = note: `#[warn(dead_code)]` (part of `#[warn(unused)]`) on by default

warning: `mir2-simulation` (test "hero_ai") generated 1 warning
warning: `mir2-simulation` (test "shared_monster_pet_special_ai") generated 1 warning
warning: function `join` is never used
  --> apps\simulation\tests\shared_monster_snake_totem_ai.rs:10:4
   |
10 | fn join(z: &mut ZoneRuntime, name: &str, id: u32, pos: Point, dc: i32) {
   |    ^^^^
   |
   = note: `#[warn(dead_code)]` (part of `#[warn(unused)]`) on by default

warning: function `fixture` is never used
  --> apps\simulation\tests\shared_monster_snake_totem_ai.rs:68:4
   |
68 | fn fixture(id: u32, ai: u8, hp: i32, name: &str) -> ZoneRuntime {
   |    ^^^^^^^

warning: `mir2-simulation` (test "shared_monster_snake_totem_ai") generated 2 warnings
    Finished `test` profile [unoptimized + debuginfo] target(s) in 0.28s
     Running unittests src\lib.rs (C:/mir2-build/gateway-r48-tests\debug\deps\mir2_simulation-912d116504732e40.exe)

running 1 test
test runtime::session::tests::transfer_hero_item_moves_player_bag_item_to_hero_inventory ... ok

test result: ok. 1 passed; 0 failed; 0 ignored; 0 measured; 1833 filtered out; finished in 0.81s

     Running unittests src\bin\zone_replay.rs (C:/mir2-build/gateway-r48-tests\debug\deps\zone_replay-af9eec6cb96657d5.exe)

running 0 tests

test result: ok. 0 passed; 0 failed; 0 ignored; 0 measured; 0 filtered out; finished in 0.00s

     Running tests\big_map.rs (C:/mir2-build/gateway-r48-tests\debug\deps\big_map-44997bcbd8c3a6d5.exe)

running 0 tests

test result: ok. 0 passed; 0 failed; 0 ignored; 0 measured; 7 filtered out; finished in 0.00s

     Running tests\character_wings.rs (C:/mir2-build/gateway-r48-tests\debug\deps\character_wings-94cffbef6da60af9.exe)

running 0 tests

test result: ok. 0 passed; 0 failed; 0 ignored; 0 measured; 5 filtered out; finished in 0.00s

     Running tests\crystal_map_events.rs (C:/mir2-build/gateway-r48-tests\debug\deps\crystal_map_events-c7308046ca8367c4.exe)

running 0 tests

test result: ok. 0 passed; 0 failed; 0 ignored; 0 measured; 1 filtered out; finished in 0.00s

     Running tests\crystal_map_hazards.rs (C:/mir2-build/gateway-r48-tests\debug\deps\crystal_map_hazards-837bd36b9a7f77fa.exe)

running 0 tests

test result: ok. 0 passed; 0 failed; 0 ignored; 0 measured; 3 filtered out; finished in 0.00s

     Running tests\crystal_scroll_teleport.rs (C:/mir2-build/gateway-r48-tests\debug\deps\crystal_scroll_teleport-0bea494109d2f129.exe)

running 0 tests

test result: ok. 0 passed; 0 failed; 0 ignored; 0 measured; 2 filtered out; finished in 0.00s

     Running tests\friends_authority.rs (C:/mir2-build/gateway-r48-tests\debug\deps\friends_authority-52da184daa0868ec.exe)

running 0 tests

test result: ok. 0 passed; 0 failed; 0 ignored; 0 measured; 6 filtered out; finished in 0.00s

     Running tests\great_fox_spirit_recall.rs (C:/mir2-build/gateway-r48-tests\debug\deps\great_fox_spirit_recall-b3694e7f981150c8.exe)

running 0 tests

test result: ok. 0 passed; 0 failed; 0 ignored; 0 measured; 2 filtered out; finished in 0.00s

     Running tests\hero_ai.rs (C:/mir2-build/gateway-r48-tests\debug\deps\hero_ai-25eb943f18276244.exe)

running 0 tests

test result: ok. 0 passed; 0 failed; 0 ignored; 0 measured; 28 filtered out; finished in 0.00s

     Running tests\intelligent_creature_authority.rs (C:/mir2-build/gateway-r48-tests\debug\deps\intelligent_creature_authority-17bb8a3e2409487d.exe)

running 0 tests

test result: ok. 0 passed; 0 failed; 0 ignored; 0 measured; 8 filtered out; finished in 0.00s

     Running tests\item_stack_images.rs (C:/mir2-build/gateway-r48-tests\debug\deps\item_stack_images-72c6c602856db963.exe)

running 0 tests

test result: ok. 0 passed; 0 failed; 0 ignored; 0 measured; 4 filtered out; finished in 0.00s

     Running tests\login_notice.rs (C:/mir2-build/gateway-r48-tests\debug\deps\login_notice-765dc4f25ba1754e.exe)

running 0 tests

test result: ok. 0 passed; 0 failed; 0 ignored; 0 measured; 3 filtered out; finished in 0.00s

     Running tests\mail_status_transactions.rs (C:/mir2-build/gateway-r48-tests\debug\deps\mail_status_transactions-06a979999c07c58e.exe)

running 0 tests

test result: ok. 0 passed; 0 failed; 0 ignored; 0 measured; 4 filtered out; finished in 0.00s

     Running tests\map_coordinate_events.rs (C:/mir2-build/gateway-r48-tests\debug\deps\map_coordinate_events-04dca17bbf0f2238.exe)

running 0 tests

test result: ok. 0 passed; 0 failed; 0 ignored; 0 measured; 3 filtered out; finished in 0.00s

     Running tests\map_event_binding_e1.rs (C:/mir2-build/gateway-r48-tests\debug\deps\map_event_binding_e1-4812b5083a8d3de7.exe)

running 0 tests

test result: ok. 0 passed; 0 failed; 0 ignored; 0 measured; 3 filtered out; finished in 0.00s

     Running tests\market_refine_custody.rs (C:/mir2-build/gateway-r48-tests\debug\deps\market_refine_custody-a73463d808a47e9e.exe)

running 0 tests

test result: ok. 0 passed; 0 failed; 0 ignored; 0 measured; 9 filtered out; finished in 0.00s

     Running tests\marriage_authority.rs (C:/mir2-build/gateway-r48-tests\debug\deps\marriage_authority-2dee3cba2cea6b7a.exe)

running 0 tests

test result: ok. 0 passed; 0 failed; 0 ignored; 0 measured; 2 filtered out; finished in 0.00s

     Running tests\mentor_authority.rs (C:/mir2-build/gateway-r48-tests\debug\deps\mentor_authority-1679a6117e629f4e.exe)

running 0 tests

test result: ok. 0 passed; 0 failed; 0 ignored; 0 measured; 5 filtered out; finished in 0.00s

     Running tests\native_startup_contract.rs (C:/mir2-build/gateway-r48-tests\debug\deps\native_startup_contract-b023e49bd193c6b1.exe)

running 0 tests

test result: ok. 0 passed; 0 failed; 0 ignored; 0 measured; 1 filtered out; finished in 0.00s

     Running tests\newcomer_progression_persistence.rs (C:/mir2-build/gateway-r48-tests\debug\deps\newcomer_progression_persistence-1e66095583f2e599.exe)

running 0 tests

test result: ok. 0 passed; 0 failed; 0 ignored; 0 measured; 3 filtered out; finished in 0.00s

     Running tests\ordinary_candidate_loop.rs (C:/mir2-build/gateway-r48-tests\debug\deps\ordinary_candidate_loop-2a78f84d146c03a3.exe)

running 0 tests

test result: ok. 0 passed; 0 failed; 0 ignored; 0 measured; 2 filtered out; finished in 0.00s

     Running tests\platinum_176_combat_milestones.rs (C:/mir2-build/gateway-r48-tests\debug\deps\platinum_176_combat_milestones-abe7526063841e30.exe)

running 0 tests

test result: ok. 0 passed; 0 failed; 0 ignored; 0 measured; 1 filtered out; finished in 0.00s

     Running tests\platinum_176_party_boss.rs (C:/mir2-build/gateway-r48-tests\debug\deps\platinum_176_party_boss-6f47c350f991a3cf.exe)

running 0 tests

test result: ok. 0 passed; 0 failed; 0 ignored; 0 measured; 1 filtered out; finished in 0.00s

     Running tests\platinum_176_progression.rs (C:/mir2-build/gateway-r48-tests\debug\deps\platinum_176_progression-4c56d241d284979d.exe)

running 0 tests

test result: ok. 0 passed; 0 failed; 0 ignored; 0 measured; 10 filtered out; finished in 0.00s

     Running tests\quest_agent_respawns.rs (C:/mir2-build/gateway-r48-tests\debug\deps\quest_agent_respawns-bec7c3af2fe47d09.exe)

running 0 tests

test result: ok. 0 passed; 0 failed; 0 ignored; 0 measured; 3 filtered out; finished in 0.00s

     Running tests\quest_agent_special_scripts.rs (C:/mir2-build/gateway-r48-tests\debug\deps\quest_agent_special_scripts-823db9e6088511e4.exe)

running 0 tests

test result: ok. 0 passed; 0 failed; 0 ignored; 0 measured; 1 filtered out; finished in 0.00s

     Running tests\quest_icons.rs (C:/mir2-build/gateway-r48-tests\debug\deps\quest_icons-facd26b3d2f02c34.exe)

running 0 tests

test result: ok. 0 passed; 0 failed; 0 ignored; 0 measured; 1 filtered out; finished in 0.00s

     Running tests\quest_recurrence_persistence.rs (C:/mir2-build/gateway-r48-tests\debug\deps\quest_recurrence_persistence-75bfcf1ceb7a34f6.exe)

running 0 tests

test result: ok. 0 passed; 0 failed; 0 ignored; 0 measured; 3 filtered out; finished in 0.00s

     Running tests\ranking.rs (C:/mir2-build/gateway-r48-tests\debug\deps\ranking-5f2192fa2f88d8f2.exe)

running 0 tests

test result: ok. 0 passed; 0 failed; 0 ignored; 0 measured; 1 filtered out; finished in 0.00s

     Running tests\ranking_shared_presence.rs (C:/mir2-build/gateway-r48-tests\debug\deps\ranking_shared_presence-f62c53887b20c0a9.exe)

running 0 tests

test result: ok. 0 passed; 0 failed; 0 ignored; 0 measured; 2 filtered out; finished in 0.00s

     Running tests\refine_oven_custody.rs (C:/mir2-build/gateway-r48-tests\debug\deps\refine_oven_custody-cc0417da57589381.exe)

running 0 tests

test result: ok. 0 passed; 0 failed; 0 ignored; 0 measured; 10 filtered out; finished in 0.00s

     Running tests\replica_recovery_config.rs (C:/mir2-build/gateway-r48-tests\debug\deps\replica_recovery_config-2d696fa1c7757f09.exe)

running 0 tests

test result: ok. 0 passed; 0 failed; 0 ignored; 0 measured; 1 filtered out; finished in 0.00s

     Running tests\retained_bootstrap.rs (C:/mir2-build/gateway-r48-tests\debug\deps\retained_bootstrap-f78de17c0fe101fc.exe)

running 0 tests

test result: ok. 0 passed; 0 failed; 0 ignored; 0 measured; 3 filtered out; finished in 0.00s

     Running tests\save_failure_propagation.rs (C:/mir2-build/gateway-r48-tests\debug\deps\save_failure_propagation-c9e0d61eda5a647b.exe)

running 0 tests

test result: ok. 0 passed; 0 failed; 0 ignored; 0 measured; 2 filtered out; finished in 0.00s

     Running tests\security_lifecycle.rs (C:/mir2-build/gateway-r48-tests\debug\deps\security_lifecycle-15e3f959d64720bc.exe)

running 0 tests

test result: ok. 0 passed; 0 failed; 0 ignored; 0 measured; 20 filtered out; finished in 0.00s

     Running tests\shared_entity_combat.rs (C:/mir2-build/gateway-r48-tests\debug\deps\shared_entity_combat-06d9af04401a43b3.exe)

running 0 tests

test result: ok. 0 passed; 0 failed; 0 ignored; 0 measured; 4 filtered out; finished in 0.00s

     Running tests\shared_monster_armadillo_ai.rs (C:/mir2-build/gateway-r48-tests\debug\deps\shared_monster_armadillo_ai-f8cc16605bcf9283.exe)

running 0 tests

test result: ok. 0 passed; 0 failed; 0 ignored; 0 measured; 6 filtered out; finished in 0.00s

     Running tests\shared_monster_evil_mir_ai.rs (C:/mir2-build/gateway-r48-tests\debug\deps\shared_monster_evil_mir_ai-a853c73e27c33325.exe)

running 0 tests

test result: ok. 0 passed; 0 failed; 0 ignored; 0 measured; 9 filtered out; finished in 0.00s

     Running tests\shared_monster_football_ai.rs (C:/mir2-build/gateway-r48-tests\debug\deps\shared_monster_football_ai-c87486580a7ce9a4.exe)

running 0 tests

test result: ok. 0 passed; 0 failed; 0 ignored; 0 measured; 4 filtered out; finished in 0.00s

     Running tests\shared_monster_gate_ai.rs (C:/mir2-build/gateway-r48-tests\debug\deps\shared_monster_gate_ai-393cfbedfc7c21af.exe)

running 0 tests

test result: ok. 0 passed; 0 failed; 0 ignored; 0 measured; 2 filtered out; finished in 0.00s

     Running tests\shared_monster_great_fox_ai.rs (C:/mir2-build/gateway-r48-tests\debug\deps\shared_monster_great_fox_ai-dbcd291900673251.exe)

running 0 tests

test result: ok. 0 passed; 0 failed; 0 ignored; 0 measured; 15 filtered out; finished in 0.00s

     Running tests\shared_monster_hell_ai.rs (C:/mir2-build/gateway-r48-tests\debug\deps\shared_monster_hell_ai-37fb5c5cb0a481ea.exe)

running 0 tests

test result: ok. 0 passed; 0 failed; 0 ignored; 0 measured; 17 filtered out; finished in 0.00s

     Running tests\shared_monster_horned_ai.rs (C:/mir2-build/gateway-r48-tests\debug\deps\shared_monster_horned_ai-ba8424ef38f1ff79.exe)

running 0 tests

test result: ok. 0 passed; 0 failed; 0 ignored; 0 measured; 11 filtered out; finished in 0.00s

     Running tests\shared_monster_horned_encounter_ai.rs (C:/mir2-build/gateway-r48-tests\debug\deps\shared_monster_horned_encounter_ai-6838b02da5392b4e.exe)

running 0 tests

test result: ok. 0 passed; 0 failed; 0 ignored; 0 measured; 11 filtered out; finished in 0.00s

     Running tests\shared_monster_hugger_ai.rs (C:/mir2-build/gateway-r48-tests\debug\deps\shared_monster_hugger_ai-68a41d1f60ffad8d.exe)

running 0 tests

test result: ok. 0 passed; 0 failed; 0 ignored; 0 measured; 11 filtered out; finished in 0.00s

     Running tests\shared_monster_kirin_snow_ai.rs (C:/mir2-build/gateway-r48-tests\debug\deps\shared_monster_kirin_snow_ai-a7c5a614cbf2e5e4.exe)

running 0 tests

test result: ok. 0 passed; 0 failed; 0 ignored; 0 measured; 9 filtered out; finished in 0.00s

     Running tests\shared_monster_meow_ai.rs (C:/mir2-build/gateway-r48-tests\debug\deps\shared_monster_meow_ai-c1e08d47b28c7640.exe)

running 0 tests

test result: ok. 0 passed; 0 failed; 0 ignored; 0 measured; 7 filtered out; finished in 0.00s

     Running tests\shared_monster_mud_boulder_ai.rs (C:/mir2-build/gateway-r48-tests\debug\deps\shared_monster_mud_boulder_ai-be59a5f7c5263618.exe)

running 0 tests

test result: ok. 0 passed; 0 failed; 0 ignored; 0 measured; 16 filtered out; finished in 0.00s

     Running tests\shared_monster_node_ai.rs (C:/mir2-build/gateway-r48-tests\debug\deps\shared_monster_node_ai-eb8fb3d6a87f2629.exe)

running 0 tests

test result: ok. 0 passed; 0 failed; 0 ignored; 0 measured; 2 filtered out; finished in 0.00s

     Running tests\shared_monster_passive_ai.rs (C:/mir2-build/gateway-r48-tests\debug\deps\shared_monster_passive_ai-0cfd49a9cc33879f.exe)

running 0 tests

test result: ok. 0 passed; 0 failed; 0 ignored; 0 measured; 3 filtered out; finished in 0.00s

     Running tests\shared_monster_pet_special_ai.rs (C:/mir2-build/gateway-r48-tests\debug\deps\shared_monster_pet_special_ai-d40e2010e1206c0b.exe)

running 0 tests

test result: ok. 0 passed; 0 failed; 0 ignored; 0 measured; 3 filtered out; finished in 0.00s

     Running tests\shared_monster_reactive_ai.rs (C:/mir2-build/gateway-r48-tests\debug\deps\shared_monster_reactive_ai-0e6ba0829c53196c.exe)

running 0 tests

test result: ok. 0 passed; 0 failed; 0 ignored; 0 measured; 11 filtered out; finished in 0.00s

     Running tests\shared_monster_revival_ai.rs (C:/mir2-build/gateway-r48-tests\debug\deps\shared_monster_revival_ai-aaf8790cec436dc4.exe)

running 0 tests

test result: ok. 0 passed; 0 failed; 0 ignored; 0 measured; 8 filtered out; finished in 0.00s

     Running tests\shared_monster_shinsu_ai.rs (C:/mir2-build/gateway-r48-tests\debug\deps\shared_monster_shinsu_ai-7cee20d9a05da8be.exe)

running 0 tests

test result: ok. 0 passed; 0 failed; 0 ignored; 0 measured; 4 filtered out; finished in 0.00s

     Running tests\shared_monster_sleep_ai.rs (C:/mir2-build/gateway-r48-tests\debug\deps\shared_monster_sleep_ai-5978304c6a4d0c88.exe)

running 0 tests

test result: ok. 0 passed; 0 failed; 0 ignored; 0 measured; 5 filtered out; finished in 0.00s

     Running tests\shared_monster_snake_totem_ai.rs (C:/mir2-build/gateway-r48-tests\debug\deps\shared_monster_snake_totem_ai-21e41c43365115ac.exe)

running 0 tests

test result: ok. 0 passed; 0 failed; 0 ignored; 0 measured; 3 filtered out; finished in 0.00s

     Running tests\shared_monster_special_ai.rs (C:/mir2-build/gateway-r48-tests\debug\deps\shared_monster_special_ai-0c932222817b3624.exe)

running 0 tests

test result: ok. 0 passed; 0 failed; 0 ignored; 0 measured; 4 filtered out; finished in 0.00s

     Running tests\shared_monster_spider_ai.rs (C:/mir2-build/gateway-r48-tests\debug\deps\shared_monster_spider_ai-cbc25cc9da8b2c53.exe)

running 0 tests

test result: ok. 0 passed; 0 failed; 0 ignored; 0 measured; 17 filtered out; finished in 0.00s

     Running tests\shared_monster_stage_summons.rs (C:/mir2-build/gateway-r48-tests\debug\deps\shared_monster_stage_summons-01803d7429cc16fc.exe)

running 0 tests

test result: ok. 0 passed; 0 failed; 0 ignored; 0 measured; 4 filtered out; finished in 0.00s

     Running tests\shared_monster_statue_centipede_ai.rs (C:/mir2-build/gateway-r48-tests\debug\deps\shared_monster_statue_centipede_ai-cb74b253b4f92be6.exe)

running 0 tests

test result: ok. 0 passed; 0 failed; 0 ignored; 0 measured; 4 filtered out; finished in 0.00s

     Running tests\shared_monster_stone_trap_ai.rs (C:/mir2-build/gateway-r48-tests\debug\deps\shared_monster_stone_trap_ai-2e1c0c7758ed95da.exe)

running 0 tests

test result: ok. 0 passed; 0 failed; 0 ignored; 0 measured; 5 filtered out; finished in 0.00s

     Running tests\shared_monster_thunder_ai.rs (C:/mir2-build/gateway-r48-tests\debug\deps\shared_monster_thunder_ai-f968dc53f96dfe95.exe)

running 0 tests

test result: ok. 0 passed; 0 failed; 0 ignored; 0 measured; 5 filtered out; finished in 0.00s

     Running tests\shared_monster_town_archer_ai.rs (C:/mir2-build/gateway-r48-tests\debug\deps\shared_monster_town_archer_ai-ada8f529b4353fc1.exe)

running 0 tests

test result: ok. 0 passed; 0 failed; 0 ignored; 0 measured; 4 filtered out; finished in 0.00s

     Running tests\shared_monster_trap_rock_ai.rs (C:/mir2-build/gateway-r48-tests\debug\deps\shared_monster_trap_rock_ai-5a5a984ef855f3ef.exe)

running 0 tests

test result: ok. 0 passed; 0 failed; 0 ignored; 0 measured; 1 filtered out; finished in 0.00s

     Running tests\shared_monster_tree_queen_ai.rs (C:/mir2-build/gateway-r48-tests\debug\deps\shared_monster_tree_queen_ai-4b7f6d8aa8d0f3ac.exe)

running 0 tests

test result: ok. 0 passed; 0 failed; 0 ignored; 0 measured; 7 filtered out; finished in 0.00s

     Running tests\shared_monster_tucson_ai.rs (C:/mir2-build/gateway-r48-tests\debug\deps\shared_monster_tucson_ai-b985c0df9eb665a4.exe)

running 0 tests

test result: ok. 0 passed; 0 failed; 0 ignored; 0 measured; 7 filtered out; finished in 0.00s

     Running tests\shared_monster_vampire_ai.rs (C:/mir2-build/gateway-r48-tests\debug\deps\shared_monster_vampire_ai-b81e96e9a406405f.exe)

running 0 tests

test result: ok. 0 passed; 0 failed; 0 ignored; 0 measured; 3 filtered out; finished in 0.00s

     Running tests\shared_monster_visibility_ai.rs (C:/mir2-build/gateway-r48-tests\debug\deps\shared_monster_visibility_ai-5cad60e17b9f8872.exe)

running 0 tests

test result: ok. 0 passed; 0 failed; 0 ignored; 0 measured; 8 filtered out; finished in 0.00s

     Running tests\shared_monster_yimoogi_ai.rs (C:/mir2-build/gateway-r48-tests\debug\deps\shared_monster_yimoogi_ai-185d33d272bbc50f.exe)

running 0 tests

test result: ok. 0 passed; 0 failed; 0 ignored; 0 measured; 8 filtered out; finished in 0.00s

     Running tests\shared_player_damage_settlement.rs (C:/mir2-build/gateway-r48-tests\debug\deps\shared_player_damage_settlement-750e40d06ba2cb8e.exe)

running 0 tests

test result: ok. 0 passed; 0 failed; 0 ignored; 0 measured; 11 filtered out; finished in 0.00s

     Running tests\shared_player_death_zone.rs (C:/mir2-build/gateway-r48-tests\debug\deps\shared_player_death_zone-439ab5da84673304.exe)

running 0 tests

test result: ok. 0 passed; 0 failed; 0 ignored; 0 measured; 4 filtered out; finished in 0.00s

     Running tests\shared_player_vital_transfer.rs (C:/mir2-build/gateway-r48-tests\debug\deps\shared_player_vital_transfer-03f2c4776823416b.exe)

running 0 tests

test result: ok. 0 passed; 0 failed; 0 ignored; 0 measured; 4 filtered out; finished in 0.00s

     Running tests\shared_trade_completion.rs (C:/mir2-build/gateway-r48-tests\debug\deps\shared_trade_completion-33659f283203c1cb.exe)

running 0 tests

test result: ok. 0 passed; 0 failed; 0 ignored; 0 measured; 6 filtered out; finished in 0.00s

     Running tests\shared_trade_gold.rs (C:/mir2-build/gateway-r48-tests\debug\deps\shared_trade_gold-c362b53820530c59.exe)

running 0 tests

test result: ok. 0 passed; 0 failed; 0 ignored; 0 measured; 12 filtered out; finished in 0.00s

     Running tests\shared_zone.rs (C:/mir2-build/gateway-r48-tests\debug\deps\shared_zone-434af2e877a68d66.exe)

running 0 tests

test result: ok. 0 passed; 0 failed; 0 ignored; 0 measured; 205 filtered out; finished in 0.00s

     Running tests\shared_zone_melee_mana.rs (C:/mir2-build/gateway-r48-tests\debug\deps\shared_zone_melee_mana-2f4b9ceaf06b2111.exe)

running 0 tests

test result: ok. 0 passed; 0 failed; 0 ignored; 0 measured; 3 filtered out; finished in 0.00s

     Running tests\shared_zone_self_magic.rs (C:/mir2-build/gateway-r48-tests\debug\deps\shared_zone_self_magic-2634db73b1688547.exe)

running 0 tests

test result: ok. 0 passed; 0 failed; 0 ignored; 0 measured; 4 filtered out; finished in 0.00s

     Running tests\social_economy_integration.rs (C:/mir2-build/gateway-r48-tests\debug\deps\social_economy_integration-a478ab8b67255551.exe)

running 0 tests

test result: ok. 0 passed; 0 failed; 0 ignored; 0 measured; 3 filtered out; finished in 0.00s

     Running tests\storage_request_id.rs (C:/mir2-build/gateway-r48-tests\debug\deps\storage_request_id-bc5ee82aadd67725.exe)

running 0 tests

test result: ok. 0 passed; 0 failed; 0 ignored; 0 measured; 2 filtered out; finished in 0.00s

     Running tests\trade_item_destinations.rs (C:/mir2-build/gateway-r48-tests\debug\deps\trade_item_destinations-196d1fc43243d7f0.exe)

running 0 tests

test result: ok. 0 passed; 0 failed; 0 ignored; 0 measured; 8 filtered out; finished in 0.00s

     Running tests\trade_item_merges.rs (C:/mir2-build/gateway-r48-tests\debug\deps\trade_item_merges-a3c6cf804e726c09.exe)

running 0 tests

test result: ok. 0 passed; 0 failed; 0 ignored; 0 measured; 5 filtered out; finished in 0.00s

     Running tests\user_item_uid_file.rs (C:/mir2-build/gateway-r48-tests\debug\deps\user_item_uid_file-13bd93644b3e1d54.exe)

running 0 tests

test result: ok. 0 passed; 0 failed; 0 ignored; 0 measured; 17 filtered out; finished in 0.00s

     Running tests\vertical_slice.rs (C:/mir2-build/gateway-r48-tests\debug\deps\vertical_slice-4f39a9582ce53114.exe)

running 0 tests

test result: ok. 0 passed; 0 failed; 0 ignored; 0 measured; 13 filtered out; finished in 0.00s

     Running tests\yin_devil_node.rs (C:/mir2-build/gateway-r48-tests\debug\deps\yin_devil_node-03a26260cefcd895.exe)

running 0 tests

test result: ok. 0 passed; 0 failed; 0 ignored; 0 measured; 2 filtered out; finished in 0.00s

     Running tests\zone_replay.rs (C:/mir2-build/gateway-r48-tests\debug\deps\zone_replay-850f80e28ee99a8d.exe)

running 0 tests

test result: ok. 0 passed; 0 failed; 0 ignored; 0 measured; 8 filtered out; finished in 0.00s

=== take_back_hero_item_returns_to_player_bag_slot ===
warning: unused import: `super::skills::crystal_magic_damage`
  --> apps\simulation\src\runtime\hero_ai.rs:53:5
   |
53 | use super::skills::crystal_magic_damage;
   |     ^^^^^^^^^^^^^^^^^^^^^^^^^^^^^^^^^^^
   |
   = note: `#[warn(unused_imports)]` (part of `#[warn(unused)]`) on by default

warning: unused import: `hero_registry_scan::validate_shared_hero_physical_custody`
  --> apps\simulation\src\runtime\mod.rs:22:16
   |
22 | pub(crate) use hero_registry_scan::validate_shared_hero_physical_custody;
   |                ^^^^^^^^^^^^^^^^^^^^^^^^^^^^^^^^^^^^^^^^^^^^^^^^^^^^^^^^^

warning: unused import: `HeroInventoryResource`
  --> apps\simulation\src\runtime\items.rs:58:19
   |
58 |     BuffResource, HeroInventoryResource, InventoryResource, PlayerPermissionResource,
   |                   ^^^^^^^^^^^^^^^^^^^^^

warning: unused import: `hero_inventory_crystal_stat_total`
  --> apps\simulation\src\runtime\packets.rs:72:22
   |
72 | use super::hero_ai::{hero_inventory_crystal_stat_total, hero_inventory_equipment_slots};
   |                      ^^^^^^^^^^^^^^^^^^^^^^^^^^^^^^^^^

warning: unused import: `crystal_quest_info_by_id`
   --> apps\simulation\src\runtime\packets.rs:108:5
    |
108 |     crystal_quest_info_by_id, crystal_quest_reward_selection_missing,
    |     ^^^^^^^^^^^^^^^^^^^^^^^^

warning: unused import: `intelligent_creature_default_rules`
   --> apps\simulation\src\runtime\packets.rs:125:5
    |
125 |     intelligent_creature_default_rules, is_in_world, mark_crystal_packet_action,
    |     ^^^^^^^^^^^^^^^^^^^^^^^^^^^^^^^^^^

warning: unused imports: `ZoneExperienceProfile` and `ZoneGuildExperienceMembership`
 --> apps\simulation\src\runtime\zone\mod.rs:6:22
  |
6 | pub use experience::{ZoneExperienceProfile,ZoneExperienceSelection,ZoneGuildExperienceMembership};
  |                      ^^^^^^^^^^^^^^^^^^^^^                         ^^^^^^^^^^^^^^^^^^^^^^^^^^^^^

warning: use of deprecated method `bevy_ecs::world::World::iter_entities`: use world.query::<EntityRef>()` instead
  --> apps\simulation\src\runtime\hero_cast.rs:61:22
   |
61 |     let target=world.iter_entities().find_map(|entry| {
   |                      ^^^^^^^^^^^^^
   |
   = note: `#[warn(deprecated)]` on by default

warning: use of deprecated method `bevy_ecs::world::World::iter_entities`: use world.query::<EntityRef>()` instead
   --> apps\simulation\src\runtime\monster_ai\great_fox_spirit.rs:163:28
    |
163 |     for candidate in world.iter_entities() {
    |                            ^^^^^^^^^^^^^

warning: use of deprecated method `bevy_ecs::world::World::iter_entities`: use world.query::<EntityRef>()` instead
    --> apps\simulation\src\runtime\packets.rs:7786:25
     |
7786 |     for entity in world.iter_entities() {
     |                         ^^^^^^^^^^^^^

warning: use of deprecated method `bevy_ecs::world::World::iter_entities`: use world.query::<EntityRef>()` instead
    --> apps\simulation\src\runtime\skills.rs:5013:10
     |
5013 |         .iter_entities()
     |          ^^^^^^^^^^^^^

warning: use of deprecated method `bevy_ecs::world::World::iter_entities`: use world.query::<EntityRef>()` instead
    --> apps\simulation\src\runtime\skills.rs:5096:10
     |
5096 |         .iter_entities()
     |          ^^^^^^^^^^^^^

warning: type `HeroSourceVersions` is more private than the item `config::AccountStoreRepositorySave::heroes`
   --> apps\simulation\src\config.rs:777:5
    |
777 |     pub(crate) heroes: hero_registry::HeroSourceVersions,
    |     ^^^^^^^^^^^^^^^^^^^^^^^^^^^^^^^^^^^^^^^^^^^^^^^^^^^^ field `config::AccountStoreRepositorySave::heroes` is reachable at visibility `pub(crate)`
    |
note: but type `HeroSourceVersions` is only usable at visibility `pub(in crate::config)`
   --> apps\simulation\src\config_hero_registry.rs:93:1
    |
 93 | pub(super) struct HeroSourceVersions {
    | ^^^^^^^^^^^^^^^^^^^^^^^^^^^^^^^^^^^^
    = note: `#[warn(private_interfaces)]` on by default

warning: type `ZoneCombatEntityRef` is more private than the item `tree_queen_ai::TreeQueenRoot::source_ref`
  --> apps\simulation\src\runtime\zone\runtime\tree_queen_ai.rs:39:5
   |
39 |     pub source_ref: Option<ZoneCombatEntityRef>,
   |     ^^^^^^^^^^^^^^^^^^^^^^^^^^^^^^^^^^^^^^^^^^^ field `tree_queen_ai::TreeQueenRoot::source_ref` is reachable at visibility `pub(in crate::runtime::zone)`
   |
note: but type `ZoneCombatEntityRef` is only usable at visibility `pub(in crate::runtime::zone::runtime)`
  --> apps\simulation\src\runtime\zone\runtime\entity_combat.rs:7:1
   |
 7 | pub(super) enum ZoneCombatEntityRef {
   | ^^^^^^^^^^^^^^^^^^^^^^^^^^^^^^^^^^^

warning: type `ZoneCombatEntityRef` is more private than the item `EvilMirState::target_ref`
  --> apps\simulation\src\runtime\zone\runtime\evil_mir_ai.rs:11:5
   |
11 |     pub target_ref: Option<ZoneCombatEntityRef>,
   |     ^^^^^^^^^^^^^^^^^^^^^^^^^^^^^^^^^^^^^^^^^^^ field `EvilMirState::target_ref` is reachable at visibility `pub(in crate::runtime::zone)`
   |
note: but type `ZoneCombatEntityRef` is only usable at visibility `pub(in crate::runtime::zone::runtime)`
  --> apps\simulation\src\runtime\zone\runtime\entity_combat.rs:7:1
   |
 7 | pub(super) enum ZoneCombatEntityRef {
   | ^^^^^^^^^^^^^^^^^^^^^^^^^^^^^^^^^^^

warning: type `ZoneCombatEntityRef` is more private than the item `EvilMirPendingSource::source`
  --> apps\simulation\src\runtime\zone\runtime\evil_mir_ai.rs:20:5
   |
20 |     pub source: ZoneCombatEntityRef,
   |     ^^^^^^^^^^^^^^^^^^^^^^^^^^^^^^^ field `EvilMirPendingSource::source` is reachable at visibility `pub(in crate::runtime::zone)`
   |
note: but type `ZoneCombatEntityRef` is only usable at visibility `pub(in crate::runtime::zone::runtime)`
  --> apps\simulation\src\runtime\zone\runtime\entity_combat.rs:7:1
   |
 7 | pub(super) enum ZoneCombatEntityRef {
   | ^^^^^^^^^^^^^^^^^^^^^^^^^^^^^^^^^^^

warning: type `ZoneCombatEntityRef` is more private than the item `GreatFoxState::target_ref`
  --> apps\simulation\src\runtime\zone\runtime\great_fox_ai.rs:15:5
   |
15 |     pub target_ref: Option<ZoneCombatEntityRef>,
   |     ^^^^^^^^^^^^^^^^^^^^^^^^^^^^^^^^^^^^^^^^^^^ field `GreatFoxState::target_ref` is reachable at visibility `pub(in crate::runtime::zone)`
   |
note: but type `ZoneCombatEntityRef` is only usable at visibility `pub(in crate::runtime::zone::runtime)`
  --> apps\simulation\src\runtime\zone\runtime\entity_combat.rs:7:1
   |
 7 | pub(super) enum ZoneCombatEntityRef {
   | ^^^^^^^^^^^^^^^^^^^^^^^^^^^^^^^^^^^

warning: type `ZoneCombatEntityRef` is more private than the item `GreatFoxHit::source_ref`
  --> apps\simulation\src\runtime\zone\runtime\great_fox_ai.rs:42:5
   |
42 |     pub source_ref: Option<ZoneCombatEntityRef>,
   |     ^^^^^^^^^^^^^^^^^^^^^^^^^^^^^^^^^^^^^^^^^^^ field `GreatFoxHit::source_ref` is reachable at visibility `pub(in crate::runtime::zone)`
   |
note: but type `ZoneCombatEntityRef` is only usable at visibility `pub(in crate::runtime::zone::runtime)`
  --> apps\simulation\src\runtime\zone\runtime\entity_combat.rs:7:1
   |
 7 | pub(super) enum ZoneCombatEntityRef {
   | ^^^^^^^^^^^^^^^^^^^^^^^^^^^^^^^^^^^

warning: type `ZoneCombatEntityRef` is more private than the item `GreatFoxHit::target_ref`
  --> apps\simulation\src\runtime\zone\runtime\great_fox_ai.rs:44:5
   |
44 |     pub target_ref: Option<ZoneCombatEntityRef>,
   |     ^^^^^^^^^^^^^^^^^^^^^^^^^^^^^^^^^^^^^^^^^^^ field `GreatFoxHit::target_ref` is reachable at visibility `pub(in crate::runtime::zone)`
   |
note: but type `ZoneCombatEntityRef` is only usable at visibility `pub(in crate::runtime::zone::runtime)`
  --> apps\simulation\src\runtime\zone\runtime\entity_combat.rs:7:1
   |
 7 | pub(super) enum ZoneCombatEntityRef {
   | ^^^^^^^^^^^^^^^^^^^^^^^^^^^^^^^^^^^

warning: type `ZoneCombatEntityRef` is more private than the item `HornedEncounterState::target_ref`
  --> apps\simulation\src\runtime\zone\runtime\horned_encounter_ai.rs:12:5
   |
12 |     pub target_ref: Option<ZoneCombatEntityRef>,
   |     ^^^^^^^^^^^^^^^^^^^^^^^^^^^^^^^^^^^^^^^^^^^ field `HornedEncounterState::target_ref` is reachable at visibility `pub(in crate::runtime::zone)`
   |
note: but type `ZoneCombatEntityRef` is only usable at visibility `pub(in crate::runtime::zone::runtime)`
  --> apps\simulation\src\runtime\zone\runtime\entity_combat.rs:7:1
   |
 7 | pub(super) enum ZoneCombatEntityRef {
   | ^^^^^^^^^^^^^^^^^^^^^^^^^^^^^^^^^^^

warning: type `ZoneCombatEntityRef` is more private than the item `HornedEncounterHit::source_ref`
  --> apps\simulation\src\runtime\zone\runtime\horned_encounter_ai.rs:38:5
   |
38 |     pub source_ref: Option<ZoneCombatEntityRef>,
   |     ^^^^^^^^^^^^^^^^^^^^^^^^^^^^^^^^^^^^^^^^^^^ field `HornedEncounterHit::source_ref` is reachable at visibility `pub(in crate::runtime::zone)`
   |
note: but type `ZoneCombatEntityRef` is only usable at visibility `pub(in crate::runtime::zone::runtime)`
  --> apps\simulation\src\runtime\zone\runtime\entity_combat.rs:7:1
   |
 7 | pub(super) enum ZoneCombatEntityRef {
   | ^^^^^^^^^^^^^^^^^^^^^^^^^^^^^^^^^^^

warning: type `ZoneCombatEntityRef` is more private than the item `HornedEncounterHit::target_ref`
  --> apps\simulation\src\runtime\zone\runtime\horned_encounter_ai.rs:41:5
   |
41 |     pub target_ref: Option<ZoneCombatEntityRef>,
   |     ^^^^^^^^^^^^^^^^^^^^^^^^^^^^^^^^^^^^^^^^^^^ field `HornedEncounterHit::target_ref` is reachable at visibility `pub(in crate::runtime::zone)`
   |
note: but type `ZoneCombatEntityRef` is only usable at visibility `pub(in crate::runtime::zone::runtime)`
  --> apps\simulation\src\runtime\zone\runtime\entity_combat.rs:7:1
   |
 7 | pub(super) enum ZoneCombatEntityRef {
   | ^^^^^^^^^^^^^^^^^^^^^^^^^^^^^^^^^^^

warning: type `ZoneCombatEntityRef` is more private than the item `HornedMapSpell::source_ref`
  --> apps\simulation\src\runtime\zone\runtime\horned_encounter_ai.rs:60:5
   |
60 |     pub source_ref: Option<ZoneCombatEntityRef>,
   |     ^^^^^^^^^^^^^^^^^^^^^^^^^^^^^^^^^^^^^^^^^^^ field `HornedMapSpell::source_ref` is reachable at visibility `pub(in crate::runtime::zone)`
   |
note: but type `ZoneCombatEntityRef` is only usable at visibility `pub(in crate::runtime::zone::runtime)`
  --> apps\simulation\src\runtime\zone\runtime\entity_combat.rs:7:1
   |
 7 | pub(super) enum ZoneCombatEntityRef {
   | ^^^^^^^^^^^^^^^^^^^^^^^^^^^^^^^^^^^

warning: type `ZoneCombatEntityRef` is more private than the item `HornedState::target_ref`
  --> apps\simulation\src\runtime\zone\runtime\horned_ai.rs:14:5
   |
14 |     pub target_ref: Option<ZoneCombatEntityRef>,
   |     ^^^^^^^^^^^^^^^^^^^^^^^^^^^^^^^^^^^^^^^^^^^ field `HornedState::target_ref` is reachable at visibility `pub(in crate::runtime::zone)`
   |
note: but type `ZoneCombatEntityRef` is only usable at visibility `pub(in crate::runtime::zone::runtime)`
  --> apps\simulation\src\runtime\zone\runtime\entity_combat.rs:7:1
   |
 7 | pub(super) enum ZoneCombatEntityRef {
   | ^^^^^^^^^^^^^^^^^^^^^^^^^^^^^^^^^^^

warning: type `ZoneCombatEntityRef` is more private than the item `HornedHit::source_ref`
  --> apps\simulation\src\runtime\zone\runtime\horned_ai.rs:28:5
   |
28 |     pub source_ref: Option<ZoneCombatEntityRef>,
   |     ^^^^^^^^^^^^^^^^^^^^^^^^^^^^^^^^^^^^^^^^^^^ field `HornedHit::source_ref` is reachable at visibility `pub(in crate::runtime::zone)`
   |
note: but type `ZoneCombatEntityRef` is only usable at visibility `pub(in crate::runtime::zone::runtime)`
  --> apps\simulation\src\runtime\zone\runtime\entity_combat.rs:7:1
   |
 7 | pub(super) enum ZoneCombatEntityRef {
   | ^^^^^^^^^^^^^^^^^^^^^^^^^^^^^^^^^^^

warning: type `ZoneCombatEntityRef` is more private than the item `HornedHit::target_ref`
  --> apps\simulation\src\runtime\zone\runtime\horned_ai.rs:30:5
   |
30 |     pub target_ref: Option<ZoneCombatEntityRef>,
   |     ^^^^^^^^^^^^^^^^^^^^^^^^^^^^^^^^^^^^^^^^^^^ field `HornedHit::target_ref` is reachable at visibility `pub(in crate::runtime::zone)`
   |
note: but type `ZoneCombatEntityRef` is only usable at visibility `pub(in crate::runtime::zone::runtime)`
  --> apps\simulation\src\runtime\zone\runtime\entity_combat.rs:7:1
   |
 7 | pub(super) enum ZoneCombatEntityRef {
   | ^^^^^^^^^^^^^^^^^^^^^^^^^^^^^^^^^^^

warning: type `ZoneCombatEntityRef` is more private than the item `HellState::explosion_source_ref`
  --> apps\simulation\src\runtime\zone\runtime\hell_ai.rs:14:5
   |
14 |     pub explosion_source_ref: Option<ZoneCombatEntityRef>,
   |     ^^^^^^^^^^^^^^^^^^^^^^^^^^^^^^^^^^^^^^^^^^^^^^^^^^^^^ field `HellState::explosion_source_ref` is reachable at visibility `pub(in crate::runtime::zone)`
   |
note: but type `ZoneCombatEntityRef` is only usable at visibility `pub(in crate::runtime::zone::runtime)`
  --> apps\simulation\src\runtime\zone\runtime\entity_combat.rs:7:1
   |
 7 | pub(super) enum ZoneCombatEntityRef {
   | ^^^^^^^^^^^^^^^^^^^^^^^^^^^^^^^^^^^

warning: type `ZoneCombatEntityRef` is more private than the item `SpiderAiState::parent_ref`
  --> apps\simulation\src\runtime\zone\runtime\spider_ai.rs:40:5
   |
40 |     pub parent_ref: Option<ZoneCombatEntityRef>,
   |     ^^^^^^^^^^^^^^^^^^^^^^^^^^^^^^^^^^^^^^^^^^^ field `SpiderAiState::parent_ref` is reachable at visibility `pub(in crate::runtime::zone)`
   |
note: but type `ZoneCombatEntityRef` is only usable at visibility `pub(in crate::runtime::zone::runtime)`
  --> apps\simulation\src\runtime\zone\runtime\entity_combat.rs:7:1
   |
 7 | pub(super) enum ZoneCombatEntityRef {
   | ^^^^^^^^^^^^^^^^^^^^^^^^^^^^^^^^^^^

warning: type `ZoneCombatEntityRef` is more private than the item `PendingRootSpiderSpawn::source`
  --> apps\simulation\src\runtime\zone\runtime\spider_ai.rs:52:5
   |
52 |     pub source: Option<ZoneCombatEntityRef>,
   |     ^^^^^^^^^^^^^^^^^^^^^^^^^^^^^^^^^^^^^^^ field `PendingRootSpiderSpawn::source` is reachable at visibility `pub(in crate::runtime::zone)`
   |
note: but type `ZoneCombatEntityRef` is only usable at visibility `pub(in crate::runtime::zone::runtime)`
  --> apps\simulation\src\runtime\zone\runtime\entity_combat.rs:7:1
   |
 7 | pub(super) enum ZoneCombatEntityRef {
   | ^^^^^^^^^^^^^^^^^^^^^^^^^^^^^^^^^^^

warning: type `ZoneCombatEntityRef` is more private than the item `PendingRootSpiderSpawn::target`
  --> apps\simulation\src\runtime\zone\runtime\spider_ai.rs:54:5
   |
54 |     pub target: Option<ZoneCombatEntityRef>,
   |     ^^^^^^^^^^^^^^^^^^^^^^^^^^^^^^^^^^^^^^^ field `PendingRootSpiderSpawn::target` is reachable at visibility `pub(in crate::runtime::zone)`
   |
note: but type `ZoneCombatEntityRef` is only usable at visibility `pub(in crate::runtime::zone::runtime)`
  --> apps\simulation\src\runtime\zone\runtime\entity_combat.rs:7:1
   |
 7 | pub(super) enum ZoneCombatEntityRef {
   | ^^^^^^^^^^^^^^^^^^^^^^^^^^^^^^^^^^^

warning: methods `scoped_to_account` and `scoped_to_accounts` are never used
   --> apps\simulation\src\config.rs:292:8
    |
159 | impl AccountStore {
    | ----------------- methods in this implementation
...
292 |     fn scoped_to_account(&self, account_id: &str) -> Self {
    |        ^^^^^^^^^^^^^^^^^
...
296 |     fn scoped_to_accounts(&self, account_ids: &[&str]) -> Self {
    |        ^^^^^^^^^^^^^^^^^^
    |
    = note: `#[warn(dead_code)]` (part of `#[warn(unused)]`) on by default

warning: variant `AccountsWithHeroes` is never constructed
   --> apps\simulation\src\config.rs:373:5
    |
370 | enum AccountStoreMutationScope<'a> {
    |      ------------------------- variant in this enum
...
373 |     AccountsWithHeroes { account_ids: &'a [String], hero_ids: &'a [i32], allocate: bool },
    |     ^^^^^^^^^^^^^^^^^^
    |
    = note: `AccountStoreMutationScope` has derived impls for the traits `Clone` and `Debug`, but these are intentionally ignored during dead code analysis

warning: field `admitted_minutes` is never read
  --> apps\simulation\src\config_guild_clock_transactions.rs:13:9
   |
 6 | pub(in crate::config) struct GuildClockCommitReceipt {
   |                              ----------------------- field in this struct
...
13 |     pub admitted_minutes: u64,
   |         ^^^^^^^^^^^^^^^^
   |
   = note: `GuildClockCommitReceipt` has derived impls for the traits `Clone` and `Debug`, but these are intentionally ignored during dead code analysis

warning: function `commit_postgres_tick` is never used
  --> apps\simulation\src\config_guild_clock_transactions.rs:17:26
   |
17 | pub(in crate::config) fn commit_postgres_tick(
   |                          ^^^^^^^^^^^^^^^^^^^^

warning: function `commit_postgres_tick_checked` is never used
  --> apps\simulation\src\config_guild_clock_transactions.rs:24:26
   |
24 | pub(in crate::config) fn commit_postgres_tick_checked(
   |                          ^^^^^^^^^^^^^^^^^^^^^^^^^^^^

warning: method `item_identity_path` is never used
   --> apps\simulation\src\config_file_authority.rs:102:19
    |
 99 | impl FileAuthority {
    | ------------------ method in this implementation
...
102 |     pub(super) fn item_identity_path(&self, config: &SimulationConfig) -> Result<PathBuf, String> {
    |                   ^^^^^^^^^^^^^^^^^^

warning: method `refresh_shared_hero_authority` is never used
 --> apps\simulation\src\config_hero_authority.rs:8:19
  |
7 | impl SimulationConfig {
  | --------------------- method in this implementation
8 |     pub(crate) fn refresh_shared_hero_authority(&self)->Result<(),String>{
  |                   ^^^^^^^^^^^^^^^^^^^^^^^^^^^^^

warning: method `shared_guild_authority_snapshot` is never used
   --> apps\simulation\src\config_shared_guilds.rs:845:19
    |
844 | impl SimulationConfig {
    | --------------------- method in this implementation
845 |     pub(crate) fn shared_guild_authority_snapshot(
    |                   ^^^^^^^^^^^^^^^^^^^^^^^^^^^^^^^

warning: variant `MacAgility` is never constructed
   --> apps\simulation\src\runtime\combat.rs:776:5
    |
769 | pub(super) enum CrystalDefence {
    |                 -------------- variant in this enum
...
776 |     MacAgility,
    |     ^^^^^^^^^^
    |
    = note: `CrystalDefence` has derived impls for the traits `Debug` and `Clone`, but these are intentionally ignored during dead code analysis

warning: constant `CRYSTAL_BAG_WEIGHT_LIMIT` is never used
  --> apps\simulation\src\runtime\drops.rs:70:18
   |
70 | pub(super) const CRYSTAL_BAG_WEIGHT_LIMIT: u32 = 100;
   |                  ^^^^^^^^^^^^^^^^^^^^^^^^

warning: function `resolved_monster_drop_templates_at_tick` is never used
   --> apps\simulation\src\runtime\drops.rs:464:15
    |
464 | pub(super) fn resolved_monster_drop_templates_at_tick(
    |               ^^^^^^^^^^^^^^^^^^^^^^^^^^^^^^^^^^^^^^^

warning: function `crystal_monster_drop_templates` is never used
   --> apps\simulation\src\runtime\drops.rs:535:15
    |
535 | pub(super) fn crystal_monster_drop_templates(
    |               ^^^^^^^^^^^^^^^^^^^^^^^^^^^^^^

warning: function `crystal_resolve_group_drop` is never used
   --> apps\simulation\src\runtime\drops.rs:610:15
    |
610 | pub(super) fn crystal_resolve_group_drop(
    |               ^^^^^^^^^^^^^^^^^^^^^^^^^^

warning: function `crystal_drop_entry_should_drop` is never used
   --> apps\simulation\src\runtime\drops.rs:665:15
    |
665 | pub(super) fn crystal_drop_entry_should_drop(
    |               ^^^^^^^^^^^^^^^^^^^^^^^^^^^^^^

warning: method `socketed_count` is never used
   --> apps\simulation\src\runtime\equipment.rs:303:19
    |
119 | impl EquipmentState {
    | ------------------- method in this implementation
...
303 |     pub(super) fn socketed_count(&self) -> usize {
    |                   ^^^^^^^^^^^^^^

warning: function `equipment_state_identified` is never used
   --> apps\simulation\src\runtime\equipment.rs:308:15
    |
308 | pub(super) fn equipment_state_identified(item: &EquipmentState) -> bool {
    |               ^^^^^^^^^^^^^^^^^^^^^^^^^^

warning: function `equipment_state_soul_bound_id` is never used
   --> apps\simulation\src\runtime\equipment.rs:313:15
    |
313 | pub(super) fn equipment_state_soul_bound_id(item: &EquipmentState) -> i32 {
    |               ^^^^^^^^^^^^^^^^^^^^^^^^^^^^^

warning: function `hero_inventory_equipment_slot` is never used
   --> apps\simulation\src\runtime\hero_ai.rs:180:4
    |
180 | fn hero_inventory_equipment_slot(item: &ItemState) -> Option<EquipmentSlot> {
    |    ^^^^^^^^^^^^^^^^^^^^^^^^^^^^^

warning: function `hero_inventory_item_is_broken` is never used
   --> apps\simulation\src\runtime\hero_ai.rs:185:4
    |
185 | fn hero_inventory_item_is_broken(item: &ItemState) -> bool {
    |    ^^^^^^^^^^^^^^^^^^^^^^^^^^^^^

warning: function `hero_inventory_item_modeled_base_stat` is never used
   --> apps\simulation\src\runtime\hero_ai.rs:189:4
    |
189 | fn hero_inventory_item_modeled_base_stat(item: &ItemState, stat: u8) -> i32 {
    |    ^^^^^^^^^^^^^^^^^^^^^^^^^^^^^^^^^^^^^

warning: function `hero_inventory_item_crystal_stat` is never used
   --> apps\simulation\src\runtime\hero_ai.rs:197:4
    |
197 | fn hero_inventory_item_crystal_stat(item: &ItemState, stat: u8) -> i32 {
    |    ^^^^^^^^^^^^^^^^^^^^^^^^^^^^^^^^

warning: function `hero_inventory_crystal_stat_total` is never used
   --> apps\simulation\src\runtime\hero_ai.rs:214:15
    |
214 | pub(super) fn hero_inventory_crystal_stat_total(world: &World, stat: u8) -> i32 {
    |               ^^^^^^^^^^^^^^^^^^^^^^^^^^^^^^^^^

warning: enum `CarrierOrigin` is never used
 --> apps\simulation\src\runtime\hero_registry_carriers.rs:8:17
  |
8 | pub(super) enum CarrierOrigin { External, Hero(i32) }
  |                 ^^^^^^^^^^^^^

warning: struct `HeroCarrierCensus` is never constructed
  --> apps\simulation\src\runtime\hero_registry_carriers.rs:10:19
   |
10 | pub(super) struct HeroCarrierCensus {
   |                   ^^^^^^^^^^^^^^^^^

warning: methods `node`, `record`, `record_unresolved_legacy`, and `validate` are never used
  --> apps\simulation\src\runtime\hero_registry_carriers.rs:15:8
   |
14 | impl HeroCarrierCensus {
   | ---------------------- methods in this implementation
15 |     fn node(&mut self,item:&UserItem,origin:CarrierOrigin)->Result<(),String>{
   |        ^^^^
...
27 |     pub fn record(&mut self,item:&UserItem,origin:CarrierOrigin)->Result<(),String>{
   |            ^^^^^^
...
42 |     pub fn record_unresolved_legacy(&mut self,root:&super::items::ItemState)->Result<(),String>{
   |            ^^^^^^^^^^^^^^^^^^^^^^^^
...
70 |     pub fn validate(&self,heroes:&BTreeMap<i32,SharedHeroRecord>,owned_ids:&BTreeSet<u64>)->Result<(),String>{
   |            ^^^^^^^^

warning: function `decode` is never used
 --> apps\simulation\src\runtime\hero_registry_scan.rs:8:4
  |
8 | fn decode<T:DeserializeOwned>(value:&str)->Result<T,String>{serde_json::from_str(value).map_err(|error|format!("invalid Hero custody ...
  |    ^^^^^^

warning: function `add_wire` is never used
 --> apps\simulation\src\runtime\hero_registry_scan.rs:9:4
  |
9 | fn add_wire(census:&mut HeroCarrierCensus,item:&UserItem,origin:CarrierOrigin,forbidden_bind:u16)->Result<(),String>{
  |    ^^^^^^^^

warning: function `add_items` is never used
  --> apps\simulation\src\runtime\hero_registry_scan.rs:21:4
   |
21 | fn add_items(census:&mut HeroCarrierCensus,encoded:&[String],origin:CarrierOrigin,forbidden:u16)->Result<(),String>{
   |    ^^^^^^^^^

warning: function `add_character` is never used
  --> apps\simulation\src\runtime\hero_registry_scan.rs:32:4
   |
32 | fn add_character(census:&mut HeroCarrierCensus,save:&CharacterSaveRecord,mirrored:bool)->Result<(),String>{
   |    ^^^^^^^^^^^^^

warning: function `validate_shared_hero_physical_custody` is never used
  --> apps\simulation\src\runtime\hero_registry_scan.rs:86:15
   |
86 | pub(crate) fn validate_shared_hero_physical_custody(store:&AccountStore)->Result<(),String>{
   |               ^^^^^^^^^^^^^^^^^^^^^^^^^^^^^^^^^^^^^

warning: function `hero_inventory_item_is_broken` is never used
    --> apps\simulation\src\runtime\items.rs:3452:4
     |
3452 | fn hero_inventory_item_is_broken(item: &ItemState) -> bool {
     |    ^^^^^^^^^^^^^^^^^^^^^^^^^^^^^

warning: function `hero_inventory_requirement_stat` is never used
    --> apps\simulation\src\runtime\items.rs:3456:4
     |
3456 | fn hero_inventory_requirement_stat(item: &ItemState, stat: u8) -> i32 {
     |    ^^^^^^^^^^^^^^^^^^^^^^^^^^^^^^^

warning: function `repair_conquest_asset` is never used
    --> apps\simulation\src\runtime\monsters.rs:1878:15
     |
1878 | pub(super) fn repair_conquest_asset(world: &mut World, ai: u8, asset_id: u8) -> bool {
     |               ^^^^^^^^^^^^^^^^^^^^^

warning: function `crystal_npc_visible_to_character` is never used
   --> apps\simulation\src\runtime\npc.rs:245:15
    |
245 | pub(super) fn crystal_npc_visible_to_character(
    |               ^^^^^^^^^^^^^^^^^^^^^^^^^^^^^^^^

warning: function `complete_quest` is never used
    --> apps\simulation\src\runtime\quests.rs:1030:15
     |
1030 | pub(super) fn complete_quest(world: &mut World, quest_id: i32) {
     |               ^^^^^^^^^^^^^^

warning: function `default_save_for_character` is never used
  --> apps\simulation\src\runtime\save.rs:76:15
   |
76 | pub(super) fn default_save_for_character(
   |               ^^^^^^^^^^^^^^^^^^^^^^^^^^

warning: function `persist_character_save` is never used
   --> apps\simulation\src\runtime\save.rs:921:15
    |
921 | pub(super) fn persist_character_save(
    |               ^^^^^^^^^^^^^^^^^^^^^^

warning: function `bank_mentor_gain` is never used
   --> apps\simulation\src\runtime\shared_relationships.rs:321:15
    |
321 | pub(super) fn bank_mentor_gain(
    |               ^^^^^^^^^^^^^^^^

warning: method `game_shop_buy_product` is never used
    --> apps\simulation\src\runtime\stage5.rs:4304:8
     |
3234 | impl SimulationSession {
     | ---------------------- method in this implementation
...
4304 |     fn game_shop_buy_product(
     |        ^^^^^^^^^^^^^^^^^^^^^

warning: struct `ZoneExperienceProfile` is never constructed
  --> apps\simulation\src\runtime\zone\experience.rs:13:12
   |
13 | pub struct ZoneExperienceProfile {
   |            ^^^^^^^^^^^^^^^^^^^^^

warning: method `select` is never used
  --> apps\simulation\src\runtime\zone\experience.rs:41:19
   |
40 | impl ZoneExperienceProfile {
   | -------------------------- method in this implementation
41 |     pub(super) fn select(
   |                   ^^^^^^

warning: function `hell_can_move` is never used
  --> apps\simulation\src\runtime\zone\runtime\hell_ai.rs:68:15
   |
68 | pub(super) fn hell_can_move(m: &ZoneNativeMonster) -> bool {
   |               ^^^^^^^^^^^^^

warning: function `hell_can_regen` is never used
  --> apps\simulation\src\runtime\zone\runtime\hell_ai.rs:74:15
   |
74 | pub(super) fn hell_can_regen(m: &ZoneNativeMonster) -> bool {
   |               ^^^^^^^^^^^^^^

warning: methods `blocking` and `set_replay_seed` are never used
   --> apps\simulation\src\runtime\zone\intelligent_creatures.rs:183:12
    |
112 | impl ZoneIntelligentCreature {
    | ---------------------------- methods in this implementation
...
183 |     pub fn blocking(&self) -> bool {
    |            ^^^^^^^^
...
187 |     pub fn set_replay_seed(&mut self, seed: u64) {
    |            ^^^^^^^^^^^^^^^

warning: unused import: `ZoneExperienceProfile`
 --> apps\simulation\src\runtime\zone\mod.rs:6:22
  |
6 | pub use experience::{ZoneExperienceProfile,ZoneExperienceSelection,ZoneGuildExperienceMembership};
  |                      ^^^^^^^^^^^^^^^^^^^^^

warning: use of deprecated method `bevy_ecs::world::World::iter_entities`: use world.query::<EntityRef>()` instead
  --> apps\simulation\src\runtime\hero_cast.rs:99:27
   |
99 |         let monster=world.iter_entities().find(|e|e.get::<Monster>().is_some()).unwrap().id();
   |                           ^^^^^^^^^^^^^

warning: type `hero_registry::HeroSourceVersions` is more private than the item `config::AccountStoreRepositorySave::heroes`
   --> apps\simulation\src\config.rs:777:5
    |
777 |     pub(crate) heroes: hero_registry::HeroSourceVersions,
    |     ^^^^^^^^^^^^^^^^^^^^^^^^^^^^^^^^^^^^^^^^^^^^^^^^^^^^ field `config::AccountStoreRepositorySave::heroes` is reachable at visibility `pub(crate)`
    |
note: but type `hero_registry::HeroSourceVersions` is only usable at visibility `pub(in crate::config)`
   --> apps\simulation\src\config_hero_registry.rs:93:1
    |
 93 | pub(super) struct HeroSourceVersions {
    | ^^^^^^^^^^^^^^^^^^^^^^^^^^^^^^^^^^^^
    = note: `#[warn(private_interfaces)]` on by default

warning: type `entity_combat::ZoneCombatEntityRef` is more private than the item `tree_queen_ai::TreeQueenRoot::source_ref`
  --> apps\simulation\src\runtime\zone\runtime\tree_queen_ai.rs:39:5
   |
39 |     pub source_ref: Option<ZoneCombatEntityRef>,
   |     ^^^^^^^^^^^^^^^^^^^^^^^^^^^^^^^^^^^^^^^^^^^ field `tree_queen_ai::TreeQueenRoot::source_ref` is reachable at visibility `pub(in crate::runtime::zone)`
   |
note: but type `entity_combat::ZoneCombatEntityRef` is only usable at visibility `pub(in crate::runtime::zone::runtime)`
  --> apps\simulation\src\runtime\zone\runtime\entity_combat.rs:7:1
   |
 7 | pub(super) enum ZoneCombatEntityRef {
   | ^^^^^^^^^^^^^^^^^^^^^^^^^^^^^^^^^^^

warning: type `entity_combat::ZoneCombatEntityRef` is more private than the item `EvilMirState::target_ref`
  --> apps\simulation\src\runtime\zone\runtime\evil_mir_ai.rs:11:5
   |
11 |     pub target_ref: Option<ZoneCombatEntityRef>,
   |     ^^^^^^^^^^^^^^^^^^^^^^^^^^^^^^^^^^^^^^^^^^^ field `EvilMirState::target_ref` is reachable at visibility `pub(in crate::runtime::zone)`
   |
note: but type `entity_combat::ZoneCombatEntityRef` is only usable at visibility `pub(in crate::runtime::zone::runtime)`
  --> apps\simulation\src\runtime\zone\runtime\entity_combat.rs:7:1
   |
 7 | pub(super) enum ZoneCombatEntityRef {
   | ^^^^^^^^^^^^^^^^^^^^^^^^^^^^^^^^^^^

warning: type `entity_combat::ZoneCombatEntityRef` is more private than the item `EvilMirPendingSource::source`
  --> apps\simulation\src\runtime\zone\runtime\evil_mir_ai.rs:20:5
   |
20 |     pub source: ZoneCombatEntityRef,
   |     ^^^^^^^^^^^^^^^^^^^^^^^^^^^^^^^ field `EvilMirPendingSource::source` is reachable at visibility `pub(in crate::runtime::zone)`
   |
note: but type `entity_combat::ZoneCombatEntityRef` is only usable at visibility `pub(in crate::runtime::zone::runtime)`
  --> apps\simulation\src\runtime\zone\runtime\entity_combat.rs:7:1
   |
 7 | pub(super) enum ZoneCombatEntityRef {
   | ^^^^^^^^^^^^^^^^^^^^^^^^^^^^^^^^^^^

warning: type `entity_combat::ZoneCombatEntityRef` is more private than the item `GreatFoxState::target_ref`
  --> apps\simulation\src\runtime\zone\runtime\great_fox_ai.rs:15:5
   |
15 |     pub target_ref: Option<ZoneCombatEntityRef>,
   |     ^^^^^^^^^^^^^^^^^^^^^^^^^^^^^^^^^^^^^^^^^^^ field `GreatFoxState::target_ref` is reachable at visibility `pub(in crate::runtime::zone)`
   |
note: but type `entity_combat::ZoneCombatEntityRef` is only usable at visibility `pub(in crate::runtime::zone::runtime)`
  --> apps\simulation\src\runtime\zone\runtime\entity_combat.rs:7:1
   |
 7 | pub(super) enum ZoneCombatEntityRef {
   | ^^^^^^^^^^^^^^^^^^^^^^^^^^^^^^^^^^^

warning: type `entity_combat::ZoneCombatEntityRef` is more private than the item `GreatFoxHit::source_ref`
  --> apps\simulation\src\runtime\zone\runtime\great_fox_ai.rs:42:5
   |
42 |     pub source_ref: Option<ZoneCombatEntityRef>,
   |     ^^^^^^^^^^^^^^^^^^^^^^^^^^^^^^^^^^^^^^^^^^^ field `GreatFoxHit::source_ref` is reachable at visibility `pub(in crate::runtime::zone)`
   |
note: but type `entity_combat::ZoneCombatEntityRef` is only usable at visibility `pub(in crate::runtime::zone::runtime)`
  --> apps\simulation\src\runtime\zone\runtime\entity_combat.rs:7:1
   |
 7 | pub(super) enum ZoneCombatEntityRef {
   | ^^^^^^^^^^^^^^^^^^^^^^^^^^^^^^^^^^^

warning: type `entity_combat::ZoneCombatEntityRef` is more private than the item `GreatFoxHit::target_ref`
  --> apps\simulation\src\runtime\zone\runtime\great_fox_ai.rs:44:5
   |
44 |     pub target_ref: Option<ZoneCombatEntityRef>,
   |     ^^^^^^^^^^^^^^^^^^^^^^^^^^^^^^^^^^^^^^^^^^^ field `GreatFoxHit::target_ref` is reachable at visibility `pub(in crate::runtime::zone)`
   |
note: but type `entity_combat::ZoneCombatEntityRef` is only usable at visibility `pub(in crate::runtime::zone::runtime)`
  --> apps\simulation\src\runtime\zone\runtime\entity_combat.rs:7:1
   |
 7 | pub(super) enum ZoneCombatEntityRef {
   | ^^^^^^^^^^^^^^^^^^^^^^^^^^^^^^^^^^^

warning: type `entity_combat::ZoneCombatEntityRef` is more private than the item `HornedEncounterState::target_ref`
  --> apps\simulation\src\runtime\zone\runtime\horned_encounter_ai.rs:12:5
   |
12 |     pub target_ref: Option<ZoneCombatEntityRef>,
   |     ^^^^^^^^^^^^^^^^^^^^^^^^^^^^^^^^^^^^^^^^^^^ field `HornedEncounterState::target_ref` is reachable at visibility `pub(in crate::runtime::zone)`
   |
note: but type `entity_combat::ZoneCombatEntityRef` is only usable at visibility `pub(in crate::runtime::zone::runtime)`
  --> apps\simulation\src\runtime\zone\runtime\entity_combat.rs:7:1
   |
 7 | pub(super) enum ZoneCombatEntityRef {
   | ^^^^^^^^^^^^^^^^^^^^^^^^^^^^^^^^^^^

warning: type `entity_combat::ZoneCombatEntityRef` is more private than the item `HornedEncounterHit::source_ref`
  --> apps\simulation\src\runtime\zone\runtime\horned_encounter_ai.rs:38:5
   |
38 |     pub source_ref: Option<ZoneCombatEntityRef>,
   |     ^^^^^^^^^^^^^^^^^^^^^^^^^^^^^^^^^^^^^^^^^^^ field `HornedEncounterHit::source_ref` is reachable at visibility `pub(in crate::runtime::zone)`
   |
note: but type `entity_combat::ZoneCombatEntityRef` is only usable at visibility `pub(in crate::runtime::zone::runtime)`
  --> apps\simulation\src\runtime\zone\runtime\entity_combat.rs:7:1
   |
 7 | pub(super) enum ZoneCombatEntityRef {
   | ^^^^^^^^^^^^^^^^^^^^^^^^^^^^^^^^^^^

warning: type `entity_combat::ZoneCombatEntityRef` is more private than the item `HornedEncounterHit::target_ref`
  --> apps\simulation\src\runtime\zone\runtime\horned_encounter_ai.rs:41:5
   |
41 |     pub target_ref: Option<ZoneCombatEntityRef>,
   |     ^^^^^^^^^^^^^^^^^^^^^^^^^^^^^^^^^^^^^^^^^^^ field `HornedEncounterHit::target_ref` is reachable at visibility `pub(in crate::runtime::zone)`
   |
note: but type `entity_combat::ZoneCombatEntityRef` is only usable at visibility `pub(in crate::runtime::zone::runtime)`
  --> apps\simulation\src\runtime\zone\runtime\entity_combat.rs:7:1
   |
 7 | pub(super) enum ZoneCombatEntityRef {
   | ^^^^^^^^^^^^^^^^^^^^^^^^^^^^^^^^^^^

warning: type `entity_combat::ZoneCombatEntityRef` is more private than the item `HornedMapSpell::source_ref`
  --> apps\simulation\src\runtime\zone\runtime\horned_encounter_ai.rs:60:5
   |
60 |     pub source_ref: Option<ZoneCombatEntityRef>,
   |     ^^^^^^^^^^^^^^^^^^^^^^^^^^^^^^^^^^^^^^^^^^^ field `HornedMapSpell::source_ref` is reachable at visibility `pub(in crate::runtime::zone)`
   |
note: but type `entity_combat::ZoneCombatEntityRef` is only usable at visibility `pub(in crate::runtime::zone::runtime)`
  --> apps\simulation\src\runtime\zone\runtime\entity_combat.rs:7:1
   |
 7 | pub(super) enum ZoneCombatEntityRef {
   | ^^^^^^^^^^^^^^^^^^^^^^^^^^^^^^^^^^^

warning: type `entity_combat::ZoneCombatEntityRef` is more private than the item `HornedState::target_ref`
  --> apps\simulation\src\runtime\zone\runtime\horned_ai.rs:14:5
   |
14 |     pub target_ref: Option<ZoneCombatEntityRef>,
   |     ^^^^^^^^^^^^^^^^^^^^^^^^^^^^^^^^^^^^^^^^^^^ field `HornedState::target_ref` is reachable at visibility `pub(in crate::runtime::zone)`
   |
note: but type `entity_combat::ZoneCombatEntityRef` is only usable at visibility `pub(in crate::runtime::zone::runtime)`
  --> apps\simulation\src\runtime\zone\runtime\entity_combat.rs:7:1
   |
 7 | pub(super) enum ZoneCombatEntityRef {
   | ^^^^^^^^^^^^^^^^^^^^^^^^^^^^^^^^^^^

warning: type `entity_combat::ZoneCombatEntityRef` is more private than the item `HornedHit::source_ref`
  --> apps\simulation\src\runtime\zone\runtime\horned_ai.rs:28:5
   |
28 |     pub source_ref: Option<ZoneCombatEntityRef>,
   |     ^^^^^^^^^^^^^^^^^^^^^^^^^^^^^^^^^^^^^^^^^^^ field `HornedHit::source_ref` is reachable at visibility `pub(in crate::runtime::zone)`
   |
note: but type `entity_combat::ZoneCombatEntityRef` is only usable at visibility `pub(in crate::runtime::zone::runtime)`
  --> apps\simulation\src\runtime\zone\runtime\entity_combat.rs:7:1
   |
 7 | pub(super) enum ZoneCombatEntityRef {
   | ^^^^^^^^^^^^^^^^^^^^^^^^^^^^^^^^^^^

warning: type `entity_combat::ZoneCombatEntityRef` is more private than the item `HornedHit::target_ref`
  --> apps\simulation\src\runtime\zone\runtime\horned_ai.rs:30:5
   |
30 |     pub target_ref: Option<ZoneCombatEntityRef>,
   |     ^^^^^^^^^^^^^^^^^^^^^^^^^^^^^^^^^^^^^^^^^^^ field `HornedHit::target_ref` is reachable at visibility `pub(in crate::runtime::zone)`
   |
note: but type `entity_combat::ZoneCombatEntityRef` is only usable at visibility `pub(in crate::runtime::zone::runtime)`
  --> apps\simulation\src\runtime\zone\runtime\entity_combat.rs:7:1
   |
 7 | pub(super) enum ZoneCombatEntityRef {
   | ^^^^^^^^^^^^^^^^^^^^^^^^^^^^^^^^^^^

warning: type `entity_combat::ZoneCombatEntityRef` is more private than the item `HellState::explosion_source_ref`
  --> apps\simulation\src\runtime\zone\runtime\hell_ai.rs:14:5
   |
14 |     pub explosion_source_ref: Option<ZoneCombatEntityRef>,
   |     ^^^^^^^^^^^^^^^^^^^^^^^^^^^^^^^^^^^^^^^^^^^^^^^^^^^^^ field `HellState::explosion_source_ref` is reachable at visibility `pub(in crate::runtime::zone)`
   |
note: but type `entity_combat::ZoneCombatEntityRef` is only usable at visibility `pub(in crate::runtime::zone::runtime)`
  --> apps\simulation\src\runtime\zone\runtime\entity_combat.rs:7:1
   |
 7 | pub(super) enum ZoneCombatEntityRef {
   | ^^^^^^^^^^^^^^^^^^^^^^^^^^^^^^^^^^^

warning: type `entity_combat::ZoneCombatEntityRef` is more private than the item `SpiderAiState::parent_ref`
  --> apps\simulation\src\runtime\zone\runtime\spider_ai.rs:40:5
   |
40 |     pub parent_ref: Option<ZoneCombatEntityRef>,
   |     ^^^^^^^^^^^^^^^^^^^^^^^^^^^^^^^^^^^^^^^^^^^ field `SpiderAiState::parent_ref` is reachable at visibility `pub(in crate::runtime::zone)`
   |
note: but type `entity_combat::ZoneCombatEntityRef` is only usable at visibility `pub(in crate::runtime::zone::runtime)`
  --> apps\simulation\src\runtime\zone\runtime\entity_combat.rs:7:1
   |
 7 | pub(super) enum ZoneCombatEntityRef {
   | ^^^^^^^^^^^^^^^^^^^^^^^^^^^^^^^^^^^

warning: type `entity_combat::ZoneCombatEntityRef` is more private than the item `PendingRootSpiderSpawn::source`
  --> apps\simulation\src\runtime\zone\runtime\spider_ai.rs:52:5
   |
52 |     pub source: Option<ZoneCombatEntityRef>,
   |     ^^^^^^^^^^^^^^^^^^^^^^^^^^^^^^^^^^^^^^^ field `PendingRootSpiderSpawn::source` is reachable at visibility `pub(in crate::runtime::zone)`
   |
note: but type `entity_combat::ZoneCombatEntityRef` is only usable at visibility `pub(in crate::runtime::zone::runtime)`
  --> apps\simulation\src\runtime\zone\runtime\entity_combat.rs:7:1
   |
 7 | pub(super) enum ZoneCombatEntityRef {
   | ^^^^^^^^^^^^^^^^^^^^^^^^^^^^^^^^^^^

warning: type `entity_combat::ZoneCombatEntityRef` is more private than the item `PendingRootSpiderSpawn::target`
  --> apps\simulation\src\runtime\zone\runtime\spider_ai.rs:54:5
   |
54 |     pub target: Option<ZoneCombatEntityRef>,
   |     ^^^^^^^^^^^^^^^^^^^^^^^^^^^^^^^^^^^^^^^ field `PendingRootSpiderSpawn::target` is reachable at visibility `pub(in crate::runtime::zone)`
   |
note: but type `entity_combat::ZoneCombatEntityRef` is only usable at visibility `pub(in crate::runtime::zone::runtime)`
  --> apps\simulation\src\runtime\zone\runtime\entity_combat.rs:7:1
   |
 7 | pub(super) enum ZoneCombatEntityRef {
   | ^^^^^^^^^^^^^^^^^^^^^^^^^^^^^^^^^^^

warning: function `bootstrap_mirror` is never used
   --> apps\simulation\src\config_item_identity.rs:143:15
    |
143 | pub(super) fn bootstrap_mirror(
    |               ^^^^^^^^^^^^^^^^
    |
    = note: `#[warn(dead_code)]` (part of `#[warn(unused)]`) on by default

warning: function `mirror_client` is never used
   --> apps\simulation\src\config_item_identity.rs:187:4
    |
187 | fn mirror_client(config: &SimulationConfig) -> Result<postgres::Client, String> {
    |    ^^^^^^^^^^^^^

warning: function `reserve_mirror` is never used
   --> apps\simulation\src\config_item_identity.rs:203:15
    |
203 | pub(super) fn reserve_mirror(
    |               ^^^^^^^^^^^^^^

warning: method `record_unresolved_legacy` is never used
  --> apps\simulation\src\runtime\hero_registry_carriers.rs:42:12
   |
14 | impl HeroCarrierCensus {
   | ---------------------- method in this implementation
...
42 |     pub fn record_unresolved_legacy(&mut self,root:&super::items::ItemState)->Result<(),String>{
   |            ^^^^^^^^^^^^^^^^^^^^^^^^

warning: unused `std::result::Result` that must be used
    --> apps\simulation\src\runtime\tests.rs:1697:5
     |
1697 |     sender.save_active_character();
     |     ^^^^^^^^^^^^^^^^^^^^^^^^^^^^^^
     |
     = note: this `Result` may be an `Err` variant, which should be handled
     = note: `#[warn(unused_must_use)]` (part of `#[warn(unused)]`) on by default
help: use `let _ = ...` to ignore the resulting value
     |
1697 |     let _ = sender.save_active_character();
     |     +++++++

warning: unused `std::result::Result` that must be used
    --> apps\simulation\src\runtime\tests.rs:2990:5
     |
2990 |     session.save_active_character();
     |     ^^^^^^^^^^^^^^^^^^^^^^^^^^^^^^^
     |
     = note: this `Result` may be an `Err` variant, which should be handled
help: use `let _ = ...` to ignore the resulting value
     |
2990 |     let _ = session.save_active_character();
     |     +++++++

warning: unused `std::result::Result` that must be used
    --> apps\simulation\src\runtime\tests.rs:3013:5
     |
3013 |     session.save_active_character();
     |     ^^^^^^^^^^^^^^^^^^^^^^^^^^^^^^^
     |
     = note: this `Result` may be an `Err` variant, which should be handled
help: use `let _ = ...` to ignore the resulting value
     |
3013 |     let _ = session.save_active_character();
     |     +++++++

warning: unused `std::result::Result` that must be used
    --> apps\simulation\src\runtime\tests.rs:3103:5
     |
3103 |     first.save_active_character();
     |     ^^^^^^^^^^^^^^^^^^^^^^^^^^^^^
     |
     = note: this `Result` may be an `Err` variant, which should be handled
help: use `let _ = ...` to ignore the resulting value
     |
3103 |     let _ = first.save_active_character();
     |     +++++++

warning: unused `std::result::Result` that must be used
    --> apps\simulation\src\runtime\tests.rs:3167:5
     |
3167 |     session.save_active_character();
     |     ^^^^^^^^^^^^^^^^^^^^^^^^^^^^^^^
     |
     = note: this `Result` may be an `Err` variant, which should be handled
help: use `let _ = ...` to ignore the resulting value
     |
3167 |     let _ = session.save_active_character();
     |     +++++++

warning: unused `std::result::Result` that must be used
    --> apps\simulation\src\runtime\tests.rs:3234:5
     |
3234 |     first.save_active_character();
     |     ^^^^^^^^^^^^^^^^^^^^^^^^^^^^^
     |
     = note: this `Result` may be an `Err` variant, which should be handled
help: use `let _ = ...` to ignore the resulting value
     |
3234 |     let _ = first.save_active_character();
     |     +++++++

warning: unused `std::result::Result` that must be used
    --> apps\simulation\src\runtime\tests.rs:3457:5
     |
3457 |     alpha.save_active_character();
     |     ^^^^^^^^^^^^^^^^^^^^^^^^^^^^^
     |
     = note: this `Result` may be an `Err` variant, which should be handled
help: use `let _ = ...` to ignore the resulting value
     |
3457 |     let _ = alpha.save_active_character();
     |     +++++++

warning: unused `std::result::Result` that must be used
    --> apps\simulation\src\runtime\tests.rs:3458:5
     |
3458 |     beta.save_active_character();
     |     ^^^^^^^^^^^^^^^^^^^^^^^^^^^^
     |
     = note: this `Result` may be an `Err` variant, which should be handled
help: use `let _ = ...` to ignore the resulting value
     |
3458 |     let _ = beta.save_active_character();
     |     +++++++

warning: unused `std::result::Result` that must be used
    --> apps\simulation\src\runtime\tests.rs:6656:5
     |
6656 |     session.save_active_character();
     |     ^^^^^^^^^^^^^^^^^^^^^^^^^^^^^^^
     |
     = note: this `Result` may be an `Err` variant, which should be handled
help: use `let _ = ...` to ignore the resulting value
     |
6656 |     let _ = session.save_active_character();
     |     +++++++

warning: unused `std::result::Result` that must be used
     --> apps\simulation\src\runtime\tests.rs:28407:5
      |
28407 |     session.save_active_character();
      |     ^^^^^^^^^^^^^^^^^^^^^^^^^^^^^^^
      |
      = note: this `Result` may be an `Err` variant, which should be handled
help: use `let _ = ...` to ignore the resulting value
      |
28407 |     let _ = session.save_active_character();
      |     +++++++

warning: unused `std::result::Result` that must be used
     --> apps\simulation\src\runtime\tests.rs:29395:5
      |
29395 |     first.save_active_character();
      |     ^^^^^^^^^^^^^^^^^^^^^^^^^^^^^
      |
      = note: this `Result` may be an `Err` variant, which should be handled
help: use `let _ = ...` to ignore the resulting value
      |
29395 |     let _ = first.save_active_character();
      |     +++++++

warning: unused `std::result::Result` that must be used
     --> apps\simulation\src\runtime\tests.rs:30423:5
      |
30423 |     first.save_active_character();
      |     ^^^^^^^^^^^^^^^^^^^^^^^^^^^^^
      |
      = note: this `Result` may be an `Err` variant, which should be handled
help: use `let _ = ...` to ignore the resulting value
      |
30423 |     let _ = first.save_active_character();
      |     +++++++

warning: unused `std::result::Result` that must be used
     --> apps\simulation\src\runtime\tests.rs:32315:5
      |
32315 |     first.save_active_character();
      |     ^^^^^^^^^^^^^^^^^^^^^^^^^^^^^
      |
      = note: this `Result` may be an `Err` variant, which should be handled
help: use `let _ = ...` to ignore the resulting value
      |
32315 |     let _ = first.save_active_character();
      |     +++++++

warning: unused `std::result::Result` that must be used
     --> apps\simulation\src\runtime\tests.rs:35470:5
      |
35470 |     session.save_active_character();
      |     ^^^^^^^^^^^^^^^^^^^^^^^^^^^^^^^
      |
      = note: this `Result` may be an `Err` variant, which should be handled
help: use `let _ = ...` to ignore the resulting value
      |
35470 |     let _ = session.save_active_character();
      |     +++++++

warning: unused `std::result::Result` that must be used
     --> apps\simulation\src\runtime\tests.rs:42392:5
      |
42392 |     session.save_active_character();
      |     ^^^^^^^^^^^^^^^^^^^^^^^^^^^^^^^
      |
      = note: this `Result` may be an `Err` variant, which should be handled
help: use `let _ = ...` to ignore the resulting value
      |
42392 |     let _ = session.save_active_character();
      |     +++++++

warning: unused `std::result::Result` that must be used
     --> apps\simulation\src\runtime\tests.rs:42717:5
      |
42717 |     session.save_active_character();
      |     ^^^^^^^^^^^^^^^^^^^^^^^^^^^^^^^
      |
      = note: this `Result` may be an `Err` variant, which should be handled
help: use `let _ = ...` to ignore the resulting value
      |
42717 |     let _ = session.save_active_character();
      |     +++++++

warning: unused `std::result::Result` that must be used
     --> apps\simulation\src\runtime\tests.rs:56439:5
      |
56439 |     session.save_active_character();
      |     ^^^^^^^^^^^^^^^^^^^^^^^^^^^^^^^
      |
      = note: this `Result` may be an `Err` variant, which should be handled
help: use `let _ = ...` to ignore the resulting value
      |
56439 |     let _ = session.save_active_character();
      |     +++++++

warning: unused `std::result::Result` that must be used
     --> apps\simulation\src\runtime\tests.rs:57541:5
      |
57541 |     session.save_active_character();
      |     ^^^^^^^^^^^^^^^^^^^^^^^^^^^^^^^
      |
      = note: this `Result` may be an `Err` variant, which should be handled
help: use `let _ = ...` to ignore the resulting value
      |
57541 |     let _ = session.save_active_character();
      |     +++++++

warning: unused `std::result::Result` that must be used
     --> apps\simulation\src\runtime\tests.rs:59093:5
      |
59093 |     session.save_active_character();
      |     ^^^^^^^^^^^^^^^^^^^^^^^^^^^^^^^
      |
      = note: this `Result` may be an `Err` variant, which should be handled
help: use `let _ = ...` to ignore the resulting value
      |
59093 |     let _ = session.save_active_character();
      |     +++++++

warning: unused `std::result::Result` that must be used
     --> apps\simulation\src\runtime\tests.rs:61018:5
      |
61018 |     first.save_active_character();
      |     ^^^^^^^^^^^^^^^^^^^^^^^^^^^^^
      |
      = note: this `Result` may be an `Err` variant, which should be handled
help: use `let _ = ...` to ignore the resulting value
      |
61018 |     let _ = first.save_active_character();
      |     +++++++

warning: unused `std::result::Result` that must be used
     --> apps\simulation\src\runtime\tests.rs:62680:5
      |
62680 |     session.save_active_character();
      |     ^^^^^^^^^^^^^^^^^^^^^^^^^^^^^^^
      |
      = note: this `Result` may be an `Err` variant, which should be handled
help: use `let _ = ...` to ignore the resulting value
      |
62680 |     let _ = session.save_active_character();
      |     +++++++

warning: unused `std::result::Result` that must be used
     --> apps\simulation\src\runtime\tests.rs:63024:5
      |
63024 |     sender.save_active_character();
      |     ^^^^^^^^^^^^^^^^^^^^^^^^^^^^^^
      |
      = note: this `Result` may be an `Err` variant, which should be handled
help: use `let _ = ...` to ignore the resulting value
      |
63024 |     let _ = sender.save_active_character();
      |     +++++++

warning: unused `std::result::Result` that must be used
     --> apps\simulation\src\runtime\tests.rs:63458:5
      |
63458 |     first.save_active_character();
      |     ^^^^^^^^^^^^^^^^^^^^^^^^^^^^^
      |
      = note: this `Result` may be an `Err` variant, which should be handled
help: use `let _ = ...` to ignore the resulting value
      |
63458 |     let _ = first.save_active_character();
      |     +++++++

warning: unused `std::result::Result` that must be used
     --> apps\simulation\src\runtime\tests.rs:63657:5
      |
63657 |     recipient.save_active_character();
      |     ^^^^^^^^^^^^^^^^^^^^^^^^^^^^^^^^^
      |
      = note: this `Result` may be an `Err` variant, which should be handled
help: use `let _ = ...` to ignore the resulting value
      |
63657 |     let _ = recipient.save_active_character();
      |     +++++++

warning: unused `std::result::Result` that must be used
     --> apps\simulation\src\runtime\tests.rs:63775:5
      |
63775 |     recipient.save_active_character();
      |     ^^^^^^^^^^^^^^^^^^^^^^^^^^^^^^^^^
      |
      = note: this `Result` may be an `Err` variant, which should be handled
help: use `let _ = ...` to ignore the resulting value
      |
63775 |     let _ = recipient.save_active_character();
      |     +++++++

warning: unused `std::result::Result` that must be used
     --> apps\simulation\src\runtime\tests.rs:64176:5
      |
64176 |     recipient.save_active_character();
      |     ^^^^^^^^^^^^^^^^^^^^^^^^^^^^^^^^^
      |
      = note: this `Result` may be an `Err` variant, which should be handled
help: use `let _ = ...` to ignore the resulting value
      |
64176 |     let _ = recipient.save_active_character();
      |     +++++++

warning: unused `std::result::Result` that must be used
     --> apps\simulation\src\runtime\tests.rs:64227:5
      |
64227 |     recipient.save_active_character();
      |     ^^^^^^^^^^^^^^^^^^^^^^^^^^^^^^^^^
      |
      = note: this `Result` may be an `Err` variant, which should be handled
help: use `let _ = ...` to ignore the resulting value
      |
64227 |     let _ = recipient.save_active_character();
      |     +++++++

warning: unused `std::result::Result` that must be used
     --> apps\simulation\src\runtime\tests.rs:64237:5
      |
64237 |     recipient.save_active_character();
      |     ^^^^^^^^^^^^^^^^^^^^^^^^^^^^^^^^^
      |
      = note: this `Result` may be an `Err` variant, which should be handled
help: use `let _ = ...` to ignore the resulting value
      |
64237 |     let _ = recipient.save_active_character();
      |     +++++++

warning: unused `std::result::Result` that must be used
     --> apps\simulation\src\runtime\tests.rs:65435:5
      |
65435 |     first.save_active_character();
      |     ^^^^^^^^^^^^^^^^^^^^^^^^^^^^^
      |
      = note: this `Result` may be an `Err` variant, which should be handled
help: use `let _ = ...` to ignore the resulting value
      |
65435 |     let _ = first.save_active_character();
      |     +++++++

warning: unused `std::result::Result` that must be used
     --> apps\simulation\src\runtime\tests.rs:66559:5
      |
66559 |     session.save_active_character();
      |     ^^^^^^^^^^^^^^^^^^^^^^^^^^^^^^^
      |
      = note: this `Result` may be an `Err` variant, which should be handled
help: use `let _ = ...` to ignore the resulting value
      |
66559 |     let _ = session.save_active_character();
      |     +++++++

warning: unused `std::result::Result` that must be used
     --> apps\simulation\src\runtime\tests.rs:70015:5
      |
70015 |     first.save_active_character();
      |     ^^^^^^^^^^^^^^^^^^^^^^^^^^^^^
      |
      = note: this `Result` may be an `Err` variant, which should be handled
help: use `let _ = ...` to ignore the resulting value
      |
70015 |     let _ = first.save_active_character();
      |     +++++++

warning: unused `std::result::Result` that must be used
    --> apps\simulation\src\runtime\stage5.rs:2694:9
     |
2694 |         session_a.save_active_character();
     |         ^^^^^^^^^^^^^^^^^^^^^^^^^^^^^^^^^
     |
     = note: this `Result` may be an `Err` variant, which should be handled
help: use `let _ = ...` to ignore the resulting value
     |
2694 |         let _ = session_a.save_active_character();
     |         +++++++

warning: `mir2-simulation` (lib) generated 74 warnings (run `cargo fix --lib -p mir2-simulation` to apply 7 suggestions)
warning: `mir2-simulation` (lib test) generated 85 warnings (29 duplicates) (run `cargo fix --lib -p mir2-simulation --tests` to apply 1 suggestion)
warning: function `fixture` is never used
  --> apps\simulation\tests\shared_monster_pet_special_ai.rs:68:4
   |
68 | fn fixture(id: u32, ai: u8, hp: i32, name: &str) -> ZoneRuntime {
   |    ^^^^^^^
   |
   = note: `#[warn(dead_code)]` (part of `#[warn(unused)]`) on by default

warning: unused `Result` that must be used
   --> apps\simulation\tests\platinum_176_progression.rs:898:5
    |
898 |     first.save_active_character();
    |     ^^^^^^^^^^^^^^^^^^^^^^^^^^^^^
    |
    = note: this `Result` may be an `Err` variant, which should be handled
    = note: `#[warn(unused_must_use)]` (part of `#[warn(unused)]`) on by default
help: use `let _ = ...` to ignore the resulting value
    |
898 |     let _ = first.save_active_character();
    |     +++++++

warning: function `join` is never used
  --> apps\simulation\tests\shared_monster_snake_totem_ai.rs:10:4
   |
10 | fn join(z: &mut ZoneRuntime, name: &str, id: u32, pos: Point, dc: i32) {
   |    ^^^^
   |
   = note: `#[warn(dead_code)]` (part of `#[warn(unused)]`) on by default

warning: function `fixture` is never used
  --> apps\simulation\tests\shared_monster_snake_totem_ai.rs:68:4
   |
68 | fn fixture(id: u32, ai: u8, hp: i32, name: &str) -> ZoneRuntime {
   |    ^^^^^^^

warning: `mir2-simulation` (test "shared_monster_pet_special_ai") generated 1 warning
warning: `mir2-simulation` (test "platinum_176_progression") generated 1 warning
warning: `mir2-simulation` (test "shared_monster_snake_totem_ai") generated 2 warnings
warning: unused `Result` that must be used
    --> apps\simulation\tests\hero_ai.rs:1010:5
     |
1010 |     session.save_active_character();
     |     ^^^^^^^^^^^^^^^^^^^^^^^^^^^^^^^
     |
     = note: this `Result` may be an `Err` variant, which should be handled
     = note: `#[warn(unused_must_use)]` (part of `#[warn(unused)]`) on by default
help: use `let _ = ...` to ignore the resulting value
     |
1010 |     let _ = session.save_active_character();
     |     +++++++

warning: `mir2-simulation` (test "hero_ai") generated 1 warning
    Finished `test` profile [unoptimized + debuginfo] target(s) in 0.28s
     Running unittests src\lib.rs (C:/mir2-build/gateway-r48-tests\debug\deps\mir2_simulation-912d116504732e40.exe)

running 1 test
test runtime::session::tests::take_back_hero_item_returns_to_player_bag_slot ... ok

test result: ok. 1 passed; 0 failed; 0 ignored; 0 measured; 1833 filtered out; finished in 0.81s

     Running unittests src\bin\zone_replay.rs (C:/mir2-build/gateway-r48-tests\debug\deps\zone_replay-af9eec6cb96657d5.exe)

running 0 tests

test result: ok. 0 passed; 0 failed; 0 ignored; 0 measured; 0 filtered out; finished in 0.00s

     Running tests\big_map.rs (C:/mir2-build/gateway-r48-tests\debug\deps\big_map-44997bcbd8c3a6d5.exe)

running 0 tests

test result: ok. 0 passed; 0 failed; 0 ignored; 0 measured; 7 filtered out; finished in 0.00s

     Running tests\character_wings.rs (C:/mir2-build/gateway-r48-tests\debug\deps\character_wings-94cffbef6da60af9.exe)

running 0 tests

test result: ok. 0 passed; 0 failed; 0 ignored; 0 measured; 5 filtered out; finished in 0.00s

     Running tests\crystal_map_events.rs (C:/mir2-build/gateway-r48-tests\debug\deps\crystal_map_events-c7308046ca8367c4.exe)

running 0 tests

test result: ok. 0 passed; 0 failed; 0 ignored; 0 measured; 1 filtered out; finished in 0.00s

     Running tests\crystal_map_hazards.rs (C:/mir2-build/gateway-r48-tests\debug\deps\crystal_map_hazards-837bd36b9a7f77fa.exe)

running 0 tests

test result: ok. 0 passed; 0 failed; 0 ignored; 0 measured; 3 filtered out; finished in 0.00s

     Running tests\crystal_scroll_teleport.rs (C:/mir2-build/gateway-r48-tests\debug\deps\crystal_scroll_teleport-0bea494109d2f129.exe)

running 0 tests

test result: ok. 0 passed; 0 failed; 0 ignored; 0 measured; 2 filtered out; finished in 0.00s

     Running tests\friends_authority.rs (C:/mir2-build/gateway-r48-tests\debug\deps\friends_authority-52da184daa0868ec.exe)

running 0 tests

test result: ok. 0 passed; 0 failed; 0 ignored; 0 measured; 6 filtered out; finished in 0.00s

     Running tests\great_fox_spirit_recall.rs (C:/mir2-build/gateway-r48-tests\debug\deps\great_fox_spirit_recall-b3694e7f981150c8.exe)

running 0 tests

test result: ok. 0 passed; 0 failed; 0 ignored; 0 measured; 2 filtered out; finished in 0.00s

     Running tests\hero_ai.rs (C:/mir2-build/gateway-r48-tests\debug\deps\hero_ai-25eb943f18276244.exe)

running 0 tests

test result: ok. 0 passed; 0 failed; 0 ignored; 0 measured; 28 filtered out; finished in 0.00s

     Running tests\intelligent_creature_authority.rs (C:/mir2-build/gateway-r48-tests\debug\deps\intelligent_creature_authority-17bb8a3e2409487d.exe)

running 0 tests

test result: ok. 0 passed; 0 failed; 0 ignored; 0 measured; 8 filtered out; finished in 0.00s

     Running tests\item_stack_images.rs (C:/mir2-build/gateway-r48-tests\debug\deps\item_stack_images-72c6c602856db963.exe)

running 0 tests

test result: ok. 0 passed; 0 failed; 0 ignored; 0 measured; 4 filtered out; finished in 0.00s

     Running tests\login_notice.rs (C:/mir2-build/gateway-r48-tests\debug\deps\login_notice-765dc4f25ba1754e.exe)

running 0 tests

test result: ok. 0 passed; 0 failed; 0 ignored; 0 measured; 3 filtered out; finished in 0.00s

     Running tests\mail_status_transactions.rs (C:/mir2-build/gateway-r48-tests\debug\deps\mail_status_transactions-06a979999c07c58e.exe)

running 0 tests

test result: ok. 0 passed; 0 failed; 0 ignored; 0 measured; 4 filtered out; finished in 0.00s

     Running tests\map_coordinate_events.rs (C:/mir2-build/gateway-r48-tests\debug\deps\map_coordinate_events-04dca17bbf0f2238.exe)

running 0 tests

test result: ok. 0 passed; 0 failed; 0 ignored; 0 measured; 3 filtered out; finished in 0.00s

     Running tests\map_event_binding_e1.rs (C:/mir2-build/gateway-r48-tests\debug\deps\map_event_binding_e1-4812b5083a8d3de7.exe)

running 0 tests

test result: ok. 0 passed; 0 failed; 0 ignored; 0 measured; 3 filtered out; finished in 0.00s

     Running tests\market_refine_custody.rs (C:/mir2-build/gateway-r48-tests\debug\deps\market_refine_custody-a73463d808a47e9e.exe)

running 0 tests

test result: ok. 0 passed; 0 failed; 0 ignored; 0 measured; 9 filtered out; finished in 0.00s

     Running tests\marriage_authority.rs (C:/mir2-build/gateway-r48-tests\debug\deps\marriage_authority-2dee3cba2cea6b7a.exe)

running 0 tests

test result: ok. 0 passed; 0 failed; 0 ignored; 0 measured; 2 filtered out; finished in 0.00s

     Running tests\mentor_authority.rs (C:/mir2-build/gateway-r48-tests\debug\deps\mentor_authority-1679a6117e629f4e.exe)

running 0 tests

test result: ok. 0 passed; 0 failed; 0 ignored; 0 measured; 5 filtered out; finished in 0.00s

     Running tests\native_startup_contract.rs (C:/mir2-build/gateway-r48-tests\debug\deps\native_startup_contract-b023e49bd193c6b1.exe)

running 0 tests

test result: ok. 0 passed; 0 failed; 0 ignored; 0 measured; 1 filtered out; finished in 0.00s

     Running tests\newcomer_progression_persistence.rs (C:/mir2-build/gateway-r48-tests\debug\deps\newcomer_progression_persistence-1e66095583f2e599.exe)

running 0 tests

test result: ok. 0 passed; 0 failed; 0 ignored; 0 measured; 3 filtered out; finished in 0.00s

     Running tests\ordinary_candidate_loop.rs (C:/mir2-build/gateway-r48-tests\debug\deps\ordinary_candidate_loop-2a78f84d146c03a3.exe)

running 0 tests

test result: ok. 0 passed; 0 failed; 0 ignored; 0 measured; 2 filtered out; finished in 0.00s

     Running tests\platinum_176_combat_milestones.rs (C:/mir2-build/gateway-r48-tests\debug\deps\platinum_176_combat_milestones-abe7526063841e30.exe)

running 0 tests

test result: ok. 0 passed; 0 failed; 0 ignored; 0 measured; 1 filtered out; finished in 0.00s

     Running tests\platinum_176_party_boss.rs (C:/mir2-build/gateway-r48-tests\debug\deps\platinum_176_party_boss-6f47c350f991a3cf.exe)

running 0 tests

test result: ok. 0 passed; 0 failed; 0 ignored; 0 measured; 1 filtered out; finished in 0.00s

     Running tests\platinum_176_progression.rs (C:/mir2-build/gateway-r48-tests\debug\deps\platinum_176_progression-4c56d241d284979d.exe)

running 0 tests

test result: ok. 0 passed; 0 failed; 0 ignored; 0 measured; 10 filtered out; finished in 0.00s

     Running tests\quest_agent_respawns.rs (C:/mir2-build/gateway-r48-tests\debug\deps\quest_agent_respawns-bec7c3af2fe47d09.exe)

running 0 tests

test result: ok. 0 passed; 0 failed; 0 ignored; 0 measured; 3 filtered out; finished in 0.00s

     Running tests\quest_agent_special_scripts.rs (C:/mir2-build/gateway-r48-tests\debug\deps\quest_agent_special_scripts-823db9e6088511e4.exe)

running 0 tests

test result: ok. 0 passed; 0 failed; 0 ignored; 0 measured; 1 filtered out; finished in 0.00s

     Running tests\quest_icons.rs (C:/mir2-build/gateway-r48-tests\debug\deps\quest_icons-facd26b3d2f02c34.exe)

running 0 tests

test result: ok. 0 passed; 0 failed; 0 ignored; 0 measured; 1 filtered out; finished in 0.00s

     Running tests\quest_recurrence_persistence.rs (C:/mir2-build/gateway-r48-tests\debug\deps\quest_recurrence_persistence-75bfcf1ceb7a34f6.exe)

running 0 tests

test result: ok. 0 passed; 0 failed; 0 ignored; 0 measured; 3 filtered out; finished in 0.00s

     Running tests\ranking.rs (C:/mir2-build/gateway-r48-tests\debug\deps\ranking-5f2192fa2f88d8f2.exe)

running 0 tests

test result: ok. 0 passed; 0 failed; 0 ignored; 0 measured; 1 filtered out; finished in 0.00s

     Running tests\ranking_shared_presence.rs (C:/mir2-build/gateway-r48-tests\debug\deps\ranking_shared_presence-f62c53887b20c0a9.exe)

running 0 tests

test result: ok. 0 passed; 0 failed; 0 ignored; 0 measured; 2 filtered out; finished in 0.00s

     Running tests\refine_oven_custody.rs (C:/mir2-build/gateway-r48-tests\debug\deps\refine_oven_custody-cc0417da57589381.exe)

running 0 tests

test result: ok. 0 passed; 0 failed; 0 ignored; 0 measured; 10 filtered out; finished in 0.00s

     Running tests\replica_recovery_config.rs (C:/mir2-build/gateway-r48-tests\debug\deps\replica_recovery_config-2d696fa1c7757f09.exe)

running 0 tests

test result: ok. 0 passed; 0 failed; 0 ignored; 0 measured; 1 filtered out; finished in 0.00s

     Running tests\retained_bootstrap.rs (C:/mir2-build/gateway-r48-tests\debug\deps\retained_bootstrap-f78de17c0fe101fc.exe)

running 0 tests

test result: ok. 0 passed; 0 failed; 0 ignored; 0 measured; 3 filtered out; finished in 0.00s

     Running tests\save_failure_propagation.rs (C:/mir2-build/gateway-r48-tests\debug\deps\save_failure_propagation-c9e0d61eda5a647b.exe)

running 0 tests

test result: ok. 0 passed; 0 failed; 0 ignored; 0 measured; 2 filtered out; finished in 0.00s

     Running tests\security_lifecycle.rs (C:/mir2-build/gateway-r48-tests\debug\deps\security_lifecycle-15e3f959d64720bc.exe)

running 0 tests

test result: ok. 0 passed; 0 failed; 0 ignored; 0 measured; 20 filtered out; finished in 0.00s

     Running tests\shared_entity_combat.rs (C:/mir2-build/gateway-r48-tests\debug\deps\shared_entity_combat-06d9af04401a43b3.exe)

running 0 tests

test result: ok. 0 passed; 0 failed; 0 ignored; 0 measured; 4 filtered out; finished in 0.00s

     Running tests\shared_monster_armadillo_ai.rs (C:/mir2-build/gateway-r48-tests\debug\deps\shared_monster_armadillo_ai-f8cc16605bcf9283.exe)

running 0 tests

test result: ok. 0 passed; 0 failed; 0 ignored; 0 measured; 6 filtered out; finished in 0.00s

     Running tests\shared_monster_evil_mir_ai.rs (C:/mir2-build/gateway-r48-tests\debug\deps\shared_monster_evil_mir_ai-a853c73e27c33325.exe)

running 0 tests

test result: ok. 0 passed; 0 failed; 0 ignored; 0 measured; 9 filtered out; finished in 0.00s

     Running tests\shared_monster_football_ai.rs (C:/mir2-build/gateway-r48-tests\debug\deps\shared_monster_football_ai-c87486580a7ce9a4.exe)

running 0 tests

test result: ok. 0 passed; 0 failed; 0 ignored; 0 measured; 4 filtered out; finished in 0.00s

     Running tests\shared_monster_gate_ai.rs (C:/mir2-build/gateway-r48-tests\debug\deps\shared_monster_gate_ai-393cfbedfc7c21af.exe)

running 0 tests

test result: ok. 0 passed; 0 failed; 0 ignored; 0 measured; 2 filtered out; finished in 0.00s

     Running tests\shared_monster_great_fox_ai.rs (C:/mir2-build/gateway-r48-tests\debug\deps\shared_monster_great_fox_ai-dbcd291900673251.exe)

running 0 tests

test result: ok. 0 passed; 0 failed; 0 ignored; 0 measured; 15 filtered out; finished in 0.00s

     Running tests\shared_monster_hell_ai.rs (C:/mir2-build/gateway-r48-tests\debug\deps\shared_monster_hell_ai-37fb5c5cb0a481ea.exe)

running 0 tests

test result: ok. 0 passed; 0 failed; 0 ignored; 0 measured; 17 filtered out; finished in 0.00s

     Running tests\shared_monster_horned_ai.rs (C:/mir2-build/gateway-r48-tests\debug\deps\shared_monster_horned_ai-ba8424ef38f1ff79.exe)

running 0 tests

test result: ok. 0 passed; 0 failed; 0 ignored; 0 measured; 11 filtered out; finished in 0.00s

     Running tests\shared_monster_horned_encounter_ai.rs (C:/mir2-build/gateway-r48-tests\debug\deps\shared_monster_horned_encounter_ai-6838b02da5392b4e.exe)

running 0 tests

test result: ok. 0 passed; 0 failed; 0 ignored; 0 measured; 11 filtered out; finished in 0.00s

     Running tests\shared_monster_hugger_ai.rs (C:/mir2-build/gateway-r48-tests\debug\deps\shared_monster_hugger_ai-68a41d1f60ffad8d.exe)

running 0 tests

test result: ok. 0 passed; 0 failed; 0 ignored; 0 measured; 11 filtered out; finished in 0.00s

     Running tests\shared_monster_kirin_snow_ai.rs (C:/mir2-build/gateway-r48-tests\debug\deps\shared_monster_kirin_snow_ai-a7c5a614cbf2e5e4.exe)

running 0 tests

test result: ok. 0 passed; 0 failed; 0 ignored; 0 measured; 9 filtered out; finished in 0.00s

     Running tests\shared_monster_meow_ai.rs (C:/mir2-build/gateway-r48-tests\debug\deps\shared_monster_meow_ai-c1e08d47b28c7640.exe)

running 0 tests

test result: ok. 0 passed; 0 failed; 0 ignored; 0 measured; 7 filtered out; finished in 0.00s

     Running tests\shared_monster_mud_boulder_ai.rs (C:/mir2-build/gateway-r48-tests\debug\deps\shared_monster_mud_boulder_ai-be59a5f7c5263618.exe)

running 0 tests

test result: ok. 0 passed; 0 failed; 0 ignored; 0 measured; 16 filtered out; finished in 0.00s

     Running tests\shared_monster_node_ai.rs (C:/mir2-build/gateway-r48-tests\debug\deps\shared_monster_node_ai-eb8fb3d6a87f2629.exe)

running 0 tests

test result: ok. 0 passed; 0 failed; 0 ignored; 0 measured; 2 filtered out; finished in 0.00s

     Running tests\shared_monster_passive_ai.rs (C:/mir2-build/gateway-r48-tests\debug\deps\shared_monster_passive_ai-0cfd49a9cc33879f.exe)

running 0 tests

test result: ok. 0 passed; 0 failed; 0 ignored; 0 measured; 3 filtered out; finished in 0.00s

     Running tests\shared_monster_pet_special_ai.rs (C:/mir2-build/gateway-r48-tests\debug\deps\shared_monster_pet_special_ai-d40e2010e1206c0b.exe)

running 0 tests

test result: ok. 0 passed; 0 failed; 0 ignored; 0 measured; 3 filtered out; finished in 0.00s

     Running tests\shared_monster_reactive_ai.rs (C:/mir2-build/gateway-r48-tests\debug\deps\shared_monster_reactive_ai-0e6ba0829c53196c.exe)

running 0 tests

test result: ok. 0 passed; 0 failed; 0 ignored; 0 measured; 11 filtered out; finished in 0.00s

     Running tests\shared_monster_revival_ai.rs (C:/mir2-build/gateway-r48-tests\debug\deps\shared_monster_revival_ai-aaf8790cec436dc4.exe)

running 0 tests

test result: ok. 0 passed; 0 failed; 0 ignored; 0 measured; 8 filtered out; finished in 0.00s

     Running tests\shared_monster_shinsu_ai.rs (C:/mir2-build/gateway-r48-tests\debug\deps\shared_monster_shinsu_ai-7cee20d9a05da8be.exe)

running 0 tests

test result: ok. 0 passed; 0 failed; 0 ignored; 0 measured; 4 filtered out; finished in 0.00s

     Running tests\shared_monster_sleep_ai.rs (C:/mir2-build/gateway-r48-tests\debug\deps\shared_monster_sleep_ai-5978304c6a4d0c88.exe)

running 0 tests

test result: ok. 0 passed; 0 failed; 0 ignored; 0 measured; 5 filtered out; finished in 0.00s

     Running tests\shared_monster_snake_totem_ai.rs (C:/mir2-build/gateway-r48-tests\debug\deps\shared_monster_snake_totem_ai-21e41c43365115ac.exe)

running 0 tests

test result: ok. 0 passed; 0 failed; 0 ignored; 0 measured; 3 filtered out; finished in 0.00s

     Running tests\shared_monster_special_ai.rs (C:/mir2-build/gateway-r48-tests\debug\deps\shared_monster_special_ai-0c932222817b3624.exe)

running 0 tests

test result: ok. 0 passed; 0 failed; 0 ignored; 0 measured; 4 filtered out; finished in 0.00s

     Running tests\shared_monster_spider_ai.rs (C:/mir2-build/gateway-r48-tests\debug\deps\shared_monster_spider_ai-cbc25cc9da8b2c53.exe)

running 0 tests

test result: ok. 0 passed; 0 failed; 0 ignored; 0 measured; 17 filtered out; finished in 0.00s

     Running tests\shared_monster_stage_summons.rs (C:/mir2-build/gateway-r48-tests\debug\deps\shared_monster_stage_summons-01803d7429cc16fc.exe)

running 0 tests

test result: ok. 0 passed; 0 failed; 0 ignored; 0 measured; 4 filtered out; finished in 0.00s

     Running tests\shared_monster_statue_centipede_ai.rs (C:/mir2-build/gateway-r48-tests\debug\deps\shared_monster_statue_centipede_ai-cb74b253b4f92be6.exe)

running 0 tests

test result: ok. 0 passed; 0 failed; 0 ignored; 0 measured; 4 filtered out; finished in 0.00s

     Running tests\shared_monster_stone_trap_ai.rs (C:/mir2-build/gateway-r48-tests\debug\deps\shared_monster_stone_trap_ai-2e1c0c7758ed95da.exe)

running 0 tests

test result: ok. 0 passed; 0 failed; 0 ignored; 0 measured; 5 filtered out; finished in 0.00s

     Running tests\shared_monster_thunder_ai.rs (C:/mir2-build/gateway-r48-tests\debug\deps\shared_monster_thunder_ai-f968dc53f96dfe95.exe)

running 0 tests

test result: ok. 0 passed; 0 failed; 0 ignored; 0 measured; 5 filtered out; finished in 0.00s

     Running tests\shared_monster_town_archer_ai.rs (C:/mir2-build/gateway-r48-tests\debug\deps\shared_monster_town_archer_ai-ada8f529b4353fc1.exe)

running 0 tests

test result: ok. 0 passed; 0 failed; 0 ignored; 0 measured; 4 filtered out; finished in 0.00s

     Running tests\shared_monster_trap_rock_ai.rs (C:/mir2-build/gateway-r48-tests\debug\deps\shared_monster_trap_rock_ai-5a5a984ef855f3ef.exe)

running 0 tests

test result: ok. 0 passed; 0 failed; 0 ignored; 0 measured; 1 filtered out; finished in 0.00s

     Running tests\shared_monster_tree_queen_ai.rs (C:/mir2-build/gateway-r48-tests\debug\deps\shared_monster_tree_queen_ai-4b7f6d8aa8d0f3ac.exe)

running 0 tests

test result: ok. 0 passed; 0 failed; 0 ignored; 0 measured; 7 filtered out; finished in 0.00s

     Running tests\shared_monster_tucson_ai.rs (C:/mir2-build/gateway-r48-tests\debug\deps\shared_monster_tucson_ai-b985c0df9eb665a4.exe)

running 0 tests

test result: ok. 0 passed; 0 failed; 0 ignored; 0 measured; 7 filtered out; finished in 0.00s

     Running tests\shared_monster_vampire_ai.rs (C:/mir2-build/gateway-r48-tests\debug\deps\shared_monster_vampire_ai-b81e96e9a406405f.exe)

running 0 tests

test result: ok. 0 passed; 0 failed; 0 ignored; 0 measured; 3 filtered out; finished in 0.00s

     Running tests\shared_monster_visibility_ai.rs (C:/mir2-build/gateway-r48-tests\debug\deps\shared_monster_visibility_ai-5cad60e17b9f8872.exe)

running 0 tests

test result: ok. 0 passed; 0 failed; 0 ignored; 0 measured; 8 filtered out; finished in 0.00s

     Running tests\shared_monster_yimoogi_ai.rs (C:/mir2-build/gateway-r48-tests\debug\deps\shared_monster_yimoogi_ai-185d33d272bbc50f.exe)

running 0 tests

test result: ok. 0 passed; 0 failed; 0 ignored; 0 measured; 8 filtered out; finished in 0.00s

     Running tests\shared_player_damage_settlement.rs (C:/mir2-build/gateway-r48-tests\debug\deps\shared_player_damage_settlement-750e40d06ba2cb8e.exe)

running 0 tests

test result: ok. 0 passed; 0 failed; 0 ignored; 0 measured; 11 filtered out; finished in 0.00s

     Running tests\shared_player_death_zone.rs (C:/mir2-build/gateway-r48-tests\debug\deps\shared_player_death_zone-439ab5da84673304.exe)

running 0 tests

test result: ok. 0 passed; 0 failed; 0 ignored; 0 measured; 4 filtered out; finished in 0.00s

     Running tests\shared_player_vital_transfer.rs (C:/mir2-build/gateway-r48-tests\debug\deps\shared_player_vital_transfer-03f2c4776823416b.exe)

running 0 tests

test result: ok. 0 passed; 0 failed; 0 ignored; 0 measured; 4 filtered out; finished in 0.00s

     Running tests\shared_trade_completion.rs (C:/mir2-build/gateway-r48-tests\debug\deps\shared_trade_completion-33659f283203c1cb.exe)

running 0 tests

test result: ok. 0 passed; 0 failed; 0 ignored; 0 measured; 6 filtered out; finished in 0.00s

     Running tests\shared_trade_gold.rs (C:/mir2-build/gateway-r48-tests\debug\deps\shared_trade_gold-c362b53820530c59.exe)

running 0 tests

test result: ok. 0 passed; 0 failed; 0 ignored; 0 measured; 12 filtered out; finished in 0.00s

     Running tests\shared_zone.rs (C:/mir2-build/gateway-r48-tests\debug\deps\shared_zone-434af2e877a68d66.exe)

running 0 tests

test result: ok. 0 passed; 0 failed; 0 ignored; 0 measured; 205 filtered out; finished in 0.00s

     Running tests\shared_zone_melee_mana.rs (C:/mir2-build/gateway-r48-tests\debug\deps\shared_zone_melee_mana-2f4b9ceaf06b2111.exe)

running 0 tests

test result: ok. 0 passed; 0 failed; 0 ignored; 0 measured; 3 filtered out; finished in 0.00s

     Running tests\shared_zone_self_magic.rs (C:/mir2-build/gateway-r48-tests\debug\deps\shared_zone_self_magic-2634db73b1688547.exe)

running 0 tests

test result: ok. 0 passed; 0 failed; 0 ignored; 0 measured; 4 filtered out; finished in 0.00s

     Running tests\social_economy_integration.rs (C:/mir2-build/gateway-r48-tests\debug\deps\social_economy_integration-a478ab8b67255551.exe)

running 0 tests

test result: ok. 0 passed; 0 failed; 0 ignored; 0 measured; 3 filtered out; finished in 0.00s

     Running tests\storage_request_id.rs (C:/mir2-build/gateway-r48-tests\debug\deps\storage_request_id-bc5ee82aadd67725.exe)

running 0 tests

test result: ok. 0 passed; 0 failed; 0 ignored; 0 measured; 2 filtered out; finished in 0.00s

     Running tests\trade_item_destinations.rs (C:/mir2-build/gateway-r48-tests\debug\deps\trade_item_destinations-196d1fc43243d7f0.exe)

running 0 tests

test result: ok. 0 passed; 0 failed; 0 ignored; 0 measured; 8 filtered out; finished in 0.00s

     Running tests\trade_item_merges.rs (C:/mir2-build/gateway-r48-tests\debug\deps\trade_item_merges-a3c6cf804e726c09.exe)

running 0 tests

test result: ok. 0 passed; 0 failed; 0 ignored; 0 measured; 5 filtered out; finished in 0.00s

     Running tests\user_item_uid_file.rs (C:/mir2-build/gateway-r48-tests\debug\deps\user_item_uid_file-13bd93644b3e1d54.exe)

running 0 tests

test result: ok. 0 passed; 0 failed; 0 ignored; 0 measured; 17 filtered out; finished in 0.00s

     Running tests\vertical_slice.rs (C:/mir2-build/gateway-r48-tests\debug\deps\vertical_slice-4f39a9582ce53114.exe)

running 0 tests

test result: ok. 0 passed; 0 failed; 0 ignored; 0 measured; 13 filtered out; finished in 0.00s

     Running tests\yin_devil_node.rs (C:/mir2-build/gateway-r48-tests\debug\deps\yin_devil_node-03a26260cefcd895.exe)

running 0 tests

test result: ok. 0 passed; 0 failed; 0 ignored; 0 measured; 2 filtered out; finished in 0.00s

     Running tests\zone_replay.rs (C:/mir2-build/gateway-r48-tests\debug\deps\zone_replay-850f80e28ee99a8d.exe)

running 0 tests

test result: ok. 0 passed; 0 failed; 0 ignored; 0 measured; 8 filtered out; finished in 0.00s

